candidate,group,operation,dtype,n,batch,layout,variant,case_id,median_ms,best_ms,mad_ms,samples,loops,status,notes
old_v3,direct,fft,complex64,1024,1,contiguous,,direct_fft_complex64_1024_1_contiguous_,0.0101650327022,0.0100628654443,8.18654508242e-05,7,795,ok,
old_v3,direct,fft,complex64,1024,2,contiguous,,direct_fft_complex64_1024_2_contiguous_,0.0150894794877,0.0148685552491,0.000128945780139,7,832,ok,
old_v3,direct,fft,complex64,1024,8,contiguous,,direct_fft_complex64_1024_8_contiguous_,0.150616820417,0.149811826636,0.000804993781568,7,173,ok,
old_v3,direct,fft,complex64,1024,64,contiguous,,direct_fft_complex64_1024_64_contiguous_,1.01118317848,0.982539818241,0.017475405581,7,22,ok,
old_v3,direct,fft,complex64,1024,256,contiguous,,direct_fft_complex64_1024_256_contiguous_,3.22859019507,3.18554859841,0.0208294950426,7,10,ok,
old_v3,direct,fft,complex64,2048,1,contiguous,,direct_fft_complex64_2048_1_contiguous_,0.0177872754268,0.0176541696337,7.9444906869e-05,7,708,ok,
old_v3,direct,fft,complex64,2048,2,contiguous,,direct_fft_complex64_2048_2_contiguous_,0.0294735712037,0.0291613247957,0.000178384359317,7,471,ok,
old_v3,direct,fft,complex64,2048,8,contiguous,,direct_fft_complex64_2048_8_contiguous_,0.0717122247443,0.070019015111,0.00169320963323,7,200,ok,
old_v3,direct,fft,complex64,2048,64,contiguous,,direct_fft_complex64_2048_64_contiguous_,0.490071048262,0.484408304328,0.0017894024495,7,20,ok,
old_v3,direct,fft,complex64,2048,256,contiguous,,direct_fft_complex64_2048_256_contiguous_,5.1044698339,5.0433856668,0.0285140122287,7,6,ok,
old_v3,direct,fft,complex64,3072,1,contiguous,,direct_fft_complex64_3072_1_contiguous_,0.0230571401136,0.0228922837414,0.000106018375267,7,550,ok,
old_v3,direct,fft,complex64,3072,2,contiguous,,direct_fft_complex64_3072_2_contiguous_,0.0406575348461,0.0399764452595,0.000527249649167,7,200,ok,
old_v3,direct,fft,complex64,3072,8,contiguous,,direct_fft_complex64_3072_8_contiguous_,0.0991751102265,0.0982101302361,0.000825365423225,7,200,ok,
old_v3,direct,fft,complex64,3072,64,contiguous,,direct_fft_complex64_3072_64_contiguous_,0.730225554435,0.705092452699,0.0120072509162,7,20,ok,
old_v3,direct,fft,complex64,3072,256,contiguous,,direct_fft_complex64_3072_256_contiguous_,6.63772260305,6.44921341445,0.0611317809671,7,5,ok,
old_v3,direct,fft,complex64,3584,1,contiguous,,direct_fft_complex64_3584_1_contiguous_,0.0258919367791,0.0254013825895,0.000272530564557,7,507,ok,
old_v3,direct,fft,complex64,3584,2,contiguous,,direct_fft_complex64_3584_2_contiguous_,0.0423947750824,0.04217871523,0.000117520103231,7,200,ok,
old_v3,direct,fft,complex64,3584,8,contiguous,,direct_fft_complex64_3584_8_contiguous_,0.113263537501,0.111427106083,0.000862091617433,7,132,ok,
old_v3,direct,fft,complex64,3584,64,contiguous,,direct_fft_complex64_3584_64_contiguous_,0.85007615271,0.833594903816,0.0164812488947,7,20,ok,
old_v3,direct,fft,complex64,3584,256,contiguous,,direct_fft_complex64_3584_256_contiguous_,7.57761250134,7.37954449141,0.105392246041,7,4,ok,
old_v3,direct,fft,complex64,4095,1,contiguous,,direct_fft_complex64_4095_1_contiguous_,0.0352641363479,0.0350222885584,0.000190310023745,7,381,ok,
old_v3,direct,fft,complex64,4095,2,contiguous,,direct_fft_complex64_4095_2_contiguous_,0.0638307898771,0.0618818448856,0.000523194903508,7,200,ok,
old_v3,direct,fft,complex64,4095,8,contiguous,,direct_fft_complex64_4095_8_contiguous_,0.151563256692,0.149568327171,0.000957006331868,7,156,ok,
old_v3,direct,fft,complex64,4095,64,contiguous,,direct_fft_complex64_4095_64_contiguous_,1.14234639914,1.13580554607,0.00197969493456,7,20,ok,
old_v3,direct,fft,complex64,4095,256,contiguous,,direct_fft_complex64_4095_256_contiguous_,9.26001835614,9.16643432962,0.0310389635464,7,3,ok,
old_v3,direct,fft,complex64,4096,1,contiguous,,direct_fft_complex64_4096_1_contiguous_,0.0330169752203,0.0327036750131,0.000102677447236,7,403,ok,
old_v3,direct,fft,complex64,4096,2,contiguous,,direct_fft_complex64_4096_2_contiguous_,0.0574683846207,0.0572066899622,0.000148080289364,7,200,ok,
old_v3,direct,fft,complex64,4096,8,contiguous,,direct_fft_complex64_4096_8_contiguous_,0.135468147298,0.134702049236,0.000513158102464,7,183,ok,
old_v3,direct,fft,complex64,4096,64,contiguous,,direct_fft_complex64_4096_64_contiguous_,1.00255804718,1.0003959469,0.00216210028157,7,20,ok,
old_v3,direct,fft,complex64,4096,256,contiguous,,direct_fft_complex64_4096_256_contiguous_,8.77377626603,8.65279199206,0.100016972283,7,4,ok,
old_v3,direct,fft,complex64,4097,1,contiguous,,direct_fft_complex64_4097_1_contiguous_,0.155446350864,0.154835736769,0.000610614094783,5,148,ok,
old_v3,direct,fft,complex64,4097,2,contiguous,,direct_fft_complex64_4097_2_contiguous_,0.251866202105,0.250848727489,5.25256524784e-05,5,99,ok,
old_v3,direct,fft,complex64,4097,8,contiguous,,direct_fft_complex64_4097_8_contiguous_,0.434874729343,0.430676405533,0.00314596064317,5,52,ok,
old_v3,direct,fft,complex64,4097,64,contiguous,,direct_fft_complex64_4097_64_contiguous_,3.23974927464,3.01651545504,0.219539548694,5,11,ok,
old_v3,direct,fft,complex64,4097,256,contiguous,,direct_fft_complex64_4097_256_contiguous_,17.9838540498,17.8566239774,0.127230072394,5,1,ok,
old_v3,direct,fft,complex64,4608,1,contiguous,,direct_fft_complex64_4608_1_contiguous_,0.0336785602849,0.0332297600107,0.000163659569807,5,200,ok,
old_v3,direct,fft,complex64,4608,2,contiguous,,direct_fft_complex64_4608_2_contiguous_,0.0581061950652,0.057880920358,1.43249053508e-05,5,200,ok,
old_v3,direct,fft,complex64,4608,8,contiguous,,direct_fft_complex64_4608_8_contiguous_,0.15367033576,0.15227459489,0.00116093116636,5,158,ok,
old_v3,direct,fft,complex64,4608,64,contiguous,,direct_fft_complex64_4608_64_contiguous_,1.22629199759,1.20145690162,0.0113435438834,5,20,ok,
old_v3,direct,fft,complex64,4608,256,contiguous,,direct_fft_complex64_4608_256_contiguous_,9.68871731311,9.62581132383,0.0629059892769,5,3,ok,
old_v3,direct,fft,complex64,8192,1,contiguous,,direct_fft_complex64_8192_1_contiguous_,0.0709793850547,0.0685589003842,0.0016928097466,5,200,ok,
old_v3,direct,fft,complex64,8192,2,contiguous,,direct_fft_complex64_8192_2_contiguous_,0.124014819739,0.123393395334,0.000621424405836,5,200,ok,
old_v3,direct,fft,complex64,8192,8,contiguous,,direct_fft_complex64_8192_8_contiguous_,0.319950190181,0.319165667327,0.000784522853792,5,63,ok,
old_v3,direct,fft,complex64,8192,64,contiguous,,direct_fft_complex64_8192_64_contiguous_,2.33704733352,2.25600380606,0.0352374045178,5,15,ok,
old_v3,direct,fft,complex64,8192,256,contiguous,,direct_fft_complex64_8192_256_contiguous_,16.3772000233,15.6683970126,0.220662972424,5,2,ok,
old_v3,direct,fft,complex64,16384,1,contiguous,,direct_fft_complex64_16384_1_contiguous_,0.141572311777,0.140937634961,0.000128030364296,5,167,ok,
old_v3,direct,fft,complex64,16384,2,contiguous,,direct_fft_complex64_16384_2_contiguous_,0.262644967966,0.260545787937,0.00113290437358,5,94,ok,
old_v3,direct,fft,complex64,16384,8,contiguous,,direct_fft_complex64_16384_8_contiguous_,1.17418320151,1.16023179726,0.01116169733,5,20,ok,
old_v3,direct,fft,complex64,16384,64,contiguous,,direct_fft_complex64_16384_64_contiguous_,11.9437463194,11.7595576448,0.17531934039,5,3,ok,
old_v3,direct,fft,complex64,16384,256,contiguous,,direct_fft_complex64_16384_256_contiguous_,33.7275440106,33.5306399502,0.193606945686,5,1,ok,
old_v3,direct,fft,complex64,32768,1,contiguous,,direct_fft_complex64_32768_1_contiguous_,0.311562853555,0.309050492942,0.00146197310338,5,75,ok,
old_v3,direct,fft,complex64,32768,2,contiguous,,direct_fft_complex64_32768_2_contiguous_,1.74128692239,1.66128992211,0.0215562311216,5,13,ok,
old_v3,direct,fft,complex64,32768,8,contiguous,,direct_fft_complex64_32768_8_contiguous_,1.35745200096,1.34817290236,0.00927909859456,5,20,ok,
old_v3,direct,fft,complex64,32768,64,contiguous,,direct_fft_complex64_32768_64_contiguous_,17.498444533,17.2649020096,0.112202484161,5,2,ok,
old_v3,direct,fft,complex64,32768,256,contiguous,,direct_fft_complex64_32768_256_contiguous_,68.7851869734,67.9210800445,0.335025019012,5,1,ok,
old_v3,direct,fft,complex64,65536,1,contiguous,,direct_fft_complex64_65536_1_contiguous_,0.607331706461,0.605443489692,0.00186917008605,5,41,ok,
old_v3,direct,fft,complex64,65536,2,contiguous,,direct_fft_complex64_65536_2_contiguous_,1.16171659902,1.13700380316,0.00602694926783,5,20,ok,
old_v3,direct,fft,complex64,65536,8,contiguous,,direct_fft_complex64_65536_8_contiguous_,2.98018300567,2.83644055228,0.0794095474041,5,11,ok,
old_v3,direct,fft,complex64,65536,64,contiguous,,direct_fft_complex64_65536_64_contiguous_,34.408284002,34.2278220924,0.180461909622,5,1,ok,
old_v3,direct,fft,complex64,65536,256,contiguous,,direct_fft_complex64_65536_256_contiguous_,138.018063968,134.16344102,0.99930295255,5,1,ok,
old_v3,direct,fft,complex128,1024,1,contiguous,,direct_fft_complex128_1024_1_contiguous_,0.00832424520805,0.00824093572733,2.03359038105e-05,7,1244,ok,
old_v3,direct,fft,complex128,1024,2,contiguous,,direct_fft_complex128_1024_2_contiguous_,0.0121712011203,0.0120687969706,7.59518183803e-05,7,1059,ok,
old_v3,direct,fft,complex128,1024,8,contiguous,,direct_fft_complex128_1024_8_contiguous_,0.027165869833,0.0269192550331,0.000227229320444,7,200,ok,
old_v3,direct,fft,complex128,1024,64,contiguous,,direct_fft_complex128_1024_64_contiguous_,0.1727902202,0.172595227747,0.000127696367944,7,145,ok,
old_v3,direct,fft,complex128,1024,256,contiguous,,direct_fft_complex128_1024_256_contiguous_,0.725552201038,0.720208598068,0.00392739893869,7,20,ok,
old_v3,direct,fft,complex128,2048,1,contiguous,,direct_fft_complex128_2048_1_contiguous_,0.0157170482636,0.0156875228053,2.95254582601e-05,7,809,ok,
old_v3,direct,fft,complex128,2048,2,contiguous,,direct_fft_complex128_2048_2_contiguous_,0.0262475973825,0.0260932987006,4.12114558945e-05,7,539,ok,
old_v3,direct,fft,complex128,2048,8,contiguous,,direct_fft_complex128_2048_8_contiguous_,0.0571867550025,0.0569528096821,0.00023394532036,7,200,ok,
old_v3,direct,fft,complex128,2048,64,contiguous,,direct_fft_complex128_2048_64_contiguous_,0.412189948838,0.410995248239,0.00104545033537,7,20,ok,
old_v3,direct,fft,complex128,2048,256,contiguous,,direct_fft_complex128_2048_256_contiguous_,1.64405449759,1.63395340205,0.00595430610701,7,20,ok,
old_v3,direct,fft,complex128,3072,1,contiguous,,direct_fft_complex128_3072_1_contiguous_,0.020816616006,0.0206902173605,6.640831584e-05,7,492,ok,
old_v3,direct,fft,complex128,3072,2,contiguous,,direct_fft_complex128_3072_2_contiguous_,0.0350675953086,0.0345824746182,0.000187010155059,7,200,ok,
old_v3,direct,fft,complex128,3072,8,contiguous,,direct_fft_complex128_3072_8_contiguous_,0.0846838997677,0.0841653149109,0.000336784869432,7,200,ok,
old_v3,direct,fft,complex128,3072,64,contiguous,,direct_fft_complex128_3072_64_contiguous_,0.612476450624,0.609580444871,0.00188459525816,7,20,ok,
old_v3,direct,fft,complex128,3072,256,contiguous,,direct_fft_complex128_3072_256_contiguous_,2.67024623015,2.66469415958,0.00431276678752,7,13,ok,
old_v3,direct,fft,complex128,3584,1,contiguous,,direct_fft_complex128_3584_1_contiguous_,0.0224574456819,0.0223779930388,2.74127554409e-05,7,572,ok,
old_v3,direct,fft,complex128,3584,2,contiguous,,direct_fft_complex128_3584_2_contiguous_,0.0375066651031,0.0370176346041,0.000480309827253,7,200,ok,
old_v3,direct,fft,complex128,3584,8,contiguous,,direct_fft_complex128_3584_8_contiguous_,0.0922997802263,0.0917018001201,0.000277775106952,7,200,ok,
old_v3,direct,fft,complex128,3584,64,contiguous,,direct_fft_complex128_3584_64_contiguous_,0.676991703222,0.674257002538,0.0027347006835,7,20,ok,
old_v3,direct,fft,complex128,3584,256,contiguous,,direct_fft_complex128_3584_256_contiguous_,2.73874075113,2.71197508361,0.0062869124425,7,12,ok,
old_v3,direct,fft,complex128,4095,1,contiguous,,direct_fft_complex128_4095_1_contiguous_,0.0320694271421,0.0318871625672,9.29661113226e-05,7,412,ok,
old_v3,direct,fft,complex128,4095,2,contiguous,,direct_fft_complex128_4095_2_contiguous_,0.0566663651261,0.056475304882,0.000158199691214,7,200,ok,
old_v3,direct,fft,complex128,4095,8,contiguous,,direct_fft_complex128_4095_8_contiguous_,0.13583230991,0.135551668633,0.000228309426862,7,184,ok,
old_v3,direct,fft,complex128,4095,64,contiguous,,direct_fft_complex128_4095_64_contiguous_,1.03159755236,1.02975360351,0.000537047162652,7,20,ok,
old_v3,direct,fft,complex128,4095,256,contiguous,,direct_fft_complex128_4095_256_contiguous_,4.19831450563,4.18940887903,0.00890562660061,7,8,ok,
old_v3,direct,fft,complex128,4096,1,contiguous,,direct_fft_complex128_4096_1_contiguous_,0.029989259297,0.0297874286464,7.13889456385e-05,7,455,ok,
old_v3,direct,fft,complex128,4096,2,contiguous,,direct_fft_complex128_4096_2_contiguous_,0.0530862348387,0.0510011805454,0.00107088009827,7,200,ok,
old_v3,direct,fft,complex128,4096,8,contiguous,,direct_fft_complex128_4096_8_contiguous_,0.118081279797,0.116067915224,0.000404619495384,7,200,ok,
old_v3,direct,fft,complex128,4096,64,contiguous,,direct_fft_complex128_4096_64_contiguous_,0.892117305193,0.880468200194,0.00795655651018,7,20,ok,
old_v3,direct,fft,complex128,4096,256,contiguous,,direct_fft_complex128_4096_256_contiguous_,3.62396188494,3.59880978552,0.0186175521877,7,9,ok,
old_v3,direct,fft,complex128,4097,1,contiguous,,direct_fft_complex128_4097_1_contiguous_,0.153367592253,0.152239974908,0.000592649641453,5,157,ok,
old_v3,direct,fft,complex128,4097,2,contiguous,,direct_fft_complex128_4097_2_contiguous_,0.246076782629,0.24551561902,0.000561163608876,5,92,ok,
old_v3,direct,fft,complex128,4097,8,contiguous,,direct_fft_complex128_4097_8_contiguous_,0.408705759328,0.407673239242,0.000595359597355,5,50,ok,
old_v3,direct,fft,complex128,4097,64,contiguous,,direct_fft_complex128_4097_64_contiguous_,2.90228817418,2.88037916956,0.00430484457562,5,12,ok,
old_v3,direct,fft,complex128,4097,256,contiguous,,direct_fft_complex128_4097_256_contiguous_,11.5829996454,11.455271005,0.0458799768239,5,3,ok,
old_v3,direct,fft,complex128,4608,1,contiguous,,direct_fft_complex128_4608_1_contiguous_,0.0301497249166,0.029962870176,0.000186854740605,5,200,ok,
old_v3,direct,fft,complex128,4608,2,contiguous,,direct_fft_complex128_4608_2_contiguous_,0.0523382151732,0.0519242795417,8.25547613204e-05,5,200,ok,
old_v3,direct,fft,complex128,4608,8,contiguous,,direct_fft_complex128_4608_8_contiguous_,0.142968695306,0.141659437079,0.000567689950139,5,174,ok,
old_v3,direct,fft,complex128,4608,64,contiguous,,direct_fft_complex128_4608_64_contiguous_,1.08886454836,1.08301049913,0.00585404923186,5,20,ok,
old_v3,direct,fft,complex128,4608,256,contiguous,,direct_fft_complex128_4608_256_contiguous_,4.45468840189,4.39661038108,0.0291209900752,5,5,ok,
old_v3,direct,fft,complex128,8192,1,contiguous,,direct_fft_complex128_8192_1_contiguous_,0.0661071552895,0.065023455536,0.000215254258364,5,200,ok,
old_v3,direct,fft,complex128,8192,2,contiguous,,direct_fft_complex128_8192_2_contiguous_,0.117953336709,0.117660266694,0.000143337096251,5,199,ok,
old_v3,direct,fft,complex128,8192,8,contiguous,,direct_fft_complex128_8192_8_contiguous_,0.267537604465,0.266644395725,0.000893208739716,5,86,ok,
old_v3,direct,fft,complex128,8192,64,contiguous,,direct_fft_complex128_8192_64_contiguous_,2.05921537417,2.03294493986,0.0044308762881,5,16,ok,
old_v3,direct,fft,complex128,8192,256,contiguous,,direct_fft_complex128_8192_256_contiguous_,10.7052133341,10.6003343438,0.0404733388374,5,3,ok,
old_v3,direct,fft,complex128,16384,1,contiguous,,direct_fft_complex128_16384_1_contiguous_,0.12454334123,0.123475892144,0.00106744908605,5,129,ok,
old_v3,direct,fft,complex128,16384,2,contiguous,,direct_fft_complex128_16384_2_contiguous_,0.233554164879,0.232779770158,0.000396175224573,5,109,ok,
old_v3,direct,fft,complex128,16384,8,contiguous,,direct_fft_complex128_16384_8_contiguous_,0.838404049864,0.836194847943,0.00220920192078,5,20,ok,
old_v3,direct,fft,complex128,16384,64,contiguous,,direct_fft_complex128_16384_64_contiguous_,4.15886599512,4.11969311244,0.0138376344694,5,8,ok,
old_v3,direct,fft,complex128,16384,256,contiguous,,direct_fft_complex128_16384_256_contiguous_,21.9456000486,21.6839649947,0.0861330190673,5,1,ok,
old_v3,direct,fft,complex128,32768,1,contiguous,,direct_fft_complex128_32768_1_contiguous_,0.28705939368,0.283153449039,0.00116817935715,5,89,ok,
old_v3,direct,fft,complex128,32768,2,contiguous,,direct_fft_complex128_32768_2_contiguous_,0.541809609706,0.53518052142,0.00328773824984,5,46,ok,
old_v3,direct,fft,complex128,32768,8,contiguous,,direct_fft_complex128_32768_8_contiguous_,1.13103394979,1.12104055006,0.00382575090043,5,20,ok,
old_v3,direct,fft,complex128,32768,64,contiguous,,direct_fft_complex128_32768_64_contiguous_,11.9323229883,11.9251295109,0.00719347735867,5,2,ok,
old_v3,direct,fft,complex128,32768,256,contiguous,,direct_fft_complex128_32768_256_contiguous_,46.8004429713,46.3972089346,0.12726103887,5,1,ok,
old_v3,direct,fft,complex128,65536,1,contiguous,,direct_fft_complex128_65536_1_contiguous_,0.581371535677,0.578590674153,0.00278086152448,5,43,ok,
old_v3,direct,fft,complex128,65536,2,contiguous,,direct_fft_complex128_65536_2_contiguous_,1.10374325304,1.09591190121,0.00783135183156,5,20,ok,
old_v3,direct,fft,complex128,65536,8,contiguous,,direct_fft_complex128_65536_8_contiguous_,2.32971127843,2.29242779148,0.0174774239505,5,14,ok,
old_v3,direct,fft,complex128,65536,64,contiguous,,direct_fft_complex128_65536_64_contiguous_,22.5862250663,22.0420040423,0.544221024029,5,1,ok,
old_v3,direct,fft,complex128,65536,256,contiguous,,direct_fft_complex128_65536_256_contiguous_,86.7316110525,86.0919289989,0.639682053588,5,1,ok,
old_v3,direct,ifft,complex64,1024,1,contiguous,,direct_ifft_complex64_1024_1_contiguous_,0.011590462363,0.0114293449096,2.66366639325e-05,7,861,ok,
old_v3,direct,ifft,complex64,1024,2,contiguous,,direct_ifft_complex64_1024_2_contiguous_,0.0172995960691,0.0170904713647,0.000181616822185,7,770,ok,
old_v3,direct,ifft,complex64,1024,8,contiguous,,direct_ifft_complex64_1024_8_contiguous_,0.0225394550944,0.0222208048217,0.000151635031216,7,200,ok,
old_v3,direct,ifft,complex64,1024,64,contiguous,,direct_ifft_complex64_1024_64_contiguous_,0.134292402886,0.133060117913,0.000130408318333,7,186,ok,
old_v3,direct,ifft,complex64,1024,256,contiguous,,direct_ifft_complex64_1024_256_contiguous_,0.519558403175,0.51410755259,0.0035376928281,7,20,ok,
old_v3,direct,ifft,complex64,2048,1,contiguous,,direct_ifft_complex64_2048_1_contiguous_,0.0194201587255,0.0192417244428,8.8523689007e-05,7,693,ok,
old_v3,direct,ifft,complex64,2048,2,contiguous,,direct_ifft_complex64_2048_2_contiguous_,0.0321008650533,0.0317948193174,0.000184836842055,7,459,ok,
old_v3,direct,ifft,complex64,2048,8,contiguous,,direct_ifft_complex64_2048_8_contiguous_,0.0444205652457,0.0442127202405,0.000106404768303,7,200,ok,
old_v3,direct,ifft,complex64,2048,64,contiguous,,direct_ifft_complex64_2048_64_contiguous_,0.293508148752,0.293242599582,0.000265549169853,7,20,ok,
old_v3,direct,ifft,complex64,2048,256,contiguous,,direct_ifft_complex64_2048_256_contiguous_,1.18467009743,1.18154819938,0.000646250555292,7,20,ok,
old_v3,direct,ifft,complex64,3072,1,contiguous,,direct_ifft_complex64_3072_1_contiguous_,0.0297873219671,0.0296553033159,7.50248957621e-05,7,475,ok,
old_v3,direct,ifft,complex64,3072,2,contiguous,,direct_ifft_complex64_3072_2_contiguous_,0.051939659752,0.0517818599474,0.000145125086419,7,200,ok,
old_v3,direct,ifft,complex64,3072,8,contiguous,,direct_ifft_complex64_3072_8_contiguous_,0.0614106049761,0.0610900495667,0.000232189777307,7,200,ok,
old_v3,direct,ifft,complex64,3072,64,contiguous,,direct_ifft_complex64_3072_64_contiguous_,0.42330455035,0.420821300941,0.000642699887976,7,20,ok,
old_v3,direct,ifft,complex64,3072,256,contiguous,,direct_ifft_complex64_3072_256_contiguous_,1.6988743504,1.69622484827,0.0015313969925,7,20,ok,
old_v3,direct,ifft,complex64,3584,1,contiguous,,direct_ifft_complex64_3584_1_contiguous_,0.0323186056828,0.0322416035061,7.70021767788e-05,7,426,ok,
old_v3,direct,ifft,complex64,3584,2,contiguous,,direct_ifft_complex64_3584_2_contiguous_,0.056139070075,0.0559443951352,4.86453063786e-05,7,200,ok,
old_v3,direct,ifft,complex64,3584,8,contiguous,,direct_ifft_complex64_3584_8_contiguous_,0.0734208151698,0.0732007448096,0.000210605212487,7,200,ok,
old_v3,direct,ifft,complex64,3584,64,contiguous,,direct_ifft_complex64_3584_64_contiguous_,0.518819503486,0.514543952886,0.00161159550771,7,20,ok,
old_v3,direct,ifft,complex64,3584,256,contiguous,,direct_ifft_complex64_3584_256_contiguous_,1.93140950028,1.9238841099,0.00441777390531,7,18,ok,
old_v3,direct,ifft,complex64,4095,1,contiguous,,direct_ifft_complex64_4095_1_contiguous_,0.0464697407119,0.0463468506097,0.000122890102235,7,301,ok,
old_v3,direct,ifft,complex64,4095,2,contiguous,,direct_ifft_complex64_4095_2_contiguous_,0.0837721250718,0.0835785554955,0.000166464596987,7,200,ok,
old_v3,direct,ifft,complex64,4095,8,contiguous,,direct_ifft_complex64_4095_8_contiguous_,0.0941782398149,0.0940858654212,9.1974507086e-05,7,200,ok,
old_v3,direct,ifft,complex64,4095,64,contiguous,,direct_ifft_complex64_4095_64_contiguous_,0.674230448203,0.673082296271,0.000636646291241,7,20,ok,
old_v3,direct,ifft,complex64,4095,256,contiguous,,direct_ifft_complex64_4095_256_contiguous_,2.65201560866,2.64657216254,0.00223877409903,7,13,ok,
old_v3,direct,ifft,complex64,4096,1,contiguous,,direct_ifft_complex64_4096_1_contiguous_,0.0396776995846,0.0394663342114,0.000188033829942,7,353,ok,
old_v3,direct,ifft,complex64,4096,2,contiguous,,direct_ifft_complex64_4096_2_contiguous_,0.0697196496185,0.0694350601407,0.000112315174192,7,200,ok,
old_v3,direct,ifft,complex64,4096,8,contiguous,,direct_ifft_complex64_4096_8_contiguous_,0.0863149901852,0.0849681900581,0.000292604672723,7,200,ok,
old_v3,direct,ifft,complex64,4096,64,contiguous,,direct_ifft_complex64_4096_64_contiguous_,0.610490201507,0.608610152267,0.00165215460584,7,20,ok,
old_v3,direct,ifft,complex64,4096,256,contiguous,,direct_ifft_complex64_4096_256_contiguous_,2.44857007471,2.44499971658,0.00160022006769,7,14,ok,
old_v3,direct,ifft,complex64,4097,1,contiguous,,direct_ifft_complex64_4097_1_contiguous_,0.212342234369,0.211903843624,0.000376798941389,5,115,ok,
old_v3,direct,ifft,complex64,4097,2,contiguous,,direct_ifft_complex64_4097_2_contiguous_,0.34565575091,0.344904181677,0.000751569233317,5,72,ok,
old_v3,direct,ifft,complex64,4097,8,contiguous,,direct_ifft_complex64_4097_8_contiguous_,0.273940447882,0.273095788982,0.000844658900271,5,85,ok,
old_v3,direct,ifft,complex64,4097,64,contiguous,,direct_ifft_complex64_4097_64_contiguous_,1.61875754711,1.60575045156,0.00800370471552,5,20,ok,
old_v3,direct,ifft,complex64,4097,256,contiguous,,direct_ifft_complex64_4097_256_contiguous_,6.24904821161,6.21935578529,0.015190592967,5,5,ok,
old_v3,direct,ifft,complex64,4608,1,contiguous,,direct_ifft_complex64_4608_1_contiguous_,0.0449182052398,0.0446741952328,0.000216810731217,5,200,ok,
old_v3,direct,ifft,complex64,4608,2,contiguous,,direct_ifft_complex64_4608_2_contiguous_,0.0800326350145,0.0795444101095,2.55450140685e-05,5,200,ok,
old_v3,direct,ifft,complex64,4608,8,contiguous,,direct_ifft_complex64_4608_8_contiguous_,0.0995593349217,0.0987861200701,0.000132549903356,5,200,ok,
old_v3,direct,ifft,complex64,4608,64,contiguous,,direct_ifft_complex64_4608_64_contiguous_,0.713025452569,0.710540747968,0.00239805085585,5,20,ok,
old_v3,direct,ifft,complex64,4608,256,contiguous,,direct_ifft_complex64_4608_256_contiguous_,2.77985299472,2.77284961194,0.00700338277966,5,5,ok,
old_v3,direct,ifft,complex64,8192,1,contiguous,,direct_ifft_complex64_8192_1_contiguous_,0.0887285650242,0.088561445009,0.00015304016415,5,200,ok,
old_v3,direct,ifft,complex64,8192,2,contiguous,,direct_ifft_complex64_8192_2_contiguous_,0.155463147586,0.155177544982,1.15004905428e-05,5,156,ok,
old_v3,direct,ifft,complex64,8192,8,contiguous,,direct_ifft_complex64_8192_8_contiguous_,0.179670268927,0.178305224564,0.000601066206929,5,134,ok,
old_v3,direct,ifft,complex64,8192,64,contiguous,,direct_ifft_complex64_8192_64_contiguous_,1.32788745104,1.3253080484,0.00257940264419,5,20,ok,
old_v3,direct,ifft,complex64,8192,256,contiguous,,direct_ifft_complex64_8192_256_contiguous_,5.60295600444,5.57214159053,0.00157100148499,5,5,ok,
old_v3,direct,ifft,complex64,16384,1,contiguous,,direct_ifft_complex64_16384_1_contiguous_,0.176154854842,0.174769978174,0.000672500101391,5,138,ok,
old_v3,direct,ifft,complex64,16384,2,contiguous,,direct_ifft_complex64_16384_2_contiguous_,0.328529094396,0.325700486821,0.00282860757481,5,74,ok,
old_v3,direct,ifft,complex64,16384,8,contiguous,,direct_ifft_complex64_16384_8_contiguous_,0.350174499908,0.349226198159,0.000336195807904,5,20,ok,
old_v3,direct,ifft,complex64,16384,64,contiguous,,direct_ifft_complex64_16384_64_contiguous_,2.6651134607,2.64444046367,0.0206729970299,5,13,ok,
old_v3,direct,ifft,complex64,16384,256,contiguous,,direct_ifft_complex64_16384_256_contiguous_,13.9762110193,13.9725839836,0.00362703576684,5,2,ok,
old_v3,direct,ifft,complex64,32768,1,contiguous,,direct_ifft_complex64_32768_1_contiguous_,0.369565896759,0.367636104295,0.0018400605768,5,67,ok,
old_v3,direct,ifft,complex64,32768,2,contiguous,,direct_ifft_complex64_32768_2_contiguous_,0.695516658016,0.694481256817,0.000256772286126,5,35,ok,
old_v3,direct,ifft,complex64,32768,8,contiguous,,direct_ifft_complex64_32768_8_contiguous_,0.835735502187,0.835307652596,0.000427849590778,5,20,ok,
old_v3,direct,ifft,complex64,32768,64,contiguous,,direct_ifft_complex64_32768_64_contiguous_,6.24254178256,6.22562160715,0.00607538968325,5,5,ok,
old_v3,direct,ifft,complex64,32768,256,contiguous,,direct_ifft_complex64_32768_256_contiguous_,26.0414310033,25.7891119691,0.195660977624,5,1,ok,
old_v3,direct,ifft,complex64,65536,1,contiguous,,direct_ifft_complex64_65536_1_contiguous_,0.75613390436,0.754128217523,0.00200568683795,5,32,ok,
old_v3,direct,ifft,complex64,65536,2,contiguous,,direct_ifft_complex64_65536_2_contiguous_,1.4446567453,1.44150225096,0.00315449433401,5,20,ok,
old_v3,direct,ifft,complex64,65536,8,contiguous,,direct_ifft_complex64_65536_8_contiguous_,1.55907900189,1.54690194759,0.00160255003721,5,20,ok,
old_v3,direct,ifft,complex64,65536,64,contiguous,,direct_ifft_complex64_65536_64_contiguous_,13.6993915075,13.6585640139,0.0320060062222,5,2,ok,
old_v3,direct,ifft,complex64,65536,256,contiguous,,direct_ifft_complex64_65536_256_contiguous_,52.5821469491,52.5288271019,0.0533198472112,5,1,ok,
old_v3,direct,ifft,complex128,1024,1,contiguous,,direct_ifft_complex128_1024_1_contiguous_,0.00961133907086,0.00953574321329,4.14891155002e-05,7,1106,ok,
old_v3,direct,ifft,complex128,1024,2,contiguous,,direct_ifft_complex128_1024_2_contiguous_,0.0137665363493,0.0136708919109,4.83475658409e-05,7,906,ok,
old_v3,direct,ifft,complex128,1024,8,contiguous,,direct_ifft_complex128_1024_8_contiguous_,0.0294390303316,0.0292830349645,7.52951018512e-05,7,200,ok,
old_v3,direct,ifft,complex128,1024,64,contiguous,,direct_ifft_complex128_1024_64_contiguous_,0.183772115717,0.18293784591,0.000526923507165,7,130,ok,
old_v3,direct,ifft,complex128,1024,256,contiguous,,direct_ifft_complex128_1024_256_contiguous_,0.762820348609,0.758079846855,0.0015193480067,7,20,ok,
old_v3,direct,ifft,complex128,2048,1,contiguous,,direct_ifft_complex128_2048_1_contiguous_,0.0170629166159,0.0169932802185,3.77627322754e-05,7,767,ok,
old_v3,direct,ifft,complex128,2048,2,contiguous,,direct_ifft_complex128_2048_2_contiguous_,0.0276993647419,0.027389680355,0.000193758694199,7,510,ok,
old_v3,direct,ifft,complex128,2048,8,contiguous,,direct_ifft_complex128_2048_8_contiguous_,0.0610291800695,0.0607772049261,0.000251975143328,7,200,ok,
old_v3,direct,ifft,complex128,2048,64,contiguous,,direct_ifft_complex128_2048_64_contiguous_,0.429297902156,0.426155450987,0.00182595103979,7,20,ok,
old_v3,direct,ifft,complex128,2048,256,contiguous,,direct_ifft_complex128_2048_256_contiguous_,1.68262260268,1.6769237991,0.00562614877708,7,20,ok,
old_v3,direct,ifft,complex128,3072,1,contiguous,,direct_ifft_complex128_3072_1_contiguous_,0.0222660716166,0.0221928144493,6.51158294061e-05,7,587,ok,
old_v3,direct,ifft,complex128,3072,2,contiguous,,direct_ifft_complex128_3072_2_contiguous_,0.0370937801199,0.0368796248222,0.000211455044337,7,200,ok,
old_v3,direct,ifft,complex128,3072,8,contiguous,,direct_ifft_complex128_3072_8_contiguous_,0.0853816751624,0.0851495855022,0.000194514868781,7,200,ok,
old_v3,direct,ifft,complex128,3072,64,contiguous,,direct_ifft_complex128_3072_64_contiguous_,0.634103448829,0.626862200443,0.00156044843607,7,20,ok,
old_v3,direct,ifft,complex128,3072,256,contiguous,,direct_ifft_complex128_3072_256_contiguous_,2.62166141571,2.59065183733,0.0153649113296,7,12,ok,
old_v3,direct,ifft,complex128,3584,1,contiguous,,direct_ifft_complex128_3584_1_contiguous_,0.0237605838703,0.0235561114043,0.000162735448837,7,548,ok,
old_v3,direct,ifft,complex128,3584,2,contiguous,,direct_ifft_complex128_3584_2_contiguous_,0.0400511350017,0.0398951402167,9.2025147751e-05,7,200,ok,
old_v3,direct,ifft,complex128,3584,8,contiguous,,direct_ifft_complex128_3584_8_contiguous_,0.0982506549917,0.0976957549574,0.000262944959104,7,200,ok,
old_v3,direct,ifft,complex128,3584,64,contiguous,,direct_ifft_complex128_3584_64_contiguous_,0.698340148665,0.689652696019,0.00652134767734,7,20,ok,
old_v3,direct,ifft,complex128,3584,256,contiguous,,direct_ifft_complex128_3584_256_contiguous_,2.88206254217,2.86397826858,0.0160812738944,7,11,ok,
old_v3,direct,ifft,complex128,4095,1,contiguous,,direct_ifft_complex128_4095_1_contiguous_,0.0353179090803,0.0352021268269,5.83471668776e-05,7,363,ok,
old_v3,direct,ifft,complex128,4095,2,contiguous,,direct_ifft_complex128_4095_2_contiguous_,0.0627375702607,0.0625343353022,8.37602419779e-05,7,200,ok,
old_v3,direct,ifft,complex128,4095,8,contiguous,,direct_ifft_complex128_4095_8_contiguous_,0.142370658895,0.142045153718,0.000207443504637,7,176,ok,
old_v3,direct,ifft,complex128,4095,64,contiguous,,direct_ifft_complex128_4095_64_contiguous_,1.07347290032,1.06563754962,0.00473550171591,7,20,ok,
old_v3,direct,ifft,complex128,4095,256,contiguous,,direct_ifft_complex128_4095_256_contiguous_,4.34305249655,4.29743737914,0.0329511240125,7,8,ok,
old_v3,direct,ifft,complex128,4096,1,contiguous,,direct_ifft_complex128_4096_1_contiguous_,0.0312439858461,0.0311661723623,6.40589036575e-05,7,424,ok,
old_v3,direct,ifft,complex128,4096,2,contiguous,,direct_ifft_complex128_4096_2_contiguous_,0.0536364747677,0.0530667952262,0.000237400527112,7,200,ok,
old_v3,direct,ifft,complex128,4096,8,contiguous,,direct_ifft_complex128_4096_8_contiguous_,0.120819114964,0.120005024946,0.000258990330622,7,200,ok,
old_v3,direct,ifft,complex128,4096,64,contiguous,,direct_ifft_complex128_4096_64_contiguous_,0.918695650762,0.912708352553,0.00300265382975,7,20,ok,
old_v3,direct,ifft,complex128,4096,256,contiguous,,direct_ifft_complex128_4096_256_contiguous_,3.79292400612,3.75970613095,0.0255710037891,7,8,ok,
old_v3,direct,ifft,complex128,4097,1,contiguous,,direct_ifft_complex128_4097_1_contiguous_,0.15356988475,0.153263040888,0.00010066599186,5,147,ok,
old_v3,direct,ifft,complex128,4097,2,contiguous,,direct_ifft_complex128_4097_2_contiguous_,0.246669606682,0.246524648553,0.000123626879476,5,94,ok,
old_v3,direct,ifft,complex128,4097,8,contiguous,,direct_ifft_complex128_4097_8_contiguous_,0.416790865039,0.408853710934,0.00793715410579,5,52,ok,
old_v3,direct,ifft,complex128,4097,64,contiguous,,direct_ifft_complex128_4097_64_contiguous_,2.88012366703,2.87164090939,0.0073614937719,5,12,ok,
old_v3,direct,ifft,complex128,4097,256,contiguous,,direct_ifft_complex128_4097_256_contiguous_,11.8536426453,11.6901293319,0.151336658746,5,3,ok,
old_v3,direct,ifft,complex128,4608,1,contiguous,,direct_ifft_complex128_4608_1_contiguous_,0.0318774499465,0.0317346752854,6.17152545601e-05,5,200,ok,
old_v3,direct,ifft,complex128,4608,2,contiguous,,direct_ifft_complex128_4608_2_contiguous_,0.0574214500375,0.0565126753645,0.000467984937131,5,200,ok,
old_v3,direct,ifft,complex128,4608,8,contiguous,,direct_ifft_complex128_4608_8_contiguous_,0.147006017836,0.146158119736,0.000504545398993,5,167,ok,
old_v3,direct,ifft,complex128,4608,64,contiguous,,direct_ifft_complex128_4608_64_contiguous_,1.08175665373,1.0767531523,0.00329369213432,5,20,ok,
old_v3,direct,ifft,complex128,4608,256,contiguous,,direct_ifft_complex128_4608_256_contiguous_,4.41714318004,4.40425281413,0.0128903659061,5,5,ok,
old_v3,direct,ifft,complex128,8192,1,contiguous,,direct_ifft_complex128_8192_1_contiguous_,0.0686908501666,0.0685704196803,0.000120430486277,5,200,ok,
old_v3,direct,ifft,complex128,8192,2,contiguous,,direct_ifft_complex128_8192_2_contiguous_,0.122786361202,0.122618817003,0.000167544199768,5,191,ok,
old_v3,direct,ifft,complex128,8192,8,contiguous,,direct_ifft_complex128_8192_8_contiguous_,0.272753493696,0.268402542262,0.00399722416392,5,85,ok,
old_v3,direct,ifft,complex128,8192,64,contiguous,,direct_ifft_complex128_8192_64_contiguous_,2.09054041325,2.08209788509,0.00787546912975,5,17,ok,
old_v3,direct,ifft,complex128,8192,256,contiguous,,direct_ifft_complex128_8192_256_contiguous_,10.4911443389,10.4358159782,0.0297130318359,5,3,ok,
old_v3,direct,ifft,complex128,16384,1,contiguous,,direct_ifft_complex128_16384_1_contiguous_,0.127714910009,0.127287659586,0.000224356475147,5,188,ok,
old_v3,direct,ifft,complex128,16384,2,contiguous,,direct_ifft_complex128_16384_2_contiguous_,0.236977857449,0.235460027831,0.00148720019275,5,105,ok,
old_v3,direct,ifft,complex128,16384,8,contiguous,,direct_ifft_complex128_16384_8_contiguous_,0.89251154568,0.874218402896,0.00280684907921,5,20,ok,
old_v3,direct,ifft,complex128,16384,64,contiguous,,direct_ifft_complex128_16384_64_contiguous_,4.23987962131,4.06280286552,0.0672611204209,5,8,ok,
old_v3,direct,ifft,complex128,16384,256,contiguous,,direct_ifft_complex128_16384_256_contiguous_,22.1801049775,22.1093199216,0.0549239339307,5,1,ok,
old_v3,direct,ifft,complex128,32768,1,contiguous,,direct_ifft_complex128_32768_1_contiguous_,0.289276446325,0.287707471837,0.00149659976801,5,85,ok,
old_v3,direct,ifft,complex128,32768,2,contiguous,,direct_ifft_complex128_32768_2_contiguous_,0.53918537839,0.537746200441,0.00112390973502,5,45,ok,
old_v3,direct,ifft,complex128,32768,8,contiguous,,direct_ifft_complex128_32768_8_contiguous_,1.11748079653,1.10775434878,0.00621880171821,5,20,ok,
old_v3,direct,ifft,complex128,32768,64,contiguous,,direct_ifft_complex128_32768_64_contiguous_,11.9329195004,11.87498949,0.0140065094456,5,2,ok,
old_v3,direct,ifft,complex128,32768,256,contiguous,,direct_ifft_complex128_32768_256_contiguous_,46.4188399492,46.0401129676,0.268970034085,5,1,ok,
old_v3,direct,ifft,complex128,65536,1,contiguous,,direct_ifft_complex128_65536_1_contiguous_,0.596663831467,0.588146498471,0.00504669012679,5,42,ok,
old_v3,direct,ifft,complex128,65536,2,contiguous,,direct_ifft_complex128_65536_2_contiguous_,1.12621285371,1.12264910131,0.00356375239789,5,20,ok,
old_v3,direct,ifft,complex128,65536,8,contiguous,,direct_ifft_complex128_65536_8_contiguous_,2.43573928518,2.35614849953,0.0406562882875,5,14,ok,
old_v3,direct,ifft,complex128,65536,64,contiguous,,direct_ifft_complex128_65536_64_contiguous_,23.1073419563,22.6034169318,0.263780122623,5,1,ok,
old_v3,direct,ifft,complex128,65536,256,contiguous,,direct_ifft_complex128_65536_256_contiguous_,88.5693329619,87.5179209979,0.882001011632,5,1,ok,
old_v3,direct,rfft,float32,1024,1,contiguous,,direct_rfft_float32_1024_1_contiguous_,0.00749288400508,0.00745726471154,1.50613299252e-05,7,1043,ok,
old_v3,direct,rfft,float32,1024,2,contiguous,,direct_rfft_float32_1024_2_contiguous_,0.00986987884947,0.00983987894495,1.57414092614e-05,7,1222,ok,
old_v3,direct,rfft,float32,1024,8,contiguous,,direct_rfft_float32_1024_8_contiguous_,0.0212067301618,0.0211578904418,4.84904740006e-05,7,200,ok,
old_v3,direct,rfft,float32,1024,64,contiguous,,direct_rfft_float32_1024_64_contiguous_,0.12597123366,0.125337803974,0.000392646736303,7,184,ok,
old_v3,direct,rfft,float32,1024,256,contiguous,,direct_rfft_float32_1024_256_contiguous_,0.484646752011,0.481726747239,0.00207190169021,7,20,ok,
old_v3,direct,rfft,float32,2048,1,contiguous,,direct_rfft_float32_2048_1_contiguous_,0.0109548422564,0.0109198275383,2.39594775284e-05,7,1160,ok,
old_v3,direct,rfft,float32,2048,2,contiguous,,direct_rfft_float32_2048_2_contiguous_,0.0163324927404,0.0162904460108,1.54255884889e-05,7,834,ok,
old_v3,direct,rfft,float32,2048,8,contiguous,,direct_rfft_float32_2048_8_contiguous_,0.0382937549148,0.0381225801539,0.000136159942485,7,200,ok,
old_v3,direct,rfft,float32,2048,64,contiguous,,direct_rfft_float32_2048_64_contiguous_,0.249491201248,0.24842969724,0.000138249015436,7,20,ok,
old_v3,direct,rfft,float32,2048,256,contiguous,,direct_rfft_float32_2048_256_contiguous_,1.00485890289,0.997313100379,0.00276974751614,7,20,ok,
old_v3,direct,rfft,float32,3072,1,contiguous,,direct_rfft_float32_3072_1_contiguous_,0.0143369657209,0.0143139713151,1.45468984355e-05,7,905,ok,
old_v3,direct,rfft,float32,3072,2,contiguous,,direct_rfft_float32_3072_2_contiguous_,0.0226646452211,0.022573969909,2.79047526419e-05,7,200,ok,
old_v3,direct,rfft,float32,3072,8,contiguous,,direct_rfft_float32_3072_8_contiguous_,0.053717130213,0.053647395107,4.29851934314e-05,7,200,ok,
old_v3,direct,rfft,float32,3072,64,contiguous,,direct_rfft_float32_3072_64_contiguous_,0.362289953046,0.35954824998,0.00197219778784,7,20,ok,
old_v3,direct,rfft,float32,3072,256,contiguous,,direct_rfft_float32_3072_256_contiguous_,1.43890730105,1.42985014827,0.00700324890204,7,20,ok,
old_v3,direct,rfft,float32,3584,1,contiguous,,direct_rfft_float32_3584_1_contiguous_,0.0205015046041,0.0204420455669,5.83481377608e-05,7,658,ok,
old_v3,direct,rfft,float32,3584,2,contiguous,,direct_rfft_float32_3584_2_contiguous_,0.0336299702758,0.0334380049026,0.000121229677461,7,200,ok,
old_v3,direct,rfft,float32,3584,8,contiguous,,direct_rfft_float32_3584_8_contiguous_,0.0769853650127,0.0766755297082,0.000124384532683,7,200,ok,
old_v3,direct,rfft,float32,3584,64,contiguous,,direct_rfft_float32_3584_64_contiguous_,0.53666929598,0.533883046592,0.00278624938801,7,20,ok,
old_v3,direct,rfft,float32,3584,256,contiguous,,direct_rfft_float32_3584_256_contiguous_,2.14664593805,2.13791339969,0.0055257929489,7,15,ok,
old_v3,direct,rfft,float32,4095,1,contiguous,,direct_rfft_float32_4095_1_contiguous_,0.0265495747137,0.0264027225143,8.46690010631e-05,7,508,ok,
old_v3,direct,rfft,float32,4095,2,contiguous,,direct_rfft_float32_4095_2_contiguous_,0.045376275084,0.0452864548424,4.07756306231e-05,7,200,ok,
old_v3,direct,rfft,float32,4095,8,contiguous,,direct_rfft_float32_4095_8_contiguous_,0.100035039941,0.0995198596502,0.000134504516609,7,200,ok,
old_v3,direct,rfft,float32,4095,64,contiguous,,direct_rfft_float32_4095_64_contiguous_,0.720531697152,0.717034045374,0.000676803756505,7,20,ok,
old_v3,direct,rfft,float32,4095,256,contiguous,,direct_rfft_float32_4095_256_contiguous_,3.03500136149,2.97928308348,0.0498253661631,7,11,ok,
old_v3,direct,rfft,float32,4096,1,contiguous,,direct_rfft_float32_4096_1_contiguous_,0.0189125995381,0.0188743753661,3.82241719932e-05,7,714,ok,
old_v3,direct,rfft,float32,4096,2,contiguous,,direct_rfft_float32_4096_2_contiguous_,0.0305252347607,0.0303081749007,0.000217059860006,7,200,ok,
old_v3,direct,rfft,float32,4096,8,contiguous,,direct_rfft_float32_4096_8_contiguous_,0.0735235546017,0.0714829901699,0.00181929441169,7,200,ok,
old_v3,direct,rfft,float32,4096,64,contiguous,,direct_rfft_float32_4096_64_contiguous_,0.502090301597,0.497319753049,0.00355470110662,7,20,ok,
old_v3,direct,rfft,float32,4096,256,contiguous,,direct_rfft_float32_4096_256_contiguous_,2.14762669202,2.13085362338,0.0158989423653,7,16,ok,
old_v3,direct,rfft,float32,4097,1,contiguous,,direct_rfft_float32_4097_1_contiguous_,0.120724184671,0.120493400027,4.86947828904e-05,5,200,ok,
old_v3,direct,rfft,float32,4097,2,contiguous,,direct_rfft_float32_4097_2_contiguous_,0.234474358808,0.234166698372,9.0452508544e-05,5,106,ok,
old_v3,direct,rfft,float32,4097,8,contiguous,,direct_rfft_float32_4097_8_contiguous_,0.33209045188,0.331604314254,0.000486137626106,5,73,ok,
old_v3,direct,rfft,float32,4097,64,contiguous,,direct_rfft_float32_4097_64_contiguous_,2.5981789222,2.58761046168,0.00342646112236,5,13,ok,
old_v3,direct,rfft,float32,4097,256,contiguous,,direct_rfft_float32_4097_256_contiguous_,10.647874636,10.5703009758,0.0514442799613,5,3,ok,
old_v3,direct,rfft,float32,4608,1,contiguous,,direct_rfft_float32_4608_1_contiguous_,0.0212466047378,0.0212201598333,2.64449045062e-05,5,200,ok,
old_v3,direct,rfft,float32,4608,2,contiguous,,direct_rfft_float32_4608_2_contiguous_,0.0347476347815,0.0345213600667,7.89551995695e-05,5,200,ok,
old_v3,direct,rfft,float32,4608,8,contiguous,,direct_rfft_float32_4608_8_contiguous_,0.0837070500711,0.0833940098528,0.000144470250234,5,200,ok,
old_v3,direct,rfft,float32,4608,64,contiguous,,direct_rfft_float32_4608_64_contiguous_,0.600198702887,0.597338296939,0.00051999813877,5,20,ok,
old_v3,direct,rfft,float32,4608,256,contiguous,,direct_rfft_float32_4608_256_contiguous_,2.60012259241,2.57820498664,0.0143693760037,5,5,ok,
old_v3,direct,rfft,float32,8192,1,contiguous,,direct_rfft_float32_8192_1_contiguous_,0.0361166795483,0.0360531604383,6.35191099718e-05,5,200,ok,
old_v3,direct,rfft,float32,8192,2,contiguous,,direct_rfft_float32_8192_2_contiguous_,0.061468614731,0.0613058102317,0.00011436524801,5,200,ok,
old_v3,direct,rfft,float32,8192,8,contiguous,,direct_rfft_float32_8192_8_contiguous_,0.154854540403,0.154743526752,0.000111013650894,5,150,ok,
old_v3,direct,rfft,float32,8192,64,contiguous,,direct_rfft_float32_8192_64_contiguous_,1.15658990107,1.15254170378,0.00171975116245,5,20,ok,
old_v3,direct,rfft,float32,8192,256,contiguous,,direct_rfft_float32_8192_256_contiguous_,5.8829364134,5.7060593972,0.0868425704539,5,5,ok,
old_v3,direct,rfft,float32,16384,1,contiguous,,direct_rfft_float32_16384_1_contiguous_,0.0685772846919,0.0682020746171,9.23743937165e-05,5,200,ok,
old_v3,direct,rfft,float32,16384,2,contiguous,,direct_rfft_float32_16384_2_contiguous_,0.125858566263,0.125519148483,0.000125132809982,5,196,ok,
old_v3,direct,rfft,float32,16384,8,contiguous,,direct_rfft_float32_16384_8_contiguous_,0.320092501352,0.319409702206,0.000682799145579,5,20,ok,
old_v3,direct,rfft,float32,16384,64,contiguous,,direct_rfft_float32_16384_64_contiguous_,2.49098662215,2.48503530971,0.00595131244224,5,13,ok,
old_v3,direct,rfft,float32,16384,256,contiguous,,direct_rfft_float32_16384_256_contiguous_,16.2576634903,16.2260885118,0.0315749784932,5,2,ok,
old_v3,direct,rfft,float32,32768,1,contiguous,,direct_rfft_float32_32768_1_contiguous_,0.139597084525,0.137182270985,0.000518391116421,5,166,ok,
old_v3,direct,rfft,float32,32768,2,contiguous,,direct_rfft_float32_32768_2_contiguous_,0.257389134883,0.256040749567,0.00052286486607,5,96,ok,
old_v3,direct,rfft,float32,32768,8,contiguous,,direct_rfft_float32_32768_8_contiguous_,0.654607301112,0.645849196007,0.00225675175898,5,20,ok,
old_v3,direct,rfft,float32,32768,64,contiguous,,direct_rfft_float32_32768_64_contiguous_,6.28566939849,6.1999269994,0.0544351991266,5,5,ok,
old_v3,direct,rfft,float32,32768,256,contiguous,,direct_rfft_float32_32768_256_contiguous_,34.2017420335,33.9374809992,0.181934097782,5,1,ok,
old_v3,direct,rfft,float32,65536,1,contiguous,,direct_rfft_float32_65536_1_contiguous_,0.292661308777,0.29191025682,0.000428642707471,5,78,ok,
old_v3,direct,rfft,float32,65536,2,contiguous,,direct_rfft_float32_65536_2_contiguous_,0.54967799806,0.549654947827,2.30502337217e-05,5,20,ok,
old_v3,direct,rfft,float32,65536,8,contiguous,,direct_rfft_float32_65536_8_contiguous_,1.301799051,1.29763014847,0.00229735160246,5,20,ok,
old_v3,direct,rfft,float32,65536,64,contiguous,,direct_rfft_float32_65536_64_contiguous_,17.7768919384,17.1953409445,0.373958959244,5,1,ok,
old_v3,direct,rfft,float32,65536,256,contiguous,,direct_rfft_float32_65536_256_contiguous_,69.9594730977,67.4728819868,1.13377789967,5,1,ok,
old_v3,direct,rfft,float64,1024,1,contiguous,,direct_rfft_float64_1024_1_contiguous_,0.00636814139377,0.00626239925623,6.19527330636e-05,7,1330,ok,
old_v3,direct,rfft,float64,1024,2,contiguous,,direct_rfft_float64_1024_2_contiguous_,0.00843160167404,0.00833707908241,5.00633251592e-05,7,1278,ok,
old_v3,direct,rfft,float64,1024,8,contiguous,,direct_rfft_float64_1024_8_contiguous_,0.0182774849236,0.0176940247184,0.000180689967237,7,200,ok,
old_v3,direct,rfft,float64,1024,64,contiguous,,direct_rfft_float64_1024_64_contiguous_,0.110005229944,0.1073650748,0.00199928996153,7,200,ok,
old_v3,direct,rfft,float64,1024,256,contiguous,,direct_rfft_float64_1024_256_contiguous_,0.427297101123,0.411988596898,0.0143872515764,7,20,ok,
old_v3,direct,rfft,float64,2048,1,contiguous,,direct_rfft_float64_2048_1_contiguous_,0.0093751205468,0.00933304898456,2.55421761528e-05,7,1245,ok,
old_v3,direct,rfft,float64,2048,2,contiguous,,direct_rfft_float64_2048_2_contiguous_,0.0145700765209,0.0138684659905,0.000588267467948,7,927,ok,
old_v3,direct,rfft,float64,2048,8,contiguous,,direct_rfft_float64_2048_8_contiguous_,0.0324228301179,0.0323112204205,7.98003748059e-05,7,200,ok,
old_v3,direct,rfft,float64,2048,64,contiguous,,direct_rfft_float64_2048_64_contiguous_,0.218900747132,0.218287104508,0.000204396201298,7,20,ok,
old_v3,direct,rfft,float64,2048,256,contiguous,,direct_rfft_float64_2048_256_contiguous_,0.875301950146,0.871997198556,0.00230385339819,7,20,ok,
old_v3,direct,rfft,float64,3072,1,contiguous,,direct_rfft_float64_3072_1_contiguous_,0.0127350180475,0.0127024411599,3.25768875579e-05,7,1002,ok,
old_v3,direct,rfft,float64,3072,2,contiguous,,direct_rfft_float64_3072_2_contiguous_,0.0201123050647,0.0200536451302,5.23449853063e-05,7,200,ok,
old_v3,direct,rfft,float64,3072,8,contiguous,,direct_rfft_float64_3072_8_contiguous_,0.0460134295281,0.0458658998832,7.01291719452e-05,7,200,ok,
old_v3,direct,rfft,float64,3072,64,contiguous,,direct_rfft_float64_3072_64_contiguous_,0.314405199606,0.312691996805,0.000931753311306,7,20,ok,
old_v3,direct,rfft,float64,3072,256,contiguous,,direct_rfft_float64_3072_256_contiguous_,1.23240654939,1.23012120021,0.00220315414481,7,20,ok,
old_v3,direct,rfft,float64,3584,1,contiguous,,direct_rfft_float64_3584_1_contiguous_,0.0190771957055,0.0181020532313,0.000815070401743,7,695,ok,
old_v3,direct,rfft,float64,3584,2,contiguous,,direct_rfft_float64_3584_2_contiguous_,0.0306095450651,0.0302374950843,0.000122680212371,7,200,ok,
old_v3,direct,rfft,float64,3584,8,contiguous,,direct_rfft_float64_3584_8_contiguous_,0.0670847547008,0.0665382196894,0.000143070355989,7,200,ok,
old_v3,direct,rfft,float64,3584,64,contiguous,,direct_rfft_float64_3584_64_contiguous_,0.500403653132,0.485358096194,0.0125212536659,7,20,ok,
old_v3,direct,rfft,float64,3584,256,contiguous,,direct_rfft_float64_3584_256_contiguous_,1.93427993509,1.92337987392,0.00660375371808,7,16,ok,
old_v3,direct,rfft,float64,4095,1,contiguous,,direct_rfft_float64_4095_1_contiguous_,0.0242069821825,0.0241145017682,6.99201981861e-05,7,564,ok,
old_v3,direct,rfft,float64,4095,2,contiguous,,direct_rfft_float64_4095_2_contiguous_,0.0424852449214,0.0420194148319,4.44299075752e-05,7,200,ok,
old_v3,direct,rfft,float64,4095,8,contiguous,,direct_rfft_float64_4095_8_contiguous_,0.0903145701159,0.0899421644863,0.000322865089402,7,200,ok,
old_v3,direct,rfft,float64,4095,64,contiguous,,direct_rfft_float64_4095_64_contiguous_,0.65857580048,0.655062147416,0.00223320093937,7,20,ok,
old_v3,direct,rfft,float64,4095,256,contiguous,,direct_rfft_float64_4095_256_contiguous_,2.61643123276,2.60789499869,0.0060113827483,7,13,ok,
old_v3,direct,rfft,float64,4096,1,contiguous,,direct_rfft_float64_4096_1_contiguous_,0.0163849272514,0.0163119910451,1.76448755604e-05,7,783,ok,
old_v3,direct,rfft,float64,4096,2,contiguous,,direct_rfft_float64_4096_2_contiguous_,0.0268839899218,0.0266160798492,8.54051904753e-05,7,200,ok,
old_v3,direct,rfft,float64,4096,8,contiguous,,direct_rfft_float64_4096_8_contiguous_,0.0610310351476,0.0606887397589,0.000178740010597,7,200,ok,
old_v3,direct,rfft,float64,4096,64,contiguous,,direct_rfft_float64_4096_64_contiguous_,0.428265950177,0.42403495172,0.0015935045667,7,20,ok,
old_v3,direct,rfft,float64,4096,256,contiguous,,direct_rfft_float64_4096_256_contiguous_,1.69698779937,1.68914445094,0.00317554804496,7,20,ok,
old_v3,direct,rfft,float64,4097,1,contiguous,,direct_rfft_float64_4097_1_contiguous_,0.119060127668,0.118875184111,0.000173443980629,5,196,ok,
old_v3,direct,rfft,float64,4097,2,contiguous,,direct_rfft_float64_4097_2_contiguous_,0.232569445399,0.231577573922,0.000991871477001,5,108,ok,
old_v3,direct,rfft,float64,4097,8,contiguous,,direct_rfft_float64_4097_8_contiguous_,0.323592583867,0.322005298751,0.00134903889198,5,77,ok,
old_v3,direct,rfft,float64,4097,64,contiguous,,direct_rfft_float64_4097_64_contiguous_,2.52808077046,2.50710100115,0.00831577031372,5,13,ok,
old_v3,direct,rfft,float64,4097,256,contiguous,,direct_rfft_float64_4097_256_contiguous_,10.0809540212,10.0157303192,0.0375276431441,5,3,ok,
old_v3,direct,rfft,float64,4608,1,contiguous,,direct_rfft_float64_4608_1_contiguous_,0.0190880650189,0.0189327751286,8.19051638246e-05,5,200,ok,
old_v3,direct,rfft,float64,4608,2,contiguous,,direct_rfft_float64_4608_2_contiguous_,0.0316280301195,0.0315462198341,8.18102853373e-05,5,200,ok,
old_v3,direct,rfft,float64,4608,8,contiguous,,direct_rfft_float64_4608_8_contiguous_,0.0743306346703,0.0738408602774,0.000331879709847,5,200,ok,
old_v3,direct,rfft,float64,4608,64,contiguous,,direct_rfft_float64_4608_64_contiguous_,0.53516595508,0.531615753425,0.00355020165443,5,20,ok,
old_v3,direct,rfft,float64,4608,256,contiguous,,direct_rfft_float64_4608_256_contiguous_,2.12158178911,2.10614060052,0.00501940958202,5,5,ok,
old_v3,direct,rfft,float64,8192,1,contiguous,,direct_rfft_float64_8192_1_contiguous_,0.0328432797687,0.0326048751594,0.000170624698512,5,200,ok,
old_v3,direct,rfft,float64,8192,2,contiguous,,direct_rfft_float64_8192_2_contiguous_,0.056859885226,0.0563777697971,3.87249747291e-05,5,200,ok,
old_v3,direct,rfft,float64,8192,8,contiguous,,direct_rfft_float64_8192_8_contiguous_,0.137513340841,0.136717753979,0.000170770871281,5,179,ok,
old_v3,direct,rfft,float64,8192,64,contiguous,,direct_rfft_float64_8192_64_contiguous_,1.0393642995,1.03582009906,0.00212455051951,5,20,ok,
old_v3,direct,rfft,float64,8192,256,contiguous,,direct_rfft_float64_8192_256_contiguous_,4.24593479838,4.17524881195,0.017701392062,5,5,ok,
old_v3,direct,rfft,float64,16384,1,contiguous,,direct_rfft_float64_16384_1_contiguous_,0.0651993352221,0.0648595899111,0.000339745311067,5,200,ok,
old_v3,direct,rfft,float64,16384,2,contiguous,,direct_rfft_float64_16384_2_contiguous_,0.119779144879,0.115695259883,0.000949699897319,5,200,ok,
old_v3,direct,rfft,float64,16384,8,contiguous,,direct_rfft_float64_16384_8_contiguous_,0.28614064795,0.283414003206,0.00272664474323,5,20,ok,
old_v3,direct,rfft,float64,16384,64,contiguous,,direct_rfft_float64_16384_64_contiguous_,2.21840653103,2.20591893109,0.0108745337153,5,15,ok,
old_v3,direct,rfft,float64,16384,256,contiguous,,direct_rfft_float64_16384_256_contiguous_,11.3480946748,11.2758613347,0.05475365712,5,3,ok,
old_v3,direct,rfft,float64,32768,1,contiguous,,direct_rfft_float64_32768_1_contiguous_,0.130533796665,0.129776689309,0.000757107356772,5,187,ok,
old_v3,direct,rfft,float64,32768,2,contiguous,,direct_rfft_float64_32768_2_contiguous_,0.244817882548,0.240774038841,0.00404384370674,5,102,ok,
old_v3,direct,rfft,float64,32768,8,contiguous,,direct_rfft_float64_32768_8_contiguous_,0.580647651805,0.577052298468,0.003595353337,5,20,ok,
old_v3,direct,rfft,float64,32768,64,contiguous,,direct_rfft_float64_32768_64_contiguous_,4.69564280938,4.66702880803,0.0286140013486,5,5,ok,
old_v3,direct,rfft,float64,32768,256,contiguous,,direct_rfft_float64_32768_256_contiguous_,22.6068029879,22.0719398931,0.14754908625,5,1,ok,
old_v3,direct,rfft,float64,65536,1,contiguous,,direct_rfft_float64_65536_1_contiguous_,0.271537011568,0.269848626129,0.000343543017305,5,83,ok,
old_v3,direct,rfft,float64,65536,2,contiguous,,direct_rfft_float64_65536_2_contiguous_,0.504628149793,0.498271099059,0.00635705073364,5,20,ok,
old_v3,direct,rfft,float64,65536,8,contiguous,,direct_rfft_float64_65536_8_contiguous_,1.14843894844,1.14390940289,0.00433775130659,5,20,ok,
old_v3,direct,rfft,float64,65536,64,contiguous,,direct_rfft_float64_65536_64_contiguous_,11.3896599893,11.3821659858,0.00749400351197,5,3,ok,
old_v3,direct,rfft,float64,65536,256,contiguous,,direct_rfft_float64_65536_256_contiguous_,43.8547820086,43.5055210255,0.283426954411,5,1,ok,
old_v3,direct,irfft,complex64,1024,1,contiguous,,direct_irfft_complex64_1024_1_contiguous_,0.0080800140845,0.00804849766947,3.15164150277e-05,7,1065,ok,
old_v3,direct,irfft,complex64,1024,2,contiguous,,direct_irfft_complex64_1024_2_contiguous_,0.0115485028906,0.011485110679,2.9659233264e-05,7,1030,ok,
old_v3,direct,irfft,complex64,1024,8,contiguous,,direct_irfft_complex64_1024_8_contiguous_,0.0149780302308,0.0148300500587,4.71848761663e-05,7,200,ok,
old_v3,direct,irfft,complex64,1024,64,contiguous,,direct_irfft_complex64_1024_64_contiguous_,0.0813547952566,0.0811383349355,9.8540331237e-05,7,200,ok,
old_v3,direct,irfft,complex64,1024,256,contiguous,,direct_irfft_complex64_1024_256_contiguous_,0.303612748394,0.302730099065,0.000564550282434,7,20,ok,
old_v3,direct,irfft,complex64,2048,1,contiguous,,direct_irfft_complex64_2048_1_contiguous_,0.0121922022927,0.0121627608798,2.94414128834e-05,7,1058,ok,
old_v3,direct,irfft,complex64,2048,2,contiguous,,direct_irfft_complex64_2048_2_contiguous_,0.0193168372922,0.0192966605413,2.00925008257e-05,7,713,ok,
old_v3,direct,irfft,complex64,2048,8,contiguous,,direct_irfft_complex64_2048_8_contiguous_,0.025940600317,0.0257992796833,3.16149089485e-05,7,200,ok,
old_v3,direct,irfft,complex64,2048,64,contiguous,,direct_irfft_complex64_2048_64_contiguous_,0.163647602312,0.163146603154,0.000397255644202,7,20,ok,
old_v3,direct,irfft,complex64,2048,256,contiguous,,direct_irfft_complex64_2048_256_contiguous_,0.627972348593,0.624218699522,0.00221719965339,7,20,ok,
old_v3,direct,irfft,complex64,3072,1,contiguous,,direct_irfft_complex64_3072_1_contiguous_,0.0169951571186,0.0169325435297,3.85262137116e-05,7,802,ok,
old_v3,direct,irfft,complex64,3072,2,contiguous,,direct_irfft_complex64_3072_2_contiguous_,0.0280260003638,0.0279522099299,4.47849743068e-05,7,200,ok,
old_v3,direct,irfft,complex64,3072,8,contiguous,,direct_irfft_complex64_3072_8_contiguous_,0.0363927549915,0.036070139613,0.000207045231946,7,200,ok,
old_v3,direct,irfft,complex64,3072,64,contiguous,,direct_irfft_complex64_3072_64_contiguous_,0.237781001488,0.235159049043,0.00262195244431,7,20,ok,
old_v3,direct,irfft,complex64,3072,256,contiguous,,direct_irfft_complex64_3072_256_contiguous_,0.928214698797,0.924224650953,0.00103445490822,7,20,ok,
old_v3,direct,irfft,complex64,3584,1,contiguous,,direct_irfft_complex64_3584_1_contiguous_,0.0220753437035,0.0219773452101,5.37001049354e-05,7,617,ok,
old_v3,direct,irfft,complex64,3584,2,contiguous,,direct_irfft_complex64_3584_2_contiguous_,0.0377656047931,0.0376888102619,6.06145476922e-05,7,200,ok,
old_v3,direct,irfft,complex64,3584,8,contiguous,,direct_irfft_complex64_3584_8_contiguous_,0.0453372503398,0.0451492948923,7.73498322815e-05,7,200,ok,
old_v3,direct,irfft,complex64,3584,64,contiguous,,direct_irfft_complex64_3584_64_contiguous_,0.303802150302,0.302338850452,0.000734400236979,7,20,ok,
old_v3,direct,irfft,complex64,3584,256,contiguous,,direct_irfft_complex64_3584_256_contiguous_,1.1954610527,1.19138784939,0.00210699508898,7,20,ok,
old_v3,direct,irfft,complex64,4095,1,contiguous,,direct_irfft_complex64_4095_1_contiguous_,0.0479450501872,0.0477595151299,0.000153251951843,7,297,ok,
old_v3,direct,irfft,complex64,4095,2,contiguous,,direct_irfft_complex64_4095_2_contiguous_,0.0891928945202,0.0889186194399,0.000102439662442,7,200,ok,
old_v3,direct,irfft,complex64,4095,8,contiguous,,direct_irfft_complex64_4095_8_contiguous_,0.10083490517,0.100273184944,0.000417890259996,7,200,ok,
old_v3,direct,irfft,complex64,4095,64,contiguous,,direct_irfft_complex64_4095_64_contiguous_,0.739210599568,0.738318404183,0.000818545231596,7,20,ok,
old_v3,direct,irfft,complex64,4095,256,contiguous,,direct_irfft_complex64_4095_256_contiguous_,2.93213100469,2.91780382395,0.00685755036433,7,11,ok,
old_v3,direct,irfft,complex64,4096,1,contiguous,,direct_irfft_complex64_4096_1_contiguous_,0.0215328394289,0.0212988845403,9.63377669753e-05,7,598,ok,
old_v3,direct,irfft,complex64,4096,2,contiguous,,direct_irfft_complex64_4096_2_contiguous_,0.0369261647575,0.0367275398457,0.000153589644469,7,200,ok,
old_v3,direct,irfft,complex64,4096,8,contiguous,,direct_irfft_complex64_4096_8_contiguous_,0.0471401651157,0.046985319932,0.000133455032483,7,200,ok,
old_v3,direct,irfft,complex64,4096,64,contiguous,,direct_irfft_complex64_4096_64_contiguous_,0.321641447954,0.319211301394,0.00147729879245,7,20,ok,
old_v3,direct,irfft,complex64,4096,256,contiguous,,direct_irfft_complex64_4096_256_contiguous_,1.30121695111,1.29601955414,0.00380015117116,7,20,ok,
old_v3,direct,irfft,complex64,4097,1,contiguous,,direct_irfft_complex64_4097_1_contiguous_,0.0220219249604,0.0217042700388,0.000166365061887,5,200,ok,
old_v3,direct,irfft,complex64,4097,2,contiguous,,direct_irfft_complex64_4097_2_contiguous_,0.0374416902196,0.0366889650468,0.000486969947815,5,200,ok,
old_v3,direct,irfft,complex64,4097,8,contiguous,,direct_irfft_complex64_4097_8_contiguous_,0.0490691704908,0.0483866798459,0.000293559278361,5,200,ok,
old_v3,direct,irfft,complex64,4097,64,contiguous,,direct_irfft_complex64_4097_64_contiguous_,0.332725897897,0.329434196465,0.00329170143232,5,20,ok,
old_v3,direct,irfft,complex64,4097,256,contiguous,,direct_irfft_complex64_4097_256_contiguous_,1.29825579934,1.29575300962,0.00250278972089,5,5,ok,
old_v3,direct,irfft,complex64,4608,1,contiguous,,direct_irfft_complex64_4608_1_contiguous_,0.0265715445857,0.0256080197869,0.000520134344697,5,200,ok,
old_v3,direct,irfft,complex64,4608,2,contiguous,,direct_irfft_complex64_4608_2_contiguous_,0.0471422745613,0.0450473005185,0.00111205910798,5,200,ok,
old_v3,direct,irfft,complex64,4608,8,contiguous,,direct_irfft_complex64_4608_8_contiguous_,0.0520794751355,0.0516831746791,0.000166164827533,5,200,ok,
old_v3,direct,irfft,complex64,4608,64,contiguous,,direct_irfft_complex64_4608_64_contiguous_,0.360402400838,0.35777890007,0.000270997406915,5,20,ok,
old_v3,direct,irfft,complex64,4608,256,contiguous,,direct_irfft_complex64_4608_256_contiguous_,1.39639978297,1.39264459722,0.00375518575311,5,5,ok,
old_v3,direct,irfft,complex64,8192,1,contiguous,,direct_irfft_complex64_8192_1_contiguous_,0.04464439,0.0426682946272,0.00157022499479,5,200,ok,
old_v3,direct,irfft,complex64,8192,2,contiguous,,direct_irfft_complex64_8192_2_contiguous_,0.0778903800528,0.0775541900657,0.000108605017886,5,200,ok,
old_v3,direct,irfft,complex64,8192,8,contiguous,,direct_irfft_complex64_8192_8_contiguous_,0.0997802050551,0.0984410149977,0.000241310335696,5,200,ok,
old_v3,direct,irfft,complex64,8192,64,contiguous,,direct_irfft_complex64_8192_64_contiguous_,0.710519752465,0.707713450538,0.00223874812946,5,20,ok,
old_v3,direct,irfft,complex64,8192,256,contiguous,,direct_irfft_complex64_8192_256_contiguous_,2.82076857984,2.81360100489,0.00716757494956,5,5,ok,
old_v3,direct,irfft,complex64,16384,1,contiguous,,direct_irfft_complex64_16384_1_contiguous_,0.0894946203334,0.0885172648123,0.000493890256621,5,200,ok,
old_v3,direct,irfft,complex64,16384,2,contiguous,,direct_irfft_complex64_16384_2_contiguous_,0.168396425874,0.166176412431,0.000424790070266,5,148,ok,
old_v3,direct,irfft,complex64,16384,8,contiguous,,direct_irfft_complex64_16384_8_contiguous_,0.202444603201,0.200635154033,0.000847654882818,5,20,ok,
old_v3,direct,irfft,complex64,16384,64,contiguous,,direct_irfft_complex64_16384_64_contiguous_,1.53927300125,1.53270500014,0.000952300615609,5,20,ok,
old_v3,direct,irfft,complex64,16384,256,contiguous,,direct_irfft_complex64_16384_256_contiguous_,6.41853520647,6.38596941717,0.0325657892972,5,5,ok,
old_v3,direct,irfft,complex64,32768,1,contiguous,,direct_irfft_complex64_32768_1_contiguous_,0.180587940849,0.180010473425,0.000563437222607,5,135,ok,
old_v3,direct,irfft,complex64,32768,2,contiguous,,direct_irfft_complex64_32768_2_contiguous_,0.341107703181,0.336224803517,0.00214335364355,5,71,ok,
old_v3,direct,irfft,complex64,32768,8,contiguous,,direct_irfft_complex64_32768_8_contiguous_,0.415904051624,0.410840904806,0.0011837517377,5,20,ok,
old_v3,direct,irfft,complex64,32768,64,contiguous,,direct_irfft_complex64_32768_64_contiguous_,3.19826179184,3.19591141306,0.00235037878156,5,5,ok,
old_v3,direct,irfft,complex64,32768,256,contiguous,,direct_irfft_complex64_32768_256_contiguous_,15.2517224778,15.1425855001,0.103601021692,5,2,ok,
old_v3,direct,irfft,complex64,65536,1,contiguous,,direct_irfft_complex64_65536_1_contiguous_,0.380628844141,0.37896865615,0.00124095458887,5,64,ok,
old_v3,direct,irfft,complex64,65536,2,contiguous,,direct_irfft_complex64_65536_2_contiguous_,0.733013346326,0.728172651725,0.00244909897447,5,20,ok,
old_v3,direct,irfft,complex64,65536,8,contiguous,,direct_irfft_complex64_65536_8_contiguous_,0.815592799336,0.81064790138,0.00328720198013,5,20,ok,
old_v3,direct,irfft,complex64,65536,64,contiguous,,direct_irfft_complex64_65536_64_contiguous_,6.57463520765,6.51291601826,0.0236770138144,5,5,ok,
old_v3,direct,irfft,complex64,65536,256,contiguous,,direct_irfft_complex64_65536_256_contiguous_,28.8613840239,28.7254760042,0.054633943364,5,1,ok,
old_v3,direct,irfft,complex128,1024,1,contiguous,,direct_irfft_complex128_1024_1_contiguous_,0.00754503549764,0.00751699928087,1.72017619884e-05,7,1353,ok,
old_v3,direct,irfft,complex128,1024,2,contiguous,,direct_irfft_complex128_1024_2_contiguous_,0.0102998439285,0.0102280539889,3.48345097547e-05,7,1185,ok,
old_v3,direct,irfft,complex128,1024,8,contiguous,,direct_irfft_complex128_1024_8_contiguous_,0.0186061050044,0.0184896797873,7.60896364227e-05,7,200,ok,
old_v3,direct,irfft,complex128,1024,64,contiguous,,direct_irfft_complex128_1024_64_contiguous_,0.109568749904,0.109486645088,8.21048161015e-05,7,200,ok,
old_v3,direct,irfft,complex128,1024,256,contiguous,,direct_irfft_complex128_1024_256_contiguous_,0.414975750027,0.413047103211,0.00142870121635,7,20,ok,
old_v3,direct,irfft,complex128,2048,1,contiguous,,direct_irfft_complex128_2048_1_contiguous_,0.0109392707695,0.0108635046455,2.70599285468e-05,7,1167,ok,
old_v3,direct,irfft,complex128,2048,2,contiguous,,direct_irfft_complex128_2048_2_contiguous_,0.016151102514,0.0161242336079,2.68689060364e-05,7,839,ok,
old_v3,direct,irfft,complex128,2048,8,contiguous,,direct_irfft_complex128_2048_8_contiguous_,0.0360773055581,0.0358666048851,9.62807098404e-05,7,200,ok,
old_v3,direct,irfft,complex128,2048,64,contiguous,,direct_irfft_complex128_2048_64_contiguous_,0.233679753728,0.232794549083,0.000870152143762,7,20,ok,
old_v3,direct,irfft,complex128,2048,256,contiguous,,direct_irfft_complex128_2048_256_contiguous_,1.1390802043,1.13506115158,0.00168969272636,7,20,ok,
old_v3,direct,irfft,complex128,3072,1,contiguous,,direct_irfft_complex128_3072_1_contiguous_,0.0145095770127,0.0144306095188,4.39780124335e-05,7,863,ok,
old_v3,direct,irfft,complex128,3072,2,contiguous,,direct_irfft_complex128_3072_2_contiguous_,0.0231655448442,0.0231137446826,3.97703843191e-05,7,200,ok,
old_v3,direct,irfft,complex128,3072,8,contiguous,,direct_irfft_complex128_3072_8_contiguous_,0.0498648302164,0.0496875954559,6.03648368269e-05,7,200,ok,
old_v3,direct,irfft,complex128,3072,64,contiguous,,direct_irfft_complex128_3072_64_contiguous_,0.33951580408,0.338515848853,0.000555498991162,7,20,ok,
old_v3,direct,irfft,complex128,3072,256,contiguous,,direct_irfft_complex128_3072_256_contiguous_,1.35444574989,1.34994019754,0.00164410448633,7,20,ok,
old_v3,direct,irfft,complex128,3584,1,contiguous,,direct_irfft_complex128_3584_1_contiguous_,0.0197736840039,0.0196877054932,5.0181891194e-05,7,693,ok,
old_v3,direct,irfft,complex128,3584,2,contiguous,,direct_irfft_complex128_3584_2_contiguous_,0.032862314838,0.0328258948866,3.64199513569e-05,7,200,ok,
old_v3,direct,irfft,complex128,3584,8,contiguous,,direct_irfft_complex128_3584_8_contiguous_,0.0687019753968,0.0683688395657,9.7340089269e-05,7,200,ok,
old_v3,direct,irfft,complex128,3584,64,contiguous,,direct_irfft_complex128_3584_64_contiguous_,0.495299446629,0.492921948899,0.00120824552141,7,20,ok,
old_v3,direct,irfft,complex128,3584,256,contiguous,,direct_irfft_complex128_3584_256_contiguous_,1.94980933641,1.94274199506,0.00215855349476,7,18,ok,
old_v3,direct,irfft,complex128,4095,1,contiguous,,direct_irfft_complex128_4095_1_contiguous_,0.0507914790089,0.0504410277785,1.63254171766e-05,7,286,ok,
old_v3,direct,irfft,complex128,4095,2,contiguous,,direct_irfft_complex128_4095_2_contiguous_,0.0949439400574,0.0945128250169,0.000186054967344,7,200,ok,
old_v3,direct,irfft,complex128,4095,8,contiguous,,direct_irfft_complex128_4095_8_contiguous_,0.172603700776,0.17215813245,9.96329213699e-05,7,144,ok,
old_v3,direct,irfft,complex128,4095,64,contiguous,,direct_irfft_complex128_4095_64_contiguous_,1.30391155253,1.29122195067,0.00455364934169,7,20,ok,
old_v3,direct,irfft,complex128,4095,256,contiguous,,direct_irfft_complex128_4095_256_contiguous_,5.21150248824,5.15409716172,0.00977184390649,7,6,ok,
old_v3,direct,irfft,complex128,4096,1,contiguous,,direct_irfft_complex128_4096_1_contiguous_,0.0186516936366,0.0185857107533,3.88113821441e-05,7,705,ok,
old_v3,direct,irfft,complex128,4096,2,contiguous,,direct_irfft_complex128_4096_2_contiguous_,0.0301625451539,0.0299860647647,0.00012288975995,7,200,ok,
old_v3,direct,irfft,complex128,4096,8,contiguous,,direct_irfft_complex128_4096_8_contiguous_,0.0661390146706,0.0659978500335,0.000113815185614,7,200,ok,
old_v3,direct,irfft,complex128,4096,64,contiguous,,direct_irfft_complex128_4096_64_contiguous_,0.469961453928,0.466596049955,0.00166770187207,7,20,ok,
old_v3,direct,irfft,complex128,4096,256,contiguous,,direct_irfft_complex128_4096_256_contiguous_,1.83863033696,1.81824561312,0.00734228201004,7,18,ok,
old_v3,direct,irfft,complex128,4097,1,contiguous,,direct_irfft_complex128_4097_1_contiguous_,0.0186822004616,0.0186104653403,7.17351213098e-05,5,200,ok,
old_v3,direct,irfft,complex128,4097,2,contiguous,,direct_irfft_complex128_4097_2_contiguous_,0.0302725099027,0.0300958700245,0.000174685264938,5,200,ok,
old_v3,direct,irfft,complex128,4097,8,contiguous,,direct_irfft_complex128_4097_8_contiguous_,0.066018885118,0.065862290212,4.81400638819e-05,5,200,ok,
old_v3,direct,irfft,complex128,4097,64,contiguous,,direct_irfft_complex128_4097_64_contiguous_,0.467741250759,0.465580652235,0.00118124880828,5,20,ok,
old_v3,direct,irfft,complex128,4097,256,contiguous,,direct_irfft_complex128_4097_256_contiguous_,1.83481238782,1.82313441765,0.00963418278843,5,5,ok,
old_v3,direct,irfft,complex128,4608,1,contiguous,,direct_irfft_complex128_4608_1_contiguous_,0.0219710246893,0.0218254502397,4.22354787588e-05,5,200,ok,
old_v3,direct,irfft,complex128,4608,2,contiguous,,direct_irfft_complex128_4608_2_contiguous_,0.037224930129,0.0370088749332,6.75249611959e-05,5,200,ok,
old_v3,direct,irfft,complex128,4608,8,contiguous,,direct_irfft_complex128_4608_8_contiguous_,0.0742741802242,0.0740854698233,0.000137304887176,5,200,ok,
old_v3,direct,irfft,complex128,4608,64,contiguous,,direct_irfft_complex128_4608_64_contiguous_,0.531401351327,0.528979802039,0.00242154928856,5,20,ok,
old_v3,direct,irfft,complex128,4608,256,contiguous,,direct_irfft_complex128_4608_256_contiguous_,2.11209380068,2.10511060432,0.00639620702714,5,5,ok,
old_v3,direct,irfft,complex128,8192,1,contiguous,,direct_irfft_complex128_8192_1_contiguous_,0.0396903499495,0.0395820953418,0.000108254607767,5,200,ok,
old_v3,direct,irfft,complex128,8192,2,contiguous,,direct_irfft_complex128_8192_2_contiguous_,0.0664732448058,0.0663064303808,0.000166814425029,5,200,ok,
old_v3,direct,irfft,complex128,8192,8,contiguous,,direct_irfft_complex128_8192_8_contiguous_,0.142473705258,0.14242604025,4.76650086183e-05,5,173,ok,
old_v3,direct,irfft,complex128,8192,64,contiguous,,direct_irfft_complex128_8192_64_contiguous_,1.07188139809,1.07025179896,0.000720855314285,5,20,ok,
old_v3,direct,irfft,complex128,8192,256,contiguous,,direct_irfft_complex128_8192_256_contiguous_,4.31070341729,4.28559600841,0.0102592166513,5,5,ok,
old_v3,direct,irfft,complex128,16384,1,contiguous,,direct_irfft_complex128_16384_1_contiguous_,0.0799139100127,0.079846434528,4.31301305071e-05,5,200,ok,
old_v3,direct,irfft,complex128,16384,2,contiguous,,direct_irfft_complex128_16384_2_contiguous_,0.135433385095,0.135398437082,1.76201949174e-05,5,174,ok,
old_v3,direct,irfft,complex128,16384,8,contiguous,,direct_irfft_complex128_16384_8_contiguous_,0.297584349755,0.296977697872,0.000606651883572,5,20,ok,
old_v3,direct,irfft,complex128,16384,64,contiguous,,direct_irfft_complex128_16384_64_contiguous_,2.29675099919,2.27989542431,0.00281029081504,5,14,ok,
old_v3,direct,irfft,complex128,16384,256,contiguous,,direct_irfft_complex128_16384_256_contiguous_,11.308392665,11.2823869955,0.0169086658085,5,3,ok,
old_v3,direct,irfft,complex128,32768,1,contiguous,,direct_irfft_complex128_32768_1_contiguous_,0.151710127617,0.151488609135,0.00022151848165,5,164,ok,
old_v3,direct,irfft,complex128,32768,2,contiguous,,direct_irfft_complex128_32768_2_contiguous_,0.26532335956,0.264924783867,0.000205281970051,5,92,ok,
old_v3,direct,irfft,complex128,32768,8,contiguous,,direct_irfft_complex128_32768_8_contiguous_,0.630725547671,0.629120500525,0.0008411007002,5,20,ok,
old_v3,direct,irfft,complex128,32768,64,contiguous,,direct_irfft_complex128_32768_64_contiguous_,4.96435400564,4.96330999304,0.00104401260614,5,5,ok,
old_v3,direct,irfft,complex128,32768,256,contiguous,,direct_irfft_complex128_32768_256_contiguous_,23.7486469559,23.6609800486,0.0648129498586,5,1,ok,
old_v3,direct,irfft,complex128,65536,1,contiguous,,direct_irfft_complex128_65536_1_contiguous_,0.311445988094,0.310760204835,0.000679487875925,5,78,ok,
old_v3,direct,irfft,complex128,65536,2,contiguous,,direct_irfft_complex128_65536_2_contiguous_,0.591110001551,0.590280449251,0.000829552300274,5,20,ok,
old_v3,direct,irfft,complex128,65536,8,contiguous,,direct_irfft_complex128_65536_8_contiguous_,1.27264579642,1.26387114869,0.00172529835254,5,20,ok,
old_v3,direct,irfft,complex128,65536,64,contiguous,,direct_irfft_complex128_65536_64_contiguous_,12.3799815192,12.3544379603,0.00200897920877,5,2,ok,
old_v3,direct,irfft,complex128,65536,256,contiguous,,direct_irfft_complex128_65536_256_contiguous_,47.7000480751,47.5440720329,0.055626151152,5,1,ok,
final_v3,direct,fft,complex64,1024,1,contiguous,,direct_fft_complex64_1024_1_contiguous_,0.00979445643822,0.00975878511587,1.54508638792e-05,7,712,ok,
final_v3,direct,fft,complex64,1024,2,contiguous,,direct_fft_complex64_1024_2_contiguous_,0.0163990090816,0.0162869199322,4.26952297298e-05,7,650,ok,
final_v3,direct,fft,complex64,1024,8,contiguous,,direct_fft_complex64_1024_8_contiguous_,0.0319915654836,0.0316167552955,0.000161960488185,7,200,ok,
final_v3,direct,fft,complex64,1024,64,contiguous,,direct_fft_complex64_1024_64_contiguous_,0.186275076725,0.185865365886,0.000202136988688,7,131,ok,
final_v3,direct,fft,complex64,1024,256,contiguous,,direct_fft_complex64_1024_256_contiguous_,0.720022746827,0.71917665191,0.000846094917506,7,20,ok,
final_v3,direct,fft,complex64,2048,1,contiguous,,direct_fft_complex64_2048_1_contiguous_,0.0152439474025,0.0152186584545,1.04643077704e-05,7,855,ok,
final_v3,direct,fft,complex64,2048,2,contiguous,,direct_fft_complex64_2048_2_contiguous_,0.0277791674104,0.0277744182682,4.74914218266e-06,7,502,ok,
final_v3,direct,fft,complex64,2048,8,contiguous,,direct_fft_complex64_2048_8_contiguous_,0.0592348352075,0.058723409893,8.69098585099e-05,7,200,ok,
final_v3,direct,fft,complex64,2048,64,contiguous,,direct_fft_complex64_2048_64_contiguous_,0.390764849726,0.388612301322,0.00172830186784,7,20,ok,
final_v3,direct,fft,complex64,2048,256,contiguous,,direct_fft_complex64_2048_256_contiguous_,1.49062179844,1.48074860335,0.00823809532449,7,20,ok,
final_v3,direct,fft,complex64,3072,1,contiguous,,direct_fft_complex64_3072_1_contiguous_,0.0221799933407,0.0221006209409,4.21606656637e-05,7,591,ok,
final_v3,direct,fft,complex64,3072,2,contiguous,,direct_fft_complex64_3072_2_contiguous_,0.0423115200829,0.0420935102738,4.05247556046e-05,7,200,ok,
final_v3,direct,fft,complex64,3072,8,contiguous,,direct_fft_complex64_3072_8_contiguous_,0.0897465454182,0.0888476904947,0.000274614430964,7,200,ok,
final_v3,direct,fft,complex64,3072,64,contiguous,,direct_fft_complex64_3072_64_contiguous_,0.616630347213,0.610815349501,0.00385834719054,7,20,ok,
final_v3,direct,fft,complex64,3072,256,contiguous,,direct_fft_complex64_3072_256_contiguous_,2.37512728199,2.33852943139,0.0121380767918,7,14,ok,
final_v3,direct,fft,complex64,3584,1,contiguous,,direct_fft_complex64_3584_1_contiguous_,0.0240201109343,0.0238386945884,7.43218697608e-05,7,550,ok,
final_v3,direct,fft,complex64,3584,2,contiguous,,direct_fft_complex64_3584_2_contiguous_,0.04654188524,0.046459530131,4.22348966822e-05,7,200,ok,
final_v3,direct,fft,complex64,3584,8,contiguous,,direct_fft_complex64_3584_8_contiguous_,0.0982157402905,0.0977916852571,0.000354524818249,7,200,ok,
final_v3,direct,fft,complex64,3584,64,contiguous,,direct_fft_complex64_3584_64_contiguous_,0.678399851313,0.671680149389,0.0014387012925,7,20,ok,
final_v3,direct,fft,complex64,3584,256,contiguous,,direct_fft_complex64_3584_256_contiguous_,2.66113291339,2.65230449925,0.00529583000268,7,12,ok,
final_v3,direct,fft,complex64,4095,1,contiguous,,direct_fft_complex64_4095_1_contiguous_,0.0403424677001,0.04002477645,0.000152288018452,7,340,ok,
final_v3,direct,fft,complex64,4095,2,contiguous,,direct_fft_complex64_4095_2_contiguous_,0.0696860847529,0.0696292251814,5.68595714867e-05,7,200,ok,
final_v3,direct,fft,complex64,4095,8,contiguous,,direct_fft_complex64_4095_8_contiguous_,0.24382826443,0.24366344202,0.0001648224105,7,102,ok,
final_v3,direct,fft,complex64,4095,64,contiguous,,direct_fft_complex64_4095_64_contiguous_,1.88203038932,1.86376294975,0.0182674395748,7,18,ok,
final_v3,direct,fft,complex64,4095,256,contiguous,,direct_fft_complex64_4095_256_contiguous_,7.43281800533,7.41483399179,0.0179840135388,7,4,ok,
final_v3,direct,fft,complex64,4096,1,contiguous,,direct_fft_complex64_4096_1_contiguous_,0.0268869780086,0.0267303286703,7.96336458024e-05,7,502,ok,
final_v3,direct,fft,complex64,4096,2,contiguous,,direct_fft_complex64_4096_2_contiguous_,0.0505433150101,0.0503724400187,0.000143370125443,7,200,ok,
final_v3,direct,fft,complex64,4096,8,contiguous,,direct_fft_complex64_4096_8_contiguous_,0.15090744251,0.150050363278,0.00050610961449,7,165,ok,
final_v3,direct,fft,complex64,4096,64,contiguous,,direct_fft_complex64_4096_64_contiguous_,1.09639434959,1.09173649689,0.00147779937834,7,20,ok,
final_v3,direct,fft,complex64,4096,256,contiguous,,direct_fft_complex64_4096_256_contiguous_,4.28846242305,4.28206328901,0.00534999916064,7,7,ok,
final_v3,direct,fft,complex64,4097,1,contiguous,,direct_fft_complex64_4097_1_contiguous_,0.110805344884,0.110709560104,7.45902070776e-05,5,200,ok,
final_v3,direct,fft,complex64,4097,2,contiguous,,direct_fft_complex64_4097_2_contiguous_,0.209060262778,0.208788219902,0.000222626544725,5,118,ok,
final_v3,direct,fft,complex64,4097,8,contiguous,,direct_fft_complex64_4097_8_contiguous_,0.7918823225,0.791468323329,0.000384613691318,5,31,ok,
final_v3,direct,fft,complex64,4097,64,contiguous,,direct_fft_complex64_4097_64_contiguous_,6.21939999983,6.21589138173,0.00298179220408,5,5,ok,
final_v3,direct,fft,complex64,4097,256,contiguous,,direct_fft_complex64_4097_256_contiguous_,25.0701199984,25.0444719568,0.0256480416283,5,1,ok,
final_v3,direct,fft,complex64,4608,1,contiguous,,direct_fft_complex64_4608_1_contiguous_,0.031559895142,0.0312078301795,9.91852721199e-05,5,200,ok,
final_v3,direct,fft,complex64,4608,2,contiguous,,direct_fft_complex64_4608_2_contiguous_,0.0584370200522,0.058420689893,1.61299249157e-05,5,200,ok,
final_v3,direct,fft,complex64,4608,8,contiguous,,direct_fft_complex64_4608_8_contiguous_,0.183632552349,0.179346097866,0.00140827967588,5,132,ok,
final_v3,direct,fft,complex64,4608,64,contiguous,,direct_fft_complex64_4608_64_contiguous_,1.3161276991,1.31360639934,0.00083155464381,5,20,ok,
final_v3,direct,fft,complex64,4608,256,contiguous,,direct_fft_complex64_4608_256_contiguous_,5.17623941414,5.15197359491,0.00731381587684,5,5,ok,
final_v3,direct,fft,complex64,8192,1,contiguous,,direct_fft_complex64_8192_1_contiguous_,0.0514770852169,0.0511646398809,0.000302425469272,5,200,ok,
final_v3,direct,fft,complex64,8192,2,contiguous,,direct_fft_complex64_8192_2_contiguous_,0.100842064712,0.100772185251,6.46751141176e-05,5,200,ok,
final_v3,direct,fft,complex64,8192,8,contiguous,,direct_fft_complex64_8192_8_contiguous_,0.316170609689,0.315666676487,0.000437571933227,5,77,ok,
final_v3,direct,fft,complex64,8192,64,contiguous,,direct_fft_complex64_8192_64_contiguous_,2.34456292986,2.34279678469,0.00104778778872,5,14,ok,
final_v3,direct,fft,complex64,8192,256,contiguous,,direct_fft_complex64_8192_256_contiguous_,9.87627264112,9.58293331011,0.23089403597,5,3,ok,
final_v3,direct,fft,complex64,16384,1,contiguous,,direct_fft_complex64_16384_1_contiguous_,0.0989841955015,0.0985508249141,0.000433370587416,5,200,ok,
final_v3,direct,fft,complex64,16384,2,contiguous,,direct_fft_complex64_16384_2_contiguous_,0.177553192147,0.17681887839,8.81721332137e-05,5,140,ok,
final_v3,direct,fft,complex64,16384,8,contiguous,,direct_fft_complex64_16384_8_contiguous_,0.627664197236,0.62623405247,0.000262999674305,5,20,ok,
final_v3,direct,fft,complex64,16384,64,contiguous,,direct_fft_complex64_16384_64_contiguous_,4.82873329228,4.80221300053,0.013408300999,5,7,ok,
final_v3,direct,fft,complex64,16384,256,contiguous,,direct_fft_complex64_16384_256_contiguous_,21.7610510299,21.5097150067,0.0804219162092,5,1,ok,
final_v3,direct,fft,complex64,32768,1,contiguous,,direct_fft_complex64_32768_1_contiguous_,0.208859512888,0.203439075609,0.00183523472148,5,119,ok,
final_v3,direct,fft,complex64,32768,2,contiguous,,direct_fft_complex64_32768_2_contiguous_,0.369185328122,0.367978865753,0.000821864371424,5,67,ok,
final_v3,direct,fft,complex64,32768,8,contiguous,,direct_fft_complex64_32768_8_contiguous_,1.35622770176,1.32624335238,0.004481052747,5,20,ok,
final_v3,direct,fft,complex64,32768,64,contiguous,,direct_fft_complex64_32768_64_contiguous_,10.4963377041,10.4392996679,0.0570380361751,5,3,ok,
final_v3,direct,fft,complex64,32768,256,contiguous,,direct_fft_complex64_32768_256_contiguous_,43.9531290904,43.5720359674,0.221368856728,5,1,ok,
final_v3,direct,fft,complex64,65536,1,contiguous,,direct_fft_complex64_65536_1_contiguous_,0.418423136333,0.417385051043,0.000795558631673,5,59,ok,
final_v3,direct,fft,complex64,65536,2,contiguous,,direct_fft_complex64_65536_2_contiguous_,0.799033447402,0.788566598203,0.00187699915841,5,20,ok,
final_v3,direct,fft,complex64,65536,8,contiguous,,direct_fft_complex64_65536_8_contiguous_,2.95777500353,2.95143754391,0.00178708102215,5,11,ok,
final_v3,direct,fft,complex64,65536,64,contiguous,,direct_fft_complex64_65536_64_contiguous_,24.9578979565,24.9226710293,0.0352269271389,5,1,ok,
final_v3,direct,fft,complex64,65536,256,contiguous,,direct_fft_complex64_65536_256_contiguous_,101.117087062,100.70727102,0.286642927676,5,1,ok,
final_v3,direct,fft,complex128,1024,1,contiguous,,direct_fft_complex128_1024_1_contiguous_,0.00991721212422,0.00987778013923,2.97084554089e-05,7,919,ok,
final_v3,direct,fft,complex128,1024,2,contiguous,,direct_fft_complex128_1024_2_contiguous_,0.0168682910701,0.0167974008262,7.08902439506e-05,7,766,ok,
final_v3,direct,fft,complex128,1024,8,contiguous,,direct_fft_complex128_1024_8_contiguous_,0.0450322247343,0.044735110132,0.000279379892163,7,200,ok,
final_v3,direct,fft,complex128,1024,64,contiguous,,direct_fft_complex128_1024_64_contiguous_,0.292342940222,0.291664541856,9.31799456657e-05,7,83,ok,
final_v3,direct,fft,complex128,1024,256,contiguous,,direct_fft_complex128_1024_256_contiguous_,1.13993434934,1.13726230338,0.00179689959623,7,20,ok,
final_v3,direct,fft,complex128,2048,1,contiguous,,direct_fft_complex128_2048_1_contiguous_,0.0161576411106,0.0161342333051,2.34078055007e-05,7,797,ok,
final_v3,direct,fft,complex128,2048,2,contiguous,,direct_fft_complex128_2048_2_contiguous_,0.0302490590681,0.0302211026149,2.79564532455e-05,7,458,ok,
final_v3,direct,fft,complex128,2048,8,contiguous,,direct_fft_complex128_2048_8_contiguous_,0.088587544742,0.0884375150781,8.52154335007e-05,7,200,ok,
final_v3,direct,fft,complex128,2048,64,contiguous,,direct_fft_complex128_2048_64_contiguous_,0.618887098972,0.617634196533,0.000899197766557,7,20,ok,
final_v3,direct,fft,complex128,2048,256,contiguous,,direct_fft_complex128_2048_256_contiguous_,2.42626999638,2.42247485689,0.00268072056185,7,14,ok,
final_v3,direct,fft,complex128,3072,1,contiguous,,direct_fft_complex128_3072_1_contiguous_,0.0231873135744,0.0230401532501,0.000131346702329,7,574,ok,
final_v3,direct,fft,complex128,3072,2,contiguous,,direct_fft_complex128_3072_2_contiguous_,0.0447017449187,0.044117939542,8.11548670754e-05,7,200,ok,
final_v3,direct,fft,complex128,3072,8,contiguous,,direct_fft_complex128_3072_8_contiguous_,0.136011439391,0.135222747333,0.000269131755436,7,182,ok,
final_v3,direct,fft,complex128,3072,64,contiguous,,direct_fft_complex128_3072_64_contiguous_,0.978937302716,0.973501498811,0.00407474581152,7,20,ok,
final_v3,direct,fft,complex128,3072,256,contiguous,,direct_fft_complex128_3072_256_contiguous_,3.90158111986,3.88839613879,0.00518474553246,7,8,ok,
final_v3,direct,fft,complex128,3584,1,contiguous,,direct_fft_complex128_3584_1_contiguous_,0.0260551511005,0.0258182424489,0.000151697727694,7,503,ok,
final_v3,direct,fft,complex128,3584,2,contiguous,,direct_fft_complex128_3584_2_contiguous_,0.0495066551957,0.049325255095,0.000171230058186,7,200,ok,
final_v3,direct,fft,complex128,3584,8,contiguous,,direct_fft_complex128_3584_8_contiguous_,0.15092589621,0.150529073517,9.65025881591e-05,7,163,ok,
final_v3,direct,fft,complex128,3584,64,contiguous,,direct_fft_complex128_3584_64_contiguous_,1.10241174698,1.09166034963,0.00116020673886,7,20,ok,
final_v3,direct,fft,complex128,3584,256,contiguous,,direct_fft_complex128_3584_256_contiguous_,4.33887527989,4.32729899018,0.0063478447763,7,7,ok,
final_v3,direct,fft,complex128,4095,1,contiguous,,direct_fft_complex128_4095_1_contiguous_,0.0348722570488,0.0347532012024,5.82520942424e-05,7,393,ok,
final_v3,direct,fft,complex128,4095,2,contiguous,,direct_fft_complex128_4095_2_contiguous_,0.0593540549744,0.0591662549414,0.000160110066645,7,200,ok,
final_v3,direct,fft,complex128,4095,8,contiguous,,direct_fft_complex128_4095_8_contiguous_,0.201866830579,0.201480540131,0.000339677377093,7,124,ok,
final_v3,direct,fft,complex128,4095,64,contiguous,,direct_fft_complex128_4095_64_contiguous_,1.52259690221,1.51897754986,0.0029701506719,7,20,ok,
final_v3,direct,fft,complex128,4095,256,contiguous,,direct_fft_complex128_4095_256_contiguous_,6.45799799822,6.36928598396,0.0541365938261,7,5,ok,
final_v3,direct,fft,complex128,4096,1,contiguous,,direct_fft_complex128_4096_1_contiguous_,0.029648138903,0.0294144062334,8.46645204766e-05,7,453,ok,
final_v3,direct,fft,complex128,4096,2,contiguous,,direct_fft_complex128_4096_2_contiguous_,0.0551365152933,0.054809350404,7.58946407586e-05,7,200,ok,
final_v3,direct,fft,complex128,4096,8,contiguous,,direct_fft_complex128_4096_8_contiguous_,0.170687391826,0.169647727292,0.00103966453458,7,143,ok,
final_v3,direct,fft,complex128,4096,64,contiguous,,direct_fft_complex128_4096_64_contiguous_,1.24131345074,1.23711344786,0.00242909882218,7,20,ok,
final_v3,direct,fft,complex128,4096,256,contiguous,,direct_fft_complex128_4096_256_contiguous_,5.32208868147,5.2815018377,0.0285991700366,7,6,ok,
final_v3,direct,fft,complex128,4097,1,contiguous,,direct_fft_complex128_4097_1_contiguous_,0.093331640237,0.092920360039,0.000411280198023,5,200,ok,
final_v3,direct,fft,complex128,4097,2,contiguous,,direct_fft_complex128_4097_2_contiguous_,0.174227710912,0.173360725019,0.000612210961137,5,142,ok,
final_v3,direct,fft,complex128,4097,8,contiguous,,direct_fft_complex128_4097_8_contiguous_,0.650522569698,0.647585650252,0.00243221812353,5,37,ok,
final_v3,direct,fft,complex128,4097,64,contiguous,,direct_fft_complex128_4097_64_contiguous_,5.0788311637,5.06946516301,0.00426815434669,5,6,ok,
final_v3,direct,fft,complex128,4097,256,contiguous,,direct_fft_complex128_4097_256_contiguous_,20.7991879433,20.7599140704,0.0392738729715,5,1,ok,
final_v3,direct,fft,complex128,4608,1,contiguous,,direct_fft_complex128_4608_1_contiguous_,0.0336242053891,0.0332782999612,0.000197170302272,5,200,ok,
final_v3,direct,fft,complex128,4608,2,contiguous,,direct_fft_complex128_4608_2_contiguous_,0.0632996851346,0.0630138954148,8.95198900253e-05,5,200,ok,
final_v3,direct,fft,complex128,4608,8,contiguous,,direct_fft_complex128_4608_8_contiguous_,0.198714212766,0.198529680168,0.000184532598455,5,122,ok,
final_v3,direct,fft,complex128,4608,64,contiguous,,direct_fft_complex128_4608_64_contiguous_,1.45419730106,1.4493906463,0.00296565121971,5,20,ok,
final_v3,direct,fft,complex128,4608,256,contiguous,,direct_fft_complex128_4608_256_contiguous_,6.39802040532,6.25367679168,0.0946633983403,5,5,ok,
final_v3,direct,fft,complex128,8192,1,contiguous,,direct_fft_complex128_8192_1_contiguous_,0.056155899656,0.05582992977,0.000233044265769,5,200,ok,
final_v3,direct,fft,complex128,8192,2,contiguous,,direct_fft_complex128_8192_2_contiguous_,0.109475124627,0.107807714958,0.000442290329374,5,200,ok,
final_v3,direct,fft,complex128,8192,8,contiguous,,direct_fft_complex128_8192_8_contiguous_,0.351668812073,0.351372624209,0.000296187863569,5,64,ok,
final_v3,direct,fft,complex128,8192,64,contiguous,,direct_fft_complex128_8192_64_contiguous_,2.67200683205,2.66286366968,0.00914316236352,5,12,ok,
final_v3,direct,fft,complex128,8192,256,contiguous,,direct_fft_complex128_8192_256_contiguous_,12.7882400411,12.6933499705,0.0948900706135,5,2,ok,
final_v3,direct,fft,complex128,16384,1,contiguous,,direct_fft_complex128_16384_1_contiguous_,0.11135694047,0.111224689754,0.000132250715978,5,200,ok,
final_v3,direct,fft,complex128,16384,2,contiguous,,direct_fft_complex128_16384_2_contiguous_,0.19968349971,0.199443693536,0.000239806174631,5,124,ok,
final_v3,direct,fft,complex128,16384,8,contiguous,,direct_fft_complex128_16384_8_contiguous_,0.713664700743,0.707959401188,0.00483720214106,5,20,ok,
final_v3,direct,fft,complex128,16384,64,contiguous,,direct_fft_complex128_16384_64_contiguous_,5.90190638322,5.87576080579,0.0207954319194,5,5,ok,
final_v3,direct,fft,complex128,16384,256,contiguous,,direct_fft_complex128_16384_256_contiguous_,26.9229409751,26.7658339581,0.157107017003,5,1,ok,
final_v3,direct,fft,complex128,32768,1,contiguous,,direct_fft_complex128_32768_1_contiguous_,0.234068081505,0.230041979955,0.000118898056752,5,98,ok,
final_v3,direct,fft,complex128,32768,2,contiguous,,direct_fft_complex128_32768_2_contiguous_,0.414498810705,0.412889035692,0.000682328265674,5,58,ok,
final_v3,direct,fft,complex128,32768,8,contiguous,,direct_fft_complex128_32768_8_contiguous_,1.69715909869,1.69129950227,0.00585959642194,5,20,ok,
final_v3,direct,fft,complex128,32768,64,contiguous,,direct_fft_complex128_32768_64_contiguous_,14.8334854748,14.433787961,0.327099987771,5,2,ok,
final_v3,direct,fft,complex128,32768,256,contiguous,,direct_fft_complex128_32768_256_contiguous_,58.3568389993,57.5013479684,0.318384030834,5,1,ok,
final_v3,direct,fft,complex128,65536,1,contiguous,,direct_fft_complex128_65536_1_contiguous_,0.463669978975,0.460306936778,9.97703561249e-05,5,48,ok,
final_v3,direct,fft,complex128,65536,2,contiguous,,direct_fft_complex128_65536_2_contiguous_,0.871816801373,0.871261802968,0.000193901360035,5,20,ok,
final_v3,direct,fft,complex128,65536,8,contiguous,,direct_fft_complex128_65536_8_contiguous_,3.35346680367,3.32907870179,0.0243881018832,5,10,ok,
final_v3,direct,fft,complex128,65536,64,contiguous,,direct_fft_complex128_65536_64_contiguous_,30.9747480787,30.7880949695,0.11962687131,5,1,ok,
final_v3,direct,fft,complex128,65536,256,contiguous,,direct_fft_complex128_65536_256_contiguous_,122.536760988,122.482909006,0.0538519816473,5,1,ok,
final_v3,direct,ifft,complex64,1024,1,contiguous,,direct_ifft_complex64_1024_1_contiguous_,0.0109606859718,0.0109282871817,3.23987901644e-05,7,860,ok,
final_v3,direct,ifft,complex64,1024,2,contiguous,,direct_ifft_complex64_1024_2_contiguous_,0.0179810014577,0.0179378366738,3.51961220572e-05,7,704,ok,
final_v3,direct,ifft,complex64,1024,8,contiguous,,direct_ifft_complex64_1024_8_contiguous_,0.0332951848395,0.0331729499158,9.01200110093e-05,7,200,ok,
final_v3,direct,ifft,complex64,1024,64,contiguous,,direct_ifft_complex64_1024_64_contiguous_,0.190904370562,0.190265096476,9.38870793869e-05,7,124,ok,
final_v3,direct,ifft,complex64,1024,256,contiguous,,direct_ifft_complex64_1024_256_contiguous_,0.737596000545,0.7343779027,0.00178185291588,7,20,ok,
final_v3,direct,ifft,complex64,2048,1,contiguous,,direct_ifft_complex64_2048_1_contiguous_,0.0166406347696,0.016534559299,7.62874212968e-05,7,783,ok,
final_v3,direct,ifft,complex64,2048,2,contiguous,,direct_ifft_complex64_2048_2_contiguous_,0.030174204353,0.0301528461073,2.13582457586e-05,7,455,ok,
final_v3,direct,ifft,complex64,2048,8,contiguous,,direct_ifft_complex64_2048_8_contiguous_,0.0610801804578,0.0609735300532,0.000101645709947,7,200,ok,
final_v3,direct,ifft,complex64,2048,64,contiguous,,direct_ifft_complex64_2048_64_contiguous_,0.393286196049,0.392663502134,0.000339600956067,7,20,ok,
final_v3,direct,ifft,complex64,2048,256,contiguous,,direct_ifft_complex64_2048_256_contiguous_,1.5125703474,1.50878974819,0.00185705139302,7,20,ok,
final_v3,direct,ifft,complex64,3072,1,contiguous,,direct_ifft_complex64_3072_1_contiguous_,0.0236602900718,0.0235059063647,0.000135935129816,7,555,ok,
final_v3,direct,ifft,complex64,3072,2,contiguous,,direct_ifft_complex64_3072_2_contiguous_,0.0443758798065,0.0442956248298,5.18455635756e-05,7,200,ok,
final_v3,direct,ifft,complex64,3072,8,contiguous,,direct_ifft_complex64_3072_8_contiguous_,0.0905248697381,0.0903124146862,0.000192365259863,7,200,ok,
final_v3,direct,ifft,complex64,3072,64,contiguous,,direct_ifft_complex64_3072_64_contiguous_,0.608892150922,0.606978550786,0.000597146572545,7,20,ok,
final_v3,direct,ifft,complex64,3072,256,contiguous,,direct_ifft_complex64_3072_256_contiguous_,2.38323121032,2.36827935857,0.0127498559388,7,14,ok,
final_v3,direct,ifft,complex64,3584,1,contiguous,,direct_ifft_complex64_3584_1_contiguous_,0.0264494157197,0.0262503951037,3.35843831209e-05,7,486,ok,
final_v3,direct,ifft,complex64,3584,2,contiguous,,direct_ifft_complex64_3584_2_contiguous_,0.049944279599,0.0498697400326,5.59043837711e-05,7,200,ok,
final_v3,direct,ifft,complex64,3584,8,contiguous,,direct_ifft_complex64_3584_8_contiguous_,0.103694470017,0.101815460366,0.000209999852814,7,200,ok,
final_v3,direct,ifft,complex64,3584,64,contiguous,,direct_ifft_complex64_3584_64_contiguous_,0.707791547757,0.706028699642,0.00158700277098,7,20,ok,
final_v3,direct,ifft,complex64,3584,256,contiguous,,direct_ifft_complex64_3584_256_contiguous_,2.79323408419,2.77494849676,0.010378920706,7,12,ok,
final_v3,direct,ifft,complex64,4095,1,contiguous,,direct_ifft_complex64_4095_1_contiguous_,0.0448734530558,0.0447131503218,6.63233610491e-05,7,300,ok,
final_v3,direct,ifft,complex64,4095,2,contiguous,,direct_ifft_complex64_4095_2_contiguous_,0.0807131751208,0.077297204989,0.00151491491124,7,200,ok,
final_v3,direct,ifft,complex64,4095,8,contiguous,,direct_ifft_complex64_4095_8_contiguous_,0.281484315486,0.270986043767,0.00720789008166,7,92,ok,
final_v3,direct,ifft,complex64,4095,64,contiguous,,direct_ifft_complex64_4095_64_contiguous_,2.08684706013,2.0784205044,0.00842655572342,7,16,ok,
final_v3,direct,ifft,complex64,4095,256,contiguous,,direct_ifft_complex64_4095_256_contiguous_,8.36213398725,8.26037602383,0.0570152769797,7,4,ok,
final_v3,direct,ifft,complex64,4096,1,contiguous,,direct_ifft_complex64_4096_1_contiguous_,0.0296519234508,0.0292190285013,0.000151270780891,7,458,ok,
final_v3,direct,ifft,complex64,4096,2,contiguous,,direct_ifft_complex64_4096_2_contiguous_,0.0549718050752,0.0546198402299,0.000294810160995,7,200,ok,
final_v3,direct,ifft,complex64,4096,8,contiguous,,direct_ifft_complex64_4096_8_contiguous_,0.164603542038,0.163847319426,0.000158076646686,7,144,ok,
final_v3,direct,ifft,complex64,4096,64,contiguous,,direct_ifft_complex64_4096_64_contiguous_,1.18467260036,1.16919080028,0.00630544964224,7,20,ok,
final_v3,direct,ifft,complex64,4096,256,contiguous,,direct_ifft_complex64_4096_256_contiguous_,4.67867472409,4.67074113632,0.00793358776718,7,7,ok,
final_v3,direct,ifft,complex64,4097,1,contiguous,,direct_ifft_complex64_4097_1_contiguous_,0.113712550374,0.112758239848,0.000436675618403,5,200,ok,
final_v3,direct,ifft,complex64,4097,2,contiguous,,direct_ifft_complex64_4097_2_contiguous_,0.221773052804,0.221072705504,0.000675742090347,5,112,ok,
final_v3,direct,ifft,complex64,4097,8,contiguous,,direct_ifft_complex64_4097_8_contiguous_,0.804545354068,0.802990127986,0.000573998887933,5,31,ok,
final_v3,direct,ifft,complex64,4097,64,contiguous,,direct_ifft_complex64_4097_64_contiguous_,6.31326581351,6.29510940053,0.0181564129889,5,5,ok,
final_v3,direct,ifft,complex64,4097,256,contiguous,,direct_ifft_complex64_4097_256_contiguous_,25.2591690514,25.1283108955,0.100230099633,5,1,ok,
final_v3,direct,ifft,complex64,4608,1,contiguous,,direct_ifft_complex64_4608_1_contiguous_,0.034119595075,0.0340619345661,3.95753886551e-05,5,200,ok,
final_v3,direct,ifft,complex64,4608,2,contiguous,,direct_ifft_complex64_4608_2_contiguous_,0.0631219951902,0.062660825206,0.000105145154521,5,200,ok,
final_v3,direct,ifft,complex64,4608,8,contiguous,,direct_ifft_complex64_4608_8_contiguous_,0.194275803238,0.193202532217,0.000694843932803,5,122,ok,
final_v3,direct,ifft,complex64,4608,64,contiguous,,direct_ifft_complex64_4608_64_contiguous_,1.41775774537,1.41370504862,0.00151540734805,5,20,ok,
final_v3,direct,ifft,complex64,4608,256,contiguous,,direct_ifft_complex64_4608_256_contiguous_,5.61897219159,5.59007138945,0.0289008021355,5,5,ok,
final_v3,direct,ifft,complex64,8192,1,contiguous,,direct_ifft_complex64_8192_1_contiguous_,0.0557725701947,0.0553876452614,0.000382370199077,5,200,ok,
final_v3,direct,ifft,complex64,8192,2,contiguous,,direct_ifft_complex64_8192_2_contiguous_,0.107726205024,0.106876755017,0.000283244880848,5,200,ok,
final_v3,direct,ifft,complex64,8192,8,contiguous,,direct_ifft_complex64_8192_8_contiguous_,0.340394208333,0.339070955333,0.000973193864547,5,67,ok,
final_v3,direct,ifft,complex64,8192,64,contiguous,,direct_ifft_complex64_8192_64_contiguous_,2.51349469181,2.51175215145,0.0017425403572,5,13,ok,
final_v3,direct,ifft,complex64,8192,256,contiguous,,direct_ifft_complex64_8192_256_contiguous_,10.5309696325,10.3576913243,0.068071957988,5,3,ok,
final_v3,direct,ifft,complex64,16384,1,contiguous,,direct_ifft_complex64_16384_1_contiguous_,0.107696354971,0.107224459643,0.000471895327792,5,200,ok,
final_v3,direct,ifft,complex64,16384,2,contiguous,,direct_ifft_complex64_16384_2_contiguous_,0.190566684334,0.190394969048,0.000156453237511,5,130,ok,
final_v3,direct,ifft,complex64,16384,8,contiguous,,direct_ifft_complex64_16384_8_contiguous_,0.670127698686,0.666263396852,0.00303925480694,5,20,ok,
final_v3,direct,ifft,complex64,16384,64,contiguous,,direct_ifft_complex64_16384_64_contiguous_,5.14672983748,5.12264267309,0.0238585053012,5,6,ok,
final_v3,direct,ifft,complex64,16384,256,contiguous,,direct_ifft_complex64_16384_256_contiguous_,23.1684979517,23.0699609965,0.0841900473461,5,1,ok,
final_v3,direct,ifft,complex64,32768,1,contiguous,,direct_ifft_complex64_32768_1_contiguous_,0.216955938212,0.215712611242,0.000771636810912,5,113,ok,
final_v3,direct,ifft,complex64,32768,2,contiguous,,direct_ifft_complex64_32768_2_contiguous_,0.393267349517,0.390962668,0.000427000313288,5,63,ok,
final_v3,direct,ifft,complex64,32768,8,contiguous,,direct_ifft_complex64_32768_8_contiguous_,1.41228339635,1.4113691519,0.000914244446903,5,20,ok,
final_v3,direct,ifft,complex64,32768,64,contiguous,,direct_ifft_complex64_32768_64_contiguous_,11.1288626601,11.1273296643,0.00153299576292,5,3,ok,
final_v3,direct,ifft,complex64,32768,256,contiguous,,direct_ifft_complex64_32768_256_contiguous_,47.8505729698,47.8075409774,0.0233850441873,5,1,ok,
final_v3,direct,ifft,complex64,65536,1,contiguous,,direct_ifft_complex64_65536_1_contiguous_,0.445199072211,0.443359500163,0.000672695542952,5,56,ok,
final_v3,direct,ifft,complex64,65536,2,contiguous,,direct_ifft_complex64_65536_2_contiguous_,0.843123451341,0.842710694997,0.000301550608128,5,20,ok,
final_v3,direct,ifft,complex64,65536,8,contiguous,,direct_ifft_complex64_65536_8_contiguous_,3.15346190473,3.135118098,0.0175582012162,5,10,ok,
final_v3,direct,ifft,complex64,65536,64,contiguous,,direct_ifft_complex64_65536_64_contiguous_,27.5487970794,27.4192210054,0.129576073959,5,1,ok,
final_v3,direct,ifft,complex64,65536,256,contiguous,,direct_ifft_complex64_65536_256_contiguous_,110.181452008,109.575333074,0.606118934229,5,1,ok,
final_v3,direct,ifft,complex128,1024,1,contiguous,,direct_ifft_complex128_1024_1_contiguous_,0.0112663238807,0.0112180510769,2.12670949457e-05,7,880,ok,
final_v3,direct,ifft,complex128,1024,2,contiguous,,direct_ifft_complex128_1024_2_contiguous_,0.0186829326624,0.0185556590884,6.93409134829e-05,7,519,ok,
final_v3,direct,ifft,complex128,1024,8,contiguous,,direct_ifft_complex128_1024_8_contiguous_,0.047730334918,0.0474377349019,0.000105350627564,7,200,ok,
final_v3,direct,ifft,complex128,1024,64,contiguous,,direct_ifft_complex128_1024_64_contiguous_,0.302099707968,0.300962793096,0.000246316364898,7,82,ok,
final_v3,direct,ifft,complex128,1024,256,contiguous,,direct_ifft_complex128_1024_256_contiguous_,1.17580330116,1.15848399582,0.0058525998611,7,20,ok,
final_v3,direct,ifft,complex128,2048,1,contiguous,,direct_ifft_complex128_2048_1_contiguous_,0.017748183422,0.0176656514264,8.25319956574e-05,7,720,ok,
final_v3,direct,ifft,complex128,2048,2,contiguous,,direct_ifft_complex128_2048_2_contiguous_,0.0325745677314,0.032443133174,0.000126888552977,7,421,ok,
final_v3,direct,ifft,complex128,2048,8,contiguous,,direct_ifft_complex128_2048_8_contiguous_,0.0917471351568,0.0913213251624,0.000121680204757,7,200,ok,
final_v3,direct,ifft,complex128,2048,64,contiguous,,direct_ifft_complex128_2048_64_contiguous_,0.634768203599,0.633387599373,0.000442349119112,7,20,ok,
final_v3,direct,ifft,complex128,2048,256,contiguous,,direct_ifft_complex128_2048_256_contiguous_,2.51462061603,2.50947007981,0.0032946968881,7,13,ok,
final_v3,direct,ifft,complex128,3072,1,contiguous,,direct_ifft_complex128_3072_1_contiguous_,0.0253375498384,0.0251150001228,0.000100729327338,7,240,ok,
final_v3,direct,ifft,complex128,3072,2,contiguous,,direct_ifft_complex128_3072_2_contiguous_,0.0472278299276,0.0467604002915,0.000178190530278,7,200,ok,
final_v3,direct,ifft,complex128,3072,8,contiguous,,direct_ifft_complex128_3072_8_contiguous_,0.138739106936,0.138105438719,0.000633668217264,7,178,ok,
final_v3,direct,ifft,complex128,3072,64,contiguous,,direct_ifft_complex128_3072_64_contiguous_,0.990919501055,0.988674751716,0.000902696046978,7,20,ok,
final_v3,direct,ifft,complex128,3072,256,contiguous,,direct_ifft_complex128_3072_256_contiguous_,3.98266837874,3.91054687498,0.0137324968819,7,8,ok,
final_v3,direct,ifft,complex128,3584,1,contiguous,,direct_ifft_complex128_3584_1_contiguous_,0.0289989397321,0.028654716516,5.27566693823e-05,7,448,ok,
final_v3,direct,ifft,complex128,3584,2,contiguous,,direct_ifft_complex128_3584_2_contiguous_,0.0537320552394,0.0528856052551,0.000645924592391,7,200,ok,
final_v3,direct,ifft,complex128,3584,8,contiguous,,direct_ifft_complex128_3584_8_contiguous_,0.164997458056,0.161295274297,0.0021405886323,7,153,ok,
final_v3,direct,ifft,complex128,3584,64,contiguous,,direct_ifft_complex128_3584_64_contiguous_,1.14450049587,1.13461324945,0.00970284454525,7,20,ok,
final_v3,direct,ifft,complex128,3584,256,contiguous,,direct_ifft_complex128_3584_256_contiguous_,4.4726171431,4.42593885652,0.0151487100603,7,7,ok,
final_v3,direct,ifft,complex128,4095,1,contiguous,,direct_ifft_complex128_4095_1_contiguous_,0.0395117400919,0.0392921360457,0.000140644176567,7,346,ok,
final_v3,direct,ifft,complex128,4095,2,contiguous,,direct_ifft_complex128_4095_2_contiguous_,0.0671533349669,0.0667888950557,0.000117275048979,7,200,ok,
final_v3,direct,ifft,complex128,4095,8,contiguous,,direct_ifft_complex128_4095_8_contiguous_,0.22840275408,0.227948263372,0.000442746518688,7,110,ok,
final_v3,direct,ifft,complex128,4095,64,contiguous,,direct_ifft_complex128_4095_64_contiguous_,1.73096664948,1.71755074989,0.00511269900016,7,20,ok,
final_v3,direct,ifft,complex128,4095,256,contiguous,,direct_ifft_complex128_4095_256_contiguous_,7.27517198538,7.21633550711,0.0588364782743,7,4,ok,
final_v3,direct,ifft,complex128,4096,1,contiguous,,direct_ifft_complex128_4096_1_contiguous_,0.0325547791852,0.0321381243163,0.000314022943869,7,394,ok,
final_v3,direct,ifft,complex128,4096,2,contiguous,,direct_ifft_complex128_4096_2_contiguous_,0.0594666751567,0.0592933449661,0.000138115137815,7,200,ok,
final_v3,direct,ifft,complex128,4096,8,contiguous,,direct_ifft_complex128_4096_8_contiguous_,0.1824584271,0.181736972776,0.000431263734671,7,110,ok,
final_v3,direct,ifft,complex128,4096,64,contiguous,,direct_ifft_complex128_4096_64_contiguous_,1.32446445059,1.30927119753,0.0124775979202,7,20,ok,
final_v3,direct,ifft,complex128,4096,256,contiguous,,direct_ifft_complex128_4096_256_contiguous_,5.80630921759,5.65962519031,0.0405247788876,7,5,ok,
final_v3,direct,ifft,complex128,4097,1,contiguous,,direct_ifft_complex128_4097_1_contiguous_,0.0960514898179,0.0959013600368,0.000111060217023,5,200,ok,
final_v3,direct,ifft,complex128,4097,2,contiguous,,direct_ifft_complex128_4097_2_contiguous_,0.177290772055,0.176391350604,0.000899421450283,5,140,ok,
final_v3,direct,ifft,complex128,4097,8,contiguous,,direct_ifft_complex128_4097_8_contiguous_,0.660029730785,0.657365512657,0.0019450262944,5,37,ok,
final_v3,direct,ifft,complex128,4097,64,contiguous,,direct_ifft_complex128_4097_64_contiguous_,5.15683400833,5.14728932952,0.00509800156578,5,6,ok,
final_v3,direct,ifft,complex128,4097,256,contiguous,,direct_ifft_complex128_4097_256_contiguous_,21.1312880274,20.9590109298,0.110218883492,5,1,ok,
final_v3,direct,ifft,complex128,4608,1,contiguous,,direct_ifft_complex128_4608_1_contiguous_,0.0363536796067,0.0361677299952,0.000185949611478,5,200,ok,
final_v3,direct,ifft,complex128,4608,2,contiguous,,direct_ifft_complex128_4608_2_contiguous_,0.0684893148718,0.0679167802446,8.8470405899e-05,5,200,ok,
final_v3,direct,ifft,complex128,4608,8,contiguous,,direct_ifft_complex128_4608_8_contiguous_,0.212019646605,0.210823069712,0.000984448104583,5,116,ok,
final_v3,direct,ifft,complex128,4608,64,contiguous,,direct_ifft_complex128_4608_64_contiguous_,1.54730415088,1.54310574871,0.00273669720627,5,20,ok,
final_v3,direct,ifft,complex128,4608,256,contiguous,,direct_ifft_complex128_4608_256_contiguous_,6.81848300155,6.73416738864,0.0256666215137,5,5,ok,
final_v3,direct,ifft,complex128,8192,1,contiguous,,direct_ifft_complex128_8192_1_contiguous_,0.0622190354625,0.0612986448687,0.000132404384203,5,200,ok,
final_v3,direct,ifft,complex128,8192,2,contiguous,,direct_ifft_complex128_8192_2_contiguous_,0.118887654971,0.118357155006,0.000112910056487,5,200,ok,
final_v3,direct,ifft,complex128,8192,8,contiguous,,direct_ifft_complex128_8192_8_contiguous_,0.372739614417,0.371052876401,0.00101392193196,5,65,ok,
final_v3,direct,ifft,complex128,8192,64,contiguous,,direct_ifft_complex128_8192_64_contiguous_,2.83407881348,2.81446900176,0.0134737294337,5,11,ok,
final_v3,direct,ifft,complex128,8192,256,contiguous,,direct_ifft_complex128_8192_256_contiguous_,13.6282414896,13.4685040102,0.142605509609,5,2,ok,
final_v3,direct,ifft,complex128,16384,1,contiguous,,direct_ifft_complex128_16384_1_contiguous_,0.120769191702,0.120268616964,2.25480378388e-05,5,188,ok,
final_v3,direct,ifft,complex128,16384,2,contiguous,,direct_ifft_complex128_16384_2_contiguous_,0.213318368078,0.212133470047,0.000952914134305,5,117,ok,
final_v3,direct,ifft,complex128,16384,8,contiguous,,direct_ifft_complex128_16384_8_contiguous_,0.757279299432,0.752133049536,0.00514624989592,5,20,ok,
final_v3,direct,ifft,complex128,16384,64,contiguous,,direct_ifft_complex128_16384_64_contiguous_,6.34213259909,6.23849220574,0.103640393354,5,5,ok,
final_v3,direct,ifft,complex128,16384,256,contiguous,,direct_ifft_complex128_16384_256_contiguous_,28.1930780038,27.9537040042,0.239373999648,5,1,ok,
final_v3,direct,ifft,complex128,32768,1,contiguous,,direct_ifft_complex128_32768_1_contiguous_,0.247279041658,0.246350360631,0.000928681026952,5,97,ok,
final_v3,direct,ifft,complex128,32768,2,contiguous,,direct_ifft_complex128_32768_2_contiguous_,0.444610184921,0.441926221053,0.0018763325729,5,54,ok,
final_v3,direct,ifft,complex128,32768,8,contiguous,,direct_ifft_complex128_32768_8_contiguous_,1.81874482865,1.79790711606,0.0154575305607,5,17,ok,
final_v3,direct,ifft,complex128,32768,64,contiguous,,direct_ifft_complex128_32768_64_contiguous_,15.7405984937,15.6422224827,0.0983760110103,5,2,ok,
final_v3,direct,ifft,complex128,32768,256,contiguous,,direct_ifft_complex128_32768_256_contiguous_,60.6318090577,60.2806840325,0.271493103355,5,1,ok,
final_v3,direct,ifft,complex128,65536,1,contiguous,,direct_ifft_complex128_65536_1_contiguous_,0.495705347299,0.491830855323,0.00150795854932,5,49,ok,
final_v3,direct,ifft,complex128,65536,2,contiguous,,direct_ifft_complex128_65536_2_contiguous_,0.925437454134,0.923958647763,0.0010454969015,5,20,ok,
final_v3,direct,ifft,complex128,65536,8,contiguous,,direct_ifft_complex128_65536_8_contiguous_,3.61984633168,3.50929910524,0.0655820024096,5,9,ok,
final_v3,direct,ifft,complex128,65536,64,contiguous,,direct_ifft_complex128_65536_64_contiguous_,32.7146149939,32.6140639372,0.100551056676,5,1,ok,
final_v3,direct,ifft,complex128,65536,256,contiguous,,direct_ifft_complex128_65536_256_contiguous_,129.869073979,129.529831,0.229915953241,5,1,ok,
final_v3,direct,rfft,float32,1024,1,contiguous,,direct_rfft_float32_1024_1_contiguous_,0.00748998392196,0.00747406653129,1.49573235713e-05,7,1053,ok,
final_v3,direct,rfft,float32,1024,2,contiguous,,direct_rfft_float32_1024_2_contiguous_,0.0091509934769,0.00914248012182,8.5133550784e-06,7,1231,ok,
final_v3,direct,rfft,float32,1024,8,contiguous,,direct_rfft_float32_1024_8_contiguous_,0.01740007021,0.0173403555527,3.39647522196e-05,7,200,ok,
final_v3,direct,rfft,float32,1024,64,contiguous,,direct_rfft_float32_1024_64_contiguous_,0.0973014050396,0.0971556798322,9.69797838479e-05,7,200,ok,
final_v3,direct,rfft,float32,1024,256,contiguous,,direct_rfft_float32_1024_256_contiguous_,0.370308151469,0.369066250278,0.000669748988003,7,20,ok,
final_v3,direct,rfft,float32,2048,1,contiguous,,direct_rfft_float32_2048_1_contiguous_,0.0107550503836,0.0106912994199,1.84621125486e-05,7,1132,ok,
final_v3,direct,rfft,float32,2048,2,contiguous,,direct_rfft_float32_2048_2_contiguous_,0.0142773799395,0.0142556233647,2.17565748125e-05,7,916,ok,
final_v3,direct,rfft,float32,2048,8,contiguous,,direct_rfft_float32_2048_8_contiguous_,0.031920929905,0.0316619401565,0.000258989748545,7,200,ok,
final_v3,direct,rfft,float32,2048,64,contiguous,,direct_rfft_float32_2048_64_contiguous_,0.200526445406,0.199420354329,0.000631698640063,7,20,ok,
final_v3,direct,rfft,float32,2048,256,contiguous,,direct_rfft_float32_2048_256_contiguous_,0.776412052801,0.771368551068,0.00207590055652,7,20,ok,
final_v3,direct,rfft,float32,3072,1,contiguous,,direct_rfft_float32_3072_1_contiguous_,0.0139533768495,0.0139243602341,2.90166154422e-05,7,905,ok,
final_v3,direct,rfft,float32,3072,2,contiguous,,direct_rfft_float32_3072_2_contiguous_,0.0200587545987,0.0198484549765,0.000128144747578,7,200,ok,
final_v3,direct,rfft,float32,3072,8,contiguous,,direct_rfft_float32_3072_8_contiguous_,0.0449090899201,0.0445839198073,0.000209599966183,7,200,ok,
final_v3,direct,rfft,float32,3072,64,contiguous,,direct_rfft_float32_3072_64_contiguous_,0.293002149556,0.291715754429,0.000774505315349,7,20,ok,
final_v3,direct,rfft,float32,3072,256,contiguous,,direct_rfft_float32_3072_256_contiguous_,1.16548975348,1.14750714856,0.00439084833488,7,20,ok,
final_v3,direct,rfft,float32,3584,1,contiguous,,direct_rfft_float32_3584_1_contiguous_,0.018123680107,0.0179906715098,7.76513579864e-05,7,697,ok,
final_v3,direct,rfft,float32,3584,2,contiguous,,direct_rfft_float32_3584_2_contiguous_,0.0298105849652,0.0296597450506,9.62300691754e-05,7,200,ok,
final_v3,direct,rfft,float32,3584,8,contiguous,,direct_rfft_float32_3584_8_contiguous_,0.0562616001116,0.055868155323,0.000338440295309,7,200,ok,
final_v3,direct,rfft,float32,3584,64,contiguous,,direct_rfft_float32_3584_64_contiguous_,0.376166246133,0.375064654509,0.000525458017364,7,20,ok,
final_v3,direct,rfft,float32,3584,256,contiguous,,direct_rfft_float32_3584_256_contiguous_,1.49676139699,1.49098350084,0.00548484385945,7,20,ok,
final_v3,direct,rfft,float32,4095,1,contiguous,,direct_rfft_float32_4095_1_contiguous_,0.0247668214201,0.0245613256321,0.000202168168563,7,476,ok,
final_v3,direct,rfft,float32,4095,2,contiguous,,direct_rfft_float32_4095_2_contiguous_,0.0377703650156,0.0367769302102,0.000821005087346,7,200,ok,
final_v3,direct,rfft,float32,4095,8,contiguous,,direct_rfft_float32_4095_8_contiguous_,0.0714672601316,0.0711808149936,0.00026830995921,7,200,ok,
final_v3,direct,rfft,float32,4095,64,contiguous,,direct_rfft_float32_4095_64_contiguous_,0.497359852307,0.493212998845,0.00207395059988,7,20,ok,
final_v3,direct,rfft,float32,4095,256,contiguous,,direct_rfft_float32_4095_256_contiguous_,1.97349153185,1.96635740919,0.00428282381857,7,17,ok,
final_v3,direct,rfft,float32,4096,1,contiguous,,direct_rfft_float32_4096_1_contiguous_,0.0169543281144,0.016849957959,0.000104370155418,7,762,ok,
final_v3,direct,rfft,float32,4096,2,contiguous,,direct_rfft_float32_4096_2_contiguous_,0.0255038752221,0.0248861504951,0.00055295007769,7,200,ok,
final_v3,direct,rfft,float32,4096,8,contiguous,,direct_rfft_float32_4096_8_contiguous_,0.0586713646771,0.0582335854415,0.000128495739773,7,200,ok,
final_v3,direct,rfft,float32,4096,64,contiguous,,direct_rfft_float32_4096_64_contiguous_,0.40201570373,0.396642048145,0.00293105258606,7,20,ok,
final_v3,direct,rfft,float32,4096,256,contiguous,,direct_rfft_float32_4096_256_contiguous_,1.57524615061,1.57011595438,0.00161554780789,7,20,ok,
final_v3,direct,rfft,float32,4097,1,contiguous,,direct_rfft_float32_4097_1_contiguous_,0.10762952501,0.107510755188,0.000118769821711,5,200,ok,
final_v3,direct,rfft,float32,4097,2,contiguous,,direct_rfft_float32_4097_2_contiguous_,0.198558731027,0.198453576758,0.000105154268989,5,123,ok,
final_v3,direct,rfft,float32,4097,8,contiguous,,direct_rfft_float32_4097_8_contiguous_,0.205560057224,0.205182561782,0.000368379448995,5,121,ok,
final_v3,direct,rfft,float32,4097,64,contiguous,,direct_rfft_float32_4097_64_contiguous_,1.55152220395,1.54953690362,0.00181489740498,5,20,ok,
final_v3,direct,rfft,float32,4097,256,contiguous,,direct_rfft_float32_4097_256_contiguous_,6.10696279909,6.10274099745,0.00422180164605,5,5,ok,
final_v3,direct,rfft,float32,4608,1,contiguous,,direct_rfft_float32_4608_1_contiguous_,0.0211382104317,0.0199183297809,0.00101919576991,5,200,ok,
final_v3,direct,rfft,float32,4608,2,contiguous,,direct_rfft_float32_4608_2_contiguous_,0.0297152547864,0.0295608100714,3.44699947163e-05,5,200,ok,
final_v3,direct,rfft,float32,4608,8,contiguous,,direct_rfft_float32_4608_8_contiguous_,0.0646125647472,0.0642961100675,0.000142519711517,5,200,ok,
final_v3,direct,rfft,float32,4608,64,contiguous,,direct_rfft_float32_4608_64_contiguous_,0.442101201043,0.43800335261,0.00200275098905,5,20,ok,
final_v3,direct,rfft,float32,4608,256,contiguous,,direct_rfft_float32_4608_256_contiguous_,1.72542240471,1.72080760822,0.00225841067731,5,5,ok,
final_v3,direct,rfft,float32,8192,1,contiguous,,direct_rfft_float32_8192_1_contiguous_,0.0325018854346,0.0324345496483,4.09799395129e-05,5,200,ok,
final_v3,direct,rfft,float32,8192,2,contiguous,,direct_rfft_float32_8192_2_contiguous_,0.0490360398544,0.0486518052639,6.32752198726e-05,5,200,ok,
final_v3,direct,rfft,float32,8192,8,contiguous,,direct_rfft_float32_8192_8_contiguous_,0.116419705446,0.116251330473,0.000168374972418,5,200,ok,
final_v3,direct,rfft,float32,8192,64,contiguous,,direct_rfft_float32_8192_64_contiguous_,0.861107651144,0.852876895806,0.00352520146407,5,20,ok,
final_v3,direct,rfft,float32,8192,256,contiguous,,direct_rfft_float32_8192_256_contiguous_,3.40887859929,3.3807890024,0.00589739065617,5,5,ok,
final_v3,direct,rfft,float32,16384,1,contiguous,,direct_rfft_float32_16384_1_contiguous_,0.0706443953095,0.0705296802334,0.000114715076052,5,200,ok,
final_v3,direct,rfft,float32,16384,2,contiguous,,direct_rfft_float32_16384_2_contiguous_,0.12615993835,0.126142381239,1.75571107526e-05,5,194,ok,
final_v3,direct,rfft,float32,16384,8,contiguous,,direct_rfft_float32_16384_8_contiguous_,0.266968848882,0.25939035113,0.00104599748738,5,20,ok,
final_v3,direct,rfft,float32,16384,64,contiguous,,direct_rfft_float32_16384_64_contiguous_,2.26637892359,2.25493928052,0.00187427836603,5,14,ok,
final_v3,direct,rfft,float32,16384,256,contiguous,,direct_rfft_float32_16384_256_contiguous_,9.11032602501,9.04907903168,0.0315906945616,5,3,ok,
final_v3,direct,rfft,float32,32768,1,contiguous,,direct_rfft_float32_32768_1_contiguous_,0.137846295573,0.137103455604,0.000587811269219,5,169,ok,
final_v3,direct,rfft,float32,32768,2,contiguous,,direct_rfft_float32_32768_2_contiguous_,0.263859999807,0.263487462014,0.00037253779229,5,93,ok,
final_v3,direct,rfft,float32,32768,8,contiguous,,direct_rfft_float32_32768_8_contiguous_,0.536386400927,0.532377202762,0.00230240402743,5,20,ok,
final_v3,direct,rfft,float32,32768,64,contiguous,,direct_rfft_float32_32768_64_contiguous_,4.31894839276,4.30586540606,0.0130829866976,5,5,ok,
final_v3,direct,rfft,float32,32768,256,contiguous,,direct_rfft_float32_32768_256_contiguous_,19.9512699619,19.8397169588,0.0623490195721,5,1,ok,
final_v3,direct,rfft,float32,65536,1,contiguous,,direct_rfft_float32_65536_1_contiguous_,0.274391131025,0.273459912073,0.000418812435653,5,91,ok,
final_v3,direct,rfft,float32,65536,2,contiguous,,direct_rfft_float32_65536_2_contiguous_,0.560362701071,0.556451745797,0.0013560988009,5,20,ok,
final_v3,direct,rfft,float32,65536,8,contiguous,,direct_rfft_float32_65536_8_contiguous_,1.1054291972,1.0993891512,0.00333790667355,5,20,ok,
final_v3,direct,rfft,float32,65536,64,contiguous,,direct_rfft_float32_65536_64_contiguous_,8.86156701017,8.77668801695,0.0310793208579,5,3,ok,
final_v3,direct,rfft,float32,65536,256,contiguous,,direct_rfft_float32_65536_256_contiguous_,39.227309986,39.0771720558,0.137012917548,5,1,ok,
final_v3,direct,rfft,float64,1024,1,contiguous,,direct_rfft_float64_1024_1_contiguous_,0.0072402378266,0.00719422249739,3.4754409715e-05,7,1299,ok,
final_v3,direct,rfft,float64,1024,2,contiguous,,direct_rfft_float64_1024_2_contiguous_,0.0080220925156,0.00789163192278,5.55026168465e-06,7,1372,ok,
final_v3,direct,rfft,float64,1024,8,contiguous,,direct_rfft_float64_1024_8_contiguous_,0.0245337502565,0.0242086249636,0.000250525190495,7,200,ok,
final_v3,direct,rfft,float64,1024,64,contiguous,,direct_rfft_float64_1024_64_contiguous_,0.154073110833,0.153973172591,9.99382421098e-05,7,162,ok,
final_v3,direct,rfft,float64,1024,256,contiguous,,direct_rfft_float64_1024_256_contiguous_,0.591326446738,0.586535246111,0.00414794776589,7,20,ok,
final_v3,direct,rfft,float64,2048,1,contiguous,,direct_rfft_float64_2048_1_contiguous_,0.010820614744,0.0106988051342,2.73153240288e-05,7,1129,ok,
final_v3,direct,rfft,float64,2048,2,contiguous,,direct_rfft_float64_2048_2_contiguous_,0.0129681511281,0.0128933093943,2.00274783787e-05,7,979,ok,
final_v3,direct,rfft,float64,2048,8,contiguous,,direct_rfft_float64_2048_8_contiguous_,0.0464999955148,0.0461717147846,0.000328280730173,7,200,ok,
final_v3,direct,rfft,float64,2048,64,contiguous,,direct_rfft_float64_2048_64_contiguous_,0.326533202315,0.324583495967,0.00194970634766,7,20,ok,
final_v3,direct,rfft,float64,2048,256,contiguous,,direct_rfft_float64_2048_256_contiguous_,1.2684383546,1.26262275153,0.0021866930183,7,20,ok,
final_v3,direct,rfft,float64,3072,1,contiguous,,direct_rfft_float64_3072_1_contiguous_,0.0142956080814,0.0142314964039,6.41116774966e-05,7,860,ok,
final_v3,direct,rfft,float64,3072,2,contiguous,,direct_rfft_float64_3072_2_contiguous_,0.0169173401082,0.0166816898854,0.000209049903788,7,200,ok,
final_v3,direct,rfft,float64,3072,8,contiguous,,direct_rfft_float64_3072_8_contiguous_,0.0679781503277,0.0673522049328,0.000496649881825,7,200,ok,
final_v3,direct,rfft,float64,3072,64,contiguous,,direct_rfft_float64_3072_64_contiguous_,0.476955797058,0.472644047113,0.00431174994446,7,20,ok,
final_v3,direct,rfft,float64,3072,256,contiguous,,direct_rfft_float64_3072_256_contiguous_,1.88173499838,1.86102039232,0.0178591645737,7,18,ok,
final_v3,direct,rfft,float64,3584,1,contiguous,,direct_rfft_float64_3584_1_contiguous_,0.0167769231492,0.0167471631882,2.97599610172e-05,7,742,ok,
final_v3,direct,rfft,float64,3584,2,contiguous,,direct_rfft_float64_3584_2_contiguous_,0.0264995603357,0.0264134898316,8.60705040395e-05,7,200,ok,
final_v3,direct,rfft,float64,3584,8,contiguous,,direct_rfft_float64_3584_8_contiguous_,0.086850275402,0.0865424401127,7.19353556633e-05,7,200,ok,
final_v3,direct,rfft,float64,3584,64,contiguous,,direct_rfft_float64_3584_64_contiguous_,0.627916899975,0.627331249416,0.00050445087254,7,20,ok,
final_v3,direct,rfft,float64,3584,256,contiguous,,direct_rfft_float64_3584_256_contiguous_,2.47768730892,2.47336438714,0.00262269392036,7,13,ok,
final_v3,direct,rfft,float64,4095,1,contiguous,,direct_rfft_float64_4095_1_contiguous_,0.0248709215893,0.02482866616,4.22554293235e-05,7,524,ok,
final_v3,direct,rfft,float64,4095,2,contiguous,,direct_rfft_float64_4095_2_contiguous_,0.0309446553001,0.0307246349985,0.000167569960468,7,200,ok,
final_v3,direct,rfft,float64,4095,8,contiguous,,direct_rfft_float64_4095_8_contiguous_,0.113320734818,0.112257549772,0.000566630042158,7,200,ok,
final_v3,direct,rfft,float64,4095,64,contiguous,,direct_rfft_float64_4095_64_contiguous_,0.846384000033,0.836071750382,0.00365294981748,7,20,ok,
final_v3,direct,rfft,float64,4095,256,contiguous,,direct_rfft_float64_4095_256_contiguous_,3.35020249477,3.33640610334,0.00954120187089,7,10,ok,
final_v3,direct,rfft,float64,4096,1,contiguous,,direct_rfft_float64_4096_1_contiguous_,0.0180423983425,0.017675230801,0.000235341888453,7,693,ok,
final_v3,direct,rfft,float64,4096,2,contiguous,,direct_rfft_float64_4096_2_contiguous_,0.0218246201985,0.0213973055361,9.03697218746e-05,7,200,ok,
final_v3,direct,rfft,float64,4096,8,contiguous,,direct_rfft_float64_4096_8_contiguous_,0.08961751475,0.0893516599899,0.000181145151146,7,200,ok,
final_v3,direct,rfft,float64,4096,64,contiguous,,direct_rfft_float64_4096_64_contiguous_,0.648731651017,0.642757746391,0.00315899960697,7,20,ok,
final_v3,direct,rfft,float64,4096,256,contiguous,,direct_rfft_float64_4096_256_contiguous_,2.57412007508,2.5666234567,0.00749661837919,7,13,ok,
final_v3,direct,rfft,float64,4097,1,contiguous,,direct_rfft_float64_4097_1_contiguous_,0.0930266850628,0.0929174298653,0.000109255197458,5,200,ok,
final_v3,direct,rfft,float64,4097,2,contiguous,,direct_rfft_float64_4097_2_contiguous_,0.157053778361,0.156599677557,0.000429620429921,5,158,ok,
final_v3,direct,rfft,float64,4097,8,contiguous,,direct_rfft_float64_4097_8_contiguous_,0.376319702117,0.376012238827,0.000208447715129,5,67,ok,
final_v3,direct,rfft,float64,4097,64,contiguous,,direct_rfft_float64_4097_64_contiguous_,2.95762490185,2.94721318113,0.00482282220301,5,11,ok,
final_v3,direct,rfft,float64,4097,256,contiguous,,direct_rfft_float64_4097_256_contiguous_,11.8068055017,11.7597554927,0.0235349871218,5,2,ok,
final_v3,direct,rfft,float64,4608,1,contiguous,,direct_rfft_float64_4608_1_contiguous_,0.0206877448363,0.0203645299189,0.000323214917444,5,200,ok,
final_v3,direct,rfft,float64,4608,2,contiguous,,direct_rfft_float64_4608_2_contiguous_,0.0243533053435,0.0240336946445,7.70442420617e-05,5,200,ok,
final_v3,direct,rfft,float64,4608,8,contiguous,,direct_rfft_float64_4608_8_contiguous_,0.1002768951,0.10009329475,0.000183600350283,5,200,ok,
final_v3,direct,rfft,float64,4608,64,contiguous,,direct_rfft_float64_4608_64_contiguous_,0.737626047339,0.735652801814,0.000830547651276,5,20,ok,
final_v3,direct,rfft,float64,4608,256,contiguous,,direct_rfft_float64_4608_256_contiguous_,2.93183058966,2.91672979947,0.0133975874633,5,5,ok,
final_v3,direct,rfft,float64,8192,1,contiguous,,direct_rfft_float64_8192_1_contiguous_,0.0336763303494,0.0334662251407,0.000185560202226,5,200,ok,
final_v3,direct,rfft,float64,8192,2,contiguous,,direct_rfft_float64_8192_2_contiguous_,0.0411506148521,0.040956644807,0.000193970045075,5,200,ok,
final_v3,direct,rfft,float64,8192,8,contiguous,,direct_rfft_float64_8192_8_contiguous_,0.186356856782,0.184603804841,0.00056220197532,5,133,ok,
final_v3,direct,rfft,float64,8192,64,contiguous,,direct_rfft_float64_8192_64_contiguous_,1.40321445069,1.39673909871,0.00304679851979,5,20,ok,
final_v3,direct,rfft,float64,8192,256,contiguous,,direct_rfft_float64_8192_256_contiguous_,5.85638340563,5.70651900489,0.0568286050111,5,5,ok,
final_v3,direct,rfft,float64,16384,1,contiguous,,direct_rfft_float64_16384_1_contiguous_,0.0705940002808,0.0696664251154,0.000856385449879,5,200,ok,
final_v3,direct,rfft,float64,16384,2,contiguous,,direct_rfft_float64_16384_2_contiguous_,0.115159575084,0.113691642417,0.000243517932111,5,193,ok,
final_v3,direct,rfft,float64,16384,8,contiguous,,direct_rfft_float64_16384_8_contiguous_,0.437805947149,0.435574701987,0.00209099962376,5,20,ok,
final_v3,direct,rfft,float64,16384,64,contiguous,,direct_rfft_float64_16384_64_contiguous_,3.41662143668,3.37650021538,0.0058100041416,5,9,ok,
final_v3,direct,rfft,float64,16384,256,contiguous,,direct_rfft_float64_16384_256_contiguous_,15.5748890247,15.3400150011,0.212917046156,5,2,ok,
final_v3,direct,rfft,float64,32768,1,contiguous,,direct_rfft_float64_32768_1_contiguous_,0.170975098048,0.169616203162,0.000515251772127,5,143,ok,
final_v3,direct,rfft,float64,32768,2,contiguous,,direct_rfft_float64_32768_2_contiguous_,0.232763656631,0.231371292929,0.00106851509161,5,99,ok,
final_v3,direct,rfft,float64,32768,8,contiguous,,direct_rfft_float64_32768_8_contiguous_,0.901997799519,0.899635796668,0.00236200285144,5,20,ok,
final_v3,direct,rfft,float64,32768,64,contiguous,,direct_rfft_float64_32768_64_contiguous_,7.0766005083,7.04899276025,0.0276077480521,5,4,ok,
final_v3,direct,rfft,float64,32768,256,contiguous,,direct_rfft_float64_32768_256_contiguous_,32.7792629832,32.3234510142,0.244337017648,5,1,ok,
final_v3,direct,rfft,float64,65536,1,contiguous,,direct_rfft_float64_65536_1_contiguous_,0.356665499139,0.352465705124,0.00183586791322,5,68,ok,
final_v3,direct,rfft,float64,65536,2,contiguous,,direct_rfft_float64_65536_2_contiguous_,0.500633049523,0.496483099414,0.00235199695453,5,20,ok,
final_v3,direct,rfft,float64,65536,8,contiguous,,direct_rfft_float64_65536_8_contiguous_,1.88316216615,1.87615988802,0.00499733464999,5,18,ok,
final_v3,direct,rfft,float64,65536,64,contiguous,,direct_rfft_float64_65536_64_contiguous_,17.1136555145,17.005884496,0.10777101852,5,2,ok,
final_v3,direct,rfft,float64,65536,256,contiguous,,direct_rfft_float64_65536_256_contiguous_,67.0589150395,66.9602249982,0.0986900413409,5,1,ok,
final_v3,direct,irfft,complex64,1024,1,contiguous,,direct_irfft_complex64_1024_1_contiguous_,0.00946738685437,0.00909878332911,0.000278818960992,7,928,ok,
final_v3,direct,irfft,complex64,1024,2,contiguous,,direct_irfft_complex64_1024_2_contiguous_,0.0102639707034,0.00999005035507,4.47655291102e-05,7,1092,ok,
final_v3,direct,irfft,complex64,1024,8,contiguous,,direct_irfft_complex64_1024_8_contiguous_,0.0156765151769,0.0155986199388,6.32752198726e-05,7,200,ok,
final_v3,direct,irfft,complex64,1024,64,contiguous,,direct_irfft_complex64_1024_64_contiguous_,0.0829382002121,0.0827592599671,0.000146729289554,7,200,ok,
final_v3,direct,irfft,complex64,1024,256,contiguous,,direct_irfft_complex64_1024_256_contiguous_,0.307313498342,0.306942750467,0.000370747875422,7,20,ok,
final_v3,direct,irfft,complex64,2048,1,contiguous,,direct_irfft_complex64_2048_1_contiguous_,0.0141713910559,0.0140464851588,0.000111854297681,7,872,ok,
final_v3,direct,irfft,complex64,2048,2,contiguous,,direct_irfft_complex64_2048_2_contiguous_,0.0154487853274,0.0154109794166,2.05692813807e-05,7,829,ok,
final_v3,direct,irfft,complex64,2048,8,contiguous,,direct_irfft_complex64_2048_8_contiguous_,0.0280719652073,0.0277915300103,0.000164414523169,7,200,ok,
final_v3,direct,irfft,complex64,2048,64,contiguous,,direct_irfft_complex64_2048_64_contiguous_,0.168261647923,0.167876901105,0.000288104638457,7,20,ok,
final_v3,direct,irfft,complex64,2048,256,contiguous,,direct_irfft_complex64_2048_256_contiguous_,0.669019448105,0.667315197643,0.00148685066961,7,20,ok,
final_v3,direct,irfft,complex64,3072,1,contiguous,,direct_irfft_complex64_3072_1_contiguous_,0.019103094625,0.0190502326298,3.16216176874e-05,7,666,ok,
final_v3,direct,irfft,complex64,3072,2,contiguous,,direct_irfft_complex64_3072_2_contiguous_,0.0212824851042,0.0212127499981,6.24195672572e-05,7,200,ok,
final_v3,direct,irfft,complex64,3072,8,contiguous,,direct_irfft_complex64_3072_8_contiguous_,0.0383860303555,0.0380821997533,0.000104150385596,7,200,ok,
final_v3,direct,irfft,complex64,3072,64,contiguous,,direct_irfft_complex64_3072_64_contiguous_,0.24256320321,0.242006598273,0.000523001654074,7,20,ok,
final_v3,direct,irfft,complex64,3072,256,contiguous,,direct_irfft_complex64_3072_256_contiguous_,0.940127699869,0.938442995539,0.000684801489115,7,20,ok,
final_v3,direct,irfft,complex64,3584,1,contiguous,,direct_irfft_complex64_3584_1_contiguous_,0.0193176346418,0.0192950661749,1.9045021469e-05,7,665,ok,
final_v3,direct,irfft,complex64,3584,2,contiguous,,direct_irfft_complex64_3584_2_contiguous_,0.0306884146994,0.0305909302551,7.95000232756e-05,7,200,ok,
final_v3,direct,irfft,complex64,3584,8,contiguous,,direct_irfft_complex64_3584_8_contiguous_,0.0468899850966,0.0467792246491,0.000110760447569,7,200,ok,
final_v3,direct,irfft,complex64,3584,64,contiguous,,direct_irfft_complex64_3584_64_contiguous_,0.299227499636,0.298728601774,0.000498897861689,7,20,ok,
final_v3,direct,irfft,complex64,3584,256,contiguous,,direct_irfft_complex64_3584_256_contiguous_,1.17268830072,1.16844219738,0.00127594685182,7,20,ok,
final_v3,direct,irfft,complex64,4095,1,contiguous,,direct_irfft_complex64_4095_1_contiguous_,0.0486012047784,0.0484452462438,4.03856069574e-05,7,288,ok,
final_v3,direct,irfft,complex64,4095,2,contiguous,,direct_irfft_complex64_4095_2_contiguous_,0.0808736501494,0.0806558848126,7.4990093708e-05,7,200,ok,
final_v3,direct,irfft,complex64,4095,8,contiguous,,direct_irfft_complex64_4095_8_contiguous_,0.103235500283,0.102754430263,4.22750599682e-05,7,200,ok,
final_v3,direct,irfft,complex64,4095,64,contiguous,,direct_irfft_complex64_4095_64_contiguous_,0.75283315382,0.748226349242,0.000786496093497,7,20,ok,
final_v3,direct,irfft,complex64,4095,256,contiguous,,direct_irfft_complex64_4095_256_contiguous_,2.97896381976,2.97719318504,0.00104481693019,7,11,ok,
final_v3,direct,irfft,complex64,4096,1,contiguous,,direct_irfft_complex64_4096_1_contiguous_,0.0236010306075,0.0235125425425,5.43000638e-05,7,553,ok,
final_v3,direct,irfft,complex64,4096,2,contiguous,,direct_irfft_complex64_4096_2_contiguous_,0.0267223850824,0.0265122298151,0.000120530021377,7,200,ok,
final_v3,direct,irfft,complex64,4096,8,contiguous,,direct_irfft_complex64_4096_8_contiguous_,0.0506723701255,0.0503044150537,6.00650673732e-05,7,200,ok,
final_v3,direct,irfft,complex64,4096,64,contiguous,,direct_irfft_complex64_4096_64_contiguous_,0.338647852186,0.337428052444,0.000470451777801,7,20,ok,
final_v3,direct,irfft,complex64,4096,256,contiguous,,direct_irfft_complex64_4096_256_contiguous_,1.30036534974,1.29563380033,0.00434074900113,7,20,ok,
final_v3,direct,irfft,complex64,4097,1,contiguous,,direct_irfft_complex64_4097_1_contiguous_,0.0234976701904,0.0234183704015,7.92997889221e-05,5,200,ok,
final_v3,direct,irfft,complex64,4097,2,contiguous,,direct_irfft_complex64_4097_2_contiguous_,0.0266556098359,0.026583269937,7.23398989066e-05,5,200,ok,
final_v3,direct,irfft,complex64,4097,8,contiguous,,direct_irfft_complex64_4097_8_contiguous_,0.0503896799637,0.0502761098323,0.000113570131361,5,200,ok,
final_v3,direct,irfft,complex64,4097,64,contiguous,,direct_irfft_complex64_4097_64_contiguous_,0.333499995759,0.331413053209,0.00208694254979,5,20,ok,
final_v3,direct,irfft,complex64,4097,256,contiguous,,direct_irfft_complex64_4097_256_contiguous_,1.30470821168,1.29396561533,0.00500958412886,5,5,ok,
final_v3,direct,irfft,complex64,4608,1,contiguous,,direct_irfft_complex64_4608_1_contiguous_,0.0278412248008,0.0277325150091,9.10746166483e-05,5,200,ok,
final_v3,direct,irfft,complex64,4608,2,contiguous,,direct_irfft_complex64_4608_2_contiguous_,0.0310666399309,0.0309713598108,2.73005571216e-05,5,200,ok,
final_v3,direct,irfft,complex64,4608,8,contiguous,,direct_irfft_complex64_4608_8_contiguous_,0.0550110102631,0.054925394943,4.24304744229e-05,5,200,ok,
final_v3,direct,irfft,complex64,4608,64,contiguous,,direct_irfft_complex64_4608_64_contiguous_,0.348337902687,0.347691151546,0.000426295446232,5,20,ok,
final_v3,direct,irfft,complex64,4608,256,contiguous,,direct_irfft_complex64_4608_256_contiguous_,1.36781879701,1.36170319747,0.00457679852843,5,5,ok,
final_v3,direct,irfft,complex64,8192,1,contiguous,,direct_irfft_complex64_8192_1_contiguous_,0.0451716501266,0.0451444997452,2.71503813565e-05,5,200,ok,
final_v3,direct,irfft,complex64,8192,2,contiguous,,direct_irfft_complex64_8192_2_contiguous_,0.0512786296895,0.0511923647719,6.29748683423e-05,5,200,ok,
final_v3,direct,irfft,complex64,8192,8,contiguous,,direct_irfft_complex64_8192_8_contiguous_,0.099875224987,0.0992514350219,0.000249479780905,5,200,ok,
final_v3,direct,irfft,complex64,8192,64,contiguous,,direct_irfft_complex64_8192_64_contiguous_,0.725786451949,0.724463397637,0.0013230543118,5,20,ok,
final_v3,direct,irfft,complex64,8192,256,contiguous,,direct_irfft_complex64_8192_256_contiguous_,2.82546519302,2.81374100596,0.00370701309294,5,5,ok,
final_v3,direct,irfft,complex64,16384,1,contiguous,,direct_irfft_complex64_16384_1_contiguous_,0.0748316501267,0.074549264973,0.000194425228983,5,200,ok,
final_v3,direct,irfft,complex64,16384,2,contiguous,,direct_irfft_complex64_16384_2_contiguous_,0.129513275933,0.129206668848,0.000107884201226,5,181,ok,
final_v3,direct,irfft,complex64,16384,8,contiguous,,direct_irfft_complex64_16384_8_contiguous_,0.254820601549,0.253932445776,0.000888155773282,5,20,ok,
final_v3,direct,irfft,complex64,16384,64,contiguous,,direct_irfft_complex64_16384_64_contiguous_,1.89421229366,1.8924754113,0.00173688236186,5,17,ok,
final_v3,direct,irfft,complex64,16384,256,contiguous,,direct_irfft_complex64_16384_256_contiguous_,6.94804820232,6.84858621098,0.0438538147137,5,5,ok,
final_v3,direct,irfft,complex64,32768,1,contiguous,,direct_irfft_complex64_32768_1_contiguous_,0.135464405563,0.135017661119,0.000252094145657,5,180,ok,
final_v3,direct,irfft,complex64,32768,2,contiguous,,direct_irfft_complex64_32768_2_contiguous_,0.262044305227,0.260662199243,0.00138210598379,5,95,ok,
final_v3,direct,irfft,complex64,32768,8,contiguous,,direct_irfft_complex64_32768_8_contiguous_,0.487779499963,0.483662099577,0.00213860184886,5,20,ok,
final_v3,direct,irfft,complex64,32768,64,contiguous,,direct_irfft_complex64_32768_64_contiguous_,3.83203560486,3.81948959548,0.00229440629482,5,5,ok,
final_v3,direct,irfft,complex64,32768,256,contiguous,,direct_irfft_complex64_32768_256_contiguous_,17.6005670801,17.4435860245,0.0337240053341,5,1,ok,
final_v3,direct,irfft,complex64,65536,1,contiguous,,direct_irfft_complex64_65536_1_contiguous_,0.27270998879,0.271918696843,0.000442066910059,5,89,ok,
final_v3,direct,irfft,complex64,65536,2,contiguous,,direct_irfft_complex64_65536_2_contiguous_,0.564157497138,0.561017950531,0.00313954660669,5,20,ok,
final_v3,direct,irfft,complex64,65536,8,contiguous,,direct_irfft_complex64_65536_8_contiguous_,0.960374897113,0.952575501287,0.00779939582571,5,20,ok,
final_v3,direct,irfft,complex64,65536,64,contiguous,,direct_irfft_complex64_65536_64_contiguous_,7.58927551215,7.52172901412,0.0144327350426,5,4,ok,
final_v3,direct,irfft,complex64,65536,256,contiguous,,direct_irfft_complex64_65536_256_contiguous_,33.9642779436,33.8121670065,0.0788411125541,5,1,ok,
final_v3,direct,irfft,complex128,1024,1,contiguous,,direct_irfft_complex128_1024_1_contiguous_,0.00831700968125,0.00828536307349,3.16466077637e-05,7,1135,ok,
final_v3,direct,irfft,complex128,1024,2,contiguous,,direct_irfft_complex128_1024_2_contiguous_,0.00924762820902,0.00918297981413,3.59553959662e-05,7,1189,ok,
final_v3,direct,irfft,complex128,1024,8,contiguous,,direct_irfft_complex128_1024_8_contiguous_,0.0193113199202,0.0191302696476,7.38952076063e-05,7,200,ok,
final_v3,direct,irfft,complex128,1024,64,contiguous,,direct_irfft_complex128_1024_64_contiguous_,0.108217324596,0.10799384967,5.99154736847e-05,7,200,ok,
final_v3,direct,irfft,complex128,1024,256,contiguous,,direct_irfft_complex128_1024_256_contiguous_,0.408721296117,0.40778904804,0.000765942968428,7,20,ok,
final_v3,direct,irfft,complex128,2048,1,contiguous,,direct_irfft_complex128_2048_1_contiguous_,0.0120551901305,0.012005379043,1.34704594796e-05,7,984,ok,
final_v3,direct,irfft,complex128,2048,2,contiguous,,direct_irfft_complex128_2048_2_contiguous_,0.01493968376,0.0148730925601,4.53794830908e-05,7,854,ok,
final_v3,direct,irfft,complex128,2048,8,contiguous,,direct_irfft_complex128_2048_8_contiguous_,0.0364320952212,0.0362217403017,7.95006053522e-05,7,200,ok,
final_v3,direct,irfft,complex128,2048,64,contiguous,,direct_irfft_complex128_2048_64_contiguous_,0.232686300296,0.23133874638,0.000889698276296,7,20,ok,
final_v3,direct,irfft,complex128,2048,256,contiguous,,direct_irfft_complex128_2048_256_contiguous_,0.901950203115,0.900458398974,0.00149180414155,7,20,ok,
final_v3,direct,irfft,complex128,3072,1,contiguous,,direct_irfft_complex128_3072_1_contiguous_,0.0163686298551,0.0162508815088,5.08880667261e-05,7,759,ok,
final_v3,direct,irfft,complex128,3072,2,contiguous,,direct_irfft_complex128_3072_2_contiguous_,0.019576974446,0.0193319551181,0.00012549047824,7,200,ok,
final_v3,direct,irfft,complex128,3072,8,contiguous,,direct_irfft_complex128_3072_8_contiguous_,0.0498123245779,0.0495239754673,0.000272974721156,7,200,ok,
final_v3,direct,irfft,complex128,3072,64,contiguous,,direct_irfft_complex128_3072_64_contiguous_,0.332814699505,0.331292301416,0.000269548036158,7,20,ok,
final_v3,direct,irfft,complex128,3072,256,contiguous,,direct_irfft_complex128_3072_256_contiguous_,1.31145954947,1.3073898037,0.00110759865493,7,20,ok,
final_v3,direct,irfft,complex128,3584,1,contiguous,,direct_irfft_complex128_3584_1_contiguous_,0.0181219955946,0.0180020690527,0.000118168251817,7,695,ok,
final_v3,direct,irfft,complex128,3584,2,contiguous,,direct_irfft_complex128_3584_2_contiguous_,0.0288748001913,0.0287712505087,6.5075000748e-05,7,200,ok,
final_v3,direct,irfft,complex128,3584,8,contiguous,,direct_irfft_complex128_3584_8_contiguous_,0.0659845897462,0.0657297502039,0.000101745245047,7,200,ok,
final_v3,direct,irfft,complex128,3584,64,contiguous,,direct_irfft_complex128_3584_64_contiguous_,0.459497398697,0.454688700847,0.00167569960468,7,20,ok,
final_v3,direct,irfft,complex128,3584,256,contiguous,,direct_irfft_complex128_3584_256_contiguous_,1.80501215724,1.79707695191,0.00189994706919,7,19,ok,
final_v3,direct,irfft,complex128,4095,1,contiguous,,direct_irfft_complex128_4095_1_contiguous_,0.0380421689991,0.0378833818942,5.08541496519e-05,7,343,ok,
final_v3,direct,irfft,complex128,4095,2,contiguous,,direct_irfft_complex128_4095_2_contiguous_,0.0665097450837,0.0660880398937,5.91651769355e-05,7,200,ok,
final_v3,direct,irfft,complex128,4095,8,contiguous,,direct_irfft_complex128_4095_8_contiguous_,0.173060555729,0.172425381606,0.000526562669418,7,144,ok,
final_v3,direct,irfft,complex128,4095,64,contiguous,,direct_irfft_complex128_4095_64_contiguous_,1.32595180185,1.32446494536,0.00115825678222,7,20,ok,
final_v3,direct,irfft,complex128,4095,256,contiguous,,direct_irfft_complex128_4095_256_contiguous_,5.33946217426,5.2119801597,0.0119576773917,7,6,ok,
final_v3,direct,irfft,complex128,4096,1,contiguous,,direct_irfft_complex128_4096_1_contiguous_,0.0207978459241,0.0205850241875,3.84212071544e-05,7,617,ok,
final_v3,direct,irfft,complex128,4096,2,contiguous,,direct_irfft_complex128_4096_2_contiguous_,0.0256611546502,0.0256417650962,1.29750696942e-05,7,200,ok,
final_v3,direct,irfft,complex128,4096,8,contiguous,,direct_irfft_complex128_4096_8_contiguous_,0.0689697498456,0.0688440049998,8.79698200151e-05,7,200,ok,
final_v3,direct,irfft,complex128,4096,64,contiguous,,direct_irfft_complex128_4096_64_contiguous_,0.484857847914,0.476676248945,0.000764505239204,7,20,ok,
final_v3,direct,irfft,complex128,4096,256,contiguous,,direct_irfft_complex128_4096_256_contiguous_,1.86510488857,1.83920927682,0.00215466651652,7,18,ok,
final_v3,direct,irfft,complex128,4097,1,contiguous,,direct_irfft_complex128_4097_1_contiguous_,0.0202480104053,0.0201813800959,5.34491846338e-05,5,200,ok,
final_v3,direct,irfft,complex128,4097,2,contiguous,,direct_irfft_complex128_4097_2_contiguous_,0.0250591547228,0.0248040200677,2.58005456999e-05,5,200,ok,
final_v3,direct,irfft,complex128,4097,8,contiguous,,direct_irfft_complex128_4097_8_contiguous_,0.0675441749627,0.0671741651604,0.000114825088531,5,200,ok,
final_v3,direct,irfft,complex128,4097,64,contiguous,,direct_irfft_complex128_4097_64_contiguous_,0.471967749763,0.469894753769,0.00207299599424,5,20,ok,
final_v3,direct,irfft,complex128,4097,256,contiguous,,direct_irfft_complex128_4097_256_contiguous_,1.82203100994,1.81153099984,0.00440238509327,5,5,ok,
final_v3,direct,irfft,complex128,4608,1,contiguous,,direct_irfft_complex128_4608_1_contiguous_,0.0229863950517,0.0227789999917,0.000207395059988,5,200,ok,
final_v3,direct,irfft,complex128,4608,2,contiguous,,direct_irfft_complex128_4608_2_contiguous_,0.0274920050288,0.0274378503673,5.41546614841e-05,5,200,ok,
final_v3,direct,irfft,complex128,4608,8,contiguous,,direct_irfft_complex128_4608_8_contiguous_,0.0756817299407,0.0753313599853,6.41751103103e-05,5,200,ok,
final_v3,direct,irfft,complex128,4608,64,contiguous,,direct_irfft_complex128_4608_64_contiguous_,0.531516049523,0.528003351064,0.00101294717751,5,20,ok,
final_v3,direct,irfft,complex128,4608,256,contiguous,,direct_irfft_complex128_4608_256_contiguous_,2.14275419712,2.13035859633,0.00376319512725,5,5,ok,
final_v3,direct,irfft,complex128,8192,1,contiguous,,direct_irfft_complex128_8192_1_contiguous_,0.0380101654446,0.03783371998,8.8264932856e-05,5,200,ok,
final_v3,direct,irfft,complex128,8192,2,contiguous,,direct_irfft_complex128_8192_2_contiguous_,0.0466863502515,0.0466127099935,7.36402580515e-05,5,200,ok,
final_v3,direct,irfft,complex128,8192,8,contiguous,,direct_irfft_complex128_8192_8_contiguous_,0.140887211476,0.139997571574,0.000149314291775,5,175,ok,
final_v3,direct,irfft,complex128,8192,64,contiguous,,direct_irfft_complex128_8192_64_contiguous_,1.03085265146,1.03031710023,0.000236951746047,5,20,ok,
final_v3,direct,irfft,complex128,8192,256,contiguous,,direct_irfft_complex128_8192_256_contiguous_,4.2068679817,4.19816940557,0.00725979916751,5,5,ok,
final_v3,direct,irfft,complex128,16384,1,contiguous,,direct_irfft_complex128_16384_1_contiguous_,0.0732364499709,0.0727863900829,0.000450059887953,5,200,ok,
final_v3,direct,irfft,complex128,16384,2,contiguous,,direct_irfft_complex128_16384_2_contiguous_,0.120634910418,0.120414890116,0.00022002030164,5,200,ok,
final_v3,direct,irfft,complex128,16384,8,contiguous,,direct_irfft_complex128_16384_8_contiguous_,0.332965503912,0.327362300595,0.00183149240911,5,20,ok,
final_v3,direct,irfft,complex128,16384,64,contiguous,,direct_irfft_complex128_16384_64_contiguous_,2.72671507749,2.71749741902,0.00777406967245,5,12,ok,
final_v3,direct,irfft,complex128,16384,256,contiguous,,direct_irfft_complex128_16384_256_contiguous_,12.5004065339,12.4390290002,0.0613775337115,5,2,ok,
final_v3,direct,irfft,complex128,32768,1,contiguous,,direct_irfft_complex128_32768_1_contiguous_,0.176799417433,0.17588299267,0.000420007218185,5,139,ok,
final_v3,direct,irfft,complex128,32768,2,contiguous,,direct_irfft_complex128_32768_2_contiguous_,0.248220277537,0.247407597778,0.00081267975962,5,97,ok,
final_v3,direct,irfft,complex128,32768,8,contiguous,,direct_irfft_complex128_32768_8_contiguous_,0.714429753134,0.711104902439,0.00125489896163,5,20,ok,
final_v3,direct,irfft,complex128,32768,64,contiguous,,direct_irfft_complex128_32768_64_contiguous_,5.69602299947,5.67411100492,0.0219119945541,5,5,ok,
final_v3,direct,irfft,complex128,32768,256,contiguous,,direct_irfft_complex128_32768_256_contiguous_,26.836753008,26.6558870208,0.0790710328147,5,1,ok,
final_v3,direct,irfft,complex128,65536,1,contiguous,,direct_irfft_complex128_65536_1_contiguous_,0.361476599106,0.360022814545,0.00145378456052,5,70,ok,
final_v3,direct,irfft,complex128,65536,2,contiguous,,direct_irfft_complex128_65536_2_contiguous_,0.52977525047,0.527906150091,0.00186910037883,5,20,ok,
final_v3,direct,irfft,complex128,65536,8,contiguous,,direct_irfft_complex128_65536_8_contiguous_,1.49762594956,1.4869630977,0.00788805191405,5,20,ok,
final_v3,direct,irfft,complex128,65536,64,contiguous,,direct_irfft_complex128_65536_64_contiguous_,14.5839845063,14.5136499777,0.0539480242878,5,2,ok,
final_v3,direct,irfft,complex128,65536,256,contiguous,,direct_irfft_complex128_65536_256_contiguous_,57.5270319823,57.301520952,0.225511030294,5,1,ok,
