candidate,group,operation,dtype,n,batch,layout,variant,case_id,median_ms,best_ms,mad_ms,samples,loops,status,notes
old_v2,direct,fft,complex64,1024,1,contiguous,,direct_fft_complex64_1024_1_contiguous_,0.0106823212505,0.0105858439827,8.72795490647e-05,7,769,ok,
old_v2,direct,fft,complex64,1024,2,contiguous,,direct_fft_complex64_1024_2_contiguous_,0.0137232193495,0.0136001310136,2.59916425489e-05,7,848,ok,
old_v2,direct,fft,complex64,1024,8,contiguous,,direct_fft_complex64_1024_8_contiguous_,0.129847544128,0.128636031816,0.000368868347004,7,191,ok,
old_v2,direct,fft,complex64,1024,64,contiguous,,direct_fft_complex64_1024_64_contiguous_,0.967451946862,0.962943944614,0.00450800224725,7,18,ok,
old_v2,direct,fft,complex64,1024,256,contiguous,,direct_fft_complex64_1024_256_contiguous_,2.64635792253,2.49838138608,0.0832091497544,7,13,ok,
old_v2,direct,fft,complex64,2048,1,contiguous,,direct_fft_complex64_2048_1_contiguous_,0.0203204012551,0.0200897410253,0.000147013555554,7,668,ok,
old_v2,direct,fft,complex64,2048,2,contiguous,,direct_fft_complex64_2048_2_contiguous_,0.0260645184482,0.0257884666761,0.000219597527182,7,405,ok,
old_v2,direct,fft,complex64,2048,8,contiguous,,direct_fft_complex64_2048_8_contiguous_,0.081760627669,0.080640443805,0.000699796257731,7,196,ok,
old_v2,direct,fft,complex64,2048,64,contiguous,,direct_fft_complex64_2048_64_contiguous_,0.563793751644,0.545690901345,0.0167733058333,7,20,ok,
old_v2,direct,fft,complex64,2048,256,contiguous,,direct_fft_complex64_2048_256_contiguous_,4.47575170879,4.34220143195,0.0636320162032,7,7,ok,
old_v2,direct,fft,complex64,3072,1,contiguous,,direct_fft_complex64_3072_1_contiguous_,0.0255235634675,0.0253688459163,0.000106518430958,7,513,ok,
old_v2,direct,fft,complex64,3072,2,contiguous,,direct_fft_complex64_3072_2_contiguous_,0.0342218397418,0.0337653746828,0.000188154517673,7,200,ok,
old_v2,direct,fft,complex64,3072,8,contiguous,,direct_fft_complex64_3072_8_contiguous_,0.105222965358,0.104838840198,0.000234294566326,7,200,ok,
old_v2,direct,fft,complex64,3072,64,contiguous,,direct_fft_complex64_3072_64_contiguous_,0.775680202059,0.765240902547,0.0104392995127,7,20,ok,
old_v2,direct,fft,complex64,3072,256,contiguous,,direct_fft_complex64_3072_256_contiguous_,6.07182041276,5.95044640359,0.112425209954,7,5,ok,
old_v2,direct,fft,complex64,3584,1,contiguous,,direct_fft_complex64_3584_1_contiguous_,0.0279337320053,0.0277787724762,0.000154959529059,7,347,ok,
old_v2,direct,fft,complex64,3584,2,contiguous,,direct_fft_complex64_3584_2_contiguous_,0.0360839703353,0.0357264449121,0.000203535309993,7,200,ok,
old_v2,direct,fft,complex64,3584,8,contiguous,,direct_fft_complex64_3584_8_contiguous_,0.111533324816,0.11072253983,0.000259590451606,7,200,ok,
old_v2,direct,fft,complex64,3584,64,contiguous,,direct_fft_complex64_3584_64_contiguous_,0.829225149937,0.818996300222,0.0102288497146,7,20,ok,
old_v2,direct,fft,complex64,3584,256,contiguous,,direct_fft_complex64_3584_256_contiguous_,6.60441099899,6.49284449173,0.110231514554,7,4,ok,
old_v2,direct,fft,complex64,4095,1,contiguous,,direct_fft_complex64_4095_1_contiguous_,0.0401554957628,0.0399693077201,0.0001303933539,7,341,ok,
old_v2,direct,fft,complex64,4095,2,contiguous,,direct_fft_complex64_4095_2_contiguous_,0.0557571445825,0.0554666947573,3.72203066945e-05,7,200,ok,
old_v2,direct,fft,complex64,4095,8,contiguous,,direct_fft_complex64_4095_8_contiguous_,0.188783015831,0.188191321814,0.000287314891935,7,124,ok,
old_v2,direct,fft,complex64,4095,64,contiguous,,direct_fft_complex64_4095_64_contiguous_,1.43428654992,1.42433369765,0.00573885045014,7,20,ok,
old_v2,direct,fft,complex64,4095,256,contiguous,,direct_fft_complex64_4095_256_contiguous_,9.47722664569,9.31270168318,0.054643683446,7,3,ok,
old_v2,direct,fft,complex64,4096,1,contiguous,,direct_fft_complex64_4096_1_contiguous_,0.0351271675677,0.0349633724483,5.32126386075e-05,7,376,ok,
old_v2,direct,fft,complex64,4096,2,contiguous,,direct_fft_complex64_4096_2_contiguous_,0.0470510497689,0.0468795245979,0.000141019700095,7,200,ok,
old_v2,direct,fft,complex64,4096,8,contiguous,,direct_fft_complex64_4096_8_contiguous_,0.154021516026,0.152332025123,0.000742722431538,7,159,ok,
old_v2,direct,fft,complex64,4096,64,contiguous,,direct_fft_complex64_4096_64_contiguous_,1.17734425003,1.17249905015,0.00207790290006,7,20,ok,
old_v2,direct,fft,complex64,4096,256,contiguous,,direct_fft_complex64_4096_256_contiguous_,8.60748873674,8.384451241,0.140330783324,7,4,ok,
old_v2,direct,fft,complex64,4097,1,contiguous,,direct_fft_complex64_4097_1_contiguous_,0.1940481311,0.186972484852,0.0014233080527,5,130,ok,
old_v2,direct,fft,complex64,4097,2,contiguous,,direct_fft_complex64_4097_2_contiguous_,0.22766363129,0.215397938359,0.00746141232779,5,114,ok,
old_v2,direct,fft,complex64,4097,8,contiguous,,direct_fft_complex64_4097_8_contiguous_,0.68020679988,0.672319438308,0.00377275981009,5,25,ok,
old_v2,direct,fft,complex64,4097,64,contiguous,,direct_fft_complex64_4097_64_contiguous_,4.70907656875,4.61967871524,0.0575318533395,5,7,ok,
old_v2,direct,fft,complex64,4097,256,contiguous,,direct_fft_complex64_4097_256_contiguous_,21.9757780433,21.7176779406,0.19234395586,5,1,ok,
old_v2,direct,fft,complex64,4608,1,contiguous,,direct_fft_complex64_4608_1_contiguous_,0.0367443152936,0.0365240051178,0.000220310175791,5,200,ok,
old_v2,direct,fft,complex64,4608,2,contiguous,,direct_fft_complex64_4608_2_contiguous_,0.0463387998752,0.0463052350096,2.91602918878e-05,5,200,ok,
old_v2,direct,fft,complex64,4608,8,contiguous,,direct_fft_complex64_4608_8_contiguous_,0.148127567638,0.147903006075,0.000224561562739,5,162,ok,
old_v2,direct,fft,complex64,4608,64,contiguous,,direct_fft_complex64_4608_64_contiguous_,1.13077950082,1.12267615041,0.00697870273143,5,20,ok,
old_v2,direct,fft,complex64,4608,256,contiguous,,direct_fft_complex64_4608_256_contiguous_,8.99279234,8.7791136854,0.0520289953177,5,3,ok,
old_v2,direct,fft,complex64,8192,1,contiguous,,direct_fft_complex64_8192_1_contiguous_,0.0751251948532,0.0746348605026,0.000394795206375,5,200,ok,
old_v2,direct,fft,complex64,8192,2,contiguous,,direct_fft_complex64_8192_2_contiguous_,0.0902117253281,0.0898487848463,0.000133150606416,5,200,ok,
old_v2,direct,fft,complex64,8192,8,contiguous,,direct_fft_complex64_8192_8_contiguous_,0.300602675998,0.295628499589,0.00247994903475,5,80,ok,
old_v2,direct,fft,complex64,8192,64,contiguous,,direct_fft_complex64_8192_64_contiguous_,2.46926499364,2.44649678435,0.0186496347721,5,14,ok,
old_v2,direct,fft,complex64,8192,256,contiguous,,direct_fft_complex64_8192_256_contiguous_,17.2677325318,17.1708390117,0.0968935200945,5,2,ok,
old_v2,direct,fft,complex64,16384,1,contiguous,,direct_fft_complex64_16384_1_contiguous_,0.160880742968,0.160531467133,0.000349275835202,5,152,ok,
old_v2,direct,fft,complex64,16384,2,contiguous,,direct_fft_complex64_16384_2_contiguous_,0.249159398429,0.244088925331,0.00213124659113,5,93,ok,
old_v2,direct,fft,complex64,16384,8,contiguous,,direct_fft_complex64_16384_8_contiguous_,0.747067999328,0.741477397969,0.00168964616023,5,20,ok,
old_v2,direct,fft,complex64,16384,64,contiguous,,direct_fft_complex64_16384_64_contiguous_,11.5488320007,11.365259008,0.183572992682,5,2,ok,
old_v2,direct,fft,complex64,16384,256,contiguous,,direct_fft_complex64_16384_256_contiguous_,64.1795019619,63.5885519441,0.590950017795,5,1,ok,
old_v2,direct,fft,complex64,32768,1,contiguous,,direct_fft_complex64_32768_1_contiguous_,0.939247270043,0.919198156155,0.0102798445508,5,26,ok,
old_v2,direct,fft,complex64,32768,2,contiguous,,direct_fft_complex64_32768_2_contiguous_,0.588448828927,0.54989456165,0.0195868778974,5,41,ok,
old_v2,direct,fft,complex64,32768,8,contiguous,,direct_fft_complex64_32768_8_contiguous_,1.62188499817,1.60666614538,0.0152188527863,5,20,ok,
old_v2,direct,fft,complex64,32768,64,contiguous,,direct_fft_complex64_32768_64_contiguous_,19.0765549196,18.4760669945,0.574398902245,5,1,ok,
old_v2,direct,fft,complex64,32768,256,contiguous,,direct_fft_complex64_32768_256_contiguous_,130.575151998,129.85135999,0.723792007193,5,1,ok,
old_v2,direct,fft,complex64,65536,1,contiguous,,direct_fft_complex64_65536_1_contiguous_,1.02351466679,0.988419875891,0.017739876057,5,24,ok,
old_v2,direct,fft,complex64,65536,2,contiguous,,direct_fft_complex64_65536_2_contiguous_,0.894008902833,0.883642747067,0.00716454233043,5,20,ok,
old_v2,direct,fft,complex64,65536,8,contiguous,,direct_fft_complex64_65536_8_contiguous_,4.01175863226,3.83025848714,0.0747992453398,5,8,ok,
old_v2,direct,fft,complex64,65536,64,contiguous,,direct_fft_complex64_65536_64_contiguous_,41.7966520181,41.182598914,0.243260990828,5,1,ok,
old_v2,direct,fft,complex64,65536,256,contiguous,,direct_fft_complex64_65536_256_contiguous_,150.308489916,147.086055018,0.278769060969,5,1,ok,
old_v2,direct,fft,complex128,1024,1,contiguous,,direct_fft_complex128_1024_1_contiguous_,0.00912776214532,0.00906564942087,3.89131331795e-05,7,1198,ok,
old_v2,direct,fft,complex128,1024,2,contiguous,,direct_fft_complex128_1024_2_contiguous_,0.0111191976676,0.0110099569866,5.1877499693e-05,7,1118,ok,
old_v2,direct,fft,complex128,1024,8,contiguous,,direct_fft_complex128_1024_8_contiguous_,0.0287913501961,0.0287125998875,6.58247154206e-05,7,200,ok,
old_v2,direct,fft,complex128,1024,64,contiguous,,direct_fft_complex128_1024_64_contiguous_,0.189580937195,0.18909110277,0.000415677864721,7,127,ok,
old_v2,direct,fft,complex128,1024,256,contiguous,,direct_fft_complex128_1024_256_contiguous_,0.754058751045,0.752553349594,0.0014983525034,7,20,ok,
old_v2,direct,fft,complex128,2048,1,contiguous,,direct_fft_complex128_2048_1_contiguous_,0.0169176193558,0.0168616456698,3.18065379283e-05,7,796,ok,
old_v2,direct,fft,complex128,2048,2,contiguous,,direct_fft_complex128_2048_2_contiguous_,0.0219523879145,0.0218694267658,5.32630923845e-05,7,642,ok,
old_v2,direct,fft,complex128,2048,8,contiguous,,direct_fft_complex128_2048_8_contiguous_,0.0669395801378,0.066826264956,0.000110759865493,7,200,ok,
old_v2,direct,fft,complex128,2048,64,contiguous,,direct_fft_complex128_2048_64_contiguous_,0.476313004037,0.473323301412,0.00229235156439,7,20,ok,
old_v2,direct,fft,complex128,2048,256,contiguous,,direct_fft_complex128_2048_256_contiguous_,1.91126893932,1.89668246928,0.0110839438789,7,17,ok,
old_v2,direct,fft,complex128,3072,1,contiguous,,direct_fft_complex128_3072_1_contiguous_,0.023253335579,0.0229372631714,0.000114865855934,7,581,ok,
old_v2,direct,fft,complex128,3072,2,contiguous,,direct_fft_complex128_3072_2_contiguous_,0.0299749954138,0.02938993508,0.000168114784174,7,200,ok,
old_v2,direct,fft,complex128,3072,8,contiguous,,direct_fft_complex128_3072_8_contiguous_,0.0942531845067,0.0937280902872,0.000161804491654,7,200,ok,
old_v2,direct,fft,complex128,3072,64,contiguous,,direct_fft_complex128_3072_64_contiguous_,0.680713250767,0.679649750236,0.000974850263447,7,20,ok,
old_v2,direct,fft,complex128,3072,256,contiguous,,direct_fft_complex128_3072_256_contiguous_,2.82883150309,2.72495291817,0.027009412103,7,12,ok,
old_v2,direct,fft,complex128,3584,1,contiguous,,direct_fft_complex128_3584_1_contiguous_,0.0252962026371,0.0251532869945,9.29717222617e-05,7,533,ok,
old_v2,direct,fft,complex128,3584,2,contiguous,,direct_fft_complex128_3584_2_contiguous_,0.0307652901392,0.030650474946,8.62148590386e-05,7,200,ok,
old_v2,direct,fft,complex128,3584,8,contiguous,,direct_fft_complex128_3584_8_contiguous_,0.0951725750929,0.0943143502809,0.00052985502407,7,200,ok,
old_v2,direct,fft,complex128,3584,64,contiguous,,direct_fft_complex128_3584_64_contiguous_,0.694962753914,0.692514103139,0.000897195423022,7,20,ok,
old_v2,direct,fft,complex128,3584,256,contiguous,,direct_fft_complex128_3584_256_contiguous_,3.0836535967,3.00286760321,0.0574058038183,7,10,ok,
old_v2,direct,fft,complex128,4095,1,contiguous,,direct_fft_complex128_4095_1_contiguous_,0.0375652652316,0.0371704532801,0.000178627090951,7,362,ok,
old_v2,direct,fft,complex128,4095,2,contiguous,,direct_fft_complex128_4095_2_contiguous_,0.0508231949061,0.0503056147136,0.000161455245689,7,200,ok,
old_v2,direct,fft,complex128,4095,8,contiguous,,direct_fft_complex128_4095_8_contiguous_,0.171697096523,0.171369281342,0.000327815180517,7,146,ok,
old_v2,direct,fft,complex128,4095,64,contiguous,,direct_fft_complex128_4095_64_contiguous_,1.30066085258,1.29534784937,0.00370700727217,7,20,ok,
old_v2,direct,fft,complex128,4095,256,contiguous,,direct_fft_complex128_4095_256_contiguous_,5.59240750348,5.47891100481,0.11349649867,7,6,ok,
old_v2,direct,fft,complex128,4096,1,contiguous,,direct_fft_complex128_4096_1_contiguous_,0.0323361051312,0.0321190582836,0.000155105192441,7,428,ok,
old_v2,direct,fft,complex128,4096,2,contiguous,,direct_fft_complex128_4096_2_contiguous_,0.042487049941,0.0421716051642,0.000273014884442,7,200,ok,
old_v2,direct,fft,complex128,4096,8,contiguous,,direct_fft_complex128_4096_8_contiguous_,0.137083753995,0.13671249773,0.000371256265685,7,179,ok,
old_v2,direct,fft,complex128,4096,64,contiguous,,direct_fft_complex128_4096_64_contiguous_,1.01715869969,1.00792775047,0.00923094921745,7,20,ok,
old_v2,direct,fft,complex128,4096,256,contiguous,,direct_fft_complex128_4096_256_contiguous_,4.5645870102,4.54581301061,0.0157941498661,7,7,ok,
old_v2,direct,fft,complex128,4097,1,contiguous,,direct_fft_complex128_4097_1_contiguous_,0.185850116085,0.182280480291,0.00341026321804,5,129,ok,
old_v2,direct,fft,complex128,4097,2,contiguous,,direct_fft_complex128_4097_2_contiguous_,0.210513027006,0.209426177682,0.000535787610683,5,113,ok,
old_v2,direct,fft,complex128,4097,8,contiguous,,direct_fft_complex128_4097_8_contiguous_,0.637340639981,0.636265025092,0.000902257549266,5,39,ok,
old_v2,direct,fft,complex128,4097,64,contiguous,,direct_fft_complex128_4097_64_contiguous_,4.43235385631,4.40482301305,0.027530843259,5,7,ok,
old_v2,direct,fft,complex128,4097,256,contiguous,,direct_fft_complex128_4097_256_contiguous_,17.9394399747,17.7447209135,0.194719061255,5,1,ok,
old_v2,direct,fft,complex128,4608,1,contiguous,,direct_fft_complex128_4608_1_contiguous_,0.0339573400561,0.0337789551122,9.95903974399e-05,5,200,ok,
old_v2,direct,fft,complex128,4608,2,contiguous,,direct_fft_complex128_4608_2_contiguous_,0.041148114833,0.0409671250964,3.66702442989e-05,5,200,ok,
old_v2,direct,fft,complex128,4608,8,contiguous,,direct_fft_complex128_4608_8_contiguous_,0.133189738208,0.131820750201,0.00063568045017,5,172,ok,
old_v2,direct,fft,complex128,4608,64,contiguous,,direct_fft_complex128_4608_64_contiguous_,0.990630447632,0.979999348056,0.00780129921623,5,20,ok,
old_v2,direct,fft,complex128,4608,256,contiguous,,direct_fft_complex128_4608_256_contiguous_,4.18437819462,4.14638018701,0.0379980076104,5,5,ok,
old_v2,direct,fft,complex128,8192,1,contiguous,,direct_fft_complex128_8192_1_contiguous_,0.0699869048549,0.06976337987,0.000223524984904,5,200,ok,
old_v2,direct,fft,complex128,8192,2,contiguous,,direct_fft_complex128_8192_2_contiguous_,0.0840817647986,0.0834416999714,0.000364690204151,5,200,ok,
old_v2,direct,fft,complex128,8192,8,contiguous,,direct_fft_complex128_8192_8_contiguous_,0.304747415457,0.297898572881,0.00201687841426,5,82,ok,
old_v2,direct,fft,complex128,8192,64,contiguous,,direct_fft_complex128_8192_64_contiguous_,2.21277386881,2.19177480321,0.0062939322864,5,15,ok,
old_v2,direct,fft,complex128,8192,256,contiguous,,direct_fft_complex128_8192_256_contiguous_,11.6966683418,11.5606840312,0.00524668333431,5,3,ok,
old_v2,direct,fft,complex128,16384,1,contiguous,,direct_fft_complex128_16384_1_contiguous_,0.135207415318,0.134054725085,0.000489803732195,5,178,ok,
old_v2,direct,fft,complex128,16384,2,contiguous,,direct_fft_complex128_16384_2_contiguous_,0.16426285131,0.161428898856,0.00133381124485,5,148,ok,
old_v2,direct,fft,complex128,16384,8,contiguous,,direct_fft_complex128_16384_8_contiguous_,1.04167614481,1.00617894786,0.03549719695,5,20,ok,
old_v2,direct,fft,complex128,16384,64,contiguous,,direct_fft_complex128_16384_64_contiguous_,4.81405633036,4.8066721647,0.00738416565582,5,6,ok,
old_v2,direct,fft,complex128,16384,256,contiguous,,direct_fft_complex128_16384_256_contiguous_,26.037674048,25.8831409737,0.0912540126592,5,1,ok,
old_v2,direct,fft,complex128,32768,1,contiguous,,direct_fft_complex128_32768_1_contiguous_,0.305947853343,0.30336956062,0.00225182866859,5,82,ok,
old_v2,direct,fft,complex128,32768,2,contiguous,,direct_fft_complex128_32768_2_contiguous_,0.345814357778,0.340837085553,0.00497727222475,5,70,ok,
old_v2,direct,fft,complex128,32768,8,contiguous,,direct_fft_complex128_32768_8_contiguous_,2.13805171994,1.8931942177,0.100130423172,5,14,ok,
old_v2,direct,fft,complex128,32768,64,contiguous,,direct_fft_complex128_32768_64_contiguous_,14.4127225503,14.3612149986,0.0515075516887,5,2,ok,
old_v2,direct,fft,complex128,32768,256,contiguous,,direct_fft_complex128_32768_256_contiguous_,55.8982309885,55.5207349826,0.0498939771205,5,1,ok,
old_v2,direct,fft,complex128,65536,1,contiguous,,direct_fft_complex128_65536_1_contiguous_,0.632171104185,0.623467948455,0.00182115353453,5,39,ok,
old_v2,direct,fft,complex128,65536,2,contiguous,,direct_fft_complex128_65536_2_contiguous_,0.748941046186,0.740719900932,0.00822114525363,5,20,ok,
old_v2,direct,fft,complex128,65536,8,contiguous,,direct_fft_complex128_65536_8_contiguous_,3.37364209117,3.36174849654,0.0101051060483,5,10,ok,
old_v2,direct,fft,complex128,65536,64,contiguous,,direct_fft_complex128_65536_64_contiguous_,27.6285479777,27.2885030136,0.198837020434,5,1,ok,
old_v2,direct,fft,complex128,65536,256,contiguous,,direct_fft_complex128_65536_256_contiguous_,114.09499601,112.787479069,0.77614095062,5,1,ok,
old_v2,direct,ifft,complex64,1024,1,contiguous,,direct_ifft_complex64_1024_1_contiguous_,0.0124157936229,0.0120623667056,9.13652818268e-05,7,780,ok,
old_v2,direct,ifft,complex64,1024,2,contiguous,,direct_ifft_complex64_1024_2_contiguous_,0.01875336821,0.0186204240807,7.87593016033e-05,7,698,ok,
old_v2,direct,ifft,complex64,1024,8,contiguous,,direct_ifft_complex64_1024_8_contiguous_,0.0254614447476,0.0253685150528,9.29296948016e-05,7,200,ok,
old_v2,direct,ifft,complex64,1024,64,contiguous,,direct_ifft_complex64_1024_64_contiguous_,0.157406404791,0.156192968841,0.000540645280263,7,158,ok,
old_v2,direct,ifft,complex64,1024,256,contiguous,,direct_ifft_complex64_1024_256_contiguous_,0.590105546871,0.587926449953,0.00155989546329,7,20,ok,
old_v2,direct,ifft,complex64,2048,1,contiguous,,direct_ifft_complex64_2048_1_contiguous_,0.0212596302542,0.0212199524015,3.96778526169e-05,7,630,ok,
old_v2,direct,ifft,complex64,2048,2,contiguous,,direct_ifft_complex64_2048_2_contiguous_,0.0350379175394,0.03493821375,6.42205687981e-05,7,412,ok,
old_v2,direct,ifft,complex64,2048,8,contiguous,,direct_ifft_complex64_2048_8_contiguous_,0.0506496196613,0.0502017146209,0.000108864624053,7,200,ok,
old_v2,direct,ifft,complex64,2048,64,contiguous,,direct_ifft_complex64_2048_64_contiguous_,0.343112600967,0.340336852241,0.000659748911858,7,20,ok,
old_v2,direct,ifft,complex64,2048,256,contiguous,,direct_ifft_complex64_2048_256_contiguous_,1.34780870285,1.33557805093,0.00606600078754,7,20,ok,
old_v2,direct,ifft,complex64,3072,1,contiguous,,direct_ifft_complex64_3072_1_contiguous_,0.0324707442106,0.0322198446835,0.000242488447082,7,399,ok,
old_v2,direct,ifft,complex64,3072,2,contiguous,,direct_ifft_complex64_3072_2_contiguous_,0.0562672596425,0.0560878199758,0.000151490676217,7,200,ok,
old_v2,direct,ifft,complex64,3072,8,contiguous,,direct_ifft_complex64_3072_8_contiguous_,0.0709142099367,0.0702796096448,0.000302770058624,7,200,ok,
old_v2,direct,ifft,complex64,3072,64,contiguous,,direct_ifft_complex64_3072_64_contiguous_,0.49468280049,0.493242050288,0.000627199187875,7,20,ok,
old_v2,direct,ifft,complex64,3072,256,contiguous,,direct_ifft_complex64_3072_256_contiguous_,1.92576935104,1.92439029514,0.00137905590236,7,17,ok,
old_v2,direct,ifft,complex64,3584,1,contiguous,,direct_ifft_complex64_3584_1_contiguous_,0.0363078707397,0.0361619737751,9.17017926759e-05,7,379,ok,
old_v2,direct,ifft,complex64,3584,2,contiguous,,direct_ifft_complex64_3584_2_contiguous_,0.063605864998,0.0632184802089,0.000272614997812,7,200,ok,
old_v2,direct,ifft,complex64,3584,8,contiguous,,direct_ifft_complex64_3584_8_contiguous_,0.0789420749061,0.0787044747267,0.000178539776243,7,200,ok,
old_v2,direct,ifft,complex64,3584,64,contiguous,,direct_ifft_complex64_3584_64_contiguous_,0.551310554147,0.548497698037,0.00068029621616,7,20,ok,
old_v2,direct,ifft,complex64,3584,256,contiguous,,direct_ifft_complex64_3584_256_contiguous_,2.19149537588,2.17965106276,0.00436268601334,7,16,ok,
old_v2,direct,ifft,complex64,4095,1,contiguous,,direct_ifft_complex64_4095_1_contiguous_,0.0523123124157,0.0519234718249,6.69665073761e-05,7,269,ok,
old_v2,direct,ifft,complex64,4095,2,contiguous,,direct_ifft_complex64_4095_2_contiguous_,0.0956024898915,0.0950169301359,0.000298864906654,7,200,ok,
old_v2,direct,ifft,complex64,4095,8,contiguous,,direct_ifft_complex64_4095_8_contiguous_,0.123935438302,0.119911024583,0.00305189521132,7,162,ok,
old_v2,direct,ifft,complex64,4095,64,contiguous,,direct_ifft_complex64_4095_64_contiguous_,0.915794150205,0.887530099135,0.00269715092145,7,20,ok,
old_v2,direct,ifft,complex64,4095,256,contiguous,,direct_ifft_complex64_4095_256_contiguous_,3.57432677669,3.56103600158,0.013290775112,7,9,ok,
old_v2,direct,ifft,complex64,4096,1,contiguous,,direct_ifft_complex64_4096_1_contiguous_,0.0449329904185,0.0443978366466,0.000199798169212,7,312,ok,
old_v2,direct,ifft,complex64,4096,2,contiguous,,direct_ifft_complex64_4096_2_contiguous_,0.0797159346985,0.078709530062,0.000376215321012,7,200,ok,
old_v2,direct,ifft,complex64,4096,8,contiguous,,direct_ifft_complex64_4096_8_contiguous_,0.101507880026,0.100643744809,0.000864135217853,7,200,ok,
old_v2,direct,ifft,complex64,4096,64,contiguous,,direct_ifft_complex64_4096_64_contiguous_,0.720982049825,0.719151599333,0.00183045049198,7,20,ok,
old_v2,direct,ifft,complex64,4096,256,contiguous,,direct_ifft_complex64_4096_256_contiguous_,2.9096857179,2.88673309313,0.0085006467998,7,11,ok,
old_v2,direct,ifft,complex64,4097,1,contiguous,,direct_ifft_complex64_4097_1_contiguous_,0.274528556144,0.27097603412,0.00355252202346,5,88,ok,
old_v2,direct,ifft,complex64,4097,2,contiguous,,direct_ifft_complex64_4097_2_contiguous_,0.441684403963,0.439217806336,0.00106956066335,5,57,ok,
old_v2,direct,ifft,complex64,4097,8,contiguous,,direct_ifft_complex64_4097_8_contiguous_,0.419683682655,0.412426766707,0.00217228468197,5,60,ok,
old_v2,direct,ifft,complex64,4097,64,contiguous,,direct_ifft_complex64_4097_64_contiguous_,2.59036568996,2.58870023446,0.00166545550411,5,13,ok,
old_v2,direct,ifft,complex64,4097,256,contiguous,,direct_ifft_complex64_4097_256_contiguous_,10.2046179818,10.1145206718,0.0561126507819,5,3,ok,
old_v2,direct,ifft,complex64,4608,1,contiguous,,direct_ifft_complex64_4608_1_contiguous_,0.0491442647763,0.0490171200363,0.000114865251817,5,200,ok,
old_v2,direct,ifft,complex64,4608,2,contiguous,,direct_ifft_complex64_4608_2_contiguous_,0.0891440000851,0.0886985549005,0.000215059844777,5,200,ok,
old_v2,direct,ifft,complex64,4608,8,contiguous,,direct_ifft_complex64_4608_8_contiguous_,0.102140979725,0.10089671996,0.000790199846961,5,200,ok,
old_v2,direct,ifft,complex64,4608,64,contiguous,,direct_ifft_complex64_4608_64_contiguous_,0.741401751293,0.736304599559,0.00269860611297,5,20,ok,
old_v2,direct,ifft,complex64,4608,256,contiguous,,direct_ifft_complex64_4608_256_contiguous_,2.89400517941,2.85257480573,0.0414303736761,5,5,ok,
old_v2,direct,ifft,complex64,8192,1,contiguous,,direct_ifft_complex64_8192_1_contiguous_,0.0910622847732,0.0892607250717,0.000824565067887,5,200,ok,
old_v2,direct,ifft,complex64,8192,2,contiguous,,direct_ifft_complex64_8192_2_contiguous_,0.163699039197,0.162888296089,0.000691184571846,5,152,ok,
old_v2,direct,ifft,complex64,8192,8,contiguous,,direct_ifft_complex64_8192_8_contiguous_,0.204241899579,0.203467683362,0.000774216217299,5,120,ok,
old_v2,direct,ifft,complex64,8192,64,contiguous,,direct_ifft_complex64_8192_64_contiguous_,1.50700085214,1.49764459929,0.0093562528491,5,20,ok,
old_v2,direct,ifft,complex64,8192,256,contiguous,,direct_ifft_complex64_8192_256_contiguous_,6.06406359002,6.00310419686,0.0608972040936,5,5,ok,
old_v2,direct,ifft,complex64,16384,1,contiguous,,direct_ifft_complex64_16384_1_contiguous_,0.19842240351,0.196830273771,0.000873596535154,5,124,ok,
old_v2,direct,ifft,complex64,16384,2,contiguous,,direct_ifft_complex64_16384_2_contiguous_,0.356746224144,0.356067642709,0.000678581435845,5,67,ok,
old_v2,direct,ifft,complex64,16384,8,contiguous,,direct_ifft_complex64_16384_8_contiguous_,0.407174951397,0.40330615011,0.00386880128644,5,20,ok,
old_v2,direct,ifft,complex64,16384,64,contiguous,,direct_ifft_complex64_16384_64_contiguous_,3.05438899985,3.05028936021,0.00409963964061,5,11,ok,
old_v2,direct,ifft,complex64,16384,256,contiguous,,direct_ifft_complex64_16384_256_contiguous_,15.5564600136,15.3385020094,0.136593938805,5,2,ok,
old_v2,direct,ifft,complex64,32768,1,contiguous,,direct_ifft_complex64_32768_1_contiguous_,0.405756819642,0.402906999282,0.00107432830102,5,61,ok,
old_v2,direct,ifft,complex64,32768,2,contiguous,,direct_ifft_complex64_32768_2_contiguous_,0.768689875258,0.766826029576,0.00186384568224,5,32,ok,
old_v2,direct,ifft,complex64,32768,8,contiguous,,direct_ifft_complex64_32768_8_contiguous_,0.946124648908,0.928439601557,0.015232397709,5,20,ok,
old_v2,direct,ifft,complex64,32768,64,contiguous,,direct_ifft_complex64_32768_64_contiguous_,7.27534224279,7.22664725618,0.0486949866172,5,4,ok,
old_v2,direct,ifft,complex64,32768,256,contiguous,,direct_ifft_complex64_32768_256_contiguous_,29.552964028,29.384193942,0.0605050008744,5,1,ok,
old_v2,direct,ifft,complex64,65536,1,contiguous,,direct_ifft_complex64_65536_1_contiguous_,0.824482467336,0.823014035511,0.00146843182544,5,30,ok,
old_v2,direct,ifft,complex64,65536,2,contiguous,,direct_ifft_complex64_65536_2_contiguous_,1.57351585221,1.56686574919,0.00388585031033,5,20,ok,
old_v2,direct,ifft,complex64,65536,8,contiguous,,direct_ifft_complex64_65536_8_contiguous_,2.17933981185,2.14363343548,0.0108174426714,5,16,ok,
old_v2,direct,ifft,complex64,65536,64,contiguous,,direct_ifft_complex64_65536_64_contiguous_,15.585480025,15.448039514,0.0294104684144,5,2,ok,
old_v2,direct,ifft,complex64,65536,256,contiguous,,direct_ifft_complex64_65536_256_contiguous_,64.9450520286,64.788645017,0.15236902982,5,1,ok,
old_v2,direct,ifft,complex128,1024,1,contiguous,,direct_ifft_complex128_1024_1_contiguous_,0.010694785534,0.0106538966487,2.73854953151e-05,7,1035,ok,
old_v2,direct,ifft,complex128,1024,2,contiguous,,direct_ifft_complex128_1024_2_contiguous_,0.0130018735554,0.0129489283822,2.25194338297e-05,7,949,ok,
old_v2,direct,ifft,complex128,1024,8,contiguous,,direct_ifft_complex128_1024_8_contiguous_,0.0324617553269,0.0323247001506,2.98052327707e-05,7,200,ok,
old_v2,direct,ifft,complex128,1024,64,contiguous,,direct_ifft_complex128_1024_64_contiguous_,0.21068676614,0.209862856102,0.000507910610051,7,111,ok,
old_v2,direct,ifft,complex128,1024,256,contiguous,,direct_ifft_complex128_1024_256_contiguous_,0.824873399688,0.816027098335,0.00205489923246,7,20,ok,
old_v2,direct,ifft,complex128,2048,1,contiguous,,direct_ifft_complex128_2048_1_contiguous_,0.0198126914253,0.0197205531887,2.93566567452e-05,7,687,ok,
old_v2,direct,ifft,complex128,2048,2,contiguous,,direct_ifft_complex128_2048_2_contiguous_,0.0243581799836,0.0242489436066,8.52240229804e-05,7,567,ok,
old_v2,direct,ifft,complex128,2048,8,contiguous,,direct_ifft_complex128_2048_8_contiguous_,0.0713772902964,0.070669244742,0.000369700137526,7,200,ok,
old_v2,direct,ifft,complex128,2048,64,contiguous,,direct_ifft_complex128_2048_64_contiguous_,0.513345154468,0.51173910033,0.00160605413839,7,20,ok,
old_v2,direct,ifft,complex128,2048,256,contiguous,,direct_ifft_complex128_2048_256_contiguous_,2.03783730831,2.02944400371,0.00839330459712,7,16,ok,
old_v2,direct,ifft,complex128,3072,1,contiguous,,direct_ifft_complex128_3072_1_contiguous_,0.0249917587641,0.0248129229731,0.000124007855494,7,506,ok,
old_v2,direct,ifft,complex128,3072,2,contiguous,,direct_ifft_complex128_3072_2_contiguous_,0.0316783750895,0.0314250896918,8.41153087094e-05,7,200,ok,
old_v2,direct,ifft,complex128,3072,8,contiguous,,direct_ifft_complex128_3072_8_contiguous_,0.0947921501938,0.0943076849217,0.000229235156439,7,200,ok,
old_v2,direct,ifft,complex128,3072,64,contiguous,,direct_ifft_complex128_3072_64_contiguous_,0.688822602388,0.685821450315,0.00117674935609,7,20,ok,
old_v2,direct,ifft,complex128,3072,256,contiguous,,direct_ifft_complex128_3072_256_contiguous_,2.8722401793,2.81910227866,0.0385868109085,7,11,ok,
old_v2,direct,ifft,complex128,3584,1,contiguous,,direct_ifft_complex128_3584_1_contiguous_,0.0278200124317,0.0276471970263,0.000140825585999,7,482,ok,
old_v2,direct,ifft,complex128,3584,2,contiguous,,direct_ifft_complex128_3584_2_contiguous_,0.0340924947523,0.0336454453645,6.9480156526e-05,7,200,ok,
old_v2,direct,ifft,complex128,3584,8,contiguous,,direct_ifft_complex128_3584_8_contiguous_,0.104247619747,0.103978205007,8.20052810013e-05,7,200,ok,
old_v2,direct,ifft,complex128,3584,64,contiguous,,direct_ifft_complex128_3584_64_contiguous_,0.760218349751,0.756771350279,0.00272459583357,7,20,ok,
old_v2,direct,ifft,complex128,3584,256,contiguous,,direct_ifft_complex128_3584_256_contiguous_,3.22184649995,3.20152899949,0.0203175004572,7,10,ok,
old_v2,direct,ifft,complex128,4095,1,contiguous,,direct_ifft_complex128_4095_1_contiguous_,0.0417019006981,0.0409339711321,0.000256769290457,7,312,ok,
old_v2,direct,ifft,complex128,4095,2,contiguous,,direct_ifft_complex128_4095_2_contiguous_,0.054010784952,0.0532129697967,0.000160255003721,7,200,ok,
old_v2,direct,ifft,complex128,4095,8,contiguous,,direct_ifft_complex128_4095_8_contiguous_,0.178218246404,0.177512492856,0.00060534786325,7,138,ok,
old_v2,direct,ifft,complex128,4095,64,contiguous,,direct_ifft_complex128_4095_64_contiguous_,1.35095214937,1.33941730019,0.00601289793849,7,20,ok,
old_v2,direct,ifft,complex128,4095,256,contiguous,,direct_ifft_complex128_4095_256_contiguous_,5.6589821664,5.62125068003,0.0300536630675,7,6,ok,
old_v2,direct,ifft,complex128,4096,1,contiguous,,direct_ifft_complex128_4096_1_contiguous_,0.0364786908031,0.0359229414413,0.000461810578903,7,375,ok,
old_v2,direct,ifft,complex128,4096,2,contiguous,,direct_ifft_complex128_4096_2_contiguous_,0.0449749152176,0.044506174745,0.000236200285144,7,200,ok,
old_v2,direct,ifft,complex128,4096,8,contiguous,,direct_ifft_complex128_4096_8_contiguous_,0.148109844217,0.147271371575,0.000838472641737,7,167,ok,
old_v2,direct,ifft,complex128,4096,64,contiguous,,direct_ifft_complex128_4096_64_contiguous_,1.0864820506,1.07229419518,0.00387234613299,7,20,ok,
old_v2,direct,ifft,complex128,4096,256,contiguous,,direct_ifft_complex128_4096_256_contiguous_,4.64884813742,4.56879800186,0.071531294712,7,7,ok,
old_v2,direct,ifft,complex128,4097,1,contiguous,,direct_ifft_complex128_4097_1_contiguous_,0.184430280404,0.183717485263,0.000327810553382,5,132,ok,
old_v2,direct,ifft,complex128,4097,2,contiguous,,direct_ifft_complex128_4097_2_contiguous_,0.21368970669,0.212733930876,0.000955775813681,5,116,ok,
old_v2,direct,ifft,complex128,4097,8,contiguous,,direct_ifft_complex128_4097_8_contiguous_,0.629736902192,0.627199350856,0.00253755133599,5,40,ok,
old_v2,direct,ifft,complex128,4097,64,contiguous,,direct_ifft_complex128_4097_64_contiguous_,4.51180857739,4.46508429013,0.0382122982826,5,7,ok,
old_v2,direct,ifft,complex128,4097,256,contiguous,,direct_ifft_complex128_4097_256_contiguous_,18.3174659032,18.2027589763,0.101711950265,5,1,ok,
old_v2,direct,ifft,complex128,4608,1,contiguous,,direct_ifft_complex128_4608_1_contiguous_,0.0349807797465,0.0348555401433,0.000125239603221,5,200,ok,
old_v2,direct,ifft,complex128,4608,2,contiguous,,direct_ifft_complex128_4608_2_contiguous_,0.0425818795338,0.0420432601823,0.000479209120385,5,200,ok,
old_v2,direct,ifft,complex128,4608,8,contiguous,,direct_ifft_complex128_4608_8_contiguous_,0.144288600908,0.142503006275,0.000422644040382,5,163,ok,
old_v2,direct,ifft,complex128,4608,64,contiguous,,direct_ifft_complex128_4608_64_contiguous_,1.02286249748,1.00234569982,0.00320360413752,5,20,ok,
old_v2,direct,ifft,complex128,4608,256,contiguous,,direct_ifft_complex128_4608_256_contiguous_,4.35936357826,4.23770518973,0.121658388525,5,5,ok,
old_v2,direct,ifft,complex128,8192,1,contiguous,,direct_ifft_complex128_8192_1_contiguous_,0.076365339919,0.0744078803109,0.00140796997584,5,200,ok,
old_v2,direct,ifft,complex128,8192,2,contiguous,,direct_ifft_complex128_8192_2_contiguous_,0.0854242051719,0.084701385349,0.000433119712397,5,200,ok,
old_v2,direct,ifft,complex128,8192,8,contiguous,,direct_ifft_complex128_8192_8_contiguous_,0.296283392735,0.290340344821,0.00491181050339,5,84,ok,
old_v2,direct,ifft,complex128,8192,64,contiguous,,direct_ifft_complex128_8192_64_contiguous_,2.24764078822,2.24050006364,0.00266650126183,5,14,ok,
old_v2,direct,ifft,complex128,8192,256,contiguous,,direct_ifft_complex128_8192_256_contiguous_,12.0570213379,11.4599566441,0.140105335352,5,3,ok,
old_v2,direct,ifft,complex128,16384,1,contiguous,,direct_ifft_complex128_16384_1_contiguous_,0.145849534906,0.145633901242,0.00021563366402,5,172,ok,
old_v2,direct,ifft,complex128,16384,2,contiguous,,direct_ifft_complex128_16384_2_contiguous_,0.168078736654,0.167311103723,0.000516673026141,5,144,ok,
old_v2,direct,ifft,complex128,16384,8,contiguous,,direct_ifft_complex128_16384_8_contiguous_,1.04589620023,0.907981349155,0.0868525006808,5,20,ok,
old_v2,direct,ifft,complex128,16384,64,contiguous,,direct_ifft_complex128_16384_64_contiguous_,4.89021717416,4.84058650909,0.0472929871952,5,6,ok,
old_v2,direct,ifft,complex128,16384,256,contiguous,,direct_ifft_complex128_16384_256_contiguous_,26.4686499722,26.2602060102,0.0945288920775,5,1,ok,
old_v2,direct,ifft,complex128,32768,1,contiguous,,direct_ifft_complex128_32768_1_contiguous_,0.328493558548,0.325804583837,0.00152405194164,5,77,ok,
old_v2,direct,ifft,complex128,32768,2,contiguous,,direct_ifft_complex128_32768_2_contiguous_,0.360408014551,0.355052429118,0.00157527060115,5,70,ok,
old_v2,direct,ifft,complex128,32768,8,contiguous,,direct_ifft_complex128_32768_8_contiguous_,2.13079853759,2.05726526522,0.0275449284042,5,15,ok,
old_v2,direct,ifft,complex128,32768,64,contiguous,,direct_ifft_complex128_32768_64_contiguous_,14.7636224865,14.4619310158,0.270337506663,5,2,ok,
old_v2,direct,ifft,complex128,32768,256,contiguous,,direct_ifft_complex128_32768_256_contiguous_,104.993041023,56.1340179993,12.7105829306,5,1,ok,
old_v2,direct,ifft,complex128,65536,1,contiguous,,direct_ifft_complex128_65536_1_contiguous_,0.84359870137,0.826558102077,0.000572099816054,5,30,ok,
old_v2,direct,ifft,complex128,65536,2,contiguous,,direct_ifft_complex128_65536_2_contiguous_,0.909761700314,0.897275551688,0.00661049853079,5,20,ok,
old_v2,direct,ifft,complex128,65536,8,contiguous,,direct_ifft_complex128_65536_8_contiguous_,3.4527689917,3.43913719989,0.00673570903018,5,10,ok,
old_v2,direct,ifft,complex128,65536,64,contiguous,,direct_ifft_complex128_65536_64_contiguous_,33.0229690298,32.1991479723,0.194469001144,5,1,ok,
old_v2,direct,ifft,complex128,65536,256,contiguous,,direct_ifft_complex128_65536_256_contiguous_,130.326812039,130.034526926,0.292285112664,5,1,ok,
old_v2,direct,rfft,float32,1024,1,contiguous,,direct_rfft_float32_1024_1_contiguous_,0.0078718386542,0.00781182468942,1.01191510553e-05,7,998,ok,
old_v2,direct,rfft,float32,1024,2,contiguous,,direct_rfft_float32_1024_2_contiguous_,0.00959794847188,0.00951293451596,5.27258520358e-05,7,1222,ok,
old_v2,direct,rfft,float32,1024,8,contiguous,,direct_rfft_float32_1024_8_contiguous_,0.020369089907,0.0202465598704,9.23703191802e-05,7,200,ok,
old_v2,direct,rfft,float32,1024,64,contiguous,,direct_rfft_float32_1024_64_contiguous_,0.119584379718,0.118850034778,0.000685649574734,7,200,ok,
old_v2,direct,rfft,float32,1024,256,contiguous,,direct_rfft_float32_1024_256_contiguous_,0.448209204478,0.441731454339,0.00437725102529,7,20,ok,
old_v2,direct,rfft,float32,2048,1,contiguous,,direct_rfft_float32_2048_1_contiguous_,0.0119158615896,0.0117420652563,5.18857833359e-05,7,1041,ok,
old_v2,direct,rfft,float32,2048,2,contiguous,,direct_rfft_float32_2048_2_contiguous_,0.0157963006317,0.0156115436603,0.00015961906934,7,835,ok,
old_v2,direct,rfft,float32,2048,8,contiguous,,direct_rfft_float32_2048_8_contiguous_,0.0433621549746,0.0407931447262,0.000679945223965,7,200,ok,
old_v2,direct,rfft,float32,2048,64,contiguous,,direct_rfft_float32_2048_64_contiguous_,0.28132199659,0.272480800049,0.00228235148825,7,20,ok,
old_v2,direct,rfft,float32,2048,256,contiguous,,direct_rfft_float32_2048_256_contiguous_,1.06561054708,1.04201380163,0.0116345996503,7,20,ok,
old_v2,direct,rfft,float32,3072,1,contiguous,,direct_rfft_float32_3072_1_contiguous_,0.0153225238216,0.0152161929947,6.42369511527e-05,7,819,ok,
old_v2,direct,rfft,float32,3072,2,contiguous,,direct_rfft_float32_3072_2_contiguous_,0.0203397899168,0.0202286802232,8.26048199087e-05,7,200,ok,
old_v2,direct,rfft,float32,3072,8,contiguous,,direct_rfft_float32_3072_8_contiguous_,0.0566664198413,0.0558625400299,8.58050771058e-05,7,200,ok,
old_v2,direct,rfft,float32,3072,64,contiguous,,direct_rfft_float32_3072_64_contiguous_,0.380772951758,0.377722695703,0.00136660528369,7,20,ok,
old_v2,direct,rfft,float32,3072,256,contiguous,,direct_rfft_float32_3072_256_contiguous_,1.50939317084,1.49944766761,0.00994550322907,7,18,ok,
old_v2,direct,rfft,float32,3584,1,contiguous,,direct_rfft_float32_3584_1_contiguous_,0.0218336988386,0.0216940833572,0.000139615481437,7,601,ok,
old_v2,direct,rfft,float32,3584,2,contiguous,,direct_rfft_float32_3584_2_contiguous_,0.028020790196,0.0279211002635,9.78802563623e-05,7,200,ok,
old_v2,direct,rfft,float32,3584,8,contiguous,,direct_rfft_float32_3584_8_contiguous_,0.0860705249943,0.0855364149902,0.000191409490071,7,200,ok,
old_v2,direct,rfft,float32,3584,64,contiguous,,direct_rfft_float32_3584_64_contiguous_,0.6157507014,0.612606696086,0.00144125078805,7,20,ok,
old_v2,direct,rfft,float32,3584,256,contiguous,,direct_rfft_float32_3584_256_contiguous_,2.46298199412,2.45076584486,0.0122161492562,7,13,ok,
old_v2,direct,rfft,float32,4095,1,contiguous,,direct_rfft_float32_4095_1_contiguous_,0.0303965428726,0.0300988227871,0.000101680249889,7,457,ok,
old_v2,direct,rfft,float32,4095,2,contiguous,,direct_rfft_float32_4095_2_contiguous_,0.0363632995868,0.0359507702524,0.000155645539053,7,200,ok,
old_v2,direct,rfft,float32,4095,8,contiguous,,direct_rfft_float32_4095_8_contiguous_,0.116928844946,0.116457699914,0.000272464822046,7,200,ok,
old_v2,direct,rfft,float32,4095,64,contiguous,,direct_rfft_float32_4095_64_contiguous_,0.896349799586,0.885186652886,0.00503900228068,7,20,ok,
old_v2,direct,rfft,float32,4095,256,contiguous,,direct_rfft_float32_4095_256_contiguous_,3.58126877755,3.50896622209,0.0312346706374,7,9,ok,
old_v2,direct,rfft,float32,4096,1,contiguous,,direct_rfft_float32_4096_1_contiguous_,0.0200757836788,0.0199720165911,5.45052662154e-05,7,661,ok,
old_v2,direct,rfft,float32,4096,2,contiguous,,direct_rfft_float32_4096_2_contiguous_,0.0261810550001,0.026033174945,8.89197690412e-05,7,200,ok,
old_v2,direct,rfft,float32,4096,8,contiguous,,direct_rfft_float32_4096_8_contiguous_,0.0755322148325,0.0752030848525,0.000303169945255,7,200,ok,
old_v2,direct,rfft,float32,4096,64,contiguous,,direct_rfft_float32_4096_64_contiguous_,0.544820749201,0.54092790233,0.00155745074153,7,20,ok,
old_v2,direct,rfft,float32,4096,256,contiguous,,direct_rfft_float32_4096_256_contiguous_,2.24730466531,2.21389466121,0.0153649113296,7,12,ok,
old_v2,direct,rfft,float32,4097,1,contiguous,,direct_rfft_float32_4097_1_contiguous_,0.127841396853,0.127810670409,3.07264440146e-05,5,194,ok,
old_v2,direct,rfft,float32,4097,2,contiguous,,direct_rfft_float32_4097_2_contiguous_,0.144822018295,0.143765993615,0.000820451177566,5,164,ok,
old_v2,direct,rfft,float32,4097,8,contiguous,,direct_rfft_float32_4097_8_contiguous_,0.544184423052,0.541411598937,0.00108851171616,5,45,ok,
old_v2,direct,rfft,float32,4097,64,contiguous,,direct_rfft_float32_4097_64_contiguous_,4.28193426342,4.27266550832,0.00864261528477,5,8,ok,
old_v2,direct,rfft,float32,4097,256,contiguous,,direct_rfft_float32_4097_256_contiguous_,17.4421929987,17.059918493,0.347248045728,5,2,ok,
old_v2,direct,rfft,float32,4608,1,contiguous,,direct_rfft_float32_4608_1_contiguous_,0.0237919297069,0.0233621650841,8.70146322995e-05,5,200,ok,
old_v2,direct,rfft,float32,4608,2,contiguous,,direct_rfft_float32_4608_2_contiguous_,0.0301445147488,0.0300827447791,6.17699697614e-05,5,200,ok,
old_v2,direct,rfft,float32,4608,8,contiguous,,direct_rfft_float32_4608_8_contiguous_,0.0910732598277,0.0902456353651,0.00020208011847,5,200,ok,
old_v2,direct,rfft,float32,4608,64,contiguous,,direct_rfft_float32_4608_64_contiguous_,0.642576999962,0.637734803604,0.00347610330209,5,20,ok,
old_v2,direct,rfft,float32,4608,256,contiguous,,direct_rfft_float32_4608_256_contiguous_,2.87833760958,2.61806040071,0.0949179986492,5,5,ok,
old_v2,direct,rfft,float32,8192,1,contiguous,,direct_rfft_float32_8192_1_contiguous_,0.0391003349796,0.0389032601379,0.000197074841708,5,200,ok,
old_v2,direct,rfft,float32,8192,2,contiguous,,direct_rfft_float32_8192_2_contiguous_,0.0518029002706,0.0516453001183,9.05705383047e-05,5,200,ok,
old_v2,direct,rfft,float32,8192,8,contiguous,,direct_rfft_float32_8192_8_contiguous_,0.163673846982,0.162382066871,0.000644086394459,5,150,ok,
old_v2,direct,rfft,float32,8192,64,contiguous,,direct_rfft_float32_8192_64_contiguous_,1.24169214978,1.23828920186,0.00185749959201,5,20,ok,
old_v2,direct,rfft,float32,8192,256,contiguous,,direct_rfft_float32_8192_256_contiguous_,6.02552460041,5.96874100156,0.00553459394723,5,5,ok,
old_v2,direct,rfft,float32,16384,1,contiguous,,direct_rfft_float32_16384_1_contiguous_,0.0765726302052,0.0750432402128,0.00107243016828,5,200,ok,
old_v2,direct,rfft,float32,16384,2,contiguous,,direct_rfft_float32_16384_2_contiguous_,0.0983407796593,0.097888825112,0.000451954547316,5,200,ok,
old_v2,direct,rfft,float32,16384,8,contiguous,,direct_rfft_float32_16384_8_contiguous_,0.331724499119,0.328608602285,0.00153795117512,5,20,ok,
old_v2,direct,rfft,float32,16384,64,contiguous,,direct_rfft_float32_16384_64_contiguous_,2.66188183256,2.61149549624,0.0503863363216,5,12,ok,
old_v2,direct,rfft,float32,16384,256,contiguous,,direct_rfft_float32_16384_256_contiguous_,17.6789059769,17.5617249915,0.034334952943,5,1,ok,
old_v2,direct,rfft,float32,32768,1,contiguous,,direct_rfft_float32_32768_1_contiguous_,0.151136947881,0.150050843147,0.000203522896163,5,153,ok,
old_v2,direct,rfft,float32,32768,2,contiguous,,direct_rfft_float32_32768_2_contiguous_,0.197491419385,0.196648847902,0.00084257148306,5,112,ok,
old_v2,direct,rfft,float32,32768,8,contiguous,,direct_rfft_float32_32768_8_contiguous_,0.685756799066,0.684439798351,0.000672752503306,5,20,ok,
old_v2,direct,rfft,float32,32768,64,contiguous,,direct_rfft_float32_32768_64_contiguous_,6.76293123979,6.73420951352,0.0287217262667,5,4,ok,
old_v2,direct,rfft,float32,32768,256,contiguous,,direct_rfft_float32_32768_256_contiguous_,35.6426129583,35.4568300536,0.0308881280944,5,1,ok,
old_v2,direct,rfft,float32,65536,1,contiguous,,direct_rfft_float32_65536_1_contiguous_,0.316008348018,0.314977853559,0.000529401004314,5,75,ok,
old_v2,direct,rfft,float32,65536,2,contiguous,,direct_rfft_float32_65536_2_contiguous_,0.39256279706,0.390295998659,0.00128095271066,5,20,ok,
old_v2,direct,rfft,float32,65536,8,contiguous,,direct_rfft_float32_65536_8_contiguous_,1.40473704669,1.39893459855,0.00176879693754,5,20,ok,
old_v2,direct,rfft,float32,65536,64,contiguous,,direct_rfft_float32_65536_64_contiguous_,18.452362041,18.3161940658,0.0295160571113,5,1,ok,
old_v2,direct,rfft,float32,65536,256,contiguous,,direct_rfft_float32_65536_256_contiguous_,71.1290790932,70.8065170329,0.322562060319,5,1,ok,
old_v2,direct,rfft,float64,1024,1,contiguous,,direct_rfft_float64_1024_1_contiguous_,0.00657653613122,0.0065252228247,3.48943197115e-05,7,1315,ok,
old_v2,direct,rfft,float64,1024,2,contiguous,,direct_rfft_float64_1024_2_contiguous_,0.00798357509779,0.00793941275903,1.82911256507e-05,7,1405,ok,
old_v2,direct,rfft,float64,1024,8,contiguous,,direct_rfft_float64_1024_8_contiguous_,0.0164998602122,0.0164132995997,8.65606125444e-05,7,200,ok,
old_v2,direct,rfft,float64,1024,64,contiguous,,direct_rfft_float64_1024_64_contiguous_,0.0984999298817,0.0982356752502,0.000212655286305,7,200,ok,
old_v2,direct,rfft,float64,1024,256,contiguous,,direct_rfft_float64_1024_256_contiguous_,0.377721647965,0.375413801521,0.0010444491636,7,20,ok,
old_v2,direct,rfft,float64,2048,1,contiguous,,direct_rfft_float64_2048_1_contiguous_,0.0103777366472,0.0103365967181,3.22016277983e-05,7,1215,ok,
old_v2,direct,rfft,float64,2048,2,contiguous,,direct_rfft_float64_2048_2_contiguous_,0.013266989979,0.0132243347285,4.01753008381e-05,7,998,ok,
old_v2,direct,rfft,float64,2048,8,contiguous,,direct_rfft_float64_2048_8_contiguous_,0.0352927698987,0.0351308652898,3.82249709219e-05,7,200,ok,
old_v2,direct,rfft,float64,2048,64,contiguous,,direct_rfft_float64_2048_64_contiguous_,0.237262051087,0.235941499704,0.00107150408439,7,20,ok,
old_v2,direct,rfft,float64,2048,256,contiguous,,direct_rfft_float64_2048_256_contiguous_,0.922003452433,0.9197310952,0.00133305438794,7,20,ok,
old_v2,direct,rfft,float64,3072,1,contiguous,,direct_rfft_float64_3072_1_contiguous_,0.0138508573097,0.0138241198632,2.67374465087e-05,7,960,ok,
old_v2,direct,rfft,float64,3072,2,contiguous,,direct_rfft_float64_3072_2_contiguous_,0.0174460554263,0.0172828946961,0.000130494590849,7,200,ok,
old_v2,direct,rfft,float64,3072,8,contiguous,,direct_rfft_float64_3072_8_contiguous_,0.0488262152066,0.0485326047055,0.000211244914681,7,200,ok,
old_v2,direct,rfft,float64,3072,64,contiguous,,direct_rfft_float64_3072_64_contiguous_,0.33604070195,0.335827301024,0.000213400926441,7,20,ok,
old_v2,direct,rfft,float64,3072,256,contiguous,,direct_rfft_float64_3072_256_contiguous_,1.32232045289,1.3196107524,0.00108660315163,7,20,ok,
old_v2,direct,rfft,float64,3584,1,contiguous,,direct_rfft_float64_3584_1_contiguous_,0.0196911169405,0.0196416947337,3.58158961661e-05,7,701,ok,
old_v2,direct,rfft,float64,3584,2,contiguous,,direct_rfft_float64_3584_2_contiguous_,0.024908289779,0.0248154153815,7.2984257713e-05,7,200,ok,
old_v2,direct,rfft,float64,3584,8,contiguous,,direct_rfft_float64_3584_8_contiguous_,0.0770826003281,0.076722165104,0.000153640285134,7,200,ok,
old_v2,direct,rfft,float64,3584,64,contiguous,,direct_rfft_float64_3584_64_contiguous_,0.562244304456,0.55973000126,0.00176135217771,7,20,ok,
old_v2,direct,rfft,float64,3584,256,contiguous,,direct_rfft_float64_3584_256_contiguous_,2.22755284407,2.22192607963,0.00515292721012,7,13,ok,
old_v2,direct,rfft,float64,4095,1,contiguous,,direct_rfft_float64_4095_1_contiguous_,0.0280066091727,0.0277793358788,0.000121513411949,7,491,ok,
old_v2,direct,rfft,float64,4095,2,contiguous,,direct_rfft_float64_4095_2_contiguous_,0.0327382801333,0.0324664649088,0.000111559638754,7,200,ok,
old_v2,direct,rfft,float64,4095,8,contiguous,,direct_rfft_float64_4095_8_contiguous_,0.106712940033,0.106417129864,0.000129994587041,7,200,ok,
old_v2,direct,rfft,float64,4095,64,contiguous,,direct_rfft_float64_4095_64_contiguous_,0.789751351112,0.784843502333,0.00346504966728,7,20,ok,
old_v2,direct,rfft,float64,4095,256,contiguous,,direct_rfft_float64_4095_256_contiguous_,3.19887389196,3.10963890515,0.026462203823,7,10,ok,
old_v2,direct,rfft,float64,4096,1,contiguous,,direct_rfft_float64_4096_1_contiguous_,0.0179250580861,0.0177985911152,8.5955053214e-05,7,758,ok,
old_v2,direct,rfft,float64,4096,2,contiguous,,direct_rfft_float64_4096_2_contiguous_,0.0232308648992,0.0229442701675,6.65249535814e-05,7,200,ok,
old_v2,direct,rfft,float64,4096,8,contiguous,,direct_rfft_float64_4096_8_contiguous_,0.0667566346237,0.0664554152172,0.000301219406538,7,200,ok,
old_v2,direct,rfft,float64,4096,64,contiguous,,direct_rfft_float64_4096_64_contiguous_,0.47298714635,0.471799902152,0.000562547938898,7,20,ok,
old_v2,direct,rfft,float64,4096,256,contiguous,,direct_rfft_float64_4096_256_contiguous_,1.88254812383,1.87327493768,0.00685237318976,7,16,ok,
old_v2,direct,rfft,float64,4097,1,contiguous,,direct_rfft_float64_4097_1_contiguous_,0.126977934032,0.126653234474,0.000153346894765,5,196,ok,
old_v2,direct,rfft,float64,4097,2,contiguous,,direct_rfft_float64_4097_2_contiguous_,0.140153885225,0.139170931117,0.000886562890534,5,174,ok,
old_v2,direct,rfft,float64,4097,8,contiguous,,direct_rfft_float64_4097_8_contiguous_,0.530074348005,0.529478848203,0.0004007825223,5,46,ok,
old_v2,direct,rfft,float64,4097,64,contiguous,,direct_rfft_float64_4097_64_contiguous_,4.30953150499,4.22052049544,0.0635441247141,5,8,ok,
old_v2,direct,rfft,float64,4097,256,contiguous,,direct_rfft_float64_4097_256_contiguous_,16.8260704959,16.7591890204,0.0170925050043,5,2,ok,
old_v2,direct,rfft,float64,4608,1,contiguous,,direct_rfft_float64_4608_1_contiguous_,0.0211229198612,0.021062004962,4.04252205044e-05,5,200,ok,
old_v2,direct,rfft,float64,4608,2,contiguous,,direct_rfft_float64_4608_2_contiguous_,0.0260490551591,0.0259440549416,5.03449700773e-05,5,200,ok,
old_v2,direct,rfft,float64,4608,8,contiguous,,direct_rfft_float64_4608_8_contiguous_,0.0797582149971,0.0795106502483,6.88852742314e-05,5,200,ok,
old_v2,direct,rfft,float64,4608,64,contiguous,,direct_rfft_float64_4608_64_contiguous_,0.568893901072,0.566358101787,0.0025357992854,5,20,ok,
old_v2,direct,rfft,float64,4608,256,contiguous,,direct_rfft_float64_4608_256_contiguous_,2.26482721046,2.26063521113,0.00419199932367,5,5,ok,
old_v2,direct,rfft,float64,8192,1,contiguous,,direct_rfft_float64_8192_1_contiguous_,0.0354616396362,0.035432735458,2.89041781798e-05,5,200,ok,
old_v2,direct,rfft,float64,8192,2,contiguous,,direct_rfft_float64_8192_2_contiguous_,0.0454474601429,0.0452328549,7.57398083806e-05,5,200,ok,
old_v2,direct,rfft,float64,8192,8,contiguous,,direct_rfft_float64_8192_8_contiguous_,0.143838593709,0.143641329316,0.000197264393244,5,170,ok,
old_v2,direct,rfft,float64,8192,64,contiguous,,direct_rfft_float64_8192_64_contiguous_,1.06698659947,1.06418729993,0.00264444970526,5,20,ok,
old_v2,direct,rfft,float64,8192,256,contiguous,,direct_rfft_float64_8192_256_contiguous_,4.43719520699,4.38914420083,0.00826159957796,5,5,ok,
old_v2,direct,rfft,float64,16384,1,contiguous,,direct_rfft_float64_16384_1_contiguous_,0.069193005329,0.0691041850951,8.88202339411e-05,5,200,ok,
old_v2,direct,rfft,float64,16384,2,contiguous,,direct_rfft_float64_16384_2_contiguous_,0.088971524965,0.088730014977,7.64447031543e-05,5,200,ok,
old_v2,direct,rfft,float64,16384,8,contiguous,,direct_rfft_float64_16384_8_contiguous_,0.305662601022,0.305401149672,0.000261451350525,5,20,ok,
old_v2,direct,rfft,float64,16384,64,contiguous,,direct_rfft_float64_16384_64_contiguous_,2.34530506922,2.33006692724,0.0130711455962,5,14,ok,
old_v2,direct,rfft,float64,16384,256,contiguous,,direct_rfft_float64_16384_256_contiguous_,11.5506800357,11.5055295173,0.00821542926133,5,2,ok,
old_v2,direct,rfft,float64,32768,1,contiguous,,direct_rfft_float64_32768_1_contiguous_,0.140518083383,0.140109379755,0.000304547034454,5,179,ok,
old_v2,direct,rfft,float64,32768,2,contiguous,,direct_rfft_float64_32768_2_contiguous_,0.18103721849,0.179729865621,0.000512571770604,5,119,ok,
old_v2,direct,rfft,float64,32768,8,contiguous,,direct_rfft_float64_32768_8_contiguous_,0.636580644641,0.632982800016,0.000845093745738,5,20,ok,
old_v2,direct,rfft,float64,32768,64,contiguous,,direct_rfft_float64_32768_64_contiguous_,5.08936680853,5.05586741492,0.0304536195472,5,5,ok,
old_v2,direct,rfft,float64,32768,256,contiguous,,direct_rfft_float64_32768_256_contiguous_,25.533729,25.2912900178,0.109117012471,5,1,ok,
old_v2,direct,rfft,float64,65536,1,contiguous,,direct_rfft_float64_65536_1_contiguous_,0.292925876968,0.292435926558,0.00048995041001,5,81,ok,
old_v2,direct,rfft,float64,65536,2,contiguous,,direct_rfft_float64_65536_2_contiguous_,0.363155046944,0.359587348066,0.000692304456607,5,20,ok,
old_v2,direct,rfft,float64,65536,8,contiguous,,direct_rfft_float64_65536_8_contiguous_,1.3107228966,1.30997954984,0.000534049468115,5,20,ok,
old_v2,direct,rfft,float64,65536,64,contiguous,,direct_rfft_float64_65536_64_contiguous_,13.0500610103,12.9069850082,0.0739700044505,5,2,ok,
old_v2,direct,rfft,float64,65536,256,contiguous,,direct_rfft_float64_65536_256_contiguous_,51.5441310126,51.4663539361,0.0777770765126,5,1,ok,
old_v2,direct,irfft,complex64,1024,1,contiguous,,direct_irfft_complex64_1024_1_contiguous_,0.00847270888643,0.00844440912804,1.48333782467e-05,7,924,ok,
old_v2,direct,irfft,complex64,1024,2,contiguous,,direct_irfft_complex64_1024_2_contiguous_,0.012005488154,0.0119467870483,1.49990924261e-05,7,1014,ok,
old_v2,direct,irfft,complex64,1024,8,contiguous,,direct_irfft_complex64_1024_8_contiguous_,0.0160069798585,0.0159167102538,2.04396201298e-05,7,200,ok,
old_v2,direct,irfft,complex64,1024,64,contiguous,,direct_irfft_complex64_1024_64_contiguous_,0.0900765147526,0.0898291001795,0.00010214978829,7,200,ok,
old_v2,direct,irfft,complex64,1024,256,contiguous,,direct_irfft_complex64_1024_256_contiguous_,0.336924853036,0.336160400184,8.50996002555e-05,7,20,ok,
old_v2,direct,irfft,complex64,2048,1,contiguous,,direct_irfft_complex64_2048_1_contiguous_,0.0129106721629,0.012874014298,2.53391801261e-05,7,979,ok,
old_v2,direct,irfft,complex64,2048,2,contiguous,,direct_irfft_complex64_2048_2_contiguous_,0.0201590045112,0.0201093534622,4.19486067169e-05,7,679,ok,
old_v2,direct,irfft,complex64,2048,8,contiguous,,direct_irfft_complex64_2048_8_contiguous_,0.0316090404522,0.0315448699985,6.41704536974e-05,7,200,ok,
old_v2,direct,irfft,complex64,2048,64,contiguous,,direct_irfft_complex64_2048_64_contiguous_,0.204991403734,0.204476952786,8.86502675712e-05,7,20,ok,
old_v2,direct,irfft,complex64,2048,256,contiguous,,direct_irfft_complex64_2048_256_contiguous_,0.794613047037,0.792938400991,0.0011001015082,7,20,ok,
old_v2,direct,irfft,complex64,3072,1,contiguous,,direct_irfft_complex64_3072_1_contiguous_,0.0184963022752,0.0183122633473,9.23142374996e-05,7,748,ok,
old_v2,direct,irfft,complex64,3072,2,contiguous,,direct_irfft_complex64_3072_2_contiguous_,0.0304341147421,0.0303718948271,4.85946657136e-05,7,200,ok,
old_v2,direct,irfft,complex64,3072,8,contiguous,,direct_irfft_complex64_3072_8_contiguous_,0.0444715598132,0.0441543047782,0.000118275056593,7,200,ok,
old_v2,direct,irfft,complex64,3072,64,contiguous,,direct_irfft_complex64_3072_64_contiguous_,0.305920653045,0.305631599622,0.000147748505697,7,20,ok,
old_v2,direct,irfft,complex64,3072,256,contiguous,,direct_irfft_complex64_3072_256_contiguous_,1.18716034922,1.17750255158,0.00183445517905,7,20,ok,
old_v2,direct,irfft,complex64,3584,1,contiguous,,direct_irfft_complex64_3584_1_contiguous_,0.0233373395326,0.0231925083432,2.98174206206e-05,7,586,ok,
old_v2,direct,irfft,complex64,3584,2,contiguous,,direct_irfft_complex64_3584_2_contiguous_,0.0400240847375,0.0399021047633,0.000106605002657,7,200,ok,
old_v2,direct,irfft,complex64,3584,8,contiguous,,direct_irfft_complex64_3584_8_contiguous_,0.058576890151,0.0584264000645,9.81346238405e-05,7,200,ok,
old_v2,direct,irfft,complex64,3584,64,contiguous,,direct_irfft_complex64_3584_64_contiguous_,0.414989254205,0.414017948788,0.000395241659135,7,20,ok,
old_v2,direct,irfft,complex64,3584,256,contiguous,,direct_irfft_complex64_3584_256_contiguous_,1.64173910161,1.63996224874,0.00161755015142,7,20,ok,
old_v2,direct,irfft,complex64,4095,1,contiguous,,direct_irfft_complex64_4095_1_contiguous_,0.0547778700258,0.0545250648235,0.000231579845444,7,262,ok,
old_v2,direct,irfft,complex64,4095,2,contiguous,,direct_irfft_complex64_4095_2_contiguous_,0.101888899808,0.10177999502,0.000108904787339,7,200,ok,
old_v2,direct,irfft,complex64,4095,8,contiguous,,direct_irfft_complex64_4095_8_contiguous_,0.138048394324,0.137984327739,6.40665853603e-05,7,180,ok,
old_v2,direct,irfft,complex64,4095,64,contiguous,,direct_irfft_complex64_4095_64_contiguous_,1.04976349976,1.04642264778,0.00130399712361,7,20,ok,
old_v2,direct,irfft,complex64,4095,256,contiguous,,direct_irfft_complex64_4095_256_contiguous_,4.16252549621,4.16103636962,0.00148912658915,7,8,ok,
old_v2,direct,irfft,complex64,4096,1,contiguous,,direct_irfft_complex64_4096_1_contiguous_,0.0235891243241,0.0234443678858,6.45167189414e-05,7,571,ok,
old_v2,direct,irfft,complex64,4096,2,contiguous,,direct_irfft_complex64_4096_2_contiguous_,0.0406088895397,0.0404692796292,7.04341800883e-05,7,200,ok,
old_v2,direct,irfft,complex64,4096,8,contiguous,,direct_irfft_complex64_4096_8_contiguous_,0.0592647399753,0.0590080046095,0.00017783488147,7,200,ok,
old_v2,direct,irfft,complex64,4096,64,contiguous,,direct_irfft_complex64_4096_64_contiguous_,0.419256353052,0.417874200502,0.00104900682345,7,20,ok,
old_v2,direct,irfft,complex64,4096,256,contiguous,,direct_irfft_complex64_4096_256_contiguous_,1.6488235502,1.64627969498,0.00210294965655,7,20,ok,
old_v2,direct,irfft,complex64,4097,1,contiguous,,direct_irfft_complex64_4097_1_contiguous_,0.0235879904358,0.02351299976,7.49906757846e-05,5,200,ok,
old_v2,direct,irfft,complex64,4097,2,contiguous,,direct_irfft_complex64_4097_2_contiguous_,0.040577785112,0.040375799872,0.000143920187838,5,200,ok,
old_v2,direct,irfft,complex64,4097,8,contiguous,,direct_irfft_complex64_4097_8_contiguous_,0.058941829484,0.058640660136,0.00016967416741,5,200,ok,
old_v2,direct,irfft,complex64,4097,64,contiguous,,direct_irfft_complex64_4097_64_contiguous_,0.416902900906,0.415481696837,0.000596098834649,5,20,ok,
old_v2,direct,irfft,complex64,4097,256,contiguous,,direct_irfft_complex64_4097_256_contiguous_,1.64328541141,1.63817780558,0.00332021154463,5,5,ok,
old_v2,direct,irfft,complex64,4608,1,contiguous,,direct_irfft_complex64_4608_1_contiguous_,0.0281348550925,0.027864750009,0.000176285393536,5,200,ok,
old_v2,direct,irfft,complex64,4608,2,contiguous,,direct_irfft_complex64_4608_2_contiguous_,0.0486685102805,0.0486244802596,2.86550493911e-05,5,200,ok,
old_v2,direct,irfft,complex64,4608,8,contiguous,,direct_irfft_complex64_4608_8_contiguous_,0.0638249301119,0.0634104950586,0.000100039760582,5,200,ok,
old_v2,direct,irfft,complex64,4608,64,contiguous,,direct_irfft_complex64_4608_64_contiguous_,0.454047799576,0.453465653118,0.000211899168789,5,20,ok,
old_v2,direct,irfft,complex64,4608,256,contiguous,,direct_irfft_complex64_4608_256_contiguous_,1.78484979551,1.77922518924,0.0015249941498,5,5,ok,
old_v2,direct,irfft,complex64,8192,1,contiguous,,direct_irfft_complex64_8192_1_contiguous_,0.0480936199892,0.0472128554247,0.000880764564499,5,200,ok,
old_v2,direct,irfft,complex64,8192,2,contiguous,,direct_irfft_complex64_8192_2_contiguous_,0.0841894105542,0.0825489597628,0.00121094053611,5,200,ok,
old_v2,direct,irfft,complex64,8192,8,contiguous,,direct_irfft_complex64_8192_8_contiguous_,0.115533905337,0.114951999858,0.000557260354981,5,200,ok,
old_v2,direct,irfft,complex64,8192,64,contiguous,,direct_irfft_complex64_8192_64_contiguous_,0.839904899476,0.836842600256,0.00253585167229,5,20,ok,
old_v2,direct,irfft,complex64,8192,256,contiguous,,direct_irfft_complex64_8192_256_contiguous_,3.40953820851,3.39907221496,0.0104659935459,5,5,ok,
old_v2,direct,irfft,complex64,16384,1,contiguous,,direct_irfft_complex64_16384_1_contiguous_,0.0946899096016,0.0944799103308,0.000209999270737,5,200,ok,
old_v2,direct,irfft,complex64,16384,2,contiguous,,direct_irfft_complex64_16384_2_contiguous_,0.177065417231,0.176352769532,0.000296675653713,5,139,ok,
old_v2,direct,irfft,complex64,16384,8,contiguous,,direct_irfft_complex64_16384_8_contiguous_,0.232559104916,0.231825746596,0.000566593371332,5,20,ok,
old_v2,direct,irfft,complex64,16384,64,contiguous,,direct_irfft_complex64_16384_64_contiguous_,1.74864419969,1.74131024978,0.00288200099021,5,20,ok,
old_v2,direct,irfft,complex64,16384,256,contiguous,,direct_irfft_complex64_16384_256_contiguous_,7.07622998743,7.04922876321,0.0106952502392,5,4,ok,
old_v2,direct,irfft,complex64,32768,1,contiguous,,direct_irfft_complex64_32768_1_contiguous_,0.190406905737,0.189525078923,0.000844591326542,5,127,ok,
old_v2,direct,irfft,complex64,32768,2,contiguous,,direct_irfft_complex64_32768_2_contiguous_,0.363473462483,0.363326895593,0.000131000250356,5,67,ok,
old_v2,direct,irfft,complex64,32768,8,contiguous,,direct_irfft_complex64_32768_8_contiguous_,0.511197047308,0.506870402023,0.00117325107567,5,20,ok,
old_v2,direct,irfft,complex64,32768,64,contiguous,,direct_irfft_complex64_32768_64_contiguous_,3.87216680683,3.86243821122,0.00972859561443,5,5,ok,
old_v2,direct,irfft,complex64,32768,256,contiguous,,direct_irfft_complex64_32768_256_contiguous_,17.5642590038,17.5474979915,0.0167610123754,5,1,ok,
old_v2,direct,irfft,complex64,65536,1,contiguous,,direct_irfft_complex64_65536_1_contiguous_,0.441870070063,0.440257911188,0.00070348115904,5,56,ok,
old_v2,direct,irfft,complex64,65536,2,contiguous,,direct_irfft_complex64_65536_2_contiguous_,1.1422837968,1.13949954975,0.00217310152948,5,20,ok,
old_v2,direct,irfft,complex64,65536,8,contiguous,,direct_irfft_complex64_65536_8_contiguous_,1.05633644853,1.04993730201,0.00143719953485,5,20,ok,
old_v2,direct,irfft,complex64,65536,64,contiguous,,direct_irfft_complex64_65536_64_contiguous_,8.07218698901,8.04634799715,0.0115217408165,5,4,ok,
old_v2,direct,irfft,complex64,65536,256,contiguous,,direct_irfft_complex64_65536_256_contiguous_,35.2456199471,35.0889530964,0.149953877553,5,1,ok,
old_v2,direct,irfft,complex128,1024,1,contiguous,,direct_irfft_complex128_1024_1_contiguous_,0.00780394037244,0.00778114405909,2.27963133459e-05,7,1242,ok,
old_v2,direct,irfft,complex128,1024,2,contiguous,,direct_irfft_complex128_1024_2_contiguous_,0.00886134919438,0.00883996107747,1.47279446316e-05,7,1283,ok,
old_v2,direct,irfft,complex128,1024,8,contiguous,,direct_irfft_complex128_1024_8_contiguous_,0.0187553348951,0.0186946749454,5.88595867157e-05,7,200,ok,
old_v2,direct,irfft,complex128,1024,64,contiguous,,direct_irfft_complex128_1024_64_contiguous_,0.109406289994,0.108364120242,0.000590475392528,7,200,ok,
old_v2,direct,irfft,complex128,1024,256,contiguous,,direct_irfft_complex128_1024_256_contiguous_,0.414755847305,0.414515851298,0.000239996006712,7,20,ok,
old_v2,direct,irfft,complex128,2048,1,contiguous,,direct_irfft_complex128_2048_1_contiguous_,0.0121428103278,0.0120696291424,3.35559240179e-05,7,1065,ok,
old_v2,direct,irfft,complex128,2048,2,contiguous,,direct_irfft_complex128_2048_2_contiguous_,0.0155075927573,0.0153787432312,4.22096910399e-05,7,911,ok,
old_v2,direct,irfft,complex128,2048,8,contiguous,,direct_irfft_complex128_2048_8_contiguous_,0.041942615062,0.041403399664,0.000144979567267,7,200,ok,
old_v2,direct,irfft,complex128,2048,64,contiguous,,direct_irfft_complex128_2048_64_contiguous_,0.278270250419,0.276792951627,0.00131250126287,7,20,ok,
old_v2,direct,irfft,complex128,2048,256,contiguous,,direct_irfft_complex128_2048_256_contiguous_,1.08406094951,1.08138240175,0.00218960340135,7,20,ok,
old_v2,direct,irfft,complex128,3072,1,contiguous,,direct_irfft_complex128_3072_1_contiguous_,0.0166119125436,0.0162637990477,3.60872963915e-05,7,801,ok,
old_v2,direct,irfft,complex128,3072,2,contiguous,,direct_irfft_complex128_3072_2_contiguous_,0.0203575700289,0.0203042704379,2.42452370003e-05,7,200,ok,
old_v2,direct,irfft,complex128,3072,8,contiguous,,direct_irfft_complex128_3072_8_contiguous_,0.0580563000403,0.0577328848885,0.000172025174834,7,200,ok,
old_v2,direct,irfft,complex128,3072,64,contiguous,,direct_irfft_complex128_3072_64_contiguous_,0.405515299644,0.404402200365,0.000633648596704,7,20,ok,
old_v2,direct,irfft,complex128,3072,256,contiguous,,direct_irfft_complex128_3072_256_contiguous_,1.59286155249,1.59074150142,0.00119280302897,7,20,ok,
old_v2,direct,irfft,complex128,3584,1,contiguous,,direct_irfft_complex128_3584_1_contiguous_,0.0216826351478,0.0215960590253,3.30605052458e-05,7,644,ok,
old_v2,direct,irfft,complex128,3584,2,contiguous,,direct_irfft_complex128_3584_2_contiguous_,0.0270018103765,0.026830584975,0.000150185660459,7,200,ok,
old_v2,direct,irfft,complex128,3584,8,contiguous,,direct_irfft_complex128_3584_8_contiguous_,0.0832011952298,0.0830154400319,0.000129149993882,7,200,ok,
old_v2,direct,irfft,complex128,3584,64,contiguous,,direct_irfft_complex128_3584_64_contiguous_,0.600137049332,0.59896534658,0.0011156545952,7,20,ok,
old_v2,direct,irfft,complex128,3584,256,contiguous,,direct_irfft_complex128_3584_256_contiguous_,2.38176992363,2.37474585551,0.00153435394168,7,14,ok,
old_v2,direct,irfft,complex128,4095,1,contiguous,,direct_irfft_complex128_4095_1_contiguous_,0.0588147682365,0.0586847275897,3.95897276154e-05,7,246,ok,
old_v2,direct,irfft,complex128,4095,2,contiguous,,direct_irfft_complex128_4095_2_contiguous_,0.0662867946085,0.0661408202723,4.45306068286e-05,7,200,ok,
old_v2,direct,irfft,complex128,4095,8,contiguous,,direct_irfft_complex128_4095_8_contiguous_,0.24291658085,0.242583805277,0.000318458864503,7,98,ok,
old_v2,direct,irfft,complex128,4095,64,contiguous,,direct_irfft_complex128_4095_64_contiguous_,1.88871749884,1.88145427577,0.00469116882111,7,18,ok,
old_v2,direct,irfft,complex128,4095,256,contiguous,,direct_irfft_complex128_4095_256_contiguous_,7.61013900046,7.50782250543,0.0932214898057,7,4,ok,
old_v2,direct,irfft,complex128,4096,1,contiguous,,direct_irfft_complex128_4096_1_contiguous_,0.0209915401171,0.020798765328,6.95512297644e-05,7,622,ok,
old_v2,direct,irfft,complex128,4096,2,contiguous,,direct_irfft_complex128_4096_2_contiguous_,0.0260664348025,0.025677550002,0.000165469828062,7,200,ok,
old_v2,direct,irfft,complex128,4096,8,contiguous,,direct_irfft_complex128_4096_8_contiguous_,0.0807357701706,0.0802032649517,0.000348960165866,7,200,ok,
old_v2,direct,irfft,complex128,4096,64,contiguous,,direct_irfft_complex128_4096_64_contiguous_,0.578768603737,0.5760414002,0.00111614353955,7,20,ok,
old_v2,direct,irfft,complex128,4096,256,contiguous,,direct_irfft_complex128_4096_256_contiguous_,2.29536839761,2.28082147272,0.0145469248916,7,15,ok,
old_v2,direct,irfft,complex128,4097,1,contiguous,,direct_irfft_complex128_4097_1_contiguous_,0.0206899497425,0.0205135700526,0.000126939848997,5,200,ok,
old_v2,direct,irfft,complex128,4097,2,contiguous,,direct_irfft_complex128_4097_2_contiguous_,0.0256952852942,0.0255256099626,0.000169675331563,5,200,ok,
old_v2,direct,irfft,complex128,4097,8,contiguous,,direct_irfft_complex128_4097_8_contiguous_,0.0803598598577,0.0794792402303,0.000179939670488,5,200,ok,
old_v2,direct,irfft,complex128,4097,64,contiguous,,direct_irfft_complex128_4097_64_contiguous_,0.57465530117,0.570058100857,0.00294510391541,5,20,ok,
old_v2,direct,irfft,complex128,4097,256,contiguous,,direct_irfft_complex128_4097_256_contiguous_,2.28091580793,2.27284638677,0.0061976024881,5,5,ok,
old_v2,direct,irfft,complex128,4608,1,contiguous,,direct_irfft_complex128_4608_1_contiguous_,0.0241701951018,0.0238915195223,0.00011526979506,5,200,ok,
old_v2,direct,irfft,complex128,4608,2,contiguous,,direct_irfft_complex128_4608_2_contiguous_,0.0281732802978,0.0277605949668,1.32201239467e-05,5,200,ok,
old_v2,direct,irfft,complex128,4608,8,contiguous,,direct_irfft_complex128_4608_8_contiguous_,0.0842289900174,0.0841395702446,4.94898995385e-05,5,200,ok,
old_v2,direct,irfft,complex128,4608,64,contiguous,,direct_irfft_complex128_4608_64_contiguous_,0.604582496453,0.602895300835,0.000280054518953,5,20,ok,
old_v2,direct,irfft,complex128,4608,256,contiguous,,direct_irfft_complex128_4608_256_contiguous_,2.41302798968,2.3846762022,0.0100229866803,5,5,ok,
old_v2,direct,irfft,complex128,8192,1,contiguous,,direct_irfft_complex128_8192_1_contiguous_,0.041398339672,0.0410711148288,0.000159095507115,5,200,ok,
old_v2,direct,irfft,complex128,8192,2,contiguous,,direct_irfft_complex128_8192_2_contiguous_,0.0481881049927,0.047861134517,0.000145174562931,5,200,ok,
old_v2,direct,irfft,complex128,8192,8,contiguous,,direct_irfft_complex128_8192_8_contiguous_,0.156421031404,0.155873093407,0.000268894808818,5,161,ok,
old_v2,direct,irfft,complex128,8192,64,contiguous,,direct_irfft_complex128_8192_64_contiguous_,1.14890235127,1.14453604911,0.00436630216427,5,20,ok,
old_v2,direct,irfft,complex128,8192,256,contiguous,,direct_irfft_complex128_8192_256_contiguous_,4.74522679579,4.69797120895,0.0210660044104,5,5,ok,
old_v2,direct,irfft,complex128,16384,1,contiguous,,direct_irfft_complex128_16384_1_contiguous_,0.0842271349393,0.0841197301634,0.000107404775918,5,200,ok,
old_v2,direct,irfft,complex128,16384,2,contiguous,,direct_irfft_complex128_16384_2_contiguous_,0.0958798150532,0.0950423744507,0.000247264979407,5,200,ok,
old_v2,direct,irfft,complex128,16384,8,contiguous,,direct_irfft_complex128_16384_8_contiguous_,0.3207266971,0.319327000761,0.000204396201298,5,20,ok,
old_v2,direct,irfft,complex128,16384,64,contiguous,,direct_irfft_complex128_16384_64_contiguous_,2.48762043027,2.48294514105,0.00467528921685,5,14,ok,
old_v2,direct,irfft,complex128,16384,256,contiguous,,direct_irfft_complex128_16384_256_contiguous_,12.363194488,12.2600395116,0.0669165165164,5,2,ok,
old_v2,direct,irfft,complex128,32768,1,contiguous,,direct_irfft_complex128_32768_1_contiguous_,0.170716027949,0.169853770381,0.000810909518299,5,144,ok,
old_v2,direct,irfft,complex128,32768,2,contiguous,,direct_irfft_complex128_32768_2_contiguous_,0.206664964415,0.204497018006,0.000770928246701,5,112,ok,
old_v2,direct,irfft,complex128,32768,8,contiguous,,direct_irfft_complex128_32768_8_contiguous_,0.749103847193,0.722662702901,0.0040476967115,5,20,ok,
old_v2,direct,irfft,complex128,32768,64,contiguous,,direct_irfft_complex128_32768_64_contiguous_,5.85380920675,5.74925320689,0.0710685970262,5,5,ok,
old_v2,direct,irfft,complex128,32768,256,contiguous,,direct_irfft_complex128_32768_256_contiguous_,28.3051499864,28.2495439751,0.0556060113013,5,1,ok,
old_v2,direct,irfft,complex128,65536,1,contiguous,,direct_irfft_complex128_65536_1_contiguous_,0.34419995534,0.3435930583,0.000606897040544,5,68,ok,
old_v2,direct,irfft,complex128,65536,2,contiguous,,direct_irfft_complex128_65536_2_contiguous_,0.409042002866,0.407881801948,0.000973342685029,5,20,ok,
old_v2,direct,irfft,complex128,65536,8,contiguous,,direct_irfft_complex128_65536_8_contiguous_,1.5704355028,1.55936555238,0.00772514613345,5,20,ok,
old_v2,direct,irfft,complex128,65536,64,contiguous,,direct_irfft_complex128_65536_64_contiguous_,14.1380325076,13.9707605122,0.010259449482,5,2,ok,
old_v2,direct,irfft,complex128,65536,256,contiguous,,direct_irfft_complex128_65536_256_contiguous_,57.7007160755,57.2143140016,0.486402073875,5,1,ok,
final_v2,direct,fft,complex64,1024,1,contiguous,,direct_fft_complex64_1024_1_contiguous_,0.0102923571369,0.0102703927532,2.19643836664e-05,7,504,ok,
final_v2,direct,fft,complex64,1024,2,contiguous,,direct_fft_complex64_1024_2_contiguous_,0.0180928006775,0.0179183017718,8.80474405162e-05,7,547,ok,
final_v2,direct,fft,complex64,1024,8,contiguous,,direct_fft_complex64_1024_8_contiguous_,0.0390277954284,0.0387558300281,0.000252780155279,7,200,ok,
final_v2,direct,fft,complex64,1024,64,contiguous,,direct_fft_complex64_1024_64_contiguous_,0.249673989553,0.249364459402,0.000309530150844,7,96,ok,
final_v2,direct,fft,complex64,1024,256,contiguous,,direct_fft_complex64_1024_256_contiguous_,0.962982553756,0.958773097955,0.00081550097093,7,20,ok,
final_v2,direct,fft,complex64,2048,1,contiguous,,direct_fft_complex64_2048_1_contiguous_,0.0162520412456,0.0160567777245,0.000102828883481,7,801,ok,
final_v2,direct,fft,complex64,2048,2,contiguous,,direct_fft_complex64_2048_2_contiguous_,0.0315162823084,0.0312347561605,0.000132778901228,7,443,ok,
final_v2,direct,fft,complex64,2048,8,contiguous,,direct_fft_complex64_2048_8_contiguous_,0.0772900955053,0.0768639351008,0.000346210435964,7,200,ok,
final_v2,direct,fft,complex64,2048,64,contiguous,,direct_fft_complex64_2048_64_contiguous_,0.520935549866,0.517397845397,0.00353770446964,7,20,ok,
final_v2,direct,fft,complex64,2048,256,contiguous,,direct_fft_complex64_2048_256_contiguous_,2.06091424094,2.05745888353,0.00345535740695,7,17,ok,
final_v2,direct,fft,complex64,3072,1,contiguous,,direct_fft_complex64_3072_1_contiguous_,0.0233860246449,0.0232854150986,7.61839399692e-05,7,571,ok,
final_v2,direct,fft,complex64,3072,2,contiguous,,direct_fft_complex64_3072_2_contiguous_,0.0461731350515,0.045797820203,0.000197324552573,7,200,ok,
final_v2,direct,fft,complex64,3072,8,contiguous,,direct_fft_complex64_3072_8_contiguous_,0.115812679869,0.115568720503,0.000232944730669,7,200,ok,
final_v2,direct,fft,complex64,3072,64,contiguous,,direct_fft_complex64_3072_64_contiguous_,0.804021395743,0.800911447732,0.00230485456996,7,20,ok,
final_v2,direct,fft,complex64,3072,256,contiguous,,direct_fft_complex64_3072_256_contiguous_,3.15664454617,3.15073245755,0.00237172935158,7,11,ok,
final_v2,direct,fft,complex64,3584,1,contiguous,,direct_fft_complex64_3584_1_contiguous_,0.0258750295061,0.0256802895891,0.000162238271643,7,508,ok,
final_v2,direct,fft,complex64,3584,2,contiguous,,direct_fft_complex64_3584_2_contiguous_,0.0524127553217,0.0522912247106,7.62956915423e-05,7,200,ok,
final_v2,direct,fft,complex64,3584,8,contiguous,,direct_fft_complex64_3584_8_contiguous_,0.131176436614,0.130790968328,0.000212773509128,7,190,ok,
final_v2,direct,fft,complex64,3584,64,contiguous,,direct_fft_complex64_3584_64_contiguous_,0.918094546068,0.917645648587,0.000448897480965,7,20,ok,
final_v2,direct,fft,complex64,3584,256,contiguous,,direct_fft_complex64_3584_256_contiguous_,3.61507167367,3.60840133443,0.00236564988477,7,9,ok,
final_v2,direct,fft,complex64,4095,1,contiguous,,direct_fft_complex64_4095_1_contiguous_,0.0486153839517,0.048546806309,3.82748163554e-05,7,284,ok,
final_v2,direct,fft,complex64,4095,2,contiguous,,direct_fft_complex64_4095_2_contiguous_,0.0900365953567,0.0896832748549,7.20343086869e-05,7,200,ok,
final_v2,direct,fft,complex64,4095,8,contiguous,,direct_fft_complex64_4095_8_contiguous_,0.182522518588,0.181249428639,0.000924758676131,7,133,ok,
final_v2,direct,fft,complex64,4095,64,contiguous,,direct_fft_complex64_4095_64_contiguous_,1.38794125523,1.38180814683,0.00369000481442,7,20,ok,
final_v2,direct,fft,complex64,4095,256,contiguous,,direct_fft_complex64_4095_256_contiguous_,5.56809998428,5.49937633332,0.0201365134368,7,6,ok,
final_v2,direct,fft,complex64,4096,1,contiguous,,direct_fft_complex64_4096_1_contiguous_,0.0295784758923,0.0293101380649,6.69232369482e-05,7,456,ok,
final_v2,direct,fft,complex64,4096,2,contiguous,,direct_fft_complex64_4096_2_contiguous_,0.0608706346247,0.059867684613,0.000312549527735,7,200,ok,
final_v2,direct,fft,complex64,4096,8,contiguous,,direct_fft_complex64_4096_8_contiguous_,0.151281063062,0.1505639491,0.000566322226785,7,158,ok,
final_v2,direct,fft,complex64,4096,64,contiguous,,direct_fft_complex64_4096_64_contiguous_,1.05449645198,1.05106995325,0.00091670663096,7,20,ok,
final_v2,direct,fft,complex64,4096,256,contiguous,,direct_fft_complex64_4096_256_contiguous_,4.18834062293,4.17683387059,0.00565061054658,7,8,ok,
final_v2,direct,fft,complex64,4097,1,contiguous,,direct_fft_complex64_4097_1_contiguous_,0.143346125177,0.142708428376,0.000564583821134,5,168,ok,
final_v2,direct,fft,complex64,4097,2,contiguous,,direct_fft_complex64_4097_2_contiguous_,0.274861825706,0.27474170946,0.000120116246128,5,86,ok,
final_v2,direct,fft,complex64,4097,8,contiguous,,direct_fft_complex64_4097_8_contiguous_,0.414169475543,0.411922442269,0.000194967037342,5,61,ok,
final_v2,direct,fft,complex64,4097,64,contiguous,,direct_fft_complex64_4097_64_contiguous_,3.19288560422,3.18530430086,0.00395450042561,5,10,ok,
final_v2,direct,fft,complex64,4097,256,contiguous,,direct_fft_complex64_4097_256_contiguous_,12.6207025023,12.5633990392,0.0319905229844,5,2,ok,
final_v2,direct,fft,complex64,4608,1,contiguous,,direct_fft_complex64_4608_1_contiguous_,0.0334163650405,0.0333095149836,0.000106850056909,5,200,ok,
final_v2,direct,fft,complex64,4608,2,contiguous,,direct_fft_complex64_4608_2_contiguous_,0.0688527047168,0.0683364248835,0.000141115160659,5,200,ok,
final_v2,direct,fft,complex64,4608,8,contiguous,,direct_fft_complex64_4608_8_contiguous_,0.177018163587,0.176739404209,0.000262979735085,5,141,ok,
final_v2,direct,fft,complex64,4608,64,contiguous,,direct_fft_complex64_4608_64_contiguous_,1.26118505141,1.25834919745,0.00104199862108,5,20,ok,
final_v2,direct,fft,complex64,4608,256,contiguous,,direct_fft_complex64_4608_256_contiguous_,5.02294299658,5.00907481182,0.00776678789407,5,5,ok,
final_v2,direct,fft,complex64,8192,1,contiguous,,direct_fft_complex64_8192_1_contiguous_,0.0552251352929,0.055024055182,0.000201080110855,5,200,ok,
final_v2,direct,fft,complex64,8192,2,contiguous,,direct_fft_complex64_8192_2_contiguous_,0.107338979724,0.107002089499,0.000142515636981,5,200,ok,
final_v2,direct,fft,complex64,8192,8,contiguous,,direct_fft_complex64_8192_8_contiguous_,0.335308097419,0.334691220713,0.00044055599978,5,72,ok,
final_v2,direct,fft,complex64,8192,64,contiguous,,direct_fft_complex64_8192_64_contiguous_,2.48387538326,2.47509030697,0.00231908276104,5,13,ok,
final_v2,direct,fft,complex64,8192,256,contiguous,,direct_fft_complex64_8192_256_contiguous_,10.3009140197,10.2614056474,0.0395083722348,5,3,ok,
final_v2,direct,fft,complex64,16384,1,contiguous,,direct_fft_complex64_16384_1_contiguous_,0.107221404905,0.106794544845,0.000287040602416,5,200,ok,
final_v2,direct,fft,complex64,16384,2,contiguous,,direct_fft_complex64_16384_2_contiguous_,0.190959415399,0.190332951955,0.000455911271274,5,125,ok,
final_v2,direct,fft,complex64,16384,8,contiguous,,direct_fft_complex64_16384_8_contiguous_,0.662810803624,0.662190152798,0.000410299981013,5,20,ok,
final_v2,direct,fft,complex64,16384,64,contiguous,,direct_fft_complex64_16384_64_contiguous_,5.15705766156,5.14252866075,0.0145290008125,5,6,ok,
final_v2,direct,fft,complex64,16384,256,contiguous,,direct_fft_complex64_16384_256_contiguous_,23.2173700351,22.9498440167,0.0954701099545,5,1,ok,
final_v2,direct,fft,complex64,32768,1,contiguous,,direct_fft_complex64_32768_1_contiguous_,0.218851743184,0.21851961027,0.000264929335531,5,113,ok,
final_v2,direct,fft,complex64,32768,2,contiguous,,direct_fft_complex64_32768_2_contiguous_,0.392079065066,0.390317475808,0.000408715716312,5,63,ok,
final_v2,direct,fft,complex64,32768,8,contiguous,,direct_fft_complex64_32768_8_contiguous_,1.40039984835,1.39612974599,0.00304874847643,5,20,ok,
final_v2,direct,fft,complex64,32768,64,contiguous,,direct_fft_complex64_32768_64_contiguous_,11.1677193393,11.0843583243,0.0739130191505,5,3,ok,
final_v2,direct,fft,complex64,32768,256,contiguous,,direct_fft_complex64_32768_256_contiguous_,47.8748190217,47.5669759326,0.211171107367,5,1,ok,
final_v2,direct,fft,complex64,65536,1,contiguous,,direct_fft_complex64_65536_1_contiguous_,0.455532339402,0.454699453669,0.000832885732207,5,53,ok,
final_v2,direct,fft,complex64,65536,2,contiguous,,direct_fft_complex64_65536_2_contiguous_,0.852038350422,0.85040575359,0.00163259683177,5,20,ok,
final_v2,direct,fft,complex64,65536,8,contiguous,,direct_fft_complex64_65536_8_contiguous_,3.17552845544,3.15211509058,0.0234133648601,5,11,ok,
final_v2,direct,fft,complex64,65536,64,contiguous,,direct_fft_complex64_65536_64_contiguous_,27.7429440757,27.5090910727,0.0617469195276,5,1,ok,
final_v2,direct,fft,complex64,65536,256,contiguous,,direct_fft_complex64_65536_256_contiguous_,108.425996033,107.503968989,0.922027043998,5,1,ok,
final_v2,direct,fft,complex128,1024,1,contiguous,,direct_fft_complex128_1024_1_contiguous_,0.00950019817309,0.00917746143861,0.000322736734479,7,828,ok,
final_v2,direct,fft,complex128,1024,2,contiguous,,direct_fft_complex128_1024_2_contiguous_,0.0160136185563,0.0159027950454,6.62073760118e-05,7,781,ok,
final_v2,direct,fft,complex128,1024,8,contiguous,,direct_fft_complex128_1024_8_contiguous_,0.0396005349467,0.0393060751958,0.000193360028788,7,200,ok,
final_v2,direct,fft,complex128,1024,64,contiguous,,direct_fft_complex128_1024_64_contiguous_,0.252555649569,0.251242095862,0.000795978616844,7,94,ok,
final_v2,direct,fft,complex128,1024,256,contiguous,,direct_fft_complex128_1024_256_contiguous_,0.975543400273,0.972044252558,0.000559602631256,7,20,ok,
final_v2,direct,fft,complex128,2048,1,contiguous,,direct_fft_complex128_2048_1_contiguous_,0.0158304303433,0.0157005478148,5.16981394453e-05,7,825,ok,
final_v2,direct,fft,complex128,2048,2,contiguous,,direct_fft_complex128_2048_2_contiguous_,0.0303106878176,0.0301273305251,0.000156834879595,7,442,ok,
final_v2,direct,fft,complex128,2048,8,contiguous,,direct_fft_complex128_2048_8_contiguous_,0.0845215952722,0.0841669249348,0.000354670337401,7,200,ok,
final_v2,direct,fft,complex128,2048,64,contiguous,,direct_fft_complex128_2048_64_contiguous_,0.582692550961,0.580934202299,0.00175834866241,7,20,ok,
final_v2,direct,fft,complex128,2048,256,contiguous,,direct_fft_complex128_2048_256_contiguous_,2.30853999965,2.29828726345,0.0102527361984,7,15,ok,
final_v2,direct,fft,complex128,3072,1,contiguous,,direct_fft_complex128_3072_1_contiguous_,0.0228421361491,0.0219704688941,0.000346472150325,7,595,ok,
final_v2,direct,fft,complex128,3072,2,contiguous,,direct_fft_complex128_3072_2_contiguous_,0.0476909102872,0.0434545846656,0.0028785050381,7,200,ok,
final_v2,direct,fft,complex128,3072,8,contiguous,,direct_fft_complex128_3072_8_contiguous_,0.130655497589,0.130028146118,0.000627351471701,7,185,ok,
final_v2,direct,fft,complex128,3072,64,contiguous,,direct_fft_complex128_3072_64_contiguous_,0.928547349758,0.923928548582,0.00100944889709,7,20,ok,
final_v2,direct,fft,complex128,3072,256,contiguous,,direct_fft_complex128_3072_256_contiguous_,3.78135075152,3.71683987032,0.0472431274829,7,8,ok,
final_v2,direct,fft,complex128,3584,1,contiguous,,direct_fft_complex128_3584_1_contiguous_,0.0249031084703,0.0243986952423,9.06000610128e-05,7,535,ok,
final_v2,direct,fft,complex128,3584,2,contiguous,,direct_fft_complex128_3584_2_contiguous_,0.0484917749418,0.0482767249923,0.00010124000255,7,200,ok,
final_v2,direct,fft,complex128,3584,8,contiguous,,direct_fft_complex128_3584_8_contiguous_,0.145222093937,0.144801417585,0.000221417833339,7,170,ok,
final_v2,direct,fft,complex128,3584,64,contiguous,,direct_fft_complex128_3584_64_contiguous_,1.03932569618,1.03618174908,0.000388693297282,7,20,ok,
final_v2,direct,fft,complex128,3584,256,contiguous,,direct_fft_complex128_3584_256_contiguous_,4.39847528469,4.36108013881,0.0290622868176,7,7,ok,
final_v2,direct,fft,complex128,4095,1,contiguous,,direct_fft_complex128_4095_1_contiguous_,0.0402649820899,0.0400444135136,4.90804917977e-05,7,336,ok,
final_v2,direct,fft,complex128,4095,2,contiguous,,direct_fft_complex128_4095_2_contiguous_,0.0698657246539,0.0695877452381,0.000178134650923,7,200,ok,
final_v2,direct,fft,complex128,4095,8,contiguous,,direct_fft_complex128_4095_8_contiguous_,0.241148747838,0.238641476015,0.000428766672255,7,103,ok,
final_v2,direct,fft,complex128,4095,64,contiguous,,direct_fft_complex128_4095_64_contiguous_,1.84780994378,1.83483372287,0.00429755568297,7,18,ok,
final_v2,direct,fft,complex128,4095,256,contiguous,,direct_fft_complex128_4095_256_contiguous_,7.90452674846,7.74342901423,0.0926557695493,7,4,ok,
final_v2,direct,fft,complex128,4096,1,contiguous,,direct_fft_complex128_4096_1_contiguous_,0.0302427573304,0.0296576391441,0.000163897475796,7,449,ok,
final_v2,direct,fft,complex128,4096,2,contiguous,,direct_fft_complex128_4096_2_contiguous_,0.0556125194998,0.0553055346245,0.000193470623344,7,200,ok,
final_v2,direct,fft,complex128,4096,8,contiguous,,direct_fft_complex128_4096_8_contiguous_,0.16961902131,0.169219021498,0.000253249406038,7,144,ok,
final_v2,direct,fft,complex128,4096,64,contiguous,,direct_fft_complex128_4096_64_contiguous_,1.2302505027,1.22767059947,0.00199519563466,7,20,ok,
final_v2,direct,fft,complex128,4096,256,contiguous,,direct_fft_complex128_4096_256_contiguous_,5.21977317597,5.18035182419,0.0171123344141,7,6,ok,
final_v2,direct,fft,complex128,4097,1,contiguous,,direct_fft_complex128_4097_1_contiguous_,0.114769655047,0.113993079867,0.000327920424752,5,200,ok,
final_v2,direct,fft,complex128,4097,2,contiguous,,direct_fft_complex128_4097_2_contiguous_,0.188008121878,0.187588984387,5.70673199201e-05,5,132,ok,
final_v2,direct,fft,complex128,4097,8,contiguous,,direct_fft_complex128_4097_8_contiguous_,0.706664796727,0.704907353365,0.00035302603946,5,34,ok,
final_v2,direct,fft,complex128,4097,64,contiguous,,direct_fft_complex128_4097_64_contiguous_,5.44594849149,5.44267050767,0.00211901109045,5,6,ok,
final_v2,direct,fft,complex128,4097,256,contiguous,,direct_fft_complex128_4097_256_contiguous_,22.3353690235,22.2363510402,0.00473903492093,5,1,ok,
final_v2,direct,fft,complex128,4608,1,contiguous,,direct_fft_complex128_4608_1_contiguous_,0.0311284750933,0.0309664197266,0.000162055366673,5,200,ok,
final_v2,direct,fft,complex128,4608,2,contiguous,,direct_fft_complex128_4608_2_contiguous_,0.0663148995955,0.0660064100521,0.000181444920599,5,200,ok,
final_v2,direct,fft,complex128,4608,8,contiguous,,direct_fft_complex128_4608_8_contiguous_,0.208263806263,0.207859447855,0.000252578358509,5,114,ok,
final_v2,direct,fft,complex128,4608,64,contiguous,,direct_fft_complex128_4608_64_contiguous_,1.52053399943,1.50829475024,0.00368999899365,5,20,ok,
final_v2,direct,fft,complex128,4608,256,contiguous,,direct_fft_complex128_4608_256_contiguous_,6.45280419849,6.42536620144,0.0274379970506,5,5,ok,
final_v2,direct,fft,complex128,8192,1,contiguous,,direct_fft_complex128_8192_1_contiguous_,0.058974190033,0.0584621704184,0.000292654731311,5,200,ok,
final_v2,direct,fft,complex128,8192,2,contiguous,,direct_fft_complex128_8192_2_contiguous_,0.113618225441,0.112810845021,0.000634805182926,5,200,ok,
final_v2,direct,fft,complex128,8192,8,contiguous,,direct_fft_complex128_8192_8_contiguous_,0.370140063751,0.36574657679,0.00183003066923,5,64,ok,
final_v2,direct,fft,complex128,8192,64,contiguous,,direct_fft_complex128_8192_64_contiguous_,2.92734725129,2.81149533112,0.0669492486243,5,12,ok,
final_v2,direct,fft,complex128,8192,256,contiguous,,direct_fft_complex128_8192_256_contiguous_,13.6766384821,13.4906710009,0.0774215441197,5,2,ok,
final_v2,direct,fft,complex128,16384,1,contiguous,,direct_fft_complex128_16384_1_contiguous_,0.188068040965,0.187068341898,0.000956691650113,5,123,ok,
final_v2,direct,fft,complex128,16384,2,contiguous,,direct_fft_complex128_16384_2_contiguous_,0.374224417454,0.36858941894,0.00471774655492,5,67,ok,
final_v2,direct,fft,complex128,16384,8,contiguous,,direct_fft_complex128_16384_8_contiguous_,1.43965624738,1.42381619662,0.00903010368347,5,20,ok,
final_v2,direct,fft,complex128,16384,64,contiguous,,direct_fft_complex128_16384_64_contiguous_,11.7146109696,11.6505189799,0.0640919897705,5,2,ok,
final_v2,direct,fft,complex128,16384,256,contiguous,,direct_fft_complex128_16384_256_contiguous_,51.6034429893,50.7864459651,0.146838952787,5,1,ok,
final_v2,direct,fft,complex128,32768,1,contiguous,,direct_fft_complex128_32768_1_contiguous_,0.430055343996,0.421000947646,0.00552408365083,5,58,ok,
final_v2,direct,fft,complex128,32768,2,contiguous,,direct_fft_complex128_32768_2_contiguous_,0.854133861139,0.836686311482,0.00536052012366,5,29,ok,
final_v2,direct,fft,complex128,32768,8,contiguous,,direct_fft_complex128_32768_8_contiguous_,3.36481729755,3.35824380163,0.00380129786208,5,10,ok,
final_v2,direct,fft,complex128,32768,64,contiguous,,direct_fft_complex128_32768_64_contiguous_,29.7881900333,29.4926300412,0.112583045848,5,1,ok,
final_v2,direct,fft,complex128,32768,256,contiguous,,direct_fft_complex128_32768_256_contiguous_,119.037089986,118.841290008,0.0412289518863,5,1,ok,
final_v2,direct,fft,complex128,65536,1,contiguous,,direct_fft_complex128_65536_1_contiguous_,0.902009037047,0.899700961007,0.00117962783272,5,27,ok,
final_v2,direct,fft,complex128,65536,2,contiguous,,direct_fft_complex128_65536_2_contiguous_,1.79688610431,1.79396957576,0.00124384256962,5,19,ok,
final_v2,direct,fft,complex128,65536,8,contiguous,,direct_fft_complex128_65536_8_contiguous_,7.40470475284,7.32115624123,0.0789244950283,5,4,ok,
final_v2,direct,fft,complex128,65536,64,contiguous,,direct_fft_complex128_65536_64_contiguous_,65.5490870122,65.0946159149,0.0928259687498,5,1,ok,
final_v2,direct,fft,complex128,65536,256,contiguous,,direct_fft_complex128_65536_256_contiguous_,260.070518008,258.821330965,0.546514987946,5,1,ok,
final_v2,direct,ifft,complex64,1024,1,contiguous,,direct_ifft_complex64_1024_1_contiguous_,0.0112463542735,0.0111327904641,0.000107504643822,7,878,ok,
final_v2,direct,ifft,complex64,1024,2,contiguous,,direct_ifft_complex64_1024_2_contiguous_,0.0193262196992,0.0191470604681,8.85736875807e-05,7,678,ok,
final_v2,direct,ifft,complex64,1024,8,contiguous,,direct_ifft_complex64_1024_8_contiguous_,0.0410898053087,0.0408599647926,9.50304092839e-05,7,200,ok,
final_v2,direct,ifft,complex64,1024,64,contiguous,,direct_ifft_complex64_1024_64_contiguous_,0.259392729883,0.258492687863,0.00065824012078,7,96,ok,
final_v2,direct,ifft,complex64,1024,256,contiguous,,direct_ifft_complex64_1024_256_contiguous_,0.99693989614,0.993739301339,0.000527000520378,7,20,ok,
final_v2,direct,ifft,complex64,2048,1,contiguous,,direct_ifft_complex64_2048_1_contiguous_,0.0172638570895,0.0172349386842,2.89184052512e-05,7,749,ok,
final_v2,direct,ifft,complex64,2048,2,contiguous,,direct_ifft_complex64_2048_2_contiguous_,0.0328404930089,0.0325483294469,0.000137385583665,7,428,ok,
final_v2,direct,ifft,complex64,2048,8,contiguous,,direct_ifft_complex64_2048_8_contiguous_,0.0801728997612,0.079898434924,0.000158544862643,7,200,ok,
final_v2,direct,ifft,complex64,2048,64,contiguous,,direct_ifft_complex64_2048_64_contiguous_,0.536147347884,0.534559349762,0.000564550282434,7,20,ok,
final_v2,direct,ifft,complex64,2048,256,contiguous,,direct_ifft_complex64_2048_256_contiguous_,2.10779863119,2.10544605943,0.00178405753104,7,16,ok,
final_v2,direct,ifft,complex64,3072,1,contiguous,,direct_ifft_complex64_3072_1_contiguous_,0.0246991513868,0.0245752665775,3.81005254921e-05,7,548,ok,
final_v2,direct,ifft,complex64,3072,2,contiguous,,direct_ifft_complex64_3072_2_contiguous_,0.0484961352777,0.0481014401885,0.000180790084414,7,200,ok,
final_v2,direct,ifft,complex64,3072,8,contiguous,,direct_ifft_complex64_3072_8_contiguous_,0.122593279812,0.121449059807,0.000429465435445,7,200,ok,
final_v2,direct,ifft,complex64,3072,64,contiguous,,direct_ifft_complex64_3072_64_contiguous_,0.851263396908,0.843947054818,0.00211200676858,7,20,ok,
final_v2,direct,ifft,complex64,3072,256,contiguous,,direct_ifft_complex64_3072_256_contiguous_,3.34706869908,3.31245519919,0.0168989994563,7,10,ok,
final_v2,direct,ifft,complex64,3584,1,contiguous,,direct_ifft_complex64_3584_1_contiguous_,0.0277182341746,0.0274672952995,9.99386241573e-05,7,474,ok,
final_v2,direct,ifft,complex64,3584,2,contiguous,,direct_ifft_complex64_3584_2_contiguous_,0.0557404151186,0.0554070796352,0.000232285237871,7,200,ok,
final_v2,direct,ifft,complex64,3584,8,contiguous,,direct_ifft_complex64_3584_8_contiguous_,0.137332359262,0.136706916981,0.000625442281283,7,181,ok,
final_v2,direct,ifft,complex64,3584,64,contiguous,,direct_ifft_complex64_3584_64_contiguous_,0.956164649688,0.953291199403,0.00144524965435,7,20,ok,
final_v2,direct,ifft,complex64,3584,256,contiguous,,direct_ifft_complex64_3584_256_contiguous_,3.77371678284,3.76123633598,0.00884554659327,7,9,ok,
final_v2,direct,ifft,complex64,4095,1,contiguous,,direct_ifft_complex64_4095_1_contiguous_,0.0489027594799,0.048217399444,0.000168661119634,7,283,ok,
final_v2,direct,ifft,complex64,4095,2,contiguous,,direct_ifft_complex64_4095_2_contiguous_,0.0883244501892,0.0881010253215,0.000196925248019,7,200,ok,
final_v2,direct,ifft,complex64,4095,8,contiguous,,direct_ifft_complex64_4095_8_contiguous_,0.187860193676,0.187253074741,0.000217947726652,7,134,ok,
final_v2,direct,ifft,complex64,4095,64,contiguous,,direct_ifft_complex64_4095_64_contiguous_,1.39790410176,1.38878634898,0.00592670403421,7,20,ok,
final_v2,direct,ifft,complex64,4095,256,contiguous,,direct_ifft_complex64_4095_256_contiguous_,5.57654100703,5.56355967031,0.00732399833699,7,6,ok,
final_v2,direct,ifft,complex64,4096,1,contiguous,,direct_ifft_complex64_4096_1_contiguous_,0.0302168208569,0.0297606507181,2.91927918251e-05,7,441,ok,
final_v2,direct,ifft,complex64,4096,2,contiguous,,direct_ifft_complex64_4096_2_contiguous_,0.0610346451867,0.0602361297933,0.000294104684144,7,200,ok,
final_v2,direct,ifft,complex64,4096,8,contiguous,,direct_ifft_complex64_4096_8_contiguous_,0.156265329165,0.155585347993,0.000390807681526,7,161,ok,
final_v2,direct,ifft,complex64,4096,64,contiguous,,direct_ifft_complex64_4096_64_contiguous_,1.0919479013,1.08988000429,0.00158199691214,7,20,ok,
final_v2,direct,ifft,complex64,4096,256,contiguous,,direct_ifft_complex64_4096_256_contiguous_,4.40262662596,4.33043499652,0.0520622561453,7,8,ok,
final_v2,direct,ifft,complex64,4097,1,contiguous,,direct_ifft_complex64_4097_1_contiguous_,0.146378714574,0.143573018549,0.000845888189925,5,161,ok,
final_v2,direct,ifft,complex64,4097,2,contiguous,,direct_ifft_complex64_4097_2_contiguous_,0.278016987905,0.277547562087,0.000469425818726,5,89,ok,
final_v2,direct,ifft,complex64,4097,8,contiguous,,direct_ifft_complex64_4097_8_contiguous_,0.414222816471,0.41241691603,0.000714999623597,5,60,ok,
final_v2,direct,ifft,complex64,4097,64,contiguous,,direct_ifft_complex64_4097_64_contiguous_,3.20542739937,3.16209130688,0.0157376984134,5,10,ok,
final_v2,direct,ifft,complex64,4097,256,contiguous,,direct_ifft_complex64_4097_256_contiguous_,12.7874985337,12.7781404881,0.00935804564506,5,2,ok,
final_v2,direct,ifft,complex64,4608,1,contiguous,,direct_ifft_complex64_4608_1_contiguous_,0.0354627898196,0.0349252251908,0.000276219798252,5,200,ok,
final_v2,direct,ifft,complex64,4608,2,contiguous,,direct_ifft_complex64_4608_2_contiguous_,0.0710026302841,0.0703658745624,0.00033613992855,5,200,ok,
final_v2,direct,ifft,complex64,4608,8,contiguous,,direct_ifft_complex64_4608_8_contiguous_,0.185789578353,0.185087948382,0.000228808709869,5,135,ok,
final_v2,direct,ifft,complex64,4608,64,contiguous,,direct_ifft_complex64_4608_64_contiguous_,1.30856935284,1.30629754858,0.00227180426009,5,20,ok,
final_v2,direct,ifft,complex64,4608,256,contiguous,,direct_ifft_complex64_4608_256_contiguous_,5.2428615978,5.17843579873,0.0150183914229,5,5,ok,
final_v2,direct,ifft,complex64,8192,1,contiguous,,direct_ifft_complex64_8192_1_contiguous_,0.0568286253838,0.0568218098488,6.81553501636e-06,5,200,ok,
final_v2,direct,ifft,complex64,8192,2,contiguous,,direct_ifft_complex64_8192_2_contiguous_,0.109394169995,0.109018359799,0.000204434618354,5,200,ok,
final_v2,direct,ifft,complex64,8192,8,contiguous,,direct_ifft_complex64_8192_8_contiguous_,0.340854013403,0.33974650109,0.000950696024423,5,72,ok,
final_v2,direct,ifft,complex64,8192,64,contiguous,,direct_ifft_complex64_8192_64_contiguous_,2.50224569418,2.49736253709,0.00280830471848,5,13,ok,
final_v2,direct,ifft,complex64,8192,256,contiguous,,direct_ifft_complex64_8192_256_contiguous_,10.2808190277,10.1795070029,0.100263316805,5,3,ok,
final_v2,direct,ifft,complex64,16384,1,contiguous,,direct_ifft_complex64_16384_1_contiguous_,0.108778605354,0.108286269824,0.000405319733545,5,200,ok,
final_v2,direct,ifft,complex64,16384,2,contiguous,,direct_ifft_complex64_16384_2_contiguous_,0.193600896746,0.19299976062,0.000601136125624,5,125,ok,
final_v2,direct,ifft,complex64,16384,8,contiguous,,direct_ifft_complex64_16384_8_contiguous_,0.672697549453,0.67110050004,0.00129744876176,5,20,ok,
final_v2,direct,ifft,complex64,16384,64,contiguous,,direct_ifft_complex64_16384_64_contiguous_,5.16688982801,5.15046533352,0.0105431730238,5,6,ok,
final_v2,direct,ifft,complex64,16384,256,contiguous,,direct_ifft_complex64_16384_256_contiguous_,23.1630669441,23.0447930517,0.106462044641,5,1,ok,
final_v2,direct,ifft,complex64,32768,1,contiguous,,direct_ifft_complex64_32768_1_contiguous_,0.219587203676,0.218823460442,0.000751326973262,5,113,ok,
final_v2,direct,ifft,complex64,32768,2,contiguous,,direct_ifft_complex64_32768_2_contiguous_,0.398402757597,0.394246822614,0.00145874219015,5,62,ok,
final_v2,direct,ifft,complex64,32768,8,contiguous,,direct_ifft_complex64_32768_8_contiguous_,1.40475460212,1.40121840523,0.00353619689122,5,20,ok,
final_v2,direct,ifft,complex64,32768,64,contiguous,,direct_ifft_complex64_32768_64_contiguous_,11.2221293384,11.1164426974,0.0581466592848,5,3,ok,
final_v2,direct,ifft,complex64,32768,256,contiguous,,direct_ifft_complex64_32768_256_contiguous_,47.8147049434,47.6085050032,0.206199940294,5,1,ok,
final_v2,direct,ifft,complex64,65536,1,contiguous,,direct_ifft_complex64_65536_1_contiguous_,0.459658094014,0.457888321933,0.00104520751058,5,53,ok,
final_v2,direct,ifft,complex64,65536,2,contiguous,,direct_ifft_complex64_65536_2_contiguous_,0.853826251114,0.848896399839,0.00318504753523,5,20,ok,
final_v2,direct,ifft,complex64,65536,8,contiguous,,direct_ifft_complex64_65536_8_contiguous_,3.16128570121,3.15039609559,0.00227929558605,5,10,ok,
final_v2,direct,ifft,complex64,65536,64,contiguous,,direct_ifft_complex64_65536_64_contiguous_,27.6605190011,27.4411529535,0.191783066839,5,1,ok,
final_v2,direct,ifft,complex64,65536,256,contiguous,,direct_ifft_complex64_65536_256_contiguous_,108.376711956,108.093354967,0.26663497556,5,1,ok,
final_v2,direct,ifft,complex128,1024,1,contiguous,,direct_ifft_complex128_1024_1_contiguous_,0.0109466355957,0.0109395549842,2.97901323016e-06,7,955,ok,
final_v2,direct,ifft,complex128,1024,2,contiguous,,direct_ifft_complex128_1024_2_contiguous_,0.0179589801368,0.0178719307736,2.54140383057e-05,7,751,ok,
final_v2,direct,ifft,complex128,1024,8,contiguous,,direct_ifft_complex128_1024_8_contiguous_,0.0432611699216,0.0428055546945,4.51295636594e-05,7,200,ok,
final_v2,direct,ifft,complex128,1024,64,contiguous,,direct_ifft_complex128_1024_64_contiguous_,0.274024258696,0.273592141457,0.000214635613648,7,85,ok,
final_v2,direct,ifft,complex128,1024,256,contiguous,,direct_ifft_complex128_1024_256_contiguous_,1.06740490301,1.06360319769,0.00288899755105,7,20,ok,
final_v2,direct,ifft,complex128,2048,1,contiguous,,direct_ifft_complex128_2048_1_contiguous_,0.0174249850135,0.0172412585437,6.24841323731e-05,7,731,ok,
final_v2,direct,ifft,complex128,2048,2,contiguous,,direct_ifft_complex128_2048_2_contiguous_,0.032829867845,0.032627575631,0.000188469267362,7,424,ok,
final_v2,direct,ifft,complex128,2048,8,contiguous,,direct_ifft_complex128_2048_8_contiguous_,0.0917202851269,0.0900158053264,0.00143211567774,7,200,ok,
final_v2,direct,ifft,complex128,2048,64,contiguous,,direct_ifft_complex128_2048_64_contiguous_,0.623895600438,0.619951600675,0.00123230274767,7,20,ok,
final_v2,direct,ifft,complex128,2048,256,contiguous,,direct_ifft_complex128_2048_256_contiguous_,2.63876328245,2.45144693015,0.0339915027975,7,14,ok,
final_v2,direct,ifft,complex128,3072,1,contiguous,,direct_ifft_complex128_3072_1_contiguous_,0.0256006289477,0.0252493295453,0.000208690402187,7,504,ok,
final_v2,direct,ifft,complex128,3072,2,contiguous,,direct_ifft_complex128_3072_2_contiguous_,0.0484266551211,0.0470200402196,0.000215455074795,7,200,ok,
final_v2,direct,ifft,complex128,3072,8,contiguous,,direct_ifft_complex128_3072_8_contiguous_,0.141107731637,0.136399175972,0.00160451788731,7,108,ok,
final_v2,direct,ifft,complex128,3072,64,contiguous,,direct_ifft_complex128_3072_64_contiguous_,1.0021603026,0.971967598889,0.0127416045871,7,20,ok,
final_v2,direct,ifft,complex128,3072,256,contiguous,,direct_ifft_complex128_3072_256_contiguous_,4.14674438071,4.02201311954,0.0516177387908,7,8,ok,
final_v2,direct,ifft,complex128,3584,1,contiguous,,direct_ifft_complex128_3584_1_contiguous_,0.0278679743937,0.0276196697555,0.000114250896187,7,466,ok,
final_v2,direct,ifft,complex128,3584,2,contiguous,,direct_ifft_complex128_3584_2_contiguous_,0.0515368947526,0.0511129951337,0.000233145547099,7,200,ok,
final_v2,direct,ifft,complex128,3584,8,contiguous,,direct_ifft_complex128_3584_8_contiguous_,0.156359784336,0.151577522808,0.00367755545121,7,153,ok,
final_v2,direct,ifft,complex128,3584,64,contiguous,,direct_ifft_complex128_3584_64_contiguous_,1.09536689706,1.08142649988,0.0139403971843,7,20,ok,
final_v2,direct,ifft,complex128,3584,256,contiguous,,direct_ifft_complex128_3584_256_contiguous_,4.59125055932,4.52809371719,0.0360639865643,7,7,ok,
final_v2,direct,ifft,complex128,4095,1,contiguous,,direct_ifft_complex128_4095_1_contiguous_,0.0437133697721,0.0434354149027,0.0002381704011,7,311,ok,
final_v2,direct,ifft,complex128,4095,2,contiguous,,direct_ifft_complex128_4095_2_contiguous_,0.0741536996793,0.0717641698429,0.00112447945867,7,200,ok,
final_v2,direct,ifft,complex128,4095,8,contiguous,,direct_ifft_complex128_4095_8_contiguous_,0.256686534797,0.251127504928,0.0020397117011,7,101,ok,
final_v2,direct,ifft,complex128,4095,64,contiguous,,direct_ifft_complex128_4095_64_contiguous_,1.86729294041,1.85762911052,0.00391516368836,7,18,ok,
final_v2,direct,ifft,complex128,4095,256,contiguous,,direct_ifft_complex128_4095_256_contiguous_,7.85052948049,7.73249598569,0.0217587512452,7,4,ok,
final_v2,direct,ifft,complex128,4096,1,contiguous,,direct_ifft_complex128_4096_1_contiguous_,0.0325126976638,0.0314449192956,0.000488853490934,7,410,ok,
final_v2,direct,ifft,complex128,4096,2,contiguous,,direct_ifft_complex128_4096_2_contiguous_,0.0614945648704,0.0599270948442,0.000708739971742,7,200,ok,
final_v2,direct,ifft,complex128,4096,8,contiguous,,direct_ifft_complex128_4096_8_contiguous_,0.182807252363,0.181590651886,0.000578200410086,7,135,ok,
final_v2,direct,ifft,complex128,4096,64,contiguous,,direct_ifft_complex128_4096_64_contiguous_,1.30809345283,1.26493070275,0.0242795038503,7,20,ok,
final_v2,direct,ifft,complex128,4096,256,contiguous,,direct_ifft_complex128_4096_256_contiguous_,5.37819349362,5.31944551039,0.0500481692143,7,6,ok,
final_v2,direct,ifft,complex128,4097,1,contiguous,,direct_ifft_complex128_4097_1_contiguous_,0.116288884892,0.115481200046,0.000290999887511,5,200,ok,
final_v2,direct,ifft,complex128,4097,2,contiguous,,direct_ifft_complex128_4097_2_contiguous_,0.191778946278,0.191374070033,0.000174053540352,5,129,ok,
final_v2,direct,ifft,complex128,4097,8,contiguous,,direct_ifft_complex128_4097_8_contiguous_,0.737812941867,0.715956824613,0.0183745287359,5,34,ok,
final_v2,direct,ifft,complex128,4097,64,contiguous,,direct_ifft_complex128_4097_64_contiguous_,5.5565422168,5.55264060386,0.00281143002212,5,5,ok,
final_v2,direct,ifft,complex128,4097,256,contiguous,,direct_ifft_complex128_4097_256_contiguous_,22.5673679961,22.5450060098,0.0223619863391,5,1,ok,
final_v2,direct,ifft,complex128,4608,1,contiguous,,direct_ifft_complex128_4608_1_contiguous_,0.0353917549364,0.0351059646346,0.000207650009543,5,200,ok,
final_v2,direct,ifft,complex128,4608,2,contiguous,,direct_ifft_complex128_4608_2_contiguous_,0.0700994196814,0.0697174447123,0.000126885133795,5,200,ok,
final_v2,direct,ifft,complex128,4608,8,contiguous,,direct_ifft_complex128_4608_8_contiguous_,0.215939318084,0.213941808959,0.00162252690643,5,110,ok,
final_v2,direct,ifft,complex128,4608,64,contiguous,,direct_ifft_complex128_4608_64_contiguous_,1.56131420517,1.54694800149,0.0109146581963,5,20,ok,
final_v2,direct,ifft,complex128,4608,256,contiguous,,direct_ifft_complex128_4608_256_contiguous_,6.69998237863,6.5479923971,0.151989981532,5,5,ok,
final_v2,direct,ifft,complex128,8192,1,contiguous,,direct_ifft_complex128_8192_1_contiguous_,0.0614184699953,0.0610773748485,0.000137260067277,5,200,ok,
final_v2,direct,ifft,complex128,8192,2,contiguous,,direct_ifft_complex128_8192_2_contiguous_,0.117053884896,0.116461560247,0.000345660373569,5,200,ok,
final_v2,direct,ifft,complex128,8192,8,contiguous,,direct_ifft_complex128_8192_8_contiguous_,0.38094818774,0.379968359994,0.000520531102666,5,64,ok,
final_v2,direct,ifft,complex128,8192,64,contiguous,,direct_ifft_complex128_8192_64_contiguous_,2.87132782978,2.84719300301,0.0169997510966,5,12,ok,
final_v2,direct,ifft,complex128,8192,256,contiguous,,direct_ifft_complex128_8192_256_contiguous_,14.2561210087,14.0410240274,0.173013017047,5,2,ok,
final_v2,direct,ifft,complex128,16384,1,contiguous,,direct_ifft_complex128_16384_1_contiguous_,0.195519529095,0.19312836132,0.00187708358398,5,119,ok,
final_v2,direct,ifft,complex128,16384,2,contiguous,,direct_ifft_complex128_16384_2_contiguous_,0.381451289755,0.374854596767,0.00570806479382,5,62,ok,
final_v2,direct,ifft,complex128,16384,8,contiguous,,direct_ifft_complex128_16384_8_contiguous_,1.4646576019,1.45086899865,0.00271709868684,5,20,ok,
final_v2,direct,ifft,complex128,16384,64,contiguous,,direct_ifft_complex128_16384_64_contiguous_,12.0573305176,11.944626458,0.106707506347,5,2,ok,
final_v2,direct,ifft,complex128,16384,256,contiguous,,direct_ifft_complex128_16384_256_contiguous_,51.7099649878,51.528010983,0.181954004802,5,1,ok,
final_v2,direct,ifft,complex128,32768,1,contiguous,,direct_ifft_complex128_32768_1_contiguous_,0.440085624827,0.439194465538,0.00088219738765,5,56,ok,
final_v2,direct,ifft,complex128,32768,2,contiguous,,direct_ifft_complex128_32768_2_contiguous_,0.858942071708,0.856164356394,0.00277771531338,5,28,ok,
final_v2,direct,ifft,complex128,32768,8,contiguous,,direct_ifft_complex128_32768_8_contiguous_,3.40731189353,3.39591230731,0.0015428988263,5,10,ok,
final_v2,direct,ifft,complex128,32768,64,contiguous,,direct_ifft_complex128_32768_64_contiguous_,30.0913639367,30.013466021,0.0534120481461,5,1,ok,
final_v2,direct,ifft,complex128,32768,256,contiguous,,direct_ifft_complex128_32768_256_contiguous_,119.899976067,119.737558067,0.0543729402125,5,1,ok,
final_v2,direct,ifft,complex128,65536,1,contiguous,,direct_ifft_complex128_65536_1_contiguous_,0.912821368763,0.910377479158,0.000172553377019,5,27,ok,
final_v2,direct,ifft,complex128,65536,2,contiguous,,direct_ifft_complex128_65536_2_contiguous_,1.82600978664,1.81865952541,0.00256689657506,5,19,ok,
final_v2,direct,ifft,complex128,65536,8,contiguous,,direct_ifft_complex128_65536_8_contiguous_,7.41617902531,7.3958330031,0.020346022211,5,4,ok,
final_v2,direct,ifft,complex128,65536,64,contiguous,,direct_ifft_complex128_65536_64_contiguous_,65.9163619857,65.7140789554,0.183918979019,5,1,ok,
final_v2,direct,ifft,complex128,65536,256,contiguous,,direct_ifft_complex128_65536_256_contiguous_,261.698883027,260.873398976,0.825484050438,5,1,ok,
final_v2,direct,rfft,float32,1024,1,contiguous,,direct_rfft_float32_1024_1_contiguous_,0.00737773759194,0.00734147415502,2.0866580061e-05,7,907,ok,
final_v2,direct,rfft,float32,1024,2,contiguous,,direct_rfft_float32_1024_2_contiguous_,0.00910559672954,0.009094887665,1.07090645393e-05,7,1220,ok,
final_v2,direct,rfft,float32,1024,8,contiguous,,direct_rfft_float32_1024_8_contiguous_,0.0219458300853,0.0218307098839,4.72896499559e-05,7,200,ok,
final_v2,direct,rfft,float32,1024,64,contiguous,,direct_rfft_float32_1024_64_contiguous_,0.137236858006,0.136683841333,0.000207989013504,7,183,ok,
final_v2,direct,rfft,float32,1024,256,contiguous,,direct_rfft_float32_1024_256_contiguous_,0.529309402918,0.526606797939,0.00195069587789,7,20,ok,
final_v2,direct,rfft,float32,2048,1,contiguous,,direct_rfft_float32_2048_1_contiguous_,0.0111541056689,0.011016011272,6.43770676913e-05,7,1154,ok,
final_v2,direct,rfft,float32,2048,2,contiguous,,direct_rfft_float32_2048_2_contiguous_,0.0149090684195,0.0147801913546,3.1461174428e-05,7,878,ok,
final_v2,direct,rfft,float32,2048,8,contiguous,,direct_rfft_float32_2048_8_contiguous_,0.0426397402771,0.0423213350587,0.000248670112342,7,200,ok,
final_v2,direct,rfft,float32,2048,64,contiguous,,direct_rfft_float32_2048_64_contiguous_,0.292097398778,0.28912879643,0.00111404806376,7,20,ok,
final_v2,direct,rfft,float32,2048,256,contiguous,,direct_rfft_float32_2048_256_contiguous_,1.13704885007,1.13494485267,0.000660703517497,7,20,ok,
final_v2,direct,rfft,float32,3072,1,contiguous,,direct_rfft_float32_3072_1_contiguous_,0.0142159033213,0.0141724549996,2.66453309893e-06,7,921,ok,
final_v2,direct,rfft,float32,3072,2,contiguous,,direct_rfft_float32_3072_2_contiguous_,0.0212417455623,0.0208822154673,0.000150839332491,7,200,ok,
final_v2,direct,rfft,float32,3072,8,contiguous,,direct_rfft_float32_3072_8_contiguous_,0.0609946652548,0.0605920550879,0.000165714882314,7,200,ok,
final_v2,direct,rfft,float32,3072,64,contiguous,,direct_rfft_float32_3072_64_contiguous_,0.433366099605,0.433045503451,0.000226951669902,7,20,ok,
final_v2,direct,rfft,float32,3072,256,contiguous,,direct_rfft_float32_3072_256_contiguous_,1.70954210334,1.70776274754,0.00144775258377,7,20,ok,
final_v2,direct,rfft,float32,3584,1,contiguous,,direct_rfft_float32_3584_1_contiguous_,0.0210985545758,0.0210363190918,4.53633543157e-05,7,633,ok,
final_v2,direct,rfft,float32,3584,2,contiguous,,direct_rfft_float32_3584_2_contiguous_,0.0318540044827,0.0316325802123,6.79295044392e-05,7,200,ok,
final_v2,direct,rfft,float32,3584,8,contiguous,,direct_rfft_float32_3584_8_contiguous_,0.0840432400582,0.0839286699193,0.000114570138976,7,200,ok,
final_v2,direct,rfft,float32,3584,64,contiguous,,direct_rfft_float32_3584_64_contiguous_,0.612941849977,0.61175210285,0.00117974705063,7,20,ok,
final_v2,direct,rfft,float32,3584,256,contiguous,,direct_rfft_float32_3584_256_contiguous_,2.41700521604,2.4120458568,0.00393892904477,7,14,ok,
final_v2,direct,rfft,float32,4095,1,contiguous,,direct_rfft_float32_4095_1_contiguous_,0.0298314842856,0.029550737376,0.000140123091728,7,415,ok,
final_v2,direct,rfft,float32,4095,2,contiguous,,direct_rfft_float32_4095_2_contiguous_,0.0426086300286,0.0424906099215,0.000108205131255,7,200,ok,
final_v2,direct,rfft,float32,4095,8,contiguous,,direct_rfft_float32_4095_8_contiguous_,0.10106288013,0.100414155168,0.000358070246875,7,200,ok,
final_v2,direct,rfft,float32,4095,64,contiguous,,direct_rfft_float32_4095_64_contiguous_,0.746800500201,0.743836350739,0.00296414946206,7,20,ok,
final_v2,direct,rfft,float32,4095,256,contiguous,,direct_rfft_float32_4095_256_contiguous_,2.93372855098,2.93115454472,0.00177153428508,7,11,ok,
final_v2,direct,rfft,float32,4096,1,contiguous,,direct_rfft_float32_4096_1_contiguous_,0.0176006073733,0.0175384917815,6.21155917788e-05,7,726,ok,
final_v2,direct,rfft,float32,4096,2,contiguous,,direct_rfft_float32_4096_2_contiguous_,0.0265201495495,0.0264846353093,3.55142401531e-05,7,200,ok,
final_v2,direct,rfft,float32,4096,8,contiguous,,direct_rfft_float32_4096_8_contiguous_,0.0809574901359,0.0806332746288,0.000239404616877,7,200,ok,
final_v2,direct,rfft,float32,4096,64,contiguous,,direct_rfft_float32_4096_64_contiguous_,0.587789696874,0.584325153613,0.00121779739857,7,20,ok,
final_v2,direct,rfft,float32,4096,256,contiguous,,direct_rfft_float32_4096_256_contiguous_,2.30389014385,2.28380928248,0.010217930789,7,14,ok,
final_v2,direct,rfft,float32,4097,1,contiguous,,direct_rfft_float32_4097_1_contiguous_,0.136879062291,0.136191203617,0.000646424027276,5,177,ok,
final_v2,direct,rfft,float32,4097,2,contiguous,,direct_rfft_float32_4097_2_contiguous_,0.257027842791,0.25157223235,0.00154418919824,5,95,ok,
final_v2,direct,rfft,float32,4097,8,contiguous,,direct_rfft_float32_4097_8_contiguous_,0.373915028967,0.373094372187,0.000334223176339,5,67,ok,
final_v2,direct,rfft,float32,4097,64,contiguous,,direct_rfft_float32_4097_64_contiguous_,2.87145058004,2.87049208418,0.000958495850985,5,12,ok,
final_v2,direct,rfft,float32,4097,256,contiguous,,direct_rfft_float32_4097_256_contiguous_,11.4584036637,11.4423533281,0.0160503356407,5,3,ok,
final_v2,direct,rfft,float32,4608,1,contiguous,,direct_rfft_float32_4608_1_contiguous_,0.0218188401777,0.0216849352,4.31848457083e-05,5,200,ok,
final_v2,direct,rfft,float32,4608,2,contiguous,,direct_rfft_float32_4608_2_contiguous_,0.033179015154,0.0330895447405,8.94704135135e-05,5,200,ok,
final_v2,direct,rfft,float32,4608,8,contiguous,,direct_rfft_float32_4608_8_contiguous_,0.0919244700344,0.0915173999965,0.000321860425174,5,200,ok,
final_v2,direct,rfft,float32,4608,64,contiguous,,direct_rfft_float32_4608_64_contiguous_,0.669144798303,0.666239351267,0.000857101986185,5,20,ok,
final_v2,direct,rfft,float32,4608,256,contiguous,,direct_rfft_float32_4608_256_contiguous_,2.62784098741,2.6245407993,0.00330018810928,5,5,ok,
final_v2,direct,rfft,float32,8192,1,contiguous,,direct_rfft_float32_8192_1_contiguous_,0.0339748203987,0.0337456900161,8.16548708826e-05,5,200,ok,
final_v2,direct,rfft,float32,8192,2,contiguous,,direct_rfft_float32_8192_2_contiguous_,0.0524039397715,0.0522775499849,0.000126389786601,5,200,ok,
final_v2,direct,rfft,float32,8192,8,contiguous,,direct_rfft_float32_8192_8_contiguous_,0.16161016878,0.161012668652,0.000266545730365,5,154,ok,
final_v2,direct,rfft,float32,8192,64,contiguous,,direct_rfft_float32_8192_64_contiguous_,1.20109374984,1.20038689929,0.000706850551069,5,20,ok,
final_v2,direct,rfft,float32,8192,256,contiguous,,direct_rfft_float32_8192_256_contiguous_,4.8063086113,4.776880797,0.00949800014496,5,5,ok,
final_v2,direct,rfft,float32,16384,1,contiguous,,direct_rfft_float32_16384_1_contiguous_,0.0810965546407,0.0810311798705,6.53747702017e-05,5,200,ok,
final_v2,direct,rfft,float32,16384,2,contiguous,,direct_rfft_float32_16384_2_contiguous_,0.129298022073,0.129180999591,8.49613168621e-05,5,181,ok,
final_v2,direct,rfft,float32,16384,8,contiguous,,direct_rfft_float32_16384_8_contiguous_,0.384334201226,0.381640600972,0.00108304666355,5,20,ok,
final_v2,direct,rfft,float32,16384,64,contiguous,,direct_rfft_float32_16384_64_contiguous_,2.92765063403,2.92226408651,0.00261217990721,5,11,ok,
final_v2,direct,rfft,float32,16384,256,contiguous,,direct_rfft_float32_16384_256_contiguous_,11.6872839862,11.6296899505,0.0261850655079,5,2,ok,
final_v2,direct,rfft,float32,32768,1,contiguous,,direct_rfft_float32_32768_1_contiguous_,0.183869040663,0.183408983533,0.000411942295852,5,122,ok,
final_v2,direct,rfft,float32,32768,2,contiguous,,direct_rfft_float32_32768_2_contiguous_,0.276131489293,0.275816681096,0.000314808196642,5,88,ok,
final_v2,direct,rfft,float32,32768,8,contiguous,,direct_rfft_float32_32768_8_contiguous_,0.83035879652,0.827569502871,0.00148029648699,5,20,ok,
final_v2,direct,rfft,float32,32768,64,contiguous,,direct_rfft_float32_32768_64_contiguous_,6.58663958311,6.54563398566,0.00716182403266,5,5,ok,
final_v2,direct,rfft,float32,32768,256,contiguous,,direct_rfft_float32_32768_256_contiguous_,28.2481220784,28.1698040199,0.0211601145566,5,1,ok,
final_v2,direct,rfft,float32,65536,1,contiguous,,direct_rfft_float32_65536_1_contiguous_,0.3666265819,0.365256985177,0.00074755143263,5,67,ok,
final_v2,direct,rfft,float32,65536,2,contiguous,,direct_rfft_float32_65536_2_contiguous_,0.581416650675,0.580335047562,0.00108160311356,5,20,ok,
final_v2,direct,rfft,float32,65536,8,contiguous,,direct_rfft_float32_65536_8_contiguous_,1.75160458189,1.74646852783,0.0036253140455,5,19,ok,
final_v2,direct,rfft,float32,65536,64,contiguous,,direct_rfft_float32_65536_64_contiguous_,13.6325350031,13.5985804955,0.0339545076713,5,2,ok,
final_v2,direct,rfft,float32,65536,256,contiguous,,direct_rfft_float32_65536_256_contiguous_,58.1086189486,57.8306219541,0.177726964466,5,1,ok,
final_v2,direct,rfft,float64,1024,1,contiguous,,direct_rfft_float64_1024_1_contiguous_,0.00743277398627,0.00739085131418,8.17244214639e-06,7,1345,ok,
final_v2,direct,rfft,float64,1024,2,contiguous,,direct_rfft_float64_1024_2_contiguous_,0.00813257623953,0.00809855580471,6.87840297159e-06,7,1423,ok,
final_v2,direct,rfft,float64,1024,8,contiguous,,direct_rfft_float64_1024_8_contiguous_,0.0161799049238,0.0161230500089,3.44146974385e-05,7,200,ok,
final_v2,direct,rfft,float64,1024,64,contiguous,,direct_rfft_float64_1024_64_contiguous_,0.0897078699199,0.0893190299394,0.000175884924829,7,200,ok,
final_v2,direct,rfft,float64,1024,256,contiguous,,direct_rfft_float64_1024_256_contiguous_,0.335534702754,0.33487949986,0.00065520289354,7,20,ok,
final_v2,direct,rfft,float64,2048,1,contiguous,,direct_rfft_float64_2048_1_contiguous_,0.0113544358102,0.0113244242702,3.00115400033e-05,7,1129,ok,
final_v2,direct,rfft,float64,2048,2,contiguous,,direct_rfft_float64_2048_2_contiguous_,0.0136255321473,0.0135792381041,1.92349024894e-05,7,949,ok,
final_v2,direct,rfft,float64,2048,8,contiguous,,direct_rfft_float64_2048_8_contiguous_,0.0341108301654,0.0338966702111,8.1704929471e-05,7,200,ok,
final_v2,direct,rfft,float64,2048,64,contiguous,,direct_rfft_float64_2048_64_contiguous_,0.219097099034,0.218622200191,0.000474898843095,7,20,ok,
final_v2,direct,rfft,float64,2048,256,contiguous,,direct_rfft_float64_2048_256_contiguous_,0.85004104767,0.846815446857,0.00169120030478,7,20,ok,
final_v2,direct,rfft,float64,3072,1,contiguous,,direct_rfft_float64_3072_1_contiguous_,0.0151531546456,0.0151093083773,3.0080736522e-05,7,853,ok,
final_v2,direct,rfft,float64,3072,2,contiguous,,direct_rfft_float64_3072_2_contiguous_,0.017554560327,0.0174869346665,6.76256604493e-05,7,200,ok,
final_v2,direct,rfft,float64,3072,8,contiguous,,direct_rfft_float64_3072_8_contiguous_,0.0475422799354,0.0474283151561,8.48097261041e-05,7,200,ok,
final_v2,direct,rfft,float64,3072,64,contiguous,,direct_rfft_float64_3072_64_contiguous_,0.320408551488,0.318830099422,0.000860600266606,7,20,ok,
final_v2,direct,rfft,float64,3072,256,contiguous,,direct_rfft_float64_3072_256_contiguous_,1.27475075424,1.24832119909,0.018330704188,7,20,ok,
final_v2,direct,rfft,float64,3584,1,contiguous,,direct_rfft_float64_3584_1_contiguous_,0.01886432111,0.0188387433665,1.93196518177e-05,7,682,ok,
final_v2,direct,rfft,float64,3584,2,contiguous,,direct_rfft_float64_3584_2_contiguous_,0.0281419203384,0.0277290848317,7.35901994631e-05,7,200,ok,
final_v2,direct,rfft,float64,3584,8,contiguous,,direct_rfft_float64_3584_8_contiguous_,0.0866479251999,0.0861163646914,0.000159699702635,7,200,ok,
final_v2,direct,rfft,float64,3584,64,contiguous,,direct_rfft_float64_3584_64_contiguous_,0.622265000129,0.607860699529,0.00315145007335,7,20,ok,
final_v2,direct,rfft,float64,3584,256,contiguous,,direct_rfft_float64_3584_256_contiguous_,2.44467774367,2.43382975653,0.00534008722752,7,12,ok,
final_v2,direct,rfft,float64,4095,1,contiguous,,direct_rfft_float64_4095_1_contiguous_,0.0287060298697,0.0285276118467,0.000116658825944,7,469,ok,
final_v2,direct,rfft,float64,4095,2,contiguous,,direct_rfft_float64_4095_2_contiguous_,0.0325237750076,0.0323186803143,6.08147820458e-05,7,200,ok,
final_v2,direct,rfft,float64,4095,8,contiguous,,direct_rfft_float64_4095_8_contiguous_,0.102966540144,0.102882480132,5.06499782205e-05,7,200,ok,
final_v2,direct,rfft,float64,4095,64,contiguous,,direct_rfft_float64_4095_64_contiguous_,0.756245851517,0.754090747796,0.00116119626909,7,20,ok,
final_v2,direct,rfft,float64,4095,256,contiguous,,direct_rfft_float64_4095_256_contiguous_,2.99617289566,2.98690029886,0.00187560217455,7,10,ok,
final_v2,direct,rfft,float64,4096,1,contiguous,,direct_rfft_float64_4096_1_contiguous_,0.0190051356439,0.0189289282791,3.35892045134e-05,7,516,ok,
final_v2,direct,rfft,float64,4096,2,contiguous,,direct_rfft_float64_4096_2_contiguous_,0.0225620501442,0.0225214200327,4.06301114708e-05,7,200,ok,
final_v2,direct,rfft,float64,4096,8,contiguous,,direct_rfft_float64_4096_8_contiguous_,0.0639099895488,0.0633689149981,0.000307330628857,7,200,ok,
final_v2,direct,rfft,float64,4096,64,contiguous,,direct_rfft_float64_4096_64_contiguous_,0.441193452571,0.439117499627,0.00150889973156,7,20,ok,
final_v2,direct,rfft,float64,4096,256,contiguous,,direct_rfft_float64_4096_256_contiguous_,1.76089870579,1.74400676727,0.00951328890069,7,17,ok,
final_v2,direct,rfft,float64,4097,1,contiguous,,direct_rfft_float64_4097_1_contiguous_,0.111403175397,0.11069789005,0.00018555438146,5,200,ok,
final_v2,direct,rfft,float64,4097,2,contiguous,,direct_rfft_float64_4097_2_contiguous_,0.171684528242,0.170795138628,0.000112707817203,5,144,ok,
final_v2,direct,rfft,float64,4097,8,contiguous,,direct_rfft_float64_4097_8_contiguous_,0.649007842999,0.64859731662,0.000336945767661,5,38,ok,
final_v2,direct,rfft,float64,4097,64,contiguous,,direct_rfft_float64_4097_64_contiguous_,5.06695866352,5.04103134153,0.0243528241602,5,6,ok,
final_v2,direct,rfft,float64,4097,256,contiguous,,direct_rfft_float64_4097_256_contiguous_,20.2851849608,20.2262629755,0.0317309750244,5,1,ok,
final_v2,direct,rfft,float64,4608,1,contiguous,,direct_rfft_float64_4608_1_contiguous_,0.0227766053285,0.0226488150656,7.2235125117e-05,5,200,ok,
final_v2,direct,rfft,float64,4608,2,contiguous,,direct_rfft_float64_4608_2_contiguous_,0.0254497700371,0.0253930146573,1.0515213944e-05,5,200,ok,
final_v2,direct,rfft,float64,4608,8,contiguous,,direct_rfft_float64_4608_8_contiguous_,0.0734985049348,0.0732821004931,9.26799839363e-05,5,200,ok,
final_v2,direct,rfft,float64,4608,64,contiguous,,direct_rfft_float64_4608_64_contiguous_,0.51687679952,0.514164700871,0.00266854767688,5,20,ok,
final_v2,direct,rfft,float64,4608,256,contiguous,,direct_rfft_float64_4608_256_contiguous_,2.0267119864,2.01467939187,0.00117241870612,5,5,ok,
final_v2,direct,rfft,float64,8192,1,contiguous,,direct_rfft_float64_8192_1_contiguous_,0.0361077644629,0.036010130425,3.08599555865e-05,5,200,ok,
final_v2,direct,rfft,float64,8192,2,contiguous,,direct_rfft_float64_8192_2_contiguous_,0.0426473550033,0.0425763201201,7.1034883149e-05,5,200,ok,
final_v2,direct,rfft,float64,8192,8,contiguous,,direct_rfft_float64_8192_8_contiguous_,0.132882122729,0.132357269357,0.000107923811247,5,171,ok,
final_v2,direct,rfft,float64,8192,64,contiguous,,direct_rfft_float64_8192_64_contiguous_,0.96635245136,0.961866945727,0.00254985061474,5,20,ok,
final_v2,direct,rfft,float64,8192,256,contiguous,,direct_rfft_float64_8192_256_contiguous_,4.07709500287,4.05432980042,0.0194930005819,5,5,ok,
final_v2,direct,rfft,float64,16384,1,contiguous,,direct_rfft_float64_16384_1_contiguous_,0.0762704096269,0.0761545903515,4.91907121614e-05,5,200,ok,
final_v2,direct,rfft,float64,16384,2,contiguous,,direct_rfft_float64_16384_2_contiguous_,0.118766480009,0.118677960127,8.85198824108e-05,5,200,ok,
final_v2,direct,rfft,float64,16384,8,contiguous,,direct_rfft_float64_16384_8_contiguous_,0.416008249158,0.41402244824,0.00198580091819,5,20,ok,
final_v2,direct,rfft,float64,16384,64,contiguous,,direct_rfft_float64_16384_64_contiguous_,3.17908650031,3.1752130948,0.00387340551242,5,10,ok,
final_v2,direct,rfft,float64,16384,256,contiguous,,direct_rfft_float64_16384_256_contiguous_,15.2264244971,15.1223674766,0.104057020508,5,2,ok,
final_v2,direct,rfft,float64,32768,1,contiguous,,direct_rfft_float64_32768_1_contiguous_,0.214428598286,0.213919151325,0.000171571238232,5,112,ok,
final_v2,direct,rfft,float64,32768,2,contiguous,,direct_rfft_float64_32768_2_contiguous_,0.244815021436,0.243781585286,0.000730638659777,5,94,ok,
final_v2,direct,rfft,float64,32768,8,contiguous,,direct_rfft_float64_32768_8_contiguous_,0.952431099722,0.948362902272,0.00124585349113,5,20,ok,
final_v2,direct,rfft,float64,32768,64,contiguous,,direct_rfft_float64_32768_64_contiguous_,7.90097250137,7.79643698479,0.0538169988431,5,4,ok,
final_v2,direct,rfft,float64,32768,256,contiguous,,direct_rfft_float64_32768_256_contiguous_,35.0371149834,34.991628956,0.0454860273749,5,1,ok,
final_v2,direct,rfft,float64,65536,1,contiguous,,direct_rfft_float64_65536_1_contiguous_,0.480357568948,0.47905749057,0.000424509612369,5,51,ok,
final_v2,direct,rfft,float64,65536,2,contiguous,,direct_rfft_float64_65536_2_contiguous_,0.518170301802,0.512258097297,0.00412529916503,5,20,ok,
final_v2,direct,rfft,float64,65536,8,contiguous,,direct_rfft_float64_65536_8_contiguous_,2.0236498749,2.00757812854,0.010830561223,5,16,ok,
final_v2,direct,rfft,float64,65536,64,contiguous,,direct_rfft_float64_65536_64_contiguous_,19.4334300468,18.9049800392,0.118504976854,5,1,ok,
final_v2,direct,rfft,float64,65536,256,contiguous,,direct_rfft_float64_65536_256_contiguous_,74.2588189896,73.6688099569,0.295619014651,5,1,ok,
final_v2,direct,irfft,complex64,1024,1,contiguous,,direct_irfft_complex64_1024_1_contiguous_,0.00930624833354,0.00928924948146,6.16287454238e-06,7,946,ok,
final_v2,direct,irfft,complex64,1024,2,contiguous,,direct_irfft_complex64_1024_2_contiguous_,0.010207573144,0.0101992887583,8.28438576294e-06,7,1115,ok,
final_v2,direct,irfft,complex64,1024,8,contiguous,,direct_irfft_complex64_1024_8_contiguous_,0.0160870305263,0.0160579750082,1.01648038253e-05,7,200,ok,
final_v2,direct,irfft,complex64,1024,64,contiguous,,direct_irfft_complex64_1024_64_contiguous_,0.0845321646193,0.0841858051717,0.000170774874277,7,200,ok,
final_v2,direct,irfft,complex64,1024,256,contiguous,,direct_irfft_complex64_1024_256_contiguous_,0.318345701089,0.317112298217,0.000965350773185,7,20,ok,
final_v2,direct,irfft,complex64,2048,1,contiguous,,direct_irfft_complex64_2048_1_contiguous_,0.0144241967549,0.0143800911287,3.02133978241e-05,7,900,ok,
final_v2,direct,irfft,complex64,2048,2,contiguous,,direct_irfft_complex64_2048_2_contiguous_,0.015991124045,0.0159423317385,3.47568340065e-05,7,823,ok,
final_v2,direct,irfft,complex64,2048,8,contiguous,,direct_irfft_complex64_2048_8_contiguous_,0.0301357003627,0.0300749851158,6.51518348604e-06,7,200,ok,
final_v2,direct,irfft,complex64,2048,64,contiguous,,direct_irfft_complex64_2048_64_contiguous_,0.188633904327,0.18818610115,0.000327598536387,7,20,ok,
final_v2,direct,irfft,complex64,2048,256,contiguous,,direct_irfft_complex64_2048_256_contiguous_,0.72528719902,0.724169053137,0.00102444901131,7,20,ok,
final_v2,direct,irfft,complex64,3072,1,contiguous,,direct_irfft_complex64_3072_1_contiguous_,0.0199846165955,0.0199006241607,4.63458458464e-05,7,668,ok,
final_v2,direct,irfft,complex64,3072,2,contiguous,,direct_irfft_complex64_3072_2_contiguous_,0.0225524301641,0.0224048999371,0.000101695186459,7,200,ok,
final_v2,direct,irfft,complex64,3072,8,contiguous,,direct_irfft_complex64_3072_8_contiguous_,0.0421231100336,0.0418768450618,4.91400714964e-05,7,200,ok,
final_v2,direct,irfft,complex64,3072,64,contiguous,,direct_irfft_complex64_3072_64_contiguous_,0.276640144875,0.276099651819,0.000298593658954,7,20,ok,
final_v2,direct,irfft,complex64,3072,256,contiguous,,direct_irfft_complex64_3072_256_contiguous_,1.0774710041,1.07619304908,0.000310549512506,7,20,ok,
final_v2,direct,irfft,complex64,3584,1,contiguous,,direct_irfft_complex64_3584_1_contiguous_,0.0210076839219,0.020890174894,9.80017066935e-05,7,623,ok,
final_v2,direct,irfft,complex64,3584,2,contiguous,,direct_irfft_complex64_3584_2_contiguous_,0.0335682049626,0.0334705651039,4.88449586555e-05,7,200,ok,
final_v2,direct,irfft,complex64,3584,8,contiguous,,direct_irfft_complex64_3584_8_contiguous_,0.0621030654293,0.0615556800039,0.000121229677461,7,200,ok,
final_v2,direct,irfft,complex64,3584,64,contiguous,,direct_irfft_complex64_3584_64_contiguous_,0.424960703822,0.423641200177,0.0008606526535,7,20,ok,
final_v2,direct,irfft,complex64,3584,256,contiguous,,direct_irfft_complex64_3584_256_contiguous_,1.66394514963,1.66223795386,0.00118175521493,7,20,ok,
final_v2,direct,irfft,complex64,4095,1,contiguous,,direct_irfft_complex64_4095_1_contiguous_,0.0549471830217,0.0548037584393,5.76967018356e-05,7,257,ok,
final_v2,direct,irfft,complex64,4095,2,contiguous,,direct_irfft_complex64_4095_2_contiguous_,0.0917104649125,0.0913272897014,0.000383175211027,7,200,ok,
final_v2,direct,irfft,complex64,4095,8,contiguous,,direct_irfft_complex64_4095_8_contiguous_,0.143314758583,0.142543011308,0.000251052317734,7,174,ok,
final_v2,direct,irfft,complex64,4095,64,contiguous,,direct_irfft_complex64_4095_64_contiguous_,1.07802755083,1.07642050134,7.61530827731e-05,7,20,ok,
final_v2,direct,irfft,complex64,4095,256,contiguous,,direct_irfft_complex64_4095_256_contiguous_,4.29586450628,4.28379775258,0.00200138310902,7,8,ok,
final_v2,direct,irfft,complex64,4096,1,contiguous,,direct_irfft_complex64_4096_1_contiguous_,0.0245676043856,0.0245183511622,4.92532233723e-05,7,427,ok,
final_v2,direct,irfft,complex64,4096,2,contiguous,,direct_irfft_complex64_4096_2_contiguous_,0.0280606147135,0.0278961547883,3.98250995204e-05,7,200,ok,
final_v2,direct,irfft,complex64,4096,8,contiguous,,direct_irfft_complex64_4096_8_contiguous_,0.0555243552662,0.0553460151423,4.49852086604e-05,7,200,ok,
final_v2,direct,irfft,complex64,4096,64,contiguous,,direct_irfft_complex64_4096_64_contiguous_,0.378729053773,0.377996196039,0.000568095128983,7,20,ok,
final_v2,direct,irfft,complex64,4096,256,contiguous,,direct_irfft_complex64_4096_256_contiguous_,1.50671779993,1.50508969673,0.000812549842522,7,20,ok,
final_v2,direct,irfft,complex64,4097,1,contiguous,,direct_irfft_complex64_4097_1_contiguous_,0.0246152846375,0.0245150498813,5.78042818233e-05,5,200,ok,
final_v2,direct,irfft,complex64,4097,2,contiguous,,direct_irfft_complex64_4097_2_contiguous_,0.0278184044873,0.0276440748712,0.000134999863803,5,200,ok,
final_v2,direct,irfft,complex64,4097,8,contiguous,,direct_irfft_complex64_4097_8_contiguous_,0.0554534699768,0.0553852348821,6.8235094659e-05,5,200,ok,
final_v2,direct,irfft,complex64,4097,64,contiguous,,direct_irfft_complex64_4097_64_contiguous_,0.37800919963,0.377164100064,0.000845099566504,5,20,ok,
final_v2,direct,irfft,complex64,4097,256,contiguous,,direct_irfft_complex64_4097_256_contiguous_,1.50727378204,1.5025509987,0.00324400607497,5,5,ok,
final_v2,direct,irfft,complex64,4608,1,contiguous,,direct_irfft_complex64_4608_1_contiguous_,0.0297136500012,0.0295268447371,0.000129794934765,5,200,ok,
final_v2,direct,irfft,complex64,4608,2,contiguous,,direct_irfft_complex64_4608_2_contiguous_,0.0334755249787,0.0334159150952,5.96098834649e-05,5,200,ok,
final_v2,direct,irfft,complex64,4608,8,contiguous,,direct_irfft_complex64_4608_8_contiguous_,0.0630926399026,0.0629481155192,0.000144524383359,5,200,ok,
final_v2,direct,irfft,complex64,4608,64,contiguous,,direct_irfft_complex64_4608_64_contiguous_,0.430163001874,0.429643550888,0.000519450986758,5,20,ok,
final_v2,direct,irfft,complex64,4608,256,contiguous,,direct_irfft_complex64_4608_256_contiguous_,1.67961639818,1.67551459745,0.00320598483086,5,5,ok,
final_v2,direct,irfft,complex64,8192,1,contiguous,,direct_irfft_complex64_8192_1_contiguous_,0.0481008400675,0.0479507498676,0.000150090199895,5,200,ok,
final_v2,direct,irfft,complex64,8192,2,contiguous,,direct_irfft_complex64_8192_2_contiguous_,0.0546059652697,0.0545163400238,8.4305065684e-05,5,200,ok,
final_v2,direct,irfft,complex64,8192,8,contiguous,,direct_irfft_complex64_8192_8_contiguous_,0.11082632991,0.11062304955,1.66246900335e-05,5,200,ok,
final_v2,direct,irfft,complex64,8192,64,contiguous,,direct_irfft_complex64_8192_64_contiguous_,0.792255048873,0.791019247845,0.00115259899758,5,20,ok,
final_v2,direct,irfft,complex64,8192,256,contiguous,,direct_irfft_complex64_8192_256_contiguous_,3.12579441816,3.11992319766,0.00147863756865,5,5,ok,
final_v2,direct,irfft,complex64,16384,1,contiguous,,direct_irfft_complex64_16384_1_contiguous_,0.0807028601412,0.0802793551702,0.000324365100823,5,200,ok,
final_v2,direct,irfft,complex64,16384,2,contiguous,,direct_irfft_complex64_16384_2_contiguous_,0.13687113132,0.136524246105,6.35029676833e-05,5,183,ok,
final_v2,direct,irfft,complex64,16384,8,contiguous,,direct_irfft_complex64_16384_8_contiguous_,0.278000248363,0.277080503292,0.00091974507086,5,20,ok,
final_v2,direct,irfft,complex64,16384,64,contiguous,,direct_irfft_complex64_16384_64_contiguous_,2.08937437856,2.08491406374,0.00253730831901,5,16,ok,
final_v2,direct,irfft,complex64,16384,256,contiguous,,direct_irfft_complex64_16384_256_contiguous_,8.24587850366,8.23665875942,0.0078649900388,5,4,ok,
final_v2,direct,irfft,complex64,32768,1,contiguous,,direct_irfft_complex64_32768_1_contiguous_,0.172395503532,0.172183758923,8.79720038345e-05,5,141,ok,
final_v2,direct,irfft,complex64,32768,2,contiguous,,direct_irfft_complex64_32768_2_contiguous_,0.288349870757,0.287999081261,0.000350789495689,5,85,ok,
final_v2,direct,irfft,complex64,32768,8,contiguous,,direct_irfft_complex64_32768_8_contiguous_,0.627187849022,0.625232653692,0.00195519533008,5,20,ok,
final_v2,direct,irfft,complex64,32768,64,contiguous,,direct_irfft_complex64_32768_64_contiguous_,4.87795241643,4.86054539215,0.0140768010169,5,5,ok,
final_v2,direct,irfft,complex64,32768,256,contiguous,,direct_irfft_complex64_32768_256_contiguous_,21.814491949,21.7028000625,0.0570279080421,5,1,ok,
final_v2,direct,irfft,complex64,65536,1,contiguous,,direct_irfft_complex64_65536_1_contiguous_,0.346109214505,0.344441184175,0.00164782728202,5,70,ok,
final_v2,direct,irfft,complex64,65536,2,contiguous,,direct_irfft_complex64_65536_2_contiguous_,0.615507201292,0.61326395371,0.00155295128934,5,20,ok,
final_v2,direct,irfft,complex64,65536,8,contiguous,,direct_irfft_complex64_65536_8_contiguous_,1.32801319705,1.32226535352,0.000851100776345,5,20,ok,
final_v2,direct,irfft,complex64,65536,64,contiguous,,direct_irfft_complex64_65536_64_contiguous_,10.4641096744,10.2880360015,0.0915969721973,5,3,ok,
final_v2,direct,irfft,complex64,65536,256,contiguous,,direct_irfft_complex64_65536_256_contiguous_,44.7960159509,44.7531139944,0.0429019564763,5,1,ok,
final_v2,direct,irfft,complex128,1024,1,contiguous,,direct_irfft_complex128_1024_1_contiguous_,0.00868582149289,0.00866943988982,1.13023255176e-05,7,1148,ok,
final_v2,direct,irfft,complex128,1024,2,contiguous,,direct_irfft_complex128_1024_2_contiguous_,0.00955114547078,0.00951657681623,2.76113802915e-05,7,1217,ok,
final_v2,direct,irfft,complex128,1024,8,contiguous,,direct_irfft_complex128_1024_8_contiguous_,0.0194597197697,0.0194354250561,1.65798701346e-05,7,200,ok,
final_v2,direct,irfft,complex128,1024,64,contiguous,,direct_irfft_complex128_1024_64_contiguous_,0.109223100008,0.108959050267,6.21099025011e-05,7,200,ok,
final_v2,direct,irfft,complex128,1024,256,contiguous,,direct_irfft_complex128_1024_256_contiguous_,0.413124752231,0.411338848062,0.000905705383047,7,20,ok,
final_v2,direct,irfft,complex128,2048,1,contiguous,,direct_irfft_complex128_2048_1_contiguous_,0.0132540305206,0.013227920227,1.79222121663e-05,7,952,ok,
final_v2,direct,irfft,complex128,2048,2,contiguous,,direct_irfft_complex128_2048_2_contiguous_,0.0156574975645,0.0155539812774,4.68005875607e-05,7,858,ok,
final_v2,direct,irfft,complex128,2048,8,contiguous,,direct_irfft_complex128_2048_8_contiguous_,0.0398776051588,0.0398323201807,2.10397411138e-05,7,200,ok,
final_v2,direct,irfft,complex128,2048,64,contiguous,,direct_irfft_complex128_2048_64_contiguous_,0.260530150263,0.260082801105,0.00040574814193,7,20,ok,
final_v2,direct,irfft,complex128,2048,256,contiguous,,direct_irfft_complex128_2048_256_contiguous_,1.01760309772,1.01500659948,0.000647746492177,7,20,ok,
final_v2,direct,irfft,complex128,3072,1,contiguous,,direct_irfft_complex128_3072_1_contiguous_,0.0180864105024,0.0180652932712,2.11172311543e-05,7,733,ok,
final_v2,direct,irfft,complex128,3072,2,contiguous,,direct_irfft_complex128_3072_2_contiguous_,0.0202899449505,0.0202568853274,1.42253702506e-05,7,200,ok,
final_v2,direct,irfft,complex128,3072,8,contiguous,,direct_irfft_complex128_3072_8_contiguous_,0.0558482651832,0.055782039999,5.88101102039e-05,7,200,ok,
final_v2,direct,irfft,complex128,3072,64,contiguous,,direct_irfft_complex128_3072_64_contiguous_,0.381161202677,0.380334100919,0.000357703538612,7,20,ok,
final_v2,direct,irfft,complex128,3072,256,contiguous,,direct_irfft_complex128_3072_256_contiguous_,1.50108259986,1.4955161023,0.00364489969797,7,20,ok,
final_v2,direct,irfft,complex128,3584,1,contiguous,,direct_irfft_complex128_3584_1_contiguous_,0.0202518924447,0.0200481261011,6.27197519618e-05,7,642,ok,
final_v2,direct,irfft,complex128,3584,2,contiguous,,direct_irfft_complex128_3584_2_contiguous_,0.0297417049296,0.0293502100976,0.00021931482479,7,200,ok,
final_v2,direct,irfft,complex128,3584,8,contiguous,,direct_irfft_complex128_3584_8_contiguous_,0.09115100489,0.0904689647723,3.21597326547e-05,7,200,ok,
final_v2,direct,irfft,complex128,3584,64,contiguous,,direct_irfft_complex128_3584_64_contiguous_,0.656412198441,0.655555049889,0.000550056574866,7,20,ok,
final_v2,direct,irfft,complex128,3584,256,contiguous,,direct_irfft_complex128_3584_256_contiguous_,2.60871585208,2.6005026168,0.00591039693413,7,13,ok,
final_v2,direct,irfft,complex128,4095,1,contiguous,,direct_irfft_complex128_4095_1_contiguous_,0.0460285800342,0.0458636058719,0.000113993352249,7,307,ok,
final_v2,direct,irfft,complex128,4095,2,contiguous,,direct_irfft_complex128_4095_2_contiguous_,0.0705349451164,0.070319235092,0.000111964764073,7,200,ok,
final_v2,direct,irfft,complex128,4095,8,contiguous,,direct_irfft_complex128_4095_8_contiguous_,0.250960647298,0.250742152202,0.000218495096296,7,99,ok,
final_v2,direct,irfft,complex128,4095,64,contiguous,,direct_irfft_complex128_4095_64_contiguous_,1.93386053091,1.93049717585,0.0033633550629,7,17,ok,
final_v2,direct,irfft,complex128,4095,256,contiguous,,direct_irfft_complex128_4095_256_contiguous_,7.72163525107,7.68905374571,0.0221367517952,7,4,ok,
final_v2,direct,irfft,complex128,4096,1,contiguous,,direct_irfft_complex128_4096_1_contiguous_,0.0222208916099,0.0221905210953,3.03705146006e-05,7,545,ok,
final_v2,direct,irfft,complex128,4096,2,contiguous,,direct_irfft_complex128_4096_2_contiguous_,0.0258716649842,0.0256035599159,6.85849227011e-05,7,200,ok,
final_v2,direct,irfft,complex128,4096,8,contiguous,,direct_irfft_complex128_4096_8_contiguous_,0.0751184247201,0.0749237049604,0.000140714691952,7,200,ok,
final_v2,direct,irfft,complex128,4096,64,contiguous,,direct_irfft_complex128_4096_64_contiguous_,0.530494650593,0.529634999111,0.0004508998245,7,20,ok,
final_v2,direct,irfft,complex128,4096,256,contiguous,,direct_irfft_complex128_4096_256_contiguous_,2.10455013439,2.09464073026,0.00625180546194,7,15,ok,
final_v2,direct,irfft,complex128,4097,1,contiguous,,direct_irfft_complex128_4097_1_contiguous_,0.0225298351143,0.0225226749899,7.16012436897e-06,5,200,ok,
final_v2,direct,irfft,complex128,4097,2,contiguous,,direct_irfft_complex128_4097_2_contiguous_,0.0264420500025,0.0261943304213,0.000204690149985,5,200,ok,
final_v2,direct,irfft,complex128,4097,8,contiguous,,direct_irfft_complex128_4097_8_contiguous_,0.0754104799125,0.0752059946535,0.000204485259019,5,200,ok,
final_v2,direct,irfft,complex128,4097,64,contiguous,,direct_irfft_complex128_4097_64_contiguous_,0.533328996971,0.531876750756,0.000575598096475,5,20,ok,
final_v2,direct,irfft,complex128,4097,256,contiguous,,direct_irfft_complex128_4097_256_contiguous_,2.11651418358,2.09509159904,0.000581191852689,5,5,ok,
final_v2,direct,irfft,complex128,4608,1,contiguous,,direct_irfft_complex128_4608_1_contiguous_,0.0258123100502,0.0255381903844,7.33352499083e-05,5,200,ok,
final_v2,direct,irfft,complex128,4608,2,contiguous,,direct_irfft_complex128_4608_2_contiguous_,0.0290985353058,0.0290311546996,3.56702366844e-05,5,200,ok,
final_v2,direct,irfft,complex128,4608,8,contiguous,,direct_irfft_complex128_4608_8_contiguous_,0.0857663049828,0.0855124695227,0.000178485061042,5,200,ok,
final_v2,direct,irfft,complex128,4608,64,contiguous,,direct_irfft_complex128_4608_64_contiguous_,0.608705298509,0.607353745727,0.00135155278258,5,20,ok,
final_v2,direct,irfft,complex128,4608,256,contiguous,,direct_irfft_complex128_4608_256_contiguous_,2.41623420734,2.40286081098,0.00548239331692,5,5,ok,
final_v2,direct,irfft,complex128,8192,1,contiguous,,direct_irfft_complex128_8192_1_contiguous_,0.042138340068,0.0418523000553,0.00010049494449,5,200,ok,
final_v2,direct,irfft,complex128,8192,2,contiguous,,direct_irfft_complex128_8192_2_contiguous_,0.0492204050533,0.0487010751385,7.32351327315e-05,5,200,ok,
final_v2,direct,irfft,complex128,8192,8,contiguous,,direct_irfft_complex128_8192_8_contiguous_,0.155787612312,0.155510587501,0.000277024810202,5,160,ok,
final_v2,direct,irfft,complex128,8192,64,contiguous,,direct_irfft_complex128_8192_64_contiguous_,1.18576969835,1.13805980072,0.0176839996129,5,20,ok,
final_v2,direct,irfft,complex128,8192,256,contiguous,,direct_irfft_complex128_8192_256_contiguous_,4.81088920496,4.70364799257,0.0267727999017,5,5,ok,
final_v2,direct,irfft,complex128,16384,1,contiguous,,direct_irfft_complex128_16384_1_contiguous_,0.0878801598446,0.0850485905539,0.000622629886493,5,200,ok,
final_v2,direct,irfft,complex128,16384,2,contiguous,,direct_irfft_complex128_16384_2_contiguous_,0.124876055052,0.124604934826,0.000271120225079,5,200,ok,
final_v2,direct,irfft,complex128,16384,8,contiguous,,direct_irfft_complex128_16384_8_contiguous_,0.447633652948,0.441757997032,0.00248569413088,5,20,ok,
final_v2,direct,irfft,complex128,16384,64,contiguous,,direct_irfft_complex128_16384_64_contiguous_,3.43343039276,3.42178730061,0.00226419651881,5,10,ok,
final_v2,direct,irfft,complex128,16384,256,contiguous,,direct_irfft_complex128_16384_256_contiguous_,15.891204006,15.7740670256,0.115504022688,5,2,ok,
final_v2,direct,irfft,complex128,32768,1,contiguous,,direct_irfft_complex128_32768_1_contiguous_,0.230046628886,0.229090924508,0.000955704377875,5,105,ok,
final_v2,direct,irfft,complex128,32768,2,contiguous,,direct_irfft_complex128_32768_2_contiguous_,0.264992836215,0.263592587662,0.00140024855247,5,92,ok,
final_v2,direct,irfft,complex128,32768,8,contiguous,,direct_irfft_complex128_32768_8_contiguous_,1.04116819566,1.00566945039,0.0142881006468,5,20,ok,
final_v2,direct,irfft,complex128,32768,64,contiguous,,direct_irfft_complex128_32768_64_contiguous_,8.28896500752,8.23517574463,0.0360659905709,5,4,ok,
final_v2,direct,irfft,complex128,32768,256,contiguous,,direct_irfft_complex128_32768_256_contiguous_,36.4506229525,36.4041960565,0.0464268960059,5,1,ok,
final_v2,direct,irfft,complex128,65536,1,contiguous,,direct_irfft_complex128_65536_1_contiguous_,0.502995787525,0.501253785803,0.000752298101941,5,47,ok,
final_v2,direct,irfft,complex128,65536,2,contiguous,,direct_irfft_complex128_65536_2_contiguous_,0.547144201118,0.546125747496,0.000788999022916,5,20,ok,
final_v2,direct,irfft,complex128,65536,8,contiguous,,direct_irfft_complex128_65536_8_contiguous_,2.17167718802,2.16262562026,0.000931184331421,5,16,ok,
final_v2,direct,irfft,complex128,65536,64,contiguous,,direct_irfft_complex128_65536_64_contiguous_,19.9593669968,19.8947140016,0.0646529952064,5,1,ok,
final_v2,direct,irfft,complex128,65536,256,contiguous,,direct_irfft_complex128_65536_256_contiguous_,77.134407009,76.7904660897,0.310658011585,5,1,ok,
