candidate,group,operation,dtype,n,batch,layout,variant,case_id,median_ms,best_ms,mad_ms,samples,loops,status,notes
c222,layout,fft,complex64,1024,1,reverse,,layout_fft_complex64_1024_1_reverse_,0.0133822746895,0.0132178423153,0.000100238677318,7,641,ok,
c222,layout,fft,complex64,1024,1,stride2,,layout_fft_complex64_1024_1_stride2_,0.0137731918548,0.0136936377496,4.47121556033e-05,7,886,ok,
c222,layout,fft,complex64,1024,1,transpose,,layout_fft_complex64_1024_1_transpose_,0.0138776036825,0.013824245396,3.51595760087e-05,7,921,ok,
c222,layout,fft,complex64,1024,1,fortran,,layout_fft_complex64_1024_1_fortran_,0.0135138704459,0.0134522318609,4.26494501362e-05,7,927,ok,
c222,layout,fft,complex64,1024,8,reverse,,layout_fft_complex64_1024_8_reverse_,0.144942778672,0.144142935697,0.000799842974777,7,172,ok,
c222,layout,fft,complex64,1024,8,stride2,,layout_fft_complex64_1024_8_stride2_,0.0452787597897,0.0448613101617,0.00015159486793,7,200,ok,
c222,layout,fft,complex64,1024,8,transpose,,layout_fft_complex64_1024_8_transpose_,0.0486767053371,0.0481124751968,0.000117419986054,7,200,ok,
c222,layout,fft,complex64,1024,8,fortran,,layout_fft_complex64_1024_8_fortran_,0.0496966001811,0.0493432802614,0.000346215092577,7,200,ok,
c222,layout,fft,complex64,1024,64,reverse,,layout_fft_complex64_1024_64_reverse_,1.0578260838,1.0466264743,0.00288416935212,7,23,ok,
c222,layout,fft,complex64,1024,64,stride2,,layout_fft_complex64_1024_64_stride2_,0.289103024573,0.286995297453,0.00119358412034,7,84,ok,
c222,layout,fft,complex64,1024,64,transpose,,layout_fft_complex64_1024_64_transpose_,0.406418065165,0.394972628959,0.00926367788305,7,62,ok,
c222,layout,fft,complex64,1024,64,fortran,,layout_fft_complex64_1024_64_fortran_,0.409114434539,0.403992133215,0.0050353022137,7,60,ok,
c222,layout,fft,complex64,4096,1,reverse,,layout_fft_complex64_4096_1_reverse_,0.0401425874518,0.0397961611049,0.000302669313331,7,354,ok,
c222,layout,fft,complex64,4096,1,stride2,,layout_fft_complex64_4096_1_stride2_,0.0398794775074,0.0397043908145,0.00010953901346,7,358,ok,
c222,layout,fft,complex64,4096,1,transpose,,layout_fft_complex64_4096_1_transpose_,0.040327618799,0.0399267429599,7.10194565109e-05,7,362,ok,
c222,layout,fft,complex64,4096,1,fortran,,layout_fft_complex64_4096_1_fortran_,0.0397295372127,0.0396398329878,7.08194270934e-05,7,365,ok,
c222,layout,fft,complex64,4096,8,reverse,,layout_fft_complex64_4096_8_reverse_,0.182786676849,0.182456755827,0.000287158099392,7,127,ok,
c222,layout,fft,complex64,4096,8,stride2,,layout_fft_complex64_4096_8_stride2_,0.183650401816,0.183102227642,0.000433628553186,7,132,ok,
c222,layout,fft,complex64,4096,8,transpose,,layout_fft_complex64_4096_8_transpose_,0.204498305427,0.203989618813,0.000508686614428,7,118,ok,
c222,layout,fft,complex64,4096,8,fortran,,layout_fft_complex64_4096_8_fortran_,0.199667177156,0.199255750387,0.000191330459089,7,124,ok,
c222,layout,fft,complex64,4096,64,reverse,,layout_fft_complex64_4096_64_reverse_,2.98856308853,2.96965427697,0.0177056274631,7,11,ok,
c222,layout,fft,complex64,4096,64,stride2,,layout_fft_complex64_4096_64_stride2_,1.36139399838,1.35421929881,0.00468139769509,7,20,ok,
c222,layout,fft,complex64,4096,64,transpose,,layout_fft_complex64_4096_64_transpose_,1.84077561264,1.81997472343,0.00702505672557,7,18,ok,
c222,layout,fft,complex64,4096,64,fortran,,layout_fft_complex64_4096_64_fortran_,1.81365442021,1.79227515687,0.0116750046513,7,19,ok,
c222,layout,fft,complex64,65536,1,reverse,,layout_fft_complex64_65536_1_reverse_,0.950127459454,0.932947307145,0.00310827118273,5,26,ok,
c222,layout,fft,complex64,65536,1,stride2,,layout_fft_complex64_65536_1_stride2_,0.971629000269,0.958755640313,0.00205711927265,5,25,ok,
c222,layout,fft,complex64,65536,1,transpose,,layout_fft_complex64_65536_1_transpose_,0.987406801432,0.975608639419,0.00521355774254,5,25,ok,
c222,layout,fft,complex64,65536,1,fortran,,layout_fft_complex64_65536_1_fortran_,0.938776190966,0.931795498428,0.00196457571852,5,26,ok,
c222,layout,fft,complex64,65536,8,reverse,,layout_fft_complex64_65536_8_reverse_,10.1556439962,9.93728668739,0.0621786651512,5,3,ok,
c222,layout,fft,complex64,65536,8,stride2,,layout_fft_complex64_65536_8_stride2_,7.91495825979,7.88197023212,0.0179217604455,5,4,ok,
c222,layout,fft,complex64,65536,8,transpose,,layout_fft_complex64_65536_8_transpose_,8.46090800284,8.41699365992,0.0342493488764,5,3,ok,
c222,layout,fft,complex64,65536,8,fortran,,layout_fft_complex64_65536_8_fortran_,8.47316774889,8.37831149693,0.0736607471481,5,4,ok,
c222,layout,fft,complex64,65536,64,reverse,,layout_fft_complex64_65536_64_reverse_,76.9765540026,76.2095469981,0.187157071196,5,1,ok,
c222,layout,fft,complex64,65536,64,stride2,,layout_fft_complex64_65536_64_stride2_,78.7826959277,78.353304998,0.244797905907,5,1,ok,
c222,layout,fft,complex64,65536,64,transpose,,layout_fft_complex64_65536_64_transpose_,93.8342789887,93.0138010299,0.276879058219,5,1,ok,
c222,layout,fft,complex64,65536,64,fortran,,layout_fft_complex64_65536_64_fortran_,94.2997789243,93.402583967,0.522888964042,5,1,ok,
c222,staged,fft,complex64,1024,1,contiguous,pad,staged_fft_complex64_1024_1_contiguous_pad,0.0118158641271,0.011723335608,9.25285190973e-05,7,876,ok,
c222,staged,fft,complex64,1024,1,contiguous,truncate,staged_fft_complex64_1024_1_contiguous_truncate,0.0135687490724,0.0134605535533,2.58538922345e-05,7,925,ok,
c222,staged,fft,complex64,1024,8,contiguous,pad,staged_fft_complex64_1024_8_contiguous_pad,0.059197114897,0.0589880649932,0.000209049903788,7,200,ok,
c222,staged,fft,complex64,1024,8,contiguous,truncate,staged_fft_complex64_1024_8_contiguous_truncate,0.0471046002349,0.046918495209,0.000158399925567,7,200,ok,
c222,staged,fft,complex64,1024,64,contiguous,pad,staged_fft_complex64_1024_64_contiguous_pad,0.421732876515,0.419509684945,0.00216992849713,7,57,ok,
c222,staged,fft,complex64,1024,64,contiguous,truncate,staged_fft_complex64_1024_64_contiguous_truncate,0.294994478344,0.292962096466,0.00104872503458,7,73,ok,
c222,staged,fft,complex64,1024,256,contiguous,pad,staged_fft_complex64_1024_256_contiguous_pad,1.67338262729,1.66333341775,0.00459195335249,7,19,ok,
c222,staged,fft,complex64,1024,256,contiguous,truncate,staged_fft_complex64_1024_256_contiguous_truncate,1.16818120005,1.15613664966,0.0120445503853,7,20,ok,
c222,staged,fft,complex64,4096,1,contiguous,pad,staged_fft_complex64_4096_1_contiguous_pad,0.0379680600702,0.0378543813015,7.02149338756e-05,7,367,ok,
c222,staged,fft,complex64,4096,1,contiguous,truncate,staged_fft_complex64_4096_1_contiguous_truncate,0.040640450791,0.0405611719569,7.92788341641e-05,7,355,ok,
c222,staged,fft,complex64,4096,8,contiguous,pad,staged_fft_complex64_4096_8_contiguous_pad,0.262671592901,0.261258780393,0.00112610843524,7,91,ok,
c222,staged,fft,complex64,4096,8,contiguous,truncate,staged_fft_complex64_4096_8_contiguous_truncate,0.188225959127,0.187389355438,0.000791031784648,7,124,ok,
c222,staged,fft,complex64,4096,64,contiguous,pad,staged_fft_complex64_4096_64_contiguous_pad,2.12146237027,2.03309155768,0.0301902546198,7,16,ok,
c222,staged,fft,complex64,4096,64,contiguous,truncate,staged_fft_complex64_4096_64_contiguous_truncate,1.43459895044,1.39418269973,0.0241802481469,7,20,ok,
c222,staged,fft,complex64,4096,256,contiguous,pad,staged_fft_complex64_4096_256_contiguous_pad,13.0476779887,12.8049685154,0.0680449884385,7,2,ok,
c222,staged,fft,complex64,4096,256,contiguous,truncate,staged_fft_complex64_4096_256_contiguous_truncate,9.58137299555,9.39314331238,0.0577839867522,7,3,ok,
c222,staged,fft,complex64,4097,1,contiguous,pad,staged_fft_complex64_4097_1_contiguous_pad,0.121809843298,0.121186642164,0.000485732199302,5,179,ok,
c222,staged,fft,complex64,4097,1,contiguous,truncate,staged_fft_complex64_4097_1_contiguous_truncate,0.119574440178,0.118915479979,0.000246315030381,5,200,ok,
c222,staged,fft,complex64,4097,8,contiguous,pad,staged_fft_complex64_4097_8_contiguous_pad,0.908029305999,0.906258615522,0.00167473290975,5,26,ok,
c222,staged,fft,complex64,4097,8,contiguous,truncate,staged_fft_complex64_4097_8_contiguous_truncate,0.770450966229,0.764880940551,0.000431471562479,5,32,ok,
c222,staged,fft,complex64,4097,64,contiguous,pad,staged_fft_complex64_4097_64_contiguous_pad,7.40760823828,7.18748249346,0.0772349885665,5,4,ok,
c222,staged,fft,complex64,4097,64,contiguous,truncate,staged_fft_complex64_4097_64_contiguous_truncate,5.7376116553,5.68418631641,0.0485095079057,5,6,ok,
c222,staged,fft,complex64,4097,256,contiguous,pad,staged_fft_complex64_4097_256_contiguous_pad,33.8050139835,33.3712549182,0.415274058469,5,1,ok,
c222,staged,fft,complex64,4097,256,contiguous,truncate,staged_fft_complex64_4097_256_contiguous_truncate,26.4631179161,26.2145029847,0.0641418155283,5,1,ok,
c222,staged,fft,complex64,8192,1,contiguous,pad,staged_fft_complex64_8192_1_contiguous_pad,0.0721730198711,0.0716055353405,0.000146079692058,5,200,ok,
c222,staged,fft,complex64,8192,1,contiguous,truncate,staged_fft_complex64_8192_1_contiguous_truncate,0.0798546051374,0.079117899877,0.000457575079054,5,200,ok,
c222,staged,fft,complex64,8192,8,contiguous,pad,staged_fft_complex64_8192_8_contiguous_pad,0.517286064164,0.51668534845,0.000600715714466,5,46,ok,
c222,staged,fft,complex64,8192,8,contiguous,truncate,staged_fft_complex64_8192_8_contiguous_truncate,0.423169146631,0.421913653951,0.00124311032282,5,55,ok,
c222,staged,fft,complex64,8192,64,contiguous,pad,staged_fft_complex64_8192_64_contiguous_pad,4.11392450042,4.04816374066,0.0128858810058,5,8,ok,
c222,staged,fft,complex64,8192,64,contiguous,truncate,staged_fft_complex64_8192_64_contiguous_truncate,4.03013174946,3.90225862793,0.0290504976874,5,8,ok,
c222,staged,fft,complex64,8192,256,contiguous,pad,staged_fft_complex64_8192_256_contiguous_pad,23.8053980283,23.6600199714,0.0956129515544,5,1,ok,
c222,staged,fft,complex64,8192,256,contiguous,truncate,staged_fft_complex64_8192_256_contiguous_truncate,21.9198130071,21.6290970566,0.264586065896,5,1,ok,
c222,layout,fft,complex128,1024,1,reverse,,layout_fft_complex128_1024_1_reverse_,0.011696031314,0.0116512020603,4.06250494832e-05,7,896,ok,
c222,layout,fft,complex128,1024,1,stride2,,layout_fft_complex128_1024_1_stride2_,0.0118054076418,0.011739001811,3.8790087117e-05,7,1067,ok,
c222,layout,fft,complex128,1024,1,transpose,,layout_fft_complex128_1024_1_transpose_,0.0118114884295,0.0117714291742,4.00592553172e-05,7,1081,ok,
c222,layout,fft,complex128,1024,1,fortran,,layout_fft_complex128_1024_1_fortran_,0.0117045227682,0.0116804369276,2.11464069184e-05,7,1094,ok,
c222,layout,fft,complex128,1024,8,reverse,,layout_fft_complex128_1024_8_reverse_,0.0387225253507,0.0386761850677,4.0924642235e-05,7,200,ok,
c222,layout,fft,complex128,1024,8,stride2,,layout_fft_complex128_1024_8_stride2_,0.0398340501124,0.0393760198494,0.000283140107058,7,200,ok,
c222,layout,fft,complex128,1024,8,transpose,,layout_fft_complex128_1024_8_transpose_,0.042832835461,0.0423326296732,0.000448760692962,7,200,ok,
c222,layout,fft,complex128,1024,8,fortran,,layout_fft_complex128_1024_8_fortran_,0.0434751046123,0.0424428901169,0.000468139769509,7,200,ok,
c222,layout,fft,complex128,1024,64,reverse,,layout_fft_complex128_1024_64_reverse_,0.249719546061,0.248734671238,0.000872082777859,7,97,ok,
c222,layout,fft,complex128,1024,64,stride2,,layout_fft_complex128_1024_64_stride2_,0.252613948154,0.250624427281,0.000517969359256,7,96,ok,
c222,layout,fft,complex128,1024,64,transpose,,layout_fft_complex128_1024_64_transpose_,0.344546128091,0.343267479584,0.000506888707759,7,71,ok,
c222,layout,fft,complex128,1024,64,fortran,,layout_fft_complex128_1024_64_fortran_,0.336814836012,0.31743669876,0.00163091805904,7,73,ok,
c222,layout,fft,complex128,4096,1,reverse,,layout_fft_complex128_4096_1_reverse_,0.0366347364225,0.0364411112706,0.000149173149478,7,387,ok,
c222,layout,fft,complex128,4096,1,stride2,,layout_fft_complex128_4096_1_stride2_,0.0371599371218,0.0369934162798,8.90680827707e-05,7,382,ok,
c222,layout,fft,complex128,4096,1,transpose,,layout_fft_complex128_4096_1_transpose_,0.0370456962103,0.0366223404653,9.03557877462e-05,7,326,ok,
c222,layout,fft,complex128,4096,1,fortran,,layout_fft_complex128_4096_1_fortran_,0.0366608579144,0.0366213292515,3.95286628544e-05,7,401,ok,
c222,layout,fft,complex128,4096,8,reverse,,layout_fft_complex128_4096_8_reverse_,0.168022959229,0.16521204757,0.00186728367053,7,148,ok,
c222,layout,fft,complex128,4096,8,stride2,,layout_fft_complex128_4096_8_stride2_,0.168252530425,0.167818979176,0.000249584946705,7,147,ok,
c222,layout,fft,complex128,4096,8,transpose,,layout_fft_complex128_4096_8_transpose_,0.18863196695,0.185521749494,0.00121038793887,7,124,ok,
c222,layout,fft,complex128,4096,8,fortran,,layout_fft_complex128_4096_8_fortran_,0.191691101442,0.186666302101,0.000950727835586,7,129,ok,
c222,layout,fft,complex128,4096,64,reverse,,layout_fft_complex128_4096_64_reverse_,1.20429969975,1.19330220041,0.0109974993393,7,20,ok,
c222,layout,fft,complex128,4096,64,stride2,,layout_fft_complex128_4096_64_stride2_,1.22478390113,1.21800240013,0.000970799010247,7,20,ok,
c222,layout,fft,complex128,4096,64,transpose,,layout_fft_complex128_4096_64_transpose_,1.57318440033,1.53135490254,0.0251720950473,7,20,ok,
c222,layout,fft,complex128,4096,64,fortran,,layout_fft_complex128_4096_64_fortran_,1.53164250078,1.50806945167,0.011462951079,7,20,ok,
c222,layout,fft,complex128,65536,1,reverse,,layout_fft_complex128_65536_1_reverse_,0.895239523656,0.888954620764,0.00456114122201,5,21,ok,
c222,layout,fft,complex128,65536,1,stride2,,layout_fft_complex128_65536_1_stride2_,0.940555348419,0.904722963102,0.00955865163213,5,26,ok,
c222,layout,fft,complex128,65536,1,transpose,,layout_fft_complex128_65536_1_transpose_,0.899701118469,0.897330599837,0.00237051863223,5,25,ok,
c222,layout,fft,complex128,65536,1,fortran,,layout_fft_complex128_65536_1_fortran_,0.897293479216,0.892834186002,0.0025664102631,5,27,ok,
c222,layout,fft,complex128,65536,8,reverse,,layout_fft_complex128_65536_8_reverse_,7.57623050595,7.52651048242,0.0334817450494,5,4,ok,
c222,layout,fft,complex128,65536,8,stride2,,layout_fft_complex128_65536_8_stride2_,7.62108122581,7.61317374418,0.00617452315055,5,4,ok,
c222,layout,fft,complex128,65536,8,transpose,,layout_fft_complex128_65536_8_transpose_,7.72004050668,7.61817322928,0.0598092447035,5,4,ok,
c222,layout,fft,complex128,65536,8,fortran,,layout_fft_complex128_65536_8_fortran_,8.02144175395,7.87336600479,0.0912845134735,5,4,ok,
c222,layout,fft,complex128,65536,64,reverse,,layout_fft_complex128_65536_64_reverse_,64.3578208983,64.1699109692,0.187909929082,5,1,ok,
c222,layout,fft,complex128,65536,64,stride2,,layout_fft_complex128_65536_64_stride2_,68.1374659762,67.9729708936,0.164495082572,5,1,ok,
c222,layout,fft,complex128,65536,64,transpose,,layout_fft_complex128_65536_64_transpose_,87.7224160358,86.7648749845,0.470097991638,5,1,ok,
c222,layout,fft,complex128,65536,64,fortran,,layout_fft_complex128_65536_64_fortran_,88.5190790286,88.0343520548,0.437887967564,5,1,ok,
c222,staged,fft,complex128,1024,1,contiguous,pad,staged_fft_complex128_1024_1_contiguous_pad,0.010564014768,0.0105266268643,1.60931355076e-05,7,1021,ok,
c222,staged,fft,complex128,1024,1,contiguous,truncate,staged_fft_complex128_1024_1_contiguous_truncate,0.0119240532358,0.0118377889188,3.9931244261e-05,7,1033,ok,
c222,staged,fft,complex128,1024,8,contiguous,pad,staged_fft_complex128_1024_8_contiguous_pad,0.0537473004078,0.0535442552064,0.000167225371115,7,200,ok,
c222,staged,fft,complex128,1024,8,contiguous,truncate,staged_fft_complex128_1024_8_contiguous_truncate,0.0391354149906,0.0390740949661,4.69898805022e-05,7,200,ok,
c222,staged,fft,complex128,1024,64,contiguous,pad,staged_fft_complex128_1024_64_contiguous_pad,0.401599982363,0.400542628936,0.00104103274944,7,62,ok,
c222,staged,fft,complex128,1024,64,contiguous,truncate,staged_fft_complex128_1024_64_contiguous_truncate,0.265618112859,0.264374930835,0.000619034505111,7,88,ok,
c222,staged,fft,complex128,1024,256,contiguous,pad,staged_fft_complex128_1024_256_contiguous_pad,1.62852720241,1.59686264815,0.0302207539789,7,20,ok,
c222,staged,fft,complex128,1024,256,contiguous,truncate,staged_fft_complex128_1024_256_contiguous_truncate,0.9937812516,0.986237352481,0.00267255236395,7,20,ok,
c222,staged,fft,complex128,4096,1,contiguous,pad,staged_fft_complex128_4096_1_contiguous_pad,0.034521286533,0.0342897185937,0.000178117526557,7,391,ok,
c222,staged,fft,complex128,4096,1,contiguous,truncate,staged_fft_complex128_4096_1_contiguous_truncate,0.0365698827388,0.0361883918027,0.000167164996589,7,393,ok,
c222,staged,fft,complex128,4096,8,contiguous,pad,staged_fft_complex128_4096_8_contiguous_pad,0.231625173677,0.227277972436,0.00169939455499,7,109,ok,
c222,staged,fft,complex128,4096,8,contiguous,truncate,staged_fft_complex128_4096_8_contiguous_truncate,0.164753368345,0.164259736745,0.00044604530558,7,152,ok,
c222,staged,fft,complex128,4096,64,contiguous,pad,staged_fft_complex128_4096_64_contiguous_pad,1.79074050134,1.78290999934,0.00783050199971,7,18,ok,
c222,staged,fft,complex128,4096,64,contiguous,truncate,staged_fft_complex128_4096_64_contiguous_truncate,1.19271654985,1.18540810072,0.00716065405868,7,20,ok,
c222,staged,fft,complex128,4096,256,contiguous,pad,staged_fft_complex128_4096_256_contiguous_pad,7.58559376118,7.23009899957,0.0871067459229,7,4,ok,
c222,staged,fft,complex128,4096,256,contiguous,truncate,staged_fft_complex128_4096_256_contiguous_truncate,4.94492014072,4.92022156582,0.0166575856773,7,7,ok,
c222,staged,fft,complex128,4097,1,contiguous,pad,staged_fft_complex128_4097_1_contiguous_pad,0.118249954539,0.117729909834,0.000477664871141,5,200,ok,
c222,staged,fft,complex128,4097,1,contiguous,truncate,staged_fft_complex128_4097_1_contiguous_truncate,0.114805969642,0.114638800151,0.00016716949176,5,200,ok,
c222,staged,fft,complex128,4097,8,contiguous,pad,staged_fft_complex128_4097_8_contiguous_pad,0.930632921294,0.924302730709,0.00352715589822,5,26,ok,
c222,staged,fft,complex128,4097,8,contiguous,truncate,staged_fft_complex128_4097_8_contiguous_truncate,0.725323646029,0.719412064721,0.00208983903811,5,31,ok,
c222,staged,fft,complex128,4097,64,contiguous,pad,staged_fft_complex128_4097_64_contiguous_pad,7.10185649223,7.07013325882,0.0317232334055,5,4,ok,
c222,staged,fft,complex128,4097,64,contiguous,truncate,staged_fft_complex128_4097_64_contiguous_truncate,5.67669182783,5.49501132142,0.0206611584872,5,6,ok,
c222,staged,fft,complex128,4097,256,contiguous,pad,staged_fft_complex128_4097_256_contiguous_pad,28.9454839658,28.8093739655,0.0908930087462,5,1,ok,
c222,staged,fft,complex128,4097,256,contiguous,truncate,staged_fft_complex128_4097_256_contiguous_truncate,22.4311909406,21.9930029707,0.189562095329,5,1,ok,
c222,staged,fft,complex128,8192,1,contiguous,pad,staged_fft_complex128_8192_1_contiguous_pad,0.0682682049228,0.0681158149382,0.000152389984578,5,200,ok,
c222,staged,fft,complex128,8192,1,contiguous,truncate,staged_fft_complex128_8192_1_contiguous_truncate,0.0725419749506,0.0724733952666,3.79199627787e-05,5,200,ok,
c222,staged,fft,complex128,8192,8,contiguous,pad,staged_fft_complex128_8192_8_contiguous_pad,0.4982261239,0.497183714974,0.00094243192247,5,49,ok,
c222,staged,fft,complex128,8192,8,contiguous,truncate,staged_fft_complex128_8192_8_contiguous_truncate,0.398984764615,0.388611641029,0.00616442412138,5,64,ok,
c222,staged,fft,complex128,8192,64,contiguous,pad,staged_fft_complex128_8192_64_contiguous_pad,4.10454149824,4.09346150991,0.0110799883259,5,8,ok,
c222,staged,fft,complex128,8192,64,contiguous,truncate,staged_fft_complex128_8192_64_contiguous_truncate,2.97599510523,2.95537370257,0.00860438449308,5,10,ok,
c222,staged,fft,complex128,8192,256,contiguous,pad,staged_fft_complex128_8192_256_contiguous_pad,18.3793350589,18.237033044,0.142302014865,5,1,ok,
c222,staged,fft,complex128,8192,256,contiguous,truncate,staged_fft_complex128_8192_256_contiguous_truncate,13.8266269933,13.6622425052,0.0739514944144,5,2,ok,
c222,layout,ifft,complex64,1024,1,reverse,,layout_ifft_complex64_1024_1_reverse_,0.0136874867285,0.0136664509635,8.60696127887e-06,7,674,ok,
c222,layout,ifft,complex64,1024,1,stride2,,layout_ifft_complex64_1024_1_stride2_,0.0137306568309,0.0136980652176,8.21277863234e-06,7,921,ok,
c222,layout,ifft,complex64,1024,1,transpose,,layout_ifft_complex64_1024_1_transpose_,0.0138651969975,0.0137526270953,8.98306216016e-05,7,909,ok,
c222,layout,ifft,complex64,1024,1,fortran,,layout_ifft_complex64_1024_1_fortran_,0.0138847828947,0.0136303110702,0.000206366147178,7,926,ok,
c222,layout,ifft,complex64,1024,8,reverse,,layout_ifft_complex64_1024_8_reverse_,0.0427356001455,0.0426096050069,0.00012599513866,7,200,ok,
c222,layout,ifft,complex64,1024,8,stride2,,layout_ifft_complex64_1024_8_stride2_,0.0454810401425,0.0441669352585,0.00131410488393,7,200,ok,
c222,layout,ifft,complex64,1024,8,transpose,,layout_ifft_complex64_1024_8_transpose_,0.0457977002952,0.0435629248386,0.00147467013448,7,200,ok,
c222,layout,ifft,complex64,1024,8,fortran,,layout_ifft_complex64_1024_8_fortran_,0.0432818901027,0.0431370601291,0.000114620197564,7,200,ok,
c222,layout,ifft,complex64,1024,64,reverse,,layout_ifft_complex64_1024_64_reverse_,0.274511812777,0.273495362458,0.00101645031923,7,91,ok,
c222,layout,ifft,complex64,1024,64,stride2,,layout_ifft_complex64_1024_64_stride2_,0.274565233308,0.27421408138,0.000124998921312,7,86,ok,
c222,layout,ifft,complex64,1024,64,transpose,,layout_ifft_complex64_1024_64_transpose_,0.283849631682,0.281559402423,0.00229022925955,7,87,ok,
c222,layout,ifft,complex64,1024,64,fortran,,layout_ifft_complex64_1024_64_fortran_,0.282265822513,0.281582046848,0.00058533897733,7,85,ok,
c222,layout,ifft,complex64,4096,1,reverse,,layout_ifft_complex64_4096_1_reverse_,0.038650268625,0.0385120054962,9.37947084847e-05,7,365,ok,
c222,layout,ifft,complex64,4096,1,stride2,,layout_ifft_complex64_4096_1_stride2_,0.0389444769226,0.0386730351972,0.000112815596022,7,369,ok,
c222,layout,ifft,complex64,4096,1,transpose,,layout_ifft_complex64_4096_1_transpose_,0.0387476805274,0.0386720522597,7.56282677499e-05,7,363,ok,
c222,layout,ifft,complex64,4096,1,fortran,,layout_ifft_complex64_4096_1_fortran_,0.0387471554371,0.0384473054602,0.00016221460754,7,373,ok,
c222,layout,ifft,complex64,4096,8,reverse,,layout_ifft_complex64_4096_8_reverse_,0.164110368228,0.163858638476,0.000227611867319,7,152,ok,
c222,layout,ifft,complex64,4096,8,stride2,,layout_ifft_complex64_4096_8_stride2_,0.164006112008,0.163838702149,0.000167409858562,7,151,ok,
c222,layout,ifft,complex64,4096,8,transpose,,layout_ifft_complex64_4096_8_transpose_,0.164744389971,0.164587650295,0.000156739675631,7,146,ok,
c222,layout,ifft,complex64,4096,8,fortran,,layout_ifft_complex64_4096_8_fortran_,0.164454580129,0.164148060139,5.53733358781e-05,7,150,ok,
c222,layout,ifft,complex64,4096,64,reverse,,layout_ifft_complex64_4096_64_reverse_,1.17091189604,1.1680679454,0.0012899923604,7,20,ok,
c222,layout,ifft,complex64,4096,64,stride2,,layout_ifft_complex64_4096_64_stride2_,1.16742320242,1.16487185005,0.00211549922824,7,20,ok,
c222,layout,ifft,complex64,4096,64,transpose,,layout_ifft_complex64_4096_64_transpose_,1.21807350079,1.20420600288,0.00689315493219,7,20,ok,
c222,layout,ifft,complex64,4096,64,fortran,,layout_ifft_complex64_4096_64_fortran_,1.2142832973,1.20951614808,0.00476714922115,7,20,ok,
c222,layout,ifft,complex64,65536,1,reverse,,layout_ifft_complex64_65536_1_reverse_,0.480201510786,0.47788394195,0.00161643130887,5,51,ok,
c222,layout,ifft,complex64,65536,1,stride2,,layout_ifft_complex64_65536_1_stride2_,0.48639295924,0.484893214889,0.0014997443513,5,51,ok,
c222,layout,ifft,complex64,65536,1,transpose,,layout_ifft_complex64_65536_1_transpose_,0.484140411786,0.483120020077,0.00102039170908,5,51,ok,
c222,layout,ifft,complex64,65536,1,fortran,,layout_ifft_complex64_65536_1_fortran_,0.486784731038,0.485573689123,0.000596538787552,5,48,ok,
c222,layout,ifft,complex64,65536,8,reverse,,layout_ifft_complex64_65536_8_reverse_,3.59397377664,3.58072732989,0.0132464467444,5,9,ok,
c222,layout,ifft,complex64,65536,8,stride2,,layout_ifft_complex64_65536_8_stride2_,3.63341810751,3.59834878085,0.0350693266632,5,9,ok,
c222,layout,ifft,complex64,65536,8,transpose,,layout_ifft_complex64_65536_8_transpose_,3.56288665595,3.53574910615,0.0164180140321,5,9,ok,
c222,layout,ifft,complex64,65536,8,fortran,,layout_ifft_complex64_65536_8_fortran_,3.57111344217,3.55614699785,0.00734400883731,5,9,ok,
c222,layout,ifft,complex64,65536,64,reverse,,layout_ifft_complex64_65536_64_reverse_,31.3077300088,31.0422329931,0.0911940587685,5,1,ok,
c222,layout,ifft,complex64,65536,64,stride2,,layout_ifft_complex64_65536_64_stride2_,32.3808710091,32.3011189466,0.0322720734403,5,1,ok,
c222,layout,ifft,complex64,65536,64,transpose,,layout_ifft_complex64_65536_64_transpose_,48.2435059967,47.5871609524,0.575159909204,5,1,ok,
c222,layout,ifft,complex64,65536,64,fortran,,layout_ifft_complex64_65536_64_fortran_,47.1956019755,46.4862959925,0.391228124499,5,1,ok,
c222,staged,ifft,complex64,1024,1,contiguous,pad,staged_ifft_complex64_1024_1_contiguous_pad,0.0119647259631,0.0119193943665,4.53315965856e-05,7,923,ok,
c222,staged,ifft,complex64,1024,1,contiguous,truncate,staged_ifft_complex64_1024_1_contiguous_truncate,0.0136897784118,0.0136115737736,7.820463824e-05,7,704,ok,
c222,staged,ifft,complex64,1024,8,contiguous,pad,staged_ifft_complex64_1024_8_contiguous_pad,0.0600162352202,0.05984384974,2.65496782959e-05,7,200,ok,
c222,staged,ifft,complex64,1024,8,contiguous,truncate,staged_ifft_complex64_1024_8_contiguous_truncate,0.0438313896302,0.043693180196,2.06904951483e-05,7,200,ok,
c222,staged,ifft,complex64,1024,64,contiguous,pad,staged_ifft_complex64_1024_64_contiguous_pad,0.444748538063,0.442976444632,0.000691703193028,7,54,ok,
c222,staged,ifft,complex64,1024,64,contiguous,truncate,staged_ifft_complex64_1024_64_contiguous_truncate,0.274588659682,0.274155845426,0.000432814256503,7,91,ok,
c222,staged,ifft,complex64,1024,256,contiguous,pad,staged_ifft_complex64_1024_256_contiguous_pad,1.76057936991,1.7568121027,0.00190579234377,7,19,ok,
c222,staged,ifft,complex64,1024,256,contiguous,truncate,staged_ifft_complex64_1024_256_contiguous_truncate,1.06369394925,1.06077234959,0.00121690100059,7,20,ok,
c222,staged,ifft,complex64,4096,1,contiguous,pad,staged_ifft_complex64_4096_1_contiguous_pad,0.0340710342975,0.033829060792,5.78410946196e-05,7,410,ok,
c222,staged,ifft,complex64,4096,1,contiguous,truncate,staged_ifft_complex64_4096_1_contiguous_truncate,0.0389838722818,0.0387318150783,0.00022431271171,7,368,ok,
c222,staged,ifft,complex64,4096,8,contiguous,pad,staged_ifft_complex64_4096_8_contiguous_pad,0.224245080791,0.223879054239,0.000155873823206,7,111,ok,
c222,staged,ifft,complex64,4096,8,contiguous,truncate,staged_ifft_complex64_4096_8_contiguous_truncate,0.164682503531,0.164329906963,0.000212191209345,7,151,ok,
c222,staged,ifft,complex64,4096,64,contiguous,pad,staged_ifft_complex64_4096_64_contiguous_pad,1.76115089562,1.75727563175,0.000477155768558,7,19,ok,
c222,staged,ifft,complex64,4096,64,contiguous,truncate,staged_ifft_complex64_4096_64_contiguous_truncate,1.17156415363,1.16830690531,0.00233394675888,7,20,ok,
c222,staged,ifft,complex64,4096,256,contiguous,pad,staged_ifft_complex64_4096_256_contiguous_pad,6.98339476367,6.93694851361,0.0464462500531,7,4,ok,
c222,staged,ifft,complex64,4096,256,contiguous,truncate,staged_ifft_complex64_4096_256_contiguous_truncate,4.63684684863,4.62300200681,0.0105515521552,7,7,ok,
c222,staged,ifft,complex64,4097,1,contiguous,pad,staged_ifft_complex64_4097_1_contiguous_pad,0.149198593863,0.148382280895,0.000517118314747,5,160,ok,
c222,staged,ifft,complex64,4097,1,contiguous,truncate,staged_ifft_complex64_4097_1_contiguous_truncate,0.150287124334,0.147999846376,0.000571449750142,5,169,ok,
c222,staged,ifft,complex64,4097,8,contiguous,pad,staged_ifft_complex64_4097_8_contiguous_pad,1.13429728016,1.12948694732,0.00289055363586,5,18,ok,
c222,staged,ifft,complex64,4097,8,contiguous,truncate,staged_ifft_complex64_4097_8_contiguous_truncate,0.43421610387,0.433367414095,0.000848689774886,5,58,ok,
c222,staged,ifft,complex64,4097,64,contiguous,pad,staged_ifft_complex64_4097_64_contiguous_pad,9.11401968915,9.0609016673,0.0472436270987,5,3,ok,
c222,staged,ifft,complex64,4097,64,contiguous,truncate,staged_ifft_complex64_4097_64_contiguous_truncate,3.3460721089,3.33220666895,0.0138654399456,5,9,ok,
c222,staged,ifft,complex64,4097,256,contiguous,pad,staged_ifft_complex64_4097_256_contiguous_pad,36.3827610854,36.2891129917,0.0921350438148,5,1,ok,
c222,staged,ifft,complex64,4097,256,contiguous,truncate,staged_ifft_complex64_4097_256_contiguous_truncate,13.3166619926,13.2118770271,0.104784965515,5,2,ok,
c222,staged,ifft,complex64,8192,1,contiguous,pad,staged_ifft_complex64_8192_1_contiguous_pad,0.066770639969,0.0654051848687,0.00080143508967,5,200,ok,
c222,staged,ifft,complex64,8192,1,contiguous,truncate,staged_ifft_complex64_8192_1_contiguous_truncate,0.0754086044617,0.0746554648504,0.000753139611334,5,200,ok,
c222,staged,ifft,complex64,8192,8,contiguous,pad,staged_ifft_complex64_8192_8_contiguous_pad,0.470056651545,0.458777239344,0.00945723909156,5,46,ok,
c222,staged,ifft,complex64,8192,8,contiguous,truncate,staged_ifft_complex64_8192_8_contiguous_truncate,0.37210989757,0.361093912152,0.00426582688385,5,69,ok,
c222,staged,ifft,complex64,8192,64,contiguous,pad,staged_ifft_complex64_8192_64_contiguous_pad,3.74098255351,3.7217235529,0.019259000611,5,9,ok,
c222,staged,ifft,complex64,8192,64,contiguous,truncate,staged_ifft_complex64_8192_64_contiguous_truncate,2.7059353306,2.70346058339,0.00247474721012,5,12,ok,
c222,staged,ifft,complex64,8192,256,contiguous,pad,staged_ifft_complex64_8192_256_contiguous_pad,14.9305720115,14.5189500181,0.163096527103,5,2,ok,
c222,staged,ifft,complex64,8192,256,contiguous,truncate,staged_ifft_complex64_8192_256_contiguous_truncate,10.8207319863,10.6399833458,0.0488166309272,5,3,ok,
c222,layout,ifft,complex128,1024,1,reverse,,layout_ifft_complex128_1024_1_reverse_,0.0131678358872,0.0131064459768,2.93305704058e-05,7,841,ok,
c222,layout,ifft,complex128,1024,1,stride2,,layout_ifft_complex128_1024_1_stride2_,0.0133283405254,0.013093132263,0.000142076960168,7,975,ok,
c222,layout,ifft,complex128,1024,1,transpose,,layout_ifft_complex128_1024_1_transpose_,0.0132293217942,0.0131859531977,4.24532194877e-05,7,898,ok,
c222,layout,ifft,complex128,1024,1,fortran,,layout_ifft_complex128_1024_1_fortran_,0.0131343472465,0.0130809756081,1.43014745513e-05,7,985,ok,
c222,layout,ifft,complex128,1024,8,reverse,,layout_ifft_complex128_1024_8_reverse_,0.0420233845944,0.0419545051409,4.30346699432e-05,7,200,ok,
c222,layout,ifft,complex128,1024,8,stride2,,layout_ifft_complex128_1024_8_stride2_,0.0432793848449,0.0430864654481,0.000167269608937,7,200,ok,
c222,layout,ifft,complex128,1024,8,transpose,,layout_ifft_complex128_1024_8_transpose_,0.0459409249015,0.0458041101228,7.37950904295e-05,7,200,ok,
c222,layout,ifft,complex128,1024,8,fortran,,layout_ifft_complex128_1024_8_fortran_,0.0461172102951,0.0458239001455,0.000112215057015,7,200,ok,
c222,layout,ifft,complex128,1024,64,reverse,,layout_ifft_complex128_1024_64_reverse_,0.267635143086,0.267073185859,0.000561957227087,7,91,ok,
c222,layout,ifft,complex128,1024,64,stride2,,layout_ifft_complex128_1024_64_stride2_,0.272420121121,0.271270340718,0.00114438436148,7,91,ok,
c222,layout,ifft,complex128,1024,64,transpose,,layout_ifft_complex128_1024_64_transpose_,0.360048879911,0.346004120213,0.00632162650686,7,67,ok,
c222,layout,ifft,complex128,1024,64,fortran,,layout_ifft_complex128_1024_64_fortran_,0.344661928281,0.334232564732,0.0097975809721,7,69,ok,
c222,layout,ifft,complex128,4096,1,reverse,,layout_ifft_complex128_4096_1_reverse_,0.0390909301955,0.038953377038,4.29858698109e-05,7,358,ok,
c222,layout,ifft,complex128,4096,1,stride2,,layout_ifft_complex128_4096_1_stride2_,0.0395988206153,0.0394837678673,0.000109630109464,7,362,ok,
c222,layout,ifft,complex128,4096,1,transpose,,layout_ifft_complex128_4096_1_transpose_,0.0396472744767,0.0393258927103,9.23218277211e-05,7,364,ok,
c222,layout,ifft,complex128,4096,1,fortran,,layout_ifft_complex128_4096_1_fortran_,0.0390732804677,0.0389913369429,6.25579003192e-05,7,353,ok,
c222,layout,ifft,complex128,4096,8,reverse,,layout_ifft_complex128_4096_8_reverse_,0.175385000545,0.174937309848,0.000380592020622,7,142,ok,
c222,layout,ifft,complex128,4096,8,stride2,,layout_ifft_complex128_4096_8_stride2_,0.177656382541,0.177320146844,0.000139676130322,7,136,ok,
c222,layout,ifft,complex128,4096,8,transpose,,layout_ifft_complex128_4096_8_transpose_,0.195354310563,0.194820017425,0.000534293137427,7,116,ok,
c222,layout,ifft,complex128,4096,8,fortran,,layout_ifft_complex128_4096_8_fortran_,0.198029057692,0.197305859736,0.000212644611693,7,121,ok,
c222,layout,ifft,complex128,4096,64,reverse,,layout_ifft_complex128_4096_64_reverse_,1.25731055159,1.25018290128,0.00577104510739,7,20,ok,
c222,layout,ifft,complex128,4096,64,stride2,,layout_ifft_complex128_4096_64_stride2_,1.30038684583,1.28715410247,0.00292415497825,7,20,ok,
c222,layout,ifft,complex128,4096,64,transpose,,layout_ifft_complex128_4096_64_transpose_,1.64239975275,1.61234824918,0.0159484508913,7,20,ok,
c222,layout,ifft,complex128,4096,64,fortran,,layout_ifft_complex128_4096_64_fortran_,1.61329504917,1.56505684718,0.0307883543428,7,20,ok,
c222,layout,ifft,complex128,65536,1,reverse,,layout_ifft_complex128_65536_1_reverse_,0.938558422674,0.93222592617,0.00448477042552,5,26,ok,
c222,layout,ifft,complex128,65536,1,stride2,,layout_ifft_complex128_65536_1_stride2_,0.948868114322,0.942199267089,0.00428968968873,5,26,ok,
c222,layout,ifft,complex128,65536,1,transpose,,layout_ifft_complex128_65536_1_transpose_,0.920421846856,0.917080462946,0.00334138390966,5,26,ok,
c222,layout,ifft,complex128,65536,1,fortran,,layout_ifft_complex128_65536_1_fortran_,0.915665421277,0.914017692244,0.00140688364179,5,26,ok,
c222,layout,ifft,complex128,65536,8,reverse,,layout_ifft_complex128_65536_8_reverse_,7.81443101005,7.73929251591,0.0470775121357,5,4,ok,
c222,layout,ifft,complex128,65536,8,stride2,,layout_ifft_complex128_65536_8_stride2_,8.17897549132,8.02548698266,0.0972357520368,5,4,ok,
c222,layout,ifft,complex128,65536,8,transpose,,layout_ifft_complex128_65536_8_transpose_,8.03701675613,7.9391595209,0.0387137406506,5,4,ok,
c222,layout,ifft,complex128,65536,8,fortran,,layout_ifft_complex128_65536_8_fortran_,8.06966397795,7.9103995231,0.124608224723,5,4,ok,
c222,layout,ifft,complex128,65536,64,reverse,,layout_ifft_complex128_65536_64_reverse_,66.9560070382,65.2426820016,1.20582489762,5,1,ok,
c222,layout,ifft,complex128,65536,64,stride2,,layout_ifft_complex128_65536_64_stride2_,68.2282689959,67.8892319556,0.205243006349,5,1,ok,
c222,layout,ifft,complex128,65536,64,transpose,,layout_ifft_complex128_65536_64_transpose_,88.7619830901,88.1603820017,0.185014097951,5,1,ok,
c222,layout,ifft,complex128,65536,64,fortran,,layout_ifft_complex128_65536_64_fortran_,89.0083140694,87.9647090333,0.279934960417,5,1,ok,
c222,staged,ifft,complex128,1024,1,contiguous,pad,staged_ifft_complex128_1024_1_contiguous_pad,0.0119649491885,0.0119487223905,9.62292203684e-06,7,886,ok,
c222,staged,ifft,complex128,1024,1,contiguous,truncate,staged_ifft_complex128_1024_1_contiguous_truncate,0.013319465814,0.0132704137009,1.74697897605e-05,7,979,ok,
c222,staged,ifft,complex128,1024,8,contiguous,pad,staged_ifft_complex128_1024_8_contiguous_pad,0.0581545697059,0.0575699051842,0.000326225417666,7,200,ok,
c222,staged,ifft,complex128,1024,8,contiguous,truncate,staged_ifft_complex128_1024_8_contiguous_truncate,0.0422508199699,0.0421396549791,0.000101494952105,7,200,ok,
c222,staged,ifft,complex128,1024,64,contiguous,pad,staged_ifft_complex128_1024_64_contiguous_pad,0.418447863295,0.416525741959,0.000863550792866,7,58,ok,
c222,staged,ifft,complex128,1024,64,contiguous,truncate,staged_ifft_complex128_1024_64_contiguous_truncate,0.275678554964,0.275011510692,0.000239011003739,7,90,ok,
c222,staged,ifft,complex128,1024,256,contiguous,pad,staged_ifft_complex128_1024_256_contiguous_pad,1.64838415221,1.64376030443,0.00229339930229,7,20,ok,
c222,staged,ifft,complex128,1024,256,contiguous,truncate,staged_ifft_complex128_1024_256_contiguous_truncate,1.03229939705,1.02848110255,0.00260299420916,7,20,ok,
c222,staged,ifft,complex128,4096,1,contiguous,pad,staged_ifft_complex128_4096_1_contiguous_pad,0.0358815700023,0.0357372566232,9.02797804827e-05,7,386,ok,
c222,staged,ifft,complex128,4096,1,contiguous,truncate,staged_ifft_complex128_4096_1_contiguous_truncate,0.0387868436676,0.0386688302238,9.90026020457e-05,7,371,ok,
c222,staged,ifft,complex128,4096,8,contiguous,pad,staged_ifft_complex128_4096_8_contiguous_pad,0.231401403793,0.230757192744,0.000322922670211,7,104,ok,
c222,staged,ifft,complex128,4096,8,contiguous,truncate,staged_ifft_complex128_4096_8_contiguous_truncate,0.172717438964,0.172483691235,0.000164338233445,7,139,ok,
c222,staged,ifft,complex128,4096,64,contiguous,pad,staged_ifft_complex128_4096_64_contiguous_pad,1.79825347579,1.79602336874,0.00223010704902,7,19,ok,
c222,staged,ifft,complex128,4096,64,contiguous,truncate,staged_ifft_complex128_4096_64_contiguous_truncate,1.24475554912,1.23964425293,0.00105650397018,7,20,ok,
c222,staged,ifft,complex128,4096,256,contiguous,pad,staged_ifft_complex128_4096_256_contiguous_pad,7.54675950157,7.33643473359,0.0530815159436,7,4,ok,
c222,staged,ifft,complex128,4096,256,contiguous,truncate,staged_ifft_complex128_4096_256_contiguous_truncate,5.17513482676,5.15207399925,0.0137680132563,7,6,ok,
c222,staged,ifft,complex128,4097,1,contiguous,pad,staged_ifft_complex128_4097_1_contiguous_pad,0.118809019914,0.118600024725,0.000168425031006,5,200,ok,
c222,staged,ifft,complex128,4097,1,contiguous,truncate,staged_ifft_complex128_4097_1_contiguous_truncate,0.116364849964,0.116339149536,5.86034730077e-06,5,200,ok,
c222,staged,ifft,complex128,4097,8,contiguous,pad,staged_ifft_complex128_4097_8_contiguous_pad,0.894286221376,0.893726298172,0.000559923204559,5,27,ok,
c222,staged,ifft,complex128,4097,8,contiguous,truncate,staged_ifft_complex128_4097_8_contiguous_truncate,0.707269118934,0.70698358639,6.48262143573e-05,5,34,ok,
c222,staged,ifft,complex128,4097,64,contiguous,pad,staged_ifft_complex128_4097_64_contiguous_pad,7.12019650382,7.06142900162,0.0255887280218,5,4,ok,
c222,staged,ifft,complex128,4097,64,contiguous,truncate,staged_ifft_complex128_4097_64_contiguous_truncate,5.56412500252,5.5613546671,0.000681165450564,5,6,ok,
c222,staged,ifft,complex128,4097,256,contiguous,pad,staged_ifft_complex128_4097_256_contiguous_pad,29.473552946,29.1673380416,0.212034909055,5,1,ok,
c222,staged,ifft,complex128,4097,256,contiguous,truncate,staged_ifft_complex128_4097_256_contiguous_truncate,22.3612780683,22.3108209902,0.00829494092613,5,1,ok,
c222,staged,ifft,complex128,8192,1,contiguous,pad,staged_ifft_complex128_8192_1_contiguous_pad,0.0709611049388,0.0705242698314,0.000358134857379,5,200,ok,
c222,staged,ifft,complex128,8192,1,contiguous,truncate,staged_ifft_complex128_8192_1_contiguous_truncate,0.0750417000381,0.074738470139,0.000170469866134,5,200,ok,
c222,staged,ifft,complex128,8192,8,contiguous,pad,staged_ifft_complex128_8192_8_contiguous_pad,0.503996602977,0.503015541957,0.000521623102638,5,48,ok,
c222,staged,ifft,complex128,8192,8,contiguous,truncate,staged_ifft_complex128_8192_8_contiguous_truncate,0.400189387297,0.398921953034,0.000589031485781,5,62,ok,
c222,staged,ifft,complex128,8192,64,contiguous,pad,staged_ifft_complex128_8192_64_contiguous_pad,3.97610850632,3.93731049553,0.0387980107917,5,8,ok,
c222,staged,ifft,complex128,8192,64,contiguous,truncate,staged_ifft_complex128_8192_64_contiguous_truncate,2.97697282142,2.95405264478,0.0229201766408,5,11,ok,
c222,staged,ifft,complex128,8192,256,contiguous,pad,staged_ifft_complex128_8192_256_contiguous_pad,18.4671420138,18.3183590416,0.0982660567388,5,1,ok,
c222,staged,ifft,complex128,8192,256,contiguous,truncate,staged_ifft_complex128_8192_256_contiguous_truncate,14.0714950394,13.944241975,0.0573950237595,5,2,ok,
c222,layout,rfft,float32,1024,1,reverse,,layout_rfft_float32_1024_1_reverse_,0.00870938945029,0.00867381908749,1.10063603315e-05,7,945,ok,
c222,layout,rfft,float32,1024,1,stride2,,layout_rfft_float32_1024_1_stride2_,0.00889407637012,0.00883128556551,2.68501450074e-05,7,1415,ok,
c222,layout,rfft,float32,1024,1,transpose,,layout_rfft_float32_1024_1_transpose_,0.00883597401412,0.00873752901707,1.75948230555e-05,7,1308,ok,
c222,layout,rfft,float32,1024,1,fortran,,layout_rfft_float32_1024_1_fortran_,0.00859867867379,0.0085633756249,3.1279787878e-05,7,1419,ok,
c222,layout,rfft,float32,1024,8,reverse,,layout_rfft_float32_1024_8_reverse_,0.0206316902768,0.0204219348961,0.000133205321617,7,200,ok,
c222,layout,rfft,float32,1024,8,stride2,,layout_rfft_float32_1024_8_stride2_,0.0206639047246,0.0205256853951,0.000128644751385,7,200,ok,
c222,layout,rfft,float32,1024,8,transpose,,layout_rfft_float32_1024_8_transpose_,0.0214618298924,0.0212934054434,0.000153295113705,7,200,ok,
c222,layout,rfft,float32,1024,8,fortran,,layout_rfft_float32_1024_8_fortran_,0.0212640000973,0.0211434200173,0.000111159752123,7,200,ok,
c222,layout,rfft,float32,1024,64,reverse,,layout_rfft_float32_1024_64_reverse_,0.115810745046,0.115512469783,0.000196470064111,7,200,ok,
c222,layout,rfft,float32,1024,64,stride2,,layout_rfft_float32_1024_64_stride2_,0.114324149908,0.113914815011,0.000409334897995,7,200,ok,
c222,layout,rfft,float32,1024,64,transpose,,layout_rfft_float32_1024_64_transpose_,0.1562436243,0.155286920888,0.000803183770346,7,152,ok,
c222,layout,rfft,float32,1024,64,fortran,,layout_rfft_float32_1024_64_fortran_,0.150675400896,0.150104251294,0.000571149602131,7,167,ok,
c222,layout,rfft,float32,4096,1,reverse,,layout_rfft_float32_4096_1_reverse_,0.0218072675205,0.021672556192,0.000134711328523,7,613,ok,
c222,layout,rfft,float32,4096,1,stride2,,layout_rfft_float32_4096_1_stride2_,0.0221517041955,0.0220191188037,8.12972462933e-05,7,639,ok,
c222,layout,rfft,float32,4096,1,transpose,,layout_rfft_float32_4096_1_transpose_,0.0217295324247,0.0215496950287,8.99682618901e-05,7,633,ok,
c222,layout,rfft,float32,4096,1,fortran,,layout_rfft_float32_4096_1_fortran_,0.0215760994526,0.0214691740616,0.00010692539102,7,643,ok,
c222,layout,rfft,float32,4096,8,reverse,,layout_rfft_float32_4096_8_reverse_,0.0793791445903,0.0790937495185,0.000274874619208,7,200,ok,
c222,layout,rfft,float32,4096,8,stride2,,layout_rfft_float32_4096_8_stride2_,0.08009415993,0.0797139399219,0.000225374824367,7,200,ok,
c222,layout,rfft,float32,4096,8,transpose,,layout_rfft_float32_4096_8_transpose_,0.0864902400644,0.0863172102254,5.91151183471e-05,7,200,ok,
c222,layout,rfft,float32,4096,8,fortran,,layout_rfft_float32_4096_8_fortran_,0.0837164849509,0.0831109803403,0.000605504610576,7,200,ok,
c222,layout,rfft,float32,4096,64,reverse,,layout_rfft_float32_4096_64_reverse_,0.547686999198,0.543468946125,0.00403975136578,7,20,ok,
c222,layout,rfft,float32,4096,64,stride2,,layout_rfft_float32_4096_64_stride2_,0.54695760482,0.544690247625,0.00123940990306,7,20,ok,
c222,layout,rfft,float32,4096,64,transpose,,layout_rfft_float32_4096_64_transpose_,0.76257174951,0.743900099769,0.00643329694867,7,20,ok,
c222,layout,rfft,float32,4096,64,fortran,,layout_rfft_float32_4096_64_fortran_,0.734088796889,0.7194458507,0.00259095104411,7,20,ok,
c222,layout,rfft,float32,65536,1,reverse,,layout_rfft_float32_65536_1_reverse_,0.514823332196,0.513399771686,0.000505560213545,5,48,ok,
c222,layout,rfft,float32,65536,1,stride2,,layout_rfft_float32_65536_1_stride2_,0.514524625032,0.511432896019,0.00136429298436,5,48,ok,
c222,layout,rfft,float32,65536,1,transpose,,layout_rfft_float32_65536_1_transpose_,0.513423792048,0.512738103377,0.00068568867088,5,48,ok,
c222,layout,rfft,float32,65536,1,fortran,,layout_rfft_float32_65536_1_fortran_,0.509174831677,0.507948105223,0.000892539295213,5,48,ok,
c222,layout,rfft,float32,65536,8,reverse,,layout_rfft_float32_65536_8_reverse_,2.21508119721,2.21152439869,0.00301174198588,5,15,ok,
c222,layout,rfft,float32,65536,8,stride2,,layout_rfft_float32_65536_8_stride2_,2.24000946619,2.2320302669,0.00641760416329,5,15,ok,
c222,layout,rfft,float32,65536,8,transpose,,layout_rfft_float32_65536_8_transpose_,2.35605256499,2.34566193207,0.00702986393922,5,14,ok,
c222,layout,rfft,float32,65536,8,fortran,,layout_rfft_float32_65536_8_fortran_,2.34966250303,2.34668321043,0.00297929260081,5,14,ok,
c222,layout,rfft,float32,65536,64,reverse,,layout_rfft_float32_65536_64_reverse_,25.4272680031,25.336213992,0.0910540111363,5,1,ok,
c222,layout,rfft,float32,65536,64,stride2,,layout_rfft_float32_65536_64_stride2_,25.7696929621,25.616660947,0.153032015078,5,1,ok,
c222,layout,rfft,float32,65536,64,transpose,,layout_rfft_float32_65536_64_transpose_,34.248271957,33.8559709489,0.310603063554,5,1,ok,
c222,layout,rfft,float32,65536,64,fortran,,layout_rfft_float32_65536_64_fortran_,33.87264302,33.5565189598,0.227194977924,5,1,ok,
c222,staged,rfft,float32,1024,1,contiguous,pad,staged_rfft_float32_1024_1_contiguous_pad,0.00987562452413,0.00985172150872,2.10186103369e-05,7,959,ok,
c222,staged,rfft,float32,1024,1,contiguous,truncate,staged_rfft_float32_1024_1_contiguous_truncate,0.0089251717516,0.00891190743549,1.32643161159e-05,7,1275,ok,
c222,staged,rfft,float32,1024,8,contiguous,pad,staged_rfft_float32_1024_8_contiguous_pad,0.0448626151774,0.0446036149515,0.00022042542696,7,200,ok,
c222,staged,rfft,float32,1024,8,contiguous,truncate,staged_rfft_float32_1024_8_contiguous_truncate,0.0210851052543,0.020961270202,7.11350003257e-05,7,200,ok,
c222,staged,rfft,float32,1024,64,contiguous,pad,staged_rfft_float32_1024_64_contiguous_pad,0.319701290113,0.318485672132,0.00108668494872,7,76,ok,
c222,staged,rfft,float32,1024,64,contiguous,truncate,staged_rfft_float32_1024_64_contiguous_truncate,0.115873814793,0.114951449796,7.4440613389e-05,7,200,ok,
c222,staged,rfft,float32,1024,256,contiguous,pad,staged_rfft_float32_1024_256_contiguous_pad,1.26903600176,1.26039439929,0.00233150203712,7,20,ok,
c222,staged,rfft,float32,1024,256,contiguous,truncate,staged_rfft_float32_1024_256_contiguous_truncate,0.438037904678,0.433820299804,0.00221924856305,7,20,ok,
c222,staged,rfft,float32,4096,1,contiguous,pad,staged_rfft_float32_4096_1_contiguous_pad,0.0251878908818,0.0250536702677,3.47519138207e-05,7,540,ok,
c222,staged,rfft,float32,4096,1,contiguous,truncate,staged_rfft_float32_4096_1_contiguous_truncate,0.0219922303442,0.0218369337739,2.29448356228e-05,7,634,ok,
c222,staged,rfft,float32,4096,8,contiguous,pad,staged_rfft_float32_4096_8_contiguous_pad,0.156676115589,0.155839142485,0.000732972248628,7,147,ok,
c222,staged,rfft,float32,4096,8,contiguous,truncate,staged_rfft_float32_4096_8_contiguous_truncate,0.0785012700362,0.0782840547618,0.000129750114866,7,200,ok,
c222,staged,rfft,float32,4096,64,contiguous,pad,staged_rfft_float32_4096_64_contiguous_pad,1.2100156513,1.20452964911,0.00330929760821,7,20,ok,
c222,staged,rfft,float32,4096,64,contiguous,truncate,staged_rfft_float32_4096_64_contiguous_truncate,0.55226375116,0.548003602307,0.00245164847001,7,20,ok,
c222,staged,rfft,float32,4096,256,contiguous,pad,staged_rfft_float32_4096_256_contiguous_pad,4.84416600583,4.83058584255,0.0135801632756,7,7,ok,
c222,staged,rfft,float32,4096,256,contiguous,truncate,staged_rfft_float32_4096_256_contiguous_truncate,2.77370241626,2.74161266861,0.0319928318883,7,12,ok,
c222,staged,rfft,float32,4097,1,contiguous,pad,staged_rfft_float32_4097_1_contiguous_pad,0.11587371002,0.11564457498,0.000229135039262,5,200,ok,
c222,staged,rfft,float32,4097,1,contiguous,truncate,staged_rfft_float32_4097_1_contiguous_truncate,0.116169379908,0.115372555447,0.000796824460849,5,200,ok,
c222,staged,rfft,float32,4097,8,contiguous,pad,staged_rfft_float32_4097_8_contiguous_pad,0.884061109641,0.882708895785,0.000994748136561,5,28,ok,
c222,staged,rfft,float32,4097,8,contiguous,truncate,staged_rfft_float32_4097_8_contiguous_truncate,0.672852758922,0.672564649879,0.000288109043361,5,37,ok,
c222,staged,rfft,float32,4097,64,contiguous,pad,staged_rfft_float32_4097_64_contiguous_pad,7.07167375367,7.06017902121,0.00578575418331,5,4,ok,
c222,staged,rfft,float32,4097,64,contiguous,truncate,staged_rfft_float32_4097_64_contiguous_truncate,5.20198931918,5.19517133944,0.00499635158728,5,6,ok,
c222,staged,rfft,float32,4097,256,contiguous,pad,staged_rfft_float32_4097_256_contiguous_pad,28.1877460657,28.0993869528,0.0883591128513,5,1,ok,
c222,staged,rfft,float32,4097,256,contiguous,truncate,staged_rfft_float32_4097_256_contiguous_truncate,21.7327059945,21.3383620139,0.119196949527,5,1,ok,
c222,staged,rfft,float32,8192,1,contiguous,pad,staged_rfft_float32_8192_1_contiguous_pad,0.0458763499046,0.0456182548078,0.000194720341824,5,200,ok,
c222,staged,rfft,float32,8192,1,contiguous,truncate,staged_rfft_float32_8192_1_contiguous_truncate,0.0407317647478,0.0405846798094,0.00010579940863,5,200,ok,
c222,staged,rfft,float32,8192,8,contiguous,pad,staged_rfft_float32_8192_8_contiguous_pad,0.316496079138,0.315542289938,0.000407499579811,5,76,ok,
c222,staged,rfft,float32,8192,8,contiguous,truncate,staged_rfft_float32_8192_8_contiguous_truncate,0.160937145672,0.160630503465,0.00017786136808,5,137,ok,
c222,staged,rfft,float32,8192,64,contiguous,pad,staged_rfft_float32_8192_64_contiguous_pad,2.46301230688,2.45550715436,0.00703730620444,5,13,ok,
c222,staged,rfft,float32,8192,64,contiguous,truncate,staged_rfft_float32_8192_64_contiguous_truncate,1.19762945105,1.18523825076,0.0123912002891,5,20,ok,
c222,staged,rfft,float32,8192,256,contiguous,pad,staged_rfft_float32_8192_256_contiguous_pad,10.7775796593,10.7485473078,0.0290323514491,5,3,ok,
c222,staged,rfft,float32,8192,256,contiguous,truncate,staged_rfft_float32_8192_256_contiguous_truncate,8.44976965648,8.39854866111,0.051220995374,5,3,ok,
c222,layout,rfft,float64,1024,1,reverse,,layout_rfft_float64_1024_1_reverse_,0.00747729548796,0.00745762803557,1.8646572659e-05,7,1296,ok,
c222,layout,rfft,float64,1024,1,stride2,,layout_rfft_float64_1024_1_stride2_,0.00758249388696,0.007564467399,1.80264879583e-05,7,1549,ok,
c222,layout,rfft,float64,1024,1,transpose,,layout_rfft_float64_1024_1_transpose_,0.00764117086802,0.00759270343915,2.74152453535e-05,7,1551,ok,
c222,layout,rfft,float64,1024,1,fortran,,layout_rfft_float64_1024_1_fortran_,0.00750163868598,0.00747240896127,8.49635249276e-06,7,1658,ok,
c222,layout,rfft,float64,1024,8,reverse,,layout_rfft_float64_1024_8_reverse_,0.0162321300013,0.0161518249661,1.92399602383e-05,7,200,ok,
c222,layout,rfft,float64,1024,8,stride2,,layout_rfft_float64_1024_8_stride2_,0.0167739146855,0.0166735250968,9.36246942729e-05,7,200,ok,
c222,layout,rfft,float64,1024,8,transpose,,layout_rfft_float64_1024_8_transpose_,0.0180361798266,0.017895809724,4.05294122174e-05,7,200,ok,
c222,layout,rfft,float64,1024,8,fortran,,layout_rfft_float64_1024_8_fortran_,0.0180208997335,0.0179352849955,5.3804833442e-05,7,200,ok,
c222,layout,rfft,float64,1024,64,reverse,,layout_rfft_float64_1024_64_reverse_,0.0902794348076,0.0900265999371,2.22446396947e-05,7,200,ok,
c222,layout,rfft,float64,1024,64,stride2,,layout_rfft_float64_1024_64_stride2_,0.0929640146205,0.092551879934,0.000412134686485,7,200,ok,
c222,layout,rfft,float64,1024,64,transpose,,layout_rfft_float64_1024_64_transpose_,0.137495050617,0.133579762621,0.0028844461066,7,177,ok,
c222,layout,rfft,float64,1024,64,fortran,,layout_rfft_float64_1024_64_fortran_,0.131569365891,0.128542451734,0.000855075545929,7,186,ok,
c222,layout,rfft,float64,4096,1,reverse,,layout_rfft_float64_4096_1_reverse_,0.0187546262394,0.0187250352379,6.44422021966e-06,7,709,ok,
c222,layout,rfft,float64,4096,1,stride2,,layout_rfft_float64_4096_1_stride2_,0.0190454311977,0.0189378554227,5.90110228451e-05,7,726,ok,
c222,layout,rfft,float64,4096,1,transpose,,layout_rfft_float64_4096_1_transpose_,0.0191539390033,0.0190357378931,4.90124651261e-05,7,721,ok,
c222,layout,rfft,float64,4096,1,fortran,,layout_rfft_float64_4096_1_fortran_,0.0186192240018,0.0184239918937,0.000112914849782,7,741,ok,
c222,layout,rfft,float64,4096,8,reverse,,layout_rfft_float64_4096_8_reverse_,0.0637932051904,0.0637275748886,6.56303018332e-05,7,200,ok,
c222,layout,rfft,float64,4096,8,stride2,,layout_rfft_float64_4096_8_stride2_,0.0663874601014,0.0660420500208,0.000323919812217,7,200,ok,
c222,layout,rfft,float64,4096,8,transpose,,layout_rfft_float64_4096_8_transpose_,0.0756481598364,0.074617844657,0.000406180042773,7,200,ok,
c222,layout,rfft,float64,4096,8,fortran,,layout_rfft_float64_4096_8_fortran_,0.0734332797583,0.0729403400328,0.000102599733509,7,200,ok,
c222,layout,rfft,float64,4096,64,reverse,,layout_rfft_float64_4096_64_reverse_,0.451223598793,0.450388499303,0.000835099490359,7,20,ok,
c222,layout,rfft,float64,4096,64,stride2,,layout_rfft_float64_4096_64_stride2_,0.471233850112,0.463785097236,0.000297551741824,7,20,ok,
c222,layout,rfft,float64,4096,64,transpose,,layout_rfft_float64_4096_64_transpose_,0.653950648848,0.647825450869,0.00166219542734,7,20,ok,
c222,layout,rfft,float64,4096,64,fortran,,layout_rfft_float64_4096_64_fortran_,0.627825647825,0.626736105187,0.000598095357418,7,20,ok,
c222,layout,rfft,float64,65536,1,reverse,,layout_rfft_float64_65536_1_reverse_,0.478967001625,0.478572508905,0.000394492720564,5,51,ok,
c222,layout,rfft,float64,65536,1,stride2,,layout_rfft_float64_65536_1_stride2_,0.485247037574,0.484543135755,0.000645351760528,5,51,ok,
c222,layout,rfft,float64,65536,1,transpose,,layout_rfft_float64_65536_1_transpose_,0.480665019355,0.478461769839,0.000884769878422,5,52,ok,
c222,layout,rfft,float64,65536,1,fortran,,layout_rfft_float64_65536_1_fortran_,0.479310196277,0.47811694151,0.00119325476607,5,51,ok,
c222,layout,rfft,float64,65536,8,reverse,,layout_rfft_float64_65536_8_reverse_,2.02914905822,2.01348162955,0.00321612606058,5,16,ok,
c222,layout,rfft,float64,65536,8,stride2,,layout_rfft_float64_65536_8_stride2_,2.06437637098,2.06014393916,0.00331255432684,5,16,ok,
c222,layout,rfft,float64,65536,8,transpose,,layout_rfft_float64_65536_8_transpose_,2.24503180167,2.23026086266,0.00142933179935,5,15,ok,
c222,layout,rfft,float64,65536,8,fortran,,layout_rfft_float64_65536_8_fortran_,2.24442393519,2.23282239555,0.00642559801539,5,15,ok,
c222,layout,rfft,float64,65536,64,reverse,,layout_rfft_float64_65536_64_reverse_,19.5896580117,19.5618459256,0.0278120860457,5,1,ok,
c222,layout,rfft,float64,65536,64,stride2,,layout_rfft_float64_65536_64_stride2_,20.4307159875,20.3779259464,0.0360700068995,5,1,ok,
c222,layout,rfft,float64,65536,64,transpose,,layout_rfft_float64_65536_64_transpose_,28.3542840043,28.0256159604,0.328668043949,5,1,ok,
c222,layout,rfft,float64,65536,64,fortran,,layout_rfft_float64_65536_64_fortran_,28.2480410533,27.7213739464,0.15281199012,5,1,ok,
c222,staged,rfft,float64,1024,1,contiguous,pad,staged_rfft_float64_1024_1_contiguous_pad,0.00870482154349,0.00868136552791,5.62400494688e-06,7,1149,ok,
c222,staged,rfft,float64,1024,1,contiguous,truncate,staged_rfft_float64_1024_1_contiguous_truncate,0.00757449271114,0.00752789092698,4.66017841527e-05,7,1577,ok,
c222,staged,rfft,float64,1024,8,contiguous,pad,staged_rfft_float64_1024_8_contiguous_pad,0.0419301044894,0.0418433902087,7.17904185876e-05,7,200,ok,
c222,staged,rfft,float64,1024,8,contiguous,truncate,staged_rfft_float64_1024_8_contiguous_truncate,0.0160455750301,0.0159360648831,6.12152507529e-05,7,200,ok,
c222,staged,rfft,float64,1024,64,contiguous,pad,staged_rfft_float64_1024_64_contiguous_pad,0.30359011289,0.303449961939,0.000140150950756,7,80,ok,
c222,staged,rfft,float64,1024,64,contiguous,truncate,staged_rfft_float64_1024_64_contiguous_truncate,0.0907181750517,0.0903654447757,0.000100995530374,7,200,ok,
c222,staged,rfft,float64,1024,256,contiguous,pad,staged_rfft_float64_1024_256_contiguous_pad,1.20146380505,1.19876915123,0.00243314425461,7,20,ok,
c222,staged,rfft,float64,1024,256,contiguous,truncate,staged_rfft_float64_1024_256_contiguous_truncate,0.341138651129,0.339335203171,0.00180344795808,7,20,ok,
c222,staged,rfft,float64,4096,1,contiguous,pad,staged_rfft_float64_4096_1_contiguous_pad,0.0230547095108,0.0229604571059,9.42524048881e-05,7,582,ok,
c222,staged,rfft,float64,4096,1,contiguous,truncate,staged_rfft_float64_4096_1_contiguous_truncate,0.0189518079814,0.0189161186283,3.56893531326e-05,7,708,ok,
c222,staged,rfft,float64,4096,8,contiguous,pad,staged_rfft_float64_4096_8_contiguous_pad,0.149739113459,0.14879861902,0.000613250276296,7,168,ok,
c222,staged,rfft,float64,4096,8,contiguous,truncate,staged_rfft_float64_4096_8_contiguous_truncate,0.0652202300262,0.0650206004502,0.000199629575945,7,200,ok,
c222,staged,rfft,float64,4096,64,contiguous,pad,staged_rfft_float64_4096_64_contiguous_pad,1.16139570018,1.14681129926,0.0145844009239,7,20,ok,
c222,staged,rfft,float64,4096,64,contiguous,truncate,staged_rfft_float64_4096_64_contiguous_truncate,0.446840201039,0.442097149789,0.00347564928234,7,20,ok,
c222,staged,rfft,float64,4096,256,contiguous,pad,staged_rfft_float64_4096_256_contiguous_pad,4.84377972316,4.6296875558,0.149835000879,7,7,ok,
c222,staged,rfft,float64,4096,256,contiguous,truncate,staged_rfft_float64_4096_256_contiguous_truncate,2.12075184278,2.06180307298,0.0556926959409,7,13,ok,
c222,staged,rfft,float64,4097,1,contiguous,pad,staged_rfft_float64_4097_1_contiguous_pad,0.130688379868,0.122533844551,0.00441815005615,5,200,ok,
c222,staged,rfft,float64,4097,1,contiguous,truncate,staged_rfft_float64_4097_1_contiguous_truncate,0.114935865276,0.111261944985,0.00367392029148,5,200,ok,
c222,staged,rfft,float64,4097,8,contiguous,pad,staged_rfft_float64_4097_8_contiguous_pad,0.876111252832,0.875535533331,0.000575719501025,5,28,ok,
c222,staged,rfft,float64,4097,8,contiguous,truncate,staged_rfft_float64_4097_8_contiguous_truncate,0.650724760673,0.648868843104,0.0012228633032,5,38,ok,
c222,staged,rfft,float64,4097,64,contiguous,pad,staged_rfft_float64_4097_64_contiguous_pad,6.94371599238,6.84003978968,0.103676202707,5,5,ok,
c222,staged,rfft,float64,4097,64,contiguous,truncate,staged_rfft_float64_4097_64_contiguous_truncate,5.17768300294,5.07500166229,0.0313498312607,5,6,ok,
c222,staged,rfft,float64,4097,256,contiguous,pad,staged_rfft_float64_4097_256_contiguous_pad,28.2026639907,28.0661230208,0.136540969834,5,1,ok,
c222,staged,rfft,float64,4097,256,contiguous,truncate,staged_rfft_float64_4097_256_contiguous_truncate,20.5751520116,20.4959519906,0.0792000209913,5,1,ok,
c222,staged,rfft,float64,8192,1,contiguous,pad,staged_rfft_float64_8192_1_contiguous_pad,0.043484980124,0.0432225299301,0.000262450193986,5,200,ok,
c222,staged,rfft,float64,8192,1,contiguous,truncate,staged_rfft_float64_8192_1_contiguous_truncate,0.0369151204359,0.0366418447811,0.000175635213964,5,200,ok,
c222,staged,rfft,float64,8192,8,contiguous,pad,staged_rfft_float64_8192_8_contiguous_pad,0.307945110605,0.298709555437,0.00766328432494,5,81,ok,
c222,staged,rfft,float64,8192,8,contiguous,truncate,staged_rfft_float64_8192_8_contiguous_truncate,0.13994636635,0.136540800385,0.00232421702498,5,180,ok,
c222,staged,rfft,float64,8192,64,contiguous,pad,staged_rfft_float64_8192_64_contiguous_pad,2.36692907388,2.34448686076,0.00937507554357,5,14,ok,
c222,staged,rfft,float64,8192,64,contiguous,truncate,staged_rfft_float64_8192_64_contiguous_truncate,1.00010384922,0.991421745857,0.00868210336193,5,20,ok,
c222,staged,rfft,float64,8192,256,contiguous,pad,staged_rfft_float64_8192_256_contiguous_pad,9.8823516552,9.85600469479,0.00735399468492,5,3,ok,
c222,staged,rfft,float64,8192,256,contiguous,truncate,staged_rfft_float64_8192_256_contiguous_truncate,4.14166538976,4.09886161797,0.0204751966521,5,5,ok,
c222,layout,irfft,complex64,1024,1,reverse,,layout_irfft_complex64_1024_1_reverse_,0.00927424048732,0.00921858715263,2.05157094616e-05,7,923,ok,
c222,layout,irfft,complex64,1024,1,stride2,,layout_irfft_complex64_1024_1_stride2_,0.00947315481159,0.00936554757501,9.21321759884e-05,7,1324,ok,
c222,layout,irfft,complex64,1024,1,transpose,,layout_irfft_complex64_1024_1_transpose_,0.00942107513047,0.00940084518058,1.12399216242e-05,7,1305,ok,
c222,layout,irfft,complex64,1024,1,fortran,,layout_irfft_complex64_1024_1_fortran_,0.00935922285115,0.00933826491158,1.11772577633e-05,7,1427,ok,
c222,layout,irfft,complex64,1024,8,reverse,,layout_irfft_complex64_1024_8_reverse_,0.0165777397342,0.0163881748449,6.45755790174e-05,7,200,ok,
c222,layout,irfft,complex64,1024,8,stride2,,layout_irfft_complex64_1024_8_stride2_,0.0166207697475,0.0165334547637,6.9024390541e-05,7,200,ok,
c222,layout,irfft,complex64,1024,8,transpose,,layout_irfft_complex64_1024_8_transpose_,0.0168548699003,0.0167012301972,0.000118575408123,7,200,ok,
c222,layout,irfft,complex64,1024,8,fortran,,layout_irfft_complex64_1024_8_fortran_,0.0173132453347,0.0169410347007,0.000155695015565,7,200,ok,
c222,layout,irfft,complex64,1024,64,reverse,,layout_irfft_complex64_1024_64_reverse_,0.0859987997683,0.0853599299444,0.000241809757426,7,200,ok,
c222,layout,irfft,complex64,1024,64,stride2,,layout_irfft_complex64_1024_64_stride2_,0.0864346302114,0.0863007304724,0.000133899739012,7,200,ok,
c222,layout,irfft,complex64,1024,64,transpose,,layout_irfft_complex64_1024_64_transpose_,0.094051999622,0.0936733250273,0.000283394474536,7,200,ok,
c222,layout,irfft,complex64,1024,64,fortran,,layout_irfft_complex64_1024_64_fortran_,0.0954057852505,0.0951234449167,0.000282340333797,7,200,ok,
c222,layout,irfft,complex64,4096,1,reverse,,layout_irfft_complex64_4096_1_reverse_,0.0248766919548,0.0246788702301,0.000197821724656,7,555,ok,
c222,layout,irfft,complex64,4096,1,stride2,,layout_irfft_complex64_4096_1_stride2_,0.0248221520502,0.0247065228403,7.95334669705e-05,7,566,ok,
c222,layout,irfft,complex64,4096,1,transpose,,layout_irfft_complex64_4096_1_transpose_,0.0248689558408,0.0247466450674,4.70183080966e-05,7,544,ok,
c222,layout,irfft,complex64,4096,1,fortran,,layout_irfft_complex64_4096_1_fortran_,0.0248521491885,0.0243578692898,4.0023898085e-05,7,375,ok,
c222,layout,irfft,complex64,4096,8,reverse,,layout_irfft_complex64_4096_8_reverse_,0.057183720055,0.0561984302476,0.000202390365303,7,200,ok,
c222,layout,irfft,complex64,4096,8,stride2,,layout_irfft_complex64_4096_8_stride2_,0.056619134848,0.0562440702925,0.000329380272888,7,200,ok,
c222,layout,irfft,complex64,4096,8,transpose,,layout_irfft_complex64_4096_8_transpose_,0.0580904999515,0.0574304850306,0.000229289871641,7,200,ok,
c222,layout,irfft,complex64,4096,8,fortran,,layout_irfft_complex64_4096_8_fortran_,0.0579779350664,0.0576119351899,0.000123440404423,7,200,ok,
c222,layout,irfft,complex64,4096,64,reverse,,layout_irfft_complex64_4096_64_reverse_,0.380207848502,0.378718500724,0.00148934777826,7,20,ok,
c222,layout,irfft,complex64,4096,64,stride2,,layout_irfft_complex64_4096_64_stride2_,0.377672497416,0.3746076487,0.000992900459096,7,20,ok,
c222,layout,irfft,complex64,4096,64,transpose,,layout_irfft_complex64_4096_64_transpose_,0.451716553653,0.446202495368,0.0023529457394,7,20,ok,
c222,layout,irfft,complex64,4096,64,fortran,,layout_irfft_complex64_4096_64_fortran_,0.446656852728,0.437276950106,0.0021681538783,7,20,ok,
c222,layout,irfft,complex64,65536,1,reverse,,layout_irfft_complex64_65536_1_reverse_,0.357023611691,0.35422326376,0.000361527781934,5,72,ok,
c222,layout,irfft,complex64,65536,1,stride2,,layout_irfft_complex64_65536_1_stride2_,0.355148256907,0.354805147917,0.000249391509774,5,74,ok,
c222,layout,irfft,complex64,65536,1,transpose,,layout_irfft_complex64_65536_1_transpose_,0.35434820362,0.353440796529,0.000808985803176,5,74,ok,
c222,layout,irfft,complex64,65536,1,fortran,,layout_irfft_complex64_65536_1_fortran_,0.358810927719,0.354420814464,0.0026321720465,5,70,ok,
c222,layout,irfft,complex64,65536,8,reverse,,layout_irfft_complex64_65536_8_reverse_,1.3270774507,1.32342445431,0.000526453368366,5,20,ok,
c222,layout,irfft,complex64,65536,8,stride2,,layout_irfft_complex64_65536_8_stride2_,1.33545144927,1.32319144905,0.00795969972387,5,20,ok,
c222,layout,irfft,complex64,65536,8,transpose,,layout_irfft_complex64_65536_8_transpose_,1.35078274761,1.34608575027,0.00375119852833,5,20,ok,
c222,layout,irfft,complex64,65536,8,fortran,,layout_irfft_complex64_65536_8_fortran_,1.3595089491,1.33979774546,0.00387234613299,5,20,ok,
c222,layout,irfft,complex64,65536,64,reverse,,layout_irfft_complex64_65536_64_reverse_,10.3506936769,10.3001803315,0.0212639958287,5,3,ok,
c222,layout,irfft,complex64,65536,64,stride2,,layout_irfft_complex64_65536_64_stride2_,10.4472883589,10.4302560212,0.0026016884173,5,3,ok,
c222,layout,irfft,complex64,65536,64,transpose,,layout_irfft_complex64_65536_64_transpose_,16.452942451,16.2208639667,0.0721529941075,5,2,ok,
c222,layout,irfft,complex64,65536,64,fortran,,layout_irfft_complex64_65536_64_fortran_,15.8233690308,15.5397414928,0.0638519413769,5,2,ok,
c222,staged,irfft,complex64,1024,1,contiguous,pad,staged_irfft_complex64_1024_1_contiguous_pad,0.0099091523796,0.00985271261706,4.17125870195e-05,7,1096,ok,
c222,staged,irfft,complex64,1024,1,contiguous,truncate,staged_irfft_complex64_1024_1_contiguous_truncate,0.00925983108629,0.00920845986125,3.36829229419e-05,7,1296,ok,
c222,staged,irfft,complex64,1024,8,contiguous,pad,staged_irfft_complex64_1024_8_contiguous_pad,0.0474192999536,0.047318105353,5.14497514814e-05,7,200,ok,
c222,staged,irfft,complex64,1024,8,contiguous,truncate,staged_irfft_complex64_1024_8_contiguous_truncate,0.0162341346731,0.0161523750285,8.17596446723e-05,7,200,ok,
c222,staged,irfft,complex64,1024,64,contiguous,pad,staged_irfft_complex64_1024_64_contiguous_pad,0.353516825218,0.352293622437,0.000892711492876,7,69,ok,
c222,staged,irfft,complex64,1024,64,contiguous,truncate,staged_irfft_complex64_1024_64_contiguous_truncate,0.0860562600428,0.0854085700121,0.000171429710463,7,200,ok,
c222,staged,irfft,complex64,1024,256,contiguous,pad,staged_irfft_complex64_1024_256_contiguous_pad,1.40091555077,1.39440415078,0.00350514892489,7,20,ok,
c222,staged,irfft,complex64,1024,256,contiguous,truncate,staged_irfft_complex64_1024_256_contiguous_truncate,0.32257415005,0.31970164855,7.36501533538e-05,7,20,ok,
c222,staged,irfft,complex64,4096,1,contiguous,pad,staged_irfft_complex64_4096_1_contiguous_pad,0.0246668154771,0.0245258459107,0.000104123699783,7,558,ok,
c222,staged,irfft,complex64,4096,1,contiguous,truncate,staged_irfft_complex64_4096_1_contiguous_truncate,0.0248984467393,0.0245787938434,0.000266077638575,7,553,ok,
c222,staged,irfft,complex64,4096,8,contiguous,pad,staged_irfft_complex64_4096_8_contiguous_pad,0.158439790156,0.158119441231,0.000148638623374,7,152,ok,
c222,staged,irfft,complex64,4096,8,contiguous,truncate,staged_irfft_complex64_4096_8_contiguous_truncate,0.0556111102924,0.055547740194,6.33700983599e-05,7,200,ok,
c222,staged,irfft,complex64,4096,64,contiguous,pad,staged_irfft_complex64_4096_64_contiguous_pad,1.22216235031,1.21210915386,0.0100531964563,7,20,ok,
c222,staged,irfft,complex64,4096,64,contiguous,truncate,staged_irfft_complex64_4096_64_contiguous_truncate,0.376203155611,0.374208349967,0.000700308009982,7,20,ok,
c222,staged,irfft,complex64,4096,256,contiguous,pad,staged_irfft_complex64_4096_256_contiguous_pad,4.86857034654,4.85751432522,0.00273019153004,7,6,ok,
c222,staged,irfft,complex64,4096,256,contiguous,truncate,staged_irfft_complex64_4096_256_contiguous_truncate,1.48630479816,1.47763324785,0.00365845044143,7,20,ok,
c222,staged,irfft,complex64,4097,1,contiguous,pad,staged_irfft_complex64_4097_1_contiguous_pad,0.139480282087,0.139248076662,0.000232205424896,5,170,ok,
c222,staged,irfft,complex64,4097,1,contiguous,truncate,staged_irfft_complex64_4097_1_contiguous_truncate,0.138419893507,0.138068550758,0.00010982019764,5,178,ok,
c222,staged,irfft,complex64,4097,8,contiguous,pad,staged_irfft_complex64_4097_8_contiguous_pad,1.08237868302,1.0771391363,0.00214772510596,5,22,ok,
c222,staged,irfft,complex64,4097,8,contiguous,truncate,staged_irfft_complex64_4097_8_contiguous_truncate,0.355023761201,0.352709463955,0.000283646751458,5,71,ok,
c222,staged,irfft,complex64,4097,64,contiguous,pad,staged_irfft_complex64_4097_64_contiguous_pad,8.58310051262,8.53787423694,0.0442722521257,5,4,ok,
c222,staged,irfft,complex64,4097,64,contiguous,truncate,staged_irfft_complex64_4097_64_contiguous_truncate,2.73109682409,2.72828724701,0.00280957707825,5,12,ok,
c222,staged,irfft,complex64,4097,256,contiguous,pad,staged_irfft_complex64_4097_256_contiguous_pad,34.337540972,34.2467179289,0.0214220490307,5,1,ok,
c222,staged,irfft,complex64,4097,256,contiguous,truncate,staged_irfft_complex64_4097_256_contiguous_truncate,10.8021500055,10.7947526655,0.00362365972251,5,3,ok,
c222,staged,irfft,complex64,8192,1,contiguous,pad,staged_irfft_complex64_8192_1_contiguous_pad,0.0438405101886,0.0437763350783,1.93901360035e-05,5,200,ok,
c222,staged,irfft,complex64,8192,1,contiguous,truncate,staged_irfft_complex64_8192_1_contiguous_truncate,0.0480272097047,0.047884035157,9.49302921072e-05,5,200,ok,
c222,staged,irfft,complex64,8192,8,contiguous,pad,staged_irfft_complex64_8192_8_contiguous_pad,0.309560525056,0.309385938453,0.000174586602952,5,80,ok,
c222,staged,irfft,complex64,8192,8,contiguous,truncate,staged_irfft_complex64_8192_8_contiguous_truncate,0.112989695044,0.111825575004,0.000136864837259,5,200,ok,
c222,staged,irfft,complex64,8192,64,contiguous,pad,staged_irfft_complex64_8192_64_contiguous_pad,2.46805099804,2.46113485524,0.00349514552259,5,14,ok,
c222,staged,irfft,complex64,8192,64,contiguous,truncate,staged_irfft_complex64_8192_64_contiguous_truncate,0.790829799371,0.787989399396,0.000618700869381,5,20,ok,
c222,staged,irfft,complex64,8192,256,contiguous,pad,staged_irfft_complex64_8192_256_contiguous_pad,9.67125466559,9.6572113301,0.00496600599339,5,3,ok,
c222,staged,irfft,complex64,8192,256,contiguous,truncate,staged_irfft_complex64_8192_256_contiguous_truncate,3.16402658354,3.12995540444,0.0032922020182,5,5,ok,
c222,layout,irfft,complex128,1024,1,reverse,,layout_irfft_complex128_1024_1_reverse_,0.00874588237852,0.00871818305503,2.76993234837e-05,7,1207,ok,
c222,layout,irfft,complex128,1024,1,stride2,,layout_irfft_complex128_1024_1_stride2_,0.00868668152657,0.00867231432259,1.43672039853e-05,7,1454,ok,
c222,layout,irfft,complex128,1024,1,transpose,,layout_irfft_complex128_1024_1_transpose_,0.00883885175342,0.00878823181644,9.14528649192e-06,7,1376,ok,
c222,layout,irfft,complex128,1024,1,fortran,,layout_irfft_complex128_1024_1_fortran_,0.00876428172334,0.00873017427896,9.6604673156e-06,7,1452,ok,
c222,layout,irfft,complex128,1024,8,reverse,,layout_irfft_complex128_1024_8_reverse_,0.0195662549231,0.0194614048814,2.34949402511e-05,7,200,ok,
c222,layout,irfft,complex128,1024,8,stride2,,layout_irfft_complex128_1024_8_stride2_,0.019767889753,0.019677564851,4.69392398372e-05,7,200,ok,
c222,layout,irfft,complex128,1024,8,transpose,,layout_irfft_complex128_1024_8_transpose_,0.0201020302484,0.0199379597325,0.000164070515893,7,200,ok,
c222,layout,irfft,complex128,1024,8,fortran,,layout_irfft_complex128_1024_8_fortran_,0.0201530748745,0.0199618103215,6.50249421597e-05,7,200,ok,
c222,layout,irfft,complex128,1024,64,reverse,,layout_irfft_complex128_1024_64_reverse_,0.109926689765,0.10977099475,7.34953209758e-05,7,200,ok,
c222,layout,irfft,complex128,1024,64,stride2,,layout_irfft_complex128_1024_64_stride2_,0.115059155505,0.110584855429,0.000245569972321,7,200,ok,
c222,layout,irfft,complex128,1024,64,transpose,,layout_irfft_complex128_1024_64_transpose_,0.139401602527,0.138585039663,0.000283040042797,7,176,ok,
c222,layout,irfft,complex128,1024,64,fortran,,layout_irfft_complex128_1024_64_fortran_,0.135964320456,0.135728761012,0.000176423624077,7,184,ok,
c222,layout,irfft,complex128,4096,1,reverse,,layout_irfft_complex128_4096_1_reverse_,0.0231247793215,0.0220461147432,0.000163647563705,7,471,ok,
c222,layout,irfft,complex128,4096,1,stride2,,layout_irfft_complex128_4096_1_stride2_,0.023366144277,0.0232716341778,2.75017524876e-05,7,596,ok,
c222,layout,irfft,complex128,4096,1,transpose,,layout_irfft_complex128_4096_1_transpose_,0.0221329793987,0.0220698024838,2.36169083038e-05,7,582,ok,
c222,layout,irfft,complex128,4096,1,fortran,,layout_irfft_complex128_4096_1_fortran_,0.0224130483055,0.0221832137134,0.000228542288119,7,496,ok,
c222,layout,irfft,complex128,4096,8,reverse,,layout_irfft_complex128_4096_8_reverse_,0.078293774859,0.0780900847167,0.000203690142371,7,200,ok,
c222,layout,irfft,complex128,4096,8,stride2,,layout_irfft_complex128_4096_8_stride2_,0.0795401050709,0.076397494995,0.00093218521215,7,200,ok,
c222,layout,irfft,complex128,4096,8,transpose,,layout_irfft_complex128_4096_8_transpose_,0.0839157146402,0.083226855495,0.000187260448001,7,200,ok,
c222,layout,irfft,complex128,4096,8,fortran,,layout_irfft_complex128_4096_8_fortran_,0.0866876653163,0.0855413248064,0.000123439822346,7,200,ok,
c222,layout,irfft,complex128,4096,64,reverse,,layout_irfft_complex128_4096_64_reverse_,0.529116450343,0.52200689679,0.000265950802714,7,20,ok,
c222,layout,irfft,complex128,4096,64,stride2,,layout_irfft_complex128_4096_64_stride2_,0.535439548548,0.532492948696,0.00294659985229,7,20,ok,
c222,layout,irfft,complex128,4096,64,transpose,,layout_irfft_complex128_4096_64_transpose_,0.666429498233,0.66334909643,0.00149185070768,7,20,ok,
c222,layout,irfft,complex128,4096,64,fortran,,layout_irfft_complex128_4096_64_fortran_,0.651575101074,0.646260450594,0.000512000406161,7,20,ok,
c222,layout,irfft,complex128,65536,1,reverse,,layout_irfft_complex128_65536_1_reverse_,0.509298602992,0.508462437817,0.000836165175618,5,48,ok,
c222,layout,irfft,complex128,65536,1,stride2,,layout_irfft_complex128_65536_1_stride2_,0.512259682898,0.510773448115,0.000494997948408,5,47,ok,
c222,layout,irfft,complex128,65536,1,transpose,,layout_irfft_complex128_65536_1_transpose_,0.509587480337,0.508577228175,0.00101025216281,5,48,ok,
c222,layout,irfft,complex128,65536,1,fortran,,layout_irfft_complex128_65536_1_fortran_,0.507952041962,0.506922937645,0.000291998137017,5,49,ok,
c222,layout,irfft,complex128,65536,8,reverse,,layout_irfft_complex128_65536_8_reverse_,2.19705139752,2.19283592887,0.000522270177802,5,15,ok,
c222,layout,irfft,complex128,65536,8,stride2,,layout_irfft_complex128_65536_8_stride2_,2.17382692887,2.16582300297,0.00535427437474,5,15,ok,
c222,layout,irfft,complex128,65536,8,transpose,,layout_irfft_complex128_65536_8_transpose_,2.30383280044,2.2955456671,0.00190559464196,5,15,ok,
c222,layout,irfft,complex128,65536,8,fortran,,layout_irfft_complex128_65536_8_fortran_,2.30513000085,2.30240547098,0.00234319983671,5,15,ok,
c222,layout,irfft,complex128,65536,64,reverse,,layout_irfft_complex128_65536_64_reverse_,19.7310999501,19.6074430132,0.123355886899,5,1,ok,
c222,layout,irfft,complex128,65536,64,stride2,,layout_irfft_complex128_65536_64_stride2_,20.7447169814,20.6197280204,0.124697922729,5,1,ok,
c222,layout,irfft,complex128,65536,64,transpose,,layout_irfft_complex128_65536_64_transpose_,29.6491089975,29.5023178915,0.127514009364,5,1,ok,
c222,layout,irfft,complex128,65536,64,fortran,,layout_irfft_complex128_65536_64_fortran_,29.1031860979,28.9871740388,0.116012059152,5,1,ok,
c222,staged,irfft,complex128,1024,1,contiguous,pad,staged_irfft_complex128_1024_1_contiguous_pad,0.00985198483769,0.00981004819291,1.99125289717e-05,7,1120,ok,
c222,staged,irfft,complex128,1024,1,contiguous,truncate,staged_irfft_complex128_1024_1_contiguous_truncate,0.00874990713206,0.00873379960269,1.61075293741e-05,7,808,ok,
c222,staged,irfft,complex128,1024,8,contiguous,pad,staged_irfft_complex128_1024_8_contiguous_pad,0.0454647646984,0.0453305098927,3.38157406077e-05,7,200,ok,
c222,staged,irfft,complex128,1024,8,contiguous,truncate,staged_irfft_complex128_1024_8_contiguous_truncate,0.0194965698756,0.0193351652706,0.000141769996844,7,200,ok,
c222,staged,irfft,complex128,1024,64,contiguous,pad,staged_irfft_complex128_1024_64_contiguous_pad,0.330847999509,0.330393095627,0.000338636439394,7,74,ok,
c222,staged,irfft,complex128,1024,64,contiguous,truncate,staged_irfft_complex128_1024_64_contiguous_truncate,0.109885560232,0.109682630282,0.000136615126394,7,200,ok,
c222,staged,irfft,complex128,1024,256,contiguous,pad,staged_irfft_complex128_1024_256_contiguous_pad,1.30214774981,1.30138079985,0.000625650864094,7,20,ok,
c222,staged,irfft,complex128,1024,256,contiguous,truncate,staged_irfft_complex128_1024_256_contiguous_truncate,0.419471395435,0.417241151445,0.00117720337585,7,20,ok,
c222,staged,irfft,complex128,4096,1,contiguous,pad,staged_irfft_complex128_4096_1_contiguous_pad,0.02503431055,0.0249149638484,0.000119346701624,7,499,ok,
c222,staged,irfft,complex128,4096,1,contiguous,truncate,staged_irfft_complex128_4096_1_contiguous_truncate,0.0219362592088,0.0219079856472,1.72178075902e-05,7,629,ok,
c222,staged,irfft,complex128,4096,8,contiguous,pad,staged_irfft_complex128_4096_8_contiguous_pad,0.159158487058,0.158175391008,0.000267429874302,7,156,ok,
c222,staged,irfft,complex128,4096,8,contiguous,truncate,staged_irfft_complex128_4096_8_contiguous_truncate,0.0751485553337,0.0747749453876,0.000201185466722,7,200,ok,
c222,staged,irfft,complex128,4096,64,contiguous,pad,staged_irfft_complex128_4096_64_contiguous_pad,1.24627045006,1.24254630064,0.00319509999827,7,20,ok,
c222,staged,irfft,complex128,4096,64,contiguous,truncate,staged_irfft_complex128_4096_64_contiguous_truncate,0.538435799535,0.534939102363,0.00181895447895,7,20,ok,
c222,staged,irfft,complex128,4096,256,contiguous,pad,staged_irfft_complex128_4096_256_contiguous_pad,5.11300433815,5.00556549135,0.0245986739174,7,6,ok,
c222,staged,irfft,complex128,4096,256,contiguous,truncate,staged_irfft_complex128_4096_256_contiguous_truncate,2.1267355963,2.10066846727,0.0120784000804,7,15,ok,
c222,staged,irfft,complex128,4097,1,contiguous,pad,staged_irfft_complex128_4097_1_contiguous_pad,0.117254549987,0.117103059893,0.00015149009414,5,200,ok,
c222,staged,irfft,complex128,4097,1,contiguous,truncate,staged_irfft_complex128_4097_1_contiguous_truncate,0.115021880483,0.114731824724,0.000109455431812,5,200,ok,
c222,staged,irfft,complex128,4097,8,contiguous,pad,staged_irfft_complex128_4097_8_contiguous_pad,0.892188520757,0.890976184531,0.000594446814998,5,27,ok,
c222,staged,irfft,complex128,4097,8,contiguous,truncate,staged_irfft_complex128_4097_8_contiguous_truncate,0.6740046728,0.672183081357,0.00182159144331,5,37,ok,
c222,staged,irfft,complex128,4097,64,contiguous,pad,staged_irfft_complex128_4097_64_contiguous_pad,7.0804579882,7.07385272835,0.00409275526181,5,4,ok,
c222,staged,irfft,complex128,4097,64,contiguous,truncate,staged_irfft_complex128_4097_64_contiguous_truncate,5.23578400801,5.20795750587,0.0278265021431,5,6,ok,
c222,staged,irfft,complex128,4097,256,contiguous,pad,staged_irfft_complex128_4097_256_contiguous_pad,28.2881379826,28.1189840753,0.125941005535,5,1,ok,
c222,staged,irfft,complex128,4097,256,contiguous,truncate,staged_irfft_complex128_4097_256_contiguous_truncate,20.9391380195,20.8538060542,0.0567690003663,5,1,ok,
c222,staged,irfft,complex128,8192,1,contiguous,pad,staged_irfft_complex128_8192_1_contiguous_pad,0.0461000250652,0.0458566599991,0.000195875181817,5,200,ok,
c222,staged,irfft,complex128,8192,1,contiguous,truncate,staged_irfft_complex128_8192_1_contiguous_truncate,0.0412790104747,0.0410003302386,7.87002500147e-05,5,200,ok,
c222,staged,irfft,complex128,8192,8,contiguous,pad,staged_irfft_complex128_8192_8_contiguous_pad,0.320301027013,0.319025897158,0.000114831774949,5,78,ok,
c222,staged,irfft,complex128,8192,8,contiguous,truncate,staged_irfft_complex128_8192_8_contiguous_truncate,0.157957631134,0.156879261178,0.000695025423767,5,157,ok,
c222,staged,irfft,complex128,8192,64,contiguous,pad,staged_irfft_complex128_8192_64_contiguous_pad,2.52124200611,2.51302561866,0.00267654943925,5,13,ok,
c222,staged,irfft,complex128,8192,64,contiguous,truncate,staged_irfft_complex128_8192_64_contiguous_truncate,1.14187390427,1.1406790989,0.000468455255032,5,20,ok,
c222,staged,irfft,complex128,8192,256,contiguous,pad,staged_irfft_complex128_8192_256_contiguous_pad,10.3335810127,10.2493333009,0.0632773153484,5,3,ok,
c222,staged,irfft,complex128,8192,256,contiguous,truncate,staged_irfft_complex128_8192_256_contiguous_truncate,4.64928178117,4.63169619907,0.0093457987532,5,5,ok,
c222,out,fft,complex64,64,1,contiguous,separate,out_fft_complex64_64_1_contiguous_separate,0.00426232960905,0.00425181112626,1.02246109167e-05,7,1705,ok,
c222,out,fft,complex64,64,1,contiguous,noncontiguous,out_fft_complex64_64_1_contiguous_noncontiguous,0.00423014652915,0.00420919648604,9.40292375162e-06,7,2000,ok,
c222,out,fft,complex64,64,1,contiguous,negative,out_fft_complex64_64_1_contiguous_negative,0.00427291844971,0.00425991852535,1.02294725366e-05,7,2000,ok,
c222,out,fft,complex64,64,8,contiguous,separate,out_fft_complex64_64_8_contiguous_separate,0.0059652399135,0.00594909255457,1.08893471457e-05,7,1934,ok,
c222,out,fft,complex64,64,8,contiguous,noncontiguous,out_fft_complex64_64_8_contiguous_noncontiguous,0.00597631156433,0.00596116460501,1.18288597979e-05,7,1993,ok,
c222,out,fft,complex64,64,8,contiguous,negative,out_fft_complex64_64_8_contiguous_negative,0.0060557820794,0.00604513661067,3.96947276629e-06,7,1969,ok,
c222,out,fft,complex64,4096,1,contiguous,separate,out_fft_complex64_4096_1_contiguous_separate,0.0385381052415,0.038247243656,0.000113512678304,7,361,ok,
c222,out,fft,complex64,4096,1,contiguous,noncontiguous,out_fft_complex64_4096_1_contiguous_noncontiguous,0.0388536401458,0.0386667485896,9.57143369806e-05,7,378,ok,
c222,out,fft,complex64,4096,1,contiguous,negative,out_fft_complex64_4096_1_contiguous_negative,0.038674643993,0.0386210342766,1.74220597327e-05,7,379,ok,
c222,out,fft,complex64,4096,8,contiguous,separate,out_fft_complex64_4096_8_contiguous_separate,0.179989649097,0.17966207682,0.00032757227629,7,131,ok,
c222,out,fft,complex64,4096,8,contiguous,noncontiguous,out_fft_complex64_4096_8_contiguous_noncontiguous,0.182551110971,0.182205449057,6.01096818333e-05,7,136,ok,
c222,out,fft,complex64,4096,8,contiguous,negative,out_fft_complex64_4096_8_contiguous_negative,0.180867583505,0.180532697193,0.000194909234503,7,132,ok,
c222,overlap,fft,complex64,64,1,contiguous,inplace,overlap_fft_complex64_64_1_contiguous_inplace,0.00425158749567,0.00423696450889,9.75851435214e-06,7,2000,ok,
c222,overlap,fft,complex64,64,1,contiguous,partial_overlap,overlap_fft_complex64_64_1_contiguous_partial_overlap,0.00452296098229,0.00450901500881,8.12101643533e-06,7,2000,ok,
c222,overlap,fft,complex64,64,8,contiguous,inplace,overlap_fft_complex64_64_8_contiguous_inplace,0.00598480764739,0.00597296189615,1.18457512383e-05,7,1892,ok,
c222,overlap,fft,complex64,64,8,contiguous,partial_overlap,overlap_fft_complex64_64_8_contiguous_partial_overlap,0.00633809466579,0.00631047290145,7.77499542195e-06,7,1880,ok,
c222,overlap,fft,complex64,4096,1,contiguous,inplace,overlap_fft_complex64_4096_1_contiguous_inplace,0.0383870100003,0.0382978915063,4.70408664669e-05,7,295,ok,
c222,overlap,fft,complex64,4096,1,contiguous,partial_overlap,overlap_fft_complex64_4096_1_contiguous_partial_overlap,0.0388643503274,0.0387884276162,7.59227111697e-05,7,374,ok,
c222,overlap,fft,complex64,4096,8,contiguous,inplace,overlap_fft_complex64_4096_8_contiguous_inplace,0.180413916749,0.179383744437,0.000970586048985,7,133,ok,
c222,overlap,fft,complex64,4096,8,contiguous,partial_overlap,overlap_fft_complex64_4096_8_contiguous_partial_overlap,0.180613433579,0.180419455693,0.000193977885989,7,136,ok,
c222,out,fft,complex128,64,1,contiguous,separate,out_fft_complex128_64_1_contiguous_separate,0.00352942704922,0.00352308503352,2.33459286392e-06,7,2000,ok,
c222,out,fft,complex128,64,1,contiguous,noncontiguous,out_fft_complex128_64_1_contiguous_noncontiguous,0.00349827250466,0.00348818348721,1.00890174508e-05,7,2000,ok,
c222,out,fft,complex128,64,1,contiguous,negative,out_fft_complex128_64_1_contiguous_negative,0.00353280850686,0.00351448345464,1.19574833661e-05,7,2000,ok,
c222,out,fft,complex128,64,8,contiguous,separate,out_fft_complex128_64_8_contiguous_separate,0.00463113299338,0.00462461047573,6.52251765132e-06,7,2000,ok,
c222,out,fft,complex128,64,8,contiguous,noncontiguous,out_fft_complex128_64_8_contiguous_noncontiguous,0.00464274047408,0.00463386846241,1.64296943694e-06,7,2000,ok,
c222,out,fft,complex128,64,8,contiguous,negative,out_fft_complex128_64_8_contiguous_negative,0.00463127084799,0.00461993122394,5.64515494298e-06,7,1237,ok,
c222,out,fft,complex128,4096,1,contiguous,separate,out_fft_complex128_4096_1_contiguous_separate,0.03550602801,0.0354477646466,5.82633634345e-05,7,395,ok,
c222,out,fft,complex128,4096,1,contiguous,noncontiguous,out_fft_complex128_4096_1_contiguous_noncontiguous,0.0361150250819,0.035925062566,1.69400260447e-05,7,401,ok,
c222,out,fft,complex128,4096,1,contiguous,negative,out_fft_complex128_4096_1_contiguous_negative,0.0354557507045,0.0353803471628,4.60267472274e-05,7,409,ok,
c222,out,fft,complex128,4096,8,contiguous,separate,out_fft_complex128_4096_8_contiguous_separate,0.164473413024,0.164168166618,0.000137526076287,7,150,ok,
c222,out,fft,complex128,4096,8,contiguous,noncontiguous,out_fft_complex128_4096_8_contiguous_noncontiguous,0.166396405925,0.165569486657,0.000495270895142,7,148,ok,
c222,out,fft,complex128,4096,8,contiguous,negative,out_fft_complex128_4096_8_contiguous_negative,0.164735815105,0.164650849462,8.49656428989e-05,7,146,ok,
c222,overlap,fft,complex128,64,1,contiguous,inplace,overlap_fft_complex128_64_1_contiguous_inplace,0.0035228044726,0.00350581150269,1.29395048134e-05,7,2000,ok,
c222,overlap,fft,complex128,64,1,contiguous,partial_overlap,overlap_fft_complex128_64_1_contiguous_partial_overlap,0.00399522751104,0.00396360253217,2.55496706814e-06,7,2000,ok,
c222,overlap,fft,complex128,64,8,contiguous,inplace,overlap_fft_complex128_64_8_contiguous_inplace,0.00461264798651,0.00455386046087,4.03804006055e-06,7,2000,ok,
c222,overlap,fft,complex128,64,8,contiguous,partial_overlap,overlap_fft_complex128_64_8_contiguous_partial_overlap,0.00557466701139,0.00552051851992,1.64264929481e-05,7,2000,ok,
c222,overlap,fft,complex128,4096,1,contiguous,inplace,overlap_fft_complex128_4096_1_contiguous_inplace,0.0349943104012,0.0348109803552,0.000124278230583,7,406,ok,
c222,overlap,fft,complex128,4096,1,contiguous,partial_overlap,overlap_fft_complex128_4096_1_contiguous_partial_overlap,0.0369379797927,0.0367363292983,0.000201015073004,7,395,ok,
c222,overlap,fft,complex128,4096,8,contiguous,inplace,overlap_fft_complex128_4096_8_contiguous_inplace,0.161711422683,0.161486422337,0.000138792065566,7,149,ok,
c222,overlap,fft,complex128,4096,8,contiguous,partial_overlap,overlap_fft_complex128_4096_8_contiguous_partial_overlap,0.175429891674,0.174888934799,0.00023685576622,7,139,ok,
c222,out,ifft,complex64,64,1,contiguous,separate,out_ifft_complex64_64_1_contiguous_separate,0.00430919371414,0.0042939576785,7.95917604734e-06,7,1936,ok,
c222,out,ifft,complex64,64,1,contiguous,noncontiguous,out_ifft_complex64_64_1_contiguous_noncontiguous,0.00432374101365,0.00430112698814,1.88919948414e-05,7,2000,ok,
c222,out,ifft,complex64,64,1,contiguous,negative,out_ifft_complex64_64_1_contiguous_negative,0.00437464797869,0.00434829248115,9.25251515582e-06,7,2000,ok,
c222,out,ifft,complex64,64,8,contiguous,separate,out_ifft_complex64_64_8_contiguous_separate,0.00598994091001,0.0059437972582,2.98689236298e-05,7,1914,ok,
c222,out,ifft,complex64,64,8,contiguous,noncontiguous,out_ifft_complex64_64_8_contiguous_noncontiguous,0.00607638222728,0.00601857670153,4.0071099278e-05,7,1970,ok,
c222,out,ifft,complex64,64,8,contiguous,negative,out_ifft_complex64_64_8_contiguous_negative,0.00602407116358,0.00600540455468,9.56928065856e-06,7,1980,ok,
c222,out,ifft,complex64,4096,1,contiguous,separate,out_ifft_complex64_4096_1_contiguous_separate,0.0377278332853,0.0375723167287,0.000108622810981,7,366,ok,
c222,out,ifft,complex64,4096,1,contiguous,noncontiguous,out_ifft_complex64_4096_1_contiguous_noncontiguous,0.0381179215479,0.0379680288975,0.000149892650408,7,382,ok,
c222,out,ifft,complex64,4096,1,contiguous,negative,out_ifft_complex64_4096_1_contiguous_negative,0.0377823993424,0.0377375717494,4.48275930195e-05,7,348,ok,
c222,out,ifft,complex64,4096,8,contiguous,separate,out_ifft_complex64_4096_8_contiguous_separate,0.16291276707,0.162443073156,3.62726859748e-05,7,150,ok,
c222,out,ifft,complex64,4096,8,contiguous,noncontiguous,out_ifft_complex64_4096_8_contiguous_noncontiguous,0.163315582576,0.16305163589,0.000155397493466,7,151,ok,
c222,out,ifft,complex64,4096,8,contiguous,negative,out_ifft_complex64_4096_8_contiguous_negative,0.163026958511,0.162619565903,0.000285020836725,7,145,ok,
c222,overlap,ifft,complex64,64,1,contiguous,inplace,overlap_ifft_complex64_64_1_contiguous_inplace,0.00435333698988,0.00433868449181,7.98999099061e-06,7,2000,ok,
c222,overlap,ifft,complex64,64,1,contiguous,partial_overlap,overlap_ifft_complex64_64_1_contiguous_partial_overlap,0.00489580951398,0.0048832949833,6.42699887976e-06,7,2000,ok,
c222,overlap,ifft,complex64,64,8,contiguous,inplace,overlap_ifft_complex64_64_8_contiguous_inplace,0.005990714996,0.00596784140047,1.470442923e-05,7,1993,ok,
c222,overlap,ifft,complex64,64,8,contiguous,partial_overlap,overlap_ifft_complex64_64_8_contiguous_partial_overlap,0.00684612641897,0.00682314921117,1.33360433896e-05,7,1803,ok,
c222,overlap,ifft,complex64,4096,1,contiguous,inplace,overlap_ifft_complex64_4096_1_contiguous_inplace,0.037650900993,0.0374616144902,7.68706725895e-05,7,363,ok,
c222,overlap,ifft,complex64,4096,1,contiguous,partial_overlap,overlap_ifft_complex64_4096_1_contiguous_partial_overlap,0.039132205936,0.0390410297083,6.28049619153e-05,7,369,ok,
c222,overlap,ifft,complex64,4096,8,contiguous,inplace,overlap_ifft_complex64_4096_8_contiguous_inplace,0.163439824094,0.163107882163,0.000331941931174,7,153,ok,
c222,overlap,ifft,complex64,4096,8,contiguous,partial_overlap,overlap_ifft_complex64_4096_8_contiguous_partial_overlap,0.170257664126,0.16962803425,0.000274355829476,7,146,ok,
c222,out,ifft,complex128,64,1,contiguous,separate,out_ifft_complex128_64_1_contiguous_separate,0.00433825852815,0.00432387099136,1.43875367939e-05,7,2000,ok,
c222,out,ifft,complex128,64,1,contiguous,noncontiguous,out_ifft_complex128_64_1_contiguous_noncontiguous,0.00436069100397,0.00433486199472,9.61299519986e-06,7,2000,ok,
c222,out,ifft,complex128,64,1,contiguous,negative,out_ifft_complex128_64_1_contiguous_negative,0.00438364502043,0.00437583995517,7.80506525189e-06,7,2000,ok,
c222,out,ifft,complex128,64,8,contiguous,separate,out_ifft_complex128_64_8_contiguous_separate,0.00564585300162,0.00561717298115,1.68320257217e-05,7,2000,ok,
c222,out,ifft,complex128,64,8,contiguous,noncontiguous,out_ifft_complex128_64_8_contiguous_noncontiguous,0.00567644648254,0.00566561054438,7.34900822863e-06,7,2000,ok,
c222,out,ifft,complex128,64,8,contiguous,negative,out_ifft_complex128_64_8_contiguous_negative,0.00568391551496,0.00561928201932,1.85754615813e-05,7,2000,ok,
c222,out,ifft,complex128,4096,1,contiguous,separate,out_ifft_complex128_4096_1_contiguous_separate,0.0378101511238,0.0377782828217,2.40618860063e-05,7,371,ok,
c222,out,ifft,complex128,4096,1,contiguous,noncontiguous,out_ifft_complex128_4096_1_contiguous_noncontiguous,0.038421538656,0.0382840373388,0.000127403137202,7,377,ok,
c222,out,ifft,complex128,4096,1,contiguous,negative,out_ifft_complex128_4096_1_contiguous_negative,0.0379100927304,0.0377161478841,0.00014734668805,7,378,ok,
c222,out,ifft,complex128,4096,8,contiguous,separate,out_ifft_complex128_4096_8_contiguous_separate,0.181454197159,0.174119315059,0.000758772151266,7,127,ok,
c222,out,ifft,complex128,4096,8,contiguous,noncontiguous,out_ifft_complex128_4096_8_contiguous_noncontiguous,0.184386795264,0.181451401619,0.000406094881142,7,137,ok,
c222,out,ifft,complex128,4096,8,contiguous,negative,out_ifft_complex128_4096_8_contiguous_negative,0.184288042835,0.175855467624,0.00177630461118,7,141,ok,
c222,overlap,ifft,complex128,64,1,contiguous,inplace,overlap_ifft_complex128_64_1_contiguous_inplace,0.00438830896746,0.00432461203309,8.31548823044e-06,7,2000,ok,
c222,overlap,ifft,complex128,64,1,contiguous,partial_overlap,overlap_ifft_complex128_64_1_contiguous_partial_overlap,0.00492495449726,0.00491715496173,7.7995355241e-06,7,2000,ok,
c222,overlap,ifft,complex128,64,8,contiguous,inplace,overlap_ifft_complex128_64_8_contiguous_inplace,0.00568895440612,0.00564523511733,1.94422630588e-05,7,1931,ok,
c222,overlap,ifft,complex128,64,8,contiguous,partial_overlap,overlap_ifft_complex128_64_8_contiguous_partial_overlap,0.00654749021975,0.00650606690501,6.726517272e-06,7,1689,ok,
c222,overlap,ifft,complex128,4096,1,contiguous,inplace,overlap_ifft_complex128_4096_1_contiguous_inplace,0.0376425187495,0.0374683536876,4.13296065551e-05,7,376,ok,
c222,overlap,ifft,complex128,4096,1,contiguous,partial_overlap,overlap_ifft_complex128_4096_1_contiguous_partial_overlap,0.0396812922459,0.0395711394958,7.43222768963e-05,7,366,ok,
c222,overlap,ifft,complex128,4096,8,contiguous,inplace,overlap_ifft_complex128_4096_8_contiguous_inplace,0.171201714381,0.170837228818,0.00026622853641,7,140,ok,
c222,overlap,ifft,complex128,4096,8,contiguous,partial_overlap,overlap_ifft_complex128_4096_8_contiguous_partial_overlap,0.194436015039,0.185482909508,0.00417813708103,7,132,ok,
c222,out,rfft,float32,64,1,contiguous,separate,out_rfft_float32_64_1_contiguous_separate,0.00408328603953,0.00401621800847,2.20370129682e-05,7,2000,ok,
c222,out,rfft,float32,64,1,contiguous,noncontiguous,out_rfft_float32_64_1_contiguous_noncontiguous,0.00408222904662,0.00403286947403,1.30700645968e-05,7,2000,ok,
c222,out,rfft,float32,64,1,contiguous,negative,out_rfft_float32_64_1_contiguous_negative,0.00409822451184,0.00407292100135,2.30089644901e-05,7,2000,ok,
c222,out,rfft,float32,64,8,contiguous,separate,out_rfft_float32_64_8_contiguous_separate,0.00519848748809,0.0050704429741,8.94055119716e-05,7,2000,ok,
c222,out,rfft,float32,64,8,contiguous,noncontiguous,out_rfft_float32_64_8_contiguous_noncontiguous,0.00515229895245,0.00507506146096,7.72374914959e-05,7,2000,ok,
c222,out,rfft,float32,64,8,contiguous,negative,out_rfft_float32_64_8_contiguous_negative,0.00549504056042,0.00506577933978,9.61508129792e-05,7,1949,ok,
c222,out,rfft,float32,4096,1,contiguous,separate,out_rfft_float32_4096_1_contiguous_separate,0.0201192015313,0.0200778000262,4.14015050596e-05,7,635,ok,
c222,out,rfft,float32,4096,1,contiguous,noncontiguous,out_rfft_float32_4096_1_contiguous_noncontiguous,0.0211282409486,0.0199504041423,0.000429725742121,7,693,ok,
c222,out,rfft,float32,4096,1,contiguous,negative,out_rfft_float32_4096_1_contiguous_negative,0.0204679350401,0.020005090547,0.000396850525906,7,663,ok,
c222,out,rfft,float32,4096,8,contiguous,separate,out_rfft_float32_4096_8_contiguous_separate,0.0732274848269,0.0730620202376,6.36751065031e-05,7,200,ok,
c222,out,rfft,float32,4096,8,contiguous,noncontiguous,out_rfft_float32_4096_8_contiguous_noncontiguous,0.0780180445872,0.076270555146,0.000757949892431,7,200,ok,
c222,out,rfft,float32,4096,8,contiguous,negative,out_rfft_float32_4096_8_contiguous_negative,0.079675965244,0.0783857953502,0.00129016989376,7,200,ok,
c222,overlap,rfft,float32,64,1,contiguous,real_partial_overlap,overlap_rfft_float32_64_1_contiguous_real_partial_overlap,0.00443659028219,0.00423168375033,0.000165889170314,7,1967,ok,
c222,overlap,rfft,float32,4096,1,contiguous,real_partial_overlap,overlap_rfft_float32_4096_1_contiguous_real_partial_overlap,0.0201487352323,0.0200003675313,9.27630649456e-05,7,642,ok,
c222,out,rfft,float64,64,1,contiguous,separate,out_rfft_float64_64_1_contiguous_separate,0.00338191550691,0.00335717800772,4.24851896241e-06,7,2000,ok,
c222,out,rfft,float64,64,1,contiguous,noncontiguous,out_rfft_float64_64_1_contiguous_noncontiguous,0.00343982054619,0.00336033903295,5.58869796805e-05,7,2000,ok,
c222,out,rfft,float64,64,1,contiguous,negative,out_rfft_float64_64_1_contiguous_negative,0.00339682854246,0.00338026200188,1.38964387588e-05,7,2000,ok,
c222,out,rfft,float64,64,8,contiguous,separate,out_rfft_float64_64_8_contiguous_separate,0.00393793795956,0.00391142250737,2.65154521912e-05,7,2000,ok,
c222,out,rfft,float64,64,8,contiguous,noncontiguous,out_rfft_float64_64_8_contiguous_noncontiguous,0.00393903499935,0.00391164753819,7.05348793417e-06,7,2000,ok,
c222,out,rfft,float64,64,8,contiguous,negative,out_rfft_float64_64_8_contiguous_negative,0.00393119547516,0.00390699895797,2.41965171881e-05,7,2000,ok,
c222,out,rfft,float64,4096,1,contiguous,separate,out_rfft_float64_4096_1_contiguous_separate,0.0182799388906,0.0179837410527,0.000296197837815,7,753,ok,
c222,out,rfft,float64,4096,1,contiguous,noncontiguous,out_rfft_float64_4096_1_contiguous_noncontiguous,0.0194844383785,0.0187515199849,0.000518277036539,7,527,ok,
c222,out,rfft,float64,4096,1,contiguous,negative,out_rfft_float64_4096_1_contiguous_negative,0.0192644295401,0.0176420596209,0.0011984444713,7,738,ok,
c222,out,rfft,float64,4096,8,contiguous,separate,out_rfft_float64_4096_8_contiguous_separate,0.0697108596796,0.0629294995451,0.00324516033288,7,200,ok,
c222,out,rfft,float64,4096,8,contiguous,noncontiguous,out_rfft_float64_4096_8_contiguous_noncontiguous,0.0655438948888,0.0648508750601,0.000444044708274,7,200,ok,
c222,out,rfft,float64,4096,8,contiguous,negative,out_rfft_float64_4096_8_contiguous_negative,0.0634462351445,0.0633332197322,0.000111915287562,7,200,ok,
c222,overlap,rfft,float64,64,1,contiguous,real_partial_overlap,overlap_rfft_float64_64_1_contiguous_real_partial_overlap,0.00394463102566,0.0039212310221,2.02690716833e-05,7,2000,ok,
c222,overlap,rfft,float64,4096,1,contiguous,real_partial_overlap,overlap_rfft_float64_4096_1_contiguous_real_partial_overlap,0.0191475412893,0.018943276849,5.43706770335e-05,7,715,ok,
c222,out,irfft,complex64,64,1,contiguous,separate,out_irfft_complex64_64_1_contiguous_separate,0.0042797811475,0.00418740592328,9.23752242145e-05,7,1919,ok,
c222,out,irfft,complex64,64,1,contiguous,noncontiguous,out_irfft_complex64_64_1_contiguous_noncontiguous,0.00455894996412,0.004216010042,0.000295870471746,7,2000,ok,
c222,out,irfft,complex64,64,1,contiguous,negative,out_irfft_complex64_64_1_contiguous_negative,0.00477947649779,0.00428119400749,0.000184528005775,7,2000,ok,
c222,out,irfft,complex64,64,8,contiguous,separate,out_irfft_complex64_64_8_contiguous_separate,0.0053863619687,0.00500456249574,0.000234859006014,7,2000,ok,
c222,out,irfft,complex64,64,8,contiguous,noncontiguous,out_irfft_complex64_64_8_contiguous_noncontiguous,0.00531459106029,0.00486635840169,0.000177543492621,7,1345,ok,
c222,out,irfft,complex64,64,8,contiguous,negative,out_irfft_complex64_64_8_contiguous_negative,0.00510439299978,0.00507733097766,2.70620221272e-05,7,2000,ok,
c222,out,irfft,complex64,4096,1,contiguous,separate,out_irfft_complex64_4096_1_contiguous_separate,0.0241824768763,0.023965870569,0.000216606307203,7,541,ok,
c222,out,irfft,complex64,4096,1,contiguous,noncontiguous,out_irfft_complex64_4096_1_contiguous_noncontiguous,0.0241579413655,0.0238881137318,0.000232617282469,7,580,ok,
c222,out,irfft,complex64,4096,1,contiguous,negative,out_irfft_complex64_4096_1_contiguous_negative,0.0242554431498,0.0240137243081,0.000175028099934,7,573,ok,
c222,out,irfft,complex64,4096,8,contiguous,separate,out_irfft_complex64_4096_8_contiguous_separate,0.0556508847512,0.055484714685,0.00012323493138,7,200,ok,
c222,out,irfft,complex64,4096,8,contiguous,noncontiguous,out_irfft_complex64_4096_8_contiguous_noncontiguous,0.0575415999629,0.0569574296242,0.000485879718326,7,200,ok,
c222,out,irfft,complex64,4096,8,contiguous,negative,out_irfft_complex64_4096_8_contiguous_negative,0.0572011998156,0.0554554152768,0.000700640375726,7,200,ok,
c222,overlap,irfft,complex64,64,1,contiguous,real_partial_overlap,overlap_irfft_complex64_64_1_contiguous_real_partial_overlap,0.00480287531539,0.00470538330711,5.68707065017e-05,7,1949,ok,
c222,overlap,irfft,complex64,4096,1,contiguous,real_partial_overlap,overlap_irfft_complex64_4096_1_contiguous_real_partial_overlap,0.0255753397012,0.0251807292991,0.000321861774788,7,521,ok,
c222,out,irfft,complex128,64,1,contiguous,separate,out_irfft_complex128_64_1_contiguous_separate,0.00419277045876,0.00412850244902,3.60489939339e-05,7,2000,ok,
c222,out,irfft,complex128,64,1,contiguous,noncontiguous,out_irfft_complex128_64_1_contiguous_noncontiguous,0.00431364151882,0.00426340050763,1.17170275189e-05,7,2000,ok,
c222,out,irfft,complex128,64,1,contiguous,negative,out_irfft_complex128_64_1_contiguous_negative,0.00432648096466,0.00419376196805,5.37379528396e-05,7,2000,ok,
c222,out,irfft,complex128,64,8,contiguous,separate,out_irfft_complex128_64_8_contiguous_separate,0.00515695789765,0.00498992446187,7.73843696141e-05,7,1972,ok,
c222,out,irfft,complex128,64,8,contiguous,noncontiguous,out_irfft_complex128_64_8_contiguous_noncontiguous,0.00528858497273,0.00500039401231,0.000152130436618,7,2000,ok,
c222,out,irfft,complex128,64,8,contiguous,negative,out_irfft_complex128_64_8_contiguous_negative,0.00506426906331,0.00504960803448,1.46610288305e-05,7,1977,ok,
c222,out,irfft,complex128,4096,1,contiguous,separate,out_irfft_complex128_4096_1_contiguous_separate,0.0215568587125,0.0214136824647,0.000132807892644,7,630,ok,
c222,out,irfft,complex128,4096,1,contiguous,noncontiguous,out_irfft_complex128_4096_1_contiguous_noncontiguous,0.0221904681435,0.0221369365927,5.35315508401e-05,7,615,ok,
c222,out,irfft,complex128,4096,1,contiguous,negative,out_irfft_complex128_4096_1_contiguous_negative,0.0220958066723,0.0215548652604,0.000478204438631,7,631,ok,
c222,out,irfft,complex128,4096,8,contiguous,separate,out_irfft_complex128_4096_8_contiguous_separate,0.0757705449359,0.0741935847327,0.00107700994704,7,200,ok,
c222,out,irfft,complex128,4096,8,contiguous,noncontiguous,out_irfft_complex128_4096_8_contiguous_noncontiguous,0.077127040131,0.0750304298708,0.000824524904601,7,200,ok,
c222,out,irfft,complex128,4096,8,contiguous,negative,out_irfft_complex128_4096_8_contiguous_negative,0.0761017296463,0.0751089351252,0.000857784762047,7,200,ok,
c222,overlap,irfft,complex128,64,1,contiguous,real_partial_overlap,overlap_irfft_complex128_64_1_contiguous_real_partial_overlap,0.00485834366743,0.00478368064948,7.32353762441e-05,7,1929,ok,
c222,overlap,irfft,complex128,4096,1,contiguous,real_partial_overlap,overlap_irfft_complex128_4096_1_contiguous_real_partial_overlap,0.0229521908002,0.022866523006,6.29999263932e-05,7,587,ok,
final,layout,fft,complex64,1024,1,reverse,,layout_fft_complex64_1024_1_reverse_,0.0111964101353,0.01084994648,0.000139978006533,7,729,ok,
final,layout,fft,complex64,1024,1,stride2,,layout_fft_complex64_1024_1_stride2_,0.0112898607914,0.0109105925724,0.00016747250208,7,1092,ok,
final,layout,fft,complex64,1024,1,transpose,,layout_fft_complex64_1024_1_transpose_,0.0107567561838,0.0104007614387,0.000333739063581,7,1161,ok,
final,layout,fft,complex64,1024,1,fortran,,layout_fft_complex64_1024_1_fortran_,0.0102947823386,0.0101382894056,3.66064042047e-05,7,1227,ok,
final,layout,fft,complex64,1024,8,reverse,,layout_fft_complex64_1024_8_reverse_,0.0402383197797,0.0397505401634,0.000487779616378,7,200,ok,
final,layout,fft,complex64,1024,8,stride2,,layout_fft_complex64_1024_8_stride2_,0.0395455502439,0.0391992850928,0.000346265151165,7,200,ok,
final,layout,fft,complex64,1024,8,transpose,,layout_fft_complex64_1024_8_transpose_,0.0409828452393,0.0394002202665,0.00154875975568,7,200,ok,
final,layout,fft,complex64,1024,8,fortran,,layout_fft_complex64_1024_8_fortran_,0.0401343195699,0.0389335246291,0.00112509413157,7,200,ok,
final,layout,fft,complex64,1024,64,reverse,,layout_fft_complex64_1024_64_reverse_,0.24973883123,0.2464529727,0.00152404052796,7,71,ok,
final,layout,fft,complex64,1024,64,stride2,,layout_fft_complex64_1024_64_stride2_,0.25777216187,0.24756031332,0.00323091911133,7,99,ok,
final,layout,fft,complex64,1024,64,transpose,,layout_fft_complex64_1024_64_transpose_,0.267540724777,0.254543438763,0.00599391843972,7,98,ok,
final,layout,fft,complex64,1024,64,fortran,,layout_fft_complex64_1024_64_fortran_,0.255652638536,0.248760082183,0.00362982493393,7,97,ok,
final,layout,fft,complex64,4096,1,reverse,,layout_fft_complex64_4096_1_reverse_,0.0318280903677,0.0315488893728,0.000259026981739,7,443,ok,
final,layout,fft,complex64,4096,1,stride2,,layout_fft_complex64_4096_1_stride2_,0.0319800445706,0.0316770245425,0.000288220018976,7,450,ok,
final,layout,fft,complex64,4096,1,transpose,,layout_fft_complex64_4096_1_transpose_,0.02875294028,0.0285941492846,0.000158790995413,7,469,ok,
final,layout,fft,complex64,4096,1,fortran,,layout_fft_complex64_4096_1_fortran_,0.0287572361999,0.028558444116,0.000198792083883,7,491,ok,
final,layout,fft,complex64,4096,8,reverse,,layout_fft_complex64_4096_8_reverse_,0.150971920258,0.149872214705,0.000542324704855,7,163,ok,
final,layout,fft,complex64,4096,8,stride2,,layout_fft_complex64_4096_8_stride2_,0.149869163182,0.148834770009,0.00103439317282,7,165,ok,
final,layout,fft,complex64,4096,8,transpose,,layout_fft_complex64_4096_8_transpose_,0.149233030331,0.148315780524,0.000686926352678,7,164,ok,
final,layout,fft,complex64,4096,8,fortran,,layout_fft_complex64_4096_8_fortran_,0.149167658869,0.148972225228,0.000195433641216,7,164,ok,
final,layout,fft,complex64,4096,64,reverse,,layout_fft_complex64_4096_64_reverse_,1.0553504515,1.05264679878,0.00151689746417,7,20,ok,
final,layout,fft,complex64,4096,64,stride2,,layout_fft_complex64_4096_64_stride2_,1.04896779521,1.04477074929,0.00260199303739,7,20,ok,
final,layout,fft,complex64,4096,64,transpose,,layout_fft_complex64_4096_64_transpose_,1.07955019921,1.07805989683,0.00138959730975,7,20,ok,
final,layout,fft,complex64,4096,64,fortran,,layout_fft_complex64_4096_64_fortran_,1.08114280156,1.07966549695,0.00147730461322,7,20,ok,
final,layout,fft,complex64,65536,1,reverse,,layout_fft_complex64_65536_1_reverse_,0.494513080969,0.494149142914,0.000146182006871,5,49,ok,
final,layout,fft,complex64,65536,1,stride2,,layout_fft_complex64_65536_1_stride2_,0.499272441957,0.498478920199,0.000447663478553,5,50,ok,
final,layout,fft,complex64,65536,1,transpose,,layout_fft_complex64_65536_1_transpose_,0.462331925519,0.458983096013,0.00327305631044,5,53,ok,
final,layout,fft,complex64,65536,1,fortran,,layout_fft_complex64_65536_1_fortran_,0.455067704294,0.452365314467,0.00210088910535,5,54,ok,
final,layout,fft,complex64,65536,8,reverse,,layout_fft_complex64_65536_8_reverse_,3.42037683974,3.41825451081,0.00212232892712,5,6,ok,
final,layout,fft,complex64,65536,8,stride2,,layout_fft_complex64_65536_8_stride2_,3.46922900062,3.46356420778,0.00566479284316,5,10,ok,
final,layout,fft,complex64,65536,8,transpose,,layout_fft_complex64_65536_8_transpose_,3.43969459645,3.43588729156,0.00380730489269,5,10,ok,
final,layout,fft,complex64,65536,8,fortran,,layout_fft_complex64_65536_8_fortran_,3.44260720303,3.42314990703,0.0174926011823,5,10,ok,
final,layout,fft,complex64,65536,64,reverse,,layout_fft_complex64_65536_64_reverse_,30.4794460535,30.1655660151,0.313880038448,5,1,ok,
final,layout,fft,complex64,65536,64,stride2,,layout_fft_complex64_65536_64_stride2_,31.2038420234,30.8138260152,0.247313058935,5,1,ok,
final,layout,fft,complex64,65536,64,transpose,,layout_fft_complex64_65536_64_transpose_,48.5107359709,47.5840249564,0.804768991657,5,1,ok,
final,layout,fft,complex64,65536,64,fortran,,layout_fft_complex64_65536_64_fortran_,47.3412099527,46.582570998,0.67927793134,5,1,ok,
final,staged,fft,complex64,1024,1,contiguous,pad,staged_fft_complex64_1024_1_contiguous_pad,0.00923423504276,0.00919850443259,3.39325008427e-05,7,1021,ok,
final,staged,fft,complex64,1024,1,contiguous,truncate,staged_fft_complex64_1024_1_contiguous_truncate,0.0102338029833,0.0100853225466,6.85677536185e-05,7,1203,ok,
final,staged,fft,complex64,1024,8,contiguous,pad,staged_fft_complex64_1024_8_contiguous_pad,0.0345281552291,0.0343158998294,0.000212255399674,7,200,ok,
final,staged,fft,complex64,1024,8,contiguous,truncate,staged_fft_complex64_1024_8_contiguous_truncate,0.0389130349504,0.0387455697637,0.000167465186678,7,200,ok,
final,staged,fft,complex64,1024,64,contiguous,pad,staged_fft_complex64_1024_64_contiguous_pad,0.236584266116,0.233874229404,0.00136212246226,7,105,ok,
final,staged,fft,complex64,1024,64,contiguous,truncate,staged_fft_complex64_1024_64_contiguous_truncate,0.247115167872,0.245618247796,0.000922158037746,7,101,ok,
final,staged,fft,complex64,1024,256,contiguous,pad,staged_fft_complex64_1024_256_contiguous_pad,0.93416729942,0.926356849959,0.00595335150138,7,20,ok,
final,staged,fft,complex64,1024,256,contiguous,truncate,staged_fft_complex64_1024_256_contiguous_truncate,0.952201301698,0.946624099743,0.00557720195502,7,20,ok,
final,staged,fft,complex64,4096,1,contiguous,pad,staged_fft_complex64_4096_1_contiguous_pad,0.028324695688,0.0279761036665,0.000165494840127,7,473,ok,
final,staged,fft,complex64,4096,1,contiguous,truncate,staged_fft_complex64_4096_1_contiguous_truncate,0.0287706618977,0.0286772851918,5.30550381559e-05,7,491,ok,
final,staged,fft,complex64,4096,8,contiguous,pad,staged_fft_complex64_4096_8_contiguous_pad,0.152461637851,0.150313981569,0.00180442963207,7,163,ok,
final,staged,fft,complex64,4096,8,contiguous,truncate,staged_fft_complex64_4096_8_contiguous_truncate,0.152513976068,0.152309951514,0.000204024554202,7,165,ok,
final,staged,fft,complex64,4096,64,contiguous,pad,staged_fft_complex64_4096_64_contiguous_pad,1.13597204909,1.12221785239,0.013585947454,7,20,ok,
final,staged,fft,complex64,4096,64,contiguous,truncate,staged_fft_complex64_4096_64_contiguous_truncate,1.06497390079,1.06065610307,0.000727397855371,7,20,ok,
final,staged,fft,complex64,4096,256,contiguous,pad,staged_fft_complex64_4096_256_contiguous_pad,4.52387100086,4.46762628521,0.0202071387321,7,7,ok,
final,staged,fft,complex64,4096,256,contiguous,truncate,staged_fft_complex64_4096_256_contiguous_truncate,4.28653949348,4.24343325722,0.0358436227543,7,8,ok,
final,staged,fft,complex64,4097,1,contiguous,pad,staged_fft_complex64_4097_1_contiguous_pad,0.145114352927,0.144410005305,0.000525005709599,5,170,ok,
final,staged,fft,complex64,4097,1,contiguous,truncate,staged_fft_complex64_4097_1_contiguous_truncate,0.145632354678,0.143937546581,0.000867523594088,5,172,ok,
final,staged,fft,complex64,4097,8,contiguous,pad,staged_fft_complex64_4097_8_contiguous_pad,1.05944965237,1.05349912875,0.00218112710053,5,23,ok,
final,staged,fft,complex64,4097,8,contiguous,truncate,staged_fft_complex64_4097_8_contiguous_truncate,0.421278406771,0.415124593075,0.00213346757679,5,49,ok,
final,staged,fft,complex64,4097,64,contiguous,pad,staged_fft_complex64_4097_64_contiguous_pad,8.44419249916,8.34378050058,0.100411998574,5,4,ok,
final,staged,fft,complex64,4097,64,contiguous,truncate,staged_fft_complex64_4097_64_contiguous_truncate,3.18503970047,3.18128250074,0.00375719973817,5,10,ok,
final,staged,fft,complex64,4097,256,contiguous,pad,staged_fft_complex64_4097_256_contiguous_pad,32.5483109336,32.3941069655,0.147703103721,5,1,ok,
final,staged,fft,complex64,4097,256,contiguous,truncate,staged_fft_complex64_4097_256_contiguous_truncate,12.7176769893,12.5923220185,0.0328774913214,5,2,ok,
final,staged,fft,complex64,8192,1,contiguous,pad,staged_fft_complex64_8192_1_contiguous_pad,0.0573627598351,0.0569702050416,6.80302036926e-05,5,200,ok,
final,staged,fft,complex64,8192,1,contiguous,truncate,staged_fft_complex64_8192_1_contiguous_truncate,0.0549628201406,0.0548279599752,0.000134860165417,5,200,ok,
final,staged,fft,complex64,8192,8,contiguous,pad,staged_fft_complex64_8192_8_contiguous_pad,0.344536177916,0.342204589524,0.00233158839178,5,73,ok,
final,staged,fft,complex64,8192,8,contiguous,truncate,staged_fft_complex64_8192_8_contiguous_truncate,0.342468583969,0.340579819749,0.000784278704992,5,72,ok,
final,staged,fft,complex64,8192,64,contiguous,pad,staged_fft_complex64_8192_64_contiguous_pad,2.663606089,2.63414808433,0.0294580046708,5,12,ok,
final,staged,fft,complex64,8192,64,contiguous,truncate,staged_fft_complex64_8192_64_contiguous_truncate,2.5378384699,2.516561546,0.0212769238995,5,13,ok,
final,staged,fft,complex64,8192,256,contiguous,pad,staged_fft_complex64_8192_256_contiguous_pad,10.9800903592,10.8355170038,0.0936523235093,5,3,ok,
final,staged,fft,complex64,8192,256,contiguous,truncate,staged_fft_complex64_8192_256_contiguous_truncate,10.6076283458,10.2156723151,0.0500723641987,5,3,ok,
final,layout,fft,complex128,1024,1,reverse,,layout_fft_complex128_1024_1_reverse_,0.0114239859789,0.00964312188913,0.00142648704857,7,992,ok,
final,layout,fft,complex128,1024,1,stride2,,layout_fft_complex128_1024_1_stride2_,0.011940937011,0.0108750236578,0.000589929092496,7,1143,ok,
final,layout,fft,complex128,1024,1,transpose,,layout_fft_complex128_1024_1_transpose_,0.0117081895625,0.0108704314563,7.08522966465e-05,7,1145,ok,
final,layout,fft,complex128,1024,1,fortran,,layout_fft_complex128_1024_1_fortran_,0.010891330724,0.00987628047579,0.000353802806857,7,1273,ok,
final,layout,fft,complex128,1024,8,reverse,,layout_fft_complex128_1024_8_reverse_,0.0464067148278,0.0392199750058,0.00423955556471,7,200,ok,
final,layout,fft,complex128,1024,8,stride2,,layout_fft_complex128_1024_8_stride2_,0.0416689552367,0.0413587148068,0.000310240429826,7,200,ok,
final,layout,fft,complex128,1024,8,transpose,,layout_fft_complex128_1024_8_transpose_,0.0417402898893,0.0414088601246,0.000173730077222,7,200,ok,
final,layout,fft,complex128,1024,8,fortran,,layout_fft_complex128_1024_8_fortran_,0.0425816501956,0.0422347895801,0.000165769597515,7,200,ok,
final,layout,fft,complex128,1024,64,reverse,,layout_fft_complex128_1024_64_reverse_,0.25306531881,0.252661772898,0.000137887347835,7,97,ok,
final,layout,fft,complex128,1024,64,stride2,,layout_fft_complex128_1024_64_stride2_,0.256946969288,0.255800443989,0.000478236542381,7,97,ok,
final,layout,fft,complex128,1024,64,transpose,,layout_fft_complex128_1024_64_transpose_,0.335514958476,0.33426187671,0.000759246376381,7,73,ok,
final,layout,fft,complex128,1024,64,fortran,,layout_fft_complex128_1024_64_fortran_,0.339274933385,0.334234216024,0.00140783723091,7,74,ok,
final,layout,fft,complex128,4096,1,reverse,,layout_fft_complex128_4096_1_reverse_,0.0301075822238,0.0299748734724,8.07391833278e-05,7,395,ok,
final,layout,fft,complex128,4096,1,stride2,,layout_fft_complex128_4096_1_stride2_,0.0309066197088,0.0307962792199,6.18766624849e-05,7,455,ok,
final,layout,fft,complex128,4096,1,transpose,,layout_fft_complex128_4096_1_transpose_,0.0310302166884,0.0308279474867,5.46344492739e-05,7,457,ok,
final,layout,fft,complex128,4096,1,fortran,,layout_fft_complex128_4096_1_fortran_,0.0325525200387,0.0322534955386,0.00014970436141,7,446,ok,
final,layout,fft,complex128,4096,8,reverse,,layout_fft_complex128_4096_8_reverse_,0.167974102197,0.167435380396,0.000402673470731,7,147,ok,
final,layout,fft,complex128,4096,8,stride2,,layout_fft_complex128_4096_8_stride2_,0.169877417398,0.168547821263,0.000301267702949,7,146,ok,
final,layout,fft,complex128,4096,8,transpose,,layout_fft_complex128_4096_8_transpose_,0.183623568871,0.182245931445,0.0005838004514,7,130,ok,
final,layout,fft,complex128,4096,8,fortran,,layout_fft_complex128_4096_8_fortran_,0.185514199203,0.184389081335,0.000978762249428,7,135,ok,
final,layout,fft,complex128,4096,64,reverse,,layout_fft_complex128_4096_64_reverse_,1.20290804771,1.19719814975,0.00280034728348,7,20,ok,
final,layout,fft,complex128,4096,64,stride2,,layout_fft_complex128_4096_64_stride2_,1.21385495295,1.21273684781,0.000284047564492,7,20,ok,
final,layout,fft,complex128,4096,64,transpose,,layout_fft_complex128_4096_64_transpose_,1.5446323494,1.53007145273,0.00486180069856,7,20,ok,
final,layout,fft,complex128,4096,64,fortran,,layout_fft_complex128_4096_64_fortran_,1.55501264962,1.53144209762,0.00236200285144,7,20,ok,
final,layout,fft,complex128,65536,1,reverse,,layout_fft_complex128_65536_1_reverse_,0.887131609488,0.881446463089,0.00210617768711,5,28,ok,
final,layout,fft,complex128,65536,1,stride2,,layout_fft_complex128_65536_1_stride2_,0.900639889382,0.894724481946,0.00302836781851,5,27,ok,
final,layout,fft,complex128,65536,1,transpose,,layout_fft_complex128_65536_1_transpose_,0.895117073216,0.893081706535,0.00159303588724,5,27,ok,
final,layout,fft,complex128,65536,1,fortran,,layout_fft_complex128_65536_1_fortran_,0.894978668334,0.892621223573,0.00235744476042,5,27,ok,
final,layout,fft,complex128,65536,8,reverse,,layout_fft_complex128_65536_8_reverse_,7.60552924476,7.51171252341,0.0230639998335,5,4,ok,
final,layout,fft,complex128,65536,8,stride2,,layout_fft_complex128_65536_8_stride2_,7.75010051439,7.689407008,0.0538102758583,5,4,ok,
final,layout,fft,complex128,65536,8,transpose,,layout_fft_complex128_65536_8_transpose_,7.91374576511,7.81136527075,0.0667929707561,5,4,ok,
final,layout,fft,complex128,65536,8,fortran,,layout_fft_complex128_65536_8_fortran_,8.31168398145,7.97932874411,0.312385003781,5,4,ok,
final,layout,fft,complex128,65536,64,reverse,,layout_fft_complex128_65536_64_reverse_,64.3309090519,64.0368170571,0.231542973779,5,1,ok,
final,layout,fft,complex128,65536,64,stride2,,layout_fft_complex128_65536_64_stride2_,67.3490689369,66.3191900821,0.619584112428,5,1,ok,
final,layout,fft,complex128,65536,64,transpose,,layout_fft_complex128_65536_64_transpose_,88.3204090642,88.112220983,0.20818808116,5,1,ok,
final,layout,fft,complex128,65536,64,fortran,,layout_fft_complex128_65536_64_fortran_,88.312153006,88.0171789322,0.294974073768,5,1,ok,
final,staged,fft,complex128,1024,1,contiguous,pad,staged_fft_complex128_1024_1_contiguous_pad,0.00916379488563,0.00908873394926,6.02297777927e-05,7,1214,ok,
final,staged,fft,complex128,1024,1,contiguous,truncate,staged_fft_complex128_1024_1_contiguous_truncate,0.00933362165872,0.00930408455255,1.72062363829e-05,7,1348,ok,
final,staged,fft,complex128,1024,8,contiguous,pad,staged_fft_complex128_1024_8_contiguous_pad,0.0359777751146,0.0358866003808,8.75652767718e-05,7,200,ok,
final,staged,fft,complex128,1024,8,contiguous,truncate,staged_fft_complex128_1024_8_contiguous_truncate,0.0393432599958,0.0392144150101,6.33700983599e-05,7,200,ok,
final,staged,fft,complex128,1024,64,contiguous,pad,staged_fft_complex128_1024_64_contiguous_pad,0.242757010639,0.242014813885,0.000309410240209,7,102,ok,
final,staged,fft,complex128,1024,64,contiguous,truncate,staged_fft_complex128_1024_64_contiguous_truncate,0.251863063558,0.251495832038,0.000262705266084,7,95,ok,
final,staged,fft,complex128,1024,256,contiguous,pad,staged_fft_complex128_1024_256_contiguous_pad,0.974239897914,0.957079598447,0.0104684964754,7,20,ok,
final,staged,fft,complex128,1024,256,contiguous,truncate,staged_fft_complex128_1024_256_contiguous_truncate,0.977216602769,0.973465945572,0.00321565312333,7,20,ok,
final,staged,fft,complex128,4096,1,contiguous,pad,staged_fft_complex128_4096_1_contiguous_pad,0.0316820142242,0.0312768930521,5.42589416838e-05,7,421,ok,
final,staged,fft,complex128,4096,1,contiguous,truncate,staged_fft_complex128_4096_1_contiguous_truncate,0.03196871803,0.0315091835222,0.000322631131066,7,447,ok,
final,staged,fft,complex128,4096,8,contiguous,pad,staged_fft_complex128_4096_8_contiguous_pad,0.186106476576,0.184929538591,0.000459554030385,7,128,ok,
final,staged,fft,complex128,4096,8,contiguous,truncate,staged_fft_complex128_4096_8_contiguous_truncate,0.164359889383,0.163823830305,0.000221405202657,7,153,ok,
final,staged,fft,complex128,4096,64,contiguous,pad,staged_fft_complex128_4096_64_contiguous_pad,1.42071040464,1.41020280425,0.00265404232778,7,20,ok,
final,staged,fft,complex128,4096,64,contiguous,truncate,staged_fft_complex128_4096_64_contiguous_truncate,1.18773754803,1.18019514484,0.00318260281347,7,20,ok,
final,staged,fft,complex128,4096,256,contiguous,pad,staged_fft_complex128_4096_256_contiguous_pad,5.89225001168,5.83665960003,0.0555904116482,7,5,ok,
final,staged,fft,complex128,4096,256,contiguous,truncate,staged_fft_complex128_4096_256_contiguous_truncate,4.99417443228,4.94330985072,0.0452752823808,7,7,ok,
final,staged,fft,complex128,4097,1,contiguous,pad,staged_fft_complex128_4097_1_contiguous_pad,0.111231884803,0.110831370112,0.000386545434594,5,200,ok,
final,staged,fft,complex128,4097,1,contiguous,truncate,staged_fft_complex128_4097_1_contiguous_truncate,0.111938635237,0.111696774838,0.000176680041477,5,200,ok,
final,staged,fft,complex128,4097,8,contiguous,pad,staged_fft_complex128_4097_8_contiguous_pad,0.802588130858,0.797358803421,0.000929516259461,5,31,ok,
final,staged,fft,complex128,4097,8,contiguous,truncate,staged_fft_complex128_4097_8_contiguous_truncate,0.698213083928,0.697341695842,0.000809888458914,5,36,ok,
final,staged,fft,complex128,4097,64,contiguous,pad,staged_fft_complex128_4097_64_contiguous_pad,6.30456819199,6.27025661524,0.020907795988,5,5,ok,
final,staged,fft,complex128,4097,64,contiguous,truncate,staged_fft_complex128_4097_64_contiguous_truncate,5.49827250264,5.49395582251,0.00431668013334,5,6,ok,
final,staged,fft,complex128,4097,256,contiguous,pad,staged_fft_complex128_4097_256_contiguous_pad,25.5278410623,25.4286309937,0.0447949860245,5,1,ok,
final,staged,fft,complex128,4097,256,contiguous,truncate,staged_fft_complex128_4097_256_contiguous_truncate,21.8704489525,21.865941002,0.0045079505071,5,1,ok,
final,staged,fft,complex128,8192,1,contiguous,pad,staged_fft_complex128_8192_1_contiguous_pad,0.0596542895073,0.0594397302484,0.000143875367939,5,200,ok,
final,staged,fft,complex128,8192,1,contiguous,truncate,staged_fft_complex128_8192_1_contiguous_truncate,0.0602561904816,0.0602331949631,2.29955185205e-05,5,200,ok,
final,staged,fft,complex128,8192,8,contiguous,pad,staged_fft_complex128_8192_8_contiguous_pad,0.366879426806,0.366341059014,0.000415073694004,5,68,ok,
final,staged,fft,complex128,8192,8,contiguous,truncate,staged_fft_complex128_8192_8_contiguous_truncate,0.371498338735,0.370380337923,0.000816786016982,5,65,ok,
final,staged,fft,complex128,8192,64,contiguous,pad,staged_fft_complex128_8192_64_contiguous_pad,2.89082041127,2.88800833126,0.00117558132236,5,12,ok,
final,staged,fft,complex128,8192,64,contiguous,truncate,staged_fft_complex128_8192_64_contiguous_truncate,2.91848372118,2.90860209233,0.00448036007583,5,11,ok,
final,staged,fft,complex128,8192,256,contiguous,pad,staged_fft_complex128_8192_256_contiguous_pad,19.5470170584,19.4132110337,0.133806024678,5,1,ok,
final,staged,fft,complex128,8192,256,contiguous,truncate,staged_fft_complex128_8192_256_contiguous_truncate,13.8780705165,13.7523600133,0.0657209893689,5,2,ok,
final,layout,ifft,complex64,1024,1,reverse,,layout_ifft_complex64_1024_1_reverse_,0.0116871619013,0.0116268149218,3.41400650155e-05,7,778,ok,
final,layout,ifft,complex64,1024,1,stride2,,layout_ifft_complex64_1024_1_stride2_,0.0117289933824,0.0116892679767,2.6879812746e-05,7,1056,ok,
final,layout,ifft,complex64,1024,1,transpose,,layout_ifft_complex64_1024_1_transpose_,0.0110176311185,0.0109143137104,1.46675027079e-05,7,1125,ok,
final,layout,ifft,complex64,1024,1,fortran,,layout_ifft_complex64_1024_1_fortran_,0.0108942845432,0.0108765842579,1.50374087681e-05,7,1174,ok,
final,layout,ifft,complex64,1024,8,reverse,,layout_ifft_complex64_1024_8_reverse_,0.0408528954722,0.0407523551257,6.3770567067e-05,7,200,ok,
final,layout,ifft,complex64,1024,8,stride2,,layout_ifft_complex64_1024_8_stride2_,0.0410790299065,0.0408780953148,9.73901478574e-05,7,200,ok,
final,layout,ifft,complex64,1024,8,transpose,,layout_ifft_complex64_1024_8_transpose_,0.0414723297581,0.0413125747582,2.28954013437e-05,7,200,ok,
final,layout,ifft,complex64,1024,8,fortran,,layout_ifft_complex64_1024_8_fortran_,0.0411700049881,0.0410495750839,5.31499972567e-05,7,200,ok,
final,layout,ifft,complex64,1024,64,reverse,,layout_ifft_complex64_1024_64_reverse_,0.252378883919,0.251860621287,0.000432094461039,7,95,ok,
final,layout,ifft,complex64,1024,64,stride2,,layout_ifft_complex64_1024_64_stride2_,0.251826815953,0.25100268338,0.000648479671122,7,98,ok,
final,layout,ifft,complex64,1024,64,transpose,,layout_ifft_complex64_1024_64_transpose_,0.259775203973,0.25895847288,0.00012551699715,7,93,ok,
final,layout,ifft,complex64,1024,64,fortran,,layout_ifft_complex64_1024_64_fortran_,0.258727584956,0.258279382251,0.000342553322937,7,94,ok,
final,layout,ifft,complex64,4096,1,reverse,,layout_ifft_complex64_4096_1_reverse_,0.0323756221866,0.0322224263291,4.05138731861e-05,7,434,ok,
final,layout,ifft,complex64,4096,1,stride2,,layout_ifft_complex64_4096_1_stride2_,0.0325847685307,0.0325094837212,5.06118331627e-05,7,428,ok,
final,layout,ifft,complex64,4096,1,transpose,,layout_ifft_complex64_4096_1_transpose_,0.0299221149923,0.0298459063026,4.19937311969e-05,7,470,ok,
final,layout,ifft,complex64,4096,1,fortran,,layout_ifft_complex64_4096_1_fortran_,0.0297382352639,0.029690644876,2.58486037056e-05,7,476,ok,
final,layout,ifft,complex64,4096,8,reverse,,layout_ifft_complex64_4096_8_reverse_,0.156315381173,0.155159237329,0.000231812737184,7,160,ok,
final,layout,ifft,complex64,4096,8,stride2,,layout_ifft_complex64_4096_8_stride2_,0.15474758521,0.154032886655,0.000714698554538,7,159,ok,
final,layout,ifft,complex64,4096,8,transpose,,layout_ifft_complex64_4096_8_transpose_,0.156087447221,0.15526234594,0.00079700052621,7,159,ok,
final,layout,ifft,complex64,4096,8,fortran,,layout_ifft_complex64_4096_8_fortran_,0.15565698005,0.155379296461,0.000265090455932,7,155,ok,
final,layout,ifft,complex64,4096,64,reverse,,layout_ifft_complex64_4096_64_reverse_,1.09114189981,1.08927430119,0.00169374980032,7,20,ok,
final,layout,ifft,complex64,4096,64,stride2,,layout_ifft_complex64_4096_64_stride2_,1.08114979812,1.07977915322,0.00135659938678,7,20,ok,
final,layout,ifft,complex64,4096,64,transpose,,layout_ifft_complex64_4096_64_transpose_,1.10623874934,1.10062754829,0.00281889806502,7,20,ok,
final,layout,ifft,complex64,4096,64,fortran,,layout_ifft_complex64_4096_64_fortran_,1.10499790171,1.10457905103,0.000418850686401,7,20,ok,
final,layout,ifft,complex64,65536,1,reverse,,layout_ifft_complex64_65536_1_reverse_,0.49782068003,0.495684179477,0.000231659505516,5,50,ok,
final,layout,ifft,complex64,65536,1,stride2,,layout_ifft_complex64_65536_1_stride2_,0.498839121844,0.497532754243,0.00114422481583,5,49,ok,
final,layout,ifft,complex64,65536,1,transpose,,layout_ifft_complex64_65536_1_transpose_,0.458974395615,0.457345244457,0.00127924623776,5,53,ok,
final,layout,ifft,complex64,65536,1,fortran,,layout_ifft_complex64_65536_1_fortran_,0.462800277294,0.461823408302,0.000927519674102,5,54,ok,
final,layout,ifft,complex64,65536,8,reverse,,layout_ifft_complex64_65536_8_reverse_,3.46218249761,3.45227459911,0.00885889166966,5,10,ok,
final,layout,ifft,complex64,65536,8,stride2,,layout_ifft_complex64_65536_8_stride2_,3.46007850021,3.45614099642,0.00393750378862,5,10,ok,
final,layout,ifft,complex64,65536,8,transpose,,layout_ifft_complex64_65536_8_transpose_,3.40745790163,3.40313561028,0.00388739863411,5,10,ok,
final,layout,ifft,complex64,65536,8,fortran,,layout_ifft_complex64_65536_8_fortran_,3.41639500111,3.40609729756,0.00821870053187,5,10,ok,
final,layout,ifft,complex64,65536,64,reverse,,layout_ifft_complex64_65536_64_reverse_,29.5715510147,29.4126470108,0.115890987217,5,1,ok,
final,layout,ifft,complex64,65536,64,stride2,,layout_ifft_complex64_65536_64_stride2_,30.5746790254,30.1859360188,0.284876092337,5,1,ok,
final,layout,ifft,complex64,65536,64,transpose,,layout_ifft_complex64_65536_64_transpose_,45.9287200356,45.4960929928,0.367944012396,5,1,ok,
final,layout,ifft,complex64,65536,64,fortran,,layout_ifft_complex64_65536_64_fortran_,45.7853359403,45.3535809647,0.43175497558,5,1,ok,
final,staged,ifft,complex64,1024,1,contiguous,pad,staged_ifft_complex64_1024_1_contiguous_pad,0.0106078205442,0.0105808116126,3.16755822144e-06,7,1009,ok,
final,staged,ifft,complex64,1024,1,contiguous,truncate,staged_ifft_complex64_1024_1_contiguous_truncate,0.0108252106205,0.0107766057545,2.38581499761e-05,7,1149,ok,
final,staged,ifft,complex64,1024,8,contiguous,pad,staged_ifft_complex64_1024_8_contiguous_pad,0.0404351501493,0.0404068402713,2.81550455838e-05,7,200,ok,
final,staged,ifft,complex64,1024,8,contiguous,truncate,staged_ifft_complex64_1024_8_contiguous_truncate,0.0409402151126,0.0408490397967,1.96846667677e-05,7,200,ok,
final,staged,ifft,complex64,1024,64,contiguous,pad,staged_ifft_complex64_1024_64_contiguous_pad,0.278336022133,0.277799258553,0.00040572047694,7,89,ok,
final,staged,ifft,complex64,1024,64,contiguous,truncate,staged_ifft_complex64_1024_64_contiguous_truncate,0.252456489798,0.251543622616,0.000484193893796,7,98,ok,
final,staged,ifft,complex64,1024,256,contiguous,pad,staged_ifft_complex64_1024_256_contiguous_pad,1.09374690219,1.08912654687,0.00326824956574,7,20,ok,
final,staged,ifft,complex64,1024,256,contiguous,truncate,staged_ifft_complex64_1024_256_contiguous_truncate,0.982553802896,0.974665698595,0.00600645435043,7,20,ok,
final,staged,ifft,complex64,4096,1,contiguous,pad,staged_ifft_complex64_4096_1_contiguous_pad,0.0304345687448,0.0303889954311,4.55733136385e-05,7,443,ok,
final,staged,ifft,complex64,4096,1,contiguous,truncate,staged_ifft_complex64_4096_1_contiguous_truncate,0.0296932965361,0.029495020771,4.97298144058e-05,7,381,ok,
final,staged,ifft,complex64,4096,8,contiguous,pad,staged_ifft_complex64_4096_8_contiguous_pad,0.165919646776,0.165711452719,0.000208194057147,7,150,ok,
final,staged,ifft,complex64,4096,8,contiguous,truncate,staged_ifft_complex64_4096_8_contiguous_truncate,0.154488372923,0.153776080353,0.000428211707506,7,161,ok,
final,staged,ifft,complex64,4096,64,contiguous,pad,staged_ifft_complex64_4096_64_contiguous_pad,1.23861030443,1.2345449999,0.00276429927908,7,20,ok,
final,staged,ifft,complex64,4096,64,contiguous,truncate,staged_ifft_complex64_4096_64_contiguous_truncate,1.08818675508,1.08694335213,0.000888208160177,7,20,ok,
final,staged,ifft,complex64,4096,256,contiguous,pad,staged_ifft_complex64_4096_256_contiguous_pad,4.95171601263,4.92894249813,0.0203940241287,7,6,ok,
final,staged,ifft,complex64,4096,256,contiguous,truncate,staged_ifft_complex64_4096_256_contiguous_truncate,4.35477611609,4.34880725516,0.00286298745777,7,8,ok,
final,staged,ifft,complex64,4097,1,contiguous,pad,staged_ifft_complex64_4097_1_contiguous_pad,0.14470337226,0.143830514976,0.000277811044155,5,169,ok,
final,staged,ifft,complex64,4097,1,contiguous,truncate,staged_ifft_complex64_4097_1_contiguous_truncate,0.143365987961,0.143169093103,0.000196894858206,5,172,ok,
final,staged,ifft,complex64,4097,8,contiguous,pad,staged_ifft_complex64_4097_8_contiguous_pad,1.03976856411,1.03454508454,0.000654740016097,5,23,ok,
final,staged,ifft,complex64,4097,8,contiguous,truncate,staged_ifft_complex64_4097_8_contiguous_truncate,0.417923434482,0.414942884042,0.000529332707326,5,60,ok,
final,staged,ifft,complex64,4097,64,contiguous,pad,staged_ifft_complex64_4097_64_contiguous_pad,8.21414275561,8.09926574584,0.0122082419693,5,4,ok,
final,staged,ifft,complex64,4097,64,contiguous,truncate,staged_ifft_complex64_4097_64_contiguous_truncate,3.20326550864,3.1949316035,0.00470291124657,5,10,ok,
final,staged,ifft,complex64,4097,256,contiguous,pad,staged_ifft_complex64_4097_256_contiguous_pad,32.9307930078,32.7482940629,0.152792083099,5,1,ok,
final,staged,ifft,complex64,4097,256,contiguous,truncate,staged_ifft_complex64_4097_256_contiguous_truncate,12.9108660039,12.8641065094,0.0120284967124,5,2,ok,
final,staged,ifft,complex64,8192,1,contiguous,pad,staged_ifft_complex64_8192_1_contiguous_pad,0.0645087700104,0.0638485053787,0.000241360394284,5,200,ok,
final,staged,ifft,complex64,8192,1,contiguous,truncate,staged_ifft_complex64_8192_1_contiguous_truncate,0.0561378651764,0.056033214787,0.000104650389403,5,200,ok,
final,staged,ifft,complex64,8192,8,contiguous,pad,staged_ifft_complex64_8192_8_contiguous_pad,0.388035177058,0.386592920779,0.000842259220418,5,62,ok,
final,staged,ifft,complex64,8192,8,contiguous,truncate,staged_ifft_complex64_8192_8_contiguous_truncate,0.341986768484,0.341399904494,0.000586863989903,5,73,ok,
final,staged,ifft,complex64,8192,64,contiguous,pad,staged_ifft_complex64_8192_64_contiguous_pad,2.98189308325,2.97673055055,4.18989326465e-05,5,11,ok,
final,staged,ifft,complex64,8192,64,contiguous,truncate,staged_ifft_complex64_8192_64_contiguous_truncate,2.53615515808,2.53290207519,0.00325308288806,5,13,ok,
final,staged,ifft,complex64,8192,256,contiguous,pad,staged_ifft_complex64_8192_256_contiguous_pad,12.0437984588,11.9763549883,0.0322970445268,5,2,ok,
final,staged,ifft,complex64,8192,256,contiguous,truncate,staged_ifft_complex64_8192_256_contiguous_truncate,10.2734093089,10.2472893583,0.0261199505379,5,3,ok,
final,layout,ifft,complex128,1024,1,reverse,,layout_ifft_complex128_1024_1_reverse_,0.0111151940814,0.0110573609529,3.91405902545e-05,7,953,ok,
final,layout,ifft,complex128,1024,1,stride2,,layout_ifft_complex128_1024_1_stride2_,0.0112888395259,0.0112348404521,5.39990738236e-05,7,1109,ok,
final,layout,ifft,complex128,1024,1,transpose,,layout_ifft_complex128_1024_1_transpose_,0.010788474638,0.0107349415077,2.38202965513e-05,7,1163,ok,
final,layout,ifft,complex128,1024,1,fortran,,layout_ifft_complex128_1024_1_fortran_,0.0106130244141,0.0105571149417,3.30602274786e-05,7,1148,ok,
final,layout,ifft,complex128,1024,8,reverse,,layout_ifft_complex128_1024_8_reverse_,0.0425698299659,0.0423883798067,9.67853702605e-05,7,200,ok,
final,layout,ifft,complex128,1024,8,stride2,,layout_ifft_complex128_1024_8_stride2_,0.0448949751444,0.0446136354003,0.000242214882746,7,200,ok,
final,layout,ifft,complex128,1024,8,transpose,,layout_ifft_complex128_1024_8_transpose_,0.0446444947738,0.0443022901891,0.000166320241988,7,200,ok,
final,layout,ifft,complex128,1024,8,fortran,,layout_ifft_complex128_1024_8_fortran_,0.0451568746939,0.0449835899053,0.000125189544633,7,200,ok,
final,layout,ifft,complex128,1024,64,reverse,,layout_ifft_complex128_1024_64_reverse_,0.269576661704,0.267958265718,0.00072355629001,7,83,ok,
final,layout,ifft,complex128,1024,64,stride2,,layout_ifft_complex128_1024_64_stride2_,0.272077237605,0.271780299954,0.000208387791645,7,80,ok,
final,layout,ifft,complex128,1024,64,transpose,,layout_ifft_complex128_1024_64_transpose_,0.337695709659,0.330250448736,0.00571149259644,7,69,ok,
final,layout,ifft,complex128,1024,64,fortran,,layout_ifft_complex128_1024_64_fortran_,0.344186043709,0.336937794654,0.00698954339468,7,68,ok,
final,layout,ifft,complex128,4096,1,reverse,,layout_ifft_complex128_4096_1_reverse_,0.0323835327182,0.0320814463288,6.46836016067e-05,7,430,ok,
final,layout,ifft,complex128,4096,1,stride2,,layout_ifft_complex128_4096_1_stride2_,0.0329797265498,0.0328824158527,4.10347689535e-05,7,428,ok,
final,layout,ifft,complex128,4096,1,transpose,,layout_ifft_complex128_4096_1_transpose_,0.0323348730389,0.0322163039016,0.000103870712964,7,441,ok,
final,layout,ifft,complex128,4096,1,fortran,,layout_ifft_complex128_4096_1_fortran_,0.0340491560801,0.0339814609833,4.38417900292e-05,7,423,ok,
final,layout,ifft,complex128,4096,8,reverse,,layout_ifft_complex128_4096_8_reverse_,0.177742999845,0.17687147899,0.000138907593542,7,140,ok,
final,layout,ifft,complex128,4096,8,stride2,,layout_ifft_complex128_4096_8_stride2_,0.181030310077,0.180114545704,0.000915764372401,7,132,ok,
final,layout,ifft,complex128,4096,8,transpose,,layout_ifft_complex128_4096_8_transpose_,0.2007710986,0.196784592441,0.00398650615947,7,81,ok,
final,layout,ifft,complex128,4096,8,fortran,,layout_ifft_complex128_4096_8_fortran_,0.198517686554,0.194324333487,0.00110067693251,7,105,ok,
final,layout,ifft,complex128,4096,64,reverse,,layout_ifft_complex128_4096_64_reverse_,1.27613305231,1.26947680255,0.00665624975227,7,20,ok,
final,layout,ifft,complex128,4096,64,stride2,,layout_ifft_complex128_4096_64_stride2_,1.2853807013,1.28184495261,0.00203190138564,7,20,ok,
final,layout,ifft,complex128,4096,64,transpose,,layout_ifft_complex128_4096_64_transpose_,1.60404439666,1.55970865162,0.0111077039037,7,20,ok,
final,layout,ifft,complex128,4096,64,fortran,,layout_ifft_complex128_4096_64_fortran_,1.59753744956,1.54708549962,0.0136776536237,7,20,ok,
final,layout,ifft,complex128,65536,1,reverse,,layout_ifft_complex128_65536_1_reverse_,0.936951585269,0.928062499346,0.00888908592363,5,24,ok,
final,layout,ifft,complex128,65536,1,stride2,,layout_ifft_complex128_65536_1_stride2_,0.927773232643,0.923040730413,0.00236372803696,5,26,ok,
final,layout,ifft,complex128,65536,1,transpose,,layout_ifft_complex128_65536_1_transpose_,0.910860887315,0.909363182641,0.000957403918383,5,27,ok,
final,layout,ifft,complex128,65536,1,fortran,,layout_ifft_complex128_65536_1_fortran_,0.905776706835,0.904445670097,0.000732856009294,5,27,ok,
final,layout,ifft,complex128,65536,8,reverse,,layout_ifft_complex128_65536_8_reverse_,7.59612125694,7.58199676056,0.0141244963743,5,4,ok,
final,layout,ifft,complex128,65536,8,stride2,,layout_ifft_complex128_65536_8_stride2_,7.68036974478,7.62540724827,0.0549624965061,5,4,ok,
final,layout,ifft,complex128,65536,8,transpose,,layout_ifft_complex128_65536_8_transpose_,7.83361523645,7.78524274938,0.0230967707466,5,4,ok,
final,layout,ifft,complex128,65536,8,fortran,,layout_ifft_complex128_65536_8_fortran_,7.84949050285,7.79877099558,0.0335592485499,5,4,ok,
final,layout,ifft,complex128,65536,64,reverse,,layout_ifft_complex128_65536_64_reverse_,65.3407400241,65.0559349451,0.284805078991,5,1,ok,
final,layout,ifft,complex128,65536,64,stride2,,layout_ifft_complex128_65536_64_stride2_,67.6533099031,67.5464560045,0.0764159485698,5,1,ok,
final,layout,ifft,complex128,65536,64,transpose,,layout_ifft_complex128_65536_64_transpose_,89.6886650007,88.7424260145,0.0594239681959,5,1,ok,
final,layout,ifft,complex128,65536,64,fortran,,layout_ifft_complex128_65536_64_fortran_,88.6299110716,88.4231859818,0.206725089811,5,1,ok,
final,staged,ifft,complex128,1024,1,contiguous,pad,staged_ifft_complex128_1024_1_contiguous_pad,0.0103909911562,0.0103788020958,1.21890604642e-05,7,1021,ok,
final,staged,ifft,complex128,1024,1,contiguous,truncate,staged_ifft_complex128_1024_1_contiguous_truncate,0.0106497895758,0.0105471014646,5.78085638325e-05,7,1212,ok,
final,staged,ifft,complex128,1024,8,contiguous,pad,staged_ifft_complex128_1024_8_contiguous_pad,0.0393916550092,0.0392682198435,9.2649133876e-06,7,200,ok,
final,staged,ifft,complex128,1024,8,contiguous,truncate,staged_ifft_complex128_1024_8_contiguous_truncate,0.0422473653452,0.0421742751496,4.87943179905e-05,7,200,ok,
final,staged,ifft,complex128,1024,64,contiguous,pad,staged_ifft_complex128_1024_64_contiguous_pad,0.264471542942,0.263399913897,0.000296307955571,7,94,ok,
final,staged,ifft,complex128,1024,64,contiguous,truncate,staged_ifft_complex128_1024_64_contiguous_truncate,0.267281380492,0.26540356592,0.000676065531519,7,92,ok,
final,staged,ifft,complex128,1024,256,contiguous,pad,staged_ifft_complex128_1024_256_contiguous_pad,1.05372134713,1.04878844577,0.00335339573212,7,20,ok,
final,staged,ifft,complex128,1024,256,contiguous,truncate,staged_ifft_complex128_1024_256_contiguous_truncate,1.04069444933,1.03850325104,0.00142169883475,7,20,ok,
final,staged,ifft,complex128,4096,1,contiguous,pad,staged_ifft_complex128_4096_1_contiguous_pad,0.0336812857855,0.0335687265062,1.95959101206e-05,7,406,ok,
final,staged,ifft,complex128,4096,1,contiguous,truncate,staged_ifft_complex128_4096_1_contiguous_truncate,0.0330464606156,0.0328071597593,0.000108770985174,7,432,ok,
final,staged,ifft,complex128,4096,8,contiguous,pad,staged_ifft_complex128_4096_8_contiguous_pad,0.191769938078,0.191354566405,0.000358977022963,7,129,ok,
final,staged,ifft,complex128,4096,8,contiguous,truncate,staged_ifft_complex128_4096_8_contiguous_truncate,0.174546485577,0.173568641144,0.000295844945637,7,142,ok,
final,staged,ifft,complex128,4096,64,contiguous,pad,staged_ifft_complex128_4096_64_contiguous_pad,1.46053805365,1.45805380307,0.000712857581675,7,20,ok,
final,staged,ifft,complex128,4096,64,contiguous,truncate,staged_ifft_complex128_4096_64_contiguous_truncate,1.25359094818,1.24851425062,0.00185354729183,7,20,ok,
final,staged,ifft,complex128,4096,256,contiguous,pad,staged_ifft_complex128_4096_256_contiguous_pad,5.76875116288,5.69805599904,0.0410886714235,7,6,ok,
final,staged,ifft,complex128,4096,256,contiguous,truncate,staged_ifft_complex128_4096_256_contiguous_truncate,5.21802518051,5.21376366184,0.00231619924307,7,6,ok,
final,staged,ifft,complex128,4097,1,contiguous,pad,staged_ifft_complex128_4097_1_contiguous_pad,0.11424935481,0.113982749754,0.000205495161936,5,200,ok,
final,staged,ifft,complex128,4097,1,contiguous,truncate,staged_ifft_complex128_4097_1_contiguous_truncate,0.114487664541,0.114250055049,8.17055115476e-05,5,200,ok,
final,staged,ifft,complex128,4097,8,contiguous,pad,staged_ifft_complex128_4097_8_contiguous_pad,0.830093965746,0.814730710831,0.0153632549148,5,31,ok,
final,staged,ifft,complex128,4097,8,contiguous,truncate,staged_ifft_complex128_4097_8_contiguous_truncate,0.726645264555,0.724546559949,0.00209870460608,5,34,ok,
final,staged,ifft,complex128,4097,64,contiguous,pad,staged_ifft_complex128_4097_64_contiguous_pad,6.31439699791,6.27373519819,0.0362731982023,5,5,ok,
final,staged,ifft,complex128,4097,64,contiguous,truncate,staged_ifft_complex128_4097_64_contiguous_truncate,5.58110083997,5.56196266552,0.00881516219427,5,6,ok,
final,staged,ifft,complex128,4097,256,contiguous,pad,staged_ifft_complex128_4097_256_contiguous_pad,25.5245940061,25.4009980708,0.0736409565434,5,1,ok,
final,staged,ifft,complex128,4097,256,contiguous,truncate,staged_ifft_complex128_4097_256_contiguous_truncate,22.3548449576,22.3294359166,0.0254090409726,5,1,ok,
final,staged,ifft,complex128,8192,1,contiguous,pad,staged_ifft_complex128_8192_1_contiguous_pad,0.0596444203984,0.0594776053913,0.000137464958243,5,200,ok,
final,staged,ifft,complex128,8192,1,contiguous,truncate,staged_ifft_complex128_8192_1_contiguous_truncate,0.0602231250377,0.0600984902121,0.000124634825625,5,200,ok,
final,staged,ifft,complex128,8192,8,contiguous,pad,staged_ifft_complex128_8192_8_contiguous_pad,0.362012867117,0.361155415885,0.00085745123215,5,60,ok,
final,staged,ifft,complex128,8192,8,contiguous,truncate,staged_ifft_complex128_8192_8_contiguous_truncate,0.384377297451,0.382304422601,0.00205031210498,5,64,ok,
final,staged,ifft,complex128,8192,64,contiguous,pad,staged_ifft_complex128_8192_64_contiguous_pad,2.9643944193,2.8313191627,0.023084168788,5,12,ok,
final,staged,ifft,complex128,8192,64,contiguous,truncate,staged_ifft_complex128_8192_64_contiguous_truncate,3.07563066276,3.05306977437,0.0197222171765,5,9,ok,
final,staged,ifft,complex128,8192,256,contiguous,pad,staged_ifft_complex128_8192_256_contiguous_pad,13.9779709862,13.5689894669,0.0995705486275,5,2,ok,
final,staged,ifft,complex128,8192,256,contiguous,truncate,staged_ifft_complex128_8192_256_contiguous_truncate,14.1436380218,14.1106045339,0.0330334878527,5,2,ok,
final,layout,rfft,float32,1024,1,reverse,,layout_rfft_float32_1024_1_reverse_,0.00751202155908,0.00745537547538,5.05724277061e-05,7,650,ok,
final,layout,rfft,float32,1024,1,stride2,,layout_rfft_float32_1024_1_stride2_,0.0075877638638,0.00754585738616,3.76148946123e-05,7,1571,ok,
final,layout,rfft,float32,1024,1,transpose,,layout_rfft_float32_1024_1_transpose_,0.00762825588766,0.00757729074905,1.35344792301e-05,7,1579,ok,
final,layout,rfft,float32,1024,1,fortran,,layout_rfft_float32_1024_1_fortran_,0.00743228419487,0.0074050236676,1.21904511486e-05,7,1601,ok,
final,layout,rfft,float32,1024,8,reverse,,layout_rfft_float32_1024_8_reverse_,0.0220185902435,0.0219473050674,5.51552511752e-05,7,200,ok,
final,layout,rfft,float32,1024,8,stride2,,layout_rfft_float32_1024_8_stride2_,0.0220754998736,0.021999104647,6.41698716208e-05,7,200,ok,
final,layout,rfft,float32,1024,8,transpose,,layout_rfft_float32_1024_8_transpose_,0.0223996699788,0.0220995448763,0.000148085528053,7,200,ok,
final,layout,rfft,float32,1024,8,fortran,,layout_rfft_float32_1024_8_fortran_,0.0221600150689,0.0219670450315,6.81349774823e-05,7,200,ok,
final,layout,rfft,float32,1024,64,reverse,,layout_rfft_float32_1024_64_reverse_,0.139578447193,0.136604156038,0.00214488336598,7,179,ok,
final,layout,rfft,float32,1024,64,stride2,,layout_rfft_float32_1024_64_stride2_,0.140656158857,0.136891806588,0.00174606248038,7,176,ok,
final,layout,rfft,float32,1024,64,transpose,,layout_rfft_float32_1024_64_transpose_,0.140819423648,0.140333694858,0.000367875705542,7,177,ok,
final,layout,rfft,float32,1024,64,fortran,,layout_rfft_float32_1024_64_fortran_,0.143044143808,0.142125258939,0.000453741428838,7,174,ok,
final,layout,rfft,float32,4096,1,reverse,,layout_rfft_float32_4096_1_reverse_,0.0175164342076,0.0172188150042,0.00029761920341,7,746,ok,
final,layout,rfft,float32,4096,1,stride2,,layout_rfft_float32_4096_1_stride2_,0.0172073088653,0.0171492188184,1.43514471452e-05,7,777,ok,
final,layout,rfft,float32,4096,1,transpose,,layout_rfft_float32_4096_1_transpose_,0.0174706275203,0.0173959613432,2.27371425147e-05,7,776,ok,
final,layout,rfft,float32,4096,1,fortran,,layout_rfft_float32_4096_1_fortran_,0.0173462247899,0.0173017896663,3.03299710542e-05,7,770,ok,
final,layout,rfft,float32,4096,8,reverse,,layout_rfft_float32_4096_8_reverse_,0.0810282502789,0.0806227250723,8.3910417743e-05,7,200,ok,
final,layout,rfft,float32,4096,8,stride2,,layout_rfft_float32_4096_8_stride2_,0.0813511700835,0.0809212948661,0.000149839906953,7,200,ok,
final,layout,rfft,float32,4096,8,transpose,,layout_rfft_float32_4096_8_transpose_,0.0821322097909,0.0815590599086,0.000333940261044,7,200,ok,
final,layout,rfft,float32,4096,8,fortran,,layout_rfft_float32_4096_8_fortran_,0.0810224848101,0.0803875754355,3.57703538612e-05,7,200,ok,
final,layout,rfft,float32,4096,64,reverse,,layout_rfft_float32_4096_64_reverse_,0.582566199591,0.579697149806,0.00268509611487,7,20,ok,
final,layout,rfft,float32,4096,64,stride2,,layout_rfft_float32_4096_64_stride2_,0.588454451645,0.582179951016,0.00336839584634,7,20,ok,
final,layout,rfft,float32,4096,64,transpose,,layout_rfft_float32_4096_64_transpose_,0.613517849706,0.605014100438,0.0071290996857,7,20,ok,
final,layout,rfft,float32,4096,64,fortran,,layout_rfft_float32_4096_64_fortran_,0.616855197586,0.615130399819,0.000855646794662,7,20,ok,
final,layout,rfft,float32,65536,1,reverse,,layout_rfft_float32_65536_1_reverse_,0.364325328597,0.354099642885,0.0073132703879,5,70,ok,
final,layout,rfft,float32,65536,1,stride2,,layout_rfft_float32_65536_1_stride2_,0.371322835059,0.35494689503,0.0025602544088,5,67,ok,
final,layout,rfft,float32,65536,1,transpose,,layout_rfft_float32_65536_1_transpose_,0.352906706907,0.352094117689,0.000703100608114,5,68,ok,
final,layout,rfft,float32,65536,1,fortran,,layout_rfft_float32_65536_1_fortran_,0.354740083114,0.353768792896,0.000417735362943,5,72,ok,
final,layout,rfft,float32,65536,8,reverse,,layout_rfft_float32_65536_8_reverse_,1.74894178972,1.74189836865,0.00390689820051,5,19,ok,
final,layout,rfft,float32,65536,8,stride2,,layout_rfft_float32_65536_8_stride2_,1.84796268341,1.84014089724,0.00782178616837,5,19,ok,
final,layout,rfft,float32,65536,8,transpose,,layout_rfft_float32_65536_8_transpose_,1.81792415433,1.81085384132,0.00707031301174,5,19,ok,
final,layout,rfft,float32,65536,8,fortran,,layout_rfft_float32_65536_8_fortran_,1.84128783937,1.79808573969,0.033572628653,5,19,ok,
final,layout,rfft,float32,65536,64,reverse,,layout_rfft_float32_65536_64_reverse_,13.8614384923,13.7206845102,0.140753982123,5,2,ok,
final,layout,rfft,float32,65536,64,stride2,,layout_rfft_float32_65536_64_stride2_,14.2009774572,13.7401164975,0.124748563394,5,2,ok,
final,layout,rfft,float32,65536,64,transpose,,layout_rfft_float32_65536_64_transpose_,17.8826054907,16.9805960031,0.307387497742,5,2,ok,
final,layout,rfft,float32,65536,64,fortran,,layout_rfft_float32_65536_64_fortran_,17.3049964942,16.5092800162,0.13251346536,5,2,ok,
final,staged,rfft,float32,1024,1,contiguous,pad,staged_rfft_float32_1024_1_contiguous_pad,0.00955898837387,0.00953720466394,1.2194791058e-05,7,1119,ok,
final,staged,rfft,float32,1024,1,contiguous,truncate,staged_rfft_float32_1024_1_contiguous_truncate,0.00752993286705,0.0075078519107,1.86811806078e-05,7,1506,ok,
final,staged,rfft,float32,1024,8,contiguous,pad,staged_rfft_float32_1024_8_contiguous_pad,0.0489452696638,0.0487733399495,0.000102199846879,7,200,ok,
final,staged,rfft,float32,1024,8,contiguous,truncate,staged_rfft_float32_1024_8_contiguous_truncate,0.0223095499678,0.0220229499973,0.000146874808706,7,200,ok,
final,staged,rfft,float32,1024,64,contiguous,pad,staged_rfft_float32_1024_64_contiguous_pad,0.365007177392,0.363924530307,0.000990131144028,7,68,ok,
final,staged,rfft,float32,1024,64,contiguous,truncate,staged_rfft_float32_1024_64_contiguous_truncate,0.136746299945,0.136613494639,0.000132805305637,7,180,ok,
final,staged,rfft,float32,1024,256,contiguous,pad,staged_rfft_float32_1024_256_contiguous_pad,1.44998484757,1.43180860323,0.00638364581391,7,20,ok,
final,staged,rfft,float32,1024,256,contiguous,truncate,staged_rfft_float32_1024_256_contiguous_truncate,0.529643998016,0.527749350294,0.00188709818758,7,20,ok,
final,staged,rfft,float32,4096,1,contiguous,pad,staged_rfft_float32_4096_1_contiguous_pad,0.0250083368903,0.0248330272904,0.000164685058382,7,549,ok,
final,staged,rfft,float32,4096,1,contiguous,truncate,staged_rfft_float32_4096_1_contiguous_truncate,0.0182107869572,0.0176123571703,0.000476235124682,7,770,ok,
final,staged,rfft,float32,4096,8,contiguous,pad,staged_rfft_float32_4096_8_contiguous_pad,0.166900119812,0.165939867645,0.000638908102171,7,151,ok,
final,staged,rfft,float32,4096,8,contiguous,truncate,staged_rfft_float32_4096_8_contiguous_truncate,0.0811213249108,0.0805391650647,0.000262550311163,7,200,ok,
final,staged,rfft,float32,4096,64,contiguous,pad,staged_rfft_float32_4096_64_contiguous_pad,1.28913740045,1.28613965353,0.00113464775495,7,20,ok,
final,staged,rfft,float32,4096,64,contiguous,truncate,staged_rfft_float32_4096_64_contiguous_truncate,0.587333797012,0.585975701688,0.00113219721243,7,20,ok,
final,staged,rfft,float32,4096,256,contiguous,pad,staged_rfft_float32_4096_256_contiguous_pad,5.14337917169,5.13595332935,0.00528851523995,7,6,ok,
final,staged,rfft,float32,4096,256,contiguous,truncate,staged_rfft_float32_4096_256_contiguous_truncate,2.31987193027,2.31504914284,0.00179207251806,7,14,ok,
final,staged,rfft,float32,4097,1,contiguous,pad,staged_rfft_float32_4097_1_contiguous_pad,0.137786909091,0.137453327234,0.00012838373771,5,177,ok,
final,staged,rfft,float32,4097,1,contiguous,truncate,staged_rfft_float32_4097_1_contiguous_truncate,0.13608726634,0.135942655874,0.000144610466022,5,180,ok,
final,staged,rfft,float32,4097,8,contiguous,pad,staged_rfft_float32_4097_8_contiguous_pad,1.07369254428,1.07138813473,0.000718631781638,5,22,ok,
final,staged,rfft,float32,4097,8,contiguous,truncate,staged_rfft_float32_4097_8_contiguous_truncate,0.373881089741,0.372785665659,0.000186880105034,5,66,ok,
final,staged,rfft,float32,4097,64,contiguous,pad,staged_rfft_float32_4097_64_contiguous_pad,8.46168099088,8.45132098766,0.0103600032162,5,4,ok,
final,staged,rfft,float32,4097,64,contiguous,truncate,staged_rfft_float32_4097_64_contiguous_truncate,2.85983791885,2.85603899586,0.00138767063618,5,12,ok,
final,staged,rfft,float32,4097,256,contiguous,pad,staged_rfft_float32_4097_256_contiguous_pad,33.8602788979,33.8128390722,0.0474398257211,5,1,ok,
final,staged,rfft,float32,4097,256,contiguous,truncate,staged_rfft_float32_4097_256_contiguous_truncate,11.5160383284,11.491922002,0.0241163264339,5,3,ok,
final,staged,rfft,float32,8192,1,contiguous,pad,staged_rfft_float32_8192_1_contiguous_pad,0.0460137601476,0.0458550598705,0.000158700277098,5,200,ok,
final,staged,rfft,float32,8192,1,contiguous,truncate,staged_rfft_float32_8192_1_contiguous_truncate,0.0339453399647,0.033919995185,2.53447797149e-05,5,200,ok,
final,staged,rfft,float32,8192,8,contiguous,pad,staged_rfft_float32_8192_8_contiguous_pad,0.326244599807,0.325513733551,0.000575906597078,5,75,ok,
final,staged,rfft,float32,8192,8,contiguous,truncate,staged_rfft_float32_8192_8_contiguous_truncate,0.162412097236,0.16108117529,0.000801149078391,5,154,ok,
final,staged,rfft,float32,8192,64,contiguous,pad,staged_rfft_float32_8192_64_contiguous_pad,2.5664300013,2.56274146243,0.00368853887686,5,13,ok,
final,staged,rfft,float32,8192,64,contiguous,truncate,staged_rfft_float32_8192_64_contiguous_truncate,1.21639485005,1.20331229991,0.0102415448055,5,20,ok,
final,staged,rfft,float32,8192,256,contiguous,pad,staged_rfft_float32_8192_256_contiguous_pad,10.2862673036,10.2428810205,0.0374613640209,5,3,ok,
final,staged,rfft,float32,8192,256,contiguous,truncate,staged_rfft_float32_8192_256_contiguous_truncate,4.85509140417,4.84616039321,0.00771880149841,5,5,ok,
final,layout,rfft,float64,1024,1,reverse,,layout_rfft_float64_1024_1_reverse_,0.00740566121129,0.00736708454267,8.05233773324e-06,7,1396,ok,
final,layout,rfft,float64,1024,1,stride2,,layout_rfft_float64_1024_1_stride2_,0.00760815757244,0.00750253553944,2.28505154438e-06,7,1561,ok,
final,layout,rfft,float64,1024,1,transpose,,layout_rfft_float64_1024_1_transpose_,0.00777381890616,0.00776230370013,1.15152060266e-05,7,1574,ok,
final,layout,rfft,float64,1024,1,fortran,,layout_rfft_float64_1024_1_fortran_,0.00754202010884,0.00750975530763,1.09480832584e-05,7,1639,ok,
final,layout,rfft,float64,1024,8,reverse,,layout_rfft_float64_1024_8_reverse_,0.0164878199575,0.0164339650655,3.22604319081e-05,7,200,ok,
final,layout,rfft,float64,1024,8,stride2,,layout_rfft_float64_1024_8_stride2_,0.0168229604606,0.0167392496951,5.56546729058e-05,7,200,ok,
final,layout,rfft,float64,1024,8,transpose,,layout_rfft_float64_1024_8_transpose_,0.017976865056,0.0176832050784,0.000169925042428,7,200,ok,
final,layout,rfft,float64,1024,8,fortran,,layout_rfft_float64_1024_8_fortran_,0.0183560897131,0.0183002796257,1.37748429552e-05,7,200,ok,
final,layout,rfft,float64,1024,64,reverse,,layout_rfft_float64_1024_64_reverse_,0.0925568403909,0.0911088200519,0.000811005593278,7,200,ok,
final,layout,rfft,float64,1024,64,stride2,,layout_rfft_float64_1024_64_stride2_,0.0924892548937,0.0920554803452,0.000248869764619,7,200,ok,
final,layout,rfft,float64,1024,64,transpose,,layout_rfft_float64_1024_64_transpose_,0.130021489564,0.127153272971,0.00224150529112,7,198,ok,
final,layout,rfft,float64,1024,64,fortran,,layout_rfft_float64_1024_64_fortran_,0.135183819722,0.132071042788,0.000517180302826,7,189,ok,
final,layout,rfft,float64,4096,1,reverse,,layout_rfft_float64_4096_1_reverse_,0.019232207079,0.0191190955263,2.65772304836e-05,7,691,ok,
final,layout,rfft,float64,4096,1,stride2,,layout_rfft_float64_4096_1_stride2_,0.0190023565665,0.0189523438633,2.14888415919e-05,7,718,ok,
final,layout,rfft,float64,4096,1,transpose,,layout_rfft_float64_4096_1_transpose_,0.0196684447853,0.0195337115043,3.68263251769e-05,7,697,ok,
final,layout,rfft,float64,4096,1,fortran,,layout_rfft_float64_4096_1_fortran_,0.0193163985386,0.0192500639565,8.37786097287e-06,7,720,ok,
final,layout,rfft,float64,4096,8,reverse,,layout_rfft_float64_4096_8_reverse_,0.0645194895333,0.064284739783,1.93895539269e-05,7,200,ok,
final,layout,rfft,float64,4096,8,stride2,,layout_rfft_float64_4096_8_stride2_,0.0663495395565,0.065950024873,5.37501182407e-05,7,200,ok,
final,layout,rfft,float64,4096,8,transpose,,layout_rfft_float64_4096_8_transpose_,0.0732815399533,0.0729100301396,0.000315355136991,7,200,ok,
final,layout,rfft,float64,4096,8,fortran,,layout_rfft_float64_4096_8_fortran_,0.0767496199114,0.0764201895799,0.000249274889939,7,200,ok,
final,layout,rfft,float64,4096,64,reverse,,layout_rfft_float64_4096_64_reverse_,0.450261251535,0.448166200658,0.000636198092252,7,20,ok,
final,layout,rfft,float64,4096,64,stride2,,layout_rfft_float64_4096_64_stride2_,0.460417650174,0.459123699693,0.00105550279841,7,20,ok,
final,layout,rfft,float64,4096,64,transpose,,layout_rfft_float64_4096_64_transpose_,0.63268749509,0.619513797574,0.00489339581691,7,20,ok,
final,layout,rfft,float64,4096,64,fortran,,layout_rfft_float64_4096_64_fortran_,0.651462399401,0.64381530392,0.00390849891119,7,20,ok,
final,layout,rfft,float64,65536,1,reverse,,layout_rfft_float64_65536_1_reverse_,0.480319556888,0.478938846544,0.00112657793439,5,52,ok,
final,layout,rfft,float64,65536,1,stride2,,layout_rfft_float64_65536_1_stride2_,0.48373646076,0.480970614052,0.000109806513557,5,52,ok,
final,layout,rfft,float64,65536,1,transpose,,layout_rfft_float64_65536_1_transpose_,0.481137461835,0.478333249563,0.000987266853022,5,52,ok,
final,layout,rfft,float64,65536,1,fortran,,layout_rfft_float64_65536_1_fortran_,0.483001589172,0.47989229343,0.00149833367151,5,51,ok,
final,layout,rfft,float64,65536,8,reverse,,layout_rfft_float64_65536_8_reverse_,2.02487844217,2.01688062225,0.00208387064049,5,16,ok,
final,layout,rfft,float64,65536,8,stride2,,layout_rfft_float64_65536_8_stride2_,2.06702581636,2.04927130835,0.0120192416944,5,16,ok,
final,layout,rfft,float64,65536,8,transpose,,layout_rfft_float64_65536_8_transpose_,2.19118479484,2.18359093803,0.00275727361441,5,15,ok,
final,layout,rfft,float64,65536,8,fortran,,layout_rfft_float64_65536_8_fortran_,2.21987967379,2.20486826729,0.00254287539671,5,15,ok,
final,layout,rfft,float64,65536,64,reverse,,layout_rfft_float64_65536_64_reverse_,19.0993109718,18.6604830669,0.255368999206,5,1,ok,
final,layout,rfft,float64,65536,64,stride2,,layout_rfft_float64_65536_64_stride2_,20.0512720039,19.8928490281,0.106643070467,5,1,ok,
final,layout,rfft,float64,65536,64,transpose,,layout_rfft_float64_65536_64_transpose_,29.5255930396,29.2827590602,0.148534076288,5,1,ok,
final,layout,rfft,float64,65536,64,fortran,,layout_rfft_float64_65536_64_fortran_,27.9580369825,27.8399710078,0.0804649898782,5,1,ok,
final,staged,rfft,float64,1024,1,contiguous,pad,staged_rfft_float64_1024_1_contiguous_pad,0.00852752355036,0.00849339549993,2.01460992276e-05,7,1211,ok,
final,staged,rfft,float64,1024,1,contiguous,truncate,staged_rfft_float64_1024_1_contiguous_truncate,0.00744907857033,0.00740796375233,1.10838912649e-05,7,1515,ok,
final,staged,rfft,float64,1024,8,contiguous,pad,staged_rfft_float64_1024_8_contiguous_pad,0.0422722147778,0.0419608649099,0.000311349867843,7,200,ok,
final,staged,rfft,float64,1024,8,contiguous,truncate,staged_rfft_float64_1024_8_contiguous_truncate,0.0161064899294,0.0160823401529,2.41497764364e-05,7,200,ok,
final,staged,rfft,float64,1024,64,contiguous,pad,staged_rfft_float64_1024_64_contiguous_pad,0.307087177894,0.305458999097,0.000577430311543,7,79,ok,
final,staged,rfft,float64,1024,64,contiguous,truncate,staged_rfft_float64_1024_64_contiguous_truncate,0.0917810050305,0.0892918003956,0.00163682503626,7,200,ok,
final,staged,rfft,float64,1024,256,contiguous,pad,staged_rfft_float64_1024_256_contiguous_pad,1.21423620149,1.20413689874,0.00303180422634,7,20,ok,
final,staged,rfft,float64,1024,256,contiguous,truncate,staged_rfft_float64_1024_256_contiguous_truncate,0.338555203052,0.336774799507,0.000906200148165,7,20,ok,
final,staged,rfft,float64,4096,1,contiguous,pad,staged_rfft_float64_4096_1_contiguous_pad,0.0225472841007,0.0224215082472,1.50101788865e-05,7,598,ok,
final,staged,rfft,float64,4096,1,contiguous,truncate,staged_rfft_float64_4096_1_contiguous_truncate,0.0194960098025,0.0192680808045,0.000160532606444,7,706,ok,
final,staged,rfft,float64,4096,8,contiguous,pad,staged_rfft_float64_4096_8_contiguous_pad,0.14808186594,0.146970530495,0.000519829194584,7,164,ok,
final,staged,rfft,float64,4096,8,contiguous,truncate,staged_rfft_float64_4096_8_contiguous_truncate,0.0643832795322,0.0641532900045,0.000160809722729,7,200,ok,
final,staged,rfft,float64,4096,64,contiguous,pad,staged_rfft_float64_4096_64_contiguous_pad,1.14793449757,1.1460989539,0.00165969831869,7,20,ok,
final,staged,rfft,float64,4096,64,contiguous,truncate,staged_rfft_float64_4096_64_contiguous_truncate,0.446222053142,0.444606400561,0.00037775025703,7,20,ok,
final,staged,rfft,float64,4096,256,contiguous,pad,staged_rfft_float64_4096_256_contiguous_pad,4.5705874384,4.56191369865,0.00433701955314,7,7,ok,
final,staged,rfft,float64,4096,256,contiguous,truncate,staged_rfft_float64_4096_256_contiguous_truncate,1.76401163672,1.75133478632,0.00224526554934,7,19,ok,
final,staged,rfft,float64,4097,1,contiguous,pad,staged_rfft_float64_4097_1_contiguous_pad,0.117022304912,0.116802384728,4.02802834287e-05,5,200,ok,
final,staged,rfft,float64,4097,1,contiguous,truncate,staged_rfft_float64_4097_1_contiguous_truncate,0.111152184545,0.110883820453,0.000134554575197,5,200,ok,
final,staged,rfft,float64,4097,8,contiguous,pad,staged_rfft_float64_4097_8_contiguous_pad,0.866983073398,0.86549381792,0.00128428135732,5,28,ok,
final,staged,rfft,float64,4097,8,contiguous,truncate,staged_rfft_float64_4097_8_contiguous_truncate,0.643325341547,0.639828660305,0.00076726275055,5,38,ok,
final,staged,rfft,float64,4097,64,contiguous,pad,staged_rfft_float64_4097_64_contiguous_pad,6.93908522953,6.9128475152,0.0262377143372,5,4,ok,
final,staged,rfft,float64,4097,64,contiguous,truncate,staged_rfft_float64_4097_64_contiguous_truncate,5.06805849727,5.06173466177,0.000896824834247,5,6,ok,
final,staged,rfft,float64,4097,256,contiguous,pad,staged_rfft_float64_4097_256_contiguous_pad,27.70766709,27.5464990409,0.101984944195,5,1,ok,
final,staged,rfft,float64,4097,256,contiguous,truncate,staged_rfft_float64_4097_256_contiguous_truncate,20.1578149572,20.077802008,0.0800129491836,5,1,ok,
final,staged,rfft,float64,8192,1,contiguous,pad,staged_rfft_float64_8192_1_contiguous_pad,0.0424558151281,0.0423542701174,0.000101545010693,5,200,ok,
final,staged,rfft,float64,8192,1,contiguous,truncate,staged_rfft_float64_8192_1_contiguous_truncate,0.0362800544826,0.0359913497232,0.000264004338533,5,200,ok,
final,staged,rfft,float64,8192,8,contiguous,pad,staged_rfft_float64_8192_8_contiguous_pad,0.298079951801,0.29732900004,0.000379410157182,5,83,ok,
final,staged,rfft,float64,8192,8,contiguous,truncate,staged_rfft_float64_8192_8_contiguous_truncate,0.132315485649,0.131418345112,0.000304763473697,5,177,ok,
final,staged,rfft,float64,8192,64,contiguous,pad,staged_rfft_float64_8192_64_contiguous_pad,2.33522914017,2.33041635615,0.00069199761908,5,14,ok,
final,staged,rfft,float64,8192,64,contiguous,truncate,staged_rfft_float64_8192_64_contiguous_truncate,0.968111201655,0.967584201135,0.000527000520378,5,20,ok,
final,staged,rfft,float64,8192,256,contiguous,pad,staged_rfft_float64_8192_256_contiguous_pad,9.52718597061,9.47003334295,0.0266406374673,5,3,ok,
final,staged,rfft,float64,8192,256,contiguous,truncate,staged_rfft_float64_8192_256_contiguous_truncate,4.07650878187,4.05477939639,0.0109710264951,5,5,ok,
final,layout,irfft,complex64,1024,1,reverse,,layout_irfft_complex64_1024_1_reverse_,0.00943755260872,0.00938705310194,2.95143150878e-05,7,941,ok,
final,layout,irfft,complex64,1024,1,stride2,,layout_irfft_complex64_1024_1_stride2_,0.00940311231347,0.0093374360891,2.58293161162e-05,7,1353,ok,
final,layout,irfft,complex64,1024,1,transpose,,layout_irfft_complex64_1024_1_transpose_,0.00953324299594,0.00949878327232,1.13161123779e-05,7,1329,ok,
final,layout,irfft,complex64,1024,1,fortran,,layout_irfft_complex64_1024_1_fortran_,0.00939948157563,0.00930821432366,3.4004316991e-05,7,1381,ok,
final,layout,irfft,complex64,1024,8,reverse,,layout_irfft_complex64_1024_8_reverse_,0.0157469045371,0.0156951550161,2.0035658963e-05,7,200,ok,
final,layout,irfft,complex64,1024,8,stride2,,layout_irfft_complex64_1024_8_stride2_,0.0160703196889,0.0159432750661,0.000112064299174,7,200,ok,
final,layout,irfft,complex64,1024,8,transpose,,layout_irfft_complex64_1024_8_transpose_,0.0163775600959,0.0162737601204,7.01349927112e-05,7,200,ok,
final,layout,irfft,complex64,1024,8,fortran,,layout_irfft_complex64_1024_8_fortran_,0.0163185503334,0.0163009099197,1.76404137164e-05,7,200,ok,
final,layout,irfft,complex64,1024,64,reverse,,layout_irfft_complex64_1024_64_reverse_,0.0848640850745,0.0845884048613,0.000159905175678,7,200,ok,
final,layout,irfft,complex64,1024,64,stride2,,layout_irfft_complex64_1024_64_stride2_,0.0854408851592,0.0848555646371,0.000127044622786,7,200,ok,
final,layout,irfft,complex64,1024,64,transpose,,layout_irfft_complex64_1024_64_transpose_,0.0929743848974,0.0924737803871,0.000139869516715,7,200,ok,
final,layout,irfft,complex64,1024,64,fortran,,layout_irfft_complex64_1024_64_fortran_,0.0939664349426,0.0938513647998,0.000115070142783,7,200,ok,
final,layout,irfft,complex64,4096,1,reverse,,layout_irfft_complex64_4096_1_reverse_,0.0244791074539,0.0243256434775,7.40484898663e-05,7,558,ok,
final,layout,irfft,complex64,4096,1,stride2,,layout_irfft_complex64_4096_1_stride2_,0.0244280413152,0.0243353510753,6.6459523562e-05,7,581,ok,
final,layout,irfft,complex64,4096,1,transpose,,layout_irfft_complex64_4096_1_transpose_,0.0245169043417,0.0244791246278,1.37798757114e-05,7,554,ok,
final,layout,irfft,complex64,4096,1,fortran,,layout_irfft_complex64_4096_1_fortran_,0.0244841831376,0.0243970968934,4.1223731233e-05,7,568,ok,
final,layout,irfft,complex64,4096,8,reverse,,layout_irfft_complex64_4096_8_reverse_,0.0558969553094,0.0558278750395,6.26698601991e-05,7,200,ok,
final,layout,irfft,complex64,4096,8,stride2,,layout_irfft_complex64_4096_8_stride2_,0.0558919453761,0.0558117945911,8.01507849246e-05,7,200,ok,
final,layout,irfft,complex64,4096,8,transpose,,layout_irfft_complex64_4096_8_transpose_,0.0582619250054,0.0577663298463,0.000175080494955,7,200,ok,
final,layout,irfft,complex64,4096,8,fortran,,layout_irfft_complex64_4096_8_fortran_,0.0588214502204,0.0579954200657,5.52547862753e-05,7,200,ok,
final,layout,irfft,complex64,4096,64,reverse,,layout_irfft_complex64_4096_64_reverse_,0.3816395998,0.38055999903,0.000719347735867,7,20,ok,
final,layout,irfft,complex64,4096,64,stride2,,layout_irfft_complex64_4096_64_stride2_,0.376964645693,0.376226252411,0.000572093995288,7,20,ok,
final,layout,irfft,complex64,4096,64,transpose,,layout_irfft_complex64_4096_64_transpose_,0.447190896375,0.440947950119,0.00226980191655,7,20,ok,
final,layout,irfft,complex64,4096,64,fortran,,layout_irfft_complex64_4096_64_fortran_,0.448811001843,0.447363703279,0.00144729856402,7,20,ok,
final,layout,irfft,complex64,65536,1,reverse,,layout_irfft_complex64_65536_1_reverse_,0.345029301077,0.343974857658,0.00105444341898,5,70,ok,
final,layout,irfft,complex64,65536,1,stride2,,layout_irfft_complex64_65536_1_stride2_,0.349987913588,0.349287856703,0.000700056885502,5,70,ok,
final,layout,irfft,complex64,65536,1,transpose,,layout_irfft_complex64_65536_1_transpose_,0.33808352762,0.337804931203,0.000278596417047,5,72,ok,
final,layout,irfft,complex64,65536,1,fortran,,layout_irfft_complex64_65536_1_fortran_,0.340180716956,0.339495891239,0.000143513347752,5,74,ok,
final,layout,irfft,complex64,65536,8,reverse,,layout_irfft_complex64_65536_8_reverse_,1.32545380038,1.32411025115,0.000874197576195,5,20,ok,
final,layout,irfft,complex64,65536,8,stride2,,layout_irfft_complex64_65536_8_stride2_,1.32397499983,1.32008555229,0.0020494509954,5,20,ok,
final,layout,irfft,complex64,65536,8,transpose,,layout_irfft_complex64_65536_8_transpose_,1.33708654903,1.33551054751,0.00132200075313,5,20,ok,
final,layout,irfft,complex64,65536,8,fortran,,layout_irfft_complex64_65536_8_fortran_,1.33629555348,1.33246525074,0.00159305636771,5,20,ok,
final,layout,irfft,complex64,65536,64,reverse,,layout_irfft_complex64_65536_64_reverse_,10.2457900066,10.1571506433,0.0472503403823,5,3,ok,
final,layout,irfft,complex64,65536,64,stride2,,layout_irfft_complex64_65536_64_stride2_,10.3292663504,10.3182916452,0.0109747052193,5,3,ok,
final,layout,irfft,complex64,65536,64,transpose,,layout_irfft_complex64_65536_64_transpose_,16.3047844544,16.0728104529,0.231974001508,5,2,ok,
final,layout,irfft,complex64,65536,64,fortran,,layout_irfft_complex64_65536_64_fortran_,16.3651949842,15.8050389728,0.26003702078,5,2,ok,
final,staged,irfft,complex64,1024,1,contiguous,pad,staged_irfft_complex64_1024_1_contiguous_pad,0.00987006100421,0.00984655302791,1.35150784133e-05,7,1132,ok,
final,staged,irfft,complex64,1024,1,contiguous,truncate,staged_irfft_complex64_1024_1_contiguous_truncate,0.00935958584038,0.00933901545914,1.01500896994e-05,7,1299,ok,
final,staged,irfft,complex64,1024,8,contiguous,pad,staged_irfft_complex64_1024_8_contiguous_pad,0.0475564599037,0.0474972999655,4.2530009523e-05,7,200,ok,
final,staged,irfft,complex64,1024,8,contiguous,truncate,staged_irfft_complex64_1024_8_contiguous_truncate,0.0158365251264,0.0157487555407,4.46848571301e-05,7,200,ok,
final,staged,irfft,complex64,1024,64,contiguous,pad,staged_irfft_complex64_1024_64_contiguous_pad,0.343981318616,0.342780416961,0.00083826307673,7,72,ok,
final,staged,irfft,complex64,1024,64,contiguous,truncate,staged_irfft_complex64_1024_64_contiguous_truncate,0.084450590075,0.0840073445579,0.00018089544028,7,200,ok,
final,staged,irfft,complex64,1024,256,contiguous,pad,staged_irfft_complex64_1024_256_contiguous_pad,1.36126130237,1.35456745047,0.00134154688567,7,20,ok,
final,staged,irfft,complex64,1024,256,contiguous,truncate,staged_irfft_complex64_1024_256_contiguous_truncate,0.315227604005,0.313698203536,0.000926747452468,7,20,ok,
final,staged,irfft,complex64,4096,1,contiguous,pad,staged_irfft_complex64_4096_1_contiguous_pad,0.0240900841672,0.0239497795033,6.83387147269e-05,7,558,ok,
final,staged,irfft,complex64,4096,1,contiguous,truncate,staged_irfft_complex64_4096_1_contiguous_truncate,0.0245028514038,0.0244023560335,0.000100495370375,7,559,ok,
final,staged,irfft,complex64,4096,8,contiguous,pad,staged_irfft_complex64_4096_8_contiguous_pad,0.157085856335,0.155562630971,0.00152322536451,7,160,ok,
final,staged,irfft,complex64,4096,8,contiguous,truncate,staged_irfft_complex64_4096_8_contiguous_truncate,0.0560187397059,0.0559002597583,1.46252568811e-05,7,200,ok,
final,staged,irfft,complex64,4096,64,contiguous,pad,staged_irfft_complex64_4096_64_contiguous_pad,1.21180455317,1.21135319932,0.000451353844255,7,20,ok,
final,staged,irfft,complex64,4096,64,contiguous,truncate,staged_irfft_complex64_4096_64_contiguous_truncate,0.377276755171,0.375869550044,0.000491895480081,7,20,ok,
final,staged,irfft,complex64,4096,256,contiguous,pad,staged_irfft_complex64_4096_256_contiguous_pad,4.81884342818,4.81623128456,0.00153012972857,7,7,ok,
final,staged,irfft,complex64,4096,256,contiguous,truncate,staged_irfft_complex64_4096_256_contiguous_truncate,1.4846616541,1.47883605096,0.00218669883907,7,20,ok,
final,staged,irfft,complex64,4097,1,contiguous,pad,staged_irfft_complex64_4097_1_contiguous_pad,0.14036602383,0.139901079379,0.000367618419907,5,165,ok,
final,staged,irfft,complex64,4097,1,contiguous,truncate,staged_irfft_complex64_4097_1_contiguous_truncate,0.137533697914,0.137351005203,6.03974396207e-05,5,179,ok,
final,staged,irfft,complex64,4097,8,contiguous,pad,staged_irfft_complex64_4097_8_contiguous_pad,1.0811703067,1.07960904564,0.00156126106563,5,23,ok,
final,staged,irfft,complex64,4097,8,contiguous,truncate,staged_irfft_complex64_4097_8_contiguous_truncate,0.353454522775,0.352326564599,0.000538419176271,5,69,ok,
final,staged,irfft,complex64,4097,64,contiguous,pad,staged_irfft_complex64_4097_64_contiguous_pad,8.57403551345,8.5554002726,0.0186352408491,5,4,ok,
final,staged,irfft,complex64,4097,64,contiguous,truncate,staged_irfft_complex64_4097_64_contiguous_truncate,2.70692391981,2.70307574344,0.0020447478164,5,12,ok,
final,staged,irfft,complex64,4097,256,contiguous,pad,staged_irfft_complex64_4097_256_contiguous_pad,34.8733259598,34.1648720205,0.288993003778,5,1,ok,
final,staged,irfft,complex64,4097,256,contiguous,truncate,staged_irfft_complex64_4097_256_contiguous_truncate,10.9315140095,10.8790306452,0.0318740106498,5,3,ok,
final,staged,irfft,complex64,8192,1,contiguous,pad,staged_irfft_complex64_8192_1_contiguous_pad,0.0444618950132,0.0440157949924,0.000331684714183,5,200,ok,
final,staged,irfft,complex64,8192,1,contiguous,truncate,staged_irfft_complex64_8192_1_contiguous_truncate,0.0481646199478,0.047918104683,0.000182755175047,5,200,ok,
final,staged,irfft,complex64,8192,8,contiguous,pad,staged_irfft_complex64_8192_8_contiguous_pad,0.310802802064,0.309217284307,0.00158551775701,5,81,ok,
final,staged,irfft,complex64,8192,8,contiguous,truncate,staged_irfft_complex64_8192_8_contiguous_truncate,0.111943695229,0.110934170079,0.000846214825287,5,200,ok,
final,staged,irfft,complex64,8192,64,contiguous,pad,staged_irfft_complex64_8192_64_contiguous_pad,2.41459085373,2.41041649965,0.00275886018894,5,14,ok,
final,staged,irfft,complex64,8192,64,contiguous,truncate,staged_irfft_complex64_8192_64_contiguous_truncate,0.788770848885,0.786905304994,0.00152295106091,5,20,ok,
final,staged,irfft,complex64,8192,256,contiguous,pad,staged_irfft_complex64_8192_256_contiguous_pad,10.1703223384,9.79246300024,0.19089167472,5,3,ok,
final,staged,irfft,complex64,8192,256,contiguous,truncate,staged_irfft_complex64_8192_256_contiguous_truncate,3.46969282255,3.24041459244,0.180807616562,5,5,ok,
final,layout,irfft,complex128,1024,1,reverse,,layout_irfft_complex128_1024_1_reverse_,0.00881631222773,0.00873469936814,4.42731055392e-05,7,1201,ok,
final,layout,irfft,complex128,1024,1,stride2,,layout_irfft_complex128_1024_1_stride2_,0.00917669969776,0.00882331291635,5.22110955173e-05,7,1435,ok,
final,layout,irfft,complex128,1024,1,transpose,,layout_irfft_complex128_1024_1_transpose_,0.0088555344699,0.00884298334262,1.10086454004e-05,7,1377,ok,
final,layout,irfft,complex128,1024,1,fortran,,layout_irfft_complex128_1024_1_fortran_,0.008710282911,0.00866134751948,3.23645350892e-05,7,1407,ok,
final,layout,irfft,complex128,1024,8,reverse,,layout_irfft_complex128_1024_8_reverse_,0.0194096547784,0.0192334700841,7.5344578363e-05,7,200,ok,
final,layout,irfft,complex128,1024,8,stride2,,layout_irfft_complex128_1024_8_stride2_,0.0197350303642,0.019617904909,0.00011712545529,7,200,ok,
final,layout,irfft,complex128,1024,8,transpose,,layout_irfft_complex128_1024_8_transpose_,0.0203155353665,0.0201025797287,6.5274653025e-05,7,200,ok,
final,layout,irfft,complex128,1024,8,fortran,,layout_irfft_complex128_1024_8_fortran_,0.0203017599415,0.020178425475,0.00012333446648,7,200,ok,
final,layout,irfft,complex128,1024,64,reverse,,layout_irfft_complex128_1024_64_reverse_,0.1088671654,0.107981220353,0.000242564128712,7,200,ok,
final,layout,irfft,complex128,1024,64,stride2,,layout_irfft_complex128_1024_64_stride2_,0.108422419871,0.108016040176,0.000272374600172,7,200,ok,
final,layout,irfft,complex128,1024,64,transpose,,layout_irfft_complex128_1024_64_transpose_,0.136737429547,0.135614412695,0.00111016877623,7,184,ok,
final,layout,irfft,complex128,1024,64,fortran,,layout_irfft_complex128_1024_64_fortran_,0.137380039806,0.13662928132,0.000568611672922,7,178,ok,
final,layout,irfft,complex128,4096,1,reverse,,layout_irfft_complex128_4096_1_reverse_,0.0218837025521,0.0217496927381,1.33800651293e-05,7,605,ok,
final,layout,irfft,complex128,4096,1,stride2,,layout_irfft_complex128_4096_1_stride2_,0.0220805974885,0.0219232363317,2.87603494673e-05,7,626,ok,
final,layout,irfft,complex128,4096,1,transpose,,layout_irfft_complex128_4096_1_transpose_,0.0222937856701,0.0221898717664,2.35699449799e-05,7,616,ok,
final,layout,irfft,complex128,4096,1,fortran,,layout_irfft_complex128_4096_1_fortran_,0.0218760452841,0.0217184194849,2.83018582397e-05,7,639,ok,
final,layout,irfft,complex128,4096,8,reverse,,layout_irfft_complex128_4096_8_reverse_,0.0749046949204,0.0747261504875,0.000133500434458,7,200,ok,
final,layout,irfft,complex128,4096,8,stride2,,layout_irfft_complex128_4096_8_stride2_,0.0752932851901,0.0750216649612,0.000141320051625,7,200,ok,
final,layout,irfft,complex128,4096,8,transpose,,layout_irfft_complex128_4096_8_transpose_,0.0825075246394,0.0815259496449,0.00030227995012,7,200,ok,
final,layout,irfft,complex128,4096,8,fortran,,layout_irfft_complex128_4096_8_fortran_,0.0827481847955,0.0824535248103,0.000282190158032,7,200,ok,
final,layout,irfft,complex128,4096,64,reverse,,layout_irfft_complex128_4096_64_reverse_,0.528842950007,0.527244899422,0.00128445099108,7,20,ok,
final,layout,irfft,complex128,4096,64,stride2,,layout_irfft_complex128_4096_64_stride2_,0.532243947964,0.530003703898,0.00102295307443,7,20,ok,
final,layout,irfft,complex128,4096,64,transpose,,layout_irfft_complex128_4096_64_transpose_,0.643837748794,0.64013475203,0.00368145410903,7,20,ok,
final,layout,irfft,complex128,4096,64,fortran,,layout_irfft_complex128_4096_64_fortran_,0.658462248975,0.653359503485,0.00307990121655,7,20,ok,
final,layout,irfft,complex128,65536,1,reverse,,layout_irfft_complex128_65536_1_reverse_,0.516787703902,0.510886212454,0.000561508250997,5,47,ok,
final,layout,irfft,complex128,65536,1,stride2,,layout_irfft_complex128_65536_1_stride2_,0.511530583026,0.508553229641,0.000548541720491,5,48,ok,
final,layout,irfft,complex128,65536,1,transpose,,layout_irfft_complex128_65536_1_transpose_,0.511697978557,0.510142519488,0.000309123909877,5,48,ok,
final,layout,irfft,complex128,65536,1,fortran,,layout_irfft_complex128_65536_1_fortran_,0.506930540723,0.505629730469,0.00130081025418,5,48,ok,
final,layout,irfft,complex128,65536,8,reverse,,layout_irfft_complex128_65536_8_reverse_,2.18456946313,2.1810955368,0.000638530279199,5,15,ok,
final,layout,irfft,complex128,65536,8,stride2,,layout_irfft_complex128_65536_8_stride2_,2.17279960246,2.16407166639,0.00156573175142,5,15,ok,
final,layout,irfft,complex128,65536,8,transpose,,layout_irfft_complex128_65536_8_transpose_,2.29243833261,2.28777547212,0.00466286049535,5,15,ok,
final,layout,irfft,complex128,65536,8,fortran,,layout_irfft_complex128_65536_8_fortran_,2.29837299945,2.29811253957,0.000260459880034,5,15,ok,
final,layout,irfft,complex128,65536,64,reverse,,layout_irfft_complex128_65536_64_reverse_,19.8001710232,19.6757939411,0.124377082102,5,1,ok,
final,layout,irfft,complex128,65536,64,stride2,,layout_irfft_complex128_65536_64_stride2_,21.4405370643,20.8837829996,0.231312005781,5,1,ok,
final,layout,irfft,complex128,65536,64,transpose,,layout_irfft_complex128_65536_64_transpose_,30.7832870167,30.4173770128,0.365910003893,5,1,ok,
final,layout,irfft,complex128,65536,64,fortran,,layout_irfft_complex128_65536_64_fortran_,31.1796349706,30.3871500073,0.15214108862,5,1,ok,
final,staged,irfft,complex128,1024,1,contiguous,pad,staged_irfft_complex128_1024_1_contiguous_pad,0.00969570172206,0.00959178374235,3.26067056483e-05,7,1073,ok,
final,staged,irfft,complex128,1024,1,contiguous,truncate,staged_irfft_complex128_1024_1_contiguous_truncate,0.00853818553695,0.00850368671785,1.2269702612e-05,7,1331,ok,
final,staged,irfft,complex128,1024,8,contiguous,pad,staged_irfft_complex128_1024_8_contiguous_pad,0.0453319045482,0.0452468451113,4.44293254986e-05,7,200,ok,
final,staged,irfft,complex128,1024,8,contiguous,truncate,staged_irfft_complex128_1024_8_contiguous_truncate,0.0192964897724,0.0191757554421,6.32205046713e-05,7,200,ok,
final,staged,irfft,complex128,1024,64,contiguous,pad,staged_irfft_complex128_1024_64_contiguous_pad,0.329580710968,0.328751895148,0.000309539150054,7,76,ok,
final,staged,irfft,complex128,1024,64,contiguous,truncate,staged_irfft_complex128_1024_64_contiguous_truncate,0.109970879857,0.109399635112,0.000113919377327,7,200,ok,
final,staged,irfft,complex128,1024,256,contiguous,pad,staged_irfft_complex128_1024_256_contiguous_pad,1.30828049732,1.29911600379,0.00460929586552,7,20,ok,
final,staged,irfft,complex128,1024,256,contiguous,truncate,staged_irfft_complex128_1024_256_contiguous_truncate,0.414959754562,0.412103795679,0.00285595888272,7,20,ok,
final,staged,irfft,complex128,4096,1,contiguous,pad,staged_irfft_complex128_4096_1_contiguous_pad,0.0253041919335,0.0250580912711,0.000246100662411,7,526,ok,
final,staged,irfft,complex128,4096,1,contiguous,truncate,staged_irfft_complex128_4096_1_contiguous_truncate,0.0220736165525,0.021563059735,0.000422694224724,7,451,ok,
final,staged,irfft,complex128,4096,8,contiguous,pad,staged_irfft_complex128_4096_8_contiguous_pad,0.165751830103,0.160315293922,0.00488836610434,7,153,ok,
final,staged,irfft,complex128,4096,8,contiguous,truncate,staged_irfft_complex128_4096_8_contiguous_truncate,0.075056134956,0.0748453300912,0.000121124903671,7,200,ok,
final,staged,irfft,complex128,4096,64,contiguous,pad,staged_irfft_complex128_4096_64_contiguous_pad,1.23684944701,1.22107729549,0.0033374002669,7,20,ok,
final,staged,irfft,complex128,4096,64,contiguous,truncate,staged_irfft_complex128_4096_64_contiguous_truncate,0.530338298995,0.528719247086,0.000671751331538,7,20,ok,
final,staged,irfft,complex128,4096,256,contiguous,pad,staged_irfft_complex128_4096_256_contiguous_pad,4.87527700274,4.87323457907,0.00204242366765,7,7,ok,
final,staged,irfft,complex128,4096,256,contiguous,truncate,staged_irfft_complex128_4096_256_contiguous_truncate,2.09581268427,2.06991131563,0.0122409983305,7,16,ok,
final,staged,irfft,complex128,4097,1,contiguous,pad,staged_irfft_complex128_4097_1_contiguous_pad,0.120677794912,0.120483525097,0.000137365423143,5,200,ok,
final,staged,irfft,complex128,4097,1,contiguous,truncate,staged_irfft_complex128_4097_1_contiguous_truncate,0.114987120032,0.114797005081,0.000139665207826,5,200,ok,
final,staged,irfft,complex128,4097,8,contiguous,pad,staged_irfft_complex128_4097_8_contiguous_pad,0.893641668544,0.890306408379,0.00321837487044,5,27,ok,
final,staged,irfft,complex128,4097,8,contiguous,truncate,staged_irfft_complex128_4097_8_contiguous_truncate,0.669904676191,0.669598164087,0.000244242491553,5,37,ok,
final,staged,irfft,complex128,4097,64,contiguous,pad,staged_irfft_complex128_4097_64_contiguous_pad,7.08998850314,7.08184301038,0.0042809988372,5,4,ok,
final,staged,irfft,complex128,4097,64,contiguous,truncate,staged_irfft_complex128_4097_64_contiguous_truncate,5.2238261754,5.21208382755,0.00828081586709,5,6,ok,
final,staged,irfft,complex128,4097,256,contiguous,pad,staged_irfft_complex128_4097_256_contiguous_pad,28.4770680591,28.3796930453,0.0973750138655,5,1,ok,
final,staged,irfft,complex128,4097,256,contiguous,truncate,staged_irfft_complex128_4097_256_contiguous_truncate,20.9751980146,20.8976999857,0.0346769811586,5,1,ok,
final,staged,irfft,complex128,8192,1,contiguous,pad,staged_irfft_complex128_8192_1_contiguous_pad,0.0461793795694,0.0459678750485,0.00017483427655,5,200,ok,
final,staged,irfft,complex128,8192,1,contiguous,truncate,staged_irfft_complex128_8192_1_contiguous_truncate,0.0408409250667,0.0407529546646,8.79704020917e-05,5,200,ok,
final,staged,irfft,complex128,8192,8,contiguous,pad,staged_irfft_complex128_8192_8_contiguous_pad,0.320780782017,0.3196036664,0.000261653883335,5,78,ok,
final,staged,irfft,complex128,8192,8,contiguous,truncate,staged_irfft_complex128_8192_8_contiguous_truncate,0.155090555595,0.154796592535,0.000191913532484,5,162,ok,
final,staged,irfft,complex128,8192,64,contiguous,pad,staged_irfft_complex128_8192_64_contiguous_pad,2.51580631504,2.51345639117,0.0023499238663,5,13,ok,
final,staged,irfft,complex128,8192,64,contiguous,truncate,staged_irfft_complex128_8192_64_contiguous_truncate,1.14332115045,1.13897129777,0.00139820040204,5,20,ok,
final,staged,irfft,complex128,8192,256,contiguous,pad,staged_irfft_complex128_8192_256_contiguous_pad,10.5772900085,10.4369053151,0.0189763571446,5,3,ok,
final,staged,irfft,complex128,8192,256,contiguous,truncate,staged_irfft_complex128_8192_256_contiguous_truncate,4.61383201182,4.60564040113,0.00819161068648,5,5,ok,
final,out,fft,complex64,64,1,contiguous,separate,out_fft_complex64_64_1_contiguous_separate,0.00339897751279,0.00338915584009,2.29241756607e-06,7,1823,ok,
final,out,fft,complex64,64,1,contiguous,noncontiguous,out_fft_complex64_64_1_contiguous_noncontiguous,0.00362474448048,0.00360641948646,1.0494957678e-05,7,2000,ok,
final,out,fft,complex64,64,1,contiguous,negative,out_fft_complex64_64_1_contiguous_negative,0.00362378248246,0.00360753649147,8.15052771941e-06,7,2000,ok,
final,out,fft,complex64,64,8,contiguous,separate,out_fft_complex64_64_8_contiguous_separate,0.00517935096286,0.00514884747099,1.72480358742e-05,7,2000,ok,
final,out,fft,complex64,64,8,contiguous,noncontiguous,out_fft_complex64_64_8_contiguous_noncontiguous,0.00519623846048,0.00515594152967,2.91205360554e-05,7,2000,ok,
final,out,fft,complex64,64,8,contiguous,negative,out_fft_complex64_64_8_contiguous_negative,0.00516132201301,0.00512611947488,9.32748662308e-06,7,2000,ok,
final,out,fft,complex64,4096,1,contiguous,separate,out_fft_complex64_4096_1_contiguous_separate,0.0279741034319,0.0279268438135,4.01951183449e-05,7,512,ok,
final,out,fft,complex64,4096,1,contiguous,noncontiguous,out_fft_complex64_4096_1_contiguous_noncontiguous,0.0308911351571,0.0307361179135,0.000121690984416,7,466,ok,
final,out,fft,complex64,4096,1,contiguous,negative,out_fft_complex64_4096_1_contiguous_negative,0.0307977441321,0.0304284903691,0.00032129635943,7,469,ok,
final,out,fft,complex64,4096,8,contiguous,separate,out_fft_complex64_4096_8_contiguous_separate,0.14854711334,0.147871295306,0.000189672774817,7,159,ok,
final,out,fft,complex64,4096,8,contiguous,noncontiguous,out_fft_complex64_4096_8_contiguous_noncontiguous,0.148623517619,0.147945596135,0.000186566072684,7,166,ok,
final,out,fft,complex64,4096,8,contiguous,negative,out_fft_complex64_4096_8_contiguous_negative,0.148067632353,0.147695416102,0.000314638355231,7,166,ok,
final,overlap,fft,complex64,64,1,contiguous,inplace,overlap_fft_complex64_64_1_contiguous_inplace,0.00328679347876,0.00322956900345,4.98204608448e-05,7,2000,ok,
final,overlap,fft,complex64,64,1,contiguous,partial_overlap,overlap_fft_complex64_64_1_contiguous_partial_overlap,0.00389148399699,0.00383860804141,1.81444920599e-05,7,2000,ok,
final,overlap,fft,complex64,64,8,contiguous,inplace,overlap_fft_complex64_64_8_contiguous_inplace,0.00525537651265,0.00515746948076,2.99875391647e-05,7,2000,ok,
final,overlap,fft,complex64,64,8,contiguous,partial_overlap,overlap_fft_complex64_64_8_contiguous_partial_overlap,0.00612364775583,0.00603954006352,1.90869867999e-05,7,1885,ok,
final,overlap,fft,complex64,4096,1,contiguous,inplace,overlap_fft_complex64_4096_1_contiguous_inplace,0.0274596293,0.0273131158239,0.000146513476091,7,510,ok,
final,overlap,fft,complex64,4096,1,contiguous,partial_overlap,overlap_fft_complex64_4096_1_contiguous_partial_overlap,0.0293282722363,0.0291093175789,7.6476225303e-05,7,485,ok,
final,overlap,fft,complex64,4096,8,contiguous,inplace,overlap_fft_complex64_4096_8_contiguous_inplace,0.148895053176,0.148060601316,8.74285996404e-05,7,168,ok,
final,overlap,fft,complex64,4096,8,contiguous,partial_overlap,overlap_fft_complex64_4096_8_contiguous_partial_overlap,0.155151468789,0.155004443513,6.95683411323e-05,7,160,ok,
final,out,fft,complex128,64,1,contiguous,separate,out_fft_complex128_64_1_contiguous_separate,0.00321175495628,0.00319507799577,9.94396395981e-06,7,2000,ok,
final,out,fft,complex128,64,1,contiguous,noncontiguous,out_fft_complex128_64_1_contiguous_noncontiguous,0.00337078346638,0.00334637699416,3.68151813745e-06,7,2000,ok,
final,out,fft,complex128,64,1,contiguous,negative,out_fft_complex128_64_1_contiguous_negative,0.0033752724994,0.00333749497076,1.64465163834e-05,7,2000,ok,
final,out,fft,complex128,64,8,contiguous,separate,out_fft_complex128_64_8_contiguous_separate,0.00457261601696,0.00452113797655,2.41409870796e-05,7,2000,ok,
final,out,fft,complex128,64,8,contiguous,noncontiguous,out_fft_complex128_64_8_contiguous_noncontiguous,0.00458633748349,0.00456710101571,1.05954823084e-05,7,2000,ok,
final,out,fft,complex128,64,8,contiguous,negative,out_fft_complex128_64_8_contiguous_negative,0.00465317000635,0.00464275496779,6.1914906837e-06,7,2000,ok,
final,out,fft,complex128,4096,1,contiguous,separate,out_fft_complex128_4096_1_contiguous_separate,0.0297029622751,0.0296321586708,4.42188653107e-05,7,479,ok,
final,out,fft,complex128,4096,1,contiguous,noncontiguous,out_fft_complex128_4096_1_contiguous_noncontiguous,0.0295940836492,0.0294314469306,0.000159446938838,7,490,ok,
final,out,fft,complex128,4096,1,contiguous,negative,out_fft_complex128_4096_1_contiguous_negative,0.0292437395103,0.0291359179256,6.99138164311e-05,7,499,ok,
final,out,fft,complex128,4096,8,contiguous,separate,out_fft_complex128_4096_8_contiguous_separate,0.166454539479,0.165571187002,0.000460279795031,7,150,ok,
final,out,fft,complex128,4096,8,contiguous,noncontiguous,out_fft_complex128_4096_8_contiguous_noncontiguous,0.16843376694,0.167532801654,0.000900965286036,7,146,ok,
final,out,fft,complex128,4096,8,contiguous,negative,out_fft_complex128_4096_8_contiguous_negative,0.165705191935,0.164839369723,0.000417438233654,7,146,ok,
final,overlap,fft,complex128,64,1,contiguous,inplace,overlap_fft_complex128_64_1_contiguous_inplace,0.00318197254092,0.00317626702599,5.70551492274e-06,7,2000,ok,
final,overlap,fft,complex128,64,1,contiguous,partial_overlap,overlap_fft_complex128_64_1_contiguous_partial_overlap,0.00371053849813,0.00367601745529,5.12495171279e-06,7,2000,ok,
final,overlap,fft,complex128,64,8,contiguous,inplace,overlap_fft_complex128_64_8_contiguous_inplace,0.00456862896681,0.00453474902315,1.45075609908e-05,7,2000,ok,
final,overlap,fft,complex128,64,8,contiguous,partial_overlap,overlap_fft_complex128_64_8_contiguous_partial_overlap,0.00557664281153,0.0055149413495,2.38030839092e-05,7,1996,ok,
final,overlap,fft,complex128,4096,1,contiguous,inplace,overlap_fft_complex128_4096_1_contiguous_inplace,0.0274190896622,0.0272465039476,8.10504307543e-05,7,514,ok,
final,overlap,fft,complex128,4096,1,contiguous,partial_overlap,overlap_fft_complex128_4096_1_contiguous_partial_overlap,0.0314551414739,0.0312840741043,2.37279281442e-05,7,459,ok,
final,overlap,fft,complex128,4096,8,contiguous,inplace,overlap_fft_complex128_4096_8_contiguous_inplace,0.164653758218,0.163695751533,0.000808463000611,7,149,ok,
final,overlap,fft,complex128,4096,8,contiguous,partial_overlap,overlap_fft_complex128_4096_8_contiguous_partial_overlap,0.178683189723,0.17775286815,0.000930321572797,7,137,ok,
final,out,ifft,complex64,64,1,contiguous,separate,out_ifft_complex64_64_1_contiguous_separate,0.00403270899551,0.00401232053991,1.59409828484e-05,7,2000,ok,
final,out,ifft,complex64,64,1,contiguous,noncontiguous,out_ifft_complex64_64_1_contiguous_noncontiguous,0.00437491846969,0.00434025697177,2.23125098273e-05,7,2000,ok,
final,out,ifft,complex64,64,1,contiguous,negative,out_ifft_complex64_64_1_contiguous_negative,0.00442078599008,0.00436668249313,2.72570177913e-05,7,2000,ok,
final,out,ifft,complex64,64,8,contiguous,separate,out_ifft_complex64_64_8_contiguous_separate,0.00600744575006,0.00597696888154,2.56885225243e-05,7,1862,ok,
final,out,ifft,complex64,64,8,contiguous,noncontiguous,out_ifft_complex64_64_8_contiguous_noncontiguous,0.00603681707511,0.00596901357417,9.22412999985e-06,7,1990,ok,
final,out,ifft,complex64,64,8,contiguous,negative,out_ifft_complex64_64_8_contiguous_negative,0.00599183656926,0.00595598373242,1.8349283445e-05,7,1964,ok,
final,out,ifft,complex64,4096,1,contiguous,separate,out_ifft_complex64_4096_1_contiguous_separate,0.0290044698585,0.0288829066076,7.11539644059e-05,7,481,ok,
final,out,ifft,complex64,4096,1,contiguous,noncontiguous,out_ifft_complex64_4096_1_contiguous_noncontiguous,0.0320993960683,0.0319297489188,0.00011424425509,7,442,ok,
final,out,ifft,complex64,4096,1,contiguous,negative,out_ifft_complex64_4096_1_contiguous_negative,0.0317671051836,0.0314779172837,0.000167167974715,7,447,ok,
final,out,ifft,complex64,4096,8,contiguous,separate,out_ifft_complex64_4096_8_contiguous_separate,0.153326975079,0.152563245573,0.000342436026256,7,163,ok,
final,out,ifft,complex64,4096,8,contiguous,noncontiguous,out_ifft_complex64_4096_8_contiguous_noncontiguous,0.154804888923,0.153796290289,0.000634110664926,7,162,ok,
final,out,ifft,complex64,4096,8,contiguous,negative,out_ifft_complex64_4096_8_contiguous_negative,0.155840137535,0.155050457407,0.000531541707079,7,153,ok,
final,overlap,ifft,complex64,64,1,contiguous,inplace,overlap_ifft_complex64_64_1_contiguous_inplace,0.0041535354685,0.00409654097166,3.31240007654e-05,7,2000,ok,
final,overlap,ifft,complex64,64,1,contiguous,partial_overlap,overlap_ifft_complex64_64_1_contiguous_partial_overlap,0.00480670901015,0.00478153553559,2.30190344155e-05,7,2000,ok,
final,overlap,ifft,complex64,64,8,contiguous,inplace,overlap_ifft_complex64_64_8_contiguous_inplace,0.00615043708207,0.00609056461665,2.33763928284e-05,7,1780,ok,
final,overlap,ifft,complex64,64,8,contiguous,partial_overlap,overlap_ifft_complex64_64_8_contiguous_partial_overlap,0.00707280257599,0.00705241152468,2.03910513117e-05,7,1616,ok,
final,overlap,ifft,complex64,4096,1,contiguous,inplace,overlap_ifft_complex64_4096_1_contiguous_inplace,0.0289613432496,0.0288552462466,8.1713752527e-05,7,475,ok,
final,overlap,ifft,complex64,4096,1,contiguous,partial_overlap,overlap_ifft_complex64_4096_1_contiguous_partial_overlap,0.0304465980402,0.0303417845926,0.000104813447611,7,455,ok,
final,overlap,ifft,complex64,4096,8,contiguous,inplace,overlap_ifft_complex64_4096_8_contiguous_inplace,0.153065012354,0.152694987691,0.000370024663201,7,162,ok,
final,overlap,ifft,complex64,4096,8,contiguous,partial_overlap,overlap_ifft_complex64_4096_8_contiguous_partial_overlap,0.160209625779,0.159938716059,0.000161800022808,7,155,ok,
final,out,ifft,complex128,64,1,contiguous,separate,out_ifft_complex128_64_1_contiguous_separate,0.00413793546613,0.00412302697077,9.64349601418e-06,7,2000,ok,
final,out,ifft,complex128,64,1,contiguous,noncontiguous,out_ifft_complex128_64_1_contiguous_noncontiguous,0.00440353801241,0.0043627305422,2.14310130104e-05,7,2000,ok,
final,out,ifft,complex128,64,1,contiguous,negative,out_ifft_complex128_64_1_contiguous_negative,0.00442346150521,0.00439475098392,1.59854535013e-05,7,2000,ok,
final,out,ifft,complex128,64,8,contiguous,separate,out_ifft_complex128_64_8_contiguous_separate,0.00589546437947,0.00584427633396,3.66038394599e-05,7,1936,ok,
final,out,ifft,complex128,64,8,contiguous,noncontiguous,out_ifft_complex128_64_8_contiguous_noncontiguous,0.00584288948448,0.00581659952877,1.371599501e-05,7,2000,ok,
final,out,ifft,complex128,64,8,contiguous,negative,out_ifft_complex128_64_8_contiguous_negative,0.00592740101274,0.00587999552954,1.64764933288e-05,7,2000,ok,
final,out,ifft,complex128,4096,1,contiguous,separate,out_ifft_complex128_4096_1_contiguous_separate,0.0310354757878,0.0309785374128,4.4248848415e-05,7,454,ok,
final,out,ifft,complex128,4096,1,contiguous,noncontiguous,out_ifft_complex128_4096_1_contiguous_noncontiguous,0.0319488677577,0.0317828322681,5.48740195123e-05,7,453,ok,
final,out,ifft,complex128,4096,1,contiguous,negative,out_ifft_complex128_4096_1_contiguous_negative,0.0318059911476,0.0316805831939,0.000125407953716,7,451,ok,
final,out,ifft,complex128,4096,8,contiguous,separate,out_ifft_complex128_4096_8_contiguous_separate,0.177439204647,0.175493936592,0.000935802105027,7,142,ok,
final,out,ifft,complex128,4096,8,contiguous,noncontiguous,out_ifft_complex128_4096_8_contiguous_noncontiguous,0.184994624206,0.179636113598,0.0014469024018,7,133,ok,
final,out,ifft,complex128,4096,8,contiguous,negative,out_ifft_complex128_4096_8_contiguous_negative,0.181945374155,0.178787971197,0.000648216424818,7,139,ok,
final,overlap,ifft,complex128,64,1,contiguous,inplace,overlap_ifft_complex128_64_1_contiguous_inplace,0.00414202298271,0.00410031847423,2.57039791904e-05,7,2000,ok,
final,overlap,ifft,complex128,64,1,contiguous,partial_overlap,overlap_ifft_complex128_64_1_contiguous_partial_overlap,0.00466914096614,0.00464534549974,1.20584736578e-05,7,2000,ok,
final,overlap,ifft,complex128,64,8,contiguous,inplace,overlap_ifft_complex128_64_8_contiguous_inplace,0.00573591391279,0.0056404922375,4.34663750917e-05,7,1859,ok,
final,overlap,ifft,complex128,64,8,contiguous,partial_overlap,overlap_ifft_complex128_64_8_contiguous_partial_overlap,0.00688530991389,0.00684324037136,4.07248354716e-05,7,1639,ok,
final,overlap,ifft,complex128,4096,1,contiguous,inplace,overlap_ifft_complex128_4096_1_contiguous_inplace,0.0286754350341,0.0285560946873,6.28433910381e-05,7,485,ok,
final,overlap,ifft,complex128,4096,1,contiguous,partial_overlap,overlap_ifft_complex128_4096_1_contiguous_partial_overlap,0.0328374386703,0.0327113557684,8.24895311001e-05,7,433,ok,
final,overlap,ifft,complex128,4096,8,contiguous,inplace,overlap_ifft_complex128_4096_8_contiguous_inplace,0.172927992751,0.172693769194,0.00023422355705,7,143,ok,
final,overlap,ifft,complex128,4096,8,contiguous,partial_overlap,overlap_ifft_complex128_4096_8_contiguous_partial_overlap,0.187296000535,0.18452296993,0.00116783352992,7,132,ok,
final,out,rfft,float32,64,1,contiguous,separate,out_rfft_float32_64_1_contiguous_separate,0.00338863302022,0.0033668964752,7.9955207184e-06,7,2000,ok,
final,out,rfft,float32,64,1,contiguous,noncontiguous,out_rfft_float32_64_1_contiguous_noncontiguous,0.0033742049709,0.00336853950284,5.66546805203e-06,7,2000,ok,
final,out,rfft,float32,64,1,contiguous,negative,out_rfft_float32_64_1_contiguous_negative,0.00345082650892,0.00343216100009,3.24606662616e-06,7,2000,ok,
final,out,rfft,float32,64,8,contiguous,separate,out_rfft_float32_64_8_contiguous_separate,0.00444130500546,0.00440869253362,1.29094696604e-05,7,2000,ok,
final,out,rfft,float32,64,8,contiguous,noncontiguous,out_rfft_float32_64_8_contiguous_noncontiguous,0.00443745753728,0.00442902150098,8.43603629619e-06,7,2000,ok,
final,out,rfft,float32,64,8,contiguous,negative,out_rfft_float32_64_8_contiguous_negative,0.00451669446193,0.0044934549951,6.37245830148e-06,7,2000,ok,
final,out,rfft,float32,4096,1,contiguous,separate,out_rfft_float32_4096_1_contiguous_separate,0.0166342405945,0.0165156710965,7.84678684216e-05,7,827,ok,
final,out,rfft,float32,4096,1,contiguous,noncontiguous,out_rfft_float32_4096_1_contiguous_noncontiguous,0.0166501541319,0.0166009156404,1.58734395202e-05,7,830,ok,
final,out,rfft,float32,4096,1,contiguous,negative,out_rfft_float32_4096_1_contiguous_negative,0.0166287268058,0.016558031614,3.83524598963e-05,7,820,ok,
final,out,rfft,float32,4096,8,contiguous,separate,out_rfft_float32_4096_8_contiguous_separate,0.0799635151634,0.0793076102855,0.000126239610836,7,200,ok,
final,out,rfft,float32,4096,8,contiguous,noncontiguous,out_rfft_float32_4096_8_contiguous_noncontiguous,0.0802645401563,0.0798295548884,0.000201435177587,7,200,ok,
final,out,rfft,float32,4096,8,contiguous,negative,out_rfft_float32_4096_8_contiguous_negative,0.0797861249885,0.0795229198411,6.21197978035e-05,7,200,ok,
final,overlap,rfft,float32,64,1,contiguous,real_partial_overlap,overlap_rfft_float32_64_1_contiguous_real_partial_overlap,0.00414228852605,0.00412086752476,6.44248211756e-06,7,2000,ok,
final,overlap,rfft,float32,4096,1,contiguous,real_partial_overlap,overlap_rfft_float32_4096_1_contiguous_real_partial_overlap,0.0178236325213,0.0177874127849,1.91038938242e-05,7,751,ok,
final,out,rfft,float64,64,1,contiguous,separate,out_rfft_float64_64_1_contiguous_separate,0.00326218100963,0.00323633145308,2.25179828703e-05,7,2000,ok,
final,out,rfft,float64,64,1,contiguous,noncontiguous,out_rfft_float64_64_1_contiguous_noncontiguous,0.00324909097981,0.00320994097274,1.72380241565e-05,7,2000,ok,
final,out,rfft,float64,64,1,contiguous,negative,out_rfft_float64_64_1_contiguous_negative,0.00327318697236,0.00326523202239,6.69748988003e-06,7,2000,ok,
final,out,rfft,float64,64,8,contiguous,separate,out_rfft_float64_64_8_contiguous_separate,0.00383901846362,0.00383377354592,5.24491770193e-06,7,2000,ok,
final,out,rfft,float64,64,8,contiguous,noncontiguous,out_rfft_float64_64_8_contiguous_noncontiguous,0.00383464549668,0.00382828351576,3.16102523357e-06,7,2000,ok,
final,out,rfft,float64,64,8,contiguous,negative,out_rfft_float64_64_8_contiguous_negative,0.00385439803358,0.00384281104198,9.29750967771e-06,7,2000,ok,
final,out,rfft,float64,4096,1,contiguous,separate,out_rfft_float64_4096_1_contiguous_separate,0.0177218603153,0.0175648719195,5.7082814809e-05,7,773,ok,
final,out,rfft,float64,4096,1,contiguous,noncontiguous,out_rfft_float64_4096_1_contiguous_noncontiguous,0.0180005747159,0.0179632742779,3.02794889604e-05,7,769,ok,
final,out,rfft,float64,4096,1,contiguous,negative,out_rfft_float64_4096_1_contiguous_negative,0.0178241499332,0.0178143469347,9.80299846607e-06,7,787,ok,
final,out,rfft,float64,4096,8,contiguous,separate,out_rfft_float64_4096_8_contiguous_separate,0.0629686249886,0.0627022149274,0.000266410061158,7,200,ok,
final,out,rfft,float64,4096,8,contiguous,noncontiguous,out_rfft_float64_4096_8_contiguous_noncontiguous,0.0650541100185,0.0646708300337,0.000363994622603,7,200,ok,
final,out,rfft,float64,4096,8,contiguous,negative,out_rfft_float64_4096_8_contiguous_negative,0.0630623003235,0.062990465085,3.70247289538e-05,7,200,ok,
final,overlap,rfft,float64,64,1,contiguous,real_partial_overlap,overlap_rfft_float64_64_1_contiguous_real_partial_overlap,0.00398293900071,0.00395347748417,2.9461516533e-05,7,2000,ok,
final,overlap,rfft,float64,4096,1,contiguous,real_partial_overlap,overlap_rfft_float64_4096_1_contiguous_real_partial_overlap,0.019170416739,0.0190343244126,6.56444968849e-05,7,703,ok,
final,out,irfft,complex64,64,1,contiguous,separate,out_irfft_complex64_64_1_contiguous_separate,0.0043284194544,0.00427675549872,2.14009778574e-05,7,2000,ok,
final,out,irfft,complex64,64,1,contiguous,noncontiguous,out_irfft_complex64_64_1_contiguous_noncontiguous,0.00429511105176,0.00427704653703,9.27242217585e-06,7,2000,ok,
final,out,irfft,complex64,64,1,contiguous,negative,out_irfft_complex64_64_1_contiguous_negative,0.00434891349869,0.00432478252333,1.1446478311e-05,7,2000,ok,
final,out,irfft,complex64,64,8,contiguous,separate,out_irfft_complex64_64_8_contiguous_separate,0.00512729201,0.00510329101235,6.81349774823e-06,7,2000,ok,
final,out,irfft,complex64,64,8,contiguous,noncontiguous,out_irfft_complex64_64_8_contiguous_noncontiguous,0.00505306950072,0.0048856594949,0.000163512537256,7,2000,ok,
final,out,irfft,complex64,64,8,contiguous,negative,out_irfft_complex64_64_8_contiguous_negative,0.00497144404614,0.00495215533028,1.92887158519e-05,7,1912,ok,
final,out,irfft,complex64,4096,1,contiguous,separate,out_irfft_complex64_4096_1_contiguous_separate,0.0240198759908,0.0239074298871,0.000102607962146,7,556,ok,
final,out,irfft,complex64,4096,1,contiguous,noncontiguous,out_irfft_complex64_4096_1_contiguous_noncontiguous,0.0241889590477,0.0238842734844,0.000304685563295,7,585,ok,
final,out,irfft,complex64,4096,1,contiguous,negative,out_irfft_complex64_4096_1_contiguous_negative,0.0243041720065,0.0240446059129,4.94406454381e-05,7,581,ok,
final,out,irfft,complex64,4096,8,contiguous,separate,out_irfft_complex64_4096_8_contiguous_separate,0.0555021001492,0.0550057546934,0.000218914938159,7,200,ok,
final,out,irfft,complex64,4096,8,contiguous,noncontiguous,out_irfft_complex64_4096_8_contiguous_noncontiguous,0.0564252649201,0.0558549747802,0.000488790101372,7,200,ok,
final,out,irfft,complex64,4096,8,contiguous,negative,out_irfft_complex64_4096_8_contiguous_negative,0.0556656654226,0.0554576650029,0.000180394854397,7,200,ok,
final,overlap,irfft,complex64,64,1,contiguous,real_partial_overlap,overlap_irfft_complex64_64_1_contiguous_real_partial_overlap,0.00498288170718,0.00491676017257,5.23061893394e-05,7,1868,ok,
final,overlap,irfft,complex64,4096,1,contiguous,real_partial_overlap,overlap_irfft_complex64_4096_1_contiguous_real_partial_overlap,0.0254081346719,0.0250199981431,0.000155233152089,7,549,ok,
final,out,irfft,complex128,64,1,contiguous,separate,out_irfft_complex128_64_1_contiguous_separate,0.00422672997229,0.00412193499506,8.2973507233e-05,7,2000,ok,
final,out,irfft,complex128,64,1,contiguous,noncontiguous,out_irfft_complex128_64_1_contiguous_noncontiguous,0.00419661751948,0.00415137101663,2.33195023611e-05,7,2000,ok,
final,out,irfft,complex128,64,1,contiguous,negative,out_irfft_complex128_64_1_contiguous_negative,0.00432338000974,0.00422467652243,3.48265166394e-05,7,2000,ok,
final,out,irfft,complex128,64,8,contiguous,separate,out_irfft_complex128_64_8_contiguous_separate,0.00504439300857,0.00488291453803,3.91045468859e-05,7,2000,ok,
final,out,irfft,complex128,64,8,contiguous,noncontiguous,out_irfft_complex128_64_8_contiguous_noncontiguous,0.00506106001558,0.00497938401531,7.04344711266e-05,7,2000,ok,
final,out,irfft,complex128,64,8,contiguous,negative,out_irfft_complex128_64_8_contiguous_negative,0.00504384529616,0.00489626044735,6.15977543363e-05,7,1939,ok,
final,out,irfft,complex128,4096,1,contiguous,separate,out_irfft_complex128_4096_1_contiguous_separate,0.0216317791286,0.02129847637,0.000133329696883,7,634,ok,
final,out,irfft,complex128,4096,1,contiguous,noncontiguous,out_irfft_complex128_4096_1_contiguous_noncontiguous,0.021955246082,0.0217681947408,4.65270756675e-05,7,626,ok,
final,out,irfft,complex128,4096,1,contiguous,negative,out_irfft_complex128_4096_1_contiguous_negative,0.0221484641142,0.0219814959495,9.78898750158e-05,7,627,ok,
final,out,irfft,complex128,4096,8,contiguous,separate,out_irfft_complex128_4096_8_contiguous_separate,0.0745805748738,0.0741431850474,0.000341404811479,7,200,ok,
final,out,irfft,complex128,4096,8,contiguous,noncontiguous,out_irfft_complex128_4096_8_contiguous_noncontiguous,0.0758528552251,0.0753143802285,0.000226885313168,7,200,ok,
final,out,irfft,complex128,4096,8,contiguous,negative,out_irfft_complex128_4096_8_contiguous_negative,0.0746475503547,0.0743208249332,0.00019782979507,7,200,ok,
final,overlap,irfft,complex128,64,1,contiguous,real_partial_overlap,overlap_irfft_complex128_64_1_contiguous_real_partial_overlap,0.0050844975481,0.00507737462906,7.12291904109e-06,7,1823,ok,
final,overlap,irfft,complex128,4096,1,contiguous,real_partial_overlap,overlap_irfft_complex128_4096_1_contiguous_real_partial_overlap,0.023028551954,0.0228021796261,0.000112731636333,7,596,ok,
