candidate,group,operation,dtype,n,batch,layout,variant,case_id,median_ms,best_ms,mad_ms,samples,loops,status,notes
c222,direct,fft,complex64,64,1,contiguous,,direct_fft_complex64_64_1_contiguous_,0.00512233362433,0.00492296934969,0.000128108884958,7,1112,ok,
c222,direct,fft,complex64,64,2,contiguous,,direct_fft_complex64_64_2_contiguous_,0.00555717297749,0.00553374028935,1.17255562599e-05,7,1567,ok,
c222,direct,fft,complex64,64,4,contiguous,,direct_fft_complex64_64_4_contiguous_,0.00593272320462,0.00590451588215,1.03141127849e-05,7,1799,ok,
c222,direct,fft,complex64,64,8,contiguous,,direct_fft_complex64_64_8_contiguous_,0.00680893422102,0.00675304974134,2.07758417567e-05,7,1749,ok,
c222,direct,fft,complex64,64,16,contiguous,,direct_fft_complex64_64_16_contiguous_,0.00824996467734,0.00814074427419,6.09737147764e-05,7,1443,ok,
c222,direct,fft,complex64,64,32,contiguous,,direct_fft_complex64_64_32_contiguous_,0.0110366084199,0.0109252333964,2.34473393195e-05,7,720,ok,
c222,direct,fft,complex64,64,64,contiguous,,direct_fft_complex64_64_64_contiguous_,0.0168911821961,0.0168040000233,7.28706868246e-05,7,812,ok,
c222,direct,fft,complex64,64,256,contiguous,,direct_fft_complex64_64_256_contiguous_,0.212699948352,0.209644169476,0.00305577887664,7,118,ok,
c222,direct,fft,complex64,256,1,contiguous,,direct_fft_complex64_256_1_contiguous_,0.00625911632911,0.0062470387659,1.20775632137e-05,7,1548,ok,
c222,direct,fft,complex64,256,2,contiguous,,direct_fft_complex64_256_2_contiguous_,0.00758835070368,0.00752157908998,6.67716136965e-05,7,1497,ok,
c222,direct,fft,complex64,256,4,contiguous,,direct_fft_complex64_256_4_contiguous_,0.0094138921242,0.00927341275252,2.92381222887e-05,7,1335,ok,
c222,direct,fft,complex64,256,8,contiguous,,direct_fft_complex64_256_8_contiguous_,0.0130869709597,0.0129356108255,5.92823532557e-05,7,1002,ok,
c222,direct,fft,complex64,256,16,contiguous,,direct_fft_complex64_256_16_contiguous_,0.0201499774043,0.0198304826649,0.000287384654467,7,663,ok,
c222,direct,fft,complex64,256,32,contiguous,,direct_fft_complex64_256_32_contiguous_,0.0349396897946,0.0348017801298,0.000137909664772,7,200,ok,
c222,direct,fft,complex64,256,64,contiguous,,direct_fft_complex64_256_64_contiguous_,0.233028124218,0.220886248255,0.0106058139107,7,113,ok,
c222,direct,fft,complex64,256,256,contiguous,,direct_fft_complex64_256_256_contiguous_,0.961120598949,0.958215598948,0.00290500000119,7,25,ok,
c222,direct,fft,complex64,1024,1,contiguous,,direct_fft_complex64_1024_1_contiguous_,0.0133786602607,0.0129942047911,0.000283678238605,7,845,ok,
c222,direct,fft,complex64,1024,2,contiguous,,direct_fft_complex64_1024_2_contiguous_,0.0178299645216,0.0177514949644,4.85248206605e-05,7,703,ok,
c222,direct,fft,complex64,1024,4,contiguous,,direct_fft_complex64_1024_4_contiguous_,0.0273864670994,0.0267769434265,0.000318552635552,7,514,ok,
c222,direct,fft,complex64,1024,8,contiguous,,direct_fft_complex64_1024_8_contiguous_,0.0443251151592,0.0440975354286,0.000206790282391,7,200,ok,
c222,direct,fft,complex64,1024,16,contiguous,,direct_fft_complex64_1024_16_contiguous_,0.0794688850874,0.0788326450856,0.000155940069817,7,200,ok,
c222,direct,fft,complex64,1024,32,contiguous,,direct_fft_complex64_1024_32_contiguous_,0.147637693309,0.146982729995,0.000352552731984,7,163,ok,
c222,direct,fft,complex64,1024,64,contiguous,,direct_fft_complex64_1024_64_contiguous_,1.00134800026,0.99619226429,0.00152765246837,7,23,ok,
c222,direct,fft,complex64,1024,256,contiguous,,direct_fft_complex64_1024_256_contiguous_,2.6634374129,2.64374807981,0.0111458357424,7,12,ok,
c222,direct,fft,complex64,2048,1,contiguous,,direct_fft_complex64_2048_1_contiguous_,0.0217933164021,0.0217563097244,2.63433493737e-05,7,591,ok,
c222,direct,fft,complex64,2048,2,contiguous,,direct_fft_complex64_2048_2_contiguous_,0.0327577529585,0.0325702517019,0.000150658683304,7,425,ok,
c222,direct,fft,complex64,2048,4,contiguous,,direct_fft_complex64_2048_4_contiguous_,0.0533833296504,0.0530811649514,0.000149984844029,7,200,ok,
c222,direct,fft,complex64,2048,8,contiguous,,direct_fft_complex64_2048_8_contiguous_,0.0927956699161,0.0922543549677,0.00019621453248,7,200,ok,
c222,direct,fft,complex64,2048,16,contiguous,,direct_fft_complex64_2048_16_contiguous_,0.170866567443,0.170529332897,0.000175567515564,7,141,ok,
c222,direct,fft,complex64,2048,32,contiguous,,direct_fft_complex64_2048_32_contiguous_,0.335833874285,0.326157054385,0.00231766736963,7,72,ok,
c222,direct,fft,complex64,2048,64,contiguous,,direct_fft_complex64_2048_64_contiguous_,0.638962053927,0.63297690358,0.00345740700141,7,20,ok,
c222,direct,fft,complex64,2048,256,contiguous,,direct_fft_complex64_2048_256_contiguous_,4.7092188449,4.6337635722,0.0508135583784,7,7,ok,
c222,direct,fft,complex64,3072,1,contiguous,,direct_fft_complex64_3072_1_contiguous_,0.0299965582886,0.0299149407585,6.46291513772e-05,7,437,ok,
c222,direct,fft,complex64,3072,2,contiguous,,direct_fft_complex64_3072_2_contiguous_,0.0479929649737,0.0473608350148,0.000315890065394,7,200,ok,
c222,direct,fft,complex64,3072,4,contiguous,,direct_fft_complex64_3072_4_contiguous_,0.0799733254826,0.0787890650099,0.000604230444878,7,200,ok,
c222,direct,fft,complex64,3072,8,contiguous,,direct_fft_complex64_3072_8_contiguous_,0.142742563226,0.141781166694,0.000843356079797,7,174,ok,
c222,direct,fft,complex64,3072,16,contiguous,,direct_fft_complex64_3072_16_contiguous_,0.263639605614,0.263193777039,0.000295766748171,7,94,ok,
c222,direct,fft,complex64,3072,32,contiguous,,direct_fft_complex64_3072_32_contiguous_,0.515627302229,0.513612502255,0.00201479997486,7,20,ok,
c222,direct,fft,complex64,3072,64,contiguous,,direct_fft_complex64_3072_64_contiguous_,1.0094858997,1.00173749961,0.00678165233694,7,20,ok,
c222,direct,fft,complex64,3072,256,contiguous,,direct_fft_complex64_3072_256_contiguous_,6.97462519165,6.93379279692,0.0289561925456,7,5,ok,
c222,direct,fft,complex64,3584,1,contiguous,,direct_fft_complex64_3584_1_contiguous_,0.0346662526009,0.0344215270319,0.000186271790881,7,368,ok,
c222,direct,fft,complex64,3584,2,contiguous,,direct_fft_complex64_3584_2_contiguous_,0.053101599915,0.0529084447771,0.000157239846885,7,200,ok,
c222,direct,fft,complex64,3584,4,contiguous,,direct_fft_complex64_3584_4_contiguous_,0.0887817249168,0.08855154505,0.000139210023917,7,200,ok,
c222,direct,fft,complex64,3584,8,contiguous,,direct_fft_complex64_3584_8_contiguous_,0.158359071349,0.157899311713,0.000373545774053,7,154,ok,
c222,direct,fft,complex64,3584,16,contiguous,,direct_fft_complex64_3584_16_contiguous_,0.30145034929,0.297397107211,0.00169715586017,7,83,ok,
c222,direct,fft,complex64,3584,32,contiguous,,direct_fft_complex64_3584_32_contiguous_,0.578811799642,0.57708005188,0.00173174776137,7,20,ok,
c222,direct,fft,complex64,3584,64,contiguous,,direct_fft_complex64_3584_64_contiguous_,1.15082485136,1.14326269832,0.00381965073757,7,20,ok,
c222,direct,fft,complex64,3584,256,contiguous,,direct_fft_complex64_3584_256_contiguous_,7.85324873868,7.69168199622,0.0465894991066,7,4,ok,
c222,direct,fft,complex64,4095,1,contiguous,,direct_fft_complex64_4095_1_contiguous_,0.0452313642578,0.0449911922479,3.63231806206e-05,7,291,ok,
c222,direct,fft,complex64,4095,2,contiguous,,direct_fft_complex64_4095_2_contiguous_,0.0739010400139,0.0737856701016,8.56601400301e-05,7,200,ok,
c222,direct,fft,complex64,4095,4,contiguous,,direct_fft_complex64_4095_4_contiguous_,0.137554561176,0.137021788396,0.000153011124995,7,180,ok,
c222,direct,fft,complex64,4095,8,contiguous,,direct_fft_complex64_4095_8_contiguous_,0.259556717735,0.25886346829,0.000407184099617,7,92,ok,
c222,direct,fft,complex64,4095,16,contiguous,,direct_fft_complex64_4095_16_contiguous_,0.501383939397,0.49846053209,0.00127359074826,7,49,ok,
c222,direct,fft,complex64,4095,32,contiguous,,direct_fft_complex64_4095_32_contiguous_,1.00525955204,0.994153303327,0.00356169766746,7,20,ok,
c222,direct,fft,complex64,4095,64,contiguous,,direct_fft_complex64_4095_64_contiguous_,1.99862594223,1.96955164703,0.00442588455318,7,17,ok,
c222,direct,fft,complex64,4095,256,contiguous,,direct_fft_complex64_4095_256_contiguous_,11.598202982,11.5312146954,0.0335793398942,7,3,ok,
c222,direct,fft,complex64,4096,1,contiguous,,direct_fft_complex64_4096_1_contiguous_,0.0399836785493,0.0397711436888,0.000187198329569,7,327,ok,
c222,direct,fft,complex64,4096,2,contiguous,,direct_fft_complex64_4096_2_contiguous_,0.0599016499473,0.0598135846667,7.77444802225e-05,7,200,ok,
c222,direct,fft,complex64,4096,4,contiguous,,direct_fft_complex64_4096_4_contiguous_,0.100236464641,0.0999113550643,7.74406362325e-05,7,200,ok,
c222,direct,fft,complex64,4096,8,contiguous,,direct_fft_complex64_4096_8_contiguous_,0.180205222461,0.179384503065,0.000372029737466,7,135,ok,
c222,direct,fft,complex64,4096,16,contiguous,,direct_fft_complex64_4096_16_contiguous_,0.341140789728,0.339798985088,0.00105012850967,7,71,ok,
c222,direct,fft,complex64,4096,32,contiguous,,direct_fft_complex64_4096_32_contiguous_,0.666662299773,0.661033304641,0.00325355213135,7,20,ok,
c222,direct,fft,complex64,4096,64,contiguous,,direct_fft_complex64_4096_64_contiguous_,1.31633534911,1.3071221998,0.00921314931475,7,20,ok,
c222,direct,fft,complex64,4096,256,contiguous,,direct_fft_complex64_4096_256_contiguous_,9.08341732187,8.96097863248,0.0807706577082,7,3,ok,
c222,direct,fft,complex64,4097,1,contiguous,,direct_fft_complex64_4097_1_contiguous_,0.11728314573,0.11697909507,7.79485602057e-05,5,178,ok,
c222,direct,fft,complex64,4097,2,contiguous,,direct_fft_complex64_4097_2_contiguous_,0.192804146573,0.192455129652,0.000349016920701,5,123,ok,
c222,direct,fft,complex64,4097,4,contiguous,,direct_fft_complex64_4097_4_contiguous_,0.372593414683,0.370677214904,0.000159508691957,5,65,ok,
c222,direct,fft,complex64,4097,8,contiguous,,direct_fft_complex64_4097_8_contiguous_,0.732186853009,0.728980590151,0.00320626285804,5,34,ok,
c222,direct,fft,complex64,4097,16,contiguous,,direct_fft_complex64_4097_16_contiguous_,1.43606045167,1.4271207503,0.0086251529865,5,20,ok,
c222,direct,fft,complex64,4097,32,contiguous,,direct_fft_complex64_4097_32_contiguous_,2.84239734174,2.8368185837,0.00557875803982,5,12,ok,
c222,direct,fft,complex64,4097,64,contiguous,,direct_fft_complex64_4097_64_contiguous_,5.61544017789,5.59262748963,0.006774168772,5,6,ok,
c222,direct,fft,complex64,4097,256,contiguous,,direct_fft_complex64_4097_256_contiguous_,26.3183120405,26.086068945,0.185496988706,5,1,ok,
c222,direct,fft,complex64,4608,1,contiguous,,direct_fft_complex64_4608_1_contiguous_,0.0429421296576,0.0426122645149,0.000123074860312,5,200,ok,
c222,direct,fft,complex64,4608,2,contiguous,,direct_fft_complex64_4608_2_contiguous_,0.0719462847337,0.0717696099309,8.85204644874e-05,5,200,ok,
c222,direct,fft,complex64,4608,4,contiguous,,direct_fft_complex64_4608_4_contiguous_,0.123024010099,0.122265344835,0.000436764676124,5,200,ok,
c222,direct,fft,complex64,4608,8,contiguous,,direct_fft_complex64_4608_8_contiguous_,0.223434046213,0.223350194843,8.38513693048e-05,5,108,ok,
c222,direct,fft,complex64,4608,16,contiguous,,direct_fft_complex64_4608_16_contiguous_,0.430536398198,0.430354051059,0.000138749601319,5,20,ok,
c222,direct,fft,complex64,4608,32,contiguous,,direct_fft_complex64_4608_32_contiguous_,0.835244549671,0.834580347873,0.000664201797917,5,20,ok,
c222,direct,fft,complex64,4608,64,contiguous,,direct_fft_complex64_4608_64_contiguous_,1.66710735066,1.6574107518,0.00969659886323,5,20,ok,
c222,direct,fft,complex64,4608,256,contiguous,,direct_fft_complex64_4608_256_contiguous_,10.8248556886,10.734343358,0.0218972951795,5,3,ok,
c222,direct,fft,complex64,8192,1,contiguous,,direct_fft_complex64_8192_1_contiguous_,0.0767188495956,0.0764483446255,0.000157439499162,5,200,ok,
c222,direct,fft,complex64,8192,2,contiguous,,direct_fft_complex64_8192_2_contiguous_,0.126614180849,0.126415244403,0.00019893644655,5,188,ok,
c222,direct,fft,complex64,8192,4,contiguous,,direct_fft_complex64_8192_4_contiguous_,0.230931574522,0.229606221654,0.00100225076528,5,108,ok,
c222,direct,fft,complex64,8192,8,contiguous,,direct_fft_complex64_8192_8_contiguous_,0.426699129295,0.423356427173,0.00157926007415,5,54,ok,
c222,direct,fft,complex64,8192,16,contiguous,,direct_fft_complex64_8192_16_contiguous_,0.794112752192,0.793100899318,0.00101185287349,5,20,ok,
c222,direct,fft,complex64,8192,32,contiguous,,direct_fft_complex64_8192_32_contiguous_,1.59978464944,1.59768619924,0.000645202817395,5,20,ok,
c222,direct,fft,complex64,8192,64,contiguous,,direct_fft_complex64_8192_64_contiguous_,3.41705539031,3.35060129873,0.0216774176806,5,10,ok,
c222,direct,fft,complex64,8192,256,contiguous,,direct_fft_complex64_8192_256_contiguous_,20.2291730093,19.9888129719,0.0591590069234,5,1,ok,
c222,direct,fft,complex64,16384,1,contiguous,,direct_fft_complex64_16384_1_contiguous_,0.196223048781,0.195978284147,0.00024476463384,5,123,ok,
c222,direct,fft,complex64,16384,2,contiguous,,direct_fft_complex64_16384_2_contiguous_,0.3826197335,0.381624453439,0.000995280061034,5,64,ok,
c222,direct,fft,complex64,16384,4,contiguous,,direct_fft_complex64_16384_4_contiguous_,0.751294636619,0.750226607179,0.00106802943981,5,33,ok,
c222,direct,fft,complex64,16384,8,contiguous,,direct_fft_complex64_16384_8_contiguous_,1.49446350406,1.4898173511,0.00166404643096,5,20,ok,
c222,direct,fft,complex64,16384,16,contiguous,,direct_fft_complex64_16384_16_contiguous_,2.93692473364,2.92662090876,0.00561045652086,5,11,ok,
c222,direct,fft,complex64,16384,32,contiguous,,direct_fft_complex64_16384_32_contiguous_,6.05997720268,5.99967280868,0.0214939936996,5,5,ok,
c222,direct,fft,complex64,16384,64,contiguous,,direct_fft_complex64_16384_64_contiguous_,16.7524954886,16.6735430248,0.0544314389117,5,2,ok,
c222,direct,fft,complex64,16384,256,contiguous,,direct_fft_complex64_16384_256_contiguous_,61.4504609257,61.3308770116,0.0255670165643,5,1,ok,
c222,direct,fft,complex64,32768,1,contiguous,,direct_fft_complex64_32768_1_contiguous_,0.457782269223,0.454933693758,0.00284857546481,5,52,ok,
c222,direct,fft,complex64,32768,2,contiguous,,direct_fft_complex64_32768_2_contiguous_,0.903135260429,0.901663960475,0.000771850830427,5,27,ok,
c222,direct,fft,complex64,32768,4,contiguous,,direct_fft_complex64_32768_4_contiguous_,1.77995405331,1.77532121368,0.00463283963894,5,19,ok,
c222,direct,fft,complex64,32768,8,contiguous,,direct_fft_complex64_32768_8_contiguous_,3.46941811343,3.44542667477,0.0140405544597,5,9,ok,
c222,direct,fft,complex64,32768,16,contiguous,,direct_fft_complex64_32768_16_contiguous_,7.1050717379,7.07630024408,0.0287714938167,5,4,ok,
c222,direct,fft,complex64,32768,32,contiguous,,direct_fft_complex64_32768_32_contiguous_,19.2384020193,18.9815430203,0.0562549103051,5,1,ok,
c222,direct,fft,complex64,32768,64,contiguous,,direct_fft_complex64_32768_64_contiguous_,35.7103990391,35.5506209889,0.0952068949118,5,1,ok,
c222,direct,fft,complex64,32768,256,contiguous,,direct_fft_complex64_32768_256_contiguous_,138.240242959,137.902241899,0.3380010603,5,1,ok,
c222,direct,fft,complex64,65536,1,contiguous,,direct_fft_complex64_65536_1_contiguous_,0.978109920397,0.97283648327,0.00259844120592,5,25,ok,
c222,direct,fft,complex64,65536,2,contiguous,,direct_fft_complex64_65536_2_contiguous_,1.93520640845,1.93405247239,0.00115393606179,5,17,ok,
c222,direct,fft,complex64,65536,4,contiguous,,direct_fft_complex64_65536_4_contiguous_,3.78779367182,3.77419166681,0.00745065820714,5,9,ok,
c222,direct,fft,complex64,65536,8,contiguous,,direct_fft_complex64_65536_8_contiguous_,7.79507998959,7.74881851976,0.0240022491198,5,4,ok,
c222,direct,fft,complex64,65536,16,contiguous,,direct_fft_complex64_65536_16_contiguous_,21.0752520943,20.9292189684,0.0225018011406,5,1,ok,
c222,direct,fft,complex64,65536,32,contiguous,,direct_fft_complex64_65536_32_contiguous_,38.2789949654,38.0396079272,0.191497034393,5,1,ok,
c222,direct,fft,complex64,65536,64,contiguous,,direct_fft_complex64_65536_64_contiguous_,76.0392110096,75.5208330229,0.482521019876,5,1,ok,
c222,direct,fft,complex64,65536,256,contiguous,,direct_fft_complex64_65536_256_contiguous_,302.020674921,300.990442047,1.03023287375,5,1,ok,
c222,direct,fft,complex128,64,1,contiguous,,direct_fft_complex128_64_1_contiguous_,0.00420405495475,0.00414785096642,4.67416131377e-05,7,1892,ok,
c222,direct,fft,complex128,64,2,contiguous,,direct_fft_complex128_64_2_contiguous_,0.00456648151157,0.00449933600612,2.35690386035e-05,7,2000,ok,
c222,direct,fft,complex128,64,4,contiguous,,direct_fft_complex128_64_4_contiguous_,0.0048681149492,0.00482553051552,4.2584433686e-05,7,2000,ok,
c222,direct,fft,complex128,64,8,contiguous,,direct_fft_complex128_64_8_contiguous_,0.00550004496472,0.0054593590321,2.13654711843e-05,7,2000,ok,
c222,direct,fft,complex128,64,16,contiguous,,direct_fft_complex128_64_16_contiguous_,0.00665237403299,0.00648464401072,0.000167730022271,7,1885,ok,
c222,direct,fft,complex128,64,32,contiguous,,direct_fft_complex128_64_32_contiguous_,0.00883985563716,0.00873463450539,6.4399622197e-05,7,1379,ok,
c222,direct,fft,complex128,64,64,contiguous,,direct_fft_complex128_64_64_contiguous_,0.0134419990002,0.0132352464643,7.2343994957e-05,7,974,ok,
c222,direct,fft,complex128,64,256,contiguous,,direct_fft_complex128_64_256_contiguous_,0.0413477548864,0.0407107704086,0.000225674593821,7,200,ok,
c222,direct,fft,complex128,256,1,contiguous,,direct_fft_complex128_256_1_contiguous_,0.00540343899047,0.00535082601709,1.44375371747e-05,7,2000,ok,
c222,direct,fft,complex128,256,2,contiguous,,direct_fft_complex128_256_2_contiguous_,0.00631009758427,0.00626299781126,2.42491718889e-05,7,1834,ok,
c222,direct,fft,complex128,256,4,contiguous,,direct_fft_complex128_256_4_contiguous_,0.00779422102654,0.00772372338037,5.87464862708e-05,7,1475,ok,
c222,direct,fft,complex128,256,8,contiguous,,direct_fft_complex128_256_8_contiguous_,0.0109391401454,0.0107956136643,1.68390998348e-05,7,1206,ok,
c222,direct,fft,complex128,256,16,contiguous,,direct_fft_complex128_256_16_contiguous_,0.0168896810385,0.0167529961376,1.96048135489e-05,7,787,ok,
c222,direct,fft,complex128,256,32,contiguous,,direct_fft_complex128_256_32_contiguous_,0.029430250288,0.0289305701153,0.000331919873133,7,200,ok,
c222,direct,fft,complex128,256,64,contiguous,,direct_fft_complex128_256_64_contiguous_,0.0534290145151,0.0531218398828,0.000107649248093,7,200,ok,
c222,direct,fft,complex128,256,256,contiguous,,direct_fft_complex128_256_256_contiguous_,0.19568320219,0.195245915914,6.23027410577e-05,7,119,ok,
c222,direct,fft,complex128,1024,1,contiguous,,direct_fft_complex128_1024_1_contiguous_,0.011583943123,0.0115513601848,2.4424596597e-05,7,1055,ok,
c222,direct,fft,complex128,1024,2,contiguous,,direct_fft_complex128_1024_2_contiguous_,0.0156249869326,0.015585940289,2.22122656773e-05,7,838,ok,
c222,direct,fft,complex128,1024,4,contiguous,,direct_fft_complex128_1024_4_contiguous_,0.0232962650868,0.0232130432657,2.09718321761e-05,7,600,ok,
c222,direct,fft,complex128,1024,8,contiguous,,direct_fft_complex128_1024_8_contiguous_,0.0387191446498,0.0385338498745,5.67553797737e-05,7,200,ok,
c222,direct,fft,complex128,1024,16,contiguous,,direct_fft_complex128_1024_16_contiguous_,0.0694682099856,0.0692557153525,6.1159953475e-05,7,200,ok,
c222,direct,fft,complex128,1024,32,contiguous,,direct_fft_complex128_1024_32_contiguous_,0.129657479268,0.129378502693,0.000136828645182,7,169,ok,
c222,direct,fft,complex128,1024,64,contiguous,,direct_fft_complex128_1024_64_contiguous_,0.249937679619,0.248781630071,0.000625470420346,7,100,ok,
c222,direct,fft,complex128,1024,256,contiguous,,direct_fft_complex128_1024_256_contiguous_,0.969861447811,0.965133099817,0.00178629998118,7,20,ok,
c222,direct,fft,complex128,2048,1,contiguous,,direct_fft_complex128_2048_1_contiguous_,0.0200025520609,0.0198530423038,0.000112653157897,7,663,ok,
c222,direct,fft,complex128,2048,2,contiguous,,direct_fft_complex128_2048_2_contiguous_,0.0294618403437,0.0294287519788,3.30883649593e-05,7,476,ok,
c222,direct,fft,complex128,2048,4,contiguous,,direct_fft_complex128_2048_4_contiguous_,0.0484132999554,0.048329589772,4.99450834468e-05,7,200,ok,
c222,direct,fft,complex128,2048,8,contiguous,,direct_fft_complex128_2048_8_contiguous_,0.0832761399215,0.0830559351016,6.93846959621e-05,7,200,ok,
c222,direct,fft,complex128,2048,16,contiguous,,direct_fft_complex128_2048_16_contiguous_,0.156358974806,0.15302230416,0.00333667064652,7,161,ok,
c222,direct,fft,complex128,2048,32,contiguous,,direct_fft_complex128_2048_32_contiguous_,0.294814824455,0.293422705384,0.000199564623044,7,85,ok,
c222,direct,fft,complex128,2048,64,contiguous,,direct_fft_complex128_2048_64_contiguous_,0.576040596934,0.573535903823,0.000878650462255,7,20,ok,
c222,direct,fft,complex128,2048,256,contiguous,,direct_fft_complex128_2048_256_contiguous_,2.28170106808,2.27255666784,0.00387586963673,7,15,ok,
c222,direct,fft,complex128,3072,1,contiguous,,direct_fft_complex128_3072_1_contiguous_,0.0273094246087,0.0271630062981,0.000146418310625,7,485,ok,
c222,direct,fft,complex128,3072,2,contiguous,,direct_fft_complex128_3072_2_contiguous_,0.0430729251821,0.0428973452654,5.51051925868e-05,7,200,ok,
c222,direct,fft,complex128,3072,4,contiguous,,direct_fft_complex128_3072_4_contiguous_,0.0710894347867,0.0709178199759,9.61852492765e-05,7,200,ok,
c222,direct,fft,complex128,3072,8,contiguous,,direct_fft_complex128_3072_8_contiguous_,0.126008189055,0.125693163255,0.000181565731194,7,196,ok,
c222,direct,fft,complex128,3072,16,contiguous,,direct_fft_complex128_3072_16_contiguous_,0.236293685711,0.236056190694,0.000186247884163,7,105,ok,
c222,direct,fft,complex128,3072,32,contiguous,,direct_fft_complex128_3072_32_contiguous_,0.456067099003,0.45488885371,0.000937300501391,7,20,ok,
c222,direct,fft,complex128,3072,64,contiguous,,direct_fft_complex128_3072_64_contiguous_,0.896351150004,0.893553451169,0.00154890003614,7,20,ok,
c222,direct,fft,complex128,3072,256,contiguous,,direct_fft_complex128_3072_256_contiguous_,3.63852500191,3.60178865958,0.0245870065151,7,9,ok,
c222,direct,fft,complex128,3584,1,contiguous,,direct_fft_complex128_3584_1_contiguous_,0.0307032483383,0.0306470333521,4.66014145204e-05,7,419,ok,
c222,direct,fft,complex128,3584,2,contiguous,,direct_fft_complex128_3584_2_contiguous_,0.0482034048764,0.0481303205015,4.16801776737e-05,7,200,ok,
c222,direct,fft,complex128,3584,4,contiguous,,direct_fft_complex128_3584_4_contiguous_,0.0801241048612,0.0798611645587,7.26798316464e-05,7,200,ok,
c222,direct,fft,complex128,3584,8,contiguous,,direct_fft_complex128_3584_8_contiguous_,0.142150803475,0.141653745715,0.000135346606503,7,173,ok,
c222,direct,fft,complex128,3584,16,contiguous,,direct_fft_complex128_3584_16_contiguous_,0.267689387935,0.266803855387,0.00088553254803,7,90,ok,
c222,direct,fft,complex128,3584,32,contiguous,,direct_fft_complex128_3584_32_contiguous_,0.536409101915,0.529173604446,0.00475240522064,7,20,ok,
c222,direct,fft,complex128,3584,64,contiguous,,direct_fft_complex128_3584_64_contiguous_,1.04153525317,1.03468445013,0.00426745391451,7,20,ok,
c222,direct,fft,complex128,3584,256,contiguous,,direct_fft_complex128_3584_256_contiguous_,4.57765885429,4.51534971528,0.0219625653699,7,7,ok,
c222,direct,fft,complex128,4095,1,contiguous,,direct_fft_complex128_4095_1_contiguous_,0.0430615435217,0.0417907148031,0.000971681188367,7,298,ok,
c222,direct,fft,complex128,4095,2,contiguous,,direct_fft_complex128_4095_2_contiguous_,0.0701962749008,0.069441809901,0.000321455299854,7,200,ok,
c222,direct,fft,complex128,4095,4,contiguous,,direct_fft_complex128_4095_4_contiguous_,0.126632656424,0.126027471672,0.000589969567955,7,195,ok,
c222,direct,fft,complex128,4095,8,contiguous,,direct_fft_complex128_4095_8_contiguous_,0.242832831411,0.242011188207,0.000529613640934,7,101,ok,
c222,direct,fft,complex128,4095,16,contiguous,,direct_fft_complex128_4095_16_contiguous_,0.473271100782,0.47131143976,0.00195966102183,7,50,ok,
c222,direct,fft,complex128,4095,32,contiguous,,direct_fft_complex128_4095_32_contiguous_,0.932863354683,0.918104802258,0.00785765587352,7,20,ok,
c222,direct,fft,complex128,4095,64,contiguous,,direct_fft_complex128_4095_64_contiguous_,1.84205373578,1.82903257787,0.00935694276306,7,19,ok,
c222,direct,fft,complex128,4095,256,contiguous,,direct_fft_complex128_4095_256_contiguous_,7.72055322886,7.65891076298,0.0142917851917,7,4,ok,
c222,direct,fft,complex128,4096,1,contiguous,,direct_fft_complex128_4096_1_contiguous_,0.0382452643203,0.0365928936771,0.000710753006754,7,348,ok,
c222,direct,fft,complex128,4096,2,contiguous,,direct_fft_complex128_4096_2_contiguous_,0.0578143500024,0.0566930550849,0.000600370112807,7,200,ok,
c222,direct,fft,complex128,4096,4,contiguous,,direct_fft_complex128_4096_4_contiguous_,0.092270289897,0.0916982704075,0.000406004837714,7,200,ok,
c222,direct,fft,complex128,4096,8,contiguous,,direct_fft_complex128_4096_8_contiguous_,0.168135073036,0.16557102014,0.00189240711431,7,150,ok,
c222,direct,fft,complex128,4096,16,contiguous,,direct_fft_complex128_4096_16_contiguous_,0.32142780133,0.309841578679,0.0023306561879,7,76,ok,
c222,direct,fft,complex128,4096,32,contiguous,,direct_fft_complex128_4096_32_contiguous_,0.62112879823,0.607409147779,0.0090924964752,7,20,ok,
c222,direct,fft,complex128,4096,64,contiguous,,direct_fft_complex128_4096_64_contiguous_,1.22421334963,1.20364794857,0.0164081517141,7,20,ok,
c222,direct,fft,complex128,4096,256,contiguous,,direct_fft_complex128_4096_256_contiguous_,5.14474618249,5.05104139447,0.0573307741433,7,5,ok,
c222,direct,fft,complex128,4097,1,contiguous,,direct_fft_complex128_4097_1_contiguous_,0.115859799026,0.115045768691,0.000814030335364,5,199,ok,
c222,direct,fft,complex128,4097,2,contiguous,,direct_fft_complex128_4097_2_contiguous_,0.189297798256,0.187611550295,0.00157860439819,5,129,ok,
c222,direct,fft,complex128,4097,4,contiguous,,direct_fft_complex128_4097_4_contiguous_,0.361027435629,0.358058855046,0.00296858058352,5,69,ok,
c222,direct,fft,complex128,4097,8,contiguous,,direct_fft_complex128_4097_8_contiguous_,0.707423770135,0.70210525633,0.00433668361178,5,35,ok,
c222,direct,fft,complex128,4097,16,contiguous,,direct_fft_complex128_4097_16_contiguous_,1.3995182002,1.39043120435,0.00231129815802,5,20,ok,
c222,direct,fft,complex128,4097,32,contiguous,,direct_fft_complex128_4097_32_contiguous_,2.76743983462,2.75015933827,0.00550116722782,5,12,ok,
c222,direct,fft,complex128,4097,64,contiguous,,direct_fft_complex128_4097_64_contiguous_,5.6008863224,5.52047451492,0.0804118074787,5,6,ok,
c222,direct,fft,complex128,4097,256,contiguous,,direct_fft_complex128_4097_256_contiguous_,22.9976709234,22.1527440008,0.433548935689,5,1,ok,
c222,direct,fft,complex128,4608,1,contiguous,,direct_fft_complex128_4608_1_contiguous_,0.0402631296311,0.0399459846085,0.000214655301534,5,200,ok,
c222,direct,fft,complex128,4608,2,contiguous,,direct_fft_complex128_4608_2_contiguous_,0.0690893048886,0.0664777751081,0.00151949003339,5,200,ok,
c222,direct,fft,complex128,4608,4,contiguous,,direct_fft_complex128_4608_4_contiguous_,0.11577502999,0.115362909855,0.00041212013457,5,200,ok,
c222,direct,fft,complex128,4608,8,contiguous,,direct_fft_complex128_4608_8_contiguous_,0.21928478865,0.212713796843,0.00318204115887,5,118,ok,
c222,direct,fft,complex128,4608,16,contiguous,,direct_fft_complex128_4608_16_contiguous_,0.399176351493,0.39631749969,0.00255830236711,5,20,ok,
c222,direct,fft,complex128,4608,32,contiguous,,direct_fft_complex128_4608_32_contiguous_,0.786597694969,0.770696549444,0.0159011455253,5,20,ok,
c222,direct,fft,complex128,4608,64,contiguous,,direct_fft_complex128_4608_64_contiguous_,1.54539560317,1.52627784992,0.00700060045347,5,20,ok,
c222,direct,fft,complex128,4608,256,contiguous,,direct_fft_complex128_4608_256_contiguous_,6.46455860697,6.39945298899,0.0177290290594,5,5,ok,
c222,direct,fft,complex128,8192,1,contiguous,,direct_fft_complex128_8192_1_contiguous_,0.0725919450633,0.071958960034,0.00063298502937,5,200,ok,
c222,direct,fft,complex128,8192,2,contiguous,,direct_fft_complex128_8192_2_contiguous_,0.12439462007,0.11948260013,0.00131295470055,5,200,ok,
c222,direct,fft,complex128,8192,4,contiguous,,direct_fft_complex128_8192_4_contiguous_,0.211083789748,0.210796500221,0.000287289526967,5,114,ok,
c222,direct,fft,complex128,8192,8,contiguous,,direct_fft_complex128_8192_8_contiguous_,0.393574565439,0.393061356003,0.000513209435608,5,62,ok,
c222,direct,fft,complex128,8192,16,contiguous,,direct_fft_complex128_8192_16_contiguous_,0.761412701104,0.757433800027,0.002342852531,5,20,ok,
c222,direct,fft,complex128,8192,32,contiguous,,direct_fft_complex128_8192_32_contiguous_,1.49495590013,1.48935244652,0.00560345361009,5,20,ok,
c222,direct,fft,complex128,8192,64,contiguous,,direct_fft_complex128_8192_64_contiguous_,2.97727373386,2.96872227707,0.00249009198424,5,11,ok,
c222,direct,fft,complex128,8192,256,contiguous,,direct_fft_complex128_8192_256_contiguous_,13.8991024578,13.8782135327,0.0208889250644,5,2,ok,
c222,direct,fft,complex128,16384,1,contiguous,,direct_fft_complex128_16384_1_contiguous_,0.183746531548,0.183163961083,0.000582570464758,5,128,ok,
c222,direct,fft,complex128,16384,2,contiguous,,direct_fft_complex128_16384_2_contiguous_,0.358581580087,0.357558218546,8.81297729802e-05,5,69,ok,
c222,direct,fft,complex128,16384,4,contiguous,,direct_fft_complex128_16384_4_contiguous_,0.704609941957,0.70400882978,0.000360940716096,5,35,ok,
c222,direct,fft,complex128,16384,8,contiguous,,direct_fft_complex128_16384_8_contiguous_,1.3962851488,1.3930070505,0.00292994664051,5,20,ok,
c222,direct,fft,complex128,16384,16,contiguous,,direct_fft_complex128_16384_16_contiguous_,2.79087450084,2.78774782782,0.000340582725281,5,12,ok,
c222,direct,fft,complex128,16384,32,contiguous,,direct_fft_complex128_16384_32_contiguous_,5.58834466695,5.57357049547,0.00824884045869,5,6,ok,
c222,direct,fft,complex128,16384,64,contiguous,,direct_fft_complex128_16384_64_contiguous_,11.4803226509,11.451672685,0.028649965922,5,3,ok,
c222,direct,fft,complex128,16384,256,contiguous,,direct_fft_complex128_16384_256_contiguous_,49.6187090175,49.4861609768,0.124122016132,5,1,ok,
c222,direct,fft,complex128,32768,1,contiguous,,direct_fft_complex128_32768_1_contiguous_,0.420926811158,0.419838741374,0.000687655270228,5,58,ok,
c222,direct,fft,complex128,32768,2,contiguous,,direct_fft_complex128_32768_2_contiguous_,0.833653600421,0.831661563522,0.00199203689893,5,30,ok,
c222,direct,fft,complex128,32768,4,contiguous,,direct_fft_complex128_32768_4_contiguous_,1.65996400174,1.65311875171,0.00290794996545,5,20,ok,
c222,direct,fft,complex128,32768,8,contiguous,,direct_fft_complex128_32768_8_contiguous_,3.32287350902,3.31478939625,0.00808411277831,5,10,ok,
c222,direct,fft,complex128,32768,16,contiguous,,direct_fft_complex128_32768_16_contiguous_,6.65768119507,6.6250906093,0.0325905857608,5,5,ok,
c222,direct,fft,complex128,32768,32,contiguous,,direct_fft_complex128_32768_32_contiguous_,13.6980924872,13.6388264946,0.0187199912034,5,2,ok,
c222,direct,fft,complex128,32768,64,contiguous,,direct_fft_complex128_32768_64_contiguous_,29.4858269626,29.3980219867,0.0878049759194,5,1,ok,
c222,direct,fft,complex128,32768,256,contiguous,,direct_fft_complex128_32768_256_contiguous_,117.268073955,117.145274067,0.110626104288,5,1,ok,
c222,direct,fft,complex128,65536,1,contiguous,,direct_fft_complex128_65536_1_contiguous_,0.9434034627,0.941906039281,0.00134754317025,5,26,ok,
c222,direct,fft,complex128,65536,2,contiguous,,direct_fft_complex128_65536_2_contiguous_,1.85981877924,1.856317278,0.000498167032169,5,18,ok,
c222,direct,fft,complex128,65536,4,contiguous,,direct_fft_complex128_65536_4_contiguous_,3.70872055646,3.69683721672,0.00970132855905,5,9,ok,
c222,direct,fft,complex128,65536,8,contiguous,,direct_fft_complex128_65536_8_contiguous_,7.41941851447,7.36450598924,0.0390979694203,5,4,ok,
c222,direct,fft,complex128,65536,16,contiguous,,direct_fft_complex128_65536_16_contiguous_,15.6746224966,15.4242750141,0.0937649747357,5,2,ok,
c222,direct,fft,complex128,65536,32,contiguous,,direct_fft_complex128_65536_32_contiguous_,32.8681209357,32.6684190659,0.132756889798,5,1,ok,
c222,direct,fft,complex128,65536,64,contiguous,,direct_fft_complex128_65536_64_contiguous_,64.5267950604,64.2341380008,0.283789937384,5,1,ok,
c222,direct,fft,complex128,65536,256,contiguous,,direct_fft_complex128_65536_256_contiguous_,255.95174497,255.890220986,0.0615239841864,5,1,ok,
c222,direct,ifft,complex64,64,1,contiguous,,direct_ifft_complex64_64_1_contiguous_,0.00529931401531,0.00524723827806,4.61011841605e-05,7,1137,ok,
c222,direct,ifft,complex64,64,2,contiguous,,direct_ifft_complex64_64_2_contiguous_,0.00563328263952,0.00555150257131,8.16480953912e-05,7,1751,ok,
c222,direct,ifft,complex64,64,4,contiguous,,direct_ifft_complex64_64_4_contiguous_,0.00608377462204,0.00604933587441,1.26956254435e-05,7,1557,ok,
c222,direct,ifft,complex64,64,8,contiguous,,direct_ifft_complex64_64_8_contiguous_,0.00704579277652,0.0069828401949,1.91044884625e-05,7,1665,ok,
c222,direct,ifft,complex64,64,16,contiguous,,direct_ifft_complex64_64_16_contiguous_,0.00905870857956,0.00898949724204,1.76195965844e-05,7,1438,ok,
c222,direct,ifft,complex64,64,32,contiguous,,direct_ifft_complex64_64_32_contiguous_,0.0123979747096,0.0123412440964,1.83024590451e-05,7,1028,ok,
c222,direct,ifft,complex64,64,64,contiguous,,direct_ifft_complex64_64_64_contiguous_,0.0192584299595,0.0191431382493,4.99378697736e-05,7,514,ok,
c222,direct,ifft,complex64,64,256,contiguous,,direct_ifft_complex64_64_256_contiguous_,0.0615344452672,0.060867050197,0.000180535716936,7,200,ok,
c222,direct,ifft,complex64,256,1,contiguous,,direct_ifft_complex64_256_1_contiguous_,0.00669846194796,0.00651514995148,5.67708873371e-05,7,1340,ok,
c222,direct,ifft,complex64,256,2,contiguous,,direct_ifft_complex64_256_2_contiguous_,0.007778175781,0.00769029614782,2.6013011625e-05,7,1462,ok,
c222,direct,ifft,complex64,256,4,contiguous,,direct_ifft_complex64_256_4_contiguous_,0.00979785773376,0.00970755331366,1.6438065538e-05,7,1258,ok,
c222,direct,ifft,complex64,256,8,contiguous,,direct_ifft_complex64_256_8_contiguous_,0.0136074801655,0.0135328937176,4.78396638452e-05,7,960,ok,
c222,direct,ifft,complex64,256,16,contiguous,,direct_ifft_complex64_256_16_contiguous_,0.0208251571776,0.0206189790202,0.000206178157384,7,668,ok,
c222,direct,ifft,complex64,256,32,contiguous,,direct_ifft_complex64_256_32_contiguous_,0.0355321948882,0.0353698449908,6.90302113071e-05,7,200,ok,
c222,direct,ifft,complex64,256,64,contiguous,,direct_ifft_complex64_256_64_contiguous_,0.0653940549819,0.0652770401211,0.000112715060823,7,200,ok,
c222,direct,ifft,complex64,256,256,contiguous,,direct_ifft_complex64_256_256_contiguous_,0.242580524058,0.242250291088,0.00033023296991,7,103,ok,
c222,direct,ifft,complex64,1024,1,contiguous,,direct_ifft_complex64_1024_1_contiguous_,0.0136088764997,0.0135272854437,1.61573392079e-05,7,883,ok,
c222,direct,ifft,complex64,1024,2,contiguous,,direct_ifft_complex64_1024_2_contiguous_,0.0181780765303,0.0180898348281,3.48269220284e-05,7,733,ok,
c222,direct,ifft,complex64,1024,4,contiguous,,direct_ifft_complex64_1024_4_contiguous_,0.0259573415867,0.0259254504535,3.18911331812e-05,7,524,ok,
c222,direct,ifft,complex64,1024,8,contiguous,,direct_ifft_complex64_1024_8_contiguous_,0.0427962600952,0.0427488703281,2.40450026467e-05,7,200,ok,
c222,direct,ifft,complex64,1024,16,contiguous,,direct_ifft_complex64_1024_16_contiguous_,0.0773403100902,0.0770504202228,0.000238494831137,7,200,ok,
c222,direct,ifft,complex64,1024,32,contiguous,,direct_ifft_complex64_1024_32_contiguous_,0.142761132669,0.142710405197,5.07274717954e-05,7,173,ok,
c222,direct,ifft,complex64,1024,64,contiguous,,direct_ifft_complex64_1024_64_contiguous_,0.275048180065,0.274509304004,0.000536955861647,7,89,ok,
c222,direct,ifft,complex64,1024,256,contiguous,,direct_ifft_complex64_1024_256_contiguous_,1.0687661008,1.06565780006,0.00233785249293,7,20,ok,
c222,direct,ifft,complex64,2048,1,contiguous,,direct_ifft_complex64_2048_1_contiguous_,0.0218219701617,0.0217589403237,5.01125557533e-05,7,604,ok,
c222,direct,ifft,complex64,2048,2,contiguous,,direct_ifft_complex64_2048_2_contiguous_,0.031076441519,0.0308610943157,0.000206245933713,7,435,ok,
c222,direct,ifft,complex64,2048,4,contiguous,,direct_ifft_complex64_2048_4_contiguous_,0.049707115395,0.049529534881,0.00012157484889,7,200,ok,
c222,direct,ifft,complex64,2048,8,contiguous,,direct_ifft_complex64_2048_8_contiguous_,0.0852977199247,0.0846660399111,0.000117670278996,7,200,ok,
c222,direct,ifft,complex64,2048,16,contiguous,,direct_ifft_complex64_2048_16_contiguous_,0.158158934363,0.155423888109,0.0015439995638,7,152,ok,
c222,direct,ifft,complex64,2048,32,contiguous,,direct_ifft_complex64_2048_32_contiguous_,0.296018086374,0.295595962997,0.000254488152611,7,82,ok,
c222,direct,ifft,complex64,2048,64,contiguous,,direct_ifft_complex64_2048_64_contiguous_,0.577571953181,0.574275752297,0.00154139706865,7,20,ok,
c222,direct,ifft,complex64,2048,256,contiguous,,direct_ifft_complex64_2048_256_contiguous_,2.26982893267,2.25372819696,0.00384446078291,7,15,ok,
c222,direct,ifft,complex64,3072,1,contiguous,,direct_ifft_complex64_3072_1_contiguous_,0.0310109379626,0.0306596369322,4.62230380582e-05,7,435,ok,
c222,direct,ifft,complex64,3072,2,contiguous,,direct_ifft_complex64_3072_2_contiguous_,0.0460789899807,0.0458275648998,0.000209145364352,7,200,ok,
c222,direct,ifft,complex64,3072,4,contiguous,,direct_ifft_complex64_3072_4_contiguous_,0.0727856549202,0.0723553047283,0.000334875076078,7,200,ok,
c222,direct,ifft,complex64,3072,8,contiguous,,direct_ifft_complex64_3072_8_contiguous_,0.12709609202,0.126890505531,0.000205586488568,7,196,ok,
c222,direct,ifft,complex64,3072,16,contiguous,,direct_ifft_complex64_3072_16_contiguous_,0.236646432637,0.235694311818,0.000518067584684,7,90,ok,
c222,direct,ifft,complex64,3072,32,contiguous,,direct_ifft_complex64_3072_32_contiguous_,0.454054801958,0.453041453147,0.000702851684764,7,20,ok,
c222,direct,ifft,complex64,3072,64,contiguous,,direct_ifft_complex64_3072_64_contiguous_,0.89917195146,0.89423119789,0.0049025984481,7,20,ok,
c222,direct,ifft,complex64,3072,256,contiguous,,direct_ifft_complex64_3072_256_contiguous_,3.67001823098,3.51750011194,0.112520116899,7,9,ok,
c222,direct,ifft,complex64,3584,1,contiguous,,direct_ifft_complex64_3584_1_contiguous_,0.0354304126106,0.0343940651783,0.000822086400272,7,383,ok,
c222,direct,ifft,complex64,3584,2,contiguous,,direct_ifft_complex64_3584_2_contiguous_,0.054410045268,0.0529133499367,0.00111222499982,7,200,ok,
c222,direct,ifft,complex64,3584,4,contiguous,,direct_ifft_complex64_3584_4_contiguous_,0.0855419249274,0.0846237601945,0.000918164732866,7,200,ok,
c222,direct,ifft,complex64,3584,8,contiguous,,direct_ifft_complex64_3584_8_contiguous_,0.152272150827,0.147638236644,0.00366440738282,7,152,ok,
c222,direct,ifft,complex64,3584,16,contiguous,,direct_ifft_complex64_3584_16_contiguous_,0.27880698882,0.272760539201,0.00604644961906,7,89,ok,
c222,direct,ifft,complex64,3584,32,contiguous,,direct_ifft_complex64_3584_32_contiguous_,0.539150700206,0.523608201183,0.0155424990226,7,20,ok,
c222,direct,ifft,complex64,3584,64,contiguous,,direct_ifft_complex64_3584_64_contiguous_,1.03152410011,1.0288591031,0.00266499700956,7,20,ok,
c222,direct,ifft,complex64,3584,256,contiguous,,direct_ifft_complex64_3584_256_contiguous_,4.08345350297,4.05421749747,0.0124895013869,7,8,ok,
c222,direct,ifft,complex64,4095,1,contiguous,,direct_ifft_complex64_4095_1_contiguous_,0.0511297999226,0.0506546589787,0.000285825916324,7,270,ok,
c222,direct,ifft,complex64,4095,2,contiguous,,direct_ifft_complex64_4095_2_contiguous_,0.0892797054257,0.0886745704338,0.000220010406338,7,200,ok,
c222,direct,ifft,complex64,4095,4,contiguous,,direct_ifft_complex64_4095_4_contiguous_,0.10981995496,0.107865254977,0.00152785505634,7,200,ok,
c222,direct,ifft,complex64,4095,8,contiguous,,direct_ifft_complex64_4095_8_contiguous_,0.199690801746,0.198710206627,0.000429396471394,7,121,ok,
c222,direct,ifft,complex64,4095,16,contiguous,,direct_ifft_complex64_4095_16_contiguous_,0.384085124097,0.383070422686,0.000236843334278,7,64,ok,
c222,direct,ifft,complex64,4095,32,contiguous,,direct_ifft_complex64_4095_32_contiguous_,0.758520851377,0.757705752039,0.00050850212574,7,20,ok,
c222,direct,ifft,complex64,4095,64,contiguous,,direct_ifft_complex64_4095_64_contiguous_,1.52939120308,1.49736989988,0.0159472983796,7,20,ok,
c222,direct,ifft,complex64,4095,256,contiguous,,direct_ifft_complex64_4095_256_contiguous_,5.95477079041,5.94993380364,0.00483698677272,7,5,ok,
c222,direct,ifft,complex64,4096,1,contiguous,,direct_ifft_complex64_4096_1_contiguous_,0.0387442599855,0.0385841235289,0.000130795637847,7,308,ok,
c222,direct,ifft,complex64,4096,2,contiguous,,direct_ifft_complex64_4096_2_contiguous_,0.0584997801343,0.0582352903439,0.000115519505925,7,200,ok,
c222,direct,ifft,complex64,4096,4,contiguous,,direct_ifft_complex64_4096_4_contiguous_,0.0933237053687,0.0929897848982,7.82450661063e-05,7,200,ok,
c222,direct,ifft,complex64,4096,8,contiguous,,direct_ifft_complex64_4096_8_contiguous_,0.167052852921,0.166805260039,0.000239512883127,7,150,ok,
c222,direct,ifft,complex64,4096,16,contiguous,,direct_ifft_complex64_4096_16_contiguous_,0.310327450279,0.309571661637,0.000391612411477,7,80,ok,
c222,direct,ifft,complex64,4096,32,contiguous,,direct_ifft_complex64_4096_32_contiguous_,0.621605152264,0.605800148332,0.0142787001096,7,20,ok,
c222,direct,ifft,complex64,4096,64,contiguous,,direct_ifft_complex64_4096_64_contiguous_,1.2090871518,1.18078929954,0.0145030440763,7,20,ok,
c222,direct,ifft,complex64,4096,256,contiguous,,direct_ifft_complex64_4096_256_contiguous_,4.72107100567,4.68113356536,0.0279621453956,7,7,ok,
c222,direct,ifft,complex64,4097,1,contiguous,,direct_ifft_complex64_4097_1_contiguous_,0.149198516352,0.148791331021,0.000330821506136,5,151,ok,
c222,direct,ifft,complex64,4097,2,contiguous,,direct_ifft_complex64_4097_2_contiguous_,0.280483943682,0.279813135053,0.000670808629039,5,89,ok,
c222,direct,ifft,complex64,4097,4,contiguous,,direct_ifft_complex64_4097_4_contiguous_,0.222679902176,0.222567821246,4.141890843e-05,5,112,ok,
c222,direct,ifft,complex64,4097,8,contiguous,,direct_ifft_complex64_4097_8_contiguous_,0.430499536118,0.428892071276,0.00144160627055,5,56,ok,
c222,direct,ifft,complex64,4097,16,contiguous,,direct_ifft_complex64_4097_16_contiguous_,0.836309546139,0.835588696646,0.000197347253561,5,20,ok,
c222,direct,ifft,complex64,4097,32,contiguous,,direct_ifft_complex64_4097_32_contiguous_,1.66570569854,1.65781700052,0.00788869801909,5,20,ok,
c222,direct,ifft,complex64,4097,64,contiguous,,direct_ifft_complex64_4097_64_contiguous_,3.3320366987,3.30445719883,0.00964719802141,5,10,ok,
c222,direct,ifft,complex64,4097,256,contiguous,,direct_ifft_complex64_4097_256_contiguous_,13.1975825061,13.166063989,0.0225019757636,5,2,ok,
c222,direct,ifft,complex64,4608,1,contiguous,,direct_ifft_complex64_4608_1_contiguous_,0.0441613601288,0.043636780465,0.00029093993362,5,200,ok,
c222,direct,ifft,complex64,4608,2,contiguous,,direct_ifft_complex64_4608_2_contiguous_,0.0683335453505,0.0678092648741,0.000515005085617,5,200,ok,
c222,direct,ifft,complex64,4608,4,contiguous,,direct_ifft_complex64_4608_4_contiguous_,0.10950331518,0.108923079679,0.00058023550082,5,200,ok,
c222,direct,ifft,complex64,4608,8,contiguous,,direct_ifft_complex64_4608_8_contiguous_,0.19640896085,0.196309405423,9.95554266468e-05,5,126,ok,
c222,direct,ifft,complex64,4608,16,contiguous,,direct_ifft_complex64_4608_16_contiguous_,0.369214400416,0.367795251077,0.000488403020427,5,20,ok,
c222,direct,ifft,complex64,4608,32,contiguous,,direct_ifft_complex64_4608_32_contiguous_,0.720323499991,0.71715710219,0.00313135096803,5,20,ok,
c222,direct,ifft,complex64,4608,64,contiguous,,direct_ifft_complex64_4608_64_contiguous_,1.41238570213,1.40642510378,0.00474239932373,5,20,ok,
c222,direct,ifft,complex64,4608,256,contiguous,,direct_ifft_complex64_4608_256_contiguous_,5.67510460969,5.58504040819,0.064097600989,5,5,ok,
c222,direct,ifft,complex64,8192,1,contiguous,,direct_ifft_complex64_8192_1_contiguous_,0.0724265852477,0.0722348800628,0.000103040365502,5,200,ok,
c222,direct,ifft,complex64,8192,2,contiguous,,direct_ifft_complex64_8192_2_contiguous_,0.115492044715,0.114486924722,0.000263095134869,5,200,ok,
c222,direct,ifft,complex64,8192,4,contiguous,,direct_ifft_complex64_8192_4_contiguous_,0.198207193828,0.197888040284,0.000319153543622,5,124,ok,
c222,direct,ifft,complex64,8192,8,contiguous,,direct_ifft_complex64_8192_8_contiguous_,0.364632896997,0.360228807789,0.00242144211798,5,68,ok,
c222,direct,ifft,complex64,8192,16,contiguous,,direct_ifft_complex64_8192_16_contiguous_,0.699990498833,0.697257404681,9.21485479921e-05,5,20,ok,
c222,direct,ifft,complex64,8192,32,contiguous,,direct_ifft_complex64_8192_32_contiguous_,1.36793269776,1.36574064963,0.00219204812311,5,20,ok,
c222,direct,ifft,complex64,8192,64,contiguous,,direct_ifft_complex64_8192_64_contiguous_,2.70410324447,2.67810642254,0.00781958806328,5,12,ok,
c222,direct,ifft,complex64,8192,256,contiguous,,direct_ifft_complex64_8192_256_contiguous_,11.215982687,10.9954639726,0.0726589933038,5,3,ok,
c222,direct,ifft,complex64,16384,1,contiguous,,direct_ifft_complex64_16384_1_contiguous_,0.119156640139,0.118740709731,0.000415930408053,5,200,ok,
c222,direct,ifft,complex64,16384,2,contiguous,,direct_ifft_complex64_16384_2_contiguous_,0.206603691913,0.203460399644,0.00202486698981,5,120,ok,
c222,direct,ifft,complex64,16384,4,contiguous,,direct_ifft_complex64_16384_4_contiguous_,0.374144969762,0.373025303072,0.00111966669051,5,66,ok,
c222,direct,ifft,complex64,16384,8,contiguous,,direct_ifft_complex64_16384_8_contiguous_,0.711839646101,0.709451199509,0.00120375188999,5,20,ok,
c222,direct,ifft,complex64,16384,16,contiguous,,direct_ifft_complex64_16384_16_contiguous_,1.3918012497,1.39086155104,0.000939698657021,5,20,ok,
c222,direct,ifft,complex64,16384,32,contiguous,,direct_ifft_complex64_16384_32_contiguous_,2.74778649327,2.73963882743,0.00451350933872,5,12,ok,
c222,direct,ifft,complex64,16384,64,contiguous,,direct_ifft_complex64_16384_64_contiguous_,5.56472884879,5.55342100173,0.00904865252475,5,6,ok,
c222,direct,ifft,complex64,16384,256,contiguous,,direct_ifft_complex64_16384_256_contiguous_,25.0453349436,24.9638620298,0.0814729137346,5,1,ok,
c222,direct,ifft,complex64,32768,1,contiguous,,direct_ifft_complex64_32768_1_contiguous_,0.236395184737,0.235335727322,0.000863358631585,5,103,ok,
c222,direct,ifft,complex64,32768,2,contiguous,,direct_ifft_complex64_32768_2_contiguous_,0.423548814162,0.416897253086,0.00657091485494,5,59,ok,
c222,direct,ifft,complex64,32768,4,contiguous,,direct_ifft_complex64_32768_4_contiguous_,0.768587598577,0.764439400518,0.00414819805883,5,20,ok,
c222,direct,ifft,complex64,32768,8,contiguous,,direct_ifft_complex64_32768_8_contiguous_,1.52950694901,1.4821484976,0.0369063520338,5,20,ok,
c222,direct,ifft,complex64,32768,16,contiguous,,direct_ifft_complex64_32768_16_contiguous_,2.93196458369,2.92302291685,0.00894166684399,5,12,ok,
c222,direct,ifft,complex64,32768,32,contiguous,,direct_ifft_complex64_32768_32_contiguous_,5.83200959954,5.79319919925,0.0388104002923,5,5,ok,
c222,direct,ifft,complex64,32768,64,contiguous,,direct_ifft_complex64_32768_64_contiguous_,12.3263305286,12.2357964865,0.0905340421014,5,2,ok,
c222,direct,ifft,complex64,32768,256,contiguous,,direct_ifft_complex64_32768_256_contiguous_,51.6949460143,50.5413109204,1.15363509394,5,1,ok,
c222,direct,ifft,complex64,65536,1,contiguous,,direct_ifft_complex64_65536_1_contiguous_,0.482493918389,0.481423700694,0.000839559361339,5,50,ok,
c222,direct,ifft,complex64,65536,2,contiguous,,direct_ifft_complex64_65536_2_contiguous_,0.879556802101,0.878174748505,0.0013820535969,5,20,ok,
c222,direct,ifft,complex64,65536,4,contiguous,,direct_ifft_complex64_65536_4_contiguous_,1.73651190125,1.73040804802,0.00610385322943,5,20,ok,
c222,direct,ifft,complex64,65536,8,contiguous,,direct_ifft_complex64_65536_8_contiguous_,3.50744919851,3.41632299824,0.0911262002774,5,10,ok,
c222,direct,ifft,complex64,65536,16,contiguous,,direct_ifft_complex64_65536_16_contiguous_,6.87363038305,6.83055198751,0.0424329889938,5,5,ok,
c222,direct,ifft,complex64,65536,32,contiguous,,direct_ifft_complex64_65536_32_contiguous_,13.6011309805,13.4901189595,0.0734169734642,5,2,ok,
c222,direct,ifft,complex64,65536,64,contiguous,,direct_ifft_complex64_65536_64_contiguous_,29.6090869233,29.3081951095,0.0597210600972,5,1,ok,
c222,direct,ifft,complex64,65536,256,contiguous,,direct_ifft_complex64_65536_256_contiguous_,115.89370796,115.222283988,0.106609077193,5,1,ok,
c222,direct,ifft,complex128,64,1,contiguous,,direct_ifft_complex128_64_1_contiguous_,0.00519970251326,0.00517757158136,9.24339086349e-06,7,1627,ok,
c222,direct,ifft,complex128,64,2,contiguous,,direct_ifft_complex128_64_2_contiguous_,0.00556785821345,0.0055553572097,9.89607686869e-06,7,1954,ok,
c222,direct,ifft,complex128,64,4,contiguous,,direct_ifft_complex128_64_4_contiguous_,0.00592128594872,0.00587600149447,1.98075431399e-05,7,2000,ok,
c222,direct,ifft,complex128,64,8,contiguous,,direct_ifft_complex128_64_8_contiguous_,0.00659664344398,0.00657128944444,5.4897119276e-06,7,1907,ok,
c222,direct,ifft,complex128,64,16,contiguous,,direct_ifft_complex128_64_16_contiguous_,0.00790477808755,0.00784994346578,1.73343630587e-05,7,1627,ok,
c222,direct,ifft,complex128,64,32,contiguous,,direct_ifft_complex128_64_32_contiguous_,0.0103086344963,0.0102713523109,1.33724576295e-05,7,1141,ok,
c222,direct,ifft,complex128,64,64,contiguous,,direct_ifft_complex128_64_64_contiguous_,0.0153612121581,0.0153248974975,5.86133506713e-06,7,858,ok,
c222,direct,ifft,complex128,64,256,contiguous,,direct_ifft_complex128_64_256_contiguous_,0.046242440003,0.0458745053038,3.33052594215e-05,7,200,ok,
c222,direct,ifft,complex128,256,1,contiguous,,direct_ifft_complex128_256_1_contiguous_,0.00650699474658,0.0064527790902,7.19053421468e-06,7,1711,ok,
c222,direct,ifft,complex128,256,2,contiguous,,direct_ifft_complex128_256_2_contiguous_,0.00743288531885,0.0073449250041,3.66092254429e-05,7,1561,ok,
c222,direct,ifft,complex128,256,4,contiguous,,direct_ifft_complex128_256_4_contiguous_,0.0090530964271,0.0090151362525,1.70724462391e-05,7,1379,ok,
c222,direct,ifft,complex128,256,8,contiguous,,direct_ifft_complex128_256_8_contiguous_,0.0122797813242,0.0122479501274,1.0529606762e-05,7,1061,ok,
c222,direct,ifft,complex128,256,16,contiguous,,direct_ifft_complex128_256_16_contiguous_,0.0188421508788,0.0187858176802,3.21592136563e-05,7,729,ok,
c222,direct,ifft,complex128,256,32,contiguous,,direct_ifft_complex128_256_32_contiguous_,0.0322084402433,0.0320721854223,0.000120275653899,7,200,ok,
c222,direct,ifft,complex128,256,64,contiguous,,direct_ifft_complex128_256_64_contiguous_,0.0583827146329,0.0582308304729,9.70845576376e-05,7,200,ok,
c222,direct,ifft,complex128,256,256,contiguous,,direct_ifft_complex128_256_256_contiguous_,0.212842421927,0.212769783784,7.26381429182e-05,7,116,ok,
c222,direct,ifft,complex128,1024,1,contiguous,,direct_ifft_complex128_1024_1_contiguous_,0.0130403412085,0.0130084467613,2.31556032401e-05,7,938,ok,
c222,direct,ifft,complex128,1024,2,contiguous,,direct_ifft_complex128_1024_2_contiguous_,0.0174179105595,0.0173710375588,4.21890935865e-05,7,772,ok,
c222,direct,ifft,complex128,1024,4,contiguous,,direct_ifft_complex128_1024_4_contiguous_,0.0256143078635,0.0254385161464,3.93332879025e-05,7,432,ok,
c222,direct,ifft,complex128,1024,8,contiguous,,direct_ifft_complex128_1024_8_contiguous_,0.0420652952744,0.0419201748446,6.85296254233e-05,7,200,ok,
c222,direct,ifft,complex128,1024,16,contiguous,,direct_ifft_complex128_1024_16_contiguous_,0.0745205953717,0.0741106300848,0.000107800005935,7,200,ok,
c222,direct,ifft,complex128,1024,32,contiguous,,direct_ifft_complex128_1024_32_contiguous_,0.138621296026,0.138547133613,6.04969454544e-05,7,179,ok,
c222,direct,ifft,complex128,1024,64,contiguous,,direct_ifft_complex128_1024_64_contiguous_,0.266369761211,0.266183652338,0.000155729535238,7,92,ok,
c222,direct,ifft,complex128,1024,256,contiguous,,direct_ifft_complex128_1024_256_contiguous_,1.03432025062,1.03228250518,0.0019486004021,7,20,ok,
c222,direct,ifft,complex128,2048,1,contiguous,,direct_ifft_complex128_2048_1_contiguous_,0.0217755695085,0.0215881890777,9.11989654938e-05,7,613,ok,
c222,direct,ifft,complex128,2048,2,contiguous,,direct_ifft_complex128_2048_2_contiguous_,0.0317665280021,0.0316584605745,6.9995431669e-05,7,445,ok,
c222,direct,ifft,complex128,2048,4,contiguous,,direct_ifft_complex128_2048_4_contiguous_,0.0513485801639,0.0512088148389,0.000136154703796,7,200,ok,
c222,direct,ifft,complex128,2048,8,contiguous,,direct_ifft_complex128_2048_8_contiguous_,0.0889990304131,0.0887118448736,0.000120075419545,7,200,ok,
c222,direct,ifft,complex128,2048,16,contiguous,,direct_ifft_complex128_2048_16_contiguous_,0.162910828581,0.16266663136,2.35335104854e-05,7,152,ok,
c222,direct,ifft,complex128,2048,32,contiguous,,direct_ifft_complex128_2048_32_contiguous_,0.311657799466,0.311049925222,0.000325099972542,7,80,ok,
c222,direct,ifft,complex128,2048,64,contiguous,,direct_ifft_complex128_2048_64_contiguous_,0.607360102003,0.606287550181,0.00107255182229,7,20,ok,
c222,direct,ifft,complex128,2048,256,contiguous,,direct_ifft_complex128_2048_256_contiguous_,2.42683143421,2.42397750428,0.00264572112688,7,14,ok,
c222,direct,ifft,complex128,3072,1,contiguous,,direct_ifft_complex128_3072_1_contiguous_,0.0304181754796,0.0300678533191,0.000164775540017,7,450,ok,
c222,direct,ifft,complex128,3072,2,contiguous,,direct_ifft_complex128_3072_2_contiguous_,0.0464333494892,0.0462841254193,4.08245250583e-05,7,200,ok,
c222,direct,ifft,complex128,3072,4,contiguous,,direct_ifft_complex128_3072_4_contiguous_,0.0758386100642,0.0754278397653,0.000154785229824,7,200,ok,
c222,direct,ifft,complex128,3072,8,contiguous,,direct_ifft_complex128_3072_8_contiguous_,0.134900798793,0.133911347644,0.000260538122941,7,184,ok,
c222,direct,ifft,complex128,3072,16,contiguous,,direct_ifft_complex128_3072_16_contiguous_,0.252620840911,0.252266564317,0.000354276593537,7,94,ok,
c222,direct,ifft,complex128,3072,32,contiguous,,direct_ifft_complex128_3072_32_contiguous_,0.488283752929,0.485987949651,0.000674743205309,7,20,ok,
c222,direct,ifft,complex128,3072,64,contiguous,,direct_ifft_complex128_3072_64_contiguous_,0.952863652492,0.948739948217,0.00364675652236,7,20,ok,
c222,direct,ifft,complex128,3072,256,contiguous,,direct_ifft_complex128_3072_256_contiguous_,3.87204861909,3.8601513661,0.00435813853983,7,8,ok,
c222,direct,ifft,complex128,3584,1,contiguous,,direct_ifft_complex128_3584_1_contiguous_,0.0334938838808,0.033317725383,5.47729481729e-05,7,379,ok,
c222,direct,ifft,complex128,3584,2,contiguous,,direct_ifft_complex128_3584_2_contiguous_,0.0513483752729,0.0512523000361,7.26303551346e-05,7,200,ok,
c222,direct,ifft,complex128,3584,4,contiguous,,direct_ifft_complex128_3584_4_contiguous_,0.0848480302375,0.0845735147595,0.000163605436683,7,200,ok,
c222,direct,ifft,complex128,3584,8,contiguous,,direct_ifft_complex128_3584_8_contiguous_,0.151053526236,0.150904781782,0.000111109469659,7,156,ok,
c222,direct,ifft,complex128,3584,16,contiguous,,direct_ifft_complex128_3584_16_contiguous_,0.286103735386,0.285423916192,0.000399541592293,7,83,ok,
c222,direct,ifft,complex128,3584,32,contiguous,,direct_ifft_complex128_3584_32_contiguous_,0.555910496041,0.554994802224,0.00091569381766,7,20,ok,
c222,direct,ifft,complex128,3584,64,contiguous,,direct_ifft_complex128_3584_64_contiguous_,1.08582095127,1.08062725049,0.000998849282041,7,20,ok,
c222,direct,ifft,complex128,3584,256,contiguous,,direct_ifft_complex128_3584_256_contiguous_,4.50535527697,4.48326255927,0.00686983444861,7,7,ok,
c222,direct,ifft,complex128,4095,1,contiguous,,direct_ifft_complex128_4095_1_contiguous_,0.0447364221559,0.044346657857,6.3737968843e-05,7,301,ok,
c222,direct,ifft,complex128,4095,2,contiguous,,direct_ifft_complex128_4095_2_contiguous_,0.0723944749916,0.0722199497977,4.86901262775e-05,7,200,ok,
c222,direct,ifft,complex128,4095,4,contiguous,,direct_ifft_complex128_4095_4_contiguous_,0.130873789864,0.130048721392,0.000472673778667,7,190,ok,
c222,direct,ifft,complex128,4095,8,contiguous,,direct_ifft_complex128_4095_8_contiguous_,0.248906160705,0.246634720825,0.000731969485059,7,100,ok,
c222,direct,ifft,complex128,4095,16,contiguous,,direct_ifft_complex128_4095_16_contiguous_,0.478588724874,0.477516724655,0.000856686657404,7,51,ok,
c222,direct,ifft,complex128,4095,32,contiguous,,direct_ifft_complex128_4095_32_contiguous_,0.9449589008,0.939478696091,0.00236395280808,7,20,ok,
c222,direct,ifft,complex128,4095,64,contiguous,,direct_ifft_complex128_4095_64_contiguous_,1.97207699667,1.96420699906,0.00394382924937,7,17,ok,
c222,direct,ifft,complex128,4095,256,contiguous,,direct_ifft_complex128_4095_256_contiguous_,7.96673298464,7.90321949171,0.0365632295143,7,4,ok,
c222,direct,ifft,complex128,4096,1,contiguous,,direct_ifft_complex128_4096_1_contiguous_,0.0393345854039,0.0389855159034,0.000225737045484,7,316,ok,
c222,direct,ifft,complex128,4096,2,contiguous,,direct_ifft_complex128_4096_2_contiguous_,0.0590782100335,0.0574389996473,0.000822439906187,7,200,ok,
c222,direct,ifft,complex128,4096,4,contiguous,,direct_ifft_complex128_4096_4_contiguous_,0.097902204725,0.097376574995,0.00021043990273,7,200,ok,
c222,direct,ifft,complex128,4096,8,contiguous,,direct_ifft_complex128_4096_8_contiguous_,0.176330028492,0.175774659704,0.000335453639586,7,141,ok,
c222,direct,ifft,complex128,4096,16,contiguous,,direct_ifft_complex128_4096_16_contiguous_,0.330834500051,0.329206040054,0.000246946788015,7,74,ok,
c222,direct,ifft,complex128,4096,32,contiguous,,direct_ifft_complex128_4096_32_contiguous_,0.63816504553,0.636641751043,0.000372144859284,7,20,ok,
c222,direct,ifft,complex128,4096,64,contiguous,,direct_ifft_complex128_4096_64_contiguous_,1.26034235,1.25675610034,0.0028177513741,7,20,ok,
c222,direct,ifft,complex128,4096,256,contiguous,,direct_ifft_complex128_4096_256_contiguous_,5.49457784897,5.4310108341,0.0635670148768,7,6,ok,
c222,direct,ifft,complex128,4097,1,contiguous,,direct_ifft_complex128_4097_1_contiguous_,0.11778833461,0.117532455479,0.000169720151462,5,200,ok,
c222,direct,ifft,complex128,4097,2,contiguous,,direct_ifft_complex128_4097_2_contiguous_,0.195285859785,0.194078040325,0.000653917267613,5,122,ok,
c222,direct,ifft,complex128,4097,4,contiguous,,direct_ifft_complex128_4097_4_contiguous_,0.367732662091,0.367021633257,0.000711028833928,5,68,ok,
c222,direct,ifft,complex128,4097,8,contiguous,,direct_ifft_complex128_4097_8_contiguous_,0.722112175187,0.718420528916,0.00230049687054,5,34,ok,
c222,direct,ifft,complex128,4097,16,contiguous,,direct_ifft_complex128_4097_16_contiguous_,1.41466900241,1.41049764934,0.00417135306634,5,20,ok,
c222,direct,ifft,complex128,4097,32,contiguous,,direct_ifft_complex128_4097_32_contiguous_,2.83780133274,2.828928836,0.00405916944146,5,12,ok,
c222,direct,ifft,complex128,4097,64,contiguous,,direct_ifft_complex128_4097_64_contiguous_,5.56183683996,5.52627366657,0.00727865456914,5,6,ok,
c222,direct,ifft,complex128,4097,256,contiguous,,direct_ifft_complex128_4097_256_contiguous_,22.5997279631,22.4543670192,0.0743890414014,5,1,ok,
c222,direct,ifft,complex128,4608,1,contiguous,,direct_ifft_complex128_4608_1_contiguous_,0.0434835947817,0.0433722848538,7.419497706e-05,5,200,ok,
c222,direct,ifft,complex128,4608,2,contiguous,,direct_ifft_complex128_4608_2_contiguous_,0.0692821649136,0.0688617752166,0.000267599825747,5,200,ok,
c222,direct,ifft,complex128,4608,4,contiguous,,direct_ifft_complex128_4608_4_contiguous_,0.118809390115,0.118056685315,0.000307725276798,5,200,ok,
c222,direct,ifft,complex128,4608,8,contiguous,,direct_ifft_complex128_4608_8_contiguous_,0.217582538481,0.2159062692,0.00062343340529,5,115,ok,
c222,direct,ifft,complex128,4608,16,contiguous,,direct_ifft_complex128_4608_16_contiguous_,0.416995148407,0.413633801509,0.00171365099959,5,20,ok,
c222,direct,ifft,complex128,4608,32,contiguous,,direct_ifft_complex128_4608_32_contiguous_,0.812733999919,0.807065499248,0.00566850067116,5,20,ok,
c222,direct,ifft,complex128,4608,64,contiguous,,direct_ifft_complex128_4608_64_contiguous_,1.60066229873,1.59536940046,0.00529289827682,5,20,ok,
c222,direct,ifft,complex128,4608,256,contiguous,,direct_ifft_complex128_4608_256_contiguous_,6.72157860827,6.7189516034,0.00262700486928,5,5,ok,
c222,direct,ifft,complex128,8192,1,contiguous,,direct_ifft_complex128_8192_1_contiguous_,0.0756640802138,0.0752573204227,0.000361875281669,5,200,ok,
c222,direct,ifft,complex128,8192,2,contiguous,,direct_ifft_complex128_8192_2_contiguous_,0.123841441751,0.123623040172,0.000218401578765,5,199,ok,
c222,direct,ifft,complex128,8192,4,contiguous,,direct_ifft_complex128_8192_4_contiguous_,0.218951631452,0.217427825351,0.000128842146838,5,114,ok,
c222,direct,ifft,complex128,8192,8,contiguous,,direct_ifft_complex128_8192_8_contiguous_,0.409573768876,0.403127802887,0.00181042810627,5,61,ok,
c222,direct,ifft,complex128,8192,16,contiguous,,direct_ifft_complex128_8192_16_contiguous_,0.783761945786,0.780653150287,0.00237345811911,5,20,ok,
c222,direct,ifft,complex128,8192,32,contiguous,,direct_ifft_complex128_8192_32_contiguous_,1.55869544833,1.5416881477,0.014718453167,5,20,ok,
c222,direct,ifft,complex128,8192,64,contiguous,,direct_ifft_complex128_8192_64_contiguous_,3.14751518255,3.09568663678,0.0518285457722,5,11,ok,
c222,direct,ifft,complex128,8192,256,contiguous,,direct_ifft_complex128_8192_256_contiguous_,14.461412502,14.3790235161,0.0786915188655,5,2,ok,
c222,direct,ifft,complex128,16384,1,contiguous,,direct_ifft_complex128_16384_1_contiguous_,0.194358141016,0.191259226085,0.00215480486077,5,128,ok,
c222,direct,ifft,complex128,16384,2,contiguous,,direct_ifft_complex128_16384_2_contiguous_,0.374499706702,0.370138778475,0.000583441065186,5,68,ok,
c222,direct,ifft,complex128,16384,4,contiguous,,direct_ifft_complex128_16384_4_contiguous_,0.730458616197,0.724872029797,0.00235408558236,5,34,ok,
c222,direct,ifft,complex128,16384,8,contiguous,,direct_ifft_complex128_16384_8_contiguous_,1.4656406478,1.43937660032,0.0037019548472,5,20,ok,
c222,direct,ifft,complex128,16384,16,contiguous,,direct_ifft_complex128_16384_16_contiguous_,2.89229318415,2.89007181048,0.00201290558008,5,11,ok,
c222,direct,ifft,complex128,16384,32,contiguous,,direct_ifft_complex128_16384_32_contiguous_,5.8138089953,5.79286151333,0.0209474819712,5,6,ok,
c222,direct,ifft,complex128,16384,64,contiguous,,direct_ifft_complex128_16384_64_contiguous_,11.8659664877,11.838965991,0.0192109728232,5,2,ok,
c222,direct,ifft,complex128,16384,256,contiguous,,direct_ifft_complex128_16384_256_contiguous_,51.5606449917,51.3389409753,0.070521957241,5,1,ok,
c222,direct,ifft,complex128,32768,1,contiguous,,direct_ifft_complex128_32768_1_contiguous_,0.436538965196,0.433194824789,0.00126077180826,5,57,ok,
c222,direct,ifft,complex128,32768,2,contiguous,,direct_ifft_complex128_32768_2_contiguous_,0.864536344909,0.855647653727,0.000681274506296,5,29,ok,
c222,direct,ifft,complex128,32768,4,contiguous,,direct_ifft_complex128_32768_4_contiguous_,1.72040284961,1.72014535055,0.000257499050349,5,20,ok,
c222,direct,ifft,complex128,32768,8,contiguous,,direct_ifft_complex128_32768_8_contiguous_,3.41492739972,3.40809760382,0.00283329281956,5,10,ok,
c222,direct,ifft,complex128,32768,16,contiguous,,direct_ifft_complex128_32768_16_contiguous_,6.88453498879,6.86075550038,0.0185747339856,5,4,ok,
c222,direct,ifft,complex128,32768,32,contiguous,,direct_ifft_complex128_32768_32_contiguous_,15.2555899695,14.4795314991,0.475949549582,5,2,ok,
c222,direct,ifft,complex128,32768,64,contiguous,,direct_ifft_complex128_32768_64_contiguous_,30.4764061002,30.2930739708,0.167622929439,5,1,ok,
c222,direct,ifft,complex128,32768,256,contiguous,,direct_ifft_complex128_32768_256_contiguous_,121.175599983,120.572883985,0.468645012006,5,1,ok,
c222,direct,ifft,complex128,65536,1,contiguous,,direct_ifft_complex128_65536_1_contiguous_,0.956009692835,0.951546732372,0.00446296046273,5,26,ok,
c222,direct,ifft,complex128,65536,2,contiguous,,direct_ifft_complex128_65536_2_contiguous_,1.86970333258,1.86653627962,0.00316705296023,5,18,ok,
c222,direct,ifft,complex128,65536,4,contiguous,,direct_ifft_complex128_65536_4_contiguous_,3.74670587997,3.71503232357,0.0168915398212,5,9,ok,
c222,direct,ifft,complex128,65536,8,contiguous,,direct_ifft_complex128_65536_8_contiguous_,7.54812650848,7.51171825686,0.0264495029114,5,4,ok,
c222,direct,ifft,complex128,65536,16,contiguous,,direct_ifft_complex128_65536_16_contiguous_,15.5268515227,15.4777455027,0.0491060200147,5,2,ok,
c222,direct,ifft,complex128,65536,32,contiguous,,direct_ifft_complex128_65536_32_contiguous_,33.8972631143,33.3639279706,0.185696175322,5,1,ok,
c222,direct,ifft,complex128,65536,64,contiguous,,direct_ifft_complex128_65536_64_contiguous_,68.1965369731,66.285329056,1.23800197616,5,1,ok,
c222,direct,ifft,complex128,65536,256,contiguous,,direct_ifft_complex128_65536_256_contiguous_,261.058932054,260.51580708,0.311560928822,5,1,ok,
c222,direct,rfft,float32,64,1,contiguous,,direct_rfft_float32_64_1_contiguous_,0.00484791078075,0.00480312759374,2.30933460349e-05,7,964,ok,
c222,direct,rfft,float32,64,2,contiguous,,direct_rfft_float32_64_2_contiguous_,0.00528394028003,0.00523186593756,3.27086884481e-05,7,1507,ok,
c222,direct,rfft,float32,64,4,contiguous,,direct_rfft_float32_64_4_contiguous_,0.00557209399994,0.00556218100246,8.26001632959e-06,7,2000,ok,
c222,direct,rfft,float32,64,8,contiguous,,direct_rfft_float32_64_8_contiguous_,0.00606595397462,0.00597195191292,5.0471579866e-05,7,1934,ok,
c222,direct,rfft,float32,64,16,contiguous,,direct_rfft_float32_64_16_contiguous_,0.00684319192,0.00681918645635,2.40054636476e-05,7,1641,ok,
c222,direct,rfft,float32,64,32,contiguous,,direct_rfft_float32_64_32_contiguous_,0.00835429237719,0.00829124422098,3.87716042523e-05,7,1515,ok,
c222,direct,rfft,float32,64,64,contiguous,,direct_rfft_float32_64_64_contiguous_,0.011339730921,0.0112695291853,3.35496594816e-05,7,1130,ok,
c222,direct,rfft,float32,64,256,contiguous,,direct_rfft_float32_64_256_contiguous_,0.0309205352096,0.0304708455224,0.000275965430774,7,200,ok,
c222,direct,rfft,float32,256,1,contiguous,,direct_rfft_float32_256_1_contiguous_,0.00587578324485,0.00564706557877,0.000131506385515,7,960,ok,
c222,direct,rfft,float32,256,2,contiguous,,direct_rfft_float32_256_2_contiguous_,0.00620696998055,0.00606690651479,6.24596450976e-05,7,1669,ok,
c222,direct,rfft,float32,256,4,contiguous,,direct_rfft_float32_256_4_contiguous_,0.00686107427476,0.00684040944744,1.8174296955e-05,7,1629,ok,
c222,direct,rfft,float32,256,8,contiguous,,direct_rfft_float32_256_8_contiguous_,0.00822435387656,0.0081800641785,4.42896980602e-05,7,1526,ok,
c222,direct,rfft,float32,256,16,contiguous,,direct_rfft_float32_256_16_contiguous_,0.0109441615203,0.0108513811953,3.25649475249e-05,7,1170,ok,
c222,direct,rfft,float32,256,32,contiguous,,direct_rfft_float32_256_32_contiguous_,0.0166036997689,0.0165393349016,2.22900416702e-05,7,200,ok,
c222,direct,rfft,float32,256,64,contiguous,,direct_rfft_float32_256_64_contiguous_,0.028064000071,0.0280079449294,5.51051925868e-05,7,200,ok,
c222,direct,rfft,float32,256,256,contiguous,,direct_rfft_float32_256_256_contiguous_,0.0936523202108,0.0933592702495,0.000292695476674,7,200,ok,
c222,direct,rfft,float32,1024,1,contiguous,,direct_rfft_float32_1024_1_contiguous_,0.00864995271442,0.00861695630494,1.37684647013e-05,7,1373,ok,
c222,direct,rfft,float32,1024,2,contiguous,,direct_rfft_float32_1024_2_contiguous_,0.00974816400415,0.00964468353967,3.91609545697e-05,7,1305,ok,
c222,direct,rfft,float32,1024,4,contiguous,,direct_rfft_float32_1024_4_contiguous_,0.0131130592828,0.0129528439378,0.000127595190335,7,961,ok,
c222,direct,rfft,float32,1024,8,contiguous,,direct_rfft_float32_1024_8_contiguous_,0.0196656701155,0.0194051797735,4.26301266998e-05,7,200,ok,
c222,direct,rfft,float32,1024,16,contiguous,,direct_rfft_float32_1024_16_contiguous_,0.0329512747703,0.0327533052769,0.000172824948095,7,200,ok,
c222,direct,rfft,float32,1024,32,contiguous,,direct_rfft_float32_1024_32_contiguous_,0.0605425453978,0.0589274801314,0.0013848853996,7,200,ok,
c222,direct,rfft,float32,1024,64,contiguous,,direct_rfft_float32_1024_64_contiguous_,0.108792940155,0.107681665104,0.00039869453758,7,200,ok,
c222,direct,rfft,float32,1024,256,contiguous,,direct_rfft_float32_1024_256_contiguous_,0.402614800259,0.401033298112,0.000872102100402,7,20,ok,
c222,direct,rfft,float32,2048,1,contiguous,,direct_rfft_float32_2048_1_contiguous_,0.0129311446867,0.0128479777178,5.47599869178e-05,7,850,ok,
c222,direct,rfft,float32,2048,2,contiguous,,direct_rfft_float32_2048_2_contiguous_,0.0157689414484,0.0156762603873,5.16248404036e-05,7,837,ok,
c222,direct,rfft,float32,2048,4,contiguous,,direct_rfft_float32_2048_4_contiguous_,0.0240147399018,0.0238041451667,8.81153391674e-05,7,200,ok,
c222,direct,rfft,float32,2048,8,contiguous,,direct_rfft_float32_2048_8_contiguous_,0.0409220601432,0.04019710992,0.000237289932556,7,200,ok,
c222,direct,rfft,float32,2048,16,contiguous,,direct_rfft_float32_2048_16_contiguous_,0.074003530317,0.0719225447392,0.00161566538736,7,200,ok,
c222,direct,rfft,float32,2048,32,contiguous,,direct_rfft_float32_2048_32_contiguous_,0.13386014134,0.131534192608,0.000836404106307,7,99,ok,
c222,direct,rfft,float32,2048,64,contiguous,,direct_rfft_float32_2048_64_contiguous_,0.260606600204,0.256663252367,0.00394334783778,7,20,ok,
c222,direct,rfft,float32,2048,256,contiguous,,direct_rfft_float32_2048_256_contiguous_,1.00286560482,0.998592097312,0.00163610675372,7,20,ok,
c222,direct,rfft,float32,3072,1,contiguous,,direct_rfft_float32_3072_1_contiguous_,0.0167082906621,0.0166544729533,4.41253869834e-05,7,702,ok,
c222,direct,rfft,float32,3072,2,contiguous,,direct_rfft_float32_3072_2_contiguous_,0.0203757948475,0.0202859746059,8.98202415556e-05,7,200,ok,
c222,direct,rfft,float32,3072,4,contiguous,,direct_rfft_float32_3072_4_contiguous_,0.0323147349991,0.032104094862,8.99197766557e-05,7,200,ok,
c222,direct,rfft,float32,3072,8,contiguous,,direct_rfft_float32_3072_8_contiguous_,0.0559790752595,0.055526579963,0.000237395288423,7,200,ok,
c222,direct,rfft,float32,3072,16,contiguous,,direct_rfft_float32_3072_16_contiguous_,0.100724674994,0.10044470022,0.000240849913098,7,200,ok,
c222,direct,rfft,float32,3072,32,contiguous,,direct_rfft_float32_3072_32_contiguous_,0.192903651623,0.18995719729,0.00124234938994,7,20,ok,
c222,direct,rfft,float32,3072,64,contiguous,,direct_rfft_float32_3072_64_contiguous_,0.374609453138,0.369957799558,0.000399700365961,7,20,ok,
c222,direct,rfft,float32,3072,256,contiguous,,direct_rfft_float32_3072_256_contiguous_,1.46819690126,1.46198884468,0.00557340099476,7,20,ok,
c222,direct,rfft,float32,3584,1,contiguous,,direct_rfft_float32_3584_1_contiguous_,0.0206522659763,0.0205856903821,4.64347312632e-05,7,575,ok,
c222,direct,rfft,float32,3584,2,contiguous,,direct_rfft_float32_3584_2_contiguous_,0.0305943749845,0.0303907948546,9.84349753708e-05,7,200,ok,
c222,direct,rfft,float32,3584,4,contiguous,,direct_rfft_float32_3584_4_contiguous_,0.0516732799588,0.0515406852355,0.000127090024762,7,200,ok,
c222,direct,rfft,float32,3584,8,contiguous,,direct_rfft_float32_3584_8_contiguous_,0.0931199197657,0.0927075545769,0.000229185097851,7,200,ok,
c222,direct,rfft,float32,3584,16,contiguous,,direct_rfft_float32_3584_16_contiguous_,0.175211361805,0.17433014506,0.000666601725085,7,138,ok,
c222,direct,rfft,float32,3584,32,contiguous,,direct_rfft_float32_3584_32_contiguous_,0.338496553013,0.3334030509,0.00298054656014,7,20,ok,
c222,direct,rfft,float32,3584,64,contiguous,,direct_rfft_float32_3584_64_contiguous_,0.667317549232,0.66260524909,0.00231374870054,7,20,ok,
c222,direct,rfft,float32,3584,256,contiguous,,direct_rfft_float32_3584_256_contiguous_,2.64330233525,2.62490283543,0.00681433205803,7,12,ok,
c222,direct,rfft,float32,4095,1,contiguous,,direct_rfft_float32_4095_1_contiguous_,0.0315920246501,0.0311941915048,0.000190131414904,7,402,ok,
c222,direct,rfft,float32,4095,2,contiguous,,direct_rfft_float32_4095_2_contiguous_,0.0365858653095,0.0360665452899,0.000174979795702,7,200,ok,
c222,direct,rfft,float32,4095,4,contiguous,,direct_rfft_float32_4095_4_contiguous_,0.0624227552908,0.0619981152704,0.000127185485326,7,200,ok,
c222,direct,rfft,float32,4095,8,contiguous,,direct_rfft_float32_4095_8_contiguous_,0.119611990522,0.118942839908,0.000234635663219,7,200,ok,
c222,direct,rfft,float32,4095,16,contiguous,,direct_rfft_float32_4095_16_contiguous_,0.218862800876,0.217882873331,0.000435765622905,7,111,ok,
c222,direct,rfft,float32,4095,32,contiguous,,direct_rfft_float32_4095_32_contiguous_,0.423625501571,0.421061750967,0.00168159604073,7,20,ok,
c222,direct,rfft,float32,4095,64,contiguous,,direct_rfft_float32_4095_64_contiguous_,0.877220445545,0.875337945763,0.00188249978237,7,20,ok,
c222,direct,rfft,float32,4095,256,contiguous,,direct_rfft_float32_4095_256_contiguous_,3.5733844464,3.5127457878,0.0606386585989,7,9,ok,
c222,direct,rfft,float32,4096,1,contiguous,,direct_rfft_float32_4096_1_contiguous_,0.0216363129489,0.0213006418198,0.000249857244932,7,575,ok,
c222,direct,rfft,float32,4096,2,contiguous,,direct_rfft_float32_4096_2_contiguous_,0.0264344050083,0.0258466595551,0.000260089873336,7,200,ok,
c222,direct,rfft,float32,4096,4,contiguous,,direct_rfft_float32_4096_4_contiguous_,0.0431992596714,0.0426552450517,0.000142970238812,7,200,ok,
c222,direct,rfft,float32,4096,8,contiguous,,direct_rfft_float32_4096_8_contiguous_,0.077158624772,0.0766222196398,0.000107095111161,7,200,ok,
c222,direct,rfft,float32,4096,16,contiguous,,direct_rfft_float32_4096_16_contiguous_,0.140135127357,0.13898598835,0.00023720193805,7,173,ok,
c222,direct,rfft,float32,4096,32,contiguous,,direct_rfft_float32_4096_32_contiguous_,0.269212701824,0.265961600235,0.00275820493698,7,20,ok,
c222,direct,rfft,float32,4096,64,contiguous,,direct_rfft_float32_4096_64_contiguous_,0.528074050089,0.52337119705,0.000502896727994,7,20,ok,
c222,direct,rfft,float32,4096,256,contiguous,,direct_rfft_float32_4096_256_contiguous_,2.17444012718,2.13046266387,0.0156352063641,7,15,ok,
c222,direct,rfft,float32,4097,1,contiguous,,direct_rfft_float32_4097_1_contiguous_,0.115825019893,0.115383644588,0.000422140001319,5,200,ok,
c222,direct,rfft,float32,4097,2,contiguous,,direct_rfft_float32_4097_2_contiguous_,0.196314062123,0.195706281374,0.000438859387941,5,128,ok,
c222,direct,rfft,float32,4097,4,contiguous,,direct_rfft_float32_4097_4_contiguous_,0.348646070769,0.342792606729,0.00475930922311,5,71,ok,
c222,direct,rfft,float32,4097,8,contiguous,,direct_rfft_float32_4097_8_contiguous_,0.671949269049,0.668766839128,0.00318242992098,5,37,ok,
c222,direct,rfft,float32,4097,16,contiguous,,direct_rfft_float32_4097_16_contiguous_,1.31581139867,1.31196519942,0.00106794759631,5,20,ok,
c222,direct,rfft,float32,4097,32,contiguous,,direct_rfft_float32_4097_32_contiguous_,2.59055861702,2.58522868479,0.00370539223345,5,13,ok,
c222,direct,rfft,float32,4097,64,contiguous,,direct_rfft_float32_4097_64_contiguous_,5.19381966054,5.16047233638,0.0209706874254,5,6,ok,
c222,direct,rfft,float32,4097,256,contiguous,,direct_rfft_float32_4097_256_contiguous_,21.186949918,21.1106779752,0.0314899953082,5,1,ok,
c222,direct,rfft,float32,4608,1,contiguous,,direct_rfft_float32_4608_1_contiguous_,0.0247035751818,0.0246561353561,3.65648884326e-05,5,200,ok,
c222,direct,rfft,float32,4608,2,contiguous,,direct_rfft_float32_4608_2_contiguous_,0.0290149747161,0.0288191600703,0.000195814645849,5,200,ok,
c222,direct,rfft,float32,4608,4,contiguous,,direct_rfft_float32_4608_4_contiguous_,0.048220535391,0.0479837949388,0.000100835459307,5,200,ok,
c222,direct,rfft,float32,4608,8,contiguous,,direct_rfft_float32_4608_8_contiguous_,0.0848057505209,0.0845435599331,0.000262190587819,5,200,ok,
c222,direct,rfft,float32,4608,16,contiguous,,direct_rfft_float32_4608_16_contiguous_,0.158602645388,0.156702601817,0.000271998578683,5,20,ok,
c222,direct,rfft,float32,4608,32,contiguous,,direct_rfft_float32_4608_32_contiguous_,0.302870495943,0.299899000674,0.000691803870723,5,20,ok,
c222,direct,rfft,float32,4608,64,contiguous,,direct_rfft_float32_4608_64_contiguous_,0.596746249357,0.592064496595,0.00294600031339,5,20,ok,
c222,direct,rfft,float32,4608,256,contiguous,,direct_rfft_float32_4608_256_contiguous_,2.53954178188,2.49354999978,0.0196586130187,5,5,ok,
c222,direct,rfft,float32,8192,1,contiguous,,direct_rfft_float32_8192_1_contiguous_,0.0406775996089,0.0395005044993,0.000782315037213,5,200,ok,
c222,direct,rfft,float32,8192,2,contiguous,,direct_rfft_float32_8192_2_contiguous_,0.0488952500746,0.0484972551931,0.000374799710698,5,200,ok,
c222,direct,rfft,float32,8192,4,contiguous,,direct_rfft_float32_8192_4_contiguous_,0.0835211051162,0.0831681402633,0.000347849563695,5,200,ok,
c222,direct,rfft,float32,8192,8,contiguous,,direct_rfft_float32_8192_8_contiguous_,0.157026432064,0.156454515884,0.000571916180272,5,155,ok,
c222,direct,rfft,float32,8192,16,contiguous,,direct_rfft_float32_8192_16_contiguous_,0.28780939756,0.286826048978,0.000924756750464,5,20,ok,
c222,direct,rfft,float32,8192,32,contiguous,,direct_rfft_float32_8192_32_contiguous_,0.559756695293,0.555973150767,0.0037835445255,5,20,ok,
c222,direct,rfft,float32,8192,64,contiguous,,direct_rfft_float32_8192_64_contiguous_,1.11003320199,1.10353655182,0.00150874839164,5,20,ok,
c222,direct,rfft,float32,8192,256,contiguous,,direct_rfft_float32_8192_256_contiguous_,5.77769821975,5.58898181189,0.0481477705762,5,5,ok,
c222,direct,rfft,float32,16384,1,contiguous,,direct_rfft_float32_16384_1_contiguous_,0.0833087047795,0.0826089951443,0.000418934505433,5,200,ok,
c222,direct,rfft,float32,16384,2,contiguous,,direct_rfft_float32_16384_2_contiguous_,0.127536861759,0.126810248462,0.000506438950152,5,173,ok,
c222,direct,rfft,float32,16384,4,contiguous,,direct_rfft_float32_16384_4_contiguous_,0.233972991039,0.232650621487,0.000213700102516,5,103,ok,
c222,direct,rfft,float32,16384,8,contiguous,,direct_rfft_float32_16384_8_contiguous_,0.446086400189,0.444587651873,0.000760896364227,5,20,ok,
c222,direct,rfft,float32,16384,16,contiguous,,direct_rfft_float32_16384_16_contiguous_,0.871216697851,0.868865352822,0.00208684941754,5,20,ok,
c222,direct,rfft,float32,16384,32,contiguous,,direct_rfft_float32_16384_32_contiguous_,1.72202220481,1.71462578797,0.00739641683666,5,19,ok,
c222,direct,rfft,float32,16384,64,contiguous,,direct_rfft_float32_16384_64_contiguous_,3.61161486944,3.52043462044,0.00544400245417,5,8,ok,
c222,direct,rfft,float32,16384,256,contiguous,,direct_rfft_float32_16384_256_contiguous_,21.4055279503,21.2079799967,0.197547953576,5,1,ok,
c222,direct,rfft,float32,32768,1,contiguous,,direct_rfft_float32_32768_1_contiguous_,0.225223971176,0.223578324187,0.00164564698935,5,105,ok,
c222,direct,rfft,float32,32768,2,contiguous,,direct_rfft_float32_32768_2_contiguous_,0.261839888278,0.260619972121,0.00115033374944,5,72,ok,
c222,direct,rfft,float32,32768,4,contiguous,,direct_rfft_float32_32768_4_contiguous_,0.514973100508,0.511032197392,0.00293255434372,5,20,ok,
c222,direct,rfft,float32,32768,8,contiguous,,direct_rfft_float32_32768_8_contiguous_,1.02674814989,1.01812105277,0.00116570154205,5,20,ok,
c222,direct,rfft,float32,32768,16,contiguous,,direct_rfft_float32_32768_16_contiguous_,2.01833993196,2.00737512205,0.00359294062946,5,16,ok,
c222,direct,rfft,float32,32768,32,contiguous,,direct_rfft_float32_32768_32_contiguous_,4.16104448959,4.12229461654,0.023151980713,5,8,ok,
c222,direct,rfft,float32,32768,64,contiguous,,direct_rfft_float32_32768_64_contiguous_,9.48735167428,9.37589331685,0.0697833408291,5,3,ok,
c222,direct,rfft,float32,32768,256,contiguous,,direct_rfft_float32_32768_256_contiguous_,47.3513549659,47.2061940236,0.0701908720657,5,1,ok,
c222,direct,rfft,float32,65536,1,contiguous,,direct_rfft_float32_65536_1_contiguous_,0.510553312779,0.507702146327,0.000341894822971,5,48,ok,
c222,direct,rfft,float32,65536,2,contiguous,,direct_rfft_float32_65536_2_contiguous_,0.549965898972,0.54739509942,0.00186944962479,5,20,ok,
c222,direct,rfft,float32,65536,4,contiguous,,direct_rfft_float32_65536_4_contiguous_,1.08066679677,1.07895265101,0.00105450162664,5,20,ok,
c222,direct,rfft,float32,65536,8,contiguous,,direct_rfft_float32_65536_8_contiguous_,2.17095626673,2.15875812961,0.00124906655401,5,15,ok,
c222,direct,rfft,float32,65536,16,contiguous,,direct_rfft_float32_65536_16_contiguous_,4.59041842259,4.5612211439,0.0226967136509,5,7,ok,
c222,direct,rfft,float32,65536,32,contiguous,,direct_rfft_float32_65536_32_contiguous_,10.1385206605,10.0493273155,0.0891933450475,5,3,ok,
c222,direct,rfft,float32,65536,64,contiguous,,direct_rfft_float32_65536_64_contiguous_,26.0219790507,25.5809749942,0.341376988217,5,1,ok,
c222,direct,rfft,float32,65536,256,contiguous,,direct_rfft_float32_65536_256_contiguous_,97.7529759984,97.1119690221,0.180035014637,5,1,ok,
c222,direct,rfft,float64,64,1,contiguous,,direct_rfft_float64_64_1_contiguous_,0.00405654515137,0.00403021163698,1.32385415263e-05,7,1895,ok,
c222,direct,rfft,float64,64,2,contiguous,,direct_rfft_float64_64_2_contiguous_,0.00430354551645,0.00425357249333,2.64145201072e-05,7,2000,ok,
c222,direct,rfft,float64,64,4,contiguous,,direct_rfft_float64_64_4_contiguous_,0.00452277500881,0.00450897897827,1.19474716485e-05,7,2000,ok,
c222,direct,rfft,float64,64,8,contiguous,,direct_rfft_float64_64_8_contiguous_,0.00478502496844,0.00477702950593,7.99546251073e-06,7,2000,ok,
c222,direct,rfft,float64,64,16,contiguous,,direct_rfft_float64_64_16_contiguous_,0.00552655948559,0.00546525453683,1.11205154099e-05,7,2000,ok,
c222,direct,rfft,float64,64,32,contiguous,,direct_rfft_float64_64_32_contiguous_,0.00660410372629,0.0065792005179,7.5328104671e-06,7,1890,ok,
c222,direct,rfft,float64,64,64,contiguous,,direct_rfft_float64_64_64_contiguous_,0.00915650104848,0.00914608276488,8.89752920482e-06,7,1377,ok,
c222,direct,rfft,float64,64,256,contiguous,,direct_rfft_float64_64_256_contiguous_,0.0239074905403,0.0238178751897,6.08654227108e-05,7,200,ok,
c222,direct,rfft,float64,256,1,contiguous,,direct_rfft_float64_256_1_contiguous_,0.00486021500546,0.0048524204758,5.84102235734e-06,7,2000,ok,
c222,direct,rfft,float64,256,2,contiguous,,direct_rfft_float64_256_2_contiguous_,0.00505974248517,0.00502915051766,1.43014476635e-05,7,2000,ok,
c222,direct,rfft,float64,256,4,contiguous,,direct_rfft_float64_256_4_contiguous_,0.00566242303466,0.00563201599289,8.87201167643e-06,7,2000,ok,
c222,direct,rfft,float64,256,8,contiguous,,direct_rfft_float64_256_8_contiguous_,0.00663591491816,0.0066335782352,2.33668295917e-06,7,1904,ok,
c222,direct,rfft,float64,256,16,contiguous,,direct_rfft_float64_256_16_contiguous_,0.0089013603834,0.00888260563919,1.35926260207e-05,7,1382,ok,
c222,direct,rfft,float64,256,32,contiguous,,direct_rfft_float64_256_32_contiguous_,0.0133402604843,0.013232610072,6.25202665105e-05,7,200,ok,
c222,direct,rfft,float64,256,64,contiguous,,direct_rfft_float64_256_64_contiguous_,0.0222723849583,0.022126265103,5.69550320506e-05,7,200,ok,
c222,direct,rfft,float64,256,256,contiguous,,direct_rfft_float64_256_256_contiguous_,0.0759242649656,0.0756510550855,0.000258980435319,7,200,ok,
c222,direct,rfft,float64,1024,1,contiguous,,direct_rfft_float64_1024_1_contiguous_,0.00744573878112,0.00743666476985,3.99384172478e-06,7,1623,ok,
c222,direct,rfft,float64,1024,2,contiguous,,direct_rfft_float64_1024_2_contiguous_,0.00821664375031,0.00819299296136,3.28195118715e-06,7,1575,ok,
c222,direct,rfft,float64,1024,4,contiguous,,direct_rfft_float64_1024_4_contiguous_,0.0107277256728,0.0107145600638,6.99351816862e-06,7,1232,ok,
c222,direct,rfft,float64,1024,8,contiguous,,direct_rfft_float64_1024_8_contiguous_,0.016025925288,0.0160104950191,1.50752021e-05,7,200,ok,
c222,direct,rfft,float64,1024,16,contiguous,,direct_rfft_float64_1024_16_contiguous_,0.0266708550043,0.0266463553999,1.05646904558e-05,7,200,ok,
c222,direct,rfft,float64,1024,32,contiguous,,direct_rfft_float64_1024_32_contiguous_,0.0480246701045,0.0479535403429,2.77505023405e-05,7,200,ok,
c222,direct,rfft,float64,1024,64,contiguous,,direct_rfft_float64_1024_64_contiguous_,0.0894655502634,0.0894033850636,6.2165199779e-05,7,200,ok,
c222,direct,rfft,float64,1024,256,contiguous,,direct_rfft_float64_1024_256_contiguous_,0.335313600954,0.334781600395,0.000282045220956,7,20,ok,
c222,direct,rfft,float64,2048,1,contiguous,,direct_rfft_float64_2048_1_contiguous_,0.0112830816595,0.0112300905826,1.96112817304e-05,7,1127,ok,
c222,direct,rfft,float64,2048,2,contiguous,,direct_rfft_float64_2048_2_contiguous_,0.0135059830989,0.0134338320731,1.38390881436e-05,7,1007,ok,
c222,direct,rfft,float64,2048,4,contiguous,,direct_rfft_float64_2048_4_contiguous_,0.0202773150522,0.0201249803649,4.34298999608e-05,7,200,ok,
c222,direct,rfft,float64,2048,8,contiguous,,direct_rfft_float64_2048_8_contiguous_,0.0340603449149,0.0338688900229,6.23700907454e-05,7,200,ok,
c222,direct,rfft,float64,2048,16,contiguous,,direct_rfft_float64_2048_16_contiguous_,0.0611476250924,0.0611103547271,2.28453427553e-05,7,200,ok,
c222,direct,rfft,float64,2048,32,contiguous,,direct_rfft_float64_2048_32_contiguous_,0.114738690318,0.114429565147,9.7980373539e-05,7,200,ok,
c222,direct,rfft,float64,2048,64,contiguous,,direct_rfft_float64_2048_64_contiguous_,0.220624450594,0.220037350664,0.0004232453648,7,20,ok,
c222,direct,rfft,float64,2048,256,contiguous,,direct_rfft_float64_2048_256_contiguous_,0.86111589917,0.85906549939,0.000739400275052,7,20,ok,
c222,direct,rfft,float64,3072,1,contiguous,,direct_rfft_float64_3072_1_contiguous_,0.0149101418237,0.0148675744259,4.25673977927e-05,7,860,ok,
c222,direct,rfft,float64,3072,2,contiguous,,direct_rfft_float64_3072_2_contiguous_,0.0177051598439,0.017536644591,1.31700653583e-05,7,200,ok,
c222,direct,rfft,float64,3072,4,contiguous,,direct_rfft_float64_3072_4_contiguous_,0.0279326050077,0.0278108252678,8.40547727421e-05,7,200,ok,
c222,direct,rfft,float64,3072,8,contiguous,,direct_rfft_float64_3072_8_contiguous_,0.0482967298012,0.0480153050739,0.000223064562306,7,200,ok,
c222,direct,rfft,float64,3072,16,contiguous,,direct_rfft_float64_3072_16_contiguous_,0.0887756602606,0.0881018053042,0.000139964395203,7,200,ok,
c222,direct,rfft,float64,3072,32,contiguous,,direct_rfft_float64_3072_32_contiguous_,0.167388550472,0.164554751245,0.000711355824023,7,20,ok,
c222,direct,rfft,float64,3072,64,contiguous,,direct_rfft_float64_3072_64_contiguous_,0.327265553642,0.326513696928,0.000751856714487,7,20,ok,
c222,direct,rfft,float64,3072,256,contiguous,,direct_rfft_float64_3072_256_contiguous_,1.27919855295,1.2749440968,0.00255624763668,7,20,ok,
c222,direct,rfft,float64,3584,1,contiguous,,direct_rfft_float64_3584_1_contiguous_,0.0188005808875,0.0186282066383,1.90678876259e-05,7,692,ok,
c222,direct,rfft,float64,3584,2,contiguous,,direct_rfft_float64_3584_2_contiguous_,0.0273454596754,0.0270168948919,9.45257488638e-05,7,200,ok,
c222,direct,rfft,float64,3584,4,contiguous,,direct_rfft_float64_3584_4_contiguous_,0.0464991253102,0.0457579403883,6.35703327134e-05,7,200,ok,
c222,direct,rfft,float64,3584,8,contiguous,,direct_rfft_float64_3584_8_contiguous_,0.0832279550377,0.0829275895376,0.000212694867514,7,200,ok,
c222,direct,rfft,float64,3584,16,contiguous,,direct_rfft_float64_3584_16_contiguous_,0.158443075382,0.157396031585,0.000494509589794,7,159,ok,
c222,direct,rfft,float64,3584,32,contiguous,,direct_rfft_float64_3584_32_contiguous_,0.305605150061,0.302651146194,0.00274815247394,7,20,ok,
c222,direct,rfft,float64,3584,64,contiguous,,direct_rfft_float64_3584_64_contiguous_,0.604217703221,0.599281449104,0.00228025019169,7,20,ok,
c222,direct,rfft,float64,3584,256,contiguous,,direct_rfft_float64_3584_256_contiguous_,2.37356699654,2.36254216482,0.0110248317166,7,12,ok,
c222,direct,rfft,float64,4095,1,contiguous,,direct_rfft_float64_4095_1_contiguous_,0.0288160196138,0.028648228117,0.000112094168894,7,456,ok,
c222,direct,rfft,float64,4095,2,contiguous,,direct_rfft_float64_4095_2_contiguous_,0.0323083752301,0.0321753247408,0.000124634825625,7,200,ok,
c222,direct,rfft,float64,4095,4,contiguous,,direct_rfft_float64_4095_4_contiguous_,0.0572182348697,0.0570896500722,0.000101184705272,7,200,ok,
c222,direct,rfft,float64,4095,8,contiguous,,direct_rfft_float64_4095_8_contiguous_,0.106654044939,0.104735859786,0.00111358007416,7,200,ok,
c222,direct,rfft,float64,4095,16,contiguous,,direct_rfft_float64_4095_16_contiguous_,0.199756290268,0.19899551614,0.000760774128139,7,124,ok,
c222,direct,rfft,float64,4095,32,contiguous,,direct_rfft_float64_4095_32_contiguous_,0.38980685058,0.38856054889,0.00083859777078,7,20,ok,
c222,direct,rfft,float64,4095,64,contiguous,,direct_rfft_float64_4095_64_contiguous_,0.770915450994,0.768516003154,0.0012032513041,7,20,ok,
c222,direct,rfft,float64,4095,256,contiguous,,direct_rfft_float64_4095_256_contiguous_,3.05908889277,3.0525618,0.00652709277347,7,10,ok,
c222,direct,rfft,float64,4096,1,contiguous,,direct_rfft_float64_4096_1_contiguous_,0.0192822032267,0.019165433001,3.04992712584e-05,7,679,ok,
c222,direct,rfft,float64,4096,2,contiguous,,direct_rfft_float64_4096_2_contiguous_,0.0222038046923,0.0220431602793,0.000140304910019,7,200,ok,
c222,direct,rfft,float64,4096,4,contiguous,,direct_rfft_float64_4096_4_contiguous_,0.0369199347915,0.0367666495731,6.51198206469e-05,7,200,ok,
c222,direct,rfft,float64,4096,8,contiguous,,direct_rfft_float64_4096_8_contiguous_,0.0643789104652,0.0642829301069,9.598035831e-05,7,200,ok,
c222,direct,rfft,float64,4096,16,contiguous,,direct_rfft_float64_4096_16_contiguous_,0.119144115015,0.118992734933,0.000151380081661,7,200,ok,
c222,direct,rfft,float64,4096,32,contiguous,,direct_rfft_float64_4096_32_contiguous_,0.22825570195,0.228010251885,0.00024545006454,7,20,ok,
c222,direct,rfft,float64,4096,64,contiguous,,direct_rfft_float64_4096_64_contiguous_,0.4484828969,0.446197652491,0.000421743607149,7,20,ok,
c222,direct,rfft,float64,4096,256,contiguous,,direct_rfft_float64_4096_256_contiguous_,1.76849549947,1.7605740577,0.00637633234469,7,18,ok,
c222,direct,rfft,float64,4097,1,contiguous,,direct_rfft_float64_4097_1_contiguous_,0.111677020323,0.111492324504,0.000184695818461,5,200,ok,
c222,direct,rfft,float64,4097,2,contiguous,,direct_rfft_float64_4097_2_contiguous_,0.173728514895,0.173579833126,4.29783434863e-05,5,138,ok,
c222,direct,rfft,float64,4097,4,contiguous,,direct_rfft_float64_4097_4_contiguous_,0.334492232332,0.333763891831,0.000728340500532,5,73,ok,
c222,direct,rfft,float64,4097,8,contiguous,,direct_rfft_float64_4097_8_contiguous_,0.649402579783,0.648502738362,0.000318999426734,5,38,ok,
c222,direct,rfft,float64,4097,16,contiguous,,direct_rfft_float64_4097_16_contiguous_,1.28409219906,1.28202830092,0.000556098530069,5,20,ok,
c222,direct,rfft,float64,4097,32,contiguous,,direct_rfft_float64_4097_32_contiguous_,2.5523603858,2.54708985225,0.00319439165581,5,13,ok,
c222,direct,rfft,float64,4097,64,contiguous,,direct_rfft_float64_4097_64_contiguous_,5.10953716002,5.09205951433,0.0162351643667,5,6,ok,
c222,direct,rfft,float64,4097,256,contiguous,,direct_rfft_float64_4097_256_contiguous_,20.5695379991,20.4987749457,0.02844305709,5,1,ok,
c222,direct,rfft,float64,4608,1,contiguous,,direct_rfft_float64_4608_1_contiguous_,0.0221954949666,0.0221272197086,4.34799585491e-05,5,200,ok,
c222,direct,rfft,float64,4608,2,contiguous,,direct_rfft_float64_4608_2_contiguous_,0.0250186154153,0.0249304994941,8.8115921244e-05,5,200,ok,
c222,direct,rfft,float64,4608,4,contiguous,,direct_rfft_float64_4608_4_contiguous_,0.0415807397803,0.0413994496921,0.000164060038514,5,200,ok,
c222,direct,rfft,float64,4608,8,contiguous,,direct_rfft_float64_4608_8_contiguous_,0.0740400498034,0.0738272495801,0.000162855139934,5,200,ok,
c222,direct,rfft,float64,4608,16,contiguous,,direct_rfft_float64_4608_16_contiguous_,0.137875950895,0.137489254121,0.000358646502718,5,20,ok,
c222,direct,rfft,float64,4608,32,contiguous,,direct_rfft_float64_4608_32_contiguous_,0.265599449631,0.264127645642,0.000979850301519,5,20,ok,
c222,direct,rfft,float64,4608,64,contiguous,,direct_rfft_float64_4608_64_contiguous_,0.522789149545,0.519363750936,0.00302164698951,5,20,ok,
c222,direct,rfft,float64,4608,256,contiguous,,direct_rfft_float64_4608_256_contiguous_,2.09238098469,2.08487280179,0.00594900920987,5,5,ok,
c222,direct,rfft,float64,8192,1,contiguous,,direct_rfft_float64_8192_1_contiguous_,0.0364144949708,0.0362386147026,0.000175880268216,5,200,ok,
c222,direct,rfft,float64,8192,2,contiguous,,direct_rfft_float64_8192_2_contiguous_,0.0431730150012,0.0431525753811,1.39302574098e-05,5,200,ok,
c222,direct,rfft,float64,8192,4,contiguous,,direct_rfft_float64_8192_4_contiguous_,0.0728933548089,0.072738470044,0.000109609682113,5,200,ok,
c222,direct,rfft,float64,8192,8,contiguous,,direct_rfft_float64_8192_8_contiguous_,0.133743112837,0.133616478628,3.53333019521e-05,5,186,ok,
c222,direct,rfft,float64,8192,16,contiguous,,direct_rfft_float64_8192_16_contiguous_,0.254342402332,0.25284709991,0.000649248249829,5,20,ok,
c222,direct,rfft,float64,8192,32,contiguous,,direct_rfft_float64_8192_32_contiguous_,0.495222699828,0.494624552084,0.000224396353588,5,20,ok,
c222,direct,rfft,float64,8192,64,contiguous,,direct_rfft_float64_8192_64_contiguous_,0.979532947531,0.976716197329,0.000514998100698,5,20,ok,
c222,direct,rfft,float64,8192,256,contiguous,,direct_rfft_float64_8192_256_contiguous_,4.19205741491,4.17117059696,0.00975620932877,5,5,ok,
c222,direct,rfft,float64,16384,1,contiguous,,direct_rfft_float64_16384_1_contiguous_,0.0769133149879,0.0766932498664,0.000218605273403,5,200,ok,
c222,direct,rfft,float64,16384,2,contiguous,,direct_rfft_float64_16384_2_contiguous_,0.118413799792,0.118250700179,0.000163099612109,5,200,ok,
c222,direct,rfft,float64,16384,4,contiguous,,direct_rfft_float64_16384_4_contiguous_,0.215101910562,0.214770207651,0.000331702910632,5,111,ok,
c222,direct,rfft,float64,16384,8,contiguous,,direct_rfft_float64_16384_8_contiguous_,0.409228651552,0.407770898892,0.00145775265992,5,20,ok,
c222,direct,rfft,float64,16384,16,contiguous,,direct_rfft_float64_16384_16_contiguous_,0.80018764711,0.798845099052,0.00117815798149,5,20,ok,
c222,direct,rfft,float64,16384,32,contiguous,,direct_rfft_float64_16384_32_contiguous_,1.58678540029,1.58344309893,0.00236795167439,5,20,ok,
c222,direct,rfft,float64,16384,64,contiguous,,direct_rfft_float64_16384_64_contiguous_,3.15284010721,3.1437109923,0.00912911491469,5,10,ok,
c222,direct,rfft,float64,16384,256,contiguous,,direct_rfft_float64_16384_256_contiguous_,15.2338899788,15.1566704735,0.0759665272199,5,2,ok,
c222,direct,rfft,float64,32768,1,contiguous,,direct_rfft_float64_32768_1_contiguous_,0.215009125453,0.214449612441,0.000559513012434,5,111,ok,
c222,direct,rfft,float64,32768,2,contiguous,,direct_rfft_float64_32768_2_contiguous_,0.247303435269,0.245802165666,0.000864037503608,5,78,ok,
c222,direct,rfft,float64,32768,4,contiguous,,direct_rfft_float64_32768_4_contiguous_,0.479359104065,0.478218949866,0.000455294502899,5,20,ok,
c222,direct,rfft,float64,32768,8,contiguous,,direct_rfft_float64_32768_8_contiguous_,0.948301149765,0.943411549088,0.00480944872834,5,20,ok,
c222,direct,rfft,float64,32768,16,contiguous,,direct_rfft_float64_32768_16_contiguous_,1.88659044215,1.88461005584,0.00198038631222,5,18,ok,
c222,direct,rfft,float64,32768,32,contiguous,,direct_rfft_float64_32768_32_contiguous_,3.80165848765,3.79504612647,0.00393239315599,5,8,ok,
c222,direct,rfft,float64,32768,64,contiguous,,direct_rfft_float64_32768_64_contiguous_,8.00128749688,7.8411687573,0.0987367529888,5,4,ok,
c222,direct,rfft,float64,32768,256,contiguous,,direct_rfft_float64_32768_256_contiguous_,35.5437769322,35.2958749281,0.198321067728,5,1,ok,
c222,direct,rfft,float64,65536,1,contiguous,,direct_rfft_float64_65536_1_contiguous_,0.479771922269,0.478044391938,0.00119260649252,5,51,ok,
c222,direct,rfft,float64,65536,2,contiguous,,direct_rfft_float64_65536_2_contiguous_,0.517074996606,0.515230052406,0.00184494419955,5,20,ok,
c222,direct,rfft,float64,65536,4,contiguous,,direct_rfft_float64_65536_4_contiguous_,1.02398199961,1.02150535095,0.000986346276477,5,20,ok,
c222,direct,rfft,float64,65536,8,contiguous,,direct_rfft_float64_65536_8_contiguous_,2.05440475111,2.03896843595,0.0102678823168,5,16,ok,
c222,direct,rfft,float64,65536,16,contiguous,,direct_rfft_float64_65536_16_contiguous_,4.1352413682,4.0973918658,0.0118144962471,5,8,ok,
c222,direct,rfft,float64,65536,32,contiguous,,direct_rfft_float64_65536_32_contiguous_,8.54570648517,8.4671350196,0.0619982602075,5,4,ok,
c222,direct,rfft,float64,65536,64,contiguous,,direct_rfft_float64_65536_64_contiguous_,19.1457290202,19.0356440144,0.0292650656775,5,1,ok,
c222,direct,rfft,float64,65536,256,contiguous,,direct_rfft_float64_65536_256_contiguous_,75.0989849912,74.7159809107,0.169347040355,5,1,ok,
c222,direct,irfft,complex64,64,1,contiguous,,direct_irfft_complex64_64_1_contiguous_,0.00472937550682,0.00471734928315,1.20262236693e-05,7,1028,ok,
c222,direct,irfft,complex64,64,2,contiguous,,direct_irfft_complex64_64_2_contiguous_,0.00494149745781,0.00491901908103,2.00057360782e-05,7,1572,ok,
c222,direct,irfft,complex64,64,4,contiguous,,direct_irfft_complex64_64_4_contiguous_,0.00515342253493,0.00510952551849,1.51135027409e-05,7,2000,ok,
c222,direct,irfft,complex64,64,8,contiguous,,direct_irfft_complex64_64_8_contiguous_,0.00556906347629,0.00555104995146,1.30945118144e-05,7,2000,ok,
c222,direct,irfft,complex64,64,16,contiguous,,direct_irfft_complex64_64_16_contiguous_,0.00617028215734,0.006132825573,1.59281128043e-05,7,1921,ok,
c222,direct,irfft,complex64,64,32,contiguous,,direct_irfft_complex64_64_32_contiguous_,0.00732029470102,0.00726366505224,3.67973221581e-05,7,1663,ok,
c222,direct,irfft,complex64,64,64,contiguous,,direct_irfft_complex64_64_64_contiguous_,0.0094923167341,0.00946796241775,1.15236317611e-05,7,1411,ok,
c222,direct,irfft,complex64,64,256,contiguous,,direct_irfft_complex64_64_256_contiguous_,0.0234485795954,0.0233359751292,3.15601937473e-05,7,200,ok,
c222,direct,irfft,complex64,256,1,contiguous,,direct_irfft_complex64_256_1_contiguous_,0.00569174747216,0.00564676348586,2.70404852927e-05,7,2000,ok,
c222,direct,irfft,complex64,256,2,contiguous,,direct_irfft_complex64_256_2_contiguous_,0.00612013216811,0.00608214638193,1.92406511286e-05,7,1899,ok,
c222,direct,irfft,complex64,256,4,contiguous,,direct_irfft_complex64_256_4_contiguous_,0.00645339612428,0.00641810688627,9.19624803147e-06,7,1656,ok,
c222,direct,irfft,complex64,256,8,contiguous,,direct_irfft_complex64_256_8_contiguous_,0.00750508694339,0.00745996208253,1.70677494966e-05,7,1714,ok,
c222,direct,irfft,complex64,256,16,contiguous,,direct_irfft_complex64_256_16_contiguous_,0.00974056850192,0.00971074316524,2.24588338076e-05,7,1386,ok,
c222,direct,irfft,complex64,256,32,contiguous,,direct_irfft_complex64_256_32_contiguous_,0.0139810546534,0.0139274052344,5.36494189873e-05,7,200,ok,
c222,direct,irfft,complex64,256,64,contiguous,,direct_irfft_complex64_256_64_contiguous_,0.0231518299552,0.0231280853041,2.37446511164e-05,7,200,ok,
c222,direct,irfft,complex64,256,256,contiguous,,direct_irfft_complex64_256_256_contiguous_,0.076774850022,0.0766003300669,0.000145270023495,7,200,ok,
c222,direct,irfft,complex64,1024,1,contiguous,,direct_irfft_complex64_1024_1_contiguous_,0.00930361067276,0.00923568301088,5.4483275163e-05,7,1287,ok,
c222,direct,irfft,complex64,1024,2,contiguous,,direct_irfft_complex64_1024_2_contiguous_,0.0100455223524,0.0100212223458,6.29652912941e-06,7,1187,ok,
c222,direct,irfft,complex64,1024,4,contiguous,,direct_irfft_complex64_1024_4_contiguous_,0.0109956052469,0.010940254549,5.53506978856e-05,7,1155,ok,
c222,direct,irfft,complex64,1024,8,contiguous,,direct_irfft_complex64_1024_8_contiguous_,0.0160827802029,0.0158440851374,0.000238695065491,7,200,ok,
c222,direct,irfft,complex64,1024,16,contiguous,,direct_irfft_complex64_1024_16_contiguous_,0.0278518546838,0.0261257303646,0.000400095013902,7,200,ok,
c222,direct,irfft,complex64,1024,32,contiguous,,direct_irfft_complex64_1024_32_contiguous_,0.0459408800816,0.0456049549393,0.000152534921654,7,200,ok,
c222,direct,irfft,complex64,1024,64,contiguous,,direct_irfft_complex64_1024_64_contiguous_,0.0855096650776,0.0853985548019,0.000111110275611,7,200,ok,
c222,direct,irfft,complex64,1024,256,contiguous,,direct_irfft_complex64_1024_256_contiguous_,0.320035597542,0.319515599404,0.000388745684177,7,20,ok,
c222,direct,irfft,complex64,2048,1,contiguous,,direct_irfft_complex64_2048_1_contiguous_,0.0146460329622,0.0144368777683,6.32984218593e-05,7,761,ok,
c222,direct,irfft,complex64,2048,2,contiguous,,direct_irfft_complex64_2048_2_contiguous_,0.0163005142895,0.0161247174522,3.6499992954e-05,7,768,ok,
c222,direct,irfft,complex64,2048,4,contiguous,,direct_irfft_complex64_2048_4_contiguous_,0.0188090704614,0.0186319404747,0.000150030246004,7,200,ok,
c222,direct,irfft,complex64,2048,8,contiguous,,direct_irfft_complex64_2048_8_contiguous_,0.0307347351918,0.0305848603602,7.01850512996e-05,7,200,ok,
c222,direct,irfft,complex64,2048,16,contiguous,,direct_irfft_complex64_2048_16_contiguous_,0.0536130595719,0.0529193598777,0.000283834524453,7,200,ok,
c222,direct,irfft,complex64,2048,32,contiguous,,direct_irfft_complex64_2048_32_contiguous_,0.100088089821,0.0991615047678,0.000875489786267,7,200,ok,
c222,direct,irfft,complex64,2048,64,contiguous,,direct_irfft_complex64_2048_64_contiguous_,0.192911701743,0.190584349912,0.00211345031857,7,20,ok,
c222,direct,irfft,complex64,2048,256,contiguous,,direct_irfft_complex64_2048_256_contiguous_,0.74280644767,0.735916598933,0.000750453909859,7,20,ok,
c222,direct,irfft,complex64,3072,1,contiguous,,direct_irfft_complex64_3072_1_contiguous_,0.0203743363394,0.0202951541553,4.48037603307e-05,7,642,ok,
c222,direct,irfft,complex64,3072,2,contiguous,,direct_irfft_complex64_3072_2_contiguous_,0.0225056748604,0.0220991147216,0.000277019571513,7,200,ok,
c222,direct,irfft,complex64,3072,4,contiguous,,direct_irfft_complex64_3072_4_contiguous_,0.0248386303429,0.0247383897658,9.38744051382e-05,7,200,ok,
c222,direct,irfft,complex64,3072,8,contiguous,,direct_irfft_complex64_3072_8_contiguous_,0.0428352848394,0.0425820599776,0.000125730293803,7,200,ok,
c222,direct,irfft,complex64,3072,16,contiguous,,direct_irfft_complex64_3072_16_contiguous_,0.0769103050698,0.0765337049961,0.000153689761646,7,200,ok,
c222,direct,irfft,complex64,3072,32,contiguous,,direct_irfft_complex64_3072_32_contiguous_,0.143131252844,0.142107350985,0.000909203663468,7,20,ok,
c222,direct,irfft,complex64,3072,64,contiguous,,direct_irfft_complex64_3072_64_contiguous_,0.27821699623,0.276262348052,0.000911700772122,7,20,ok,
c222,direct,irfft,complex64,3072,256,contiguous,,direct_irfft_complex64_3072_256_contiguous_,1.09109330224,1.08665500302,0.00127089442685,7,20,ok,
c222,direct,irfft,complex64,3584,1,contiguous,,direct_irfft_complex64_3584_1_contiguous_,0.0211407426995,0.0209286100919,7.55148835536e-05,7,536,ok,
c222,direct,irfft,complex64,3584,2,contiguous,,direct_irfft_complex64_3584_2_contiguous_,0.0337355950614,0.0336156151025,0.000119979958981,7,200,ok,
c222,direct,irfft,complex64,3584,4,contiguous,,direct_irfft_complex64_3584_4_contiguous_,0.0361970847007,0.0358757853974,0.000209645368159,7,200,ok,
c222,direct,irfft,complex64,3584,8,contiguous,,direct_irfft_complex64_3584_8_contiguous_,0.0633823999669,0.0628805102315,0.000138955074362,7,200,ok,
c222,direct,irfft,complex64,3584,16,contiguous,,direct_irfft_complex64_3584_16_contiguous_,0.114641860127,0.11411041487,0.000499585294165,7,200,ok,
c222,direct,irfft,complex64,3584,32,contiguous,,direct_irfft_complex64_3584_32_contiguous_,0.216178654227,0.216002349043,0.000176305184141,7,20,ok,
c222,direct,irfft,complex64,3584,64,contiguous,,direct_irfft_complex64_3584_64_contiguous_,0.423773797229,0.423291401239,0.00043484615162,7,20,ok,
c222,direct,irfft,complex64,3584,256,contiguous,,direct_irfft_complex64_3584_256_contiguous_,1.68056995026,1.67213475215,0.00261895474978,7,20,ok,
c222,direct,irfft,complex64,4095,1,contiguous,,direct_irfft_complex64_4095_1_contiguous_,0.0555266441203,0.0553463080441,0.000133450150401,7,253,ok,
c222,direct,irfft,complex64,4095,2,contiguous,,direct_irfft_complex64_4095_2_contiguous_,0.0932720600395,0.0928171601845,0.000260784872808,7,200,ok,
c222,direct,irfft,complex64,4095,4,contiguous,,direct_irfft_complex64_4095_4_contiguous_,0.0778855796671,0.0774321798235,6.89300941303e-05,7,200,ok,
c222,direct,irfft,complex64,4095,8,contiguous,,direct_irfft_complex64_4095_8_contiguous_,0.148056571821,0.147376731981,0.000542209212047,7,168,ok,
c222,direct,irfft,complex64,4095,16,contiguous,,direct_irfft_complex64_4095_16_contiguous_,0.282759669724,0.281355920544,0.000376145842231,7,88,ok,
c222,direct,irfft,complex64,4095,32,contiguous,,direct_irfft_complex64_4095_32_contiguous_,0.548223650549,0.547704700148,0.000518950400874,7,20,ok,
c222,direct,irfft,complex64,4095,64,contiguous,,direct_irfft_complex64_4095_64_contiguous_,1.0921226989,1.08884359943,0.0027391477488,7,20,ok,
c222,direct,irfft,complex64,4095,256,contiguous,,direct_irfft_complex64_4095_256_contiguous_,4.34948275506,4.32355537487,0.00199112400878,7,8,ok,
c222,direct,irfft,complex64,4096,1,contiguous,,direct_irfft_complex64_4096_1_contiguous_,0.0245673799681,0.024465490568,8.14867262793e-05,7,524,ok,
c222,direct,irfft,complex64,4096,2,contiguous,,direct_irfft_complex64_4096_2_contiguous_,0.0278340699151,0.0277616397943,5.50551339984e-05,7,200,ok,
c222,direct,irfft,complex64,4096,4,contiguous,,direct_irfft_complex64_4096_4_contiguous_,0.0322191097075,0.032146119629,4.94898995385e-05,7,200,ok,
c222,direct,irfft,complex64,4096,8,contiguous,,direct_irfft_complex64_4096_8_contiguous_,0.0558337499388,0.0556771596894,3.23652056977e-05,7,200,ok,
c222,direct,irfft,complex64,4096,16,contiguous,,direct_irfft_complex64_4096_16_contiguous_,0.102420190233,0.1022981602,0.000122030032799,7,200,ok,
c222,direct,irfft,complex64,4096,32,contiguous,,direct_irfft_complex64_4096_32_contiguous_,0.194118451327,0.193192751613,0.000306055881083,7,20,ok,
c222,direct,irfft,complex64,4096,64,contiguous,,direct_irfft_complex64_4096_64_contiguous_,0.381305499468,0.380313146161,0.000711850589141,7,20,ok,
c222,direct,irfft,complex64,4096,256,contiguous,,direct_irfft_complex64_4096_256_contiguous_,1.49603290483,1.48930585128,0.00338984536938,7,20,ok,
c222,direct,irfft,complex64,4097,1,contiguous,,direct_irfft_complex64_4097_1_contiguous_,0.0245861051371,0.0245546450606,3.14600765705e-05,5,200,ok,
c222,direct,irfft,complex64,4097,2,contiguous,,direct_irfft_complex64_4097_2_contiguous_,0.0277564296266,0.0276171648875,4.25754114985e-05,5,200,ok,
c222,direct,irfft,complex64,4097,4,contiguous,,direct_irfft_complex64_4097_4_contiguous_,0.0321182247717,0.0320302054752,2.33901664615e-05,5,200,ok,
c222,direct,irfft,complex64,4097,8,contiguous,,direct_irfft_complex64_4097_8_contiguous_,0.0558039499447,0.0554786395514,0.000249065342359,5,200,ok,
c222,direct,irfft,complex64,4097,16,contiguous,,direct_irfft_complex64_4097_16_contiguous_,0.102203851566,0.101743999403,7.26548023522e-05,5,20,ok,
c222,direct,irfft,complex64,4097,32,contiguous,,direct_irfft_complex64_4097_32_contiguous_,0.193433649838,0.193040946033,0.000256951898336,5,20,ok,
c222,direct,irfft,complex64,4097,64,contiguous,,direct_irfft_complex64_4097_64_contiguous_,0.379423447885,0.378925498808,0.000310048926622,5,20,ok,
c222,direct,irfft,complex64,4097,256,contiguous,,direct_irfft_complex64_4097_256_contiguous_,1.48696859833,1.48294100072,0.00236639752984,5,5,ok,
c222,direct,irfft,complex64,4608,1,contiguous,,direct_irfft_complex64_4608_1_contiguous_,0.0297468947247,0.0295112497406,0.000171774881892,5,200,ok,
c222,direct,irfft,complex64,4608,2,contiguous,,direct_irfft_complex64_4608_2_contiguous_,0.033437134698,0.033369709854,6.74248440191e-05,5,200,ok,
c222,direct,irfft,complex64,4608,4,contiguous,,direct_irfft_complex64_4608_4_contiguous_,0.0363615946844,0.0363034353359,3.78699041903e-05,5,200,ok,
c222,direct,irfft,complex64,4608,8,contiguous,,direct_irfft_complex64_4608_8_contiguous_,0.0634829350747,0.0633373652818,0.000145569792949,5,200,ok,
c222,direct,irfft,complex64,4608,16,contiguous,,direct_irfft_complex64_4608_16_contiguous_,0.115888903383,0.115631398512,0.000203849049285,5,20,ok,
c222,direct,irfft,complex64,4608,32,contiguous,,direct_irfft_complex64_4608_32_contiguous_,0.220076896949,0.219625554746,0.000232452293858,5,20,ok,
c222,direct,irfft,complex64,4608,64,contiguous,,direct_irfft_complex64_4608_64_contiguous_,0.431040849071,0.430261401925,0.000232399906963,5,20,ok,
c222,direct,irfft,complex64,4608,256,contiguous,,direct_irfft_complex64_4608_256_contiguous_,1.69459199533,1.6858397983,0.00285140704364,5,5,ok,
c222,direct,irfft,complex64,8192,1,contiguous,,direct_irfft_complex64_8192_1_contiguous_,0.048063895083,0.0479513849132,0.000112510169856,5,200,ok,
c222,direct,irfft,complex64,8192,2,contiguous,,direct_irfft_complex64_8192_2_contiguous_,0.0546121201478,0.0545792095363,3.29106114805e-05,5,200,ok,
c222,direct,irfft,complex64,8192,4,contiguous,,direct_irfft_complex64_8192_4_contiguous_,0.0616610300494,0.0613579200581,0.000134654692374,5,200,ok,
c222,direct,irfft,complex64,8192,8,contiguous,,direct_irfft_complex64_8192_8_contiguous_,0.113119470188,0.111460920307,0.000325454748236,5,200,ok,
c222,direct,irfft,complex64,8192,16,contiguous,,direct_irfft_complex64_8192_16_contiguous_,0.207945302827,0.207329646219,0.000130699481815,5,20,ok,
c222,direct,irfft,complex64,8192,32,contiguous,,direct_irfft_complex64_8192_32_contiguous_,0.405466096709,0.404321949463,0.000560045009479,5,20,ok,
c222,direct,irfft,complex64,8192,64,contiguous,,direct_irfft_complex64_8192_64_contiguous_,0.796022848226,0.794752454385,0.00037620193325,5,20,ok,
c222,direct,irfft,complex64,8192,256,contiguous,,direct_irfft_complex64_8192_256_contiguous_,3.21026218589,3.19870859385,0.00181337818503,5,5,ok,
c222,direct,irfft,complex64,16384,1,contiguous,,direct_irfft_complex64_16384_1_contiguous_,0.0809932802804,0.080915184808,6.73247268423e-05,5,200,ok,
c222,direct,irfft,complex64,16384,2,contiguous,,direct_irfft_complex64_16384_2_contiguous_,0.138760387395,0.138706859892,5.35275033686e-05,5,178,ok,
c222,direct,irfft,complex64,16384,4,contiguous,,direct_irfft_complex64_16384_4_contiguous_,0.15190956055,0.150911786832,0.000125726418025,5,164,ok,
c222,direct,irfft,complex64,16384,8,contiguous,,direct_irfft_complex64_16384_8_contiguous_,0.280826853123,0.280370999826,0.000455853296444,5,20,ok,
c222,direct,irfft,complex64,16384,16,contiguous,,direct_irfft_complex64_16384_16_contiguous_,0.539352552732,0.538767001126,0.000220444053411,5,20,ok,
c222,direct,irfft,complex64,16384,32,contiguous,,direct_irfft_complex64_16384_32_contiguous_,1.04923259933,1.0488073458,0.000425253529102,5,20,ok,
c222,direct,irfft,complex64,16384,64,contiguous,,direct_irfft_complex64_16384_64_contiguous_,2.12197969086,2.1124950581,0.00130687840283,5,16,ok,
c222,direct,irfft,complex64,16384,256,contiguous,,direct_irfft_complex64_16384_256_contiguous_,8.36391723715,8.33894798416,0.0168365368154,5,4,ok,
c222,direct,irfft,complex64,32768,1,contiguous,,direct_irfft_complex64_32768_1_contiguous_,0.171822257107,0.171290550082,0.000236585869321,5,140,ok,
c222,direct,irfft,complex64,32768,2,contiguous,,direct_irfft_complex64_32768_2_contiguous_,0.289974505465,0.289792400401,0.000182105063954,5,85,ok,
c222,direct,irfft,complex64,32768,4,contiguous,,direct_irfft_complex64_32768_4_contiguous_,0.323371798731,0.32062070095,0.00100390170701,5,20,ok,
c222,direct,irfft,complex64,32768,8,contiguous,,direct_irfft_complex64_32768_8_contiguous_,0.633301999187,0.629347603535,0.00329915201291,5,20,ok,
c222,direct,irfft,complex64,32768,16,contiguous,,direct_irfft_complex64_32768_16_contiguous_,1.25354910269,1.24392970465,0.00451289815828,5,20,ok,
c222,direct,irfft,complex64,32768,32,contiguous,,direct_irfft_complex64_32768_32_contiguous_,2.50163035733,2.49646064393,0.00516971340403,5,14,ok,
c222,direct,irfft,complex64,32768,64,contiguous,,direct_irfft_complex64_32768_64_contiguous_,4.99531719834,4.96697439812,0.00869818031788,5,5,ok,
c222,direct,irfft,complex64,32768,256,contiguous,,direct_irfft_complex64_32768_256_contiguous_,22.8771459078,22.159185959,0.522686052136,5,1,ok,
c222,direct,irfft,complex64,65536,1,contiguous,,direct_irfft_complex64_65536_1_contiguous_,0.345745443233,0.343879671501,0.000328314490616,5,70,ok,
c222,direct,irfft,complex64,65536,2,contiguous,,direct_irfft_complex64_65536_2_contiguous_,0.62374715344,0.618112151278,0.00157695030794,5,20,ok,
c222,direct,irfft,complex64,65536,4,contiguous,,direct_irfft_complex64_65536_4_contiguous_,0.684096349869,0.676684052451,0.00254274928011,5,20,ok,
c222,direct,irfft,complex64,65536,8,contiguous,,direct_irfft_complex64_65536_8_contiguous_,1.33675649995,1.33448879933,0.00226770062,5,20,ok,
c222,direct,irfft,complex64,65536,16,contiguous,,direct_irfft_complex64_65536_16_contiguous_,2.6587960758,2.64668345559,0.00259785268169,5,13,ok,
c222,direct,irfft,complex64,65536,32,contiguous,,direct_irfft_complex64_65536_32_contiguous_,5.20852939226,5.1982864039,0.00154878944159,5,5,ok,
c222,direct,irfft,complex64,65536,64,contiguous,,direct_irfft_complex64_65536_64_contiguous_,10.4764949841,10.4432730004,0.0062882900238,5,3,ok,
c222,direct,irfft,complex64,65536,256,contiguous,,direct_irfft_complex64_65536_256_contiguous_,45.9252819419,45.7823650213,0.102201127447,5,1,ok,
c222,direct,irfft,complex128,64,1,contiguous,,direct_irfft_complex128_64_1_contiguous_,0.00469514434434,0.00467919792558,8.91621349399e-06,7,1455,ok,
c222,direct,irfft,complex128,64,2,contiguous,,direct_irfft_complex128_64_2_contiguous_,0.00501806451939,0.00496715452755,4.52340464108e-05,7,2000,ok,
c222,direct,irfft,complex128,64,4,contiguous,,direct_irfft_complex128_64_4_contiguous_,0.00517199886085,0.00514673161667,2.52672441853e-05,7,1751,ok,
c222,direct,irfft,complex128,64,8,contiguous,,direct_irfft_complex128_64_8_contiguous_,0.00556431000587,0.00554428249598,1.64305092767e-05,7,2000,ok,
c222,direct,irfft,complex128,64,16,contiguous,,direct_irfft_complex128_64_16_contiguous_,0.00626916806852,0.00622851826099,2.70299240001e-05,7,1970,ok,
c222,direct,irfft,complex128,64,32,contiguous,,direct_irfft_complex128_64_32_contiguous_,0.00755955745888,0.00750084566043,3.92075810699e-05,7,1652,ok,
c222,direct,irfft,complex128,64,64,contiguous,,direct_irfft_complex128_64_64_contiguous_,0.0104040350801,0.0102780647754,4.05152285168e-05,7,1252,ok,
c222,direct,irfft,complex128,64,256,contiguous,,direct_irfft_complex128_64_256_contiguous_,0.0266671896679,0.0265503750416,0.000115209841169,7,200,ok,
c222,direct,irfft,complex128,256,1,contiguous,,direct_irfft_complex128_256_1_contiguous_,0.00555303349392,0.00551852904027,3.45044536516e-05,7,2000,ok,
c222,direct,irfft,complex128,256,2,contiguous,,direct_irfft_complex128_256_2_contiguous_,0.00585446860317,0.00580661988075,2.9158079874e-05,7,1897,ok,
c222,direct,irfft,complex128,256,4,contiguous,,direct_irfft_complex128_256_4_contiguous_,0.00650888856262,0.00646922673802,1.49922180807e-05,7,1795,ok,
c222,direct,irfft,complex128,256,8,contiguous,,direct_irfft_complex128_256_8_contiguous_,0.00790161511476,0.00784382180972,2.50557958418e-05,7,1577,ok,
c222,direct,irfft,complex128,256,16,contiguous,,direct_irfft_complex128_256_16_contiguous_,0.0106887775006,0.010640776705,7.83769660685e-06,7,1245,ok,
c222,direct,irfft,complex128,256,32,contiguous,,direct_irfft_complex128_256_32_contiguous_,0.0160652998602,0.0159965199418,5.02000330016e-05,7,200,ok,
c222,direct,irfft,complex128,256,64,contiguous,,direct_irfft_complex128_256_64_contiguous_,0.0272772298194,0.0272337003844,2.01904913411e-05,7,200,ok,
c222,direct,irfft,complex128,256,256,contiguous,,direct_irfft_complex128_256_256_contiguous_,0.0942312448751,0.0939647003543,0.000146715319715,7,200,ok,
c222,direct,irfft,complex128,1024,1,contiguous,,direct_irfft_complex128_1024_1_contiguous_,0.00847097187841,0.0084357796086,2.07710348752e-05,7,1420,ok,
c222,direct,irfft,complex128,1024,2,contiguous,,direct_irfft_complex128_1024_2_contiguous_,0.00933190689464,0.00927409303478,5.78138598658e-05,7,1343,ok,
c222,direct,irfft,complex128,1024,4,contiguous,,direct_irfft_complex128_1024_4_contiguous_,0.0126888222353,0.0126704425795,9.91528678489e-06,7,967,ok,
c222,direct,irfft,complex128,1024,8,contiguous,,direct_irfft_complex128_1024_8_contiguous_,0.0195110804634,0.0192238454474,2.81049869955e-05,7,200,ok,
c222,direct,irfft,complex128,1024,16,contiguous,,direct_irfft_complex128_1024_16_contiguous_,0.0326353899436,0.032362479833,6.72199530527e-05,7,200,ok,
c222,direct,irfft,complex128,1024,32,contiguous,,direct_irfft_complex128_1024_32_contiguous_,0.0586954003666,0.0583308649948,0.000266644638032,7,200,ok,
c222,direct,irfft,complex128,1024,64,contiguous,,direct_irfft_complex128_1024_64_contiguous_,0.111286699539,0.110300654778,0.00021159008611,7,200,ok,
c222,direct,irfft,complex128,1024,256,contiguous,,direct_irfft_complex128_1024_256_contiguous_,0.421064702095,0.418416247703,0.000426295446232,7,20,ok,
c222,direct,irfft,complex128,2048,1,contiguous,,direct_irfft_complex128_2048_1_contiguous_,0.0128828909049,0.0128215083246,5.24054099409e-05,7,962,ok,
c222,direct,irfft,complex128,2048,2,contiguous,,direct_irfft_complex128_2048_2_contiguous_,0.0153396310495,0.0152580607738,6.3999877533e-05,7,840,ok,
c222,direct,irfft,complex128,2048,4,contiguous,,direct_irfft_complex128_2048_4_contiguous_,0.0231308897492,0.0230540451594,1.82853545994e-05,7,200,ok,
c222,direct,irfft,complex128,2048,8,contiguous,,direct_irfft_complex128_2048_8_contiguous_,0.0396200246178,0.0395782047417,4.18198760599e-05,7,200,ok,
c222,direct,irfft,complex128,2048,16,contiguous,,direct_irfft_complex128_2048_16_contiguous_,0.0715795549331,0.0713883945718,5.12949191034e-05,7,200,ok,
c222,direct,irfft,complex128,2048,32,contiguous,,direct_irfft_complex128_2048_32_contiguous_,0.134371662685,0.134238532274,0.000133130410889,7,184,ok,
c222,direct,irfft,complex128,2048,64,contiguous,,direct_irfft_complex128_2048_64_contiguous_,0.261709699407,0.260115700075,0.00159399933182,7,20,ok,
c222,direct,irfft,complex128,2048,256,contiguous,,direct_irfft_complex128_2048_256_contiguous_,1.01641135407,1.01267790305,0.00153284636326,7,20,ok,
c222,direct,irfft,complex128,3072,1,contiguous,,direct_irfft_complex128_3072_1_contiguous_,0.01736249932,0.0173341696593,1.64764500844e-05,7,743,ok,
c222,direct,irfft,complex128,3072,2,contiguous,,direct_irfft_complex128_3072_2_contiguous_,0.019798114663,0.0197317398852,1.62801006809e-05,7,200,ok,
c222,direct,irfft,complex128,3072,4,contiguous,,direct_irfft_complex128_3072_4_contiguous_,0.0316819548607,0.0316248496529,1.57294562086e-05,7,200,ok,
c222,direct,irfft,complex128,3072,8,contiguous,,direct_irfft_complex128_3072_8_contiguous_,0.0557117251446,0.0554823945276,8.53597884998e-05,7,200,ok,
c222,direct,irfft,complex128,3072,16,contiguous,,direct_irfft_complex128_3072_16_contiguous_,0.102561855456,0.102348305518,0.000105499639176,7,200,ok,
c222,direct,irfft,complex128,3072,32,contiguous,,direct_irfft_complex128_3072_32_contiguous_,0.195850199088,0.195224001072,0.000456848647445,7,20,ok,
c222,direct,irfft,complex128,3072,64,contiguous,,direct_irfft_complex128_3072_64_contiguous_,0.382129999343,0.380716403015,0.000637146877125,7,20,ok,
c222,direct,irfft,complex128,3072,256,contiguous,,direct_irfft_complex128_3072_256_contiguous_,1.50579159963,1.49636749993,0.00630774884485,7,20,ok,
c222,direct,irfft,complex128,3584,1,contiguous,,direct_irfft_complex128_3584_1_contiguous_,0.0201988947477,0.0199766959001,0.000124181410191,7,628,ok,
c222,direct,irfft,complex128,3584,2,contiguous,,direct_irfft_complex128_3584_2_contiguous_,0.0294638198102,0.0292477599578,0.00017338024918,7,200,ok,
c222,direct,irfft,complex128,3584,4,contiguous,,direct_irfft_complex128_3584_4_contiguous_,0.0505863601575,0.0503099401249,0.000246870331466,7,200,ok,
c222,direct,irfft,complex128,3584,8,contiguous,,direct_irfft_complex128_3584_8_contiguous_,0.0900341646047,0.0898797746049,0.000154389999807,7,200,ok,
c222,direct,irfft,complex128,3584,16,contiguous,,direct_irfft_complex128_3584_16_contiguous_,0.16997230067,0.169806931908,5.50955444676e-05,7,146,ok,
c222,direct,irfft,complex128,3584,32,contiguous,,direct_irfft_complex128_3584_32_contiguous_,0.332761352183,0.330237601884,0.00103539787233,7,20,ok,
c222,direct,irfft,complex128,3584,64,contiguous,,direct_irfft_complex128_3584_64_contiguous_,0.650965998648,0.649607449304,0.00135804875754,7,20,ok,
c222,direct,irfft,complex128,3584,256,contiguous,,direct_irfft_complex128_3584_256_contiguous_,2.57257738401,2.56649522971,0.00569831508283,7,13,ok,
c222,direct,irfft,complex128,4095,1,contiguous,,direct_irfft_complex128_4095_1_contiguous_,0.0458191693472,0.045418354807,0.000348501589987,7,307,ok,
c222,direct,irfft,complex128,4095,2,contiguous,,direct_irfft_complex128_4095_2_contiguous_,0.0711741950363,0.0706671003718,0.000273309997283,7,200,ok,
c222,direct,irfft,complex128,4095,4,contiguous,,direct_irfft_complex128_4095_4_contiguous_,0.133472356693,0.132518718292,0.000264643607265,7,188,ok,
c222,direct,irfft,complex128,4095,8,contiguous,,direct_irfft_complex128_4095_8_contiguous_,0.253661084881,0.252358861852,0.000907542887441,7,94,ok,
c222,direct,irfft,complex128,4095,16,contiguous,,direct_irfft_complex128_4095_16_contiguous_,0.507602804725,0.505329000905,0.0015328481348,7,46,ok,
c222,direct,irfft,complex128,4095,32,contiguous,,direct_irfft_complex128_4095_32_contiguous_,1.004018198,1.00031780312,0.00350105110556,7,20,ok,
c222,direct,irfft,complex128,4095,64,contiguous,,direct_irfft_complex128_4095_64_contiguous_,2.01755843591,2.00422162743,0.00710887979949,7,16,ok,
c222,direct,irfft,complex128,4095,256,contiguous,,direct_irfft_complex128_4095_256_contiguous_,8.05210252292,7.99264651141,0.0170944840647,7,4,ok,
c222,direct,irfft,complex128,4096,1,contiguous,,direct_irfft_complex128_4096_1_contiguous_,0.0217895370574,0.0216627633678,6.19008022122e-05,7,583,ok,
c222,direct,irfft,complex128,4096,2,contiguous,,direct_irfft_complex128_4096_2_contiguous_,0.025587429991,0.0253750302363,6.5075000748e-05,7,200,ok,
c222,direct,irfft,complex128,4096,4,contiguous,,direct_irfft_complex128_4096_4_contiguous_,0.0427459151251,0.0424870301504,9.55746509135e-05,7,200,ok,
c222,direct,irfft,complex128,4096,8,contiguous,,direct_irfft_complex128_4096_8_contiguous_,0.0759192596888,0.0756250100676,0.00029424962122,7,200,ok,
c222,direct,irfft,complex128,4096,16,contiguous,,direct_irfft_complex128_4096_16_contiguous_,0.142459749689,0.141178323908,0.000689692652403,7,176,ok,
c222,direct,irfft,complex128,4096,32,contiguous,,direct_irfft_complex128_4096_32_contiguous_,0.271930749295,0.271081645042,0.000849104253575,7,20,ok,
c222,direct,irfft,complex128,4096,64,contiguous,,direct_irfft_complex128_4096_64_contiguous_,0.535650650272,0.534983444959,0.000452803215012,7,20,ok,
c222,direct,irfft,complex128,4096,256,contiguous,,direct_irfft_complex128_4096_256_contiguous_,2.13389944111,2.1208851249,0.0107406813186,7,16,ok,
c222,direct,irfft,complex128,4097,1,contiguous,,direct_irfft_complex128_4097_1_contiguous_,0.0216150598135,0.0215766899055,3.83699079975e-05,5,200,ok,
c222,direct,irfft,complex128,4097,2,contiguous,,direct_irfft_complex128_4097_2_contiguous_,0.0253845000407,0.0253125099698,4.58798604086e-05,5,200,ok,
c222,direct,irfft,complex128,4097,4,contiguous,,direct_irfft_complex128_4097_4_contiguous_,0.042373270262,0.042012744816,3.81196150556e-05,5,200,ok,
c222,direct,irfft,complex128,4097,8,contiguous,,direct_irfft_complex128_4097_8_contiguous_,0.0777563353768,0.0767985952552,0.000741985277273,5,200,ok,
c222,direct,irfft,complex128,4097,16,contiguous,,direct_irfft_complex128_4097_16_contiguous_,0.147806998575,0.1409006014,0.0047238485422,5,20,ok,
c222,direct,irfft,complex128,4097,32,contiguous,,direct_irfft_complex128_4097_32_contiguous_,0.2726456034,0.271916249767,0.000239454675466,5,20,ok,
c222,direct,irfft,complex128,4097,64,contiguous,,direct_irfft_complex128_4097_64_contiguous_,0.536499748705,0.535875599599,0.000624149106443,5,20,ok,
c222,direct,irfft,complex128,4097,256,contiguous,,direct_irfft_complex128_4097_256_contiguous_,2.19845098909,2.13414479513,0.0481297960505,5,5,ok,
c222,direct,irfft,complex128,4608,1,contiguous,,direct_irfft_complex128_4608_1_contiguous_,0.0252576149069,0.0249804946361,0.000226874835789,5,200,ok,
c222,direct,irfft,complex128,4608,2,contiguous,,direct_irfft_complex128_4608_2_contiguous_,0.028739059926,0.0286532001337,8.00448469818e-05,5,200,ok,
c222,direct,irfft,complex128,4608,4,contiguous,,direct_irfft_complex128_4608_4_contiguous_,0.0481006153859,0.0478616147302,0.000177680049092,5,200,ok,
c222,direct,irfft,complex128,4608,8,contiguous,,direct_irfft_complex128_4608_8_contiguous_,0.086261969991,0.0858368253103,0.000149979605339,5,200,ok,
c222,direct,irfft,complex128,4608,16,contiguous,,direct_irfft_complex128_4608_16_contiguous_,0.161837198539,0.160095904721,0.000645651016384,5,20,ok,
c222,direct,irfft,complex128,4608,32,contiguous,,direct_irfft_complex128_4608_32_contiguous_,0.310130097205,0.308721954934,0.00103545025922,5,20,ok,
c222,direct,irfft,complex128,4608,64,contiguous,,direct_irfft_complex128_4608_64_contiguous_,0.611421145732,0.609064253513,0.0018845021259,5,20,ok,
c222,direct,irfft,complex128,4608,256,contiguous,,direct_irfft_complex128_4608_256_contiguous_,2.42203639355,2.39891738165,0.0231190118939,5,5,ok,
c222,direct,irfft,complex128,8192,1,contiguous,,direct_irfft_complex128_8192_1_contiguous_,0.041326614446,0.0411916151643,8.07491596788e-05,5,200,ok,
c222,direct,irfft,complex128,8192,2,contiguous,,direct_irfft_complex128_8192_2_contiguous_,0.0487680599326,0.0484563747887,0.00012313015759,5,200,ok,
c222,direct,irfft,complex128,8192,4,contiguous,,direct_irfft_complex128_8192_4_contiguous_,0.0839816097869,0.0838058296358,0.000175780151039,5,200,ok,
c222,direct,irfft,complex128,8192,8,contiguous,,direct_irfft_complex128_8192_8_contiguous_,0.155263317771,0.154430682901,0.000440743896215,5,129,ok,
c222,direct,irfft,complex128,8192,16,contiguous,,direct_irfft_complex128_8192_16_contiguous_,0.296274700668,0.295382551849,0.000892148818821,5,20,ok,
c222,direct,irfft,complex128,8192,32,contiguous,,direct_irfft_complex128_8192_32_contiguous_,0.583878753241,0.579247099813,0.00163049553521,5,20,ok,
c222,direct,irfft,complex128,8192,64,contiguous,,direct_irfft_complex128_8192_64_contiguous_,1.17540570209,1.17138269707,0.00402300502174,5,20,ok,
c222,direct,irfft,complex128,8192,256,contiguous,,direct_irfft_complex128_8192_256_contiguous_,4.72062639892,4.69117939938,0.0274913851172,5,5,ok,
c222,direct,irfft,complex128,16384,1,contiguous,,direct_irfft_complex128_16384_1_contiguous_,0.0838909950107,0.0833167199744,0.000246010022238,5,200,ok,
c222,direct,irfft,complex128,16384,2,contiguous,,direct_irfft_complex128_16384_2_contiguous_,0.125215676345,0.124891480252,0.000127868120079,5,198,ok,
c222,direct,irfft,complex128,16384,4,contiguous,,direct_irfft_complex128_16384_4_contiguous_,0.234066121385,0.232308907173,0.000189046514717,5,107,ok,
c222,direct,irfft,complex128,16384,8,contiguous,,direct_irfft_complex128_16384_8_contiguous_,0.447260600049,0.444960349705,0.000425346661359,5,20,ok,
c222,direct,irfft,complex128,16384,16,contiguous,,direct_irfft_complex128_16384_16_contiguous_,0.87033159798,0.860480155097,0.000618147896603,5,20,ok,
c222,direct,irfft,complex128,16384,32,contiguous,,direct_irfft_complex128_16384_32_contiguous_,1.72522685025,1.70943284757,0.0157940026838,5,20,ok,
c222,direct,irfft,complex128,16384,64,contiguous,,direct_irfft_complex128_16384_64_contiguous_,3.3948723382,3.38881766786,0.00605467034297,5,9,ok,
c222,direct,irfft,complex128,16384,256,contiguous,,direct_irfft_complex128_16384_256_contiguous_,15.836430015,15.8268620144,0.00956800067797,5,2,ok,
c222,direct,irfft,complex128,32768,1,contiguous,,direct_irfft_complex128_32768_1_contiguous_,0.224166878316,0.223801533309,0.000365345007696,5,107,ok,
c222,direct,irfft,complex128,32768,2,contiguous,,direct_irfft_complex128_32768_2_contiguous_,0.262386375858,0.262057709117,0.000328666740848,5,93,ok,
c222,direct,irfft,complex128,32768,4,contiguous,,direct_irfft_complex128_32768_4_contiguous_,0.512825051555,0.511352799367,0.00126689556055,5,20,ok,
c222,direct,irfft,complex128,32768,8,contiguous,,direct_irfft_complex128_32768_8_contiguous_,1.01423580199,1.01134789875,0.000677799107507,5,20,ok,
c222,direct,irfft,complex128,32768,16,contiguous,,direct_irfft_complex128_32768_16_contiguous_,2.02024282258,2.01922970797,0.00101311461014,5,17,ok,
c222,direct,irfft,complex128,32768,32,contiguous,,direct_irfft_complex128_32768_32_contiguous_,4.04421387066,4.02656849474,0.00408761843573,5,8,ok,
c222,direct,irfft,complex128,32768,64,contiguous,,direct_irfft_complex128_32768_64_contiguous_,8.19965801202,8.19843824138,0.00121977063827,5,4,ok,
c222,direct,irfft,complex128,32768,256,contiguous,,direct_irfft_complex128_32768_256_contiguous_,36.4684440428,36.2971739378,0.0397840049118,5,1,ok,
c222,direct,irfft,complex128,65536,1,contiguous,,direct_irfft_complex128_65536_1_contiguous_,0.49932464511,0.497140540877,0.000814417338309,5,48,ok,
c222,direct,irfft,complex128,65536,2,contiguous,,direct_irfft_complex128_65536_2_contiguous_,0.550241401652,0.549311202485,0.000670296140015,5,20,ok,
c222,direct,irfft,complex128,65536,4,contiguous,,direct_irfft_complex128_65536_4_contiguous_,1.08189214952,1.08052059659,0.000697252107784,5,20,ok,
c222,direct,irfft,complex128,65536,8,contiguous,,direct_irfft_complex128_65536_8_contiguous_,2.18901867047,2.18414826474,0.00476220156997,5,15,ok,
c222,direct,irfft,complex128,65536,16,contiguous,,direct_irfft_complex128_65536_16_contiguous_,4.37810343491,4.36920672655,0.00844298795398,5,7,ok,
c222,direct,irfft,complex128,65536,32,contiguous,,direct_irfft_complex128_65536_32_contiguous_,8.94886266906,8.89193969003,0.048800992469,5,3,ok,
c222,direct,irfft,complex128,65536,64,contiguous,,direct_irfft_complex128_65536_64_contiguous_,20.0036109891,19.7882390348,0.0949880341068,5,1,ok,
c222,direct,irfft,complex128,65536,256,contiguous,,direct_irfft_complex128_65536_256_contiguous_,79.5638320269,78.4837249666,0.330556998961,5,1,ok,
c222,layout,fft,complex64,1024,1,reverse,,layout_fft_complex64_1024_1_reverse_,0.0132256487812,0.0131972007912,2.5707774958e-05,7,797,ok,
c222,layout,fft,complex64,1024,1,stride2,,layout_fft_complex64_1024_1_stride2_,0.0133481107325,0.01332243051,2.5680222497e-05,7,957,ok,
c222,layout,fft,complex64,1024,1,transpose,,layout_fft_complex64_1024_1_transpose_,0.0134411447699,0.0134026025732,3.5486593307e-05,7,974,ok,
c222,layout,fft,complex64,1024,1,fortran,,layout_fft_complex64_1024_1_fortran_,0.0131942858723,0.0131856109486,5.83181893924e-06,7,969,ok,
c222,layout,fft,complex64,1024,8,reverse,,layout_fft_complex64_1024_8_reverse_,0.0451154401526,0.0450074352557,0.000108004896902,7,200,ok,
c222,layout,fft,complex64,1024,8,stride2,,layout_fft_complex64_1024_8_stride2_,0.0455178949051,0.0454363902099,4.52896347269e-05,7,200,ok,
c222,layout,fft,complex64,1024,8,transpose,,layout_fft_complex64_1024_8_transpose_,0.0498821400106,0.0496419402771,8.43597808853e-05,7,200,ok,
c222,layout,fft,complex64,1024,8,fortran,,layout_fft_complex64_1024_8_fortran_,0.0502477749251,0.049945510109,0.000114759895951,7,200,ok,
c222,layout,fft,complex64,1024,64,reverse,,layout_fft_complex64_1024_64_reverse_,0.287483334042,0.286437701323,0.00104563271937,7,84,ok,
c222,layout,fft,complex64,1024,64,stride2,,layout_fft_complex64_1024_64_stride2_,0.302094378805,0.299911060596,0.00180957563729,7,66,ok,
c222,layout,fft,complex64,1024,64,transpose,,layout_fft_complex64_1024_64_transpose_,0.395576049003,0.393892257219,0.00168379178391,7,62,ok,
c222,layout,fft,complex64,1024,64,fortran,,layout_fft_complex64_1024_64_fortran_,0.391483046336,0.390860460891,0.000622585445406,7,63,ok,
c222,layout,fft,complex64,4096,1,reverse,,layout_fft_complex64_4096_1_reverse_,0.0403728565002,0.0398629436562,0.000209039406788,7,356,ok,
c222,layout,fft,complex64,4096,1,stride2,,layout_fft_complex64_4096_1_stride2_,0.0409249226609,0.0406540029821,0.000270919678784,7,362,ok,
c222,layout,fft,complex64,4096,1,transpose,,layout_fft_complex64_4096_1_transpose_,0.0427028697436,0.0423330089667,0.000327769060724,7,338,ok,
c222,layout,fft,complex64,4096,1,fortran,,layout_fft_complex64_4096_1_fortran_,0.0418229298284,0.0405578414535,0.000536926923718,7,341,ok,
c222,layout,fft,complex64,4096,8,reverse,,layout_fft_complex64_4096_8_reverse_,0.19360751691,0.191241916135,0.00141892321723,7,118,ok,
c222,layout,fft,complex64,4096,8,stride2,,layout_fft_complex64_4096_8_stride2_,0.193701838501,0.192738115752,0.000463562229505,7,130,ok,
c222,layout,fft,complex64,4096,8,transpose,,layout_fft_complex64_4096_8_transpose_,0.212514149726,0.211336468635,0.000690751857396,7,113,ok,
c222,layout,fft,complex64,4096,8,fortran,,layout_fft_complex64_4096_8_fortran_,0.203948825875,0.202357429388,0.000653445936185,7,121,ok,
c222,layout,fft,complex64,4096,64,reverse,,layout_fft_complex64_4096_64_reverse_,1.33661020081,1.33030095021,0.00258130021393,7,20,ok,
c222,layout,fft,complex64,4096,64,stride2,,layout_fft_complex64_4096_64_stride2_,1.40487169847,1.40072794748,0.00258379732259,7,20,ok,
c222,layout,fft,complex64,4096,64,transpose,,layout_fft_complex64_4096_64_transpose_,1.85086705541,1.84227988615,0.00429027325784,7,18,ok,
c222,layout,fft,complex64,4096,64,fortran,,layout_fft_complex64_4096_64_fortran_,1.83283338427,1.81843094631,0.00301450361601,7,18,ok,
c222,layout,fft,complex64,65536,1,reverse,,layout_fft_complex64_65536_1_reverse_,0.970025639981,0.96472571604,0.00529992394149,5,25,ok,
c222,layout,fft,complex64,65536,1,stride2,,layout_fft_complex64_65536_1_stride2_,0.998971537532,0.992656830931,0.00138758817532,5,24,ok,
c222,layout,fft,complex64,65536,1,transpose,,layout_fft_complex64_65536_1_transpose_,1.00453108219,0.994506961433,0.00639862264507,5,24,ok,
c222,layout,fft,complex64,65536,1,fortran,,layout_fft_complex64_65536_1_fortran_,0.971304839477,0.968465921469,0.00283891800791,5,25,ok,
c222,layout,fft,complex64,65536,8,reverse,,layout_fft_complex64_65536_8_reverse_,7.86175724352,7.85071900464,0.00475897104479,5,4,ok,
c222,layout,fft,complex64,65536,8,stride2,,layout_fft_complex64_65536_8_stride2_,8.08204850182,7.99869274488,0.0739052484278,5,4,ok,
c222,layout,fft,complex64,65536,8,transpose,,layout_fft_complex64_65536_8_transpose_,8.30759952078,8.23324575322,0.0469427905045,5,4,ok,
c222,layout,fft,complex64,65536,8,fortran,,layout_fft_complex64_65536_8_fortran_,8.60922524589,8.53685999755,0.0154762528837,5,4,ok,
c222,layout,fft,complex64,65536,64,reverse,,layout_fft_complex64_65536_64_reverse_,77.3433760041,76.9525170326,0.288448994979,5,1,ok,
c222,layout,fft,complex64,65536,64,stride2,,layout_fft_complex64_65536_64_stride2_,77.4398960639,76.3811490033,0.41637790855,5,1,ok,
c222,layout,fft,complex64,65536,64,transpose,,layout_fft_complex64_65536_64_transpose_,95.9318049718,94.9948660564,0.349752954207,5,1,ok,
c222,layout,fft,complex64,65536,64,fortran,,layout_fft_complex64_65536_64_fortran_,95.4521390377,94.5404359372,0.448307022452,5,1,ok,
c222,staged,fft,complex64,1024,1,contiguous,pad,staged_fft_complex64_1024_1_contiguous_pad,0.0118126330212,0.0116645398254,3.06231665638e-05,7,902,ok,
c222,staged,fft,complex64,1024,1,contiguous,truncate,staged_fft_complex64_1024_1_contiguous_truncate,0.0136301985075,0.013446830802,6.15966674567e-05,7,952,ok,
c222,staged,fft,complex64,1024,8,contiguous,pad,staged_fft_complex64_1024_8_contiguous_pad,0.058833155199,0.0583915796597,0.00011320982594,7,200,ok,
c222,staged,fft,complex64,1024,8,contiguous,truncate,staged_fft_complex64_1024_8_contiguous_truncate,0.0476936553605,0.0472086999798,0.000195315224119,7,200,ok,
c222,staged,fft,complex64,1024,64,contiguous,pad,staged_fft_complex64_1024_64_contiguous_pad,0.429252736483,0.426607088006,0.000696210599129,7,57,ok,
c222,staged,fft,complex64,1024,64,contiguous,truncate,staged_fft_complex64_1024_64_contiguous_truncate,0.302288466581,0.300089674458,0.00131075488186,7,77,ok,
c222,staged,fft,complex64,1024,256,contiguous,pad,staged_fft_complex64_1024_256_contiguous_pad,1.71412465279,1.68412409839,0.0300005543977,7,20,ok,
c222,staged,fft,complex64,1024,256,contiguous,truncate,staged_fft_complex64_1024_256_contiguous_truncate,1.20443094638,1.20191775495,0.0025131914299,7,20,ok,
c222,staged,fft,complex64,4096,1,contiguous,pad,staged_fft_complex64_4096_1_contiguous_pad,0.0382994565911,0.0381103487106,0.0001891078805,7,370,ok,
c222,staged,fft,complex64,4096,1,contiguous,truncate,staged_fft_complex64_4096_1_contiguous_truncate,0.0421573020263,0.0411195615702,0.000888118212867,7,212,ok,
c222,staged,fft,complex64,4096,8,contiguous,pad,staged_fft_complex64_4096_8_contiguous_pad,0.246406790102,0.243840999901,0.00203909934498,7,100,ok,
c222,staged,fft,complex64,4096,8,contiguous,truncate,staged_fft_complex64_4096_8_contiguous_truncate,0.199347016084,0.193347438897,0.00599957718627,7,123,ok,
c222,staged,fft,complex64,4096,64,contiguous,pad,staged_fft_complex64_4096_64_contiguous_pad,1.96908669022,1.93627981207,0.0211826263694,7,16,ok,
c222,staged,fft,complex64,4096,64,contiguous,truncate,staged_fft_complex64_4096_64_contiguous_truncate,1.45689034835,1.42429294647,0.0154663517606,7,20,ok,
c222,staged,fft,complex64,4096,256,contiguous,pad,staged_fft_complex64_4096_256_contiguous_pad,8.9057823255,8.8475769929,0.058205332607,7,3,ok,
c222,staged,fft,complex64,4096,256,contiguous,truncate,staged_fft_complex64_4096_256_contiguous_truncate,9.9109923467,9.56064501467,0.214500663181,7,3,ok,
c222,staged,fft,complex64,4097,1,contiguous,pad,staged_fft_complex64_4097_1_contiguous_pad,0.12220908253,0.121814522085,0.000282433210237,5,157,ok,
c222,staged,fft,complex64,4097,1,contiguous,truncate,staged_fft_complex64_4097_1_contiguous_truncate,0.121020794942,0.120539743549,0.000160548668832,5,195,ok,
c222,staged,fft,complex64,4097,8,contiguous,pad,staged_fft_complex64_4097_8_contiguous_pad,0.930445480022,0.922503626767,0.00297370435739,5,27,ok,
c222,staged,fft,complex64,4097,8,contiguous,truncate,staged_fft_complex64_4097_8_contiguous_truncate,0.740791656426,0.737942282285,0.00284937414108,5,32,ok,
c222,staged,fft,complex64,4097,64,contiguous,pad,staged_fft_complex64_4097_64_contiguous_pad,7.49229948269,7.42867824738,0.0317847589031,5,4,ok,
c222,staged,fft,complex64,4097,64,contiguous,truncate,staged_fft_complex64_4097_64_contiguous_truncate,5.93741240446,5.84312621504,0.0645545776933,5,5,ok,
c222,staged,fft,complex64,4097,256,contiguous,pad,staged_fft_complex64_4097_256_contiguous_pad,30.0578949973,29.9462459516,0.111649045721,5,1,ok,
c222,staged,fft,complex64,4097,256,contiguous,truncate,staged_fft_complex64_4097_256_contiguous_truncate,27.6227680733,26.8508959562,0.33905194141,5,1,ok,
c222,staged,fft,complex64,8192,1,contiguous,pad,staged_fft_complex64_8192_1_contiguous_pad,0.0744658947224,0.0737010146258,0.000218260101974,5,200,ok,
c222,staged,fft,complex64,8192,1,contiguous,truncate,staged_fft_complex64_8192_1_contiguous_truncate,0.0816811149707,0.0807577947853,0.000271105091088,5,200,ok,
c222,staged,fft,complex64,8192,8,contiguous,pad,staged_fft_complex64_8192_8_contiguous_pad,0.53966116041,0.533512465894,0.00180846599992,5,43,ok,
c222,staged,fft,complex64,8192,8,contiguous,truncate,staged_fft_complex64_8192_8_contiguous_truncate,0.439899270602,0.438833056251,0.000814978892987,5,52,ok,
c222,staged,fft,complex64,8192,64,contiguous,pad,staged_fft_complex64_8192_64_contiguous_pad,4.29420685396,4.25336484997,0.0210108534832,5,7,ok,
c222,staged,fft,complex64,8192,64,contiguous,truncate,staged_fft_complex64_8192_64_contiguous_truncate,4.18997988163,4.14369837381,0.0293021148536,5,8,ok,
c222,staged,fft,complex64,8192,256,contiguous,pad,staged_fft_complex64_8192_256_contiguous_pad,21.2742428994,21.0811230354,0.182189862244,5,1,ok,
c222,staged,fft,complex64,8192,256,contiguous,truncate,staged_fft_complex64_8192_256_contiguous_truncate,22.9203669587,22.8988669114,0.0215000472963,5,1,ok,
c222,layout,fft,complex128,1024,1,reverse,,layout_fft_complex128_1024_1_reverse_,0.0116859147715,0.0116326152457,2.03286492314e-05,7,928,ok,
c222,layout,fft,complex128,1024,1,stride2,,layout_fft_complex128_1024_1_stride2_,0.0119266090845,0.0118347600141,9.1849070395e-05,7,1067,ok,
c222,layout,fft,complex128,1024,1,transpose,,layout_fft_complex128_1024_1_transpose_,0.0118232504123,0.011799122963,2.41274492593e-05,7,1090,ok,
c222,layout,fft,complex128,1024,1,fortran,,layout_fft_complex128_1024_1_fortran_,0.0117472567669,0.0116886225969,5.86341699995e-05,7,1118,ok,
c222,layout,fft,complex128,1024,8,reverse,,layout_fft_complex128_1024_8_reverse_,0.0396031996934,0.0392972247209,0.000140010379255,7,200,ok,
c222,layout,fft,complex128,1024,8,stride2,,layout_fft_complex128_1024_8_stride2_,0.040445170016,0.0402161950478,7.98498513177e-05,7,200,ok,
c222,layout,fft,complex128,1024,8,transpose,,layout_fft_complex128_1024_8_transpose_,0.0427529797889,0.0426084600622,7.34854256734e-05,7,200,ok,
c222,layout,fft,complex128,1024,8,fortran,,layout_fft_complex128_1024_8_fortran_,0.0427885947283,0.0426365603926,3.80200799555e-05,7,200,ok,
c222,layout,fft,complex128,1024,64,reverse,,layout_fft_complex128_1024_64_reverse_,0.253765484961,0.252667762886,0.00109772207503,7,97,ok,
c222,layout,fft,complex128,1024,64,stride2,,layout_fft_complex128_1024_64_stride2_,0.255950988503,0.253813477519,0.000636420075104,7,88,ok,
c222,layout,fft,complex128,1024,64,transpose,,layout_fft_complex128_1024_64_transpose_,0.345669056211,0.33291093132,0.00217419356987,7,72,ok,
c222,layout,fft,complex128,1024,64,fortran,,layout_fft_complex128_1024_64_fortran_,0.327024602472,0.317239205748,0.00861938404914,7,73,ok,
c222,layout,fft,complex128,4096,1,reverse,,layout_fft_complex128_4096_1_reverse_,0.0362942255593,0.0362186796543,2.65329157117e-05,7,381,ok,
c222,layout,fft,complex128,4096,1,stride2,,layout_fft_complex128_4096_1_stride2_,0.0371229245219,0.0369463118954,0.000138831167639,7,385,ok,
c222,layout,fft,complex128,4096,1,transpose,,layout_fft_complex128_4096_1_transpose_,0.0364491016943,0.0362924964264,5.58802431435e-05,7,393,ok,
c222,layout,fft,complex128,4096,1,fortran,,layout_fft_complex128_4096_1_fortran_,0.0364983769663,0.0361289923201,8.25905283192e-05,7,398,ok,
c222,layout,fft,complex128,4096,8,reverse,,layout_fft_complex128_4096_8_reverse_,0.166522830882,0.1655430492,0.000510887000185,7,142,ok,
c222,layout,fft,complex128,4096,8,stride2,,layout_fft_complex128_4096_8_stride2_,0.170578228588,0.169078062754,0.00125532743469,7,144,ok,
c222,layout,fft,complex128,4096,8,transpose,,layout_fft_complex128_4096_8_transpose_,0.186564191245,0.185477658912,0.000380466614539,7,120,ok,
c222,layout,fft,complex128,4096,8,fortran,,layout_fft_complex128_4096_8_fortran_,0.187816992575,0.187280733587,0.000237918424386,7,135,ok,
c222,layout,fft,complex128,4096,64,reverse,,layout_fft_complex128_4096_64_reverse_,1.19011015049,1.18770070258,0.00146370148286,7,20,ok,
c222,layout,fft,complex128,4096,64,stride2,,layout_fft_complex128_4096_64_stride2_,1.22243104852,1.21558125247,0.00166959944181,7,20,ok,
c222,layout,fft,complex128,4096,64,transpose,,layout_fft_complex128_4096_64_transpose_,1.56435149838,1.54369040392,0.0071257527452,7,20,ok,
c222,layout,fft,complex128,4096,64,fortran,,layout_fft_complex128_4096_64_fortran_,1.5344962012,1.4858759474,0.0335962511599,7,20,ok,
c222,layout,fft,complex128,65536,1,reverse,,layout_fft_complex128_65536_1_reverse_,0.938397737358,0.929974222176,0.00387837213499,5,27,ok,
c222,layout,fft,complex128,65536,1,stride2,,layout_fft_complex128_65536_1_stride2_,0.931085844059,0.92560253912,0.00548330493844,5,26,ok,
c222,layout,fft,complex128,65536,1,transpose,,layout_fft_complex128_65536_1_transpose_,0.919817884166,0.917336728889,0.00248115527659,5,26,ok,
c222,layout,fft,complex128,65536,1,fortran,,layout_fft_complex128_65536_1_fortran_,0.936778002562,0.927985041366,0.00638499533614,5,26,ok,
c222,layout,fft,complex128,65536,8,reverse,,layout_fft_complex128_65536_8_reverse_,7.59645926883,7.59027522872,0.00618404010311,5,4,ok,
c222,layout,fft,complex128,65536,8,stride2,,layout_fft_complex128_65536_8_stride2_,7.80097374809,7.75279125082,0.003927241778,5,4,ok,
c222,layout,fft,complex128,65536,8,transpose,,layout_fft_complex128_65536_8_transpose_,7.79968348797,7.66451374511,0.0281349930447,5,4,ok,
c222,layout,fft,complex128,65536,8,fortran,,layout_fft_complex128_65536_8_fortran_,8.27939950977,8.08980298461,0.189596525161,5,4,ok,
c222,layout,fft,complex128,65536,64,reverse,,layout_fft_complex128_65536_64_reverse_,65.4788520187,64.9011640344,0.351857976057,5,1,ok,
c222,layout,fft,complex128,65536,64,stride2,,layout_fft_complex128_65536_64_stride2_,68.2129879715,67.7461959422,0.247762887739,5,1,ok,
c222,layout,fft,complex128,65536,64,transpose,,layout_fft_complex128_65536_64_transpose_,90.4719099635,89.7056299727,0.568531919271,5,1,ok,
c222,layout,fft,complex128,65536,64,fortran,,layout_fft_complex128_65536_64_fortran_,89.5434370032,89.1594290733,0.384007929824,5,1,ok,
c222,staged,fft,complex128,1024,1,contiguous,pad,staged_fft_complex128_1024_1_contiguous_pad,0.0104801701498,0.0103557991874,1.79876140666e-05,7,1046,ok,
c222,staged,fft,complex128,1024,1,contiguous,truncate,staged_fft_complex128_1024_1_contiguous_truncate,0.0119878026667,0.0119656053236,2.2197343029e-05,7,1039,ok,
c222,staged,fft,complex128,1024,8,contiguous,pad,staged_fft_complex128_1024_8_contiguous_pad,0.0544074899517,0.053230295307,0.000516864820383,7,200,ok,
c222,staged,fft,complex128,1024,8,contiguous,truncate,staged_fft_complex128_1024_8_contiguous_truncate,0.0398195552407,0.0396478845505,0.000133754801936,7,200,ok,
c222,staged,fft,complex128,1024,64,contiguous,pad,staged_fft_complex128_1024_64_contiguous_pad,0.399530426309,0.398934231002,0.000361162314161,7,61,ok,
c222,staged,fft,complex128,1024,64,contiguous,truncate,staged_fft_complex128_1024_64_contiguous_truncate,0.252492878718,0.250395009943,0.000565616188176,7,99,ok,
c222,staged,fft,complex128,1024,256,contiguous,pad,staged_fft_complex128_1024_256_contiguous_pad,1.58046105062,1.55489579774,0.0161216012202,7,20,ok,
c222,staged,fft,complex128,1024,256,contiguous,truncate,staged_fft_complex128_1024_256_contiguous_truncate,0.982446904527,0.975819048472,0.00119670294225,7,20,ok,
c222,staged,fft,complex128,4096,1,contiguous,pad,staged_fft_complex128_4096_1_contiguous_pad,0.0344325829854,0.0343127614917,3.6122972361e-05,7,398,ok,
c222,staged,fft,complex128,4096,1,contiguous,truncate,staged_fft_complex128_4096_1_contiguous_truncate,0.0364843495214,0.0363003800514,0.000133030639239,7,392,ok,
c222,staged,fft,complex128,4096,8,contiguous,pad,staged_fft_complex128_4096_8_contiguous_pad,0.231155406828,0.230305951351,0.000512312184477,7,103,ok,
c222,staged,fft,complex128,4096,8,contiguous,truncate,staged_fft_complex128_4096_8_contiguous_truncate,0.165455125266,0.16376855293,0.000543315668198,7,152,ok,
c222,staged,fft,complex128,4096,64,contiguous,pad,staged_fft_complex128_4096_64_contiguous_pad,1.8001378889,1.79333466804,0.00384772041192,7,18,ok,
c222,staged,fft,complex128,4096,64,contiguous,truncate,staged_fft_complex128_4096_64_contiguous_truncate,1.19098330033,1.18744369829,0.000539497705176,7,20,ok,
c222,staged,fft,complex128,4096,256,contiguous,pad,staged_fft_complex128_4096_256_contiguous_pad,7.52899824874,7.42361901212,0.0827795010991,7,4,ok,
c222,staged,fft,complex128,4096,256,contiguous,truncate,staged_fft_complex128_4096_256_contiguous_truncate,5.07168667779,5.03074517474,0.0295120213802,7,6,ok,
c222,staged,fft,complex128,4097,1,contiguous,pad,staged_fft_complex128_4097_1_contiguous_pad,0.117623010197,0.117563308241,5.97019560444e-05,5,195,ok,
c222,staged,fft,complex128,4097,1,contiguous,truncate,staged_fft_complex128_4097_1_contiguous_truncate,0.114492829889,0.114213759662,0.000279070227407,5,200,ok,
c222,staged,fft,complex128,4097,8,contiguous,pad,staged_fft_complex128_4097_8_contiguous_pad,0.895136186888,0.89276662631,0.00129429261304,5,27,ok,
c222,staged,fft,complex128,4097,8,contiguous,truncate,staged_fft_complex128_4097_8_contiguous_truncate,0.698383144267,0.696657588432,0.00035685404916,5,34,ok,
c222,staged,fft,complex128,4097,64,contiguous,pad,staged_fft_complex128_4097_64_contiguous_pad,7.14032250107,7.11690625758,0.0234162434936,5,4,ok,
c222,staged,fft,complex128,4097,64,contiguous,truncate,staged_fft_complex128_4097_64_contiguous_truncate,5.46758749988,5.4559824833,0.0116050165767,5,6,ok,
c222,staged,fft,complex128,4097,256,contiguous,pad,staged_fft_complex128_4097_256_contiguous_pad,29.2624589056,29.1418039706,0.114282942377,5,1,ok,
c222,staged,fft,complex128,4097,256,contiguous,truncate,staged_fft_complex128_4097_256_contiguous_truncate,22.2256999696,22.0991439419,0.0726860016584,5,1,ok,
c222,staged,fft,complex128,8192,1,contiguous,pad,staged_fft_complex128_8192_1_contiguous_pad,0.0742932700086,0.0740020751255,0.000123429927044,5,200,ok,
c222,staged,fft,complex128,8192,1,contiguous,truncate,staged_fft_complex128_8192_1_contiguous_truncate,0.073953489773,0.0736289803172,0.000262944959104,5,200,ok,
c222,staged,fft,complex128,8192,8,contiguous,pad,staged_fft_complex128_8192_8_contiguous_pad,0.539532756536,0.536581022768,0.000846911118262,5,45,ok,
c222,staged,fft,complex128,8192,8,contiguous,truncate,staged_fft_complex128_8192_8_contiguous_truncate,0.398076338678,0.395547728828,0.00252860985002,5,59,ok,
c222,staged,fft,complex128,8192,64,contiguous,pad,staged_fft_complex128_8192_64_contiguous_pad,4.28351685072,4.26909843061,0.0125191374017,5,7,ok,
c222,staged,fft,complex128,8192,64,contiguous,truncate,staged_fft_complex128_8192_64_contiguous_truncate,3.09596279403,3.03415840026,0.0124352052808,5,10,ok,
c222,staged,fft,complex128,8192,256,contiguous,pad,staged_fft_complex128_8192_256_contiguous_pad,18.4689459857,17.9142690031,0.20465196576,5,1,ok,
c222,staged,fft,complex128,8192,256,contiguous,truncate,staged_fft_complex128_8192_256_contiguous_truncate,14.2913050367,14.1217430355,0.119612959679,5,2,ok,
c222,layout,ifft,complex64,1024,1,reverse,,layout_ifft_complex64_1024_1_reverse_,0.0137366226997,0.0136785376266,4.18038664411e-05,7,811,ok,
c222,layout,ifft,complex64,1024,1,stride2,,layout_ifft_complex64_1024_1_stride2_,0.0136232695658,0.0135788096707,2.21870442068e-05,7,909,ok,
c222,layout,ifft,complex64,1024,1,transpose,,layout_ifft_complex64_1024_1_transpose_,0.0138903551647,0.0138382741154,4.28211805819e-05,7,912,ok,
c222,layout,ifft,complex64,1024,1,fortran,,layout_ifft_complex64_1024_1_fortran_,0.0137474398876,0.0137046663752,2.30257515296e-05,7,932,ok,
c222,layout,ifft,complex64,1024,8,reverse,,layout_ifft_complex64_1024_8_reverse_,0.0431577349082,0.0430118601071,6.52699964121e-05,7,200,ok,
c222,layout,ifft,complex64,1024,8,stride2,,layout_ifft_complex64_1024_8_stride2_,0.0441395147936,0.0440877705114,5.17442822456e-05,7,200,ok,
c222,layout,ifft,complex64,1024,8,transpose,,layout_ifft_complex64_1024_8_transpose_,0.0438211701112,0.043641384691,4.79898881167e-05,7,200,ok,
c222,layout,ifft,complex64,1024,8,fortran,,layout_ifft_complex64_1024_8_fortran_,0.0431048846804,0.042946440517,7.74447107688e-05,7,200,ok,
c222,layout,ifft,complex64,1024,64,reverse,,layout_ifft_complex64_1024_64_reverse_,0.277581829736,0.276179886317,0.00140194341921,7,88,ok,
c222,layout,ifft,complex64,1024,64,stride2,,layout_ifft_complex64_1024_64_stride2_,0.277170829411,0.276060579133,0.000513693190772,7,88,ok,
c222,layout,ifft,complex64,1024,64,transpose,,layout_ifft_complex64_1024_64_transpose_,0.285435788443,0.283604493255,0.000287600628593,7,85,ok,
c222,layout,ifft,complex64,1024,64,fortran,,layout_ifft_complex64_1024_64_fortran_,0.284952642771,0.283535286228,0.00138868893572,7,87,ok,
c222,layout,ifft,complex64,4096,1,reverse,,layout_ifft_complex64_4096_1_reverse_,0.0389871391712,0.0388072431469,7.81200882149e-05,7,366,ok,
c222,layout,ifft,complex64,4096,1,stride2,,layout_ifft_complex64_4096_1_stride2_,0.0390082761859,0.0388007292962,0.000130079490708,7,366,ok,
c222,layout,ifft,complex64,4096,1,transpose,,layout_ifft_complex64_4096_1_transpose_,0.0390220761208,0.0387981521983,0.000206826054795,7,368,ok,
c222,layout,ifft,complex64,4096,1,fortran,,layout_ifft_complex64_4096_1_fortran_,0.0387538951742,0.0384037232062,8.25966708362e-05,7,372,ok,
c222,layout,ifft,complex64,4096,8,reverse,,layout_ifft_complex64_4096_8_reverse_,0.170749220221,0.1655916598,0.000960593267034,7,150,ok,
c222,layout,ifft,complex64,4096,8,stride2,,layout_ifft_complex64_4096_8_stride2_,0.167005032611,0.16597904653,0.000104665911446,7,150,ok,
c222,layout,ifft,complex64,4096,8,transpose,,layout_ifft_complex64_4096_8_transpose_,0.167988838422,0.167241066869,0.000167093489744,7,149,ok,
c222,layout,ifft,complex64,4096,8,fortran,,layout_ifft_complex64_4096_8_fortran_,0.167747711819,0.167021463038,0.000407005935257,7,149,ok,
c222,layout,ifft,complex64,4096,64,reverse,,layout_ifft_complex64_4096_64_reverse_,1.17854260025,1.17355979746,0.00327914603986,7,20,ok,
c222,layout,ifft,complex64,4096,64,stride2,,layout_ifft_complex64_4096_64_stride2_,1.18261519819,1.17881509941,0.00232685124502,7,20,ok,
c222,layout,ifft,complex64,4096,64,transpose,,layout_ifft_complex64_4096_64_transpose_,1.22575975256,1.21609420166,0.00795585219748,7,20,ok,
c222,layout,ifft,complex64,4096,64,fortran,,layout_ifft_complex64_4096_64_fortran_,1.21831835131,1.21300339815,0.00214700121433,7,20,ok,
c222,layout,ifft,complex64,65536,1,reverse,,layout_ifft_complex64_65536_1_reverse_,0.486987719778,0.483789739665,0.00108723994344,5,50,ok,
c222,layout,ifft,complex64,65536,1,stride2,,layout_ifft_complex64_65536_1_stride2_,0.497447633261,0.490211857939,0.00288842806631,5,49,ok,
c222,layout,ifft,complex64,65536,1,transpose,,layout_ifft_complex64_65536_1_transpose_,0.48792084186,0.487235080286,0.000685761573122,5,51,ok,
c222,layout,ifft,complex64,65536,1,fortran,,layout_ifft_complex64_65536_1_fortran_,0.487325855588,0.485284101902,0.00195773508476,5,49,ok,
c222,layout,ifft,complex64,65536,8,reverse,,layout_ifft_complex64_65536_8_reverse_,3.633310889,3.59708977501,0.0183875543169,5,9,ok,
c222,layout,ifft,complex64,65536,8,stride2,,layout_ifft_complex64_65536_8_stride2_,3.64957233736,3.62955155368,0.0161591192914,5,9,ok,
c222,layout,ifft,complex64,65536,8,transpose,,layout_ifft_complex64_65536_8_transpose_,3.56627667012,3.54807723003,0.0181994400918,5,9,ok,
c222,layout,ifft,complex64,65536,8,fortran,,layout_ifft_complex64_65536_8_fortran_,3.59684721722,3.57518788789,0.0216593293266,5,9,ok,
c222,layout,ifft,complex64,65536,64,reverse,,layout_ifft_complex64_65536_64_reverse_,30.8834760217,30.7771569351,0.0732271000743,5,1,ok,
c222,layout,ifft,complex64,65536,64,stride2,,layout_ifft_complex64_65536_64_stride2_,32.5984280789,32.1757690981,0.34192786552,5,1,ok,
c222,layout,ifft,complex64,65536,64,transpose,,layout_ifft_complex64_65536_64_transpose_,48.2081839582,47.3700199509,0.590050942264,5,1,ok,
c222,layout,ifft,complex64,65536,64,fortran,,layout_ifft_complex64_65536_64_fortran_,47.9934540344,47.7262850618,0.0968009699136,5,1,ok,
c222,staged,ifft,complex64,1024,1,contiguous,pad,staged_ifft_complex64_1024_1_contiguous_pad,0.0119438005628,0.0118678195503,4.81059083877e-05,7,887,ok,
c222,staged,ifft,complex64,1024,1,contiguous,truncate,staged_ifft_complex64_1024_1_contiguous_truncate,0.0136518872089,0.0135824248768,3.88783821989e-05,7,913,ok,
c222,staged,ifft,complex64,1024,8,contiguous,pad,staged_ifft_complex64_1024_8_contiguous_pad,0.0607321498683,0.0602972850902,0.000191504950635,7,200,ok,
c222,staged,ifft,complex64,1024,8,contiguous,truncate,staged_ifft_complex64_1024_8_contiguous_truncate,0.0438944099005,0.0434969650814,0.0003974448191,7,200,ok,
c222,staged,ifft,complex64,1024,64,contiguous,pad,staged_ifft_complex64_1024_64_contiguous_pad,0.447698963261,0.445970641625,0.00172735956269,7,53,ok,
c222,staged,ifft,complex64,1024,64,contiguous,truncate,staged_ifft_complex64_1024_64_contiguous_truncate,0.276882281223,0.276100820485,0.000781460738417,7,89,ok,
c222,staged,ifft,complex64,1024,256,contiguous,pad,staged_ifft_complex64_1024_256_contiguous_pad,1.77028494593,1.7619056284,0.00733316042706,7,19,ok,
c222,staged,ifft,complex64,1024,256,contiguous,truncate,staged_ifft_complex64_1024_256_contiguous_truncate,1.06963670114,1.06896195211,0.000674749026075,7,20,ok,
c222,staged,ifft,complex64,4096,1,contiguous,pad,staged_ifft_complex64_4096_1_contiguous_pad,0.0336880025926,0.0335650596147,4.47362072914e-05,7,402,ok,
c222,staged,ifft,complex64,4096,1,contiguous,truncate,staged_ifft_complex64_4096_1_contiguous_truncate,0.0385115220911,0.0383833809807,0.00012495866282,7,362,ok,
c222,staged,ifft,complex64,4096,8,contiguous,pad,staged_ifft_complex64_4096_8_contiguous_pad,0.228782636325,0.22552346345,0.00266570873051,7,110,ok,
c222,staged,ifft,complex64,4096,8,contiguous,truncate,staged_ifft_complex64_4096_8_contiguous_truncate,0.166003293513,0.165268859516,0.000472946558148,7,150,ok,
c222,staged,ifft,complex64,4096,64,contiguous,pad,staged_ifft_complex64_4096_64_contiguous_pad,1.76639294889,1.75226394602,0.00636078613369,7,19,ok,
c222,staged,ifft,complex64,4096,64,contiguous,truncate,staged_ifft_complex64_4096_64_contiguous_truncate,1.19349904708,1.18852620362,0.00427804770879,7,20,ok,
c222,staged,ifft,complex64,4096,256,contiguous,pad,staged_ifft_complex64_4096_256_contiguous_pad,7.05203524558,7.01972725801,0.0220087531488,7,4,ok,
c222,staged,ifft,complex64,4096,256,contiguous,truncate,staged_ifft_complex64_4096_256_contiguous_truncate,4.64577899714,4.63812171282,0.00599971307176,7,7,ok,
c222,staged,ifft,complex64,4097,1,contiguous,pad,staged_ifft_complex64_4097_1_contiguous_pad,0.151545808214,0.149838974912,0.000962845975372,5,162,ok,
c222,staged,ifft,complex64,4097,1,contiguous,truncate,staged_ifft_complex64_4097_1_contiguous_truncate,0.14805190188,0.14708494479,0.000697809865732,5,163,ok,
c222,staged,ifft,complex64,4097,8,contiguous,pad,staged_ifft_complex64_4097_8_contiguous_pad,1.13946999911,1.13598347664,0.00140548218042,5,21,ok,
c222,staged,ifft,complex64,4097,8,contiguous,truncate,staged_ifft_complex64_4097_8_contiguous_truncate,0.427058257628,0.426195274862,0.000156173161392,5,58,ok,
c222,staged,ifft,complex64,4097,64,contiguous,pad,staged_ifft_complex64_4097_64_contiguous_pad,9.06891364139,9.05467701765,0.0142366237318,5,3,ok,
c222,staged,ifft,complex64,4097,64,contiguous,truncate,staged_ifft_complex64_4097_64_contiguous_truncate,3.35509660654,3.34017989226,0.00491118989885,5,10,ok,
c222,staged,ifft,complex64,4097,256,contiguous,pad,staged_ifft_complex64_4097_256_contiguous_pad,36.6051500896,36.5318519762,0.0720950774848,5,1,ok,
c222,staged,ifft,complex64,4097,256,contiguous,truncate,staged_ifft_complex64_4097_256_contiguous_truncate,13.2180660148,13.1471185014,0.0645954860374,5,2,ok,
c222,staged,ifft,complex64,8192,1,contiguous,pad,staged_ifft_complex64_8192_1_contiguous_pad,0.0660003849771,0.0656240299577,0.000376355019398,5,200,ok,
c222,staged,ifft,complex64,8192,1,contiguous,truncate,staged_ifft_complex64_8192_1_contiguous_truncate,0.0730931799626,0.0722723448416,0.000820835120976,5,200,ok,
c222,staged,ifft,complex64,8192,8,contiguous,pad,staged_ifft_complex64_8192_8_contiguous_pad,0.463140812123,0.4617190933,0.00031020729539,5,53,ok,
c222,staged,ifft,complex64,8192,8,contiguous,truncate,staged_ifft_complex64_8192_8_contiguous_truncate,0.358918116784,0.357842148172,0.000663161592777,5,68,ok,
c222,staged,ifft,complex64,8192,64,contiguous,pad,staged_ifft_complex64_8192_64_contiguous_pad,3.63914721594,3.62965622399,0.00651557153712,5,9,ok,
c222,staged,ifft,complex64,8192,64,contiguous,truncate,staged_ifft_complex64_8192_64_contiguous_truncate,2.66032741638,2.65822933094,0.00198116564813,5,12,ok,
c222,staged,ifft,complex64,8192,256,contiguous,pad,staged_ifft_complex64_8192_256_contiguous_pad,14.8371040123,14.7915190319,0.0272709876299,5,2,ok,
c222,staged,ifft,complex64,8192,256,contiguous,truncate,staged_ifft_complex64_8192_256_contiguous_truncate,11.1547249835,11.1202303475,0.0188283544655,5,3,ok,
c222,layout,ifft,complex128,1024,1,reverse,,layout_ifft_complex128_1024_1_reverse_,0.012976659155,0.01291189613,1.30456841488e-05,7,877,ok,
c222,layout,ifft,complex128,1024,1,stride2,,layout_ifft_complex128_1024_1_stride2_,0.013243050968,0.0132113992239,2.41422143838e-05,7,942,ok,
c222,layout,ifft,complex128,1024,1,transpose,,layout_ifft_complex128_1024_1_transpose_,0.0131557133977,0.0131143614242,2.86839256658e-05,7,949,ok,
c222,layout,ifft,complex128,1024,1,fortran,,layout_ifft_complex128_1024_1_fortran_,0.0137998119818,0.0130351384701,0.0003347097057,7,989,ok,
c222,layout,ifft,complex128,1024,8,reverse,,layout_ifft_complex128_1024_8_reverse_,0.0440511998022,0.0435122498311,0.000538949971087,7,200,ok,
c222,layout,ifft,complex128,1024,8,stride2,,layout_ifft_complex128_1024_8_stride2_,0.0451442954363,0.0430446246173,0.00124767946545,7,200,ok,
c222,layout,ifft,complex128,1024,8,transpose,,layout_ifft_complex128_1024_8_transpose_,0.0462169502862,0.0453523301985,0.000770079786889,7,200,ok,
c222,layout,ifft,complex128,1024,8,fortran,,layout_ifft_complex128_1024_8_fortran_,0.0457865401404,0.0454829749651,0.000188599806279,7,200,ok,
c222,layout,ifft,complex128,1024,64,reverse,,layout_ifft_complex128_1024_64_reverse_,0.280765752729,0.274523773471,0.00624197925771,7,93,ok,
c222,layout,ifft,complex128,1024,64,stride2,,layout_ifft_complex128_1024_64_stride2_,0.280401202473,0.269529438483,0.00995049499017,7,89,ok,
c222,layout,ifft,complex128,1024,64,transpose,,layout_ifft_complex128_1024_64_transpose_,0.352066774755,0.348349537965,0.00126593843547,7,67,ok,
c222,layout,ifft,complex128,1024,64,fortran,,layout_ifft_complex128_1024_64_fortran_,0.354230088894,0.336796956082,0.00919333850855,7,68,ok,
c222,layout,ifft,complex128,4096,1,reverse,,layout_ifft_complex128_4096_1_reverse_,0.0395933077355,0.0389561834508,0.000587084441114,7,354,ok,
c222,layout,ifft,complex128,4096,1,stride2,,layout_ifft_complex128_4096_1_stride2_,0.0399075336,0.0393106618391,0.000299751568669,7,358,ok,
c222,layout,ifft,complex128,4096,1,transpose,,layout_ifft_complex128_4096_1_transpose_,0.0391642459989,0.0388154291161,0.000186494482895,7,366,ok,
c222,layout,ifft,complex128,4096,1,fortran,,layout_ifft_complex128_4096_1_fortran_,0.0390539410207,0.0387169302119,0.000148319050011,7,373,ok,
c222,layout,ifft,complex128,4096,8,reverse,,layout_ifft_complex128_4096_8_reverse_,0.176592093028,0.174619620832,0.000364971180846,7,140,ok,
c222,layout,ifft,complex128,4096,8,stride2,,layout_ifft_complex128_4096_8_stride2_,0.1788905432,0.177306209968,0.00158433323267,7,138,ok,
c222,layout,ifft,complex128,4096,8,transpose,,layout_ifft_complex128_4096_8_transpose_,0.199477343836,0.19791071448,0.00113220063641,7,119,ok,
c222,layout,ifft,complex128,4096,8,fortran,,layout_ifft_complex128_4096_8_fortran_,0.198681403476,0.197980336712,0.000701066763962,7,119,ok,
c222,layout,ifft,complex128,4096,64,reverse,,layout_ifft_complex128_4096_64_reverse_,1.25721400254,1.25107555068,0.00523974886164,7,20,ok,
c222,layout,ifft,complex128,4096,64,stride2,,layout_ifft_complex128_4096_64_stride2_,1.29428370274,1.2825618498,0.00221864902414,7,20,ok,
c222,layout,ifft,complex128,4096,64,transpose,,layout_ifft_complex128_4096_64_transpose_,1.63391939714,1.61813289742,0.0157864997163,7,20,ok,
c222,layout,ifft,complex128,4096,64,fortran,,layout_ifft_complex128_4096_64_fortran_,1.61342659849,1.56418465194,0.00786870368756,7,20,ok,
c222,layout,ifft,complex128,65536,1,reverse,,layout_ifft_complex128_65536_1_reverse_,0.991744198836,0.98412675783,0.00745391938835,5,25,ok,
c222,layout,ifft,complex128,65536,1,stride2,,layout_ifft_complex128_65536_1_stride2_,0.98774349802,0.971317829681,0.00290874838053,5,24,ok,
c222,layout,ifft,complex128,65536,1,transpose,,layout_ifft_complex128_65536_1_transpose_,0.956430681981,0.953233479522,0.00319720245898,5,25,ok,
c222,layout,ifft,complex128,65536,1,fortran,,layout_ifft_complex128_65536_1_fortran_,0.970577270401,0.969239385225,0.00133788517605,5,26,ok,
c222,layout,ifft,complex128,65536,8,reverse,,layout_ifft_complex128_65536_8_reverse_,7.95261672465,7.89564551087,0.0189002894331,5,4,ok,
c222,layout,ifft,complex128,65536,8,stride2,,layout_ifft_complex128_65536_8_stride2_,7.95115399524,7.88304925663,0.0205709948204,5,4,ok,
c222,layout,ifft,complex128,65536,8,transpose,,layout_ifft_complex128_65536_8_transpose_,8.04971798789,7.90927573689,0.0464242475573,5,4,ok,
c222,layout,ifft,complex128,65536,8,fortran,,layout_ifft_complex128_65536_8_fortran_,8.58058201266,8.48266898538,0.0470124941785,5,4,ok,
c222,layout,ifft,complex128,65536,64,reverse,,layout_ifft_complex128_65536_64_reverse_,67.9833289469,67.6158129936,0.367515953258,5,1,ok,
c222,layout,ifft,complex128,65536,64,stride2,,layout_ifft_complex128_65536_64_stride2_,68.1937210029,67.9903919809,0.145533005707,5,1,ok,
c222,layout,ifft,complex128,65536,64,transpose,,layout_ifft_complex128_65536_64_transpose_,91.2886649603,90.2028570417,0.321089988574,5,1,ok,
c222,layout,ifft,complex128,65536,64,fortran,,layout_ifft_complex128_65536_64_fortran_,90.4246619903,90.2151908958,0.209471094422,5,1,ok,
c222,staged,ifft,complex128,1024,1,contiguous,pad,staged_ifft_complex128_1024_1_contiguous_pad,0.011675767935,0.011622795619,2.82629387896e-05,7,905,ok,
c222,staged,ifft,complex128,1024,1,contiguous,truncate,staged_ifft_complex128_1024_1_contiguous_truncate,0.0131080978701,0.0130181322034,2.96619426606e-05,7,991,ok,
c222,staged,ifft,complex128,1024,8,contiguous,pad,staged_ifft_complex128_1024_8_contiguous_pad,0.0574284303002,0.0573375599924,9.03697218746e-05,7,200,ok,
c222,staged,ifft,complex128,1024,8,contiguous,truncate,staged_ifft_complex128_1024_8_contiguous_truncate,0.0419804349076,0.0418941752287,4.09304630011e-05,7,200,ok,
c222,staged,ifft,complex128,1024,64,contiguous,pad,staged_ifft_complex128_1024_64_contiguous_pad,0.415970271422,0.413087253869,0.000764321835743,7,59,ok,
c222,staged,ifft,complex128,1024,64,contiguous,truncate,staged_ifft_complex128_1024_64_contiguous_truncate,0.26594508474,0.265283638889,0.000430690867707,7,94,ok,
c222,staged,ifft,complex128,1024,256,contiguous,pad,staged_ifft_complex128_1024_256_contiguous_pad,1.65387960151,1.65328449802,0.000595103483647,7,20,ok,
c222,staged,ifft,complex128,1024,256,contiguous,truncate,staged_ifft_complex128_1024_256_contiguous_truncate,1.04238884524,1.03807179839,0.000804499723017,7,20,ok,
c222,staged,ifft,complex128,4096,1,contiguous,pad,staged_ifft_complex128_4096_1_contiguous_pad,0.0356660608401,0.0355889210264,4.61908152123e-05,7,393,ok,
c222,staged,ifft,complex128,4096,1,contiguous,truncate,staged_ifft_complex128_4096_1_contiguous_truncate,0.0389057197144,0.0388096899392,5.72506077286e-05,7,371,ok,
c222,staged,ifft,complex128,4096,8,contiguous,pad,staged_ifft_complex128_4096_8_contiguous_pad,0.233425570556,0.232910972402,0.000447849743068,7,107,ok,
c222,staged,ifft,complex128,4096,8,contiguous,truncate,staged_ifft_complex128_4096_8_contiguous_truncate,0.174571403905,0.173842471079,0.000687537762775,7,136,ok,
c222,staged,ifft,complex128,4096,64,contiguous,pad,staged_ifft_complex128_4096_64_contiguous_pad,1.80744433439,1.80180549958,0.00321488672247,7,18,ok,
c222,staged,ifft,complex128,4096,64,contiguous,truncate,staged_ifft_complex128_4096_64_contiguous_truncate,1.25475489767,1.24675700208,0.000863650348037,7,20,ok,
c222,staged,ifft,complex128,4096,256,contiguous,pad,staged_ifft_complex128_4096_256_contiguous_pad,7.81137050944,7.72876100382,0.00903202453628,7,4,ok,
c222,staged,ifft,complex128,4096,256,contiguous,truncate,staged_ifft_complex128_4096_256_contiguous_truncate,5.31947083073,5.27655416712,0.0211678173703,7,6,ok,
c222,staged,ifft,complex128,4097,1,contiguous,pad,staged_ifft_complex128_4097_1_contiguous_pad,0.118868864989,0.118511623645,0.000357241343623,5,178,ok,
c222,staged,ifft,complex128,4097,1,contiguous,truncate,staged_ifft_complex128_4097_1_contiguous_truncate,0.116585940123,0.11649817985,8.77602724358e-05,5,200,ok,
c222,staged,ifft,complex128,4097,8,contiguous,pad,staged_ifft_complex128_4097_8_contiguous_pad,0.894469446158,0.893954739526,0.000514706631226,5,27,ok,
c222,staged,ifft,complex128,4097,8,contiguous,truncate,staged_ifft_complex128_4097_8_contiguous_truncate,0.704475113058,0.702016514593,0.000336629870747,5,35,ok,
c222,staged,ifft,complex128,4097,64,contiguous,pad,staged_ifft_complex128_4097_64_contiguous_pad,7.17534299474,7.14738323586,0.00952024129219,5,4,ok,
c222,staged,ifft,complex128,4097,64,contiguous,truncate,staged_ifft_complex128_4097_64_contiguous_truncate,5.57833432686,5.54472149815,0.00663082270573,5,6,ok,
c222,staged,ifft,complex128,4097,256,contiguous,pad,staged_ifft_complex128_4097_256_contiguous_pad,29.0376399644,28.9381139446,0.0438620336354,5,1,ok,
c222,staged,ifft,complex128,4097,256,contiguous,truncate,staged_ifft_complex128_4097_256_contiguous_truncate,22.4915870931,22.463054047,0.0259290682152,5,1,ok,
c222,staged,ifft,complex128,8192,1,contiguous,pad,staged_ifft_complex128_8192_1_contiguous_pad,0.0745909754187,0.0743182195583,0.000248714932241,5,200,ok,
c222,staged,ifft,complex128,8192,1,contiguous,truncate,staged_ifft_complex128_8192_1_contiguous_truncate,0.0756009103497,0.0752579752589,6.26698601991e-05,5,200,ok,
c222,staged,ifft,complex128,8192,8,contiguous,pad,staged_ifft_complex128_8192_8_contiguous_pad,0.530875466454,0.530569356245,7.36883117093e-05,5,45,ok,
c222,staged,ifft,complex128,8192,8,contiguous,truncate,staged_ifft_complex128_8192_8_contiguous_truncate,0.403284849987,0.401226165316,0.000955616512025,5,60,ok,
c222,staged,ifft,complex128,8192,64,contiguous,pad,staged_ifft_complex128_8192_64_contiguous_pad,4.34142928238,4.30129272198,0.0396782997996,5,7,ok,
c222,staged,ifft,complex128,8192,64,contiguous,truncate,staged_ifft_complex128_8192_64_contiguous_truncate,3.12771610916,3.10721480055,0.0198661000468,5,10,ok,
c222,staged,ifft,complex128,8192,256,contiguous,pad,staged_ifft_complex128_8192_256_contiguous_pad,18.0187349906,17.8224379197,0.109012937173,5,1,ok,
c222,staged,ifft,complex128,8192,256,contiguous,truncate,staged_ifft_complex128_8192_256_contiguous_truncate,14.6929550101,14.6525744931,0.0403805170208,5,2,ok,
c222,layout,rfft,float32,1024,1,reverse,,layout_rfft_float32_1024_1_reverse_,0.00881325715095,0.0087790565571,1.48847528614e-05,7,972,ok,
c222,layout,rfft,float32,1024,1,stride2,,layout_rfft_float32_1024_1_stride2_,0.00878337549528,0.00875488660973,2.81821416953e-05,7,1438,ok,
c222,layout,rfft,float32,1024,1,transpose,,layout_rfft_float32_1024_1_transpose_,0.00899459013123,0.00897430229198,1.42689025255e-05,7,1320,ok,
c222,layout,rfft,float32,1024,1,fortran,,layout_rfft_float32_1024_1_fortran_,0.00867257005181,0.00864303236296,7.80091455607e-06,7,1391,ok,
c222,layout,rfft,float32,1024,8,reverse,,layout_rfft_float32_1024_8_reverse_,0.0206687947502,0.0205628952244,9.79343894869e-05,7,200,ok,
c222,layout,rfft,float32,1024,8,stride2,,layout_rfft_float32_1024_8_stride2_,0.0206255598459,0.0204498349922,0.000157644390129,7,200,ok,
c222,layout,rfft,float32,1024,8,transpose,,layout_rfft_float32_1024_8_transpose_,0.0212445197394,0.0211438303813,0.000100689358078,7,200,ok,
c222,layout,rfft,float32,1024,8,fortran,,layout_rfft_float32_1024_8_fortran_,0.021308339783,0.0211331102764,7.19347735867e-05,7,200,ok,
c222,layout,rfft,float32,1024,64,reverse,,layout_rfft_float32_1024_64_reverse_,0.11639903998,0.115461690002,0.000537754967809,7,200,ok,
c222,layout,rfft,float32,1024,64,stride2,,layout_rfft_float32_1024_64_stride2_,0.115791159915,0.115359249758,0.000337430392392,7,200,ok,
c222,layout,rfft,float32,1024,64,transpose,,layout_rfft_float32_1024_64_transpose_,0.158356199972,0.157165722621,0.000302051194012,7,155,ok,
c222,layout,rfft,float32,1024,64,fortran,,layout_rfft_float32_1024_64_fortran_,0.151441413852,0.150383203607,0.000608913215268,7,162,ok,
c222,layout,rfft,float32,4096,1,reverse,,layout_rfft_float32_4096_1_reverse_,0.0219524302671,0.0217546649356,0.000116106576337,7,618,ok,
c222,layout,rfft,float32,4096,1,stride2,,layout_rfft_float32_4096_1_stride2_,0.0223487292357,0.0213873082678,0.000466676930279,7,613,ok,
c222,layout,rfft,float32,4096,1,transpose,,layout_rfft_float32_4096_1_transpose_,0.0213835346805,0.0211946634747,0.000128000052331,7,621,ok,
c222,layout,rfft,float32,4096,1,fortran,,layout_rfft_float32_4096_1_fortran_,0.0211141120642,0.0208238590509,0.00020388327539,7,625,ok,
c222,layout,rfft,float32,4096,8,reverse,,layout_rfft_float32_4096_8_reverse_,0.0789351400454,0.0785237702075,0.000314534991048,7,200,ok,
c222,layout,rfft,float32,4096,8,stride2,,layout_rfft_float32_4096_8_stride2_,0.0789287750376,0.0784934149124,0.000226275296882,7,200,ok,
c222,layout,rfft,float32,4096,8,transpose,,layout_rfft_float32_4096_8_transpose_,0.0895586749539,0.0863692199346,0.00151392479893,7,200,ok,
c222,layout,rfft,float32,4096,8,fortran,,layout_rfft_float32_4096_8_fortran_,0.0868481601356,0.0855212350143,0.00132692512125,7,200,ok,
c222,layout,rfft,float32,4096,64,reverse,,layout_rfft_float32_4096_64_reverse_,0.568571151234,0.559679046273,0.000329647446051,7,20,ok,
c222,layout,rfft,float32,4096,64,stride2,,layout_rfft_float32_4096_64_stride2_,0.557892699726,0.550397200277,0.00749549944885,7,20,ok,
c222,layout,rfft,float32,4096,64,transpose,,layout_rfft_float32_4096_64_transpose_,0.780735252192,0.772621651413,0.00602870131843,7,20,ok,
c222,layout,rfft,float32,4096,64,fortran,,layout_rfft_float32_4096_64_fortran_,0.734881701646,0.726470450172,0.00841125147417,7,20,ok,
c222,layout,rfft,float32,65536,1,reverse,,layout_rfft_float32_65536_1_reverse_,0.506415584823,0.5051676247,0.00124796012339,5,48,ok,
c222,layout,rfft,float32,65536,1,stride2,,layout_rfft_float32_65536_1_stride2_,0.505982529923,0.5042996134,0.00140671285668,5,49,ok,
c222,layout,rfft,float32,65536,1,transpose,,layout_rfft_float32_65536_1_transpose_,0.535053644853,0.506192666459,0.00117531211193,5,48,ok,
c222,layout,rfft,float32,65536,1,fortran,,layout_rfft_float32_65536_1_fortran_,0.499367420562,0.498134719674,0.00123270088807,5,50,ok,
c222,layout,rfft,float32,65536,8,reverse,,layout_rfft_float32_65536_8_reverse_,2.20319457419,2.19995635728,0.00308286066034,5,14,ok,
c222,layout,rfft,float32,65536,8,stride2,,layout_rfft_float32_65536_8_stride2_,2.22273100323,2.21715592779,0.00557507543514,5,15,ok,
c222,layout,rfft,float32,65536,8,transpose,,layout_rfft_float32_65536_8_transpose_,2.39376821056,2.38413592368,0.00851593046848,5,14,ok,
c222,layout,rfft,float32,65536,8,fortran,,layout_rfft_float32_65536_8_fortran_,2.40592930752,2.40200353213,0.0039257753927,5,13,ok,
c222,layout,rfft,float32,65536,64,reverse,,layout_rfft_float32_65536_64_reverse_,26.0945240734,25.8277360117,0.109773944132,5,1,ok,
c222,layout,rfft,float32,65536,64,stride2,,layout_rfft_float32_65536_64_stride2_,26.5839979984,26.0755190393,0.0870720250532,5,1,ok,
c222,layout,rfft,float32,65536,64,transpose,,layout_rfft_float32_65536_64_transpose_,37.0546790073,36.4587460645,0.246630050242,5,1,ok,
c222,layout,rfft,float32,65536,64,fortran,,layout_rfft_float32_65536_64_fortran_,36.5076269954,36.0920610838,0.183883006684,5,1,ok,
c222,staged,rfft,float32,1024,1,contiguous,pad,staged_rfft_float32_1024_1_contiguous_pad,0.00983735329004,0.00976181109223,7.55421978039e-05,7,985,ok,
c222,staged,rfft,float32,1024,1,contiguous,truncate,staged_rfft_float32_1024_1_contiguous_truncate,0.00880850863986,0.00878363775397,2.1414507161e-05,7,1339,ok,
c222,staged,rfft,float32,1024,8,contiguous,pad,staged_rfft_float32_1024_8_contiguous_pad,0.0449757301249,0.0447873299709,0.000112709822133,7,200,ok,
c222,staged,rfft,float32,1024,8,contiguous,truncate,staged_rfft_float32_1024_8_contiguous_truncate,0.0209095899481,0.0206759548746,5.90150011703e-05,7,200,ok,
c222,staged,rfft,float32,1024,64,contiguous,pad,staged_rfft_float32_1024_64_contiguous_pad,0.32405386446,0.323423771251,0.000280649023684,7,74,ok,
c222,staged,rfft,float32,1024,64,contiguous,truncate,staged_rfft_float32_1024_64_contiguous_truncate,0.114937410108,0.114820544841,0.000106799998321,7,200,ok,
c222,staged,rfft,float32,1024,256,contiguous,pad,staged_rfft_float32_1024_256_contiguous_pad,1.28091124934,1.27347484813,0.00185089884326,7,20,ok,
c222,staged,rfft,float32,1024,256,contiguous,truncate,staged_rfft_float32_1024_256_contiguous_truncate,0.435940996977,0.432619801722,0.00247959978878,7,20,ok,
c222,staged,rfft,float32,4096,1,contiguous,pad,staged_rfft_float32_4096_1_contiguous_pad,0.0251360433962,0.0246329592114,6.79324078093e-05,7,415,ok,
c222,staged,rfft,float32,4096,1,contiguous,truncate,staged_rfft_float32_4096_1_contiguous_truncate,0.0215300691941,0.0214388927525,7.25613243066e-05,7,606,ok,
c222,staged,rfft,float32,4096,8,contiguous,pad,staged_rfft_float32_4096_8_contiguous_pad,0.157149849055,0.156256107397,0.000893741658649,7,159,ok,
c222,staged,rfft,float32,4096,8,contiguous,truncate,staged_rfft_float32_4096_8_contiguous_truncate,0.0785861845361,0.078417470213,0.000168714323081,7,200,ok,
c222,staged,rfft,float32,4096,64,contiguous,pad,staged_rfft_float32_4096_64_contiguous_pad,1.20202389662,1.20029269601,0.00123429344967,7,20,ok,
c222,staged,rfft,float32,4096,64,contiguous,truncate,staged_rfft_float32_4096_64_contiguous_truncate,0.546965299873,0.54393564933,0.00224920222536,7,20,ok,
c222,staged,rfft,float32,4096,256,contiguous,pad,staged_rfft_float32_4096_256_contiguous_pad,4.85096056946,4.78379371842,0.0347520025181,7,7,ok,
c222,staged,rfft,float32,4096,256,contiguous,truncate,staged_rfft_float32_4096_256_contiguous_truncate,2.86678889534,2.85455910489,0.0122297904454,7,10,ok,
c222,staged,rfft,float32,4097,1,contiguous,pad,staged_rfft_float32_4097_1_contiguous_pad,0.116393369656,0.116098916502,0.000294453154008,5,192,ok,
c222,staged,rfft,float32,4097,1,contiguous,truncate,staged_rfft_float32_4097_1_contiguous_truncate,0.114713189541,0.114300024579,0.000368795590475,5,200,ok,
c222,staged,rfft,float32,4097,8,contiguous,pad,staged_rfft_float32_4097_8_contiguous_pad,0.889124465175,0.883862143382,0.00298985729127,5,28,ok,
c222,staged,rfft,float32,4097,8,contiguous,truncate,staged_rfft_float32_4097_8_contiguous_truncate,0.667253971591,0.665441666368,0.00181230522382,5,36,ok,
c222,staged,rfft,float32,4097,64,contiguous,pad,staged_rfft_float32_4097_64_contiguous_pad,7.00379748014,6.98642001953,0.0160250347108,5,4,ok,
c222,staged,rfft,float32,4097,64,contiguous,truncate,staged_rfft_float32_4097_64_contiguous_truncate,5.21147765297,5.19317165405,0.01324301896,5,6,ok,
c222,staged,rfft,float32,4097,256,contiguous,pad,staged_rfft_float32_4097_256_contiguous_pad,28.8984499639,28.7137640407,0.184685923159,5,1,ok,
c222,staged,rfft,float32,4097,256,contiguous,truncate,staged_rfft_float32_4097_256_contiguous_truncate,21.964080981,21.654422977,0.309658003971,5,1,ok,
c222,staged,rfft,float32,8192,1,contiguous,pad,staged_rfft_float32_8192_1_contiguous_pad,0.0464480748633,0.0458649400389,0.00058313482441,5,200,ok,
c222,staged,rfft,float32,8192,1,contiguous,truncate,staged_rfft_float32_8192_1_contiguous_truncate,0.0418204901507,0.0414007046493,0.000419785501435,5,200,ok,
c222,staged,rfft,float32,8192,8,contiguous,pad,staged_rfft_float32_8192_8_contiguous_pad,0.321880507573,0.31856742881,0.00208427119613,5,77,ok,
c222,staged,rfft,float32,8192,8,contiguous,truncate,staged_rfft_float32_8192_8_contiguous_truncate,0.165744550506,0.158780825534,0.00693824604505,5,138,ok,
c222,staged,rfft,float32,8192,64,contiguous,pad,staged_rfft_float32_8192_64_contiguous_pad,2.65928084711,2.53269599321,0.0869685318321,5,13,ok,
c222,staged,rfft,float32,8192,64,contiguous,truncate,staged_rfft_float32_8192_64_contiguous_truncate,1.34501990397,1.29349724739,0.0383420556318,5,20,ok,
c222,staged,rfft,float32,8192,256,contiguous,pad,staged_rfft_float32_8192_256_contiguous_pad,11.3720989903,11.0507040517,0.0844374881126,5,2,ok,
c222,staged,rfft,float32,8192,256,contiguous,truncate,staged_rfft_float32_8192_256_contiguous_truncate,9.20744535203,8.89692265385,0.310522698176,5,3,ok,
c222,layout,rfft,float64,1024,1,reverse,,layout_rfft_float64_1024_1_reverse_,0.00738409017129,0.00736747091171,1.42214838604e-05,7,1287,ok,
c222,layout,rfft,float64,1024,1,stride2,,layout_rfft_float64_1024_1_stride2_,0.00742119631137,0.00734930420577,7.18921056074e-05,7,1650,ok,
c222,layout,rfft,float64,1024,1,transpose,,layout_rfft_float64_1024_1_transpose_,0.0075434217786,0.00742917771872,5.95576438695e-05,7,1553,ok,
c222,layout,rfft,float64,1024,1,fortran,,layout_rfft_float64_1024_1_fortran_,0.00735293053773,0.00726483097116,8.80995665728e-05,7,1627,ok,
c222,layout,rfft,float64,1024,8,reverse,,layout_rfft_float64_1024_8_reverse_,0.0161837699125,0.0159528851509,0.000179134658538,7,200,ok,
c222,layout,rfft,float64,1024,8,stride2,,layout_rfft_float64_1024_8_stride2_,0.0165554648265,0.0163564394461,0.000115169677883,7,200,ok,
c222,layout,rfft,float64,1024,8,transpose,,layout_rfft_float64_1024_8_transpose_,0.0173627195181,0.0171800301177,0.00013840966858,7,200,ok,
c222,layout,rfft,float64,1024,8,fortran,,layout_rfft_float64_1024_8_fortran_,0.0178065500222,0.0176151900087,0.000105649814941,7,200,ok,
c222,layout,rfft,float64,1024,64,reverse,,layout_rfft_float64_1024_64_reverse_,0.0902677001432,0.0893434201134,0.000923174666241,7,200,ok,
c222,layout,rfft,float64,1024,64,stride2,,layout_rfft_float64_1024_64_stride2_,0.0920616998337,0.0914797600126,0.000581939821132,7,200,ok,
c222,layout,rfft,float64,1024,64,transpose,,layout_rfft_float64_1024_64_transpose_,0.136058580115,0.133540894893,0.000863762454063,7,181,ok,
c222,layout,rfft,float64,1024,64,fortran,,layout_rfft_float64_1024_64_fortran_,0.128973190812,0.126785088028,0.00104473210084,7,194,ok,
c222,layout,rfft,float64,4096,1,reverse,,layout_rfft_float64_4096_1_reverse_,0.019101758525,0.0188314108695,0.000270347655537,7,696,ok,
c222,layout,rfft,float64,4096,1,stride2,,layout_rfft_float64_4096_1_stride2_,0.0198280315028,0.0190042647017,0.000420785626443,7,476,ok,
c222,layout,rfft,float64,4096,1,transpose,,layout_rfft_float64_4096_1_transpose_,0.0195085734369,0.0189456384412,0.000230346256841,7,722,ok,
c222,layout,rfft,float64,4096,1,fortran,,layout_rfft_float64_4096_1_fortran_,0.0196509616926,0.0190039164101,0.000518580163644,7,574,ok,
c222,layout,rfft,float64,4096,8,reverse,,layout_rfft_float64_4096_8_reverse_,0.0696778052952,0.0666241545696,0.00200218462851,7,200,ok,
c222,layout,rfft,float64,4096,8,stride2,,layout_rfft_float64_4096_8_stride2_,0.0693323049927,0.0666608201573,0.00140793039463,7,200,ok,
c222,layout,rfft,float64,4096,8,transpose,,layout_rfft_float64_4096_8_transpose_,0.077156315092,0.0759128952632,0.00102195481304,7,200,ok,
c222,layout,rfft,float64,4096,8,fortran,,layout_rfft_float64_4096_8_fortran_,0.0748712552013,0.0742857600562,0.000552590354346,7,200,ok,
c222,layout,rfft,float64,4096,64,reverse,,layout_rfft_float64_4096_64_reverse_,0.495837850031,0.463416305138,0.00252969912253,7,20,ok,
c222,layout,rfft,float64,4096,64,stride2,,layout_rfft_float64_4096_64_stride2_,0.509750348283,0.473656400573,0.0162793556228,7,20,ok,
c222,layout,rfft,float64,4096,64,transpose,,layout_rfft_float64_4096_64_transpose_,0.69150319905,0.667046499439,0.0172426982317,7,20,ok,
c222,layout,rfft,float64,4096,64,fortran,,layout_rfft_float64_4096_64_fortran_,0.646206602687,0.629917200422,0.00578380422667,7,20,ok,
c222,layout,rfft,float64,65536,1,reverse,,layout_rfft_float64_65536_1_reverse_,0.480056372836,0.478618981445,0.000312351439075,5,51,ok,
c222,layout,rfft,float64,65536,1,stride2,,layout_rfft_float64_65536_1_stride2_,0.493810239714,0.481827680487,0.0014284811914,5,50,ok,
c222,layout,rfft,float64,65536,1,transpose,,layout_rfft_float64_65536_1_transpose_,0.491216803864,0.486121412513,0.00235107818655,5,51,ok,
c222,layout,rfft,float64,65536,1,fortran,,layout_rfft_float64_65536_1_fortran_,0.492807580158,0.489375779871,0.00289999879897,5,50,ok,
c222,layout,rfft,float64,65536,8,reverse,,layout_rfft_float64_65536_8_reverse_,2.06538653001,2.06144313173,0.00339560210705,5,15,ok,
c222,layout,rfft,float64,65536,8,stride2,,layout_rfft_float64_65536_8_stride2_,2.09945139941,2.09198880475,0.00616007018834,5,15,ok,
c222,layout,rfft,float64,65536,8,transpose,,layout_rfft_float64_65536_8_transpose_,2.2509102632,2.2406076702,0.00543613762905,5,15,ok,
c222,layout,rfft,float64,65536,8,fortran,,layout_rfft_float64_65536_8_fortran_,2.21919840357,2.1987809334,0.00533926455925,5,15,ok,
c222,layout,rfft,float64,65536,64,reverse,,layout_rfft_float64_65536_64_reverse_,19.3671820452,19.1328750225,0.184984994121,5,1,ok,
c222,layout,rfft,float64,65536,64,stride2,,layout_rfft_float64_65536_64_stride2_,20.4821350053,20.3052340075,0.114124035463,5,1,ok,
c222,layout,rfft,float64,65536,64,transpose,,layout_rfft_float64_65536_64_transpose_,28.8948829984,28.4996050177,0.395277980715,5,1,ok,
c222,layout,rfft,float64,65536,64,fortran,,layout_rfft_float64_65536_64_fortran_,28.9812340634,28.4364171093,0.0461960444227,5,1,ok,
c222,staged,rfft,float64,1024,1,contiguous,pad,staged_rfft_float64_1024_1_contiguous_pad,0.00860143575023,0.00853193620488,3.36255461968e-05,7,1159,ok,
c222,staged,rfft,float64,1024,1,contiguous,truncate,staged_rfft_float64_1024_1_contiguous_truncate,0.00733563380119,0.00730345043338,3.07000837885e-05,7,1554,ok,
c222,staged,rfft,float64,1024,8,contiguous,pad,staged_rfft_float64_1024_8_contiguous_pad,0.0419251801213,0.0418508448638,7.43352575228e-05,7,200,ok,
c222,staged,rfft,float64,1024,8,contiguous,truncate,staged_rfft_float64_1024_8_contiguous_truncate,0.0159336050274,0.0158760446357,4.26353653893e-05,7,200,ok,
c222,staged,rfft,float64,1024,64,contiguous,pad,staged_rfft_float64_1024_64_contiguous_pad,0.308299493217,0.307673124171,0.000321211431313,7,81,ok,
c222,staged,rfft,float64,1024,64,contiguous,truncate,staged_rfft_float64_1024_64_contiguous_truncate,0.0893732247641,0.0889189296868,0.00011827039998,7,200,ok,
c222,staged,rfft,float64,1024,256,contiguous,pad,staged_rfft_float64_1024_256_contiguous_pad,1.22067574994,1.2191293994,0.000785454176366,7,20,ok,
c222,staged,rfft,float64,1024,256,contiguous,truncate,staged_rfft_float64_1024_256_contiguous_truncate,0.337846798357,0.335200398695,0.00131295528263,7,20,ok,
c222,staged,rfft,float64,4096,1,contiguous,pad,staged_rfft_float64_4096_1_contiguous_pad,0.0229556739165,0.0226646938196,4.6978254544e-05,7,598,ok,
c222,staged,rfft,float64,4096,1,contiguous,truncate,staged_rfft_float64_4096_1_contiguous_truncate,0.0191251115712,0.0190548550057,7.02565655403e-05,7,717,ok,
c222,staged,rfft,float64,4096,8,contiguous,pad,staged_rfft_float64_4096_8_contiguous_pad,0.148288270095,0.148168239309,0.00012003078635,7,159,ok,
c222,staged,rfft,float64,4096,8,contiguous,truncate,staged_rfft_float64_4096_8_contiguous_truncate,0.0670006050495,0.0648655201076,0.000201725051738,7,200,ok,
c222,staged,rfft,float64,4096,64,contiguous,pad,staged_rfft_float64_4096_64_contiguous_pad,1.15513490164,1.14379919833,0.00813320511952,7,20,ok,
c222,staged,rfft,float64,4096,64,contiguous,truncate,staged_rfft_float64_4096_64_contiguous_truncate,0.453006348107,0.449798395857,0.00128240208142,7,20,ok,
c222,staged,rfft,float64,4096,256,contiguous,pad,staged_rfft_float64_4096_256_contiguous_pad,4.62994801014,4.60774072313,0.00442544530545,7,7,ok,
c222,staged,rfft,float64,4096,256,contiguous,truncate,staged_rfft_float64_4096_256_contiguous_truncate,1.82365405554,1.80333888986,0.00446950111331,7,18,ok,
c222,staged,rfft,float64,4097,1,contiguous,pad,staged_rfft_float64_4097_1_contiguous_pad,0.114785857161,0.114369367686,0.000416489474817,5,196,ok,
c222,staged,rfft,float64,4097,1,contiguous,truncate,staged_rfft_float64_4097_1_contiguous_truncate,0.112512935302,0.112327740062,0.000185195240192,5,200,ok,
c222,staged,rfft,float64,4097,8,contiguous,pad,staged_rfft_float64_4097_8_contiguous_pad,0.902442442667,0.87542311047,0.00343196249257,5,27,ok,
c222,staged,rfft,float64,4097,8,contiguous,truncate,staged_rfft_float64_4097_8_contiguous_truncate,0.654211270975,0.652248433137,0.00196283783864,5,37,ok,
c222,staged,rfft,float64,4097,64,contiguous,pad,staged_rfft_float64_4097_64_contiguous_pad,7.08535750164,7.04953772947,0.0353837385774,5,4,ok,
c222,staged,rfft,float64,4097,64,contiguous,truncate,staged_rfft_float64_4097_64_contiguous_truncate,5.17142783307,5.15493865047,0.00779782809938,5,6,ok,
c222,staged,rfft,float64,4097,256,contiguous,pad,staged_rfft_float64_4097_256_contiguous_pad,28.5843019374,28.317032964,0.267268973403,5,1,ok,
c222,staged,rfft,float64,4097,256,contiguous,truncate,staged_rfft_float64_4097_256_contiguous_truncate,20.6983879907,20.6464210059,0.0350859481841,5,1,ok,
c222,staged,rfft,float64,8192,1,contiguous,pad,staged_rfft_float64_8192_1_contiguous_pad,0.043911190005,0.0431332399603,0.000416479888372,5,200,ok,
c222,staged,rfft,float64,8192,1,contiguous,truncate,staged_rfft_float64_8192_1_contiguous_truncate,0.0364349852316,0.0358106649946,0.000295150675811,5,200,ok,
c222,staged,rfft,float64,8192,8,contiguous,pad,staged_rfft_float64_8192_8_contiguous_pad,0.306285696717,0.300802418644,0.000827491896439,5,79,ok,
c222,staged,rfft,float64,8192,8,contiguous,truncate,staged_rfft_float64_8192_8_contiguous_truncate,0.135830455058,0.135156796537,0.000377353643274,5,167,ok,
c222,staged,rfft,float64,8192,64,contiguous,pad,staged_rfft_float64_8192_64_contiguous_pad,2.37433263932,2.36019049771,0.00199656434623,5,14,ok,
c222,staged,rfft,float64,8192,64,contiguous,truncate,staged_rfft_float64_8192_64_contiguous_truncate,1.00771910511,1.00347119733,0.00178634072654,5,20,ok,
c222,staged,rfft,float64,8192,256,contiguous,pad,staged_rfft_float64_8192_256_contiguous_pad,9.82500531245,9.78586232911,0.00829532897721,5,3,ok,
c222,staged,rfft,float64,8192,256,contiguous,truncate,staged_rfft_float64_8192_256_contiguous_truncate,4.23071379773,4.16938101407,0.0419443938881,5,5,ok,
c222,layout,irfft,complex64,1024,1,reverse,,layout_irfft_complex64_1024_1_reverse_,0.00936902228866,0.00932033425921,2.05119843724e-05,7,1119,ok,
c222,layout,irfft,complex64,1024,1,stride2,,layout_irfft_complex64_1024_1_stride2_,0.00942334119094,0.00936364346735,3.67866182029e-05,7,1307,ok,
c222,layout,irfft,complex64,1024,1,transpose,,layout_irfft_complex64_1024_1_transpose_,0.00947361384071,0.00941625152592,1.16200825706e-05,7,1308,ok,
c222,layout,irfft,complex64,1024,1,fortran,,layout_irfft_complex64_1024_1_fortran_,0.00953587630712,0.00934158839335,9.30390737687e-05,7,1358,ok,
c222,layout,irfft,complex64,1024,8,reverse,,layout_irfft_complex64_1024_8_reverse_,0.0160264252918,0.0158207397908,8.66601476446e-05,7,200,ok,
c222,layout,irfft,complex64,1024,8,stride2,,layout_irfft_complex64_1024_8_stride2_,0.0160779745784,0.0159262900706,0.000113964779302,7,200,ok,
c222,layout,irfft,complex64,1024,8,transpose,,layout_irfft_complex64_1024_8_transpose_,0.0163186702412,0.0160665001022,5.86098758504e-05,7,200,ok,
c222,layout,irfft,complex64,1024,8,fortran,,layout_irfft_complex64_1024_8_fortran_,0.0162804004503,0.0160804251209,0.000124135403894,7,200,ok,
c222,layout,irfft,complex64,1024,64,reverse,,layout_irfft_complex64_1024_64_reverse_,0.0855152250733,0.0854428397724,7.23853008822e-05,7,200,ok,
c222,layout,irfft,complex64,1024,64,stride2,,layout_irfft_complex64_1024_64_stride2_,0.091529355268,0.0887022749521,0.00207868521102,7,200,ok,
c222,layout,irfft,complex64,1024,64,transpose,,layout_irfft_complex64_1024_64_transpose_,0.101033400279,0.0968083651969,0.0015673256712,7,200,ok,
c222,layout,irfft,complex64,1024,64,fortran,,layout_irfft_complex64_1024_64_fortran_,0.1007679553,0.0988218747079,0.00194608059246,7,200,ok,
c222,layout,irfft,complex64,4096,1,reverse,,layout_irfft_complex64_4096_1_reverse_,0.0251178931399,0.0248402365988,0.000104698697318,7,524,ok,
c222,layout,irfft,complex64,4096,1,stride2,,layout_irfft_complex64_4096_1_stride2_,0.025039734369,0.0247699137496,0.000177369715522,7,557,ok,
c222,layout,irfft,complex64,4096,1,transpose,,layout_irfft_complex64_4096_1_transpose_,0.0247017709542,0.024634719244,5.93465873657e-05,7,563,ok,
c222,layout,irfft,complex64,4096,1,fortran,,layout_irfft_complex64_4096_1_fortran_,0.0247769983365,0.0246461593398,0.000103380067858,7,571,ok,
c222,layout,irfft,complex64,4096,8,reverse,,layout_irfft_complex64_4096_8_reverse_,0.056626329897,0.056184809655,0.000363385188393,7,200,ok,
c222,layout,irfft,complex64,4096,8,stride2,,layout_irfft_complex64_4096_8_stride2_,0.0591848097974,0.0567079347093,0.0020551396301,7,200,ok,
c222,layout,irfft,complex64,4096,8,transpose,,layout_irfft_complex64_4096_8_transpose_,0.0584864552366,0.0580513948807,0.000251120072789,7,200,ok,
c222,layout,irfft,complex64,4096,8,fortran,,layout_irfft_complex64_4096_8_fortran_,0.0579172949074,0.0577365548816,0.000180740025826,7,200,ok,
c222,layout,irfft,complex64,4096,64,reverse,,layout_irfft_complex64_4096_64_reverse_,0.382695550798,0.380049098749,0.00182039802894,7,20,ok,
c222,layout,irfft,complex64,4096,64,stride2,,layout_irfft_complex64_4096_64_stride2_,0.383719452657,0.380506447982,0.000473350519314,7,20,ok,
c222,layout,irfft,complex64,4096,64,transpose,,layout_irfft_complex64_4096_64_transpose_,0.452240899904,0.447196996538,0.00193014857359,7,20,ok,
c222,layout,irfft,complex64,4096,64,fortran,,layout_irfft_complex64_4096_64_fortran_,0.446557300165,0.443128403276,0.00202230294235,7,20,ok,
c222,layout,irfft,complex64,65536,1,reverse,,layout_irfft_complex64_65536_1_reverse_,0.345053451306,0.343165548951,0.0016137032809,5,71,ok,
c222,layout,irfft,complex64,65536,1,stride2,,layout_irfft_complex64_65536_1_stride2_,0.355158218068,0.35154367223,0.00361454583807,5,73,ok,
c222,layout,irfft,complex64,65536,1,transpose,,layout_irfft_complex64_65536_1_transpose_,0.340084315673,0.337817492474,0.000913493488341,5,73,ok,
c222,layout,irfft,complex64,65536,1,fortran,,layout_irfft_complex64_65536_1_fortran_,0.341884208158,0.340552971466,0.000225819854273,5,72,ok,
c222,layout,irfft,complex64,65536,8,reverse,,layout_irfft_complex64_65536_8_reverse_,1.34116074769,1.33397179889,0.00598814804107,5,20,ok,
c222,layout,irfft,complex64,65536,8,stride2,,layout_irfft_complex64_65536_8_stride2_,1.33187090396,1.32631549495,0.00316184596159,5,20,ok,
c222,layout,irfft,complex64,65536,8,transpose,,layout_irfft_complex64_65536_8_transpose_,1.34224824724,1.33181975107,0.00542409834452,5,20,ok,
c222,layout,irfft,complex64,65536,8,fortran,,layout_irfft_complex64_65536_8_fortran_,1.3602924475,1.33913945174,0.0155866029672,5,20,ok,
c222,layout,irfft,complex64,65536,64,reverse,,layout_irfft_complex64_65536_64_reverse_,10.4667100046,10.410695686,0.035456304128,5,3,ok,
c222,layout,irfft,complex64,65536,64,stride2,,layout_irfft_complex64_65536_64_stride2_,10.792915981,10.7494380015,0.0426663318649,5,3,ok,
c222,layout,irfft,complex64,65536,64,transpose,,layout_irfft_complex64_65536_64_transpose_,19.1614689538,18.909007078,0.045484979637,5,1,ok,
c222,layout,irfft,complex64,65536,64,fortran,,layout_irfft_complex64_65536_64_fortran_,18.9692489803,18.2975260541,0.671722926199,5,1,ok,
c222,staged,irfft,complex64,1024,1,contiguous,pad,staged_irfft_complex64_1024_1_contiguous_pad,0.0104377699317,0.0102216559462,0.000180176110007,7,1000,ok,
c222,staged,irfft,complex64,1024,1,contiguous,truncate,staged_irfft_complex64_1024_1_contiguous_truncate,0.00968772097553,0.00952095259743,0.000121929711752,7,1222,ok,
c222,staged,irfft,complex64,1024,8,contiguous,pad,staged_irfft_complex64_1024_8_contiguous_pad,0.0489251548424,0.048650794779,0.000269049778581,7,200,ok,
c222,staged,irfft,complex64,1024,8,contiguous,truncate,staged_irfft_complex64_1024_8_contiguous_truncate,0.016470705159,0.0160794751719,0.000184345408343,7,200,ok,
c222,staged,irfft,complex64,1024,64,contiguous,pad,staged_irfft_complex64_1024_64_contiguous_pad,0.362846800791,0.357396185531,0.00207558374054,7,70,ok,
c222,staged,irfft,complex64,1024,64,contiguous,truncate,staged_irfft_complex64_1024_64_contiguous_truncate,0.0860407046275,0.0856750248931,7.05855200067e-05,7,200,ok,
c222,staged,irfft,complex64,1024,256,contiguous,pad,staged_irfft_complex64_1024_256_contiguous_pad,1.39098375221,1.38614170137,0.00280870590359,7,20,ok,
c222,staged,irfft,complex64,1024,256,contiguous,truncate,staged_irfft_complex64_1024_256_contiguous_truncate,0.323341198964,0.320455350447,0.00103995553218,7,20,ok,
c222,staged,irfft,complex64,4096,1,contiguous,pad,staged_irfft_complex64_4096_1_contiguous_pad,0.0243850037911,0.0242837919279,0.000101211863182,7,548,ok,
c222,staged,irfft,complex64,4096,1,contiguous,truncate,staged_irfft_complex64_4096_1_contiguous_truncate,0.0247486062879,0.0246210543932,0.000119460712841,7,551,ok,
c222,staged,irfft,complex64,4096,8,contiguous,pad,staged_irfft_complex64_4096_8_contiguous_pad,0.159790224503,0.159061872042,0.000719551164179,7,156,ok,
c222,staged,irfft,complex64,4096,8,contiguous,truncate,staged_irfft_complex64_4096_8_contiguous_truncate,0.0555765698664,0.0554351101164,0.000141459750012,7,200,ok,
c222,staged,irfft,complex64,4096,64,contiguous,pad,staged_irfft_complex64_4096_64_contiguous_pad,1.21711560059,1.21043260442,0.00668299617246,7,20,ok,
c222,staged,irfft,complex64,4096,64,contiguous,truncate,staged_irfft_complex64_4096_64_contiguous_truncate,0.409661402227,0.38310684613,0.0254745536949,7,20,ok,
c222,staged,irfft,complex64,4096,256,contiguous,pad,staged_irfft_complex64_4096_256_contiguous_pad,4.93489027888,4.88868671735,0.0378107153145,7,7,ok,
c222,staged,irfft,complex64,4096,256,contiguous,truncate,staged_irfft_complex64_4096_256_contiguous_truncate,1.54857350281,1.53581119957,0.00795635278337,7,20,ok,
c222,staged,irfft,complex64,4097,1,contiguous,pad,staged_irfft_complex64_4097_1_contiguous_pad,0.143049725632,0.142449823282,0.000334158823712,5,164,ok,
c222,staged,irfft,complex64,4097,1,contiguous,truncate,staged_irfft_complex64_4097_1_contiguous_truncate,0.144904864805,0.14199706197,0.0029078028349,5,177,ok,
c222,staged,irfft,complex64,4097,8,contiguous,pad,staged_irfft_complex64_4097_8_contiguous_pad,1.09572812874,1.09434726081,0.00138086793215,5,23,ok,
c222,staged,irfft,complex64,4097,8,contiguous,truncate,staged_irfft_complex64_4097_8_contiguous_truncate,0.360256725706,0.359286218409,0.000727001874559,5,69,ok,
c222,staged,irfft,complex64,4097,64,contiguous,pad,staged_irfft_complex64_4097_64_contiguous_pad,8.71349999215,8.68341734167,0.0300826504827,5,3,ok,
c222,staged,irfft,complex64,4097,64,contiguous,truncate,staged_irfft_complex64_4097_64_contiguous_truncate,2.7640502473,2.74782741326,0.00919882828991,5,12,ok,
c222,staged,irfft,complex64,4097,256,contiguous,pad,staged_irfft_complex64_4097_256_contiguous_pad,35.2502500173,34.9244410172,0.279832980596,5,1,ok,
c222,staged,irfft,complex64,4097,256,contiguous,truncate,staged_irfft_complex64_4097_256_contiguous_truncate,11.1043773359,11.0386480034,0.0536969940489,5,3,ok,
c222,staged,irfft,complex64,8192,1,contiguous,pad,staged_irfft_complex64_8192_1_contiguous_pad,0.0451015651925,0.0443353853188,0.000598965561949,5,200,ok,
c222,staged,irfft,complex64,8192,1,contiguous,truncate,staged_irfft_complex64_8192_1_contiguous_truncate,0.0490888603963,0.0488416501321,0.000143270590343,5,200,ok,
c222,staged,irfft,complex64,8192,8,contiguous,pad,staged_irfft_complex64_8192_8_contiguous_pad,0.313932834289,0.312153115654,0.00126904939325,5,78,ok,
c222,staged,irfft,complex64,8192,8,contiguous,truncate,staged_irfft_complex64_8192_8_contiguous_truncate,0.112254054984,0.111978990026,0.000275064958259,5,200,ok,
c222,staged,irfft,complex64,8192,64,contiguous,pad,staged_irfft_complex64_8192_64_contiguous_pad,2.46851135411,2.45719307402,0.00196435056361,5,14,ok,
c222,staged,irfft,complex64,8192,64,contiguous,truncate,staged_irfft_complex64_8192_64_contiguous_truncate,0.801283150213,0.791725347517,0.0032365496736,5,20,ok,
c222,staged,irfft,complex64,8192,256,contiguous,pad,staged_irfft_complex64_8192_256_contiguous_pad,9.90979699418,9.84154932667,0.0386253232136,5,3,ok,
c222,staged,irfft,complex64,8192,256,contiguous,truncate,staged_irfft_complex64_8192_256_contiguous_truncate,3.42655000277,3.13760240097,0.0101750018075,5,5,ok,
c222,layout,irfft,complex128,1024,1,reverse,,layout_irfft_complex128_1024_1_reverse_,0.00851206038453,0.00843990349208,7.21568924581e-05,7,1192,ok,
c222,layout,irfft,complex128,1024,1,stride2,,layout_irfft_complex128_1024_1_stride2_,0.00855468524224,0.00851337844102,4.13068012212e-05,7,1382,ok,
c222,layout,irfft,complex128,1024,1,transpose,,layout_irfft_complex128_1024_1_transpose_,0.0086333460834,0.00855080326693,2.54147707409e-05,7,829,ok,
c222,layout,irfft,complex128,1024,1,fortran,,layout_irfft_complex128_1024_1_fortran_,0.00858161574071,0.0085396921139,4.19236268058e-05,7,1452,ok,
c222,layout,irfft,complex128,1024,8,reverse,,layout_irfft_complex128_1024_8_reverse_,0.019980709767,0.0195882748812,0.000152585562319,7,200,ok,
c222,layout,irfft,complex128,1024,8,stride2,,layout_irfft_complex128_1024_8_stride2_,0.0195124349557,0.0193539401516,0.000158494804054,7,200,ok,
c222,layout,irfft,complex128,1024,8,transpose,,layout_irfft_complex128_1024_8_transpose_,0.0201129051857,0.0200105149997,0.00010239018593,7,200,ok,
c222,layout,irfft,complex128,1024,8,fortran,,layout_irfft_complex128_1024_8_fortran_,0.019827975193,0.019491694984,9.48749948293e-05,7,200,ok,
c222,layout,irfft,complex128,1024,64,reverse,,layout_irfft_complex128_1024_64_reverse_,0.110422585276,0.109678744921,0.000520219909959,7,200,ok,
c222,layout,irfft,complex128,1024,64,stride2,,layout_irfft_complex128_1024_64_stride2_,0.110806194716,0.109852919704,0.000300364918076,7,200,ok,
c222,layout,irfft,complex128,1024,64,transpose,,layout_irfft_complex128_1024_64_transpose_,0.141756321788,0.140833023021,0.000594439099363,7,171,ok,
c222,layout,irfft,complex128,1024,64,fortran,,layout_irfft_complex128_1024_64_fortran_,0.137121340536,0.136281000112,0.000840340423601,7,179,ok,
c222,layout,irfft,complex128,4096,1,reverse,,layout_irfft_complex128_4096_1_reverse_,0.0219024451179,0.0218136337466,7.68853727007e-05,7,620,ok,
c222,layout,irfft,complex128,4096,1,stride2,,layout_irfft_complex128_4096_1_stride2_,0.0222231600334,0.0220287560375,5.94000246298e-06,7,619,ok,
c222,layout,irfft,complex128,4096,1,transpose,,layout_irfft_complex128_4096_1_transpose_,0.021960846521,0.0218404272571,0.000100315362215,7,625,ok,
c222,layout,irfft,complex128,4096,1,fortran,,layout_irfft_complex128_4096_1_fortran_,0.0218638486991,0.0216534569234,0.00010816410783,7,628,ok,
c222,layout,irfft,complex128,4096,8,reverse,,layout_irfft_complex128_4096_8_reverse_,0.0756195001304,0.0753001047997,0.000300509855151,7,200,ok,
c222,layout,irfft,complex128,4096,8,stride2,,layout_irfft_complex128_4096_8_stride2_,0.075888200081,0.0754736794624,0.000340139959008,7,200,ok,
c222,layout,irfft,complex128,4096,8,transpose,,layout_irfft_complex128_4096_8_transpose_,0.0841887004208,0.0836082646856,0.000292544718832,7,200,ok,
c222,layout,irfft,complex128,4096,8,fortran,,layout_irfft_complex128_4096_8_fortran_,0.0838267203653,0.0835907348664,7.34900822863e-05,7,200,ok,
c222,layout,irfft,complex128,4096,64,reverse,,layout_irfft_complex128_4096_64_reverse_,0.537391903345,0.534668349428,0.00272355391644,7,20,ok,
c222,layout,irfft,complex128,4096,64,stride2,,layout_irfft_complex128_4096_64_stride2_,0.536444649333,0.531361647882,0.00230279983953,7,20,ok,
c222,layout,irfft,complex128,4096,64,transpose,,layout_irfft_complex128_4096_64_transpose_,0.67093175021,0.670105247991,0.000826502218843,7,20,ok,
c222,layout,irfft,complex128,4096,64,fortran,,layout_irfft_complex128_4096_64_fortran_,0.654392404249,0.645461695967,0.00215999898501,7,20,ok,
c222,layout,irfft,complex128,65536,1,reverse,,layout_irfft_complex128_65536_1_reverse_,0.50989336982,0.507660303771,0.00141852069646,5,46,ok,
c222,layout,irfft,complex128,65536,1,stride2,,layout_irfft_complex128_65536_1_stride2_,0.510352105872,0.509693791779,0.000658314093016,5,48,ok,
c222,layout,irfft,complex128,65536,1,transpose,,layout_irfft_complex128_65536_1_transpose_,0.508027571748,0.507491878329,0.000535693418767,5,49,ok,
c222,layout,irfft,complex128,65536,1,fortran,,layout_irfft_complex128_65536_1_fortran_,0.507543999132,0.507207264249,0.000336734882119,5,49,ok,
c222,layout,irfft,complex128,65536,8,reverse,,layout_irfft_complex128_65536_8_reverse_,2.17907413219,2.16361459655,0.010273202012,5,15,ok,
c222,layout,irfft,complex128,65536,8,stride2,,layout_irfft_complex128_65536_8_stride2_,2.18335140186,2.17012607027,0.00769366354992,5,15,ok,
c222,layout,irfft,complex128,65536,8,transpose,,layout_irfft_complex128_65536_8_transpose_,2.271472003,2.26515020089,0.003680268613,5,15,ok,
c222,layout,irfft,complex128,65536,8,fortran,,layout_irfft_complex128_65536_8_fortran_,2.26304020422,2.25535386708,0.00561653481176,5,15,ok,
c222,layout,irfft,complex128,65536,64,reverse,,layout_irfft_complex128_65536_64_reverse_,20.1974530937,20.0711969519,0.0961788464338,5,1,ok,
c222,layout,irfft,complex128,65536,64,stride2,,layout_irfft_complex128_65536_64_stride2_,19.1570899915,18.8680499559,0.00796501990408,5,1,ok,
c222,layout,irfft,complex128,65536,64,transpose,,layout_irfft_complex128_65536_64_transpose_,30.6366449222,29.7735430067,0.142235076055,5,1,ok,
c222,layout,irfft,complex128,65536,64,fortran,,layout_irfft_complex128_65536_64_fortran_,27.74795203,27.1300779423,0.254115089774,5,1,ok,
c222,staged,irfft,complex128,1024,1,contiguous,pad,staged_irfft_complex128_1024_1_contiguous_pad,0.00960559181751,0.00953509775728,4.2857905656e-05,7,1105,ok,
c222,staged,irfft,complex128,1024,1,contiguous,truncate,staged_irfft_complex128_1024_1_contiguous_truncate,0.00846158093417,0.00841912613449,2.03601995088e-05,7,1427,ok,
c222,staged,irfft,complex128,1024,8,contiguous,pad,staged_irfft_complex128_1024_8_contiguous_pad,0.0460224802373,0.0455573148793,0.000465165358037,7,200,ok,
c222,staged,irfft,complex128,1024,8,contiguous,truncate,staged_irfft_complex128_1024_8_contiguous_truncate,0.0193414097885,0.0190809799824,0.000196809996851,7,200,ok,
c222,staged,irfft,complex128,1024,64,contiguous,pad,staged_irfft_complex128_1024_64_contiguous_pad,0.333347276966,0.332708735692,0.00063854127398,7,72,ok,
c222,staged,irfft,complex128,1024,64,contiguous,truncate,staged_irfft_complex128_1024_64_contiguous_truncate,0.109282854828,0.108598929946,0.000475089764223,7,200,ok,
c222,staged,irfft,complex128,1024,256,contiguous,pad,staged_irfft_complex128_1024_256_contiguous_pad,1.3227648451,1.3168172969,0.00594754819758,7,20,ok,
c222,staged,irfft,complex128,1024,256,contiguous,truncate,staged_irfft_complex128_1024_256_contiguous_truncate,0.422779400833,0.414057652233,0.00454045366496,7,20,ok,
c222,staged,irfft,complex128,4096,1,contiguous,pad,staged_irfft_complex128_4096_1_contiguous_pad,0.0256045179227,0.0254399979853,0.000153952771146,7,529,ok,
c222,staged,irfft,complex128,4096,1,contiguous,truncate,staged_irfft_complex128_4096_1_contiguous_truncate,0.0226801857067,0.0219160341459,0.000543996701223,7,587,ok,
c222,staged,irfft,complex128,4096,8,contiguous,pad,staged_irfft_complex128_4096_8_contiguous_pad,0.162569335723,0.162112237089,0.000187788636571,7,152,ok,
c222,staged,irfft,complex128,4096,8,contiguous,truncate,staged_irfft_complex128_4096_8_contiguous_truncate,0.0762447150191,0.0757457345026,0.000182640505955,7,200,ok,
c222,staged,irfft,complex128,4096,64,contiguous,pad,staged_irfft_complex128_4096_64_contiguous_pad,1.26484719804,1.24710410018,0.0121365999803,7,20,ok,
c222,staged,irfft,complex128,4096,64,contiguous,truncate,staged_irfft_complex128_4096_64_contiguous_truncate,0.534141855314,0.532141648,0.00200020731427,7,20,ok,
c222,staged,irfft,complex128,4096,256,contiguous,pad,staged_irfft_complex128_4096_256_contiguous_pad,4.98517542811,4.9140427062,0.0185504322872,7,7,ok,
c222,staged,irfft,complex128,4096,256,contiguous,truncate,staged_irfft_complex128_4096_256_contiguous_truncate,2.11724836013,2.1004026473,0.0168457128374,7,14,ok,
c222,staged,irfft,complex128,4097,1,contiguous,pad,staged_irfft_complex128_4097_1_contiguous_pad,0.119320878928,0.118668853762,0.000131505216952,5,198,ok,
c222,staged,irfft,complex128,4097,1,contiguous,truncate,staged_irfft_complex128_4097_1_contiguous_truncate,0.116734970361,0.116298649809,0.00022427062504,5,200,ok,
c222,staged,irfft,complex128,4097,8,contiguous,pad,staged_irfft_complex128_4097_8_contiguous_pad,0.914701385997,0.903848845225,0.004990465151,5,26,ok,
c222,staged,irfft,complex128,4097,8,contiguous,truncate,staged_irfft_complex128_4097_8_contiguous_truncate,0.708154795575,0.676659289942,0.0144106646379,5,24,ok,
c222,staged,irfft,complex128,4097,64,contiguous,pad,staged_irfft_complex128_4097_64_contiguous_pad,7.26906277123,7.25026775035,0.0187950208783,5,4,ok,
c222,staged,irfft,complex128,4097,64,contiguous,truncate,staged_irfft_complex128_4097_64_contiguous_truncate,5.28472599884,5.28286917446,0.000821659341455,5,6,ok,
c222,staged,irfft,complex128,4097,256,contiguous,pad,staged_irfft_complex128_4097_256_contiguous_pad,29.3813609751,29.0574169485,0.0279230298474,5,1,ok,
c222,staged,irfft,complex128,4097,256,contiguous,truncate,staged_irfft_complex128_4097_256_contiguous_truncate,21.7674949672,21.2799740257,0.267819967121,5,1,ok,
c222,staged,irfft,complex128,8192,1,contiguous,pad,staged_irfft_complex128_8192_1_contiguous_pad,0.0483431201428,0.0457042903872,0.00110295484774,5,200,ok,
c222,staged,irfft,complex128,8192,1,contiguous,truncate,staged_irfft_complex128_8192_1_contiguous_truncate,0.0409487599973,0.0408435647842,0.000105195213109,5,200,ok,
c222,staged,irfft,complex128,8192,8,contiguous,pad,staged_irfft_complex128_8192_8_contiguous_pad,0.323983339031,0.321494264747,0.000514175660689,5,68,ok,
c222,staged,irfft,complex128,8192,8,contiguous,truncate,staged_irfft_complex128_8192_8_contiguous_truncate,0.154829416902,0.154534961509,0.000294455392764,5,156,ok,
c222,staged,irfft,complex128,8192,64,contiguous,pad,staged_irfft_complex128_8192_64_contiguous_pad,2.55318969273,2.53347823253,0.0197114602018,5,13,ok,
c222,staged,irfft,complex128,8192,64,contiguous,truncate,staged_irfft_complex128_8192_64_contiguous_truncate,1.15599099663,1.14589409786,0.00638290657662,5,20,ok,
c222,staged,irfft,complex128,8192,256,contiguous,pad,staged_irfft_complex128_8192_256_contiguous_pad,10.6172213176,10.5727513243,0.0444699932511,5,3,ok,
c222,staged,irfft,complex128,8192,256,contiguous,truncate,staged_irfft_complex128_8192_256_contiguous_truncate,4.8459704034,4.80039720424,0.0455731991678,5,5,ok,
c222,out,fft,complex64,64,1,contiguous,separate,out_fft_complex64_64_1_contiguous_separate,0.00435310828339,0.00427865225718,2.78539016732e-05,7,1478,ok,
c222,out,fft,complex64,64,1,contiguous,noncontiguous,out_fft_complex64_64_1_contiguous_noncontiguous,0.00429205450928,0.00428157951683,1.04749924503e-05,7,2000,ok,
c222,out,fft,complex64,64,1,contiguous,negative,out_fft_complex64_64_1_contiguous_negative,0.00434668100206,0.00426832499215,1.88000267372e-05,7,2000,ok,
c222,out,fft,complex64,64,8,contiguous,separate,out_fft_complex64_64_8_contiguous_separate,0.00599948266123,0.00598765351409,1.08907106301e-05,7,1931,ok,
c222,out,fft,complex64,64,8,contiguous,noncontiguous,out_fft_complex64_64_8_contiguous_noncontiguous,0.0059481148162,0.0059106404344,3.24169667641e-05,7,1969,ok,
c222,out,fft,complex64,64,8,contiguous,negative,out_fft_complex64_64_8_contiguous_negative,0.00613899900304,0.0059713726896,4.54937459758e-05,7,1932,ok,
c222,out,fft,complex64,4096,1,contiguous,separate,out_fft_complex64_4096_1_contiguous_separate,0.0391685904404,0.0388482713804,5.71132253456e-05,7,354,ok,
c222,out,fft,complex64,4096,1,contiguous,noncontiguous,out_fft_complex64_4096_1_contiguous_noncontiguous,0.0395357169359,0.0391290494328,0.000286991592845,7,364,ok,
c222,out,fft,complex64,4096,1,contiguous,negative,out_fft_complex64_4096_1_contiguous_negative,0.0396562919549,0.0393633378317,3.81212983582e-05,7,370,ok,
c222,out,fft,complex64,4096,8,contiguous,separate,out_fft_complex64_4096_8_contiguous_separate,0.183170511653,0.18182145064,0.00134906101328,7,133,ok,
c222,out,fft,complex64,4096,8,contiguous,noncontiguous,out_fft_complex64_4096_8_contiguous_noncontiguous,0.186635239018,0.185734837149,0.000900401869136,7,117,ok,
c222,out,fft,complex64,4096,8,contiguous,negative,out_fft_complex64_4096_8_contiguous_negative,0.18386899125,0.182673425297,0.0011637583763,7,120,ok,
c222,overlap,fft,complex64,64,1,contiguous,inplace,overlap_fft_complex64_64_1_contiguous_inplace,0.00428324751556,0.00426533952123,1.79079943337e-05,7,2000,ok,
c222,overlap,fft,complex64,64,1,contiguous,partial_overlap,overlap_fft_complex64_64_1_contiguous_partial_overlap,0.0042498105322,0.00419460248668,4.41080192104e-05,7,2000,ok,
c222,overlap,fft,complex64,64,8,contiguous,inplace,overlap_fft_complex64_64_8_contiguous_inplace,0.00587959320465,0.00577388182047,3.46003744368e-05,7,1819,ok,
c222,overlap,fft,complex64,64,8,contiguous,partial_overlap,overlap_fft_complex64_64_8_contiguous_partial_overlap,0.00599057853942,0.00588250992544,6.6572857859e-05,7,1763,ok,
c222,overlap,fft,complex64,4096,1,contiguous,inplace,overlap_fft_complex64_4096_1_contiguous_inplace,0.0395591853192,0.0386204237732,0.000896384756383,7,361,ok,
c222,overlap,fft,complex64,4096,1,contiguous,partial_overlap,overlap_fft_complex64_4096_1_contiguous_partial_overlap,0.0395613425771,0.0387076823086,0.000510600764993,7,368,ok,
c222,overlap,fft,complex64,4096,8,contiguous,inplace,overlap_fft_complex64_4096_8_contiguous_inplace,0.201366832018,0.188049908287,0.00417764913575,7,131,ok,
c222,overlap,fft,complex64,4096,8,contiguous,partial_overlap,overlap_fft_complex64_4096_8_contiguous_partial_overlap,0.182842849013,0.181680523162,0.00116232585049,7,132,ok,
c222,out,fft,complex128,64,1,contiguous,separate,out_fft_complex128_64_1_contiguous_separate,0.00354192347731,0.00346073700348,8.11864738353e-05,7,2000,ok,
c222,out,fft,complex128,64,1,contiguous,noncontiguous,out_fft_complex128_64_1_contiguous_noncontiguous,0.0034474270069,0.00343732303008,4.90894308314e-06,7,2000,ok,
c222,out,fft,complex128,64,1,contiguous,negative,out_fft_complex128_64_1_contiguous_negative,0.00354299554601,0.00345453049522,5.42915659025e-05,7,2000,ok,
c222,out,fft,complex128,64,8,contiguous,separate,out_fft_complex128_64_8_contiguous_separate,0.00458008702844,0.00456239900086,4.32302476838e-06,7,2000,ok,
c222,out,fft,complex128,64,8,contiguous,noncontiguous,out_fft_complex128_64_8_contiguous_noncontiguous,0.00460489297984,0.00455077248625,2.05229735002e-05,7,2000,ok,
c222,out,fft,complex128,64,8,contiguous,negative,out_fft_complex128_64_8_contiguous_negative,0.00460705248406,0.00452145253075,7.07274884917e-05,7,2000,ok,
c222,out,fft,complex128,4096,1,contiguous,separate,out_fft_complex128_4096_1_contiguous_separate,0.0354488699801,0.0352939642486,8.94541866431e-05,7,392,ok,
c222,out,fft,complex128,4096,1,contiguous,noncontiguous,out_fft_complex128_4096_1_contiguous_noncontiguous,0.0363266444765,0.036136523254,0.000131507608175,7,388,ok,
c222,out,fft,complex128,4096,1,contiguous,negative,out_fft_complex128_4096_1_contiguous_negative,0.0358644714393,0.0358155012326,4.89702067359e-05,7,401,ok,
c222,out,fft,complex128,4096,8,contiguous,separate,out_fft_complex128_4096_8_contiguous_separate,0.168824766297,0.167447926942,0.000672926350186,7,150,ok,
c222,out,fft,complex128,4096,8,contiguous,noncontiguous,out_fft_complex128_4096_8_contiguous_noncontiguous,0.168464631205,0.167905708861,0.0005589223447,7,141,ok,
c222,out,fft,complex128,4096,8,contiguous,negative,out_fft_complex128_4096_8_contiguous_negative,0.166952873114,0.165905779383,0.000502280114839,7,150,ok,
c222,overlap,fft,complex128,64,1,contiguous,inplace,overlap_fft_complex128_64_1_contiguous_inplace,0.00347773346584,0.00346108747181,1.39809562825e-05,7,2000,ok,
c222,overlap,fft,complex128,64,1,contiguous,partial_overlap,overlap_fft_complex128_64_1_contiguous_partial_overlap,0.00349898799323,0.00347107648849,1.76235334948e-05,7,2000,ok,
c222,overlap,fft,complex128,64,8,contiguous,inplace,overlap_fft_complex128_64_8_contiguous_inplace,0.00449469749583,0.0044585649739,3.61325219274e-05,7,2000,ok,
c222,overlap,fft,complex128,64,8,contiguous,partial_overlap,overlap_fft_complex128_64_8_contiguous_partial_overlap,0.0045589475194,0.00454187550349,1.70720159076e-05,7,2000,ok,
c222,overlap,fft,complex128,4096,1,contiguous,inplace,overlap_fft_complex128_4096_1_contiguous_inplace,0.0352420272122,0.0349755309821,6.83975946388e-05,7,405,ok,
c222,overlap,fft,complex128,4096,1,contiguous,partial_overlap,overlap_fft_complex128_4096_1_contiguous_partial_overlap,0.0354766119752,0.0352025848953,4.84937033101e-05,7,407,ok,
c222,overlap,fft,complex128,4096,8,contiguous,inplace,overlap_fft_complex128_4096_8_contiguous_inplace,0.163534437793,0.162263960864,0.00119333998513,7,153,ok,
c222,overlap,fft,complex128,4096,8,contiguous,partial_overlap,overlap_fft_complex128_4096_8_contiguous_partial_overlap,0.165857858366,0.165415415376,0.000289628203486,7,142,ok,
c222,out,ifft,complex64,64,1,contiguous,separate,out_ifft_complex64_64_1_contiguous_separate,0.00432979155278,0.00430144656614,2.00279329812e-05,7,1113,ok,
c222,out,ifft,complex64,64,1,contiguous,noncontiguous,out_ifft_complex64_64_1_contiguous_noncontiguous,0.0043760810513,0.00435335352086,7.43358395994e-06,7,2000,ok,
c222,out,ifft,complex64,64,1,contiguous,negative,out_ifft_complex64_64_1_contiguous_negative,0.00430181750562,0.00424191053025,5.99069753662e-05,7,2000,ok,
c222,out,ifft,complex64,64,8,contiguous,separate,out_ifft_complex64_64_8_contiguous_separate,0.00605387637919,0.0060357164354,1.54479485947e-05,7,1788,ok,
c222,out,ifft,complex64,64,8,contiguous,noncontiguous,out_ifft_complex64_64_8_contiguous_noncontiguous,0.0060410933432,0.00599986517984,2.33924187268e-05,7,1929,ok,
c222,out,ifft,complex64,64,8,contiguous,negative,out_ifft_complex64_64_8_contiguous_negative,0.00606800051218,0.00606133808757,6.66242460263e-06,7,1967,ok,
c222,out,ifft,complex64,4096,1,contiguous,separate,out_ifft_complex64_4096_1_contiguous_separate,0.0373668152234,0.0373100079252,3.19838042231e-05,7,379,ok,
c222,out,ifft,complex64,4096,1,contiguous,noncontiguous,out_ifft_complex64_4096_1_contiguous_noncontiguous,0.0375509815134,0.0375315511545,1.35432879912e-05,7,381,ok,
c222,out,ifft,complex64,4096,1,contiguous,negative,out_ifft_complex64_4096_1_contiguous_negative,0.037515581912,0.037359888363,0.000106353107114,7,385,ok,
c222,out,ifft,complex64,4096,8,contiguous,separate,out_ifft_complex64_4096_8_contiguous_separate,0.164102006238,0.163899395327,7.91647165131e-05,7,152,ok,
c222,out,ifft,complex64,4096,8,contiguous,noncontiguous,out_ifft_complex64_4096_8_contiguous_noncontiguous,0.164381200448,0.164176214021,8.30266314248e-05,7,150,ok,
c222,out,ifft,complex64,4096,8,contiguous,negative,out_ifft_complex64_4096_8_contiguous_negative,0.164137591798,0.163820821878,0.000226269261666,7,152,ok,
c222,overlap,ifft,complex64,64,1,contiguous,inplace,overlap_ifft_complex64_64_1_contiguous_inplace,0.00447930849623,0.00445757346461,1.59494811669e-05,7,2000,ok,
c222,overlap,ifft,complex64,64,1,contiguous,partial_overlap,overlap_ifft_complex64_64_1_contiguous_partial_overlap,0.00449100049445,0.00447682396043,1.71799911186e-06,7,2000,ok,
c222,overlap,ifft,complex64,64,8,contiguous,inplace,overlap_ifft_complex64_64_8_contiguous_inplace,0.00617769599457,0.00611864622383,8.69950054953e-06,7,1990,ok,
c222,overlap,ifft,complex64,64,8,contiguous,partial_overlap,overlap_ifft_complex64_64_8_contiguous_partial_overlap,0.00612653123201,0.00608705678629,2.18623088999e-05,7,1954,ok,
c222,overlap,ifft,complex64,4096,1,contiguous,inplace,overlap_ifft_complex64_4096_1_contiguous_inplace,0.037462160751,0.0372569340183,2.44392523248e-05,7,380,ok,
c222,overlap,ifft,complex64,4096,1,contiguous,partial_overlap,overlap_ifft_complex64_4096_1_contiguous_partial_overlap,0.0373463462893,0.0372655989243,6.92189132678e-05,7,384,ok,
c222,overlap,ifft,complex64,4096,8,contiguous,inplace,overlap_ifft_complex64_4096_8_contiguous_inplace,0.164053205475,0.164011874181,4.13312940605e-05,7,151,ok,
c222,overlap,ifft,complex64,4096,8,contiguous,partial_overlap,overlap_ifft_complex64_4096_8_contiguous_partial_overlap,0.163852436844,0.163717550034,4.89006028665e-05,7,151,ok,
c222,out,ifft,complex128,64,1,contiguous,separate,out_ifft_complex128_64_1_contiguous_separate,0.00445433700224,0.00442716147518,1.42360222526e-05,7,2000,ok,
c222,out,ifft,complex128,64,1,contiguous,noncontiguous,out_ifft_complex128_64_1_contiguous_noncontiguous,0.00440513546346,0.00438178650802,2.33489554375e-05,7,2000,ok,
c222,out,ifft,complex128,64,1,contiguous,negative,out_ifft_complex128_64_1_contiguous_negative,0.00433772453107,0.00427655503154,6.11694995314e-05,7,2000,ok,
c222,out,ifft,complex128,64,8,contiguous,separate,out_ifft_complex128_64_8_contiguous_separate,0.0056302803241,0.00557977976066,4.24491336319e-05,7,1848,ok,
c222,out,ifft,complex128,64,8,contiguous,noncontiguous,out_ifft_complex128_64_8_contiguous_noncontiguous,0.0056437329622,0.00560457998654,1.45469675772e-05,7,2000,ok,
c222,out,ifft,complex128,64,8,contiguous,negative,out_ifft_complex128_64_8_contiguous_negative,0.00560115848202,0.00559152045753,9.63802449405e-06,7,2000,ok,
c222,out,ifft,complex128,4096,1,contiguous,separate,out_ifft_complex128_4096_1_contiguous_separate,0.0375895025699,0.0375647211178,9.01575396327e-06,7,380,ok,
c222,out,ifft,complex128,4096,1,contiguous,noncontiguous,out_ifft_complex128_4096_1_contiguous_noncontiguous,0.0382117746121,0.0381690131337,4.27614783853e-05,7,377,ok,
c222,out,ifft,complex128,4096,1,contiguous,negative,out_ifft_complex128_4096_1_contiguous_negative,0.0375426112592,0.0374857459936,4.82484206094e-05,7,386,ok,
c222,out,ifft,complex128,4096,8,contiguous,separate,out_ifft_complex128_4096_8_contiguous_separate,0.173513916606,0.173089860861,0.000357541365601,7,144,ok,
c222,out,ifft,complex128,4096,8,contiguous,noncontiguous,out_ifft_complex128_4096_8_contiguous_noncontiguous,0.174979276374,0.174311928431,0.000477843614071,7,141,ok,
c222,out,ifft,complex128,4096,8,contiguous,negative,out_ifft_complex128_4096_8_contiguous_negative,0.173467305204,0.173135361466,0.000208242757556,7,144,ok,
c222,overlap,ifft,complex128,64,1,contiguous,inplace,overlap_ifft_complex128_64_1_contiguous_inplace,0.0045045860461,0.00446717097657,1.0434538126e-05,7,2000,ok,
c222,overlap,ifft,complex128,64,1,contiguous,partial_overlap,overlap_ifft_complex128_64_1_contiguous_partial_overlap,0.00447716447525,0.00444259052165,4.5130145736e-06,7,2000,ok,
c222,overlap,ifft,complex128,64,8,contiguous,inplace,overlap_ifft_complex128_64_8_contiguous_inplace,0.00573582319726,0.0056945420309,2.68206826085e-05,7,1985,ok,
c222,overlap,ifft,complex128,64,8,contiguous,partial_overlap,overlap_ifft_complex128_64_8_contiguous_partial_overlap,0.00579310202738,0.00574968097499,1.25729711726e-05,7,2000,ok,
c222,overlap,ifft,complex128,4096,1,contiguous,inplace,overlap_ifft_complex128_4096_1_contiguous_inplace,0.0383675865208,0.0379528934136,0.000109829008579,7,375,ok,
c222,overlap,ifft,complex128,4096,1,contiguous,partial_overlap,overlap_ifft_complex128_4096_1_contiguous_partial_overlap,0.0383997338507,0.0381717260833,0.000208396120294,7,376,ok,
c222,overlap,ifft,complex128,4096,8,contiguous,inplace,overlap_ifft_complex128_4096_8_contiguous_inplace,0.175376971754,0.174486375553,0.000890596201709,7,141,ok,
c222,overlap,ifft,complex128,4096,8,contiguous,partial_overlap,overlap_ifft_complex128_4096_8_contiguous_partial_overlap,0.174018747857,0.173203122011,0.000815625845207,7,139,ok,
final,direct,fft,complex64,64,1,contiguous,,direct_fft_complex64_64_1_contiguous_,0.00484576378548,0.00480899741825,3.25688923677e-05,7,1160,ok,
final,direct,fft,complex64,64,2,contiguous,,direct_fft_complex64_64_2_contiguous_,0.00577571834998,0.00574150222172,9.06484371735e-06,7,1587,ok,
final,direct,fft,complex64,64,4,contiguous,,direct_fft_complex64_64_4_contiguous_,0.00611824161629,0.00609034842705,1.59753334419e-05,7,1788,ok,
final,direct,fft,complex64,64,8,contiguous,,direct_fft_complex64_64_8_contiguous_,0.00703722405653,0.00700980013404,8.34502043709e-06,7,1736,ok,
final,direct,fft,complex64,64,16,contiguous,,direct_fft_complex64_64_16_contiguous_,0.00843672536178,0.00838888934769,3.17597808254e-05,7,1482,ok,
final,direct,fft,complex64,64,32,contiguous,,direct_fft_complex64_64_32_contiguous_,0.0121399477799,0.0120335721695,1.43631023183e-05,7,1206,ok,
final,direct,fft,complex64,64,64,contiguous,,direct_fft_complex64_64_64_contiguous_,0.0179231224121,0.0177963867366,7.13684344197e-05,7,817,ok,
final,direct,fft,complex64,64,256,contiguous,,direct_fft_complex64_64_256_contiguous_,0.209286434414,0.208355565353,0.000324339160453,7,115,ok,
final,direct,fft,complex64,256,1,contiguous,,direct_fft_complex64_256_1_contiguous_,0.00641959385599,0.00633574350828,1.86989691126e-05,7,1684,ok,
final,direct,fft,complex64,256,2,contiguous,,direct_fft_complex64_256_2_contiguous_,0.00789659803889,0.0078727897,7.59295785842e-06,7,1408,ok,
final,direct,fft,complex64,256,4,contiguous,,direct_fft_complex64_256_4_contiguous_,0.00955797637606,0.00954294421428,1.31558207119e-05,7,1309,ok,
final,direct,fft,complex64,256,8,contiguous,,direct_fft_complex64_256_8_contiguous_,0.0132171532563,0.0131070280946,4.37495311748e-05,7,998,ok,
final,direct,fft,complex64,256,16,contiguous,,direct_fft_complex64_256_16_contiguous_,0.0205485457225,0.0204253657776,5.04631230437e-05,7,678,ok,
final,direct,fft,complex64,256,32,contiguous,,direct_fft_complex64_256_32_contiguous_,0.0347690202761,0.0345174502581,0.000183390220627,7,200,ok,
final,direct,fft,complex64,256,64,contiguous,,direct_fft_complex64_256_64_contiguous_,0.221125428057,0.220632054631,0.000493373425508,7,110,ok,
final,direct,fft,complex64,256,256,contiguous,,direct_fft_complex64_256_256_contiguous_,0.966310319491,0.961119798012,0.00465068034828,7,25,ok,
final,direct,fft,complex64,1024,1,contiguous,,direct_fft_complex64_1024_1_contiguous_,0.0109667647666,0.0108954072654,3.96861981662e-05,7,1029,ok,
final,direct,fft,complex64,1024,2,contiguous,,direct_fft_complex64_1024_2_contiguous_,0.0183506090149,0.0182628823199,8.77266950251e-05,7,706,ok,
final,direct,fft,complex64,1024,4,contiguous,,direct_fft_complex64_1024_4_contiguous_,0.027463042679,0.0272783371367,8.36238781236e-05,7,516,ok,
final,direct,fft,complex64,1024,8,contiguous,,direct_fft_complex64_1024_8_contiguous_,0.0447983999038,0.0445144699188,0.00023077998776,7,200,ok,
final,direct,fft,complex64,1024,16,contiguous,,direct_fft_complex64_1024_16_contiguous_,0.0797758594854,0.0794059201144,0.000125739024952,7,200,ok,
final,direct,fft,complex64,1024,32,contiguous,,direct_fft_complex64_1024_32_contiguous_,0.149706506483,0.148902638007,0.000550829051798,7,152,ok,
final,direct,fft,complex64,1024,64,contiguous,,direct_fft_complex64_1024_64_contiguous_,1.01278983251,1.00874770821,0.00170487813496,7,24,ok,
final,direct,fft,complex64,1024,256,contiguous,,direct_fft_complex64_1024_256_contiguous_,2.66435241792,2.65292858239,0.00293549965136,7,12,ok,
final,direct,fft,complex64,2048,1,contiguous,,direct_fft_complex64_2048_1_contiguous_,0.0177997723092,0.0177783770916,2.13952175753e-05,7,716,ok,
final,direct,fft,complex64,2048,2,contiguous,,direct_fft_complex64_2048_2_contiguous_,0.0331622994843,0.0330071274701,6.02781513425e-05,7,424,ok,
final,direct,fft,complex64,2048,4,contiguous,,direct_fft_complex64_2048_4_contiguous_,0.0532810902223,0.0528064498212,0.000208395649679,7,200,ok,
final,direct,fft,complex64,2048,8,contiguous,,direct_fft_complex64_2048_8_contiguous_,0.0943190645194,0.093876440078,0.000186349498108,7,200,ok,
final,direct,fft,complex64,2048,16,contiguous,,direct_fft_complex64_2048_16_contiguous_,0.175972364377,0.174646171009,0.000407621597073,7,140,ok,
final,direct,fft,complex64,2048,32,contiguous,,direct_fft_complex64_2048_32_contiguous_,0.335915881181,0.331946686883,0.00136702863583,7,67,ok,
final,direct,fft,complex64,2048,64,contiguous,,direct_fft_complex64_2048_64_contiguous_,0.647591199959,0.645327946404,0.0022632535547,7,20,ok,
final,direct,fft,complex64,2048,256,contiguous,,direct_fft_complex64_2048_256_contiguous_,4.72606299445,4.65601384972,0.0603368638882,7,7,ok,
final,direct,fft,complex64,3072,1,contiguous,,direct_fft_complex64_3072_1_contiguous_,0.0246919981149,0.0244699116446,7.97659462593e-05,7,521,ok,
final,direct,fft,complex64,3072,2,contiguous,,direct_fft_complex64_3072_2_contiguous_,0.0484564300859,0.0479943153914,8.91648232937e-05,7,200,ok,
final,direct,fft,complex64,3072,4,contiguous,,direct_fft_complex64_3072_4_contiguous_,0.0808055797825,0.0803327502217,0.000290090101771,7,200,ok,
final,direct,fft,complex64,3072,8,contiguous,,direct_fft_complex64_3072_8_contiguous_,0.14242234722,0.141973212115,0.000406694187618,7,170,ok,
final,direct,fft,complex64,3072,16,contiguous,,direct_fft_complex64_3072_16_contiguous_,0.267013515626,0.265678762639,0.00100305318953,7,93,ok,
final,direct,fft,complex64,3072,32,contiguous,,direct_fft_complex64_3072_32_contiguous_,0.518348347396,0.514871848281,0.00304319546558,7,20,ok,
final,direct,fft,complex64,3072,64,contiguous,,direct_fft_complex64_3072_64_contiguous_,1.04623705265,1.03346520336,0.00444180332124,7,20,ok,
final,direct,fft,complex64,3072,256,contiguous,,direct_fft_complex64_3072_256_contiguous_,7.05544999801,6.98917021509,0.0462403986603,7,5,ok,
final,direct,fft,complex64,3584,1,contiguous,,direct_fft_complex64_3584_1_contiguous_,0.0288234614778,0.0273717946367,0.00145166684108,7,336,ok,
final,direct,fft,complex64,3584,2,contiguous,,direct_fft_complex64_3584_2_contiguous_,0.0542293052422,0.0536193151493,0.000386924948543,7,200,ok,
final,direct,fft,complex64,3584,4,contiguous,,direct_fft_complex64_3584_4_contiguous_,0.089476070134,0.0889760354767,0.000317594967782,7,200,ok,
final,direct,fft,complex64,3584,8,contiguous,,direct_fft_complex64_3584_8_contiguous_,0.1618556447,0.16143010534,0.000343795890283,7,152,ok,
final,direct,fft,complex64,3584,16,contiguous,,direct_fft_complex64_3584_16_contiguous_,0.301381524811,0.300771840734,0.000583158419808,7,82,ok,
final,direct,fft,complex64,3584,32,contiguous,,direct_fft_complex64_3584_32_contiguous_,0.590589753119,0.58903284953,0.001095054904,7,20,ok,
final,direct,fft,complex64,3584,64,contiguous,,direct_fft_complex64_3584_64_contiguous_,1.1603476014,1.15614074748,0.0032325508073,7,20,ok,
final,direct,fft,complex64,3584,256,contiguous,,direct_fft_complex64_3584_256_contiguous_,7.98022549134,7.95064048725,0.0218052591663,7,4,ok,
final,direct,fft,complex64,4095,1,contiguous,,direct_fft_complex64_4095_1_contiguous_,0.0434405896934,0.0430574983431,0.000166856905245,7,307,ok,
final,direct,fft,complex64,4095,2,contiguous,,direct_fft_complex64_4095_2_contiguous_,0.0760410854127,0.0753790000454,0.00056134944316,7,200,ok,
final,direct,fft,complex64,4095,4,contiguous,,direct_fft_complex64_4095_4_contiguous_,0.13850605006,0.138097916152,0.000341978137428,7,179,ok,
final,direct,fft,complex64,4095,8,contiguous,,direct_fft_complex64_4095_8_contiguous_,0.263881252,0.261068210545,0.00178807439577,7,95,ok,
final,direct,fft,complex64,4095,16,contiguous,,direct_fft_complex64_4095_16_contiguous_,0.507930708409,0.502043042313,0.0019910003175,7,48,ok,
final,direct,fft,complex64,4095,32,contiguous,,direct_fft_complex64_4095_32_contiguous_,1.00453164778,0.996057351585,0.00764625146985,7,20,ok,
final,direct,fft,complex64,4095,64,contiguous,,direct_fft_complex64_4095_64_contiguous_,2.00073112158,1.99393070002,0.00623106846915,7,17,ok,
final,direct,fft,complex64,4095,256,contiguous,,direct_fft_complex64_4095_256_contiguous_,11.7650280008,11.4698215039,0.057672499679,7,2,ok,
final,direct,fft,complex64,4096,1,contiguous,,direct_fft_complex64_4096_1_contiguous_,0.0342718267348,0.0341279593734,6.07040568198e-05,7,392,ok,
final,direct,fft,complex64,4096,2,contiguous,,direct_fft_complex64_4096_2_contiguous_,0.0609511096263,0.0607629551087,0.00012869015336,7,200,ok,
final,direct,fft,complex64,4096,4,contiguous,,direct_fft_complex64_4096_4_contiguous_,0.10264651035,0.102004164946,0.000396289979108,7,200,ok,
final,direct,fft,complex64,4096,8,contiguous,,direct_fft_complex64_4096_8_contiguous_,0.185502240525,0.184021196048,0.00101497704933,7,133,ok,
final,direct,fft,complex64,4096,16,contiguous,,direct_fft_complex64_4096_16_contiguous_,0.349311956338,0.346282442167,0.000999001453498,7,70,ok,
final,direct,fft,complex64,4096,32,contiguous,,direct_fft_complex64_4096_32_contiguous_,0.669095350895,0.664069945924,0.00159150222316,7,20,ok,
final,direct,fft,complex64,4096,64,contiguous,,direct_fft_complex64_4096_64_contiguous_,1.33949160227,1.33589140023,0.00360020203516,7,20,ok,
final,direct,fft,complex64,4096,256,contiguous,,direct_fft_complex64_4096_256_contiguous_,9.26843297202,9.10877129839,0.117365969345,7,3,ok,
final,direct,fft,complex64,4097,1,contiguous,,direct_fft_complex64_4097_1_contiguous_,0.117066165087,0.116280371266,0.000271535737766,5,194,ok,
final,direct,fft,complex64,4097,2,contiguous,,direct_fft_complex64_4097_2_contiguous_,0.192553410487,0.192135348627,0.00025054201657,5,129,ok,
final,direct,fft,complex64,4097,4,contiguous,,direct_fft_complex64_4097_4_contiguous_,0.372553364176,0.369494606275,0.00305875790108,5,66,ok,
final,direct,fft,complex64,4097,8,contiguous,,direct_fft_complex64_4097_8_contiguous_,0.7340290626,0.731482787876,0.00254627472411,5,33,ok,
final,direct,fft,complex64,4097,16,contiguous,,direct_fft_complex64_4097_16_contiguous_,1.45260434947,1.44259365043,0.0100106990431,5,20,ok,
final,direct,fft,complex64,4097,32,contiguous,,direct_fft_complex64_4097_32_contiguous_,2.976390603,2.92836190201,0.0139370094985,5,10,ok,
final,direct,fft,complex64,4097,64,contiguous,,direct_fft_complex64_4097_64_contiguous_,5.97394458018,5.87531840429,0.011475617066,5,5,ok,
final,direct,fft,complex64,4097,256,contiguous,,direct_fft_complex64_4097_256_contiguous_,27.3598770145,27.2653000429,0.0366079621017,5,1,ok,
final,direct,fft,complex64,4608,1,contiguous,,direct_fft_complex64_4608_1_contiguous_,0.0343714299379,0.0339854549384,0.000340335536748,5,200,ok,
final,direct,fft,complex64,4608,2,contiguous,,direct_fft_complex64_4608_2_contiguous_,0.0735854503,0.0731843546964,0.000401095603593,5,200,ok,
final,direct,fft,complex64,4608,4,contiguous,,direct_fft_complex64_4608_4_contiguous_,0.125981199113,0.124856551078,0.000509775566811,5,196,ok,
final,direct,fft,complex64,4608,8,contiguous,,direct_fft_complex64_4608_8_contiguous_,0.23067430294,0.225437083068,0.00255375164945,5,109,ok,
final,direct,fft,complex64,4608,16,contiguous,,direct_fft_complex64_4608_16_contiguous_,0.433104147669,0.430474302266,0.000598200131208,5,20,ok,
final,direct,fft,complex64,4608,32,contiguous,,direct_fft_complex64_4608_32_contiguous_,0.847869645804,0.846624799306,0.000979844480753,5,20,ok,
final,direct,fft,complex64,4608,64,contiguous,,direct_fft_complex64_4608_64_contiguous_,1.69758924749,1.67807579855,0.00288240262307,5,20,ok,
final,direct,fft,complex64,4608,256,contiguous,,direct_fft_complex64_4608_256_contiguous_,11.1746120189,10.9659459752,0.0435816667353,5,3,ok,
final,direct,fft,complex64,8192,1,contiguous,,direct_fft_complex64_8192_1_contiguous_,0.0660315447021,0.065499600023,0.000244005350396,5,200,ok,
final,direct,fft,complex64,8192,2,contiguous,,direct_fft_complex64_8192_2_contiguous_,0.127461777488,0.126955704402,0.000506073086875,5,193,ok,
final,direct,fft,complex64,8192,4,contiguous,,direct_fft_complex64_8192_4_contiguous_,0.232732847023,0.230733295237,0.00032136172411,5,105,ok,
final,direct,fft,complex64,8192,8,contiguous,,direct_fft_complex64_8192_8_contiguous_,0.432064826153,0.430447980762,0.000367039599671,5,52,ok,
final,direct,fft,complex64,8192,16,contiguous,,direct_fft_complex64_8192_16_contiguous_,0.812980503542,0.810193299549,0.00278720399365,5,20,ok,
final,direct,fft,complex64,8192,32,contiguous,,direct_fft_complex64_8192_32_contiguous_,1.61549444892,1.59294134937,0.00172214931808,5,20,ok,
final,direct,fft,complex64,8192,64,contiguous,,direct_fft_complex64_8192_64_contiguous_,3.56001278851,3.52233244727,0.0316625357502,5,9,ok,
final,direct,fft,complex64,8192,256,contiguous,,direct_fft_complex64_8192_256_contiguous_,20.2385999728,20.0662079733,0.0628179404885,5,1,ok,
final,direct,fft,complex64,16384,1,contiguous,,direct_fft_complex64_16384_1_contiguous_,0.194540634448,0.194021484016,0.000519150431963,5,126,ok,
final,direct,fft,complex64,16384,2,contiguous,,direct_fft_complex64_16384_2_contiguous_,0.382609799719,0.380635490784,0.00197430893492,5,65,ok,
final,direct,fft,complex64,16384,4,contiguous,,direct_fft_complex64_16384_4_contiguous_,0.751760668319,0.749908394716,0.000543758329569,5,33,ok,
final,direct,fft,complex64,16384,8,contiguous,,direct_fft_complex64_16384_8_contiguous_,1.50318624801,1.49214864941,0.00228624558076,5,20,ok,
final,direct,fft,complex64,16384,16,contiguous,,direct_fft_complex64_16384_16_contiguous_,2.95599945821,2.93822353706,0.017775921151,5,11,ok,
final,direct,fft,complex64,16384,32,contiguous,,direct_fft_complex64_16384_32_contiguous_,6.08315039426,5.98111001309,0.0744772143662,5,5,ok,
final,direct,fft,complex64,16384,64,contiguous,,direct_fft_complex64_16384_64_contiguous_,16.8458539993,16.666529933,0.0859909923747,5,1,ok,
final,direct,fft,complex64,16384,256,contiguous,,direct_fft_complex64_16384_256_contiguous_,62.3864680529,61.8791410234,0.276115955785,5,1,ok,
final,direct,fft,complex64,32768,1,contiguous,,direct_fft_complex64_32768_1_contiguous_,0.445847017339,0.443115678862,0.000841375264638,5,53,ok,
final,direct,fft,complex64,32768,2,contiguous,,direct_fft_complex64_32768_2_contiguous_,0.877461370288,0.872908039363,0.00218781470149,5,27,ok,
final,direct,fft,complex64,32768,4,contiguous,,direct_fft_complex64_32768_4_contiguous_,1.75246063277,1.74753563356,0.00355242579979,5,19,ok,
final,direct,fft,complex64,32768,8,contiguous,,direct_fft_complex64_32768_8_contiguous_,3.49913478001,3.49176534089,0.00563156532331,5,9,ok,
final,direct,fft,complex64,32768,16,contiguous,,direct_fft_complex64_32768_16_contiguous_,7.48128647683,7.24648823962,0.14716971782,5,4,ok,
final,direct,fft,complex64,32768,32,contiguous,,direct_fft_complex64_32768_32_contiguous_,20.410461002,20.2094659908,0.157574075274,5,1,ok,
final,direct,fft,complex64,32768,64,contiguous,,direct_fft_complex64_32768_64_contiguous_,36.0774139408,35.2555400459,0.253873877227,5,1,ok,
final,direct,fft,complex64,32768,256,contiguous,,direct_fft_complex64_32768_256_contiguous_,142.383959959,141.380738001,0.544375972822,5,1,ok,
final,direct,fft,complex64,65536,1,contiguous,,direct_fft_complex64_65536_1_contiguous_,0.945769120008,0.943438401446,0.00233071856201,5,25,ok,
final,direct,fft,complex64,65536,2,contiguous,,direct_fft_complex64_65536_2_contiguous_,1.87260488747,1.85621983837,0.00732366849358,5,18,ok,
final,direct,fft,complex64,65536,4,contiguous,,direct_fft_complex64_65536_4_contiguous_,3.79094399977,3.76467722365,0.00201155328088,5,9,ok,
final,direct,fft,complex64,65536,8,contiguous,,direct_fft_complex64_65536_8_contiguous_,7.88219773676,7.82928377157,0.0350680202246,5,4,ok,
final,direct,fft,complex64,65536,16,contiguous,,direct_fft_complex64_65536_16_contiguous_,20.8201260539,20.4227740178,0.352587900124,5,1,ok,
final,direct,fft,complex64,65536,32,contiguous,,direct_fft_complex64_65536_32_contiguous_,39.0894180164,38.973743096,0.110536115244,5,1,ok,
final,direct,fft,complex64,65536,64,contiguous,,direct_fft_complex64_65536_64_contiguous_,78.1805089209,77.7632800164,0.417228904553,5,1,ok,
final,direct,fft,complex64,65536,256,contiguous,,direct_fft_complex64_65536_256_contiguous_,309.675298049,307.151184999,1.73059105873,5,1,ok,
final,direct,fft,complex128,64,1,contiguous,,direct_fft_complex128_64_1_contiguous_,0.00400173012167,0.00398647140334,1.52587183291e-05,7,1975,ok,
final,direct,fft,complex128,64,2,contiguous,,direct_fft_complex128_64_2_contiguous_,0.00457271086899,0.00452795457518,1.53291462497e-05,7,1100,ok,
final,direct,fft,complex128,64,4,contiguous,,direct_fft_complex128_64_4_contiguous_,0.00489127298351,0.0048786844709,1.25885126181e-05,7,2000,ok,
final,direct,fft,complex128,64,8,contiguous,,direct_fft_complex128_64_8_contiguous_,0.00572462897981,0.0056795499986,6.92752655596e-06,7,2000,ok,
final,direct,fft,complex128,64,16,contiguous,,direct_fft_complex128_64_16_contiguous_,0.0070477819734,0.00696673721788,3.43514987803e-05,7,1880,ok,
final,direct,fft,complex128,64,32,contiguous,,direct_fft_complex128_64_32_contiguous_,0.00973106969108,0.00966795288798,3.29608315208e-05,7,1507,ok,
final,direct,fft,complex128,64,64,contiguous,,direct_fft_complex128_64_64_contiguous_,0.0154845500296,0.0153550494241,6.97972450972e-05,7,809,ok,
final,direct,fft,complex128,64,256,contiguous,,direct_fft_complex128_64_256_contiguous_,0.0430759845767,0.0426949199755,0.000131144770421,7,200,ok,
final,direct,fft,complex128,256,1,contiguous,,direct_fft_complex128_256_1_contiguous_,0.00529202149482,0.00526366854319,1.6100006178e-05,7,2000,ok,
final,direct,fft,complex128,256,2,contiguous,,direct_fft_complex128_256_2_contiguous_,0.00640801459186,0.00637556870857,3.13879997865e-05,7,1572,ok,
final,direct,fft,complex128,256,4,contiguous,,direct_fft_complex128_256_4_contiguous_,0.00794689065766,0.00786782287019,1.59382803889e-05,7,1491,ok,
final,direct,fft,complex128,256,8,contiguous,,direct_fft_complex128_256_8_contiguous_,0.0109431526862,0.010890643065,4.32827117681e-05,7,1199,ok,
final,direct,fft,complex128,256,16,contiguous,,direct_fft_complex128_256_16_contiguous_,0.0171333534266,0.0168166516143,0.000205856427962,7,815,ok,
final,direct,fft,complex128,256,32,contiguous,,direct_fft_complex128_256_32_contiguous_,0.029949870077,0.0287064496661,0.00104725011624,7,200,ok,
final,direct,fft,complex128,256,64,contiguous,,direct_fft_complex128_256_64_contiguous_,0.0535804446554,0.0532690598629,0.00018609513063,7,200,ok,
final,direct,fft,complex128,256,256,contiguous,,direct_fft_complex128_256_256_contiguous_,0.196686944946,0.195812968741,0.000204367097467,7,128,ok,
final,direct,fft,complex128,1024,1,contiguous,,direct_fft_complex128_1024_1_contiguous_,0.0093609696363,0.00931991594549,1.73099051186e-05,7,1249,ok,
final,direct,fft,complex128,1024,2,contiguous,,direct_fft_complex128_1024_2_contiguous_,0.0160193003678,0.0158815713763,0.000114302788844,7,819,ok,
final,direct,fft,complex128,1024,4,contiguous,,direct_fft_complex128_1024_4_contiguous_,0.0235660033206,0.0234745101514,7.38491446285e-05,7,590,ok,
final,direct,fft,complex128,1024,8,contiguous,,direct_fft_complex128_1024_8_contiguous_,0.0391173403477,0.03902106022,8.69651557878e-05,7,200,ok,
final,direct,fft,complex128,1024,16,contiguous,,direct_fft_complex128_1024_16_contiguous_,0.0694863445824,0.0692904304015,5.82548091188e-05,7,200,ok,
final,direct,fft,complex128,1024,32,contiguous,,direct_fft_complex128_1024_32_contiguous_,0.130127763106,0.129757705757,0.00037005734875,7,190,ok,
final,direct,fft,complex128,1024,64,contiguous,,direct_fft_complex128_1024_64_contiguous_,0.250601520529,0.249828479718,0.000671350862831,7,100,ok,
final,direct,fft,complex128,1024,256,contiguous,,direct_fft_complex128_1024_256_contiguous_,0.977212650469,0.971396296518,0.0034234020859,7,20,ok,
final,direct,fft,complex128,2048,1,contiguous,,direct_fft_complex128_2048_1_contiguous_,0.0159079620539,0.0157405263944,5.90618142407e-05,7,792,ok,
final,direct,fft,complex128,2048,2,contiguous,,direct_fft_complex128_2048_2_contiguous_,0.0299284194586,0.0297351785365,0.000104840884926,7,465,ok,
final,direct,fft,complex128,2048,4,contiguous,,direct_fft_complex128_2048_4_contiguous_,0.0477461499395,0.0475875550183,0.000148629769683,7,200,ok,
final,direct,fft,complex128,2048,8,contiguous,,direct_fft_complex128_2048_8_contiguous_,0.0851369200973,0.0844970252365,0.000191454892047,7,200,ok,
final,direct,fft,complex128,2048,16,contiguous,,direct_fft_complex128_2048_16_contiguous_,0.155470043683,0.155058524979,0.000371255737264,7,160,ok,
final,direct,fft,complex128,2048,32,contiguous,,direct_fft_complex128_2048_32_contiguous_,0.296262108133,0.295814381735,0.000154344542395,7,84,ok,
final,direct,fft,complex128,2048,64,contiguous,,direct_fft_complex128_2048_64_contiguous_,0.579470500816,0.576813501539,0.000370648922399,7,20,ok,
final,direct,fft,complex128,2048,256,contiguous,,direct_fft_complex128_2048_256_contiguous_,2.33996057484,2.3280018608,0.00389449996874,7,14,ok,
final,direct,fft,complex128,3072,1,contiguous,,direct_fft_complex128_3072_1_contiguous_,0.0218974826627,0.0218613157895,2.78049818248e-05,7,605,ok,
final,direct,fft,complex128,3072,2,contiguous,,direct_fft_complex128_3072_2_contiguous_,0.0429484451888,0.0427996151848,8.21554567665e-05,7,200,ok,
final,direct,fft,complex128,3072,4,contiguous,,direct_fft_complex128_3072_4_contiguous_,0.0723140250193,0.0720307999291,0.000118720345199,7,200,ok,
final,direct,fft,complex128,3072,8,contiguous,,direct_fft_complex128_3072_8_contiguous_,0.127753310407,0.127285285226,0.000334404519918,7,193,ok,
final,direct,fft,complex128,3072,16,contiguous,,direct_fft_complex128_3072_16_contiguous_,0.240815184034,0.240131873565,0.000586242695312,7,103,ok,
final,direct,fft,complex128,3072,32,contiguous,,direct_fft_complex128_3072_32_contiguous_,0.46413965174,0.462631799746,0.000660249497741,7,20,ok,
final,direct,fft,complex128,3072,64,contiguous,,direct_fft_complex128_3072_64_contiguous_,0.912975700339,0.911370752146,0.00112610287033,7,20,ok,
final,direct,fft,complex128,3072,256,contiguous,,direct_fft_complex128_3072_256_contiguous_,3.7436363782,3.6792048777,0.0140487391036,7,8,ok,
final,direct,fft,complex128,3584,1,contiguous,,direct_fft_complex128_3584_1_contiguous_,0.0244829287996,0.0244270503155,5.5878484082e-05,7,535,ok,
final,direct,fft,complex128,3584,2,contiguous,,direct_fft_complex128_3584_2_contiguous_,0.0484096899163,0.0482614152133,0.000113360001706,7,200,ok,
final,direct,fft,complex128,3584,4,contiguous,,direct_fft_complex128_3584_4_contiguous_,0.080719619873,0.0806557002943,6.39195786789e-05,7,200,ok,
final,direct,fft,complex128,3584,8,contiguous,,direct_fft_complex128_3584_8_contiguous_,0.143425793376,0.14245046581,0.000910149705222,7,174,ok,
final,direct,fft,complex128,3584,16,contiguous,,direct_fft_complex128_3584_16_contiguous_,0.277844477254,0.269492057586,0.00455474946648,7,88,ok,
final,direct,fft,complex128,3584,32,contiguous,,direct_fft_complex128_3584_32_contiguous_,0.545715453336,0.530461000744,0.012067053467,7,20,ok,
final,direct,fft,complex128,3584,64,contiguous,,direct_fft_complex128_3584_64_contiguous_,1.09293724527,1.03104920126,0.0301718420815,7,20,ok,
final,direct,fft,complex128,3584,256,contiguous,,direct_fft_complex128_3584_256_contiguous_,4.40581086358,4.2542221324,0.0830365710759,7,7,ok,
final,direct,fft,complex128,4095,1,contiguous,,direct_fft_complex128_4095_1_contiguous_,0.0396648113069,0.0395215507513,0.000143081052954,7,334,ok,
final,direct,fft,complex128,4095,2,contiguous,,direct_fft_complex128_4095_2_contiguous_,0.0696862197947,0.0689165346557,0.000393984955736,7,200,ok,
final,direct,fft,complex128,4095,4,contiguous,,direct_fft_complex128_4095_4_contiguous_,0.127227881783,0.126431129062,0.000337618202852,7,186,ok,
final,direct,fft,complex128,4095,8,contiguous,,direct_fft_complex128_4095_8_contiguous_,0.240527780815,0.239529161315,0.000735560786866,7,105,ok,
final,direct,fft,complex128,4095,16,contiguous,,direct_fft_complex128_4095_16_contiguous_,0.465262981239,0.46343167196,0.000569922401785,7,52,ok,
final,direct,fft,complex128,4095,32,contiguous,,direct_fft_complex128_4095_32_contiguous_,0.918548100162,0.913923949702,0.000810954952613,7,20,ok,
final,direct,fft,complex128,4095,64,contiguous,,direct_fft_complex128_4095_64_contiguous_,1.81812150145,1.8107794458,0.00734205564691,7,18,ok,
final,direct,fft,complex128,4095,256,contiguous,,direct_fft_complex128_4095_256_contiguous_,7.6752739842,7.5307264924,0.0661682570353,7,4,ok,
final,direct,fft,complex128,4096,1,contiguous,,direct_fft_complex128_4096_1_contiguous_,0.0302575262758,0.0291095036391,0.000931350013467,7,437,ok,
final,direct,fft,complex128,4096,2,contiguous,,direct_fft_complex128_4096_2_contiguous_,0.054792810115,0.0541932397755,0.000555135193281,7,200,ok,
final,direct,fft,complex128,4096,4,contiguous,,direct_fft_complex128_4096_4_contiguous_,0.0924600466775,0.0918709471201,0.000384179875255,7,150,ok,
final,direct,fft,complex128,4096,8,contiguous,,direct_fft_complex128_4096_8_contiguous_,0.164293012919,0.163730147964,0.000260550772534,7,149,ok,
final,direct,fft,complex128,4096,16,contiguous,,direct_fft_complex128_4096_16_contiguous_,0.310950743882,0.310646334233,0.000201140303547,7,78,ok,
final,direct,fft,complex128,4096,32,contiguous,,direct_fft_complex128_4096_32_contiguous_,0.59979945072,0.597158499295,0.000883650500327,7,20,ok,
final,direct,fft,complex128,4096,64,contiguous,,direct_fft_complex128_4096_64_contiguous_,1.19367984589,1.18714864948,0.00262639368884,7,20,ok,
final,direct,fft,complex128,4096,256,contiguous,,direct_fft_complex128_4096_256_contiguous_,4.98325300092,4.92287700763,0.0243371662994,7,6,ok,
final,direct,fft,complex128,4097,1,contiguous,,direct_fft_complex128_4097_1_contiguous_,0.112684454652,0.112324429792,0.000230935402215,5,200,ok,
final,direct,fft,complex128,4097,2,contiguous,,direct_fft_complex128_4097_2_contiguous_,0.186866359785,0.186716159806,0.000150199979544,5,125,ok,
final,direct,fft,complex128,4097,4,contiguous,,direct_fft_complex128_4097_4_contiguous_,0.374999423002,0.374553905203,0.000445517798653,5,64,ok,
final,direct,fft,complex128,4097,8,contiguous,,direct_fft_complex128_4097_8_contiguous_,0.708984942841,0.70167362823,0.00634699993368,5,35,ok,
final,direct,fft,complex128,4097,16,contiguous,,direct_fft_complex128_4097_16_contiguous_,1.39772435068,1.39552120236,0.00211240258068,5,20,ok,
final,direct,fft,complex128,4097,32,contiguous,,direct_fft_complex128_4097_32_contiguous_,2.79362049575,2.78916459259,0.00445590315697,5,12,ok,
final,direct,fft,complex128,4097,64,contiguous,,direct_fft_complex128_4097_64_contiguous_,5.68518935082,5.56928516986,0.110594497528,5,6,ok,
final,direct,fft,complex128,4097,256,contiguous,,direct_fft_complex128_4097_256_contiguous_,22.8236030089,22.7559970226,0.0417979899794,5,1,ok,
final,direct,fft,complex128,4608,1,contiguous,,direct_fft_complex128_4608_1_contiguous_,0.032198500121,0.0316786352778,0.000519864843227,5,200,ok,
final,direct,fft,complex128,4608,2,contiguous,,direct_fft_complex128_4608_2_contiguous_,0.0703273050021,0.0664403603878,0.00160047959071,5,200,ok,
final,direct,fft,complex128,4608,4,contiguous,,direct_fft_complex128_4608_4_contiguous_,0.11398306,0.112901594839,0.000203879899345,5,200,ok,
final,direct,fft,complex128,4608,8,contiguous,,direct_fft_complex128_4608_8_contiguous_,0.208349266904,0.20734371598,1.79493023703e-05,5,120,ok,
final,direct,fft,complex128,4608,16,contiguous,,direct_fft_complex128_4608_16_contiguous_,0.40015069535,0.396703247679,0.00245105475187,5,20,ok,
final,direct,fft,complex128,4608,32,contiguous,,direct_fft_complex128_4608_32_contiguous_,0.776253052754,0.770537403878,0.00360520207323,5,20,ok,
final,direct,fft,complex128,4608,64,contiguous,,direct_fft_complex128_4608_64_contiguous_,1.54227654566,1.53472545207,0.00343190622516,5,20,ok,
final,direct,fft,complex128,4608,256,contiguous,,direct_fft_complex128_4608_256_contiguous_,6.28607219551,6.19979740586,0.0792698003352,5,5,ok,
final,direct,fft,complex128,8192,1,contiguous,,direct_fft_complex128_8192_1_contiguous_,0.0600942852907,0.0599610351492,0.000133250141516,5,200,ok,
final,direct,fft,complex128,8192,2,contiguous,,direct_fft_complex128_8192_2_contiguous_,0.116622729693,0.116178799653,0.000443930039182,5,200,ok,
final,direct,fft,complex128,8192,4,contiguous,,direct_fft_complex128_8192_4_contiguous_,0.208397068553,0.208047444486,0.000349624066526,5,117,ok,
final,direct,fft,complex128,8192,8,contiguous,,direct_fft_complex128_8192_8_contiguous_,0.389179780541,0.388320360798,0.000859419742483,5,64,ok,
final,direct,fft,complex128,8192,16,contiguous,,direct_fft_complex128_8192_16_contiguous_,0.755027000559,0.752093549818,0.00111105036922,5,20,ok,
final,direct,fft,complex128,8192,32,contiguous,,direct_fft_complex128_8192_32_contiguous_,1.46687405067,1.46420209785,0.00267195282504,5,20,ok,
final,direct,fft,complex128,8192,64,contiguous,,direct_fft_complex128_8192_64_contiguous_,2.95902418227,2.95738290614,0.00164127612317,5,11,ok,
final,direct,fft,complex128,8192,256,contiguous,,direct_fft_complex128_8192_256_contiguous_,13.82173202,13.6540295207,0.0254675396718,5,2,ok,
final,direct,fft,complex128,16384,1,contiguous,,direct_fft_complex128_16384_1_contiguous_,0.181140942606,0.179722755243,0.000627790979719,5,139,ok,
final,direct,fft,complex128,16384,2,contiguous,,direct_fft_complex128_16384_2_contiguous_,0.357993637158,0.355192203669,0.00280143348905,5,69,ok,
final,direct,fft,complex128,16384,4,contiguous,,direct_fft_complex128_16384_4_contiguous_,0.708129027459,0.706444773823,0.00168425363622,5,35,ok,
final,direct,fft,complex128,16384,8,contiguous,,direct_fft_complex128_16384_8_contiguous_,1.41940409667,1.39963424881,0.00823434675112,5,20,ok,
final,direct,fft,complex128,16384,16,contiguous,,direct_fft_complex128_16384_16_contiguous_,2.80628125377,2.78184483371,0.0244364200626,5,12,ok,
final,direct,fft,complex128,16384,32,contiguous,,direct_fft_complex128_16384_32_contiguous_,5.5904413263,5.57016183545,0.0146773527376,5,6,ok,
final,direct,fft,complex128,16384,64,contiguous,,direct_fft_complex128_16384_64_contiguous_,11.4144176478,11.3818470078,0.0163137059038,5,3,ok,
final,direct,fft,complex128,16384,256,contiguous,,direct_fft_complex128_16384_256_contiguous_,49.7938420158,49.6174129657,0.0360670965165,5,1,ok,
final,direct,fft,complex128,32768,1,contiguous,,direct_fft_complex128_32768_1_contiguous_,0.419608845199,0.418897344859,0.000649483087633,5,58,ok,
final,direct,fft,complex128,32768,2,contiguous,,direct_fft_complex128_32768_2_contiguous_,0.835849965612,0.834363167329,0.00103993418937,5,30,ok,
final,direct,fft,complex128,32768,4,contiguous,,direct_fft_complex128_32768_4_contiguous_,1.65928010247,1.64823855157,0.0025833491236,5,20,ok,
final,direct,fft,complex128,32768,8,contiguous,,direct_fft_complex128_32768_8_contiguous_,3.30654779682,3.29957579961,0.00262989196926,5,10,ok,
final,direct,fft,complex128,32768,16,contiguous,,direct_fft_complex128_32768_16_contiguous_,6.69600400142,6.62127078976,0.0188710168004,5,5,ok,
final,direct,fft,complex128,32768,32,contiguous,,direct_fft_complex128_32768_32_contiguous_,13.859817991,13.8209055294,0.0319500104524,5,2,ok,
final,direct,fft,complex128,32768,64,contiguous,,direct_fft_complex128_32768_64_contiguous_,30.3769080201,30.1838479936,0.0548829557374,5,1,ok,
final,direct,fft,complex128,32768,256,contiguous,,direct_fft_complex128_32768_256_contiguous_,119.522211957,118.822678924,0.420313095674,5,1,ok,
final,direct,fft,complex128,65536,1,contiguous,,direct_fft_complex128_65536_1_contiguous_,0.938235728357,0.931846501771,0.0038468099844,5,26,ok,
final,direct,fft,complex128,65536,2,contiguous,,direct_fft_complex128_65536_2_contiguous_,1.8463879953,1.82409977747,0.0078140033616,5,18,ok,
final,direct,fft,complex128,65536,4,contiguous,,direct_fft_complex128_65536_4_contiguous_,3.68922600885,3.64448933396,0.0208422101827,5,9,ok,
final,direct,fft,complex128,65536,8,contiguous,,direct_fft_complex128_65536_8_contiguous_,7.34556626412,7.31100898702,0.0200025097001,5,4,ok,
final,direct,fft,complex128,65536,16,contiguous,,direct_fft_complex128_65536_16_contiguous_,14.9801810039,14.9100650451,0.0701159588061,5,2,ok,
final,direct,fft,complex128,65536,32,contiguous,,direct_fft_complex128_65536_32_contiguous_,32.74207504,32.5010769302,0.092311995104,5,1,ok,
final,direct,fft,complex128,65536,64,contiguous,,direct_fft_complex128_65536_64_contiguous_,65.4396780301,65.3843950713,0.0552829587832,5,1,ok,
final,direct,fft,complex128,65536,256,contiguous,,direct_fft_complex128_65536_256_contiguous_,259.263393003,258.587172022,0.422636978328,5,1,ok,
final,direct,ifft,complex64,64,1,contiguous,,direct_ifft_complex64_64_1_contiguous_,0.00489595217521,0.00488217672143,1.15493700529e-05,7,1296,ok,
final,direct,ifft,complex64,64,2,contiguous,,direct_ifft_complex64_64_2_contiguous_,0.00565128337756,0.00563707152728,5.57832598107e-06,7,1902,ok,
final,direct,ifft,complex64,64,4,contiguous,,direct_ifft_complex64_64_4_contiguous_,0.00610814388265,0.00607680420579,1.62242014655e-05,7,1905,ok,
final,direct,ifft,complex64,64,8,contiguous,,direct_ifft_complex64_64_8_contiguous_,0.00697223126905,0.00694718728543,1.69743763582e-05,7,1799,ok,
final,direct,ifft,complex64,64,16,contiguous,,direct_ifft_complex64_64_16_contiguous_,0.00856514088809,0.00837858333302,7.90032717059e-05,7,1512,ok,
final,direct,ifft,complex64,64,32,contiguous,,direct_ifft_complex64_64_32_contiguous_,0.0117510752486,0.0116885676205,1.63698493901e-05,7,1117,ok,
final,direct,ifft,complex64,64,64,contiguous,,direct_ifft_complex64_64_64_contiguous_,0.0178914289147,0.0177716834228,9.00245399169e-05,7,774,ok,
final,direct,ifft,complex64,64,256,contiguous,,direct_ifft_complex64_64_256_contiguous_,0.0551982648904,0.0540645496221,0.000540655455552,7,200,ok,
final,direct,ifft,complex64,256,1,contiguous,,direct_ifft_complex64_256_1_contiguous_,0.0064174839577,0.00633426778321,3.63274341031e-05,7,1591,ok,
final,direct,ifft,complex64,256,2,contiguous,,direct_ifft_complex64_256_2_contiguous_,0.00786800669639,0.00782383340277,2.41225576655e-05,7,1501,ok,
final,direct,ifft,complex64,256,4,contiguous,,direct_ifft_complex64_256_4_contiguous_,0.009630825657,0.0095716064314,3.25843547867e-05,7,1268,ok,
final,direct,ifft,complex64,256,8,contiguous,,direct_ifft_complex64_256_8_contiguous_,0.0133622339163,0.0131383248748,0.000180548214644,7,945,ok,
final,direct,ifft,complex64,256,16,contiguous,,direct_ifft_complex64_256_16_contiguous_,0.0195878259704,0.0194193827149,9.95511805518e-05,7,695,ok,
final,direct,ifft,complex64,256,32,contiguous,,direct_ifft_complex64_256_32_contiguous_,0.0334368599579,0.033156935242,0.000142210046761,7,200,ok,
final,direct,ifft,complex64,256,64,contiguous,,direct_ifft_complex64_256_64_contiguous_,0.0603122450411,0.0601117697079,0.000200475333259,7,200,ok,
final,direct,ifft,complex64,256,256,contiguous,,direct_ifft_complex64_256_256_contiguous_,0.220979741633,0.22031019658,0.000556652334386,7,112,ok,
final,direct,ifft,complex64,1024,1,contiguous,,direct_ifft_complex64_1024_1_contiguous_,0.0111422520997,0.0110453180969,3.94594877265e-05,7,1075,ok,
final,direct,ifft,complex64,1024,2,contiguous,,direct_ifft_complex64_1024_2_contiguous_,0.0189491498608,0.0188596395546,2.47893805576e-05,7,641,ok,
final,direct,ifft,complex64,1024,4,contiguous,,direct_ifft_complex64_1024_4_contiguous_,0.0253279454244,0.0250984271142,8.76181928272e-05,7,550,ok,
final,direct,ifft,complex64,1024,8,contiguous,,direct_ifft_complex64_1024_8_contiguous_,0.0408488250105,0.0404393597273,0.000183689990081,7,200,ok,
final,direct,ifft,complex64,1024,16,contiguous,,direct_ifft_complex64_1024_16_contiguous_,0.0714992400026,0.0709472596645,0.000454950495623,7,200,ok,
final,direct,ifft,complex64,1024,32,contiguous,,direct_ifft_complex64_1024_32_contiguous_,0.132080909018,0.131782795837,0.000261278315024,7,176,ok,
final,direct,ifft,complex64,1024,64,contiguous,,direct_ifft_complex64_1024_64_contiguous_,0.254675816051,0.251257193408,0.00117259214119,7,98,ok,
final,direct,ifft,complex64,1024,256,contiguous,,direct_ifft_complex64_1024_256_contiguous_,0.973004696425,0.971809501061,0.00082305050455,7,20,ok,
final,direct,ifft,complex64,2048,1,contiguous,,direct_ifft_complex64_2048_1_contiguous_,0.0170969214613,0.0169974533118,4.45210628201e-05,7,739,ok,
final,direct,ifft,complex64,2048,2,contiguous,,direct_ifft_complex64_2048_2_contiguous_,0.0323801293202,0.0323043177452,2.73907447563e-05,7,425,ok,
final,direct,ifft,complex64,2048,4,contiguous,,direct_ifft_complex64_2048_4_contiguous_,0.0464501103852,0.0460809201468,0.000127689563669,7,200,ok,
final,direct,ifft,complex64,2048,8,contiguous,,direct_ifft_complex64_2048_8_contiguous_,0.078977025114,0.0789003347745,7.66903394833e-05,7,200,ok,
final,direct,ifft,complex64,2048,16,contiguous,,direct_ifft_complex64_2048_16_contiguous_,0.145558599958,0.144657041357,0.000127652824363,7,170,ok,
final,direct,ifft,complex64,2048,32,contiguous,,direct_ifft_complex64_2048_32_contiguous_,0.27503697719,0.274705478094,0.00033149909642,7,90,ok,
final,direct,ifft,complex64,2048,64,contiguous,,direct_ifft_complex64_2048_64_contiguous_,0.534426397644,0.532507349271,0.000222452217713,7,20,ok,
final,direct,ifft,complex64,2048,256,contiguous,,direct_ifft_complex64_2048_256_contiguous_,2.08820637636,2.08193850267,0.00297931546811,7,16,ok,
final,direct,ifft,complex64,3072,1,contiguous,,direct_ifft_complex64_3072_1_contiguous_,0.0242858961136,0.0242393321093,3.54856419221e-05,7,548,ok,
final,direct,ifft,complex64,3072,2,contiguous,,direct_ifft_complex64_3072_2_contiguous_,0.0475614803145,0.0472663354594,7.25395511836e-05,7,200,ok,
final,direct,ifft,complex64,3072,4,contiguous,,direct_ifft_complex64_3072_4_contiguous_,0.0681420846377,0.0677987950621,9.56252915785e-05,7,200,ok,
final,direct,ifft,complex64,3072,8,contiguous,,direct_ifft_complex64_3072_8_contiguous_,0.118868559948,0.118188600172,0.000459810253233,7,200,ok,
final,direct,ifft,complex64,3072,16,contiguous,,direct_ifft_complex64_3072_16_contiguous_,0.221013539652,0.220382017438,0.000631522214188,7,113,ok,
final,direct,ifft,complex64,3072,32,contiguous,,direct_ifft_complex64_3072_32_contiguous_,0.425598100992,0.421756948344,0.00237239873968,7,20,ok,
final,direct,ifft,complex64,3072,64,contiguous,,direct_ifft_complex64_3072_64_contiguous_,0.832702749176,0.830112450058,0.00199420028366,7,20,ok,
final,direct,ifft,complex64,3072,256,contiguous,,direct_ifft_complex64_3072_256_contiguous_,3.27960760333,3.26611950295,0.00876629492268,7,10,ok,
final,direct,ifft,complex64,3584,1,contiguous,,direct_ifft_complex64_3584_1_contiguous_,0.0273238570543,0.0270908736453,0.00010668799015,7,490,ok,
final,direct,ifft,complex64,3584,2,contiguous,,direct_ifft_complex64_3584_2_contiguous_,0.0537785148481,0.05342891498,0.0001841399353,7,200,ok,
final,direct,ifft,complex64,3584,4,contiguous,,direct_ifft_complex64_3584_4_contiguous_,0.0776219501859,0.0774273351999,0.000117720337585,7,200,ok,
final,direct,ifft,complex64,3584,8,contiguous,,direct_ifft_complex64_3584_8_contiguous_,0.136473663126,0.13615825993,0.000315403195294,7,181,ok,
final,direct,ifft,complex64,3584,16,contiguous,,direct_ifft_complex64_3584_16_contiguous_,0.252772571652,0.251879989246,0.000142102718961,7,98,ok,
final,direct,ifft,complex64,3584,32,contiguous,,direct_ifft_complex64_3584_32_contiguous_,0.487248500576,0.485554349143,0.00114064896479,7,20,ok,
final,direct,ifft,complex64,3584,64,contiguous,,direct_ifft_complex64_3584_64_contiguous_,0.948994449573,0.944496603915,0.00397639814764,7,20,ok,
final,direct,ifft,complex64,3584,256,contiguous,,direct_ifft_complex64_3584_256_contiguous_,3.76618388368,3.7630324433,0.00315144037207,7,9,ok,
final,direct,ifft,complex64,4095,1,contiguous,,direct_ifft_complex64_4095_1_contiguous_,0.0481763401897,0.0480089790168,0.000155704684504,7,288,ok,
final,direct,ifft,complex64,4095,2,contiguous,,direct_ifft_complex64_4095_2_contiguous_,0.0888547848444,0.0880915101152,0.000262190005742,7,200,ok,
final,direct,ifft,complex64,4095,4,contiguous,,direct_ifft_complex64_4095_4_contiguous_,0.101514474954,0.101163015352,0.000264840200543,7,200,ok,
final,direct,ifft,complex64,4095,8,contiguous,,direct_ifft_complex64_4095_8_contiguous_,0.193469530831,0.191697846346,0.00177168448527,7,130,ok,
final,direct,ifft,complex64,4095,16,contiguous,,direct_ifft_complex64_4095_16_contiguous_,0.360248690841,0.357971942696,0.00123494229389,7,68,ok,
final,direct,ifft,complex64,4095,32,contiguous,,direct_ifft_complex64_4095_32_contiguous_,0.701906549511,0.700814952143,0.000992900459096,7,20,ok,
final,direct,ifft,complex64,4095,64,contiguous,,direct_ifft_complex64_4095_64_contiguous_,1.41816479736,1.3970529486,0.021052750526,7,20,ok,
final,direct,ifft,complex64,4095,256,contiguous,,direct_ifft_complex64_4095_256_contiguous_,5.56413883654,5.54823584389,0.0159029926484,7,6,ok,
final,direct,ifft,complex64,4096,1,contiguous,,direct_ifft_complex64_4096_1_contiguous_,0.0301692540642,0.0299325437819,0.000204874223538,7,445,ok,
final,direct,ifft,complex64,4096,2,contiguous,,direct_ifft_complex64_4096_2_contiguous_,0.0613660051022,0.0601727346657,0.00020518025849,7,200,ok,
final,direct,ifft,complex64,4096,4,contiguous,,direct_ifft_complex64_4096_4_contiguous_,0.087645680178,0.0875469448511,6.47199340165e-05,7,200,ok,
final,direct,ifft,complex64,4096,8,contiguous,,direct_ifft_complex64_4096_8_contiguous_,0.155333820036,0.154751241612,0.000369819662077,7,161,ok,
final,direct,ifft,complex64,4096,16,contiguous,,direct_ifft_complex64_4096_16_contiguous_,0.289891297663,0.288594820415,0.000717893098703,7,84,ok,
final,direct,ifft,complex64,4096,32,contiguous,,direct_ifft_complex64_4096_32_contiguous_,0.553601648426,0.551680597709,0.00160100171342,7,20,ok,
final,direct,ifft,complex64,4096,64,contiguous,,direct_ifft_complex64_4096_64_contiguous_,1.09289914835,1.08640705002,0.00149330007844,7,20,ok,
final,direct,ifft,complex64,4096,256,contiguous,,direct_ifft_complex64_4096_256_contiguous_,4.32692949835,4.2993381212,0.012841381249,7,8,ok,
final,direct,ifft,complex64,4097,1,contiguous,,direct_ifft_complex64_4097_1_contiguous_,0.145488256083,0.144497749805,0.00093216445615,5,164,ok,
final,direct,ifft,complex64,4097,2,contiguous,,direct_ifft_complex64_4097_2_contiguous_,0.277539620165,0.276067908372,0.000619195701405,5,87,ok,
final,direct,ifft,complex64,4097,4,contiguous,,direct_ifft_complex64_4097_4_contiguous_,0.221520661268,0.221240142959,0.000272375473287,5,112,ok,
final,direct,ifft,complex64,4097,8,contiguous,,direct_ifft_complex64_4097_8_contiguous_,0.440698391425,0.440072411688,0.000241339356372,5,56,ok,
final,direct,ifft,complex64,4097,16,contiguous,,direct_ifft_complex64_4097_16_contiguous_,0.818300398532,0.816237047547,0.0011230527889,5,20,ok,
final,direct,ifft,complex64,4097,32,contiguous,,direct_ifft_complex64_4097_32_contiguous_,1.62256315234,1.61919990205,0.000929750967771,5,20,ok,
final,direct,ifft,complex64,4097,64,contiguous,,direct_ifft_complex64_4097_64_contiguous_,3.2072247006,3.19768190384,0.0038251047954,5,10,ok,
final,direct,ifft,complex64,4097,256,contiguous,,direct_ifft_complex64_4097_256_contiguous_,13.4948029881,13.4467129828,0.0254174810834,5,2,ok,
final,direct,ifft,complex64,4608,1,contiguous,,direct_ifft_complex64_4608_1_contiguous_,0.0345851498423,0.0343186000828,7.90000194684e-05,5,200,ok,
final,direct,ifft,complex64,4608,2,contiguous,,direct_ifft_complex64_4608_2_contiguous_,0.0695881800493,0.0695132900728,3.14053613693e-05,5,200,ok,
final,direct,ifft,complex64,4608,4,contiguous,,direct_ifft_complex64_4608_4_contiguous_,0.103024889831,0.102892744471,5.23502239957e-05,5,200,ok,
final,direct,ifft,complex64,4608,8,contiguous,,direct_ifft_complex64_4608_8_contiguous_,0.183355507461,0.183140404474,0.000215102986926,5,136,ok,
final,direct,ifft,complex64,4608,16,contiguous,,direct_ifft_complex64_4608_16_contiguous_,0.346383498982,0.345507345628,0.000876153353602,5,20,ok,
final,direct,ifft,complex64,4608,32,contiguous,,direct_ifft_complex64_4608_32_contiguous_,0.666567147709,0.664490798954,0.00147974933498,5,20,ok,
final,direct,ifft,complex64,4608,64,contiguous,,direct_ifft_complex64_4608_64_contiguous_,1.30965710268,1.30553939962,0.00264645204879,5,20,ok,
final,direct,ifft,complex64,4608,256,contiguous,,direct_ifft_complex64_4608_256_contiguous_,5.19291921519,5.16177900136,0.0165887642652,5,5,ok,
final,direct,ifft,complex64,8192,1,contiguous,,direct_ifft_complex64_8192_1_contiguous_,0.056851740228,0.0567266100552,1.54349254444e-05,5,200,ok,
final,direct,ifft,complex64,8192,2,contiguous,,direct_ifft_complex64_8192_2_contiguous_,0.109750119736,0.109536920208,0.000213199527934,5,200,ok,
final,direct,ifft,complex64,8192,4,contiguous,,direct_ifft_complex64_8192_4_contiguous_,0.190394191171,0.189639427984,0.0007547631874,5,131,ok,
final,direct,ifft,complex64,8192,8,contiguous,,direct_ifft_complex64_8192_8_contiguous_,0.346899027604,0.345695928471,0.000236444507859,5,70,ok,
final,direct,ifft,complex64,8192,16,contiguous,,direct_ifft_complex64_8192_16_contiguous_,0.660353602143,0.659272045596,0.00108155654743,5,20,ok,
final,direct,ifft,complex64,8192,32,contiguous,,direct_ifft_complex64_8192_32_contiguous_,1.30434214952,1.29710115143,0.00724099809304,5,20,ok,
final,direct,ifft,complex64,8192,64,contiguous,,direct_ifft_complex64_8192_64_contiguous_,2.57969969131,2.56311485114,0.0149803057026,5,13,ok,
final,direct,ifft,complex64,8192,256,contiguous,,direct_ifft_complex64_8192_256_contiguous_,10.6007013625,10.3969480066,0.197297660634,5,3,ok,
final,direct,ifft,complex64,16384,1,contiguous,,direct_ifft_complex64_16384_1_contiguous_,0.110101774917,0.10957143968,0.000464264885522,5,200,ok,
final,direct,ifft,complex64,16384,2,contiguous,,direct_ifft_complex64_16384_2_contiguous_,0.197918902411,0.197454352794,0.000187558442598,5,122,ok,
final,direct,ifft,complex64,16384,4,contiguous,,direct_ifft_complex64_16384_4_contiguous_,0.364086573587,0.357875441242,0.00247476375936,5,68,ok,
final,direct,ifft,complex64,16384,8,contiguous,,direct_ifft_complex64_16384_8_contiguous_,0.680854800157,0.671314500505,0.00954029965214,5,20,ok,
final,direct,ifft,complex64,16384,16,contiguous,,direct_ifft_complex64_16384_16_contiguous_,1.33112709736,1.31990469526,0.0112224020995,5,20,ok,
final,direct,ifft,complex64,16384,32,contiguous,,direct_ifft_complex64_16384_32_contiguous_,2.67576169258,2.63763068674,0.0259283876333,5,13,ok,
final,direct,ifft,complex64,16384,64,contiguous,,direct_ifft_complex64_16384_64_contiguous_,5.35544167118,5.3372043379,0.0182373332791,5,6,ok,
final,direct,ifft,complex64,16384,256,contiguous,,direct_ifft_complex64_16384_256_contiguous_,23.5833179904,23.5014450736,0.0793369254097,5,1,ok,
final,direct,ifft,complex64,32768,1,contiguous,,direct_ifft_complex64_32768_1_contiguous_,0.224622648193,0.222153090117,0.0012760713428,5,111,ok,
final,direct,ifft,complex64,32768,2,contiguous,,direct_ifft_complex64_32768_2_contiguous_,0.403094227471,0.399843338997,0.00043919370059,5,62,ok,
final,direct,ifft,complex64,32768,4,contiguous,,direct_ifft_complex64_32768_4_contiguous_,0.746605801396,0.738805253059,0.00736824586056,5,20,ok,
final,direct,ifft,complex64,32768,8,contiguous,,direct_ifft_complex64_32768_8_contiguous_,1.43812400056,1.43508834881,0.00303565175273,5,20,ok,
final,direct,ifft,complex64,32768,16,contiguous,,direct_ifft_complex64_32768_16_contiguous_,2.78939724861,2.77883674911,0.00909524775731,5,12,ok,
final,direct,ifft,complex64,32768,32,contiguous,,direct_ifft_complex64_32768_32_contiguous_,5.53388583163,5.52414600194,0.00973982969299,5,6,ok,
final,direct,ifft,complex64,32768,64,contiguous,,direct_ifft_complex64_32768_64_contiguous_,11.3221923433,11.2543160018,0.0678763414423,5,3,ok,
final,direct,ifft,complex64,32768,256,contiguous,,direct_ifft_complex64_32768_256_contiguous_,48.0943550356,47.9184270371,0.115767121315,5,1,ok,
final,direct,ifft,complex64,65536,1,contiguous,,direct_ifft_complex64_65536_1_contiguous_,0.45849626056,0.457212943325,0.00114620370032,5,54,ok,
final,direct,ifft,complex64,65536,2,contiguous,,direct_ifft_complex64_65536_2_contiguous_,0.85521369474,0.854123698082,0.00108999665827,5,20,ok,
final,direct,ifft,complex64,65536,4,contiguous,,direct_ifft_complex64_65536_4_contiguous_,1.64230749942,1.63866020157,0.00151575077325,5,20,ok,
final,direct,ifft,complex64,65536,8,contiguous,,direct_ifft_complex64_65536_8_contiguous_,3.19341400173,3.18784259725,0.00557140447199,5,10,ok,
final,direct,ifft,complex64,65536,16,contiguous,,direct_ifft_complex64_65536_16_contiguous_,6.32786399219,6.2917948002,0.0142746139318,5,5,ok,
final,direct,ifft,complex64,65536,32,contiguous,,direct_ifft_complex64_65536_32_contiguous_,12.8632155247,12.7930000308,0.0399894779548,5,2,ok,
final,direct,ifft,complex64,65536,64,contiguous,,direct_ifft_complex64_65536_64_contiguous_,27.7434500167,27.6914429851,0.052007031627,5,1,ok,
final,direct,ifft,complex64,65536,256,contiguous,,direct_ifft_complex64_65536_256_contiguous_,110.164333018,109.503340907,0.658757984638,5,1,ok,
final,direct,ifft,complex128,64,1,contiguous,,direct_ifft_complex128_64_1_contiguous_,0.00484188785776,0.004754522249,2.07817081261e-05,7,1480,ok,
final,direct,ifft,complex128,64,2,contiguous,,direct_ifft_complex128_64_2_contiguous_,0.00550200543509,0.00547290611636,2.87107381091e-05,7,1832,ok,
final,direct,ifft,complex128,64,4,contiguous,,direct_ifft_complex128_64_4_contiguous_,0.00582401532272,0.00577426738782,4.74739768734e-05,7,1825,ok,
final,direct,ifft,complex128,64,8,contiguous,,direct_ifft_complex128_64_8_contiguous_,0.00649345805326,0.00644752210047,4.59359527841e-05,7,1716,ok,
final,direct,ifft,complex128,64,16,contiguous,,direct_ifft_complex128_64_16_contiguous_,0.00787762494363,0.0077872606437,1.61577688282e-05,7,1477,ok,
final,direct,ifft,complex128,64,32,contiguous,,direct_ifft_complex128_64_32_contiguous_,0.0103139363609,0.0102590576572,4.10748721003e-05,7,1162,ok,
final,direct,ifft,complex128,64,64,contiguous,,direct_ifft_complex128_64_64_contiguous_,0.015599749419,0.0154285283506,0.000171221068336,7,810,ok,
final,direct,ifft,complex128,64,256,contiguous,,direct_ifft_complex128_64_256_contiguous_,0.0465350202285,0.0455809402047,0.000657025375403,7,200,ok,
final,direct,ifft,complex128,256,1,contiguous,,direct_ifft_complex128_256_1_contiguous_,0.00627888840991,0.0061942148911,5.32530713006e-05,7,1703,ok,
final,direct,ifft,complex128,256,2,contiguous,,direct_ifft_complex128_256_2_contiguous_,0.00758728214751,0.0075332216526,3.52539472389e-05,7,1457,ok,
final,direct,ifft,complex128,256,4,contiguous,,direct_ifft_complex128_256_4_contiguous_,0.00929475296639,0.00920778388334,3.61596684376e-05,7,1328,ok,
final,direct,ifft,complex128,256,8,contiguous,,direct_ifft_complex128_256_8_contiguous_,0.0124581265232,0.0123291227367,7.75958137891e-05,7,1059,ok,
final,direct,ifft,complex128,256,16,contiguous,,direct_ifft_complex128_256_16_contiguous_,0.0202572461661,0.0190201020064,5.34139547523e-05,7,715,ok,
final,direct,ifft,complex128,256,32,contiguous,,direct_ifft_complex128_256_32_contiguous_,0.0336482550483,0.0333864649292,5.13449776918e-05,7,200,ok,
final,direct,ifft,complex128,256,64,contiguous,,direct_ifft_complex128_256_64_contiguous_,0.058606165112,0.0582878751447,0.000176680041477,7,200,ok,
final,direct,ifft,complex128,256,256,contiguous,,direct_ifft_complex128_256_256_contiguous_,0.213599990174,0.212875407198,0.00041966537807,7,108,ok,
final,direct,ifft,complex128,1024,1,contiguous,,direct_ifft_complex128_1024_1_contiguous_,0.010701905953,0.0106407881217,4.19863818647e-05,7,1095,ok,
final,direct,ifft,complex128,1024,2,contiguous,,direct_ifft_complex128_1024_2_contiguous_,0.0176081218852,0.0174992318932,6.53352124002e-05,7,746,ok,
final,direct,ifft,complex128,1024,4,contiguous,,direct_ifft_complex128_1024_4_contiguous_,0.025826417438,0.0257137462121,3.71461143144e-05,7,520,ok,
final,direct,ifft,complex128,1024,8,contiguous,,direct_ifft_complex128_1024_8_contiguous_,0.0424297194695,0.0422857503872,0.00011972442735,7,200,ok,
final,direct,ifft,complex128,1024,16,contiguous,,direct_ifft_complex128_1024_16_contiguous_,0.0753834296484,0.0751998851774,0.000163409858942,7,200,ok,
final,direct,ifft,complex128,1024,32,contiguous,,direct_ifft_complex128_1024_32_contiguous_,0.140053680433,0.13939462336,0.000524462998978,7,175,ok,
final,direct,ifft,complex128,1024,64,contiguous,,direct_ifft_complex128_1024_64_contiguous_,0.267879089289,0.266359355818,0.00062973316138,7,90,ok,
final,direct,ifft,complex128,1024,256,contiguous,,direct_ifft_complex128_1024_256_contiguous_,1.04282129905,1.03335515014,0.00163455260918,7,20,ok,
final,direct,ifft,complex128,2048,1,contiguous,,direct_ifft_complex128_2048_1_contiguous_,0.0171927044158,0.0171031371644,6.89705751945e-05,7,751,ok,
final,direct,ifft,complex128,2048,2,contiguous,,direct_ifft_complex128_2048_2_contiguous_,0.0319496741122,0.0319209548211,2.87192911584e-05,7,442,ok,
final,direct,ifft,complex128,2048,4,contiguous,,direct_ifft_complex128_2048_4_contiguous_,0.0515076349257,0.0513230904471,7.02304532751e-05,7,200,ok,
final,direct,ifft,complex128,2048,8,contiguous,,direct_ifft_complex128_2048_8_contiguous_,0.0898429751396,0.0896699505392,0.000116670271382,7,200,ok,
final,direct,ifft,complex128,2048,16,contiguous,,direct_ifft_complex128_2048_16_contiguous_,0.163708294698,0.162768154249,0.000345880078189,7,149,ok,
final,direct,ifft,complex128,2048,32,contiguous,,direct_ifft_complex128_2048_32_contiguous_,0.310575467228,0.307607152087,0.000614317758834,7,79,ok,
final,direct,ifft,complex128,2048,64,contiguous,,direct_ifft_complex128_2048_64_contiguous_,0.602695153793,0.600865250453,0.00156989553943,7,20,ok,
final,direct,ifft,complex128,2048,256,contiguous,,direct_ifft_complex128_2048_256_contiguous_,2.42521943125,2.40232606718,0.0180300724294,7,14,ok,
final,direct,ifft,complex128,3072,1,contiguous,,direct_ifft_complex128_3072_1_contiguous_,0.024453048025,0.0243262708032,9.95145012043e-05,7,373,ok,
final,direct,ifft,complex128,3072,2,contiguous,,direct_ifft_complex128_3072_2_contiguous_,0.0457688397728,0.0456006248714,0.00016821490135,7,200,ok,
final,direct,ifft,complex128,3072,4,contiguous,,direct_ifft_complex128_3072_4_contiguous_,0.0763254845515,0.0759148702491,0.000178935006261,7,200,ok,
final,direct,ifft,complex128,3072,8,contiguous,,direct_ifft_complex128_3072_8_contiguous_,0.134187342432,0.134092434208,9.49082238114e-05,7,184,ok,
final,direct,ifft,complex128,3072,16,contiguous,,direct_ifft_complex128_3072_16_contiguous_,0.254169852767,0.2527356111,0.0013606316459,7,95,ok,
final,direct,ifft,complex128,3072,32,contiguous,,direct_ifft_complex128_3072_32_contiguous_,0.495499849785,0.489735649899,0.00182894873433,7,20,ok,
final,direct,ifft,complex128,3072,64,contiguous,,direct_ifft_complex128_3072_64_contiguous_,1.00783215021,0.965269299923,0.0284795998596,7,20,ok,
final,direct,ifft,complex128,3072,256,contiguous,,direct_ifft_complex128_3072_256_contiguous_,4.0273926279,3.95516799472,0.0722246331861,7,8,ok,
final,direct,ifft,complex128,3584,1,contiguous,,direct_ifft_complex128_3584_1_contiguous_,0.0264097552909,0.0263502656123,3.25726206063e-05,7,482,ok,
final,direct,ifft,complex128,3584,2,contiguous,,direct_ifft_complex128_3584_2_contiguous_,0.0512713950593,0.0509715848602,0.000123479985632,7,200,ok,
final,direct,ifft,complex128,3584,4,contiguous,,direct_ifft_complex128_3584_4_contiguous_,0.085550074582,0.0852468598168,0.000196815817617,7,200,ok,
final,direct,ifft,complex128,3584,8,contiguous,,direct_ifft_complex128_3584_8_contiguous_,0.152167613458,0.151682540094,0.000153913911135,7,163,ok,
final,direct,ifft,complex128,3584,16,contiguous,,direct_ifft_complex128_3584_16_contiguous_,0.283332023738,0.28205975949,0.000665391174455,7,87,ok,
final,direct,ifft,complex128,3584,32,contiguous,,direct_ifft_complex128_3584_32_contiguous_,0.553032098105,0.550831953296,0.000781449489295,7,20,ok,
final,direct,ifft,complex128,3584,64,contiguous,,direct_ifft_complex128_3584_64_contiguous_,1.08098644996,1.07813559589,0.000777503009886,7,20,ok,
final,direct,ifft,complex128,3584,256,contiguous,,direct_ifft_complex128_3584_256_contiguous_,4.53819858376,4.51121956576,0.0154017304469,7,7,ok,
final,direct,ifft,complex128,4095,1,contiguous,,direct_ifft_complex128_4095_1_contiguous_,0.0432234889003,0.0428394154131,0.000181776388123,7,313,ok,
final,direct,ifft,complex128,4095,2,contiguous,,direct_ifft_complex128_4095_2_contiguous_,0.0719573401147,0.0716720649507,0.00028527516406,7,200,ok,
final,direct,ifft,complex128,4095,4,contiguous,,direct_ifft_complex128_4095_4_contiguous_,0.130854536608,0.130551021031,0.000128715519646,7,190,ok,
final,direct,ifft,complex128,4095,8,contiguous,,direct_ifft_complex128_4095_8_contiguous_,0.245047247932,0.244614059603,0.000213971361518,7,101,ok,
final,direct,ifft,complex128,4095,16,contiguous,,direct_ifft_complex128_4095_16_contiguous_,0.477093196584,0.47634749025,0.000538843154323,7,51,ok,
final,direct,ifft,complex128,4095,32,contiguous,,direct_ifft_complex128_4095_32_contiguous_,0.942463299725,0.938764895545,0.00177929759957,7,20,ok,
final,direct,ifft,complex128,4095,64,contiguous,,direct_ifft_complex128_4095_64_contiguous_,1.86892894433,1.86717900215,0.00174994218267,7,18,ok,
final,direct,ifft,complex128,4095,256,contiguous,,direct_ifft_complex128_4095_256_contiguous_,7.8679319995,7.81702474342,0.0433157547377,7,4,ok,
final,direct,ifft,complex128,4096,1,contiguous,,direct_ifft_complex128_4096_1_contiguous_,0.0307958615734,0.0304987603807,4.72465844851e-05,7,426,ok,
final,direct,ifft,complex128,4096,2,contiguous,,direct_ifft_complex128_4096_2_contiguous_,0.0584032846382,0.0580767251085,0.000273159821518,7,200,ok,
final,direct,ifft,complex128,4096,4,contiguous,,direct_ifft_complex128_4096_4_contiguous_,0.0984456052538,0.09820084495,9.09203663468e-05,7,200,ok,
final,direct,ifft,complex128,4096,8,contiguous,,direct_ifft_complex128_4096_8_contiguous_,0.175142553404,0.174207262801,0.00048977989994,7,141,ok,
final,direct,ifft,complex128,4096,16,contiguous,,direct_ifft_complex128_4096_16_contiguous_,0.332383459396,0.328680473644,0.00085835061917,7,74,ok,
final,direct,ifft,complex128,4096,32,contiguous,,direct_ifft_complex128_4096_32_contiguous_,0.643255194882,0.639564846642,0.00249064760283,7,20,ok,
final,direct,ifft,complex128,4096,64,contiguous,,direct_ifft_complex128_4096_64_contiguous_,1.27401165082,1.26961945207,0.000841048313305,7,20,ok,
final,direct,ifft,complex128,4096,256,contiguous,,direct_ifft_complex128_4096_256_contiguous_,5.3193878266,5.2593058402,0.0413805052328,7,6,ok,
final,direct,ifft,complex128,4097,1,contiguous,,direct_ifft_complex128_4097_1_contiguous_,0.114840286873,0.114341266453,0.000384637978321,5,199,ok,
final,direct,ifft,complex128,4097,2,contiguous,,direct_ifft_complex128_4097_2_contiguous_,0.190835071927,0.190572278197,9.27137166617e-05,5,126,ok,
final,direct,ifft,complex128,4097,4,contiguous,,direct_ifft_complex128_4097_4_contiguous_,0.380117420718,0.377991906134,0.000277390427073,5,64,ok,
final,direct,ifft,complex128,4097,8,contiguous,,direct_ifft_complex128_4097_8_contiguous_,0.709430266665,0.707251204671,0.00147393781363,5,34,ok,
final,direct,ifft,complex128,4097,16,contiguous,,direct_ifft_complex128_4097_16_contiguous_,1.40143859899,1.39574100031,0.00477989669889,5,20,ok,
final,direct,ifft,complex128,4097,32,contiguous,,direct_ifft_complex128_4097_32_contiguous_,2.78272391491,2.75264883142,0.000612082658336,5,12,ok,
final,direct,ifft,complex128,4097,64,contiguous,,direct_ifft_complex128_4097_64_contiguous_,5.55711916725,5.54780349679,0.00912700003634,5,6,ok,
final,direct,ifft,complex128,4097,256,contiguous,,direct_ifft_complex128_4097_256_contiguous_,22.6495880634,22.5116210058,0.0939361052588,5,1,ok,
final,direct,ifft,complex128,4608,1,contiguous,,direct_ifft_complex128_4608_1_contiguous_,0.0353376549901,0.0348946254235,0.000382569851354,5,200,ok,
final,direct,ifft,complex128,4608,2,contiguous,,direct_ifft_complex128_4608_2_contiguous_,0.0707714847522,0.0704574497649,0.000148175167851,5,200,ok,
final,direct,ifft,complex128,4608,4,contiguous,,direct_ifft_complex128_4608_4_contiguous_,0.120051815175,0.119138665032,0.000563245266676,5,200,ok,
final,direct,ifft,complex128,4608,8,contiguous,,direct_ifft_complex128_4608_8_contiguous_,0.218105834463,0.216108374298,0.000844964676577,5,115,ok,
final,direct,ifft,complex128,4608,16,contiguous,,direct_ifft_complex128_4608_16_contiguous_,0.414981797803,0.413341750391,0.00164004741237,5,20,ok,
final,direct,ifft,complex128,4608,32,contiguous,,direct_ifft_complex128_4608_32_contiguous_,0.797008199152,0.796510803048,0.000497396104038,5,20,ok,
final,direct,ifft,complex128,4608,64,contiguous,,direct_ifft_complex128_4608_64_contiguous_,1.64687050274,1.60062829964,0.0226742471568,5,20,ok,
final,direct,ifft,complex128,4608,256,contiguous,,direct_ifft_complex128_4608_256_contiguous_,6.71218419448,6.6434141947,0.0434310175478,5,5,ok,
final,direct,ifft,complex128,8192,1,contiguous,,direct_ifft_complex128_8192_1_contiguous_,0.0631693698233,0.0627545401221,0.000298559898511,5,200,ok,
final,direct,ifft,complex128,8192,2,contiguous,,direct_ifft_complex128_8192_2_contiguous_,0.121344230138,0.120928600081,0.000330564798787,5,200,ok,
final,direct,ifft,complex128,8192,4,contiguous,,direct_ifft_complex128_8192_4_contiguous_,0.214188628637,0.212657146943,0.00153148169469,5,116,ok,
final,direct,ifft,complex128,8192,8,contiguous,,direct_ifft_complex128_8192_8_contiguous_,0.396546064651,0.394955532806,0.00159053184513,5,62,ok,
final,direct,ifft,complex128,8192,16,contiguous,,direct_ifft_complex128_8192_16_contiguous_,0.766285951249,0.764381949557,0.00190400169231,5,20,ok,
final,direct,ifft,complex128,8192,32,contiguous,,direct_ifft_complex128_8192_32_contiguous_,1.5155703004,1.51027439861,0.00327914603986,5,20,ok,
final,direct,ifft,complex128,8192,64,contiguous,,direct_ifft_complex128_8192_64_contiguous_,3.00097145902,2.99233808817,0.0086333708499,5,11,ok,
final,direct,ifft,complex128,8192,256,contiguous,,direct_ifft_complex128_8192_256_contiguous_,14.0758404741,14.0034459764,0.0373250222765,5,2,ok,
final,direct,ifft,complex128,16384,1,contiguous,,direct_ifft_complex128_16384_1_contiguous_,0.185931601239,0.185707495618,0.000142826719728,5,133,ok,
final,direct,ifft,complex128,16384,2,contiguous,,direct_ifft_complex128_16384_2_contiguous_,0.36629466066,0.365871367702,0.000423292958123,5,68,ok,
final,direct,ifft,complex128,16384,4,contiguous,,direct_ifft_complex128_16384_4_contiguous_,0.724842823247,0.720823262407,0.00200785271933,5,34,ok,
final,direct,ifft,complex128,16384,8,contiguous,,direct_ifft_complex128_16384_8_contiguous_,1.43041510019,1.4287074504,0.00166614772752,5,20,ok,
final,direct,ifft,complex128,16384,16,contiguous,,direct_ifft_complex128_16384_16_contiguous_,2.84440400234,2.83555241185,0.00427383929491,5,12,ok,
final,direct,ifft,complex128,16384,32,contiguous,,direct_ifft_complex128_16384_32_contiguous_,5.66788050734,5.61512065663,0.00598964591821,5,6,ok,
final,direct,ifft,complex128,16384,64,contiguous,,direct_ifft_complex128_16384_64_contiguous_,11.6750869784,11.5908749867,0.0774440704845,5,2,ok,
final,direct,ifft,complex128,16384,256,contiguous,,direct_ifft_complex128_16384_256_contiguous_,50.6518810289,50.5579860182,0.0938950106502,5,1,ok,
final,direct,ifft,complex128,32768,1,contiguous,,direct_ifft_complex128_32768_1_contiguous_,0.424723550356,0.423520947967,0.0007975172123,5,58,ok,
final,direct,ifft,complex128,32768,2,contiguous,,direct_ifft_complex128_32768_2_contiguous_,0.843583068264,0.841671934127,0.00120224110011,5,29,ok,
final,direct,ifft,complex128,32768,4,contiguous,,direct_ifft_complex128_32768_4_contiguous_,1.67987244786,1.67227630154,0.00210595317185,5,20,ok,
final,direct,ifft,complex128,32768,8,contiguous,,direct_ifft_complex128_32768_8_contiguous_,3.3562444034,3.34326929878,0.00244359252974,5,10,ok,
final,direct,ifft,complex128,32768,16,contiguous,,direct_ifft_complex128_32768_16_contiguous_,6.94906958379,6.700085802,0.09937339928,5,5,ok,
final,direct,ifft,complex128,32768,32,contiguous,,direct_ifft_complex128_32768_32_contiguous_,13.8921585167,13.7523775338,0.033131451346,5,2,ok,
final,direct,ifft,complex128,32768,64,contiguous,,direct_ifft_complex128_32768_64_contiguous_,29.4359750114,29.386542039,0.0494329724461,5,1,ok,
final,direct,ifft,complex128,32768,256,contiguous,,direct_ifft_complex128_32768_256_contiguous_,120.826862985,120.498331031,0.328531954437,5,1,ok,
final,direct,ifft,complex128,65536,1,contiguous,,direct_ifft_complex128_65536_1_contiguous_,0.955488556065,0.948747638613,0.00310339964926,5,25,ok,
final,direct,ifft,complex128,65536,2,contiguous,,direct_ifft_complex128_65536_2_contiguous_,1.87687760788,1.85887461218,0.0110778427269,5,18,ok,
final,direct,ifft,complex128,65536,4,contiguous,,direct_ifft_complex128_65536_4_contiguous_,3.74993175501,3.72287900245,0.012316624634,5,8,ok,
final,direct,ifft,complex128,65536,8,contiguous,,direct_ifft_complex128_65536_8_contiguous_,7.45458426536,7.42708047619,0.0275037891697,5,4,ok,
final,direct,ifft,complex128,65536,16,contiguous,,direct_ifft_complex128_65536_16_contiguous_,15.3099105228,15.2675965219,0.022281485144,5,2,ok,
final,direct,ifft,complex128,65536,32,contiguous,,direct_ifft_complex128_65536_32_contiguous_,32.9314389965,32.788792043,0.0915799755603,5,1,ok,
final,direct,ifft,complex128,65536,64,contiguous,,direct_ifft_complex128_65536_64_contiguous_,65.520648961,65.2788280277,0.101268989965,5,1,ok,
final,direct,ifft,complex128,65536,256,contiguous,,direct_ifft_complex128_65536_256_contiguous_,260.938394,258.865189971,0.531118945219,5,1,ok,
final,direct,rfft,float32,64,1,contiguous,,direct_rfft_float32_64_1_contiguous_,0.0049077867343,0.00488564159177,1.82839259644e-05,7,1074,ok,
final,direct,rfft,float32,64,2,contiguous,,direct_rfft_float32_64_2_contiguous_,0.00534574234382,0.00532426265433,2.14796894916e-05,7,1972,ok,
final,direct,rfft,float32,64,4,contiguous,,direct_rfft_float32_64_4_contiguous_,0.00570662447717,0.0056545319967,2.97954538837e-05,7,2000,ok,
final,direct,rfft,float32,64,8,contiguous,,direct_rfft_float32_64_8_contiguous_,0.0061427495003,0.0061212604618,2.12949926665e-05,7,1912,ok,
final,direct,rfft,float32,64,16,contiguous,,direct_rfft_float32_64_16_contiguous_,0.00706665546791,0.00701723925259,2.53942060957e-05,7,1672,ok,
final,direct,rfft,float32,64,32,contiguous,,direct_rfft_float32_64_32_contiguous_,0.00854411935386,0.00849347972302,3.89187648741e-05,7,788,ok,
final,direct,rfft,float32,64,64,contiguous,,direct_rfft_float32_64_64_contiguous_,0.011580037651,0.0115060604583,2.22945034073e-05,7,1141,ok,
final,direct,rfft,float32,64,256,contiguous,,direct_rfft_float32_64_256_contiguous_,0.0303180504125,0.0294892553939,0.000211694277823,7,200,ok,
final,direct,rfft,float32,256,1,contiguous,,direct_rfft_float32_256_1_contiguous_,0.00592269736918,0.00578861077032,3.90344258524e-05,7,1801,ok,
final,direct,rfft,float32,256,2,contiguous,,direct_rfft_float32_256_2_contiguous_,0.00653133590666,0.0064859495332,1.24162025608e-05,7,1843,ok,
final,direct,rfft,float32,256,4,contiguous,,direct_rfft_float32_256_4_contiguous_,0.00732626080555,0.00723541162397,1.96404557946e-05,7,1691,ok,
final,direct,rfft,float32,256,8,contiguous,,direct_rfft_float32_256_8_contiguous_,0.00863994565886,0.00863341270963,5.29913897876e-06,7,1454,ok,
final,direct,rfft,float32,256,16,contiguous,,direct_rfft_float32_256_16_contiguous_,0.0113606537422,0.0112093023966,2.57616598195e-05,7,1141,ok,
final,direct,rfft,float32,256,32,contiguous,,direct_rfft_float32_256_32_contiguous_,0.0168393796775,0.0165072147502,0.000105499639176,7,200,ok,
final,direct,rfft,float32,256,64,contiguous,,direct_rfft_float32_256_64_contiguous_,0.0281097850529,0.0280497199856,3.32150375471e-05,7,200,ok,
final,direct,rfft,float32,256,256,contiguous,,direct_rfft_float32_256_256_contiguous_,0.0926937902113,0.092361420393,0.00022716994863,7,200,ok,
final,direct,rfft,float32,1024,1,contiguous,,direct_rfft_float32_1024_1_contiguous_,0.00906426016977,0.00894280542313,2.71221060195e-05,7,1311,ok,
final,direct,rfft,float32,1024,2,contiguous,,direct_rfft_float32_1024_2_contiguous_,0.0101014283708,0.00999853095123,9.83511987976e-05,7,1179,ok,
final,direct,rfft,float32,1024,4,contiguous,,direct_rfft_float32_1024_4_contiguous_,0.0133535778102,0.0132865549492,2.91721821913e-05,7,964,ok,
final,direct,rfft,float32,1024,8,contiguous,,direct_rfft_float32_1024_8_contiguous_,0.0196459097788,0.0195608497597,5.95598248765e-05,7,200,ok,
final,direct,rfft,float32,1024,16,contiguous,,direct_rfft_float32_1024_16_contiguous_,0.0325070798863,0.0323378597386,0.000108404783532,7,200,ok,
final,direct,rfft,float32,1024,32,contiguous,,direct_rfft_float32_1024_32_contiguous_,0.0579784397269,0.0576887046918,9.20647289604e-05,7,200,ok,
final,direct,rfft,float32,1024,64,contiguous,,direct_rfft_float32_1024_64_contiguous_,0.105375569547,0.105267314939,0.000107650412247,7,200,ok,
final,direct,rfft,float32,1024,256,contiguous,,direct_rfft_float32_1024_256_contiguous_,0.395372300409,0.393629551399,0.00138210016303,7,20,ok,
final,direct,rfft,float32,2048,1,contiguous,,direct_rfft_float32_2048_1_contiguous_,0.013398190341,0.0133607487802,3.74415608095e-05,7,788,ok,
final,direct,rfft,float32,2048,2,contiguous,,direct_rfft_float32_2048_2_contiguous_,0.0163348005417,0.0162565875099,3.18817408948e-05,7,812,ok,
final,direct,rfft,float32,2048,4,contiguous,,direct_rfft_float32_2048_4_contiguous_,0.0242798950057,0.0241613248363,6.51698792353e-05,7,200,ok,
final,direct,rfft,float32,2048,8,contiguous,,direct_rfft_float32_2048_8_contiguous_,0.0398560246686,0.039772465243,8.35594255477e-05,7,200,ok,
final,direct,rfft,float32,2048,16,contiguous,,direct_rfft_float32_2048_16_contiguous_,0.0711725797737,0.0710419897223,2.77993967757e-05,7,200,ok,
final,direct,rfft,float32,2048,32,contiguous,,direct_rfft_float32_2048_32_contiguous_,0.130734016843,0.129932860256,0.000171497328904,7,179,ok,
final,direct,rfft,float32,2048,64,contiguous,,direct_rfft_float32_2048_64_contiguous_,0.251099397428,0.249918201007,0.000454852124676,7,20,ok,
final,direct,rfft,float32,2048,256,contiguous,,direct_rfft_float32_2048_256_contiguous_,1.00188454962,0.997970253229,0.00364829902537,7,20,ok,
final,direct,rfft,float32,3072,1,contiguous,,direct_rfft_float32_3072_1_contiguous_,0.0174084486941,0.0173192716813,8.91770128408e-05,7,769,ok,
final,direct,rfft,float32,3072,2,contiguous,,direct_rfft_float32_3072_2_contiguous_,0.0205662247026,0.0205525499769,1.36747257784e-05,7,200,ok,
final,direct,rfft,float32,3072,4,contiguous,,direct_rfft_float32_3072_4_contiguous_,0.0323143199785,0.0322879699524,2.63500260189e-05,7,200,ok,
final,direct,rfft,float32,3072,8,contiguous,,direct_rfft_float32_3072_8_contiguous_,0.0556094798958,0.0553616700927,4.54351538792e-05,7,200,ok,
final,direct,rfft,float32,3072,16,contiguous,,direct_rfft_float32_3072_16_contiguous_,0.100675159483,0.100483500282,0.000156994210556,7,200,ok,
final,direct,rfft,float32,3072,32,contiguous,,direct_rfft_float32_3072_32_contiguous_,0.188307947246,0.187438301509,0.000633194576949,7,20,ok,
final,direct,rfft,float32,3072,64,contiguous,,direct_rfft_float32_3072_64_contiguous_,0.367181247566,0.363883597311,0.00140260672197,7,20,ok,
final,direct,rfft,float32,3072,256,contiguous,,direct_rfft_float32_3072_256_contiguous_,1.44651715374,1.43665779308,0.00621678650771,7,19,ok,
final,direct,rfft,float32,3584,1,contiguous,,direct_rfft_float32_3584_1_contiguous_,0.0210750846048,0.0209795965428,5.27190799215e-05,7,580,ok,
final,direct,rfft,float32,3584,2,contiguous,,direct_rfft_float32_3584_2_contiguous_,0.0303852750221,0.0302869395819,6.08601840213e-05,7,200,ok,
final,direct,rfft,float32,3584,4,contiguous,,direct_rfft_float32_3584_4_contiguous_,0.0509806501213,0.0505963852629,4.86400676891e-05,7,200,ok,
final,direct,rfft,float32,3584,8,contiguous,,direct_rfft_float32_3584_8_contiguous_,0.0926430401159,0.091812494793,6.05650711805e-05,7,200,ok,
final,direct,rfft,float32,3584,16,contiguous,,direct_rfft_float32_3584_16_contiguous_,0.172133680519,0.171050461544,0.00057553918702,7,141,ok,
final,direct,rfft,float32,3584,32,contiguous,,direct_rfft_float32_3584_32_contiguous_,0.342772749718,0.339117948897,0.00253220205195,7,20,ok,
final,direct,rfft,float32,3584,64,contiguous,,direct_rfft_float32_3584_64_contiguous_,0.660822447389,0.645615148824,0.00999859767035,7,20,ok,
final,direct,rfft,float32,3584,256,contiguous,,direct_rfft_float32_3584_256_contiguous_,2.68121745268,2.58122463922,0.0852032733912,7,11,ok,
final,direct,rfft,float32,4095,1,contiguous,,direct_rfft_float32_4095_1_contiguous_,0.0315388970376,0.0314547818616,8.41151759551e-05,7,399,ok,
final,direct,rfft,float32,4095,2,contiguous,,direct_rfft_float32_4095_2_contiguous_,0.03595324466,0.0358086801134,0.000144564546645,7,200,ok,
final,direct,rfft,float32,4095,4,contiguous,,direct_rfft_float32_4095_4_contiguous_,0.0618529150961,0.0616002397146,0.00011992524378,7,200,ok,
final,direct,rfft,float32,4095,8,contiguous,,direct_rfft_float32_4095_8_contiguous_,0.115670349915,0.1148377551,0.000652559683658,7,200,ok,
final,direct,rfft,float32,4095,16,contiguous,,direct_rfft_float32_4095_16_contiguous_,0.216297215891,0.214289964034,0.000954566833874,7,111,ok,
final,direct,rfft,float32,4095,32,contiguous,,direct_rfft_float32_4095_32_contiguous_,0.424688897328,0.419086503098,0.00233079772443,7,20,ok,
final,direct,rfft,float32,4095,64,contiguous,,direct_rfft_float32_4095_64_contiguous_,0.861754902871,0.85830744938,0.00325305154547,7,20,ok,
final,direct,rfft,float32,4095,256,contiguous,,direct_rfft_float32_4095_256_contiguous_,3.65898862947,3.5466842528,0.112304376671,7,8,ok,
final,direct,rfft,float32,4096,1,contiguous,,direct_rfft_float32_4096_1_contiguous_,0.0227655025406,0.0221437265157,0.000609047949696,7,585,ok,
final,direct,rfft,float32,4096,2,contiguous,,direct_rfft_float32_4096_2_contiguous_,0.0275200349279,0.0274032150628,0.00011681986507,7,200,ok,
final,direct,rfft,float32,4096,4,contiguous,,direct_rfft_float32_4096_4_contiguous_,0.0447151297703,0.0444671150763,0.000127939856611,7,200,ok,
final,direct,rfft,float32,4096,8,contiguous,,direct_rfft_float32_4096_8_contiguous_,0.0757169502322,0.0748878048034,0.000576525344513,7,200,ok,
final,direct,rfft,float32,4096,16,contiguous,,direct_rfft_float32_4096_16_contiguous_,0.139123569422,0.138716345939,0.000407223482258,7,130,ok,
final,direct,rfft,float32,4096,32,contiguous,,direct_rfft_float32_4096_32_contiguous_,0.266453548102,0.265151099302,0.0010363990441,7,20,ok,
final,direct,rfft,float32,4096,64,contiguous,,direct_rfft_float32_4096_64_contiguous_,0.51951460191,0.517951697111,0.00156290479936,7,20,ok,
final,direct,rfft,float32,4096,256,contiguous,,direct_rfft_float32_4096_256_contiguous_,2.30829468749,2.1923346839,0.0729429213187,7,13,ok,
final,direct,rfft,float32,4097,1,contiguous,,direct_rfft_float32_4097_1_contiguous_,0.116723965039,0.116189869586,0.000534095452167,5,200,ok,
final,direct,rfft,float32,4097,2,contiguous,,direct_rfft_float32_4097_2_contiguous_,0.181573770414,0.176984074403,0.00346802484214,5,122,ok,
final,direct,rfft,float32,4097,4,contiguous,,direct_rfft_float32_4097_4_contiguous_,0.339037836019,0.337730054999,0.00130778102026,5,73,ok,
final,direct,rfft,float32,4097,8,contiguous,,direct_rfft_float32_4097_8_contiguous_,0.664404892312,0.658635757989,0.00149575754295,5,37,ok,
final,direct,rfft,float32,4097,16,contiguous,,direct_rfft_float32_4097_16_contiguous_,1.30062374519,1.29771734937,0.0029063958209,5,20,ok,
final,direct,rfft,float32,4097,32,contiguous,,direct_rfft_float32_4097_32_contiguous_,2.60183469464,2.59424361866,0.00759107598032,5,13,ok,
final,direct,rfft,float32,4097,64,contiguous,,direct_rfft_float32_4097_64_contiguous_,5.18998816066,5.16595349958,0.0240346610857,5,6,ok,
final,direct,rfft,float32,4097,256,contiguous,,direct_rfft_float32_4097_256_contiguous_,21.0463999538,20.866084029,0.0890360679477,5,1,ok,
final,direct,rfft,float32,4608,1,contiguous,,direct_rfft_float32_4608_1_contiguous_,0.0258770753862,0.0255691999337,0.000213494640775,5,200,ok,
final,direct,rfft,float32,4608,2,contiguous,,direct_rfft_float32_4608_2_contiguous_,0.0293115247041,0.0292823201744,2.92045297101e-05,5,200,ok,
final,direct,rfft,float32,4608,4,contiguous,,direct_rfft_float32_4608_4_contiguous_,0.0484150205739,0.0482541194651,0.000160901108757,5,200,ok,
final,direct,rfft,float32,4608,8,contiguous,,direct_rfft_float32_4608_8_contiguous_,0.0855083949864,0.0845838250825,0.000924569903873,5,200,ok,
final,direct,rfft,float32,4608,16,contiguous,,direct_rfft_float32_4608_16_contiguous_,0.156246154802,0.155955151422,0.000291003379971,5,20,ok,
final,direct,rfft,float32,4608,32,contiguous,,direct_rfft_float32_4608_32_contiguous_,0.302272295812,0.301156251226,0.00111604458652,5,20,ok,
final,direct,rfft,float32,4608,64,contiguous,,direct_rfft_float32_4608_64_contiguous_,0.59105794644,0.589375302661,0.00168264377862,5,20,ok,
final,direct,rfft,float32,4608,256,contiguous,,direct_rfft_float32_4608_256_contiguous_,2.46240261476,2.4123396026,0.0362014165148,5,5,ok,
final,direct,rfft,float32,8192,1,contiguous,,direct_rfft_float32_8192_1_contiguous_,0.0400392146548,0.0397622497985,0.000276964856312,5,200,ok,
final,direct,rfft,float32,8192,2,contiguous,,direct_rfft_float32_8192_2_contiguous_,0.0486004695995,0.0484317552764,0.000141414348036,5,200,ok,
final,direct,rfft,float32,8192,4,contiguous,,direct_rfft_float32_8192_4_contiguous_,0.0834790652152,0.0829171697842,0.000414219684899,5,200,ok,
final,direct,rfft,float32,8192,8,contiguous,,direct_rfft_float32_8192_8_contiguous_,0.154707791531,0.149588632586,0.00353037936707,5,158,ok,
final,direct,rfft,float32,8192,16,contiguous,,direct_rfft_float32_8192_16_contiguous_,0.289174902719,0.287771801231,0.00128190149553,5,20,ok,
final,direct,rfft,float32,8192,32,contiguous,,direct_rfft_float32_8192_32_contiguous_,0.55565549992,0.55351195042,0.00214354950003,5,20,ok,
final,direct,rfft,float32,8192,64,contiguous,,direct_rfft_float32_8192_64_contiguous_,1.13739155349,1.13086990314,0.00652165035717,5,20,ok,
final,direct,rfft,float32,8192,256,contiguous,,direct_rfft_float32_8192_256_contiguous_,5.68783739582,5.44584060553,0.0948308035731,5,5,ok,
final,direct,rfft,float32,16384,1,contiguous,,direct_rfft_float32_16384_1_contiguous_,0.0840927101672,0.0839112699032,0.000181440263987,5,200,ok,
final,direct,rfft,float32,16384,2,contiguous,,direct_rfft_float32_16384_2_contiguous_,0.126789905449,0.125426363421,0.000893347896636,5,190,ok,
final,direct,rfft,float32,16384,4,contiguous,,direct_rfft_float32_16384_4_contiguous_,0.231197418734,0.228993780911,0.0005838572092,5,105,ok,
final,direct,rfft,float32,16384,8,contiguous,,direct_rfft_float32_16384_8_contiguous_,0.44615144725,0.44026094838,0.00185190001503,5,20,ok,
final,direct,rfft,float32,16384,16,contiguous,,direct_rfft_float32_16384_16_contiguous_,0.865855551092,0.862909544958,0.00294600613415,5,20,ok,
final,direct,rfft,float32,16384,32,contiguous,,direct_rfft_float32_16384_32_contiguous_,1.71827483508,1.71269500344,0.00133139029559,5,18,ok,
final,direct,rfft,float32,16384,64,contiguous,,direct_rfft_float32_16384_64_contiguous_,3.68379044812,3.670613566,0.0131768821221,5,9,ok,
final,direct,rfft,float32,16384,256,contiguous,,direct_rfft_float32_16384_256_contiguous_,21.2109870045,20.8772160113,0.333770993166,5,1,ok,
final,direct,rfft,float32,32768,1,contiguous,,direct_rfft_float32_32768_1_contiguous_,0.226870541478,0.221863823125,0.00260662718319,5,107,ok,
final,direct,rfft,float32,32768,2,contiguous,,direct_rfft_float32_32768_2_contiguous_,0.266206083498,0.264734524535,0.00147155896273,5,84,ok,
final,direct,rfft,float32,32768,4,contiguous,,direct_rfft_float32_32768_4_contiguous_,0.513698300347,0.507594400551,0.00136905000545,5,20,ok,
final,direct,rfft,float32,32768,8,contiguous,,direct_rfft_float32_32768_8_contiguous_,0.998850900214,0.998645002255,0.000205897958949,5,20,ok,
final,direct,rfft,float32,32768,16,contiguous,,direct_rfft_float32_32768_16_contiguous_,2.00701946548,1.98663880583,0.010880936558,5,15,ok,
final,direct,rfft,float32,32768,32,contiguous,,direct_rfft_float32_32768_32_contiguous_,4.15627099574,4.12773641957,0.014751866859,5,7,ok,
final,direct,rfft,float32,32768,64,contiguous,,direct_rfft_float32_32768_64_contiguous_,9.39809034268,9.26288135815,0.0568193693956,5,3,ok,
final,direct,rfft,float32,32768,256,contiguous,,direct_rfft_float32_32768_256_contiguous_,47.4530399079,46.940073953,0.154998968355,5,1,ok,
final,direct,rfft,float32,65536,1,contiguous,,direct_rfft_float32_65536_1_contiguous_,0.49388751017,0.492699572588,0.000760182548238,5,49,ok,
final,direct,rfft,float32,65536,2,contiguous,,direct_rfft_float32_65536_2_contiguous_,0.547574897064,0.54191389936,0.00168165424839,5,20,ok,
final,direct,rfft,float32,65536,4,contiguous,,direct_rfft_float32_65536_4_contiguous_,1.08296265244,1.07422934962,0.0013344513718,5,20,ok,
final,direct,rfft,float32,65536,8,contiguous,,direct_rfft_float32_65536_8_contiguous_,2.18857056461,2.16202392975,0.0100695012536,5,14,ok,
final,direct,rfft,float32,65536,16,contiguous,,direct_rfft_float32_65536_16_contiguous_,4.56495400119,4.50284113841,0.0363334215113,5,7,ok,
final,direct,rfft,float32,65536,32,contiguous,,direct_rfft_float32_65536_32_contiguous_,10.1312966629,9.9454500014,0.104932657753,5,3,ok,
final,direct,rfft,float32,65536,64,contiguous,,direct_rfft_float32_65536_64_contiguous_,25.1208629925,24.8896019766,0.196887063794,5,1,ok,
final,direct,rfft,float32,65536,256,contiguous,,direct_rfft_float32_65536_256_contiguous_,96.2415179238,95.7554519409,0.486065982841,5,1,ok,
final,direct,rfft,float64,64,1,contiguous,,direct_rfft_float64_64_1_contiguous_,0.00414308352239,0.00409651346656,4.43876512762e-05,7,1749,ok,
final,direct,rfft,float64,64,2,contiguous,,direct_rfft_float64_64_2_contiguous_,0.00437221297761,0.00434960052371,1.85300013982e-05,7,2000,ok,
final,direct,rfft,float64,64,4,contiguous,,direct_rfft_float64_64_4_contiguous_,0.00460101949284,0.00452564354055,5.60600310564e-05,7,2000,ok,
final,direct,rfft,float64,64,8,contiguous,,direct_rfft_float64_64_8_contiguous_,0.00498507497832,0.00492297398159,1.21124903671e-05,7,2000,ok,
final,direct,rfft,float64,64,16,contiguous,,direct_rfft_float64_64_16_contiguous_,0.00587240851019,0.00559495651396,6.56674383208e-05,7,2000,ok,
final,direct,rfft,float64,64,32,contiguous,,direct_rfft_float64_64_32_contiguous_,0.00691932787501,0.00685843731715,3.05280167217e-05,7,1699,ok,
final,direct,rfft,float64,64,64,contiguous,,direct_rfft_float64_64_64_contiguous_,0.00950268967527,0.00931737783569,4.81239416837e-05,7,1363,ok,
final,direct,rfft,float64,64,256,contiguous,,direct_rfft_float64_64_256_contiguous_,0.0239611999132,0.0236237747595,0.000212549930438,7,200,ok,
final,direct,rfft,float64,256,1,contiguous,,direct_rfft_float64_256_1_contiguous_,0.00494742946466,0.00493732601171,6.7274668254e-06,7,2000,ok,
final,direct,rfft,float64,256,2,contiguous,,direct_rfft_float64_256_2_contiguous_,0.00522513751639,0.00520209898241,6.08095433563e-06,7,2000,ok,
final,direct,rfft,float64,256,4,contiguous,,direct_rfft_float64_256_4_contiguous_,0.00586640700931,0.00583007454406,1.09004904516e-05,7,2000,ok,
final,direct,rfft,float64,256,8,contiguous,,direct_rfft_float64_256_8_contiguous_,0.00692786422995,0.00690420257866,9.1483093098e-06,7,1841,ok,
final,direct,rfft,float64,256,16,contiguous,,direct_rfft_float64_256_16_contiguous_,0.00919780158655,0.00903212224648,5.97440753478e-05,7,1391,ok,
final,direct,rfft,float64,256,32,contiguous,,direct_rfft_float64_256_32_contiguous_,0.0140182749601,0.0131414399948,0.000876834965311,7,200,ok,
final,direct,rfft,float64,256,64,contiguous,,direct_rfft_float64_256_64_contiguous_,0.0223589147208,0.0220961251762,7.79499532655e-05,7,200,ok,
final,direct,rfft,float64,256,256,contiguous,,direct_rfft_float64_256_256_contiguous_,0.0768028752645,0.0761624297593,0.000640445505269,7,200,ok,
final,direct,rfft,float64,1024,1,contiguous,,direct_rfft_float64_1024_1_contiguous_,0.00770667760602,0.00767035308342,2.4855148322e-05,7,1464,ok,
final,direct,rfft,float64,1024,2,contiguous,,direct_rfft_float64_1024_2_contiguous_,0.0084071529493,0.00829294296707,0.000102528133047,7,1386,ok,
final,direct,rfft,float64,1024,4,contiguous,,direct_rfft_float64_1024_4_contiguous_,0.0111203309475,0.0110653896478,5.49412996995e-05,7,1124,ok,
final,direct,rfft,float64,1024,8,contiguous,,direct_rfft_float64_1024_8_contiguous_,0.0165167800151,0.0164054252673,6.33200397715e-05,7,200,ok,
final,direct,rfft,float64,1024,16,contiguous,,direct_rfft_float64_1024_16_contiguous_,0.0274364749203,0.0266501150327,0.000517820008099,7,200,ok,
final,direct,rfft,float64,1024,32,contiguous,,direct_rfft_float64_1024_32_contiguous_,0.0484502897598,0.0478421553271,0.000239245127887,7,200,ok,
final,direct,rfft,float64,1024,64,contiguous,,direct_rfft_float64_1024_64_contiguous_,0.0898107647663,0.0892833346734,0.00023789005354,7,200,ok,
final,direct,rfft,float64,1024,256,contiguous,,direct_rfft_float64_1024_256_contiguous_,0.337497447617,0.332434952725,0.00194265157916,7,20,ok,
final,direct,rfft,float64,2048,1,contiguous,,direct_rfft_float64_2048_1_contiguous_,0.0116995181392,0.011583739471,4.99114881399e-05,7,994,ok,
final,direct,rfft,float64,2048,2,contiguous,,direct_rfft_float64_2048_2_contiguous_,0.0144895998426,0.0139358827462,0.000268130526437,7,912,ok,
final,direct,rfft,float64,2048,4,contiguous,,direct_rfft_float64_2048_4_contiguous_,0.0210795801831,0.0207892403705,0.000290339812636,7,200,ok,
final,direct,rfft,float64,2048,8,contiguous,,direct_rfft_float64_2048_8_contiguous_,0.0340606248938,0.0339797249762,6.53747702017e-05,7,200,ok,
final,direct,rfft,float64,2048,16,contiguous,,direct_rfft_float64_2048_16_contiguous_,0.0630717899185,0.0608664250467,0.00143337529153,7,200,ok,
final,direct,rfft,float64,2048,32,contiguous,,direct_rfft_float64_2048_32_contiguous_,0.113870899659,0.113360750256,8.55099642649e-05,7,200,ok,
final,direct,rfft,float64,2048,64,contiguous,,direct_rfft_float64_2048_64_contiguous_,0.21867750329,0.218123948434,0.000553554855287,7,20,ok,
final,direct,rfft,float64,2048,256,contiguous,,direct_rfft_float64_2048_256_contiguous_,0.855124549707,0.84726040368,0.00786414602771,7,20,ok,
final,direct,rfft,float64,3072,1,contiguous,,direct_rfft_float64_3072_1_contiguous_,0.0159570146386,0.0157298238434,7.59489033122e-05,7,823,ok,
final,direct,rfft,float64,3072,2,contiguous,,direct_rfft_float64_3072_2_contiguous_,0.0180340546649,0.0179882702651,4.57843998447e-05,7,200,ok,
final,direct,rfft,float64,3072,4,contiguous,,direct_rfft_float64_3072_4_contiguous_,0.0282978848554,0.02819944988,2.71952012554e-05,7,200,ok,
final,direct,rfft,float64,3072,8,contiguous,,direct_rfft_float64_3072_8_contiguous_,0.0483406800777,0.0477608054643,0.000579874613322,7,200,ok,
final,direct,rfft,float64,3072,16,contiguous,,direct_rfft_float64_3072_16_contiguous_,0.0876733800396,0.0871691451175,9.80350887403e-05,7,200,ok,
final,direct,rfft,float64,3072,32,contiguous,,direct_rfft_float64_3072_32_contiguous_,0.165780395037,0.164917297661,0.000525056384504,7,20,ok,
final,direct,rfft,float64,3072,64,contiguous,,direct_rfft_float64_3072_64_contiguous_,0.321218097815,0.319338601548,0.000693753827363,7,20,ok,
final,direct,rfft,float64,3072,256,contiguous,,direct_rfft_float64_3072_256_contiguous_,1.2658544525,1.25976965064,0.00254669575952,7,20,ok,
final,direct,rfft,float64,3584,1,contiguous,,direct_rfft_float64_3584_1_contiguous_,0.019589476527,0.019473333754,7.23560600925e-05,7,680,ok,
final,direct,rfft,float64,3584,2,contiguous,,direct_rfft_float64_3584_2_contiguous_,0.0276385049801,0.027589360252,4.91447281092e-05,7,200,ok,
final,direct,rfft,float64,3584,4,contiguous,,direct_rfft_float64_3584_4_contiguous_,0.0466141151264,0.0465373694897,7.67456367612e-05,7,200,ok,
final,direct,rfft,float64,3584,8,contiguous,,direct_rfft_float64_3584_8_contiguous_,0.0843565503601,0.0836535403505,0.00020363018848,7,200,ok,
final,direct,rfft,float64,3584,16,contiguous,,direct_rfft_float64_3584_16_contiguous_,0.157733610378,0.157241330803,0.000492279575049,7,154,ok,
final,direct,rfft,float64,3584,32,contiguous,,direct_rfft_float64_3584_32_contiguous_,0.304076645989,0.303640851052,0.000435794936493,7,20,ok,
final,direct,rfft,float64,3584,64,contiguous,,direct_rfft_float64_3584_64_contiguous_,0.601811998058,0.595969101414,0.00362624414265,7,20,ok,
final,direct,rfft,float64,3584,256,contiguous,,direct_rfft_float64_3584_256_contiguous_,2.36280408519,2.34653736168,0.0138968144628,7,11,ok,
final,direct,rfft,float64,4095,1,contiguous,,direct_rfft_float64_4095_1_contiguous_,0.0296250088324,0.0295255482789,5.62653631756e-05,7,456,ok,
final,direct,rfft,float64,4095,2,contiguous,,direct_rfft_float64_4095_2_contiguous_,0.0324880401604,0.03236346005,7.1229878813e-05,7,200,ok,
final,direct,rfft,float64,4095,4,contiguous,,direct_rfft_float64_4095_4_contiguous_,0.05638927978,0.0561410252703,0.000146930105984,7,200,ok,
final,direct,rfft,float64,4095,8,contiguous,,direct_rfft_float64_4095_8_contiguous_,0.104041835293,0.103675550199,0.000236289924942,7,200,ok,
final,direct,rfft,float64,4095,16,contiguous,,direct_rfft_float64_4095_16_contiguous_,0.197941099663,0.197201288952,0.000110618608488,7,121,ok,
final,direct,rfft,float64,4095,32,contiguous,,direct_rfft_float64_4095_32_contiguous_,0.383670500014,0.382869498571,0.000801001442596,7,20,ok,
final,direct,rfft,float64,4095,64,contiguous,,direct_rfft_float64_4095_64_contiguous_,0.760176597396,0.756887951866,0.00311984913424,7,20,ok,
final,direct,rfft,float64,4095,256,contiguous,,direct_rfft_float64_4095_256_contiguous_,3.03424539743,3.01858719904,0.00686389394104,7,10,ok,
final,direct,rfft,float64,4096,1,contiguous,,direct_rfft_float64_4096_1_contiguous_,0.0198496477817,0.0196746790281,5.91388097339e-05,7,670,ok,
final,direct,rfft,float64,4096,2,contiguous,,direct_rfft_float64_4096_2_contiguous_,0.0230764545267,0.0229021802079,0.00012838980183,7,200,ok,
final,direct,rfft,float64,4096,4,contiguous,,direct_rfft_float64_4096_4_contiguous_,0.0372477649944,0.0370700849453,0.000149324769154,7,200,ok,
final,direct,rfft,float64,4096,8,contiguous,,direct_rfft_float64_4096_8_contiguous_,0.0650012801634,0.0647519651102,0.000115114962682,7,200,ok,
final,direct,rfft,float64,4096,16,contiguous,,direct_rfft_float64_4096_16_contiguous_,0.119519880391,0.119136109715,0.000205989927053,7,200,ok,
final,direct,rfft,float64,4096,32,contiguous,,direct_rfft_float64_4096_32_contiguous_,0.228739751037,0.22718385444,0.000399252166972,7,20,ok,
final,direct,rfft,float64,4096,64,contiguous,,direct_rfft_float64_4096_64_contiguous_,0.446966453455,0.44549270533,0.000808999175206,7,20,ok,
final,direct,rfft,float64,4096,256,contiguous,,direct_rfft_float64_4096_256_contiguous_,1.75327259143,1.74852488015,0.00446247320403,7,17,ok,
final,direct,rfft,float64,4097,1,contiguous,,direct_rfft_float64_4097_1_contiguous_,0.112076005316,0.111876734882,0.000199270434678,5,200,ok,
final,direct,rfft,float64,4097,2,contiguous,,direct_rfft_float64_4097_2_contiguous_,0.173052340244,0.172340382941,0.000365999864137,5,141,ok,
final,direct,rfft,float64,4097,4,contiguous,,direct_rfft_float64_4097_4_contiguous_,0.332418379273,0.331731162323,0.000392363683597,5,74,ok,
final,direct,rfft,float64,4097,8,contiguous,,direct_rfft_float64_4097_8_contiguous_,0.649309472034,0.648985999808,0.000323472225941,5,38,ok,
final,direct,rfft,float64,4097,16,contiguous,,direct_rfft_float64_4097_16_contiguous_,1.28454430378,1.2818142015,0.000543997157365,5,20,ok,
final,direct,rfft,float64,4097,32,contiguous,,direct_rfft_float64_4097_32_contiguous_,2.54896154197,2.54647700618,0.00212469603866,5,13,ok,
final,direct,rfft,float64,4097,64,contiguous,,direct_rfft_float64_4097_64_contiguous_,5.05730100364,5.04577967028,0.0115213333629,5,6,ok,
final,direct,rfft,float64,4097,256,contiguous,,direct_rfft_float64_4097_256_contiguous_,20.2849009074,20.2654050663,0.0194958411157,5,1,ok,
final,direct,rfft,float64,4608,1,contiguous,,direct_rfft_float64_4608_1_contiguous_,0.0234108249424,0.0232556898845,0.000155135057867,5,200,ok,
final,direct,rfft,float64,4608,2,contiguous,,direct_rfft_float64_4608_2_contiguous_,0.0255641352851,0.0254748249426,8.9310342446e-05,5,200,ok,
final,direct,rfft,float64,4608,4,contiguous,,direct_rfft_float64_4608_4_contiguous_,0.0427189050242,0.0418771395925,0.000148174585775,5,200,ok,
final,direct,rfft,float64,4608,8,contiguous,,direct_rfft_float64_4608_8_contiguous_,0.074123829836,0.0738636951428,8.32043588161e-05,5,200,ok,
final,direct,rfft,float64,4608,16,contiguous,,direct_rfft_float64_4608_16_contiguous_,0.138011202216,0.136900600046,0.000424799509346,5,20,ok,
final,direct,rfft,float64,4608,32,contiguous,,direct_rfft_float64_4608_32_contiguous_,0.264076597523,0.262656953419,0.000943802297115,5,20,ok,
final,direct,rfft,float64,4608,64,contiguous,,direct_rfft_float64_4608_64_contiguous_,0.517155200941,0.514972198289,0.00160855124705,5,20,ok,
final,direct,rfft,float64,4608,256,contiguous,,direct_rfft_float64_4608_256_contiguous_,2.0535467891,2.02994679566,0.0157473841682,5,5,ok,
final,direct,rfft,float64,8192,1,contiguous,,direct_rfft_float64_8192_1_contiguous_,0.0370565045159,0.037004959886,5.15446299687e-05,5,200,ok,
final,direct,rfft,float64,8192,2,contiguous,,direct_rfft_float64_8192_2_contiguous_,0.0436678249389,0.0434795249021,0.000177230103873,5,200,ok,
final,direct,rfft,float64,8192,4,contiguous,,direct_rfft_float64_8192_4_contiguous_,0.0732787552988,0.0729929254157,0.000203029485419,5,200,ok,
final,direct,rfft,float64,8192,8,contiguous,,direct_rfft_float64_8192_8_contiguous_,0.134514255636,0.134226815451,0.000107374786318,5,184,ok,
final,direct,rfft,float64,8192,16,contiguous,,direct_rfft_float64_8192_16_contiguous_,0.255678454414,0.253730796976,0.000578549224883,5,20,ok,
final,direct,rfft,float64,8192,32,contiguous,,direct_rfft_float64_8192_32_contiguous_,0.493726599962,0.492569949711,0.00115665025078,5,20,ok,
final,direct,rfft,float64,8192,64,contiguous,,direct_rfft_float64_8192_64_contiguous_,0.973850750597,0.972568400903,0.000897649442777,5,20,ok,
final,direct,rfft,float64,8192,256,contiguous,,direct_rfft_float64_8192_256_contiguous_,4.13926159963,4.13176359143,0.00492320396006,5,5,ok,
final,direct,rfft,float64,16384,1,contiguous,,direct_rfft_float64_16384_1_contiguous_,0.0790209101979,0.0787935295375,1.61799835041e-05,5,200,ok,
final,direct,rfft,float64,16384,2,contiguous,,direct_rfft_float64_16384_2_contiguous_,0.120620624512,0.119848690229,0.000313629861921,5,200,ok,
final,direct,rfft,float64,16384,4,contiguous,,direct_rfft_float64_16384_4_contiguous_,0.218313684657,0.217604531866,0.000709152790596,5,92,ok,
final,direct,rfft,float64,16384,8,contiguous,,direct_rfft_float64_16384_8_contiguous_,0.418694753898,0.41404759977,0.00143664656207,5,20,ok,
final,direct,rfft,float64,16384,16,contiguous,,direct_rfft_float64_16384_16_contiguous_,0.804755202262,0.801223597955,0.00353160430677,5,20,ok,
final,direct,rfft,float64,16384,32,contiguous,,direct_rfft_float64_16384_32_contiguous_,1.59141664626,1.58797875047,0.00343789579347,5,20,ok,
final,direct,rfft,float64,16384,64,contiguous,,direct_rfft_float64_16384_64_contiguous_,3.19418950239,3.15724860411,0.0193150015548,5,10,ok,
final,direct,rfft,float64,16384,256,contiguous,,direct_rfft_float64_16384_256_contiguous_,15.5783154769,15.2224175399,0.102581514511,5,2,ok,
final,direct,rfft,float64,32768,1,contiguous,,direct_rfft_float64_32768_1_contiguous_,0.214177249291,0.212304384539,0.000205651823697,5,112,ok,
final,direct,rfft,float64,32768,2,contiguous,,direct_rfft_float64_32768_2_contiguous_,0.245860667443,0.244447093185,0.00111207312633,5,96,ok,
final,direct,rfft,float64,32768,4,contiguous,,direct_rfft_float64_32768_4_contiguous_,0.481778301764,0.480204349151,0.0015739526134,5,20,ok,
final,direct,rfft,float64,32768,8,contiguous,,direct_rfft_float64_32768_8_contiguous_,0.962819752749,0.955536146648,0.0026784488,5,20,ok,
final,direct,rfft,float64,32768,16,contiguous,,direct_rfft_float64_32768_16_contiguous_,1.90941655698,1.90343266715,0.0059838898273,5,18,ok,
final,direct,rfft,float64,32768,32,contiguous,,direct_rfft_float64_32768_32_contiguous_,3.86837375117,3.81994861527,0.0172183645191,5,8,ok,
final,direct,rfft,float64,32768,64,contiguous,,direct_rfft_float64_32768_64_contiguous_,7.90889075142,7.85876248847,0.0168989936356,5,4,ok,
final,direct,rfft,float64,32768,256,contiguous,,direct_rfft_float64_32768_256_contiguous_,35.3483719518,35.3106930852,0.0376788666472,5,1,ok,
final,direct,rfft,float64,65536,1,contiguous,,direct_rfft_float64_65536_1_contiguous_,0.475697826075,0.473828558685,0.00186926739004,5,52,ok,
final,direct,rfft,float64,65536,2,contiguous,,direct_rfft_float64_65536_2_contiguous_,0.519709999207,0.511930452194,0.00268954900093,5,20,ok,
final,direct,rfft,float64,65536,4,contiguous,,direct_rfft_float64_65536_4_contiguous_,1.02967529674,1.02240124834,0.00207790290006,5,20,ok,
final,direct,rfft,float64,65536,8,contiguous,,direct_rfft_float64_65536_8_contiguous_,2.04950862826,2.04208481591,0.00742381234886,5,16,ok,
final,direct,rfft,float64,65536,16,contiguous,,direct_rfft_float64_65536_16_contiguous_,4.10100987938,4.06169400958,0.0304842396872,5,8,ok,
final,direct,rfft,float64,65536,32,contiguous,,direct_rfft_float64_65536_32_contiguous_,8.46015577554,8.41115924413,0.0489965314046,5,4,ok,
final,direct,rfft,float64,65536,64,contiguous,,direct_rfft_float64_65536_64_contiguous_,19.0104269423,18.9975120593,0.00435893889517,5,1,ok,
final,direct,rfft,float64,65536,256,contiguous,,direct_rfft_float64_65536_256_contiguous_,75.323447003,74.9420960201,0.19515294116,5,1,ok,
final,direct,irfft,complex64,64,1,contiguous,,direct_irfft_complex64_64_1_contiguous_,0.00485277008538,0.00481159795639,2.37861833604e-05,7,1296,ok,
final,direct,irfft,complex64,64,2,contiguous,,direct_irfft_complex64_64_2_contiguous_,0.00517939805649,0.00514380373577,2.38621835414e-05,7,1299,ok,
final,direct,irfft,complex64,64,4,contiguous,,direct_irfft_complex64_64_4_contiguous_,0.0053011085256,0.00526775151957,2.60934466496e-05,7,2000,ok,
final,direct,irfft,complex64,64,8,contiguous,,direct_irfft_complex64_64_8_contiguous_,0.00586434849538,0.00580820400501,5.61444903724e-05,7,2000,ok,
final,direct,irfft,complex64,64,16,contiguous,,direct_irfft_complex64_64_16_contiguous_,0.00634187428235,0.00631661763308,2.52566492692e-05,7,1956,ok,
final,direct,irfft,complex64,64,32,contiguous,,direct_irfft_complex64_64_32_contiguous_,0.00750023263683,0.00743606997014,1.50759930558e-05,7,1672,ok,
final,direct,irfft,complex64,64,64,contiguous,,direct_irfft_complex64_64_64_contiguous_,0.0100466187616,0.0100002700531,2.03781410398e-05,7,1322,ok,
final,direct,irfft,complex64,64,256,contiguous,,direct_irfft_complex64_64_256_contiguous_,0.023572925129,0.0234436348546,7.84953590482e-05,7,200,ok,
final,direct,irfft,complex64,256,1,contiguous,,direct_irfft_complex64_256_1_contiguous_,0.00566799850646,0.00563158958477,1.33101319362e-05,7,1954,ok,
final,direct,irfft,complex64,256,2,contiguous,,direct_irfft_complex64_256_2_contiguous_,0.00627912706598,0.00624679965326,7.28865233829e-06,7,1857,ok,
final,direct,irfft,complex64,256,4,contiguous,,direct_irfft_complex64_256_4_contiguous_,0.0067489630696,0.00671627481703,2.49491705724e-05,7,1652,ok,
final,direct,irfft,complex64,256,8,contiguous,,direct_irfft_complex64_256_8_contiguous_,0.00787247862434,0.00780908603105,4.25057501399e-05,7,1661,ok,
final,direct,irfft,complex64,256,16,contiguous,,direct_irfft_complex64_256_16_contiguous_,0.0103470754629,0.0101478507273,0.000175375664789,7,1246,ok,
final,direct,irfft,complex64,256,32,contiguous,,direct_irfft_complex64_256_32_contiguous_,0.0146246049553,0.0145250145579,6.97799259797e-05,7,200,ok,
final,direct,irfft,complex64,256,64,contiguous,,direct_irfft_complex64_256_64_contiguous_,0.0239118596073,0.0235264952062,9.91852721199e-05,7,200,ok,
final,direct,irfft,complex64,256,256,contiguous,,direct_irfft_complex64_256_256_contiguous_,0.077430945239,0.0769217446214,0.000320849940181,7,200,ok,
final,direct,irfft,complex64,1024,1,contiguous,,direct_irfft_complex64_1024_1_contiguous_,0.00952600961582,0.00945279401021,6.14987785558e-05,7,1257,ok,
final,direct,irfft,complex64,1024,2,contiguous,,direct_irfft_complex64_1024_2_contiguous_,0.0105252193029,0.0104170177179,4.36940942617e-05,7,1190,ok,
final,direct,irfft,complex64,1024,4,contiguous,,direct_irfft_complex64_1024_4_contiguous_,0.0123385453016,0.0122695588895,5.43496107507e-05,7,1104,ok,
final,direct,irfft,complex64,1024,8,contiguous,,direct_irfft_complex64_1024_8_contiguous_,0.0182331795804,0.0171769101871,0.000165355741046,7,200,ok,
final,direct,irfft,complex64,1024,16,contiguous,,direct_irfft_complex64_1024_16_contiguous_,0.0277034251485,0.0276097049937,5.65097434446e-05,7,200,ok,
final,direct,irfft,complex64,1024,32,contiguous,,direct_irfft_complex64_1024_32_contiguous_,0.0479058752535,0.0473362155026,7.01349927112e-05,7,200,ok,
final,direct,irfft,complex64,1024,64,contiguous,,direct_irfft_complex64_1024_64_contiguous_,0.0877360947197,0.0870041851886,0.000531239784323,7,200,ok,
final,direct,irfft,complex64,1024,256,contiguous,,direct_irfft_complex64_1024_256_contiguous_,0.326670752838,0.322659296216,0.0014912977349,7,20,ok,
final,direct,irfft,complex64,2048,1,contiguous,,direct_irfft_complex64_2048_1_contiguous_,0.0149670896068,0.0148185107084,6.5688718163e-05,7,848,ok,
final,direct,irfft,complex64,2048,2,contiguous,,direct_irfft_complex64_2048_2_contiguous_,0.0168880140385,0.0163745352695,2.99539157069e-05,7,781,ok,
final,direct,irfft,complex64,2048,4,contiguous,,direct_irfft_complex64_2048_4_contiguous_,0.0207689998206,0.0203486200189,0.00025823537726,7,200,ok,
final,direct,irfft,complex64,2048,8,contiguous,,direct_irfft_complex64_2048_8_contiguous_,0.0323855999159,0.0313773698872,0.000342289567925,7,200,ok,
final,direct,irfft,complex64,2048,16,contiguous,,direct_irfft_complex64_2048_16_contiguous_,0.0558705150615,0.0546152249444,0.000393585069105,7,200,ok,
final,direct,irfft,complex64,2048,32,contiguous,,direct_irfft_complex64_2048_32_contiguous_,0.106844564978,0.103516610001,0.00200333760132,7,154,ok,
final,direct,irfft,complex64,2048,64,contiguous,,direct_irfft_complex64_2048_64_contiguous_,0.195739249466,0.186008651508,0.00973059795797,7,20,ok,
final,direct,irfft,complex64,2048,256,contiguous,,direct_irfft_complex64_2048_256_contiguous_,0.727249751799,0.725231453544,0.00201829825528,7,20,ok,
final,direct,irfft,complex64,3072,1,contiguous,,direct_irfft_complex64_3072_1_contiguous_,0.0202058636983,0.0200565198138,7.23535062158e-05,7,631,ok,
final,direct,irfft,complex64,3072,2,contiguous,,direct_irfft_complex64_3072_2_contiguous_,0.0228902051458,0.0228195247473,7.0680398494e-05,7,200,ok,
final,direct,irfft,complex64,3072,4,contiguous,,direct_irfft_complex64_3072_4_contiguous_,0.0275526952464,0.027415335062,0.000111005501822,7,200,ok,
final,direct,irfft,complex64,3072,8,contiguous,,direct_irfft_complex64_3072_8_contiguous_,0.0443694845308,0.0440500350669,0.000191959552467,7,200,ok,
final,direct,irfft,complex64,3072,16,contiguous,,direct_irfft_complex64_3072_16_contiguous_,0.0775822799187,0.0773042597575,0.000278020161204,7,200,ok,
final,direct,irfft,complex64,3072,32,contiguous,,direct_irfft_complex64_3072_32_contiguous_,0.145162554691,0.144126603846,0.000661192461848,7,20,ok,
final,direct,irfft,complex64,3072,64,contiguous,,direct_irfft_complex64_3072_64_contiguous_,0.278609199449,0.278175401036,0.000433798413724,7,20,ok,
final,direct,irfft,complex64,3072,256,contiguous,,direct_irfft_complex64_3072_256_contiguous_,1.0761243524,1.0740730504,0.000710849417374,7,20,ok,
final,direct,irfft,complex64,3584,1,contiguous,,direct_irfft_complex64_3584_1_contiguous_,0.0210394152822,0.0209260243516,3.7511336246e-05,7,532,ok,
final,direct,irfft,complex64,3584,2,contiguous,,direct_irfft_complex64_3584_2_contiguous_,0.0339098396944,0.0337029551156,0.00018093502149,7,200,ok,
final,direct,irfft,complex64,3584,4,contiguous,,direct_irfft_complex64_3584_4_contiguous_,0.0374983297661,0.0368963053916,0.000323905260302,7,200,ok,
final,direct,irfft,complex64,3584,8,contiguous,,direct_irfft_complex64_3584_8_contiguous_,0.0636782200309,0.0626680301502,0.000322349951603,7,200,ok,
final,direct,irfft,complex64,3584,16,contiguous,,direct_irfft_complex64_3584_16_contiguous_,0.115792030119,0.115344399819,0.000284680281766,7,200,ok,
final,direct,irfft,complex64,3584,32,contiguous,,direct_irfft_complex64_3584_32_contiguous_,0.219078251394,0.217279902427,0.00144670484588,7,20,ok,
final,direct,irfft,complex64,3584,64,contiguous,,direct_irfft_complex64_3584_64_contiguous_,0.42007130105,0.419569847872,0.000501453178003,7,20,ok,
final,direct,irfft,complex64,3584,256,contiguous,,direct_irfft_complex64_3584_256_contiguous_,1.64541124832,1.63623965345,0.00471230014227,7,20,ok,
final,direct,irfft,complex64,4095,1,contiguous,,direct_irfft_complex64_4095_1_contiguous_,0.0560888134486,0.0558128742584,0.000146182295433,7,247,ok,
final,direct,irfft,complex64,4095,2,contiguous,,direct_irfft_complex64_4095_2_contiguous_,0.092539449688,0.0915081251878,0.000585140078329,7,200,ok,
final,direct,irfft,complex64,4095,4,contiguous,,direct_irfft_complex64_4095_4_contiguous_,0.0788086099783,0.0783075246727,0.000501085305586,7,200,ok,
final,direct,irfft,complex64,4095,8,contiguous,,direct_irfft_complex64_4095_8_contiguous_,0.14640842359,0.146112282185,0.000178335261915,7,170,ok,
final,direct,irfft,complex64,4095,16,contiguous,,direct_irfft_complex64_4095_16_contiguous_,0.282360322442,0.280563528221,0.000362735423634,7,87,ok,
final,direct,irfft,complex64,4095,32,contiguous,,direct_irfft_complex64_4095_32_contiguous_,0.553385249805,0.55059104925,0.0020363018848,7,20,ok,
final,direct,irfft,complex64,4095,64,contiguous,,direct_irfft_complex64_4095_64_contiguous_,1.0891070473,1.07238889905,0.0108341453597,7,20,ok,
final,direct,irfft,complex64,4095,256,contiguous,,direct_irfft_complex64_4095_256_contiguous_,4.32528898818,4.29187924601,0.0282151158899,7,8,ok,
final,direct,irfft,complex64,4096,1,contiguous,,direct_irfft_complex64_4096_1_contiguous_,0.0249974408279,0.0248582327635,0.000103589641428,7,524,ok,
final,direct,irfft,complex64,4096,2,contiguous,,direct_irfft_complex64_4096_2_contiguous_,0.0283178698737,0.0281996495323,3.85753810406e-05,7,200,ok,
final,direct,irfft,complex64,4096,4,contiguous,,direct_irfft_complex64_4096_4_contiguous_,0.0351535098162,0.034855704871,0.000154189765453,7,200,ok,
final,direct,irfft,complex64,4096,8,contiguous,,direct_irfft_complex64_4096_8_contiguous_,0.0583196297521,0.057584909955,0.000291389878839,7,200,ok,
final,direct,irfft,complex64,4096,16,contiguous,,direct_irfft_complex64_4096_16_contiguous_,0.105369355297,0.104427555343,0.000147775281221,7,200,ok,
final,direct,irfft,complex64,4096,32,contiguous,,direct_irfft_complex64_4096_32_contiguous_,0.198540999554,0.198267446831,0.00024545006454,7,20,ok,
final,direct,irfft,complex64,4096,64,contiguous,,direct_irfft_complex64_4096_64_contiguous_,0.381708797067,0.380078796297,0.000739900860935,7,20,ok,
final,direct,irfft,complex64,4096,256,contiguous,,direct_irfft_complex64_4096_256_contiguous_,1.4897090965,1.48526984849,0.00298910308629,7,20,ok,
final,direct,irfft,complex64,4097,1,contiguous,,direct_irfft_complex64_4097_1_contiguous_,0.0251349899918,0.0249127252027,8.65600304678e-05,5,200,ok,
final,direct,irfft,complex64,4097,2,contiguous,,direct_irfft_complex64_4097_2_contiguous_,0.0284077401739,0.0283800350735,2.7705100365e-05,5,200,ok,
final,direct,irfft,complex64,4097,4,contiguous,,direct_irfft_complex64_4097_4_contiguous_,0.0350388453808,0.0349492300302,5.53001882508e-05,5,200,ok,
final,direct,irfft,complex64,4097,8,contiguous,,direct_irfft_complex64_4097_8_contiguous_,0.0592256698292,0.058489444782,0.000155689776875,5,200,ok,
final,direct,irfft,complex64,4097,16,contiguous,,direct_irfft_complex64_4097_16_contiguous_,0.105148449074,0.1048313512,0.000163802178577,5,20,ok,
final,direct,irfft,complex64,4097,32,contiguous,,direct_irfft_complex64_4097_32_contiguous_,0.196598895127,0.196350895567,0.000247999560088,5,20,ok,
final,direct,irfft,complex64,4097,64,contiguous,,direct_irfft_complex64_4097_64_contiguous_,0.383557745954,0.381506950362,0.000699306838214,5,20,ok,
final,direct,irfft,complex64,4097,256,contiguous,,direct_irfft_complex64_4097_256_contiguous_,1.49628019426,1.488994807,0.00302540138364,5,5,ok,
final,direct,irfft,complex64,4608,1,contiguous,,direct_irfft_complex64_4608_1_contiguous_,0.0305946148001,0.0300761498511,0.000400599674322,5,200,ok,
final,direct,irfft,complex64,4608,2,contiguous,,direct_irfft_complex64_4608_2_contiguous_,0.0343988498207,0.0341954751639,7.36903166398e-05,5,200,ok,
final,direct,irfft,complex64,4608,4,contiguous,,direct_irfft_complex64_4608_4_contiguous_,0.0397559354315,0.0393587950384,0.00014687073417,5,200,ok,
final,direct,irfft,complex64,4608,8,contiguous,,direct_irfft_complex64_4608_8_contiguous_,0.0670793501195,0.0670267100213,5.26400981471e-05,5,200,ok,
final,direct,irfft,complex64,4608,16,contiguous,,direct_irfft_complex64_4608_16_contiguous_,0.119788700249,0.118840002688,0.000948697561398,5,20,ok,
final,direct,irfft,complex64,4608,32,contiguous,,direct_irfft_complex64_4608_32_contiguous_,0.224713300122,0.224154704483,0.000188895501196,5,20,ok,
final,direct,irfft,complex64,4608,64,contiguous,,direct_irfft_complex64_4608_64_contiguous_,0.437302450882,0.436359702144,0.000942748738453,5,20,ok,
final,direct,irfft,complex64,4608,256,contiguous,,direct_irfft_complex64_4608_256_contiguous_,1.71206041705,1.68458940461,0.00823338050395,5,5,ok,
final,direct,irfft,complex64,8192,1,contiguous,,direct_irfft_complex64_8192_1_contiguous_,0.0490445946343,0.0485221750569,0.000188199919648,5,200,ok,
final,direct,irfft,complex64,8192,2,contiguous,,direct_irfft_complex64_8192_2_contiguous_,0.0559365900699,0.0559008249547,3.57651151717e-05,5,200,ok,
final,direct,irfft,complex64,8192,4,contiguous,,direct_irfft_complex64_8192_4_contiguous_,0.0633793551242,0.0632092397427,0.000170115381479,5,200,ok,
final,direct,irfft,complex64,8192,8,contiguous,,direct_irfft_complex64_8192_8_contiguous_,0.11332953989,0.112323415233,0.000903984764591,5,200,ok,
final,direct,irfft,complex64,8192,16,contiguous,,direct_irfft_complex64_8192_16_contiguous_,0.212720403215,0.212074199226,0.000368652399629,5,20,ok,
final,direct,irfft,complex64,8192,32,contiguous,,direct_irfft_complex64_8192_32_contiguous_,0.407556002028,0.405041297199,0.000484846532345,5,20,ok,
final,direct,irfft,complex64,8192,64,contiguous,,direct_irfft_complex64_8192_64_contiguous_,0.798512552865,0.798404298257,0.000108254607767,5,20,ok,
final,direct,irfft,complex64,8192,256,contiguous,,direct_irfft_complex64_8192_256_contiguous_,3.16591779701,3.16120099742,0.00405961181968,5,5,ok,
final,direct,irfft,complex64,16384,1,contiguous,,direct_irfft_complex64_16384_1_contiguous_,0.0814301997889,0.0812225049594,0.000130840344355,5,200,ok,
final,direct,irfft,complex64,16384,2,contiguous,,direct_irfft_complex64_16384_2_contiguous_,0.138805868725,0.138691071438,4.81841631145e-05,5,168,ok,
final,direct,irfft,complex64,16384,4,contiguous,,direct_irfft_complex64_16384_4_contiguous_,0.153587060755,0.153063600318,0.000523460436274,5,165,ok,
final,direct,irfft,complex64,16384,8,contiguous,,direct_irfft_complex64_16384_8_contiguous_,0.284639949678,0.280936050694,7.51460902393e-05,5,20,ok,
final,direct,irfft,complex64,16384,16,contiguous,,direct_irfft_complex64_16384_16_contiguous_,0.550138199469,0.545260100625,0.00487809884362,5,20,ok,
final,direct,irfft,complex64,16384,32,contiguous,,direct_irfft_complex64_16384_32_contiguous_,1.07452440425,1.05732384836,0.0153946515638,5,20,ok,
final,direct,irfft,complex64,16384,64,contiguous,,direct_irfft_complex64_16384_64_contiguous_,2.09956694016,2.08322087565,0.013352939277,5,16,ok,
final,direct,irfft,complex64,16384,256,contiguous,,direct_irfft_complex64_16384_256_contiguous_,8.35892367953,8.3127040028,0.0144169898704,5,3,ok,
final,direct,irfft,complex64,32768,1,contiguous,,direct_irfft_complex64_32768_1_contiguous_,0.171947375548,0.171676730565,0.000270644982233,5,141,ok,
final,direct,irfft,complex64,32768,2,contiguous,,direct_irfft_complex64_32768_2_contiguous_,0.291092458236,0.290552035029,0.000435046796851,5,85,ok,
final,direct,irfft,complex64,32768,4,contiguous,,direct_irfft_complex64_32768_4_contiguous_,0.317650451325,0.316140148789,0.00129094696604,5,20,ok,
final,direct,irfft,complex64,32768,8,contiguous,,direct_irfft_complex64_32768_8_contiguous_,0.630492449272,0.62502019573,0.00318244565278,5,20,ok,
final,direct,irfft,complex64,32768,16,contiguous,,direct_irfft_complex64_32768_16_contiguous_,1.23990054708,1.23817239655,0.000953749986365,5,20,ok,
final,direct,irfft,complex64,32768,32,contiguous,,direct_irfft_complex64_32768_32_contiguous_,2.45746378122,2.45540000365,0.00206377756383,5,14,ok,
final,direct,irfft,complex64,32768,64,contiguous,,direct_irfft_complex64_32768_64_contiguous_,4.92818579078,4.91482480429,0.00872621312737,5,5,ok,
final,direct,irfft,complex64,32768,256,contiguous,,direct_irfft_complex64_32768_256_contiguous_,22.2352560377,22.0586969517,0.0917509896681,5,1,ok,
final,direct,irfft,complex64,65536,1,contiguous,,direct_irfft_complex64_65536_1_contiguous_,0.345422557023,0.343004772107,0.000542156132204,5,70,ok,
final,direct,irfft,complex64,65536,2,contiguous,,direct_irfft_complex64_65536_2_contiguous_,0.605154247023,0.602376047755,0.00239690416493,5,20,ok,
final,direct,irfft,complex64,65536,4,contiguous,,direct_irfft_complex64_65536_4_contiguous_,0.655048200861,0.654332851991,0.000715348869562,5,20,ok,
final,direct,irfft,complex64,65536,8,contiguous,,direct_irfft_complex64_65536_8_contiguous_,1.3059832505,1.28952855011,0.0147740007378,5,20,ok,
final,direct,irfft,complex64,65536,16,contiguous,,direct_irfft_complex64_65536_16_contiguous_,2.70003825426,2.64947408383,0.050564170427,5,12,ok,
final,direct,irfft,complex64,65536,32,contiguous,,direct_irfft_complex64_65536_32_contiguous_,5.43223300483,5.29404960107,0.0515520107001,5,5,ok,
final,direct,irfft,complex64,65536,64,contiguous,,direct_irfft_complex64_65536_64_contiguous_,10.3721820051,10.3454756706,0.0267063345139,5,3,ok,
final,direct,irfft,complex64,65536,256,contiguous,,direct_irfft_complex64_65536_256_contiguous_,45.0334310299,44.9031979078,0.0303760170937,5,1,ok,
final,direct,irfft,complex128,64,1,contiguous,,direct_irfft_complex128_64_1_contiguous_,0.00476862239108,0.00475210864184,1.47368945947e-05,7,1703,ok,
final,direct,irfft,complex128,64,2,contiguous,,direct_irfft_complex128_64_2_contiguous_,0.00505916250404,0.00500443100464,1.04599748738e-05,7,2000,ok,
final,direct,irfft,complex128,64,4,contiguous,,direct_irfft_complex128_64_4_contiguous_,0.00531750445953,0.00527853152016,5.91552816331e-06,7,2000,ok,
final,direct,irfft,complex128,64,8,contiguous,,direct_irfft_complex128_64_8_contiguous_,0.00582974898862,0.00573558849283,3.17894737236e-05,7,2000,ok,
final,direct,irfft,complex128,64,16,contiguous,,direct_irfft_complex128_64_16_contiguous_,0.00657403309092,0.00655042466825,1.92158781523e-05,7,1964,ok,
final,direct,irfft,complex128,64,32,contiguous,,direct_irfft_complex128_64_32_contiguous_,0.00807841745679,0.00804054346531,7.7703264098e-06,7,1689,ok,
final,direct,irfft,complex128,64,64,contiguous,,direct_irfft_complex128_64_64_contiguous_,0.0111856137383,0.0110016981915,7.12743933379e-05,7,1279,ok,
final,direct,irfft,complex128,64,256,contiguous,,direct_irfft_complex128_64_256_contiguous_,0.0295664998703,0.0280656997347,0.000597260077484,7,200,ok,
final,direct,irfft,complex128,256,1,contiguous,,direct_irfft_complex128_256_1_contiguous_,0.00564158783262,0.00555378443004,3.45846906687e-05,7,1907,ok,
final,direct,irfft,complex128,256,2,contiguous,,direct_irfft_complex128_256_2_contiguous_,0.00602004292076,0.00595816717195,1.74305840165e-05,7,1795,ok,
final,direct,irfft,complex128,256,4,contiguous,,direct_irfft_complex128_256_4_contiguous_,0.0067126769769,0.00663095020822,3.27072248419e-05,7,1848,ok,
final,direct,irfft,complex128,256,8,contiguous,,direct_irfft_complex128_256_8_contiguous_,0.00818109616654,0.00804344590949,3.15256520474e-05,7,1581,ok,
final,direct,irfft,complex128,256,16,contiguous,,direct_irfft_complex128_256_16_contiguous_,0.0109483117971,0.010809743897,0.000125887655273,7,1148,ok,
final,direct,irfft,complex128,256,32,contiguous,,direct_irfft_complex128_256_32_contiguous_,0.0172621151432,0.0160721997963,0.000381615245715,7,200,ok,
final,direct,irfft,complex128,256,64,contiguous,,direct_irfft_complex128_256_64_contiguous_,0.0273853848921,0.0270656397333,6.28194538876e-05,7,200,ok,
final,direct,irfft,complex128,256,256,contiguous,,direct_irfft_complex128_256_256_contiguous_,0.0954404548975,0.0936578854453,0.000384814920835,7,200,ok,
final,direct,irfft,complex128,1024,1,contiguous,,direct_irfft_complex128_1024_1_contiguous_,0.00875847808857,0.00867572189236,5.00233909406e-05,7,1280,ok,
final,direct,irfft,complex128,1024,2,contiguous,,direct_irfft_complex128_1024_2_contiguous_,0.00962053113899,0.00957535599235,1.06097037451e-05,7,1222,ok,
final,direct,irfft,complex128,1024,4,contiguous,,direct_irfft_complex128_1024_4_contiguous_,0.012884712062,0.0127535190825,3.4605866054e-05,7,969,ok,
final,direct,irfft,complex128,1024,8,contiguous,,direct_irfft_complex128_1024_8_contiguous_,0.0197274651146,0.0195966701722,0.000102595076896,7,200,ok,
final,direct,irfft,complex128,1024,16,contiguous,,direct_irfft_complex128_1024_16_contiguous_,0.0326422299258,0.0324024847941,0.000239745131694,7,200,ok,
final,direct,irfft,complex128,1024,32,contiguous,,direct_irfft_complex128_1024_32_contiguous_,0.0601682747947,0.0578138395213,0.000713075278327,7,200,ok,
final,direct,irfft,complex128,1024,64,contiguous,,direct_irfft_complex128_1024_64_contiguous_,0.110835995292,0.10955611011,0.000905940541998,7,200,ok,
final,direct,irfft,complex128,1024,256,contiguous,,direct_irfft_complex128_1024_256_contiguous_,0.425084651215,0.420258200029,0.00207989942282,7,20,ok,
final,direct,irfft,complex128,2048,1,contiguous,,direct_irfft_complex128_2048_1_contiguous_,0.0135368550512,0.0134387904798,3.99247886091e-05,7,945,ok,
final,direct,irfft,complex128,2048,2,contiguous,,direct_irfft_complex128_2048_2_contiguous_,0.0160197560914,0.0158657608351,0.000132964997089,7,828,ok,
final,direct,irfft,complex128,2048,4,contiguous,,direct_irfft_complex128_2048_4_contiguous_,0.0246478797635,0.024239574559,0.000118419411592,7,200,ok,
final,direct,irfft,complex128,2048,8,contiguous,,direct_irfft_complex128_2048_8_contiguous_,0.0407544500194,0.0403126748279,0.000139459734783,7,200,ok,
final,direct,irfft,complex128,2048,16,contiguous,,direct_irfft_complex128_2048_16_contiguous_,0.0735626847018,0.0732722447719,0.000267844297923,7,200,ok,
final,direct,irfft,complex128,2048,32,contiguous,,direct_irfft_complex128_2048_32_contiguous_,0.138230724798,0.137638362703,0.000219252267545,7,182,ok,
final,direct,irfft,complex128,2048,64,contiguous,,direct_irfft_complex128_2048_64_contiguous_,0.266756594647,0.261526851682,0.00147024402395,7,20,ok,
final,direct,irfft,complex128,2048,256,contiguous,,direct_irfft_complex128_2048_256_contiguous_,1.02871954441,1.02319125435,0.00293445191346,7,20,ok,
final,direct,irfft,complex128,3072,1,contiguous,,direct_irfft_complex128_3072_1_contiguous_,0.0179962628108,0.017702502104,3.76495894081e-05,7,719,ok,
final,direct,irfft,complex128,3072,2,contiguous,,direct_irfft_complex128_3072_2_contiguous_,0.0203521299409,0.020090789767,0.000231934827752,7,200,ok,
final,direct,irfft,complex128,3072,4,contiguous,,direct_irfft_complex128_3072_4_contiguous_,0.0322703900747,0.0319522951031,0.000265300041065,7,200,ok,
final,direct,irfft,complex128,3072,8,contiguous,,direct_irfft_complex128_3072_8_contiguous_,0.0565009895945,0.0558734254446,0.000157694448717,7,200,ok,
final,direct,irfft,complex128,3072,16,contiguous,,direct_irfft_complex128_3072_16_contiguous_,0.103514849907,0.10314440995,0.000185294775292,7,200,ok,
final,direct,irfft,complex128,3072,32,contiguous,,direct_irfft_complex128_3072_32_contiguous_,0.196722598048,0.195460248506,0.000853597884998,7,20,ok,
final,direct,irfft,complex128,3072,64,contiguous,,direct_irfft_complex128_3072_64_contiguous_,0.383666949347,0.381598097738,0.000816048122942,7,20,ok,
final,direct,irfft,complex128,3072,256,contiguous,,direct_irfft_complex128_3072_256_contiguous_,1.51286625187,1.50220585056,0.00322749838233,7,20,ok,
final,direct,irfft,complex128,3584,1,contiguous,,direct_irfft_complex128_3584_1_contiguous_,0.0203573425158,0.0202159271023,0.000141415413532,7,590,ok,
final,direct,irfft,complex128,3584,2,contiguous,,direct_irfft_complex128_3584_2_contiguous_,0.0300207949476,0.0297492899699,0.000270954915322,7,200,ok,
final,direct,irfft,complex128,3584,4,contiguous,,direct_irfft_complex128_3584_4_contiguous_,0.0503109046258,0.0499465747271,0.000193959567696,7,200,ok,
final,direct,irfft,complex128,3584,8,contiguous,,direct_irfft_complex128_3584_8_contiguous_,0.0918336847099,0.0914241699502,0.000409514759667,7,200,ok,
final,direct,irfft,complex128,3584,16,contiguous,,direct_irfft_complex128_3584_16_contiguous_,0.170744567489,0.169994730621,0.000157595797052,7,141,ok,
final,direct,irfft,complex128,3584,32,contiguous,,direct_irfft_complex128_3584_32_contiguous_,0.333305151435,0.324617454316,0.00868769711815,7,20,ok,
final,direct,irfft,complex128,3584,64,contiguous,,direct_irfft_complex128_3584_64_contiguous_,0.64882109873,0.641979300417,0.0023728935048,7,20,ok,
final,direct,irfft,complex128,3584,256,contiguous,,direct_irfft_complex128_3584_256_contiguous_,2.59671053992,2.5863766921,0.00880484899076,7,13,ok,
final,direct,irfft,complex128,4095,1,contiguous,,direct_irfft_complex128_4095_1_contiguous_,0.0456276843231,0.045486790456,3.84785513397e-05,7,301,ok,
final,direct,irfft,complex128,4095,2,contiguous,,direct_irfft_complex128_4095_2_contiguous_,0.0711631594459,0.0699889252428,0.000979019096121,7,200,ok,
final,direct,irfft,complex128,4095,4,contiguous,,direct_irfft_complex128_4095_4_contiguous_,0.133520457236,0.132407191983,0.000286976922577,7,177,ok,
final,direct,irfft,complex128,4095,8,contiguous,,direct_irfft_complex128_4095_8_contiguous_,0.262092325695,0.252785205426,0.00624468615886,7,92,ok,
final,direct,irfft,complex128,4095,16,contiguous,,direct_irfft_complex128_4095_16_contiguous_,0.508090583025,0.502222375265,0.00586820776031,7,48,ok,
final,direct,irfft,complex128,4095,32,contiguous,,direct_irfft_complex128_4095_32_contiguous_,0.998317904305,0.995648402022,0.00136555172503,7,20,ok,
final,direct,irfft,complex128,4095,64,contiguous,,direct_irfft_complex128_4095_64_contiguous_,1.99136859053,1.97036653374,0.0164872309303,7,17,ok,
final,direct,irfft,complex128,4095,256,contiguous,,direct_irfft_complex128_4095_256_contiguous_,7.85091274884,7.76290876092,0.0531940022483,7,4,ok,
final,direct,irfft,complex128,4096,1,contiguous,,direct_irfft_complex128_4096_1_contiguous_,0.0228168848099,0.0220331546604,0.000562508433699,7,582,ok,
final,direct,irfft,complex128,4096,2,contiguous,,direct_irfft_complex128_4096_2_contiguous_,0.0258469150867,0.0251989549724,0.000285480055027,7,200,ok,
final,direct,irfft,complex128,4096,4,contiguous,,direct_irfft_complex128_4096_4_contiguous_,0.042947534821,0.0424557650695,0.000366934691556,7,200,ok,
final,direct,irfft,complex128,4096,8,contiguous,,direct_irfft_complex128_4096_8_contiguous_,0.10252851469,0.0763741252013,0.0125258404296,7,200,ok,
final,direct,irfft,complex128,4096,16,contiguous,,direct_irfft_complex128_4096_16_contiguous_,0.140174569473,0.139543581001,0.000487436529271,7,167,ok,
final,direct,irfft,complex128,4096,32,contiguous,,direct_irfft_complex128_4096_32_contiguous_,0.272506801412,0.271055597113,0.00145120429806,7,20,ok,
final,direct,irfft,complex128,4096,64,contiguous,,direct_irfft_complex128_4096_64_contiguous_,0.541556702228,0.533828797052,0.0054441508837,7,20,ok,
final,direct,irfft,complex128,4096,256,contiguous,,direct_irfft_complex128_4096_256_contiguous_,2.15687340824,2.12917180033,0.0130121945404,7,10,ok,
final,direct,irfft,complex128,4097,1,contiguous,,direct_irfft_complex128_4097_1_contiguous_,0.0220901146531,0.0219695398118,7.17351213098e-05,5,200,ok,
final,direct,irfft,complex128,4097,2,contiguous,,direct_irfft_complex128_4097_2_contiguous_,0.0261615053751,0.0259177951375,0.000243710237555,5,200,ok,
final,direct,irfft,complex128,4097,4,contiguous,,direct_irfft_complex128_4097_4_contiguous_,0.0431723002112,0.0427978049265,0.000308175222017,5,200,ok,
final,direct,irfft,complex128,4097,8,contiguous,,direct_irfft_complex128_4097_8_contiguous_,0.0765490496997,0.0761707947822,4.10538632423e-06,5,200,ok,
final,direct,irfft,complex128,4097,16,contiguous,,direct_irfft_complex128_4097_16_contiguous_,0.141283299308,0.140443746932,0.000408751657233,5,20,ok,
final,direct,irfft,complex128,4097,32,contiguous,,direct_irfft_complex128_4097_32_contiguous_,0.271584599977,0.270960945636,0.000300048850477,5,20,ok,
final,direct,irfft,complex128,4097,64,contiguous,,direct_irfft_complex128_4097_64_contiguous_,0.538267102093,0.535922200652,0.00234490144067,5,20,ok,
final,direct,irfft,complex128,4097,256,contiguous,,direct_irfft_complex128_4097_256_contiguous_,2.11195379961,2.10682221223,0.00351639464498,5,5,ok,
final,direct,irfft,complex128,4608,1,contiguous,,direct_irfft_complex128_4608_1_contiguous_,0.0253667199286,0.0252112798626,8.22049332783e-05,5,200,ok,
final,direct,irfft,complex128,4608,2,contiguous,,direct_irfft_complex128_4608_2_contiguous_,0.0290200300515,0.028974544839,4.54852124676e-05,5,200,ok,
final,direct,irfft,complex128,4608,4,contiguous,,direct_irfft_complex128_4608_4_contiguous_,0.0479886803078,0.0477723247604,0.000105600338429,5,200,ok,
final,direct,irfft,complex128,4608,8,contiguous,,direct_irfft_complex128_4608_8_contiguous_,0.0856611848576,0.085418325034,0.000157799804583,5,200,ok,
final,direct,irfft,complex128,4608,16,contiguous,,direct_irfft_complex128_4608_16_contiguous_,0.160694954684,0.158965250012,0.00142165226862,5,20,ok,
final,direct,irfft,complex128,4608,32,contiguous,,direct_irfft_complex128_4608_32_contiguous_,0.308363098884,0.307549600257,0.000171351712197,5,20,ok,
final,direct,irfft,complex128,4608,64,contiguous,,direct_irfft_complex128_4608_64_contiguous_,0.609984697076,0.605704251211,0.00183389638551,5,20,ok,
final,direct,irfft,complex128,4608,256,contiguous,,direct_irfft_complex128_4608_256_contiguous_,2.42968779057,2.40044519305,0.0153525965288,5,5,ok,
final,direct,irfft,complex128,8192,1,contiguous,,direct_irfft_complex128_8192_1_contiguous_,0.042013740167,0.0412232254166,0.000363684957847,5,200,ok,
final,direct,irfft,complex128,8192,2,contiguous,,direct_irfft_complex128_8192_2_contiguous_,0.048572664964,0.0483971898211,5.56552549824e-05,5,200,ok,
final,direct,irfft,complex128,8192,4,contiguous,,direct_irfft_complex128_8192_4_contiguous_,0.084767715307,0.0843903596979,0.000221564550884,5,200,ok,
final,direct,irfft,complex128,8192,8,contiguous,,direct_irfft_complex128_8192_8_contiguous_,0.154545146064,0.153913341692,0.000235885440643,5,158,ok,
final,direct,irfft,complex128,8192,16,contiguous,,direct_irfft_complex128_8192_16_contiguous_,0.296997447731,0.294323451817,0.000447803176939,5,20,ok,
final,direct,irfft,complex128,8192,32,contiguous,,direct_irfft_complex128_8192_32_contiguous_,0.577055849135,0.574743049219,0.00107400119305,5,20,ok,
final,direct,irfft,complex128,8192,64,contiguous,,direct_irfft_complex128_8192_64_contiguous_,1.15670055384,1.15545020089,0.00125035294332,5,20,ok,
final,direct,irfft,complex128,8192,256,contiguous,,direct_irfft_complex128_8192_256_contiguous_,4.71158798318,4.68407699373,0.019686575979,5,5,ok,
final,direct,irfft,complex128,16384,1,contiguous,,direct_irfft_complex128_16384_1_contiguous_,0.082624675124,0.0825567450374,6.79300865158e-05,5,200,ok,
final,direct,irfft,complex128,16384,2,contiguous,,direct_irfft_complex128_16384_2_contiguous_,0.1245258991,0.124018788079,0.000200874049856,5,198,ok,
final,direct,irfft,complex128,16384,4,contiguous,,direct_irfft_complex128_16384_4_contiguous_,0.233684732208,0.229519471759,0.00120549143671,5,108,ok,
final,direct,irfft,complex128,16384,8,contiguous,,direct_irfft_complex128_16384_8_contiguous_,0.448494247394,0.440930703189,0.00756354420446,5,20,ok,
final,direct,irfft,complex128,16384,16,contiguous,,direct_irfft_complex128_16384_16_contiguous_,0.916440802393,0.911103351973,0.000975799048319,5,20,ok,
final,direct,irfft,complex128,16384,32,contiguous,,direct_irfft_complex128_16384_32_contiguous_,1.70460860245,1.69690019684,0.00492265098728,5,20,ok,
final,direct,irfft,complex128,16384,64,contiguous,,direct_irfft_complex128_16384_64_contiguous_,3.44027500832,3.39876270154,0.0122919911519,5,10,ok,
final,direct,irfft,complex128,16384,256,contiguous,,direct_irfft_complex128_16384_256_contiguous_,16.3786264602,16.3080400089,0.0705864513293,5,2,ok,
final,direct,irfft,complex128,32768,1,contiguous,,direct_irfft_complex128_32768_1_contiguous_,0.229177623774,0.225191578107,0.000811138173241,5,109,ok,
final,direct,irfft,complex128,32768,2,contiguous,,direct_irfft_complex128_32768_2_contiguous_,0.263573414834,0.263256435728,0.000316979105961,5,94,ok,
final,direct,irfft,complex128,32768,4,contiguous,,direct_irfft_complex128_32768_4_contiguous_,0.514969648793,0.511062395526,0.00390725326724,5,20,ok,
final,direct,irfft,complex128,32768,8,contiguous,,direct_irfft_complex128_32768_8_contiguous_,1.03338020272,1.021790097,0.00400395365432,5,20,ok,
final,direct,irfft,complex128,32768,16,contiguous,,direct_irfft_complex128_32768_16_contiguous_,2.06822652698,2.01448523576,0.0334688229486,5,17,ok,
final,direct,irfft,complex128,32768,32,contiguous,,direct_irfft_complex128_32768_32_contiguous_,4.09765724908,4.0509239916,0.0467332574772,5,8,ok,
final,direct,irfft,complex128,32768,64,contiguous,,direct_irfft_complex128_32768_64_contiguous_,8.71054476011,8.21669699508,0.0523175112903,5,4,ok,
final,direct,irfft,complex128,32768,256,contiguous,,direct_irfft_complex128_32768_256_contiguous_,38.2250430994,36.9795321021,0.223887851462,5,1,ok,
final,direct,irfft,complex128,65536,1,contiguous,,direct_irfft_complex128_65536_1_contiguous_,0.502738060895,0.501686700154,0.00105136074126,5,50,ok,
final,direct,irfft,complex128,65536,2,contiguous,,direct_irfft_complex128_65536_2_contiguous_,0.547803845257,0.54558669799,0.00091620022431,5,20,ok,
final,direct,irfft,complex128,65536,4,contiguous,,direct_irfft_complex128_65536_4_contiguous_,1.08580040396,1.08175534988,0.00404505408369,5,20,ok,
final,direct,irfft,complex128,65536,8,contiguous,,direct_irfft_complex128_65536_8_contiguous_,2.19069612649,2.18587031122,0.0046712520998,5,16,ok,
final,direct,irfft,complex128,65536,16,contiguous,,direct_irfft_complex128_65536_16_contiguous_,4.47565756206,4.3792651434,0.0404954189435,5,7,ok,
final,direct,irfft,complex128,65536,32,contiguous,,direct_irfft_complex128_65536_32_contiguous_,9.00848764771,8.99680897904,0.0116786686704,5,3,ok,
final,direct,irfft,complex128,65536,64,contiguous,,direct_irfft_complex128_65536_64_contiguous_,19.5392919704,19.4044610253,0.10976404883,5,1,ok,
final,direct,irfft,complex128,65536,256,contiguous,,direct_irfft_complex128_65536_256_contiguous_,80.8445150033,80.0103209913,0.193962012418,5,1,ok,
final,layout,fft,complex64,1024,1,reverse,,layout_fft_complex64_1024_1_reverse_,0.0112450357965,0.0110349915853,7.37960519882e-05,7,951,ok,
final,layout,fft,complex64,1024,1,stride2,,layout_fft_complex64_1024_1_stride2_,0.0113352493991,0.0112317296038,4.38401295662e-05,7,1139,ok,
final,layout,fft,complex64,1024,1,transpose,,layout_fft_complex64_1024_1_transpose_,0.0112689043834,0.0111212940187,0.000136745724134,7,983,ok,
final,layout,fft,complex64,1024,1,fortran,,layout_fft_complex64_1024_1_fortran_,0.0110115211881,0.0108975901632,5.13554289551e-05,7,1159,ok,
final,layout,fft,complex64,1024,8,reverse,,layout_fft_complex64_1024_8_reverse_,0.045732674771,0.045313439914,0.000263145193458,7,200,ok,
final,layout,fft,complex64,1024,8,stride2,,layout_fft_complex64_1024_8_stride2_,0.0459801848046,0.045800145017,0.000180039787665,7,200,ok,
final,layout,fft,complex64,1024,8,transpose,,layout_fft_complex64_1024_8_transpose_,0.0501981447451,0.0495819951175,0.000223264796659,7,200,ok,
final,layout,fft,complex64,1024,8,fortran,,layout_fft_complex64_1024_8_fortran_,0.0506460299948,0.0495366600808,0.000233285245486,7,200,ok,
final,layout,fft,complex64,1024,64,reverse,,layout_fft_complex64_1024_64_reverse_,0.289224741487,0.287261435433,0.00193195335348,7,85,ok,
final,layout,fft,complex64,1024,64,stride2,,layout_fft_complex64_1024_64_stride2_,0.299370591816,0.297744493978,0.000193567061222,7,81,ok,
final,layout,fft,complex64,1024,64,transpose,,layout_fft_complex64_1024_64_transpose_,0.390905871867,0.388240274568,0.000626014004792,7,62,ok,
final,layout,fft,complex64,1024,64,fortran,,layout_fft_complex64_1024_64_fortran_,0.390890692811,0.386475855785,0.00171851547014,7,62,ok,
final,layout,fft,complex64,4096,1,reverse,,layout_fft_complex64_4096_1_reverse_,0.034130227349,0.0339686576833,5.58750849664e-05,7,409,ok,
final,layout,fft,complex64,4096,1,stride2,,layout_fft_complex64_4096_1_stride2_,0.0342910452413,0.0342589855704,1.40261060248e-05,7,420,ok,
final,layout,fft,complex64,4096,1,transpose,,layout_fft_complex64_4096_1_transpose_,0.0343637242779,0.0342204845767,6.08776756328e-05,7,417,ok,
final,layout,fft,complex64,4096,1,fortran,,layout_fft_complex64_4096_1_fortran_,0.0339555772712,0.0339202301909,3.00561952374e-05,7,426,ok,
final,layout,fft,complex64,4096,8,reverse,,layout_fft_complex64_4096_8_reverse_,0.182888500128,0.182710111892,0.000178388236508,7,134,ok,
final,layout,fft,complex64,4096,8,stride2,,layout_fft_complex64_4096_8_stride2_,0.184230776862,0.183635130704,0.000422784628776,7,130,ok,
final,layout,fft,complex64,4096,8,transpose,,layout_fft_complex64_4096_8_transpose_,0.203923830344,0.203241881228,0.000640009016872,7,118,ok,
final,layout,fft,complex64,4096,8,fortran,,layout_fft_complex64_4096_8_fortran_,0.201117959086,0.200624438571,0.000476089450039,7,123,ok,
final,layout,fft,complex64,4096,64,reverse,,layout_fft_complex64_4096_64_reverse_,1.33553229971,1.33127085282,0.000699801603332,7,20,ok,
final,layout,fft,complex64,4096,64,stride2,,layout_fft_complex64_4096_64_stride2_,1.4051871025,1.3961396995,0.00462915049866,7,20,ok,
final,layout,fft,complex64,4096,64,transpose,,layout_fft_complex64_4096_64_transpose_,1.81523772577,1.79214244579,0.00991956201485,7,18,ok,
final,layout,fft,complex64,4096,64,fortran,,layout_fft_complex64_4096_64_fortran_,1.85868316718,1.84254472454,0.00742166432449,7,18,ok,
final,layout,fft,complex64,65536,1,reverse,,layout_fft_complex64_65536_1_reverse_,0.945833345983,0.93829465242,0.00753869356301,5,26,ok,
final,layout,fft,complex64,65536,1,stride2,,layout_fft_complex64_65536_1_stride2_,0.965926800855,0.955882123671,0.0090311979875,5,25,ok,
final,layout,fft,complex64,65536,1,transpose,,layout_fft_complex64_65536_1_transpose_,0.95430222931,0.946607848164,0.00343369230485,5,26,ok,
final,layout,fft,complex64,65536,1,fortran,,layout_fft_complex64_65536_1_fortran_,0.964069457647,0.939356750071,0.00726608656502,5,24,ok,
final,layout,fft,complex64,65536,8,reverse,,layout_fft_complex64_65536_8_reverse_,7.88162750541,7.79908100958,0.039921986172,5,4,ok,
final,layout,fft,complex64,65536,8,stride2,,layout_fft_complex64_65536_8_stride2_,8.41047547874,8.26750899432,0.00904672197066,5,4,ok,
final,layout,fft,complex64,65536,8,transpose,,layout_fft_complex64_65536_8_transpose_,9.00157450815,8.88460650458,0.116968003567,5,4,ok,
final,layout,fft,complex64,65536,8,fortran,,layout_fft_complex64_65536_8_fortran_,8.94124231612,8.55617465762,0.385067658499,5,3,ok,
final,layout,fft,complex64,65536,64,reverse,,layout_fft_complex64_65536_64_reverse_,77.8910210356,76.7530209851,0.829034950584,5,1,ok,
final,layout,fft,complex64,65536,64,stride2,,layout_fft_complex64_65536_64_stride2_,78.6760740448,78.2404129859,0.115044065751,5,1,ok,
final,layout,fft,complex64,65536,64,transpose,,layout_fft_complex64_65536_64_transpose_,95.72617698,94.5462979143,0.466790050268,5,1,ok,
final,layout,fft,complex64,65536,64,fortran,,layout_fft_complex64_65536_64_fortran_,95.7502829842,93.7945479527,0.614235992543,5,1,ok,
final,staged,fft,complex64,1024,1,contiguous,pad,staged_fft_complex64_1024_1_contiguous_pad,0.0106559665553,0.0105806292113,7.53373439823e-05,7,987,ok,
final,staged,fft,complex64,1024,1,contiguous,truncate,staged_fft_complex64_1024_1_contiguous_truncate,0.0115992831055,0.011374094339,1.92975868211e-05,7,1166,ok,
final,staged,fft,complex64,1024,8,contiguous,pad,staged_fft_complex64_1024_8_contiguous_pad,0.0405072851572,0.0389970699325,0.00116923009045,7,200,ok,
final,staged,fft,complex64,1024,8,contiguous,truncate,staged_fft_complex64_1024_8_contiguous_truncate,0.0477634102572,0.0469982298091,0.000243755057454,7,200,ok,
final,staged,fft,complex64,1024,64,contiguous,pad,staged_fft_complex64_1024_64_contiguous_pad,0.263100288187,0.261300489203,0.000558823295352,7,90,ok,
final,staged,fft,complex64,1024,64,contiguous,truncate,staged_fft_complex64_1024_64_contiguous_truncate,0.301502556087,0.299920027222,0.000779791864463,7,72,ok,
final,staged,fft,complex64,1024,256,contiguous,pad,staged_fft_complex64_1024_256_contiguous_pad,1.02892389987,1.00947464816,0.00904785119928,7,20,ok,
final,staged,fft,complex64,1024,256,contiguous,truncate,staged_fft_complex64_1024_256_contiguous_truncate,1.21329594986,1.17813699762,0.0222550006583,7,20,ok,
final,staged,fft,complex64,4096,1,contiguous,pad,staged_fft_complex64_4096_1_contiguous_pad,0.0328929555193,0.0326304814004,7.34558920855e-05,7,428,ok,
final,staged,fft,complex64,4096,1,contiguous,truncate,staged_fft_complex64_4096_1_contiguous_truncate,0.035814722826,0.0357283584364,6.59366564668e-05,7,332,ok,
final,staged,fft,complex64,4096,8,contiguous,pad,staged_fft_complex64_4096_8_contiguous_pad,0.203912564291,0.202770086212,0.00101257250923,7,117,ok,
final,staged,fft,complex64,4096,8,contiguous,truncate,staged_fft_complex64_4096_8_contiguous_truncate,0.195915008161,0.194135600913,0.00177737329216,7,123,ok,
final,staged,fft,complex64,4096,64,contiguous,pad,staged_fft_complex64_4096_64_contiguous_pad,1.32455985295,1.30558400415,0.00664790277369,7,20,ok,
final,staged,fft,complex64,4096,64,contiguous,truncate,staged_fft_complex64_4096_64_contiguous_truncate,1.46951494971,1.45826295484,0.00777500099503,7,20,ok,
final,staged,fft,complex64,4096,256,contiguous,pad,staged_fft_complex64_4096_256_contiguous_pad,6.45201758016,6.35964139365,0.0693973852322,7,5,ok,
final,staged,fft,complex64,4096,256,contiguous,truncate,staged_fft_complex64_4096_256_contiguous_truncate,9.63937999525,9.1071043474,0.0835153041407,7,3,ok,
final,staged,fft,complex64,4097,1,contiguous,pad,staged_fft_complex64_4097_1_contiguous_pad,0.114784113484,0.11350264886,0.000591864935248,5,185,ok,
final,staged,fft,complex64,4097,1,contiguous,truncate,staged_fft_complex64_4097_1_contiguous_truncate,0.116990715032,0.116751615424,0.000215005129576,5,200,ok,
final,staged,fft,complex64,4097,8,contiguous,pad,staged_fft_complex64_4097_8_contiguous_pad,0.807701167651,0.804547267035,0.00315390061587,5,30,ok,
final,staged,fft,complex64,4097,8,contiguous,truncate,staged_fft_complex64_4097_8_contiguous_truncate,0.730476852315,0.725092705312,0.00198694247314,5,34,ok,
final,staged,fft,complex64,4097,64,contiguous,pad,staged_fft_complex64_4097_64_contiguous_pad,6.48615499958,6.46182759665,0.0243274029344,5,5,ok,
final,staged,fft,complex64,4097,64,contiguous,truncate,staged_fft_complex64_4097_64_contiguous_truncate,5.83499760833,5.79044858459,0.0154186040163,5,5,ok,
final,staged,fft,complex64,4097,256,contiguous,pad,staged_fft_complex64_4097_256_contiguous_pad,26.4797660057,26.4365050243,0.0394240487367,5,1,ok,
final,staged,fft,complex64,4097,256,contiguous,truncate,staged_fft_complex64_4097_256_contiguous_truncate,26.9798670197,26.6382510308,0.263540074229,5,1,ok,
final,staged,fft,complex64,8192,1,contiguous,pad,staged_fft_complex64_8192_1_contiguous_pad,0.0645715300925,0.0644950848073,7.64452852309e-05,5,200,ok,
final,staged,fft,complex64,8192,1,contiguous,truncate,staged_fft_complex64_8192_1_contiguous_truncate,0.068744655,0.0681766448542,0.000497525325045,5,200,ok,
final,staged,fft,complex64,8192,8,contiguous,pad,staged_fft_complex64_8192_8_contiguous_pad,0.399993071499,0.39834591111,0.00164716038853,5,56,ok,
final,staged,fft,complex64,8192,8,contiguous,truncate,staged_fft_complex64_8192_8_contiguous_truncate,0.440796887481,0.4392280455,0.00139668224041,5,44,ok,
final,staged,fft,complex64,8192,64,contiguous,pad,staged_fft_complex64_8192_64_contiguous_pad,3.1779321027,3.17269730149,0.00388229964301,5,10,ok,
final,staged,fft,complex64,8192,64,contiguous,truncate,staged_fft_complex64_8192_64_contiguous_truncate,4.05984562531,3.8989407476,0.0667544954922,5,8,ok,
final,staged,fft,complex64,8192,256,contiguous,pad,staged_fft_complex64_8192_256_contiguous_pad,16.1263520131,16.0610950552,0.0239700311795,5,2,ok,
final,staged,fft,complex64,8192,256,contiguous,truncate,staged_fft_complex64_8192_256_contiguous_truncate,22.3201750778,22.132914979,0.187260098755,5,1,ok,
final,layout,fft,complex128,1024,1,reverse,,layout_fft_complex128_1024_1_reverse_,0.0101634021191,0.0100741173162,4.57204237738e-05,7,1134,ok,
final,layout,fft,complex128,1024,1,stride2,,layout_fft_complex128_1024_1_stride2_,0.0101286461804,0.0100717242254,7.15995511265e-06,7,1269,ok,
final,layout,fft,complex128,1024,1,transpose,,layout_fft_complex128_1024_1_transpose_,0.0096409883725,0.00959136618449,8.48889396847e-06,7,1297,ok,
final,layout,fft,complex128,1024,1,fortran,,layout_fft_complex128_1024_1_fortran_,0.00954384433095,0.00950921974709,2.94711929276e-05,7,1388,ok,
final,layout,fft,complex128,1024,8,reverse,,layout_fft_complex128_1024_8_reverse_,0.0392949301749,0.0391911348561,8.85594636202e-05,7,200,ok,
final,layout,fft,complex128,1024,8,stride2,,layout_fft_complex128_1024_8_stride2_,0.0401942047756,0.0398937944556,0.000125889782794,7,200,ok,
final,layout,fft,complex128,1024,8,transpose,,layout_fft_complex128_1024_8_transpose_,0.040602160152,0.0404261850053,9.42748738453e-05,7,200,ok,
final,layout,fft,complex128,1024,8,fortran,,layout_fft_complex128_1024_8_fortran_,0.0416592299007,0.041606934974,4.41295560449e-05,7,200,ok,
final,layout,fft,complex128,1024,64,reverse,,layout_fft_complex128_1024_64_reverse_,0.251314130146,0.250637970166,0.000240949448198,7,100,ok,
final,layout,fft,complex128,1024,64,stride2,,layout_fft_complex128_1024_64_stride2_,0.253797695041,0.253081199174,0.000389042849603,7,95,ok,
final,layout,fft,complex128,1024,64,transpose,,layout_fft_complex128_1024_64_transpose_,0.34228048753,0.341526722574,0.00035455418078,7,72,ok,
final,layout,fft,complex128,1024,64,fortran,,layout_fft_complex128_1024_64_fortran_,0.336428314817,0.335615973486,0.000787903682316,7,73,ok,
final,layout,fft,complex128,4096,1,reverse,,layout_fft_complex128_4096_1_reverse_,0.0300209957028,0.0298577052002,0.000151290411228,7,475,ok,
final,layout,fft,complex128,4096,1,stride2,,layout_fft_complex128_4096_1_stride2_,0.0303904968363,0.0302657408881,8.21486819385e-05,7,471,ok,
final,layout,fft,complex128,4096,1,transpose,,layout_fft_complex128_4096_1_transpose_,0.0301721539714,0.029857896459,0.000252050715047,7,474,ok,
final,layout,fft,complex128,4096,1,fortran,,layout_fft_complex128_4096_1_fortran_,0.0291180262919,0.0290869978381,2.80688181218e-05,7,494,ok,
final,layout,fft,complex128,4096,8,reverse,,layout_fft_complex128_4096_8_reverse_,0.162988733319,0.162768909442,9.10133474156e-05,7,154,ok,
final,layout,fft,complex128,4096,8,stride2,,layout_fft_complex128_4096_8_stride2_,0.169530635633,0.168233507013,0.000935100251809,7,140,ok,
final,layout,fft,complex128,4096,8,transpose,,layout_fft_complex128_4096_8_transpose_,0.187161594113,0.186942671462,0.000218922650674,7,128,ok,
final,layout,fft,complex128,4096,8,fortran,,layout_fft_complex128_4096_8_fortran_,0.187076687285,0.1854598583,0.00161682898457,7,134,ok,
final,layout,fft,complex128,4096,64,reverse,,layout_fft_complex128_4096_64_reverse_,1.18744884967,1.18325499934,0.00405554892495,7,20,ok,
final,layout,fft,complex128,4096,64,stride2,,layout_fft_complex128_4096_64_stride2_,1.21397530311,1.21222549933,0.00133944558911,7,20,ok,
final,layout,fft,complex128,4096,64,transpose,,layout_fft_complex128_4096_64_transpose_,1.58921005204,1.58800174831,0.0011041003745,7,20,ok,
final,layout,fft,complex128,4096,64,fortran,,layout_fft_complex128_4096_64_fortran_,1.56852500513,1.56602635398,0.0024986511562,7,20,ok,
final,layout,fft,complex128,65536,1,reverse,,layout_fft_complex128_65536_1_reverse_,0.935120691653,0.931377921146,0.00123153530205,5,26,ok,
final,layout,fft,complex128,65536,1,stride2,,layout_fft_complex128_65536_1_stride2_,0.926420616452,0.92079245951,0.00450453864267,5,26,ok,
final,layout,fft,complex128,65536,1,transpose,,layout_fft_complex128_65536_1_transpose_,0.902401628318,0.896983779967,0.00322711033126,5,27,ok,
final,layout,fft,complex128,65536,1,fortran,,layout_fft_complex128_65536_1_fortran_,0.922022038139,0.920586310363,0.00143572777653,5,26,ok,
final,layout,fft,complex128,65536,8,reverse,,layout_fft_complex128_65536_8_reverse_,7.47667549876,7.44970524102,0.0176980101969,5,4,ok,
final,layout,fft,complex128,65536,8,stride2,,layout_fft_complex128_65536_8_stride2_,7.77257699519,7.71943299333,0.0435437541455,5,4,ok,
final,layout,fft,complex128,65536,8,transpose,,layout_fft_complex128_65536_8_transpose_,7.70979476511,7.62188847875,0.0879062863532,5,4,ok,
final,layout,fft,complex128,65536,8,fortran,,layout_fft_complex128_65536_8_fortran_,7.86432775203,7.71469148458,0.149636267452,5,4,ok,
final,layout,fft,complex128,65536,64,reverse,,layout_fft_complex128_65536_64_reverse_,64.6464900346,64.2036249628,0.191716942936,5,1,ok,
final,layout,fft,complex128,65536,64,stride2,,layout_fft_complex128_65536_64_stride2_,67.1532219276,66.8939879397,0.126576982439,5,1,ok,
final,layout,fft,complex128,65536,64,transpose,,layout_fft_complex128_65536_64_transpose_,87.4890069244,87.4343349133,0.0546720111743,5,1,ok,
final,layout,fft,complex128,65536,64,fortran,,layout_fft_complex128_65536_64_fortran_,88.9169080183,88.4035020135,0.507464981638,5,1,ok,
final,staged,fft,complex128,1024,1,contiguous,pad,staged_fft_complex128_1024_1_contiguous_pad,0.00930384334757,0.00926848680509,2.33099136738e-05,7,1136,ok,
final,staged,fft,complex128,1024,1,contiguous,truncate,staged_fft_complex128_1024_1_contiguous_truncate,0.00955081396001,0.00953498575557,1.14545515345e-05,7,1333,ok,
final,staged,fft,complex128,1024,8,contiguous,pad,staged_fft_complex128_1024_8_contiguous_pad,0.0345247850055,0.0343755597714,5.51046105102e-05,7,200,ok,
final,staged,fft,complex128,1024,8,contiguous,truncate,staged_fft_complex128_1024_8_contiguous_truncate,0.0396242400166,0.0392230949365,0.00011526979506,7,200,ok,
final,staged,fft,complex128,1024,64,contiguous,pad,staged_fft_complex128_1024_64_contiguous_pad,0.242083262227,0.241521932411,0.000561329816441,7,103,ok,
final,staged,fft,complex128,1024,64,contiguous,truncate,staged_fft_complex128_1024_64_contiguous_truncate,0.258681142218,0.253072215187,0.00152651966568,7,98,ok,
final,staged,fft,complex128,1024,256,contiguous,pad,staged_fft_complex128_1024_256_contiguous_pad,0.947467150399,0.939836900216,0.00234235194512,7,20,ok,
final,staged,fft,complex128,1024,256,contiguous,truncate,staged_fft_complex128_1024_256_contiguous_truncate,0.999052252155,0.991142546991,0.00229475554079,7,20,ok,
final,staged,fft,complex128,4096,1,contiguous,pad,staged_fft_complex128_4096_1_contiguous_pad,0.0304577914718,0.0302210064625,0.000236785009263,7,465,ok,
final,staged,fft,complex128,4096,1,contiguous,truncate,staged_fft_complex128_4096_1_contiguous_truncate,0.0303644840675,0.0300484159744,0.000146643264563,7,471,ok,
final,staged,fft,complex128,4096,8,contiguous,pad,staged_fft_complex128_4096_8_contiguous_pad,0.16381016123,0.163400946529,0.000409214701128,7,149,ok,
final,staged,fft,complex128,4096,8,contiguous,truncate,staged_fft_complex128_4096_8_contiguous_truncate,0.165127456768,0.164589960288,0.00042555659442,7,151,ok,
final,staged,fft,complex128,4096,64,contiguous,pad,staged_fft_complex128_4096_64_contiguous_pad,1.26221865066,1.25302504748,0.00273265177384,7,20,ok,
final,staged,fft,complex128,4096,64,contiguous,truncate,staged_fft_complex128_4096_64_contiguous_truncate,1.2066285999,1.20165530243,0.00497329747304,7,20,ok,
final,staged,fft,complex128,4096,256,contiguous,pad,staged_fft_complex128_4096_256_contiguous_pad,5.15240816943,5.03585933863,0.0955963429684,7,6,ok,
final,staged,fft,complex128,4096,256,contiguous,truncate,staged_fft_complex128_4096_256_contiguous_truncate,5.12230217767,5.03643382884,0.0489996552157,7,6,ok,
final,staged,fft,complex128,4097,1,contiguous,pad,staged_fft_complex128_4097_1_contiguous_pad,0.11683367542,0.113388855243,0.00249283970334,5,200,ok,
final,staged,fft,complex128,4097,1,contiguous,truncate,staged_fft_complex128_4097_1_contiguous_truncate,0.117264569853,0.116249279818,0.00101529003587,5,200,ok,
final,staged,fft,complex128,4097,8,contiguous,pad,staged_fft_complex128_4097_8_contiguous_pad,0.831079067818,0.803405834207,0.0203766316796,5,30,ok,
final,staged,fft,complex128,4097,8,contiguous,truncate,staged_fft_complex128_4097_8_contiguous_truncate,0.711526226119,0.704123285998,0.00580454112164,5,35,ok,
final,staged,fft,complex128,4097,64,contiguous,pad,staged_fft_complex128_4097_64_contiguous_pad,6.32979359943,6.29879380576,0.0309997936711,5,5,ok,
final,staged,fft,complex128,4097,64,contiguous,truncate,staged_fft_complex128_4097_64_contiguous_truncate,5.65577967791,5.54527216203,0.0483818585053,5,6,ok,
final,staged,fft,complex128,4097,256,contiguous,pad,staged_fft_complex128_4097_256_contiguous_pad,25.8709209738,25.7810129551,0.0899080187082,5,1,ok,
final,staged,fft,complex128,4097,256,contiguous,truncate,staged_fft_complex128_4097_256_contiguous_truncate,22.5150280166,22.2938751103,0.221152906306,5,1,ok,
final,staged,fft,complex128,8192,1,contiguous,pad,staged_fft_complex128_8192_1_contiguous_pad,0.0611271598609,0.0585354800569,0.000743379932828,5,200,ok,
final,staged,fft,complex128,8192,1,contiguous,truncate,staged_fft_complex128_8192_1_contiguous_truncate,0.059998354991,0.0587081053527,0.00115996052045,5,200,ok,
final,staged,fft,complex128,8192,8,contiguous,pad,staged_fft_complex128_8192_8_contiguous_pad,0.429285575746,0.418198813874,0.00333010171682,5,59,ok,
final,staged,fft,complex128,8192,8,contiguous,truncate,staged_fft_complex128_8192_8_contiguous_truncate,0.394723350404,0.390785698232,0.00151187284953,5,63,ok,
final,staged,fft,complex128,8192,64,contiguous,pad,staged_fft_complex128_8192_64_contiguous_pad,3.28980860068,3.26540509705,0.00706319697201,5,10,ok,
final,staged,fft,complex128,8192,64,contiguous,truncate,staged_fft_complex128_8192_64_contiguous_truncate,2.97784430441,2.97225690447,0.00558739993721,5,10,ok,
final,staged,fft,complex128,8192,256,contiguous,pad,staged_fft_complex128_8192_256_contiguous_pad,14.2470494611,14.0849825111,0.162066949997,5,2,ok,
final,staged,fft,complex128,8192,256,contiguous,truncate,staged_fft_complex128_8192_256_contiguous_truncate,14.2721110024,14.1561300261,0.0917805009522,5,2,ok,
final,layout,ifft,complex64,1024,1,reverse,,layout_ifft_complex64_1024_1_reverse_,0.0121870912034,0.0120204326737,5.12045200752e-05,7,920,ok,
final,layout,ifft,complex64,1024,1,stride2,,layout_ifft_complex64_1024_1_stride2_,0.0120445685197,0.0119107573087,3.64579298623e-05,7,1022,ok,
final,layout,ifft,complex64,1024,1,transpose,,layout_ifft_complex64_1024_1_transpose_,0.0112431573725,0.0112009276619,3.71581708059e-05,7,1106,ok,
final,layout,ifft,complex64,1024,1,fortran,,layout_ifft_complex64_1024_1_fortran_,0.0110856586553,0.0110082560147,7.06233549863e-05,7,1160,ok,
final,layout,ifft,complex64,1024,8,reverse,,layout_ifft_complex64_1024_8_reverse_,0.0404851447092,0.0402231048793,0.000262039829977,7,200,ok,
final,layout,ifft,complex64,1024,8,stride2,,layout_ifft_complex64_1024_8_stride2_,0.0406939350069,0.0405908946414,0.000103040365502,7,200,ok,
final,layout,ifft,complex64,1024,8,transpose,,layout_ifft_complex64_1024_8_transpose_,0.0406970398035,0.0403546501184,6.75802584738e-05,7,200,ok,
final,layout,ifft,complex64,1024,8,fortran,,layout_ifft_complex64_1024_8_fortran_,0.0424584199209,0.0408118549967,0.000965454964899,7,200,ok,
final,layout,ifft,complex64,1024,64,reverse,,layout_ifft_complex64_1024_64_reverse_,0.257898070332,0.252036737617,0.00464187869144,7,99,ok,
final,layout,ifft,complex64,1024,64,stride2,,layout_ifft_complex64_1024_64_stride2_,0.25638870358,0.251475061119,0.0038200701891,7,98,ok,
final,layout,ifft,complex64,1024,64,transpose,,layout_ifft_complex64_1024_64_transpose_,0.26641099003,0.260122115479,0.00628887455126,7,95,ok,
final,layout,ifft,complex64,1024,64,fortran,,layout_ifft_complex64_1024_64_fortran_,0.259432094026,0.258276302096,0.00115579193031,7,96,ok,
final,layout,ifft,complex64,4096,1,reverse,,layout_ifft_complex64_4096_1_reverse_,0.0343696736064,0.0329166359046,0.000444021522911,7,423,ok,
final,layout,ifft,complex64,4096,1,stride2,,layout_ifft_complex64_4096_1_stride2_,0.0344168845947,0.0333464594222,6.44849471352e-05,7,433,ok,
final,layout,ifft,complex64,4096,1,transpose,,layout_ifft_complex64_4096_1_transpose_,0.0306353939144,0.0299831072537,0.000443044780496,7,401,ok,
final,layout,ifft,complex64,4096,1,fortran,,layout_ifft_complex64_4096_1_fortran_,0.0303315336174,0.0299955313406,9.2872774498e-05,7,463,ok,
final,layout,ifft,complex64,4096,8,reverse,,layout_ifft_complex64_4096_8_reverse_,0.156240649729,0.155494222862,0.00038677693054,7,157,ok,
final,layout,ifft,complex64,4096,8,stride2,,layout_ifft_complex64_4096_8_stride2_,0.154084367527,0.153884509458,0.00019985806918,7,155,ok,
final,layout,ifft,complex64,4096,8,transpose,,layout_ifft_complex64_4096_8_transpose_,0.154272583747,0.153625664527,0.000620534157623,7,161,ok,
final,layout,ifft,complex64,4096,8,fortran,,layout_ifft_complex64_4096_8_fortran_,0.154892186582,0.15447140304,0.000221347465232,7,161,ok,
final,layout,ifft,complex64,4096,64,reverse,,layout_ifft_complex64_4096_64_reverse_,1.08605540008,1.08393239789,0.00145770027302,7,20,ok,
final,layout,ifft,complex64,4096,64,stride2,,layout_ifft_complex64_4096_64_stride2_,1.08941614744,1.08736134716,0.00205480027944,7,20,ok,
final,layout,ifft,complex64,4096,64,transpose,,layout_ifft_complex64_4096_64_transpose_,1.1122867465,1.10717674834,0.00233785249293,7,20,ok,
final,layout,ifft,complex64,4096,64,fortran,,layout_ifft_complex64_4096_64_fortran_,1.10805390286,1.10446970211,0.00120619661175,7,20,ok,
final,layout,ifft,complex64,65536,1,reverse,,layout_ifft_complex64_65536_1_reverse_,0.494183918927,0.493106299546,0.00024925917387,5,50,ok,
final,layout,ifft,complex64,65536,1,stride2,,layout_ifft_complex64_65536_1_stride2_,0.497144041583,0.49693124136,0.00021280022338,5,50,ok,
final,layout,ifft,complex64,65536,1,transpose,,layout_ifft_complex64_65536_1_transpose_,0.46143805634,0.460258426352,0.000889999447046,5,54,ok,
final,layout,ifft,complex64,65536,1,fortran,,layout_ifft_complex64_65536_1_fortran_,0.462910610993,0.460323185608,0.00237107397644,5,54,ok,
final,layout,ifft,complex64,65536,8,reverse,,layout_ifft_complex64_65536_8_reverse_,3.46121400362,3.45407179557,0.00128139508888,5,10,ok,
final,layout,ifft,complex64,65536,8,stride2,,layout_ifft_complex64_65536_8_stride2_,3.46137922154,3.45471788508,0.00350433401763,5,9,ok,
final,layout,ifft,complex64,65536,8,transpose,,layout_ifft_complex64_65536_8_transpose_,3.40456349077,3.40154089499,0.00302259577438,5,10,ok,
final,layout,ifft,complex64,65536,8,fortran,,layout_ifft_complex64_65536_8_fortran_,3.41700860299,3.39031090261,0.00638999044895,5,10,ok,
final,layout,ifft,complex64,65536,64,reverse,,layout_ifft_complex64_65536_64_reverse_,29.6424500411,29.6288139652,0.0136360758916,5,1,ok,
final,layout,ifft,complex64,65536,64,stride2,,layout_ifft_complex64_65536_64_stride2_,30.289515038,30.2314669825,0.0235140323639,5,1,ok,
final,layout,ifft,complex64,65536,64,transpose,,layout_ifft_complex64_65536_64_transpose_,46.537013026,46.4253440732,0.111668952741,5,1,ok,
final,layout,ifft,complex64,65536,64,fortran,,layout_ifft_complex64_65536_64_fortran_,46.5095220134,45.6432260107,0.0334120122716,5,1,ok,
final,staged,ifft,complex64,1024,1,contiguous,pad,staged_ifft_complex64_1024_1_contiguous_pad,0.0108929044317,0.0108688497325,2.27443737591e-05,7,1025,ok,
final,staged,ifft,complex64,1024,1,contiguous,truncate,staged_ifft_complex64_1024_1_contiguous_truncate,0.0111506010994,0.0111001424694,1.98324852004e-05,7,1123,ok,
final,staged,ifft,complex64,1024,8,contiguous,pad,staged_ifft_complex64_1024_8_contiguous_pad,0.0408897001762,0.0408086949028,3.7620193325e-05,7,200,ok,
final,staged,ifft,complex64,1024,8,contiguous,truncate,staged_ifft_complex64_1024_8_contiguous_truncate,0.040323639987,0.0401888397755,8.5664796643e-05,7,200,ok,
final,staged,ifft,complex64,1024,64,contiguous,pad,staged_ifft_complex64_1024_64_contiguous_pad,0.2782930802,0.278010608457,0.000278563131632,7,87,ok,
final,staged,ifft,complex64,1024,64,contiguous,truncate,staged_ifft_complex64_1024_64_contiguous_truncate,0.251521571416,0.250897143388,0.000450020057282,7,98,ok,
final,staged,ifft,complex64,1024,256,contiguous,pad,staged_ifft_complex64_1024_256_contiguous_pad,1.10480334843,1.09412039747,0.00952029367909,7,20,ok,
final,staged,ifft,complex64,1024,256,contiguous,truncate,staged_ifft_complex64_1024_256_contiguous_truncate,0.968644546811,0.967157300329,0.000395253300667,7,20,ok,
final,staged,ifft,complex64,4096,1,contiguous,pad,staged_ifft_complex64_4096_1_contiguous_pad,0.0311392059179,0.0310806808804,5.50565457317e-05,7,442,ok,
final,staged,ifft,complex64,4096,1,contiguous,truncate,staged_ifft_complex64_4096_1_contiguous_truncate,0.0299345199509,0.029760217049,2.91918159315e-05,7,475,ok,
final,staged,ifft,complex64,4096,8,contiguous,pad,staged_ifft_complex64_4096_8_contiguous_pad,0.165498006862,0.165191283953,0.000127931786198,7,148,ok,
final,staged,ifft,complex64,4096,8,contiguous,truncate,staged_ifft_complex64_4096_8_contiguous_truncate,0.153986771626,0.153488123123,0.00011317293953,7,162,ok,
final,staged,ifft,complex64,4096,64,contiguous,pad,staged_ifft_complex64_4096_64_contiguous_pad,1.22911600047,1.22742385138,0.00137254828587,7,20,ok,
final,staged,ifft,complex64,4096,64,contiguous,truncate,staged_ifft_complex64_4096_64_contiguous_truncate,1.0900478519,1.08684835141,0.00135955051519,7,20,ok,
final,staged,ifft,complex64,4096,256,contiguous,pad,staged_ifft_complex64_4096_256_contiguous_pad,4.88140513854,4.86595928669,0.00981243127691,7,7,ok,
final,staged,ifft,complex64,4096,256,contiguous,truncate,staged_ifft_complex64_4096_256_contiguous_truncate,4.27509550354,4.26851311931,0.00491550599691,7,8,ok,
final,staged,ifft,complex64,4097,1,contiguous,pad,staged_ifft_complex64_4097_1_contiguous_pad,0.144326264,0.143534425105,0.00013929894919,5,167,ok,
final,staged,ifft,complex64,4097,1,contiguous,truncate,staged_ifft_complex64_4097_1_contiguous_truncate,0.145564617945,0.144292064942,0.000202729065409,5,170,ok,
final,staged,ifft,complex64,4097,8,contiguous,pad,staged_ifft_complex64_4097_8_contiguous_pad,1.03811543617,1.03699286853,0.00089952600715,5,23,ok,
final,staged,ifft,complex64,4097,8,contiguous,truncate,staged_ifft_complex64_4097_8_contiguous_truncate,0.418005915659,0.41602323842,0.00107149056838,5,59,ok,
final,staged,ifft,complex64,4097,64,contiguous,pad,staged_ifft_complex64_4097_64_contiguous_pad,8.16277426202,8.15761700505,0.00121499761008,5,4,ok,
final,staged,ifft,complex64,4097,64,contiguous,truncate,staged_ifft_complex64_4097_64_contiguous_truncate,3.20321230683,3.18846880691,0.00115809962153,5,10,ok,
final,staged,ifft,complex64,4097,256,contiguous,pad,staged_ifft_complex64_4097_256_contiguous_pad,32.633563038,32.5852939859,0.00922789331526,5,1,ok,
final,staged,ifft,complex64,4097,256,contiguous,truncate,staged_ifft_complex64_4097_256_contiguous_truncate,12.7451459994,12.6794629614,0.0467324862257,5,2,ok,
final,staged,ifft,complex64,8192,1,contiguous,pad,staged_ifft_complex64_8192_1_contiguous_pad,0.0626821600599,0.0624861899996,4.8489891924e-05,5,200,ok,
final,staged,ifft,complex64,8192,1,contiguous,truncate,staged_ifft_complex64_8192_1_contiguous_truncate,0.0561693246709,0.0561029504752,6.63741957396e-05,5,200,ok,
final,staged,ifft,complex64,8192,8,contiguous,pad,staged_ifft_complex64_8192_8_contiguous_pad,0.37698575403,0.375872445651,0.000448999568247,5,65,ok,
final,staged,ifft,complex64,8192,8,contiguous,truncate,staged_ifft_complex64_8192_8_contiguous_truncate,0.340689275069,0.339602726218,0.000883546045484,5,73,ok,
final,staged,ifft,complex64,8192,64,contiguous,pad,staged_ifft_complex64_8192_64_contiguous_pad,2.89731381715,2.88736790588,0.00994591127065,5,11,ok,
final,staged,ifft,complex64,8192,64,contiguous,truncate,staged_ifft_complex64_8192_64_contiguous_truncate,2.51718615003,2.50296353792,0.010820150447,5,13,ok,
final,staged,ifft,complex64,8192,256,contiguous,pad,staged_ifft_complex64_8192_256_contiguous_pad,11.7975599715,11.7610419984,0.0240544904955,5,2,ok,
final,staged,ifft,complex64,8192,256,contiguous,truncate,staged_ifft_complex64_8192_256_contiguous_truncate,10.4353566421,10.3374373478,0.0851919564108,5,3,ok,
final,layout,ifft,complex128,1024,1,reverse,,layout_ifft_complex128_1024_1_reverse_,0.0112787351824,0.0112684442622,8.67045293169e-06,7,959,ok,
final,layout,ifft,complex128,1024,1,stride2,,layout_ifft_complex128_1024_1_stride2_,0.0113643384426,0.0113220385133,2.32569047899e-05,7,1117,ok,
final,layout,ifft,complex128,1024,1,transpose,,layout_ifft_complex128_1024_1_transpose_,0.0107555720704,0.0107291997512,1.55483496573e-05,7,1096,ok,
final,layout,ifft,complex128,1024,1,fortran,,layout_ifft_complex128_1024_1_fortran_,0.0107454393597,0.0107266337408,1.8805618927e-05,7,1204,ok,
final,layout,ifft,complex128,1024,8,reverse,,layout_ifft_complex128_1024_8_reverse_,0.0421313103288,0.0420042750193,7.85000156611e-05,7,200,ok,
final,layout,ifft,complex128,1024,8,stride2,,layout_ifft_complex128_1024_8_stride2_,0.0430581398541,0.0430239801062,3.30648617819e-05,7,200,ok,
final,layout,ifft,complex128,1024,8,transpose,,layout_ifft_complex128_1024_8_transpose_,0.0440885103308,0.0439467997057,0.000103140482679,7,200,ok,
final,layout,ifft,complex128,1024,8,fortran,,layout_ifft_complex128_1024_8_fortran_,0.0449209101498,0.0446959451074,3.07598384097e-05,7,200,ok,
final,layout,ifft,complex128,1024,64,reverse,,layout_ifft_complex128_1024_64_reverse_,0.269436772214,0.268952934952,0.000335511488273,7,92,ok,
final,layout,ifft,complex128,1024,64,stride2,,layout_ifft_complex128_1024_64_stride2_,0.272744156731,0.272048855873,0.000542787731522,7,90,ok,
final,layout,ifft,complex128,1024,64,transpose,,layout_ifft_complex128_1024_64_transpose_,0.355321253692,0.353688954501,0.000466238151291,7,67,ok,
final,layout,ifft,complex128,1024,64,fortran,,layout_ifft_complex128_1024_64_fortran_,0.35234065254,0.351054202495,0.00076868193413,7,69,ok,
final,layout,ifft,complex128,4096,1,reverse,,layout_ifft_complex128_4096_1_reverse_,0.0326077725518,0.032239058217,0.000312716944312,7,431,ok,
final,layout,ifft,complex128,4096,1,stride2,,layout_ifft_complex128_4096_1_stride2_,0.0325973658,0.0325339137509,4.45357803907e-05,7,429,ok,
final,layout,ifft,complex128,4096,1,transpose,,layout_ifft_complex128_4096_1_transpose_,0.0312218758838,0.0311325974371,3.66368289806e-05,7,452,ok,
final,layout,ifft,complex128,4096,1,fortran,,layout_ifft_complex128_4096_1_fortran_,0.0304793581557,0.0304318698886,2.1424390741e-05,7,469,ok,
final,layout,ifft,complex128,4096,8,reverse,,layout_ifft_complex128_4096_8_reverse_,0.173698901691,0.173492676047,0.00013602802425,7,142,ok,
final,layout,ifft,complex128,4096,8,stride2,,layout_ifft_complex128_4096_8_stride2_,0.179436829596,0.178901458814,0.000409577559266,7,135,ok,
final,layout,ifft,complex128,4096,8,transpose,,layout_ifft_complex128_4096_8_transpose_,0.199286831629,0.198122319382,0.00040082284445,7,119,ok,
final,layout,ifft,complex128,4096,8,fortran,,layout_ifft_complex128_4096_8_fortran_,0.196052704006,0.195371440612,0.00056969653815,7,125,ok,
final,layout,ifft,complex128,4096,64,reverse,,layout_ifft_complex128_4096_64_reverse_,1.25872064964,1.25556779676,0.00240594963543,7,20,ok,
final,layout,ifft,complex128,4096,64,stride2,,layout_ifft_complex128_4096_64_stride2_,1.29034210113,1.28699835041,0.0032129464671,7,20,ok,
final,layout,ifft,complex128,4096,64,transpose,,layout_ifft_complex128_4096_64_transpose_,1.65402929997,1.65249044658,0.00112760462798,7,20,ok,
final,layout,ifft,complex128,4096,64,fortran,,layout_ifft_complex128_4096_64_fortran_,1.63037524908,1.6289816529,0.00139359617606,7,20,ok,
final,layout,ifft,complex128,65536,1,reverse,,layout_ifft_complex128_65536_1_reverse_,0.920349184458,0.918802555168,0.000906517487709,5,27,ok,
final,layout,ifft,complex128,65536,1,stride2,,layout_ifft_complex128_65536_1_stride2_,0.931844576441,0.931311689783,0.00053288665815,5,26,ok,
final,layout,ifft,complex128,65536,1,transpose,,layout_ifft_complex128_65536_1_transpose_,0.909934962962,0.908333778002,0.00136329671713,5,27,ok,
final,layout,ifft,complex128,65536,1,fortran,,layout_ifft_complex128_65536_1_fortran_,0.904508926733,0.902774924826,0.00122562913155,5,27,ok,
final,layout,ifft,complex128,65536,8,reverse,,layout_ifft_complex128_65536_8_reverse_,7.77466324507,7.63042698964,0.0653792521916,5,4,ok,
final,layout,ifft,complex128,65536,8,stride2,,layout_ifft_complex128_65536_8_stride2_,7.91040374315,7.84410024062,0.0663035025354,5,4,ok,
final,layout,ifft,complex128,65536,8,transpose,,layout_ifft_complex128_65536_8_transpose_,8.15714351484,8.14347298001,0.0123029749375,5,4,ok,
final,layout,ifft,complex128,65536,8,fortran,,layout_ifft_complex128_65536_8_fortran_,8.24198426562,8.17821800592,0.0637662597001,5,4,ok,
final,layout,ifft,complex128,65536,64,reverse,,layout_ifft_complex128_65536_64_reverse_,65.6974290032,65.1511410251,0.546287978068,5,1,ok,
final,layout,ifft,complex128,65536,64,stride2,,layout_ifft_complex128_65536_64_stride2_,68.2307489915,67.8794239648,0.198249006644,5,1,ok,
final,layout,ifft,complex128,65536,64,transpose,,layout_ifft_complex128_65536_64_transpose_,88.154718047,88.0676549859,0.0870630610734,5,1,ok,
final,layout,ifft,complex128,65536,64,fortran,,layout_ifft_complex128_65536_64_fortran_,89.1053189989,88.6593379546,0.305628986098,5,1,ok,
final,staged,ifft,complex128,1024,1,contiguous,pad,staged_ifft_complex128_1024_1_contiguous_pad,0.0104765806053,0.0104509372955,8.65419467478e-06,7,1006,ok,
final,staged,ifft,complex128,1024,1,contiguous,truncate,staged_ifft_complex128_1024_1_contiguous_truncate,0.0108376915479,0.010766041549,3.58041677708e-05,7,1154,ok,
final,staged,ifft,complex128,1024,8,contiguous,pad,staged_ifft_complex128_1024_8_contiguous_pad,0.0391327746911,0.0389545952203,0.000129889813252,7,200,ok,
final,staged,ifft,complex128,1024,8,contiguous,truncate,staged_ifft_complex128_1024_8_contiguous_truncate,0.042230450199,0.0421555602225,4.73897671327e-05,7,200,ok,
final,staged,ifft,complex128,1024,64,contiguous,pad,staged_ifft_complex128_1024_64_contiguous_pad,0.258830398501,0.258478881811,0.00022148327922,7,93,ok,
final,staged,ifft,complex128,1024,64,contiguous,truncate,staged_ifft_complex128_1024_64_contiguous_truncate,0.269036844966,0.268385856883,0.000495427789596,7,91,ok,
final,staged,ifft,complex128,1024,256,contiguous,pad,staged_ifft_complex128_1024_256_contiguous_pad,1.02283254964,1.01803264697,0.00269705196843,7,20,ok,
final,staged,ifft,complex128,1024,256,contiguous,truncate,staged_ifft_complex128_1024_256_contiguous_truncate,1.04342895211,1.04050450027,0.000994349829853,7,20,ok,
final,staged,ifft,complex128,4096,1,contiguous,pad,staged_ifft_complex128_4096_1_contiguous_pad,0.0309653528039,0.0309306041472,2.31447882478e-05,7,442,ok,
final,staged,ifft,complex128,4096,1,contiguous,truncate,staged_ifft_complex128_4096_1_contiguous_truncate,0.0311863142997,0.0310892088257,6.38109478322e-05,7,455,ok,
final,staged,ifft,complex128,4096,8,contiguous,pad,staged_ifft_complex128_4096_8_contiguous_pad,0.165302335322,0.165123617489,0.000178717833087,7,149,ok,
final,staged,ifft,complex128,4096,8,contiguous,truncate,staged_ifft_complex128_4096_8_contiguous_truncate,0.17372215093,0.173558100803,0.000153661524649,7,139,ok,
final,staged,ifft,complex128,4096,64,contiguous,pad,staged_ifft_complex128_4096_64_contiguous_pad,1.26240550308,1.25870460179,0.00370090128854,7,20,ok,
final,staged,ifft,complex128,4096,64,contiguous,truncate,staged_ifft_complex128_4096_64_contiguous_truncate,1.26821735175,1.26621109666,0.00125084770843,7,20,ok,
final,staged,ifft,complex128,4096,256,contiguous,pad,staged_ifft_complex128_4096_256_contiguous_pad,5.23650166967,5.12719466739,0.0928163450832,7,6,ok,
final,staged,ifft,complex128,4096,256,contiguous,truncate,staged_ifft_complex128_4096_256_contiguous_truncate,5.2152084924,5.18215199312,0.0150344955424,7,6,ok,
final,staged,ifft,complex128,4097,1,contiguous,pad,staged_ifft_complex128_4097_1_contiguous_pad,0.11244349007,0.112138575059,0.000304915010929,5,200,ok,
final,staged,ifft,complex128,4097,1,contiguous,truncate,staged_ifft_complex128_4097_1_contiguous_truncate,0.113296529744,0.112586260075,0.000101884943433,5,200,ok,
final,staged,ifft,complex128,4097,8,contiguous,pad,staged_ifft_complex128_4097_8_contiguous_pad,0.795338257787,0.794655388041,0.000682869745839,5,31,ok,
final,staged,ifft,complex128,4097,8,contiguous,truncate,staged_ifft_complex128_4097_8_contiguous_truncate,0.703599743013,0.702036255305,0.00107942614704,5,35,ok,
final,staged,ifft,complex128,4097,64,contiguous,pad,staged_ifft_complex128_4097_64_contiguous_pad,6.25724860001,6.24851621687,0.00873238313943,5,5,ok,
final,staged,ifft,complex128,4097,64,contiguous,truncate,staged_ifft_complex128_4097_64_contiguous_truncate,5.56026833753,5.54920765959,0.00526651274413,5,6,ok,
final,staged,ifft,complex128,4097,256,contiguous,pad,staged_ifft_complex128_4097_256_contiguous_pad,25.2903590444,25.225087069,0.0652719754726,5,1,ok,
final,staged,ifft,complex128,4097,256,contiguous,truncate,staged_ifft_complex128_4097_256_contiguous_truncate,22.311116918,22.2540709656,0.0119420001283,5,1,ok,
final,staged,ifft,complex128,8192,1,contiguous,pad,staged_ifft_complex128_8192_1_contiguous_pad,0.0589661352569,0.0588845845778,4.47349157184e-05,5,200,ok,
final,staged,ifft,complex128,8192,1,contiguous,truncate,staged_ifft_complex128_8192_1_contiguous_truncate,0.0596599752316,0.0595309853088,7.68946483731e-05,5,200,ok,
final,staged,ifft,complex128,8192,8,contiguous,pad,staged_ifft_complex128_8192_8_contiguous_pad,0.412732694235,0.412610254913,0.000101372094478,5,59,ok,
final,staged,ifft,complex128,8192,8,contiguous,truncate,staged_ifft_complex128_8192_8_contiguous_truncate,0.394746605841,0.393880229657,0.000511607170471,5,61,ok,
final,staged,ifft,complex128,8192,64,contiguous,pad,staged_ifft_complex128_8192_64_contiguous_pad,3.20944580017,3.2039436046,0.00288130249828,5,10,ok,
final,staged,ifft,complex128,8192,64,contiguous,truncate,staged_ifft_complex128_8192_64_contiguous_truncate,2.97950441018,2.97374860384,0.00575580634177,5,10,ok,
final,staged,ifft,complex128,8192,256,contiguous,pad,staged_ifft_complex128_8192_256_contiguous_pad,13.7590304948,13.7285885285,0.0304419663735,5,2,ok,
final,staged,ifft,complex128,8192,256,contiguous,truncate,staged_ifft_complex128_8192_256_contiguous_truncate,13.8710689498,13.7750605354,0.0960084144026,5,2,ok,
final,layout,rfft,float32,1024,1,reverse,,layout_rfft_float32_1024_1_reverse_,0.00929682990824,0.00926205365122,1.59164948255e-05,7,970,ok,
final,layout,rfft,float32,1024,1,stride2,,layout_rfft_float32_1024_1_stride2_,0.0092815582155,0.00924267830917,1.29503777399e-05,7,1408,ok,
final,layout,rfft,float32,1024,1,transpose,,layout_rfft_float32_1024_1_transpose_,0.00946308583191,0.0094224746501,1.59354041374e-05,7,1363,ok,
final,layout,rfft,float32,1024,1,fortran,,layout_rfft_float32_1024_1_fortran_,0.00916759370629,0.00912269555576,2.66197423602e-05,7,1452,ok,
final,layout,rfft,float32,1024,8,reverse,,layout_rfft_float32_1024_8_reverse_,0.0208393851062,0.0207518198295,8.75652767718e-05,7,200,ok,
final,layout,rfft,float32,1024,8,stride2,,layout_rfft_float32_1024_8_stride2_,0.0208233052399,0.0206988747232,6.69743167236e-05,7,200,ok,
final,layout,rfft,float32,1024,8,transpose,,layout_rfft_float32_1024_8_transpose_,0.0215579749784,0.0215445499634,1.21199991554e-05,7,200,ok,
final,layout,rfft,float32,1024,8,fortran,,layout_rfft_float32_1024_8_fortran_,0.0216841098154,0.0214142550249,9.78849129751e-05,7,200,ok,
final,layout,rfft,float32,1024,64,reverse,,layout_rfft_float32_1024_64_reverse_,0.114781950251,0.1146459952,0.000114865251817,7,200,ok,
final,layout,rfft,float32,1024,64,stride2,,layout_rfft_float32_1024_64_stride2_,0.113630854758,0.113044359605,0.000364374718629,7,200,ok,
final,layout,rfft,float32,1024,64,transpose,,layout_rfft_float32_1024_64_transpose_,0.15415206973,0.153738202946,0.000330734455699,7,158,ok,
final,layout,rfft,float32,1024,64,fortran,,layout_rfft_float32_1024_64_fortran_,0.148257164762,0.14791406302,0.000124157677534,7,158,ok,
final,layout,rfft,float32,4096,1,reverse,,layout_rfft_float32_4096_1_reverse_,0.0225619477253,0.02251566845,3.90278562003e-05,7,612,ok,
final,layout,rfft,float32,4096,1,stride2,,layout_rfft_float32_4096_1_stride2_,0.0226298536494,0.0225537386687,2.98850623598e-05,7,643,ok,
final,layout,rfft,float32,4096,1,transpose,,layout_rfft_float32_4096_1_transpose_,0.0220827820717,0.0220343056733,4.84763983298e-05,7,638,ok,
final,layout,rfft,float32,4096,1,fortran,,layout_rfft_float32_4096_1_fortran_,0.0221120361463,0.0220712352977,2.20167185117e-05,7,663,ok,
final,layout,rfft,float32,4096,8,reverse,,layout_rfft_float32_4096_8_reverse_,0.0778446148615,0.0777171301888,0.000108354724944,7,200,ok,
final,layout,rfft,float32,4096,8,stride2,,layout_rfft_float32_4096_8_stride2_,0.0780879153172,0.0779747101478,0.000110054388642,7,200,ok,
final,layout,rfft,float32,4096,8,transpose,,layout_rfft_float32_4096_8_transpose_,0.0838602753356,0.0833181646885,0.000535844592378,7,200,ok,
final,layout,rfft,float32,4096,8,fortran,,layout_rfft_float32_4096_8_fortran_,0.0849448953522,0.0846569094574,0.000197819899768,7,200,ok,
final,layout,rfft,float32,4096,64,reverse,,layout_rfft_float32_4096_64_reverse_,0.558059947798,0.545291200979,0.00298760132864,7,20,ok,
final,layout,rfft,float32,4096,64,stride2,,layout_rfft_float32_4096_64_stride2_,0.556492549367,0.552351301303,0.00332419876941,7,20,ok,
final,layout,rfft,float32,4096,64,transpose,,layout_rfft_float32_4096_64_transpose_,0.775937002618,0.765864696587,0.0027030473575,7,20,ok,
final,layout,rfft,float32,4096,64,fortran,,layout_rfft_float32_4096_64_fortran_,0.743103749119,0.737389153801,0.00320849940181,7,20,ok,
final,layout,rfft,float32,65536,1,reverse,,layout_rfft_float32_65536_1_reverse_,0.510654749329,0.499586812415,0.00229552339685,5,48,ok,
final,layout,rfft,float32,65536,1,stride2,,layout_rfft_float32_65536_1_stride2_,0.500855562277,0.498795318417,0.000640798825771,5,50,ok,
final,layout,rfft,float32,65536,1,transpose,,layout_rfft_float32_65536_1_transpose_,0.494573194552,0.493336411869,0.000668881351457,5,51,ok,
final,layout,rfft,float32,65536,1,fortran,,layout_rfft_float32_65536_1_fortran_,0.494137620553,0.493268221617,0.000869398936629,5,50,ok,
final,layout,rfft,float32,65536,8,reverse,,layout_rfft_float32_65536_8_reverse_,2.20925985403,2.1857911488,0.0178411469928,5,14,ok,
final,layout,rfft,float32,65536,8,stride2,,layout_rfft_float32_65536_8_stride2_,2.22514659787,2.21757120453,0.0062055963402,5,15,ok,
final,layout,rfft,float32,65536,8,transpose,,layout_rfft_float32_65536_8_transpose_,2.38359269077,2.36690230668,0.00591807139034,5,13,ok,
final,layout,rfft,float32,65536,8,fortran,,layout_rfft_float32_65536_8_fortran_,2.37939192448,2.37604206528,0.00159507284739,5,14,ok,
final,layout,rfft,float32,65536,64,reverse,,layout_rfft_float32_65536_64_reverse_,25.4259719513,25.2488920232,0.177079928108,5,1,ok,
final,layout,rfft,float32,65536,64,stride2,,layout_rfft_float32_65536_64_stride2_,26.0985450586,25.9022199316,0.196325127035,5,1,ok,
final,layout,rfft,float32,65536,64,transpose,,layout_rfft_float32_65536_64_transpose_,35.4897560319,35.2605789667,0.229177065194,5,1,ok,
final,layout,rfft,float32,65536,64,fortran,,layout_rfft_float32_65536_64_fortran_,35.0001230836,34.8285830114,0.171540072188,5,1,ok,
final,staged,rfft,float32,1024,1,contiguous,pad,staged_rfft_float32_1024_1_contiguous_pad,0.0103034656032,0.0102796529938,1.8007647296e-05,7,1046,ok,
final,staged,rfft,float32,1024,1,contiguous,truncate,staged_rfft_float32_1024_1_contiguous_truncate,0.00935065951943,0.00929769649371,9.93787020798e-06,7,1351,ok,
final,staged,rfft,float32,1024,8,contiguous,pad,staged_rfft_float32_1024_8_contiguous_pad,0.0452291348483,0.0450028601335,6.14649616182e-05,7,200,ok,
final,staged,rfft,float32,1024,8,contiguous,truncate,staged_rfft_float32_1024_8_contiguous_truncate,0.0211152998963,0.0210847897688,2.20397487283e-05,7,200,ok,
final,staged,rfft,float32,1024,64,contiguous,pad,staged_rfft_float32_1024_64_contiguous_pad,0.318668446051,0.318051337869,0.000244513078517,7,74,ok,
final,staged,rfft,float32,1024,64,contiguous,truncate,staged_rfft_float32_1024_64_contiguous_truncate,0.113977558701,0.113716699503,0.000136762967594,7,186,ok,
final,staged,rfft,float32,1024,256,contiguous,pad,staged_rfft_float32_1024_256_contiguous_pad,1.27384429798,1.26484805369,0.00689434818923,7,20,ok,
final,staged,rfft,float32,1024,256,contiguous,truncate,staged_rfft_float32_1024_256_contiguous_truncate,0.429392198566,0.427968002623,0.0014241959434,7,20,ok,
final,staged,rfft,float32,4096,1,contiguous,pad,staged_rfft_float32_4096_1_contiguous_pad,0.0257002279205,0.0256203992376,1.46233867819e-05,7,531,ok,
final,staged,rfft,float32,4096,1,contiguous,truncate,staged_rfft_float32_4096_1_contiguous_truncate,0.0228060353652,0.0227069934393,5.56994909331e-05,7,622,ok,
final,staged,rfft,float32,4096,8,contiguous,pad,staged_rfft_float32_4096_8_contiguous_pad,0.156778592326,0.156697611752,7.98342168141e-05,7,157,ok,
final,staged,rfft,float32,4096,8,contiguous,truncate,staged_rfft_float32_4096_8_contiguous_truncate,0.0787118298467,0.07851421542,0.000135605223477,7,200,ok,
final,staged,rfft,float32,4096,64,contiguous,pad,staged_rfft_float32_4096_64_contiguous_pad,1.207995601,1.20385889895,0.000978348543867,7,20,ok,
final,staged,rfft,float32,4096,64,contiguous,truncate,staged_rfft_float32_4096_64_contiguous_truncate,0.546451850096,0.539660698269,0.0067911518272,7,20,ok,
final,staged,rfft,float32,4096,256,contiguous,pad,staged_rfft_float32_4096_256_contiguous_pad,4.91486549921,4.85169633369,0.0258815125562,7,6,ok,
final,staged,rfft,float32,4096,256,contiguous,truncate,staged_rfft_float32_4096_256_contiguous_truncate,2.81567458296,2.75819999903,0.0574745839306,7,12,ok,
final,staged,rfft,float32,4097,1,contiguous,pad,staged_rfft_float32_4097_1_contiguous_pad,0.117991642852,0.117073445146,0.000918197706546,5,182,ok,
final,staged,rfft,float32,4097,1,contiguous,truncate,staged_rfft_float32_4097_1_contiguous_truncate,0.114944599918,0.114660769468,0.000220160582103,5,200,ok,
final,staged,rfft,float32,4097,8,contiguous,pad,staged_rfft_float32_4097_8_contiguous_pad,0.896184480991,0.888890517807,0.00601311007308,5,27,ok,
final,staged,rfft,float32,4097,8,contiguous,truncate,staged_rfft_float32_4097_8_contiguous_truncate,0.673617527355,0.670331666091,0.0030637505309,5,36,ok,
final,staged,rfft,float32,4097,64,contiguous,pad,staged_rfft_float32_4097_64_contiguous_pad,7.17311474727,7.07587349461,0.0198920024559,5,4,ok,
final,staged,rfft,float32,4097,64,contiguous,truncate,staged_rfft_float32_4097_64_contiguous_truncate,5.26333999975,5.20708516706,0.0082469972161,5,6,ok,
final,staged,rfft,float32,4097,256,contiguous,pad,staged_rfft_float32_4097_256_contiguous_pad,28.6316160345,28.4816159401,0.055041979067,5,1,ok,
final,staged,rfft,float32,4097,256,contiguous,truncate,staged_rfft_float32_4097_256_contiguous_truncate,22.091567982,22.0235009911,0.0513859558851,5,1,ok,
final,staged,rfft,float32,8192,1,contiguous,pad,staged_rfft_float32_8192_1_contiguous_pad,0.0469088152749,0.0467750645475,0.000115015427582,5,200,ok,
final,staged,rfft,float32,8192,1,contiguous,truncate,staged_rfft_float32_8192_1_contiguous_truncate,0.0422710750718,0.0421397294849,0.000131345586851,5,200,ok,
final,staged,rfft,float32,8192,8,contiguous,pad,staged_rfft_float32_8192_8_contiguous_pad,0.321851372719,0.31932360027,0.000880425795913,5,75,ok,
final,staged,rfft,float32,8192,8,contiguous,truncate,staged_rfft_float32_8192_8_contiguous_truncate,0.162631970912,0.161183503436,0.000283810357652,5,137,ok,
final,staged,rfft,float32,8192,64,contiguous,pad,staged_rfft_float32_8192_64_contiguous_pad,2.50943091949,2.49594430296,0.0111153886582,5,13,ok,
final,staged,rfft,float32,8192,64,contiguous,truncate,staged_rfft_float32_8192_64_contiguous_truncate,1.24816494645,1.19862465071,0.0156346533913,5,20,ok,
final,staged,rfft,float32,8192,256,contiguous,pad,staged_rfft_float32_8192_256_contiguous_pad,10.8504233261,10.7836220025,0.0668013235554,5,3,ok,
final,staged,rfft,float32,8192,256,contiguous,truncate,staged_rfft_float32_8192_256_contiguous_truncate,8.33992500945,8.2759456709,0.0639793385441,5,3,ok,
final,layout,rfft,float64,1024,1,reverse,,layout_rfft_float64_1024_1_reverse_,0.0077863469657,0.00776177154506,2.44803877264e-05,7,1274,ok,
final,layout,rfft,float64,1024,1,stride2,,layout_rfft_float64_1024_1_stride2_,0.00788041052916,0.00783098363819,3.52049364676e-05,7,1654,ok,
final,layout,rfft,float64,1024,1,transpose,,layout_rfft_float64_1024_1_transpose_,0.00791003537948,0.00784869209246,1.67286866371e-05,7,1611,ok,
final,layout,rfft,float64,1024,1,fortran,,layout_rfft_float64_1024_1_fortran_,0.00780329230027,0.00777500552627,2.8286773998e-05,7,1625,ok,
final,layout,rfft,float64,1024,8,reverse,,layout_rfft_float64_1024_8_reverse_,0.0165945244953,0.0164899800438,6.92793400958e-05,7,200,ok,
final,layout,rfft,float64,1024,8,stride2,,layout_rfft_float64_1024_8_stride2_,0.0169907155214,0.0169108097907,5.53060090169e-05,7,200,ok,
final,layout,rfft,float64,1024,8,transpose,,layout_rfft_float64_1024_8_transpose_,0.017645584885,0.0175941851921,5.1399692893e-05,7,200,ok,
final,layout,rfft,float64,1024,8,fortran,,layout_rfft_float64_1024_8_fortran_,0.0181213696487,0.0180887599709,3.15095530823e-05,7,200,ok,
final,layout,rfft,float64,1024,64,reverse,,layout_rfft_float64_1024_64_reverse_,0.0890289602103,0.0887097604573,0.000285980058834,7,200,ok,
final,layout,rfft,float64,1024,64,stride2,,layout_rfft_float64_1024_64_stride2_,0.0917402550112,0.0913662649691,9.38196899369e-05,7,200,ok,
final,layout,rfft,float64,1024,64,transpose,,layout_rfft_float64_1024_64_transpose_,0.135303453334,0.131126595636,0.000816163647655,7,183,ok,
final,layout,rfft,float64,1024,64,fortran,,layout_rfft_float64_1024_64_fortran_,0.129558625,0.128602723635,0.000554577733662,7,192,ok,
final,layout,rfft,float64,4096,1,reverse,,layout_rfft_float64_4096_1_reverse_,0.0196702453095,0.0196411458875,2.47167851802e-05,7,713,ok,
final,layout,rfft,float64,4096,1,stride2,,layout_rfft_float64_4096_1_stride2_,0.0198446497016,0.0197855000303,4.51821347141e-05,7,708,ok,
final,layout,rfft,float64,4096,1,transpose,,layout_rfft_float64_4096_1_transpose_,0.0198534793037,0.0197821550866,7.13242171461e-05,7,722,ok,
final,layout,rfft,float64,4096,1,fortran,,layout_rfft_float64_4096_1_fortran_,0.0197585978733,0.0196225454033,5.35303626733e-05,7,726,ok,
final,layout,rfft,float64,4096,8,reverse,,layout_rfft_float64_4096_8_reverse_,0.0646729202708,0.0643653946463,0.000114559661597,7,200,ok,
final,layout,rfft,float64,4096,8,stride2,,layout_rfft_float64_4096_8_stride2_,0.0661585398484,0.0660079548834,0.000149529660121,7,200,ok,
final,layout,rfft,float64,4096,8,transpose,,layout_rfft_float64_4096_8_transpose_,0.0750523101306,0.0748690200271,7.96950189397e-05,7,200,ok,
final,layout,rfft,float64,4096,8,fortran,,layout_rfft_float64_4096_8_fortran_,0.0733481848147,0.0728899298701,0.000287535367534,7,200,ok,
final,layout,rfft,float64,4096,64,reverse,,layout_rfft_float64_4096_64_reverse_,0.449532200582,0.44780849712,0.000780948903412,7,20,ok,
final,layout,rfft,float64,4096,64,stride2,,layout_rfft_float64_4096_64_stride2_,0.461581203854,0.460635899799,0.00077445874922,7,20,ok,
final,layout,rfft,float64,4096,64,transpose,,layout_rfft_float64_4096_64_transpose_,0.647638348164,0.643991603283,0.00142970238812,7,20,ok,
final,layout,rfft,float64,4096,64,fortran,,layout_rfft_float64_4096_64_fortran_,0.630046101287,0.626012601424,0.00238950015046,7,20,ok,
final,layout,rfft,float64,65536,1,reverse,,layout_rfft_float64_65536_1_reverse_,0.476411846019,0.472426922687,0.00023851932313,5,52,ok,
final,layout,rfft,float64,65536,1,stride2,,layout_rfft_float64_65536_1_stride2_,0.482806390352,0.481469960719,0.000729590800463,5,51,ok,
final,layout,rfft,float64,65536,1,transpose,,layout_rfft_float64_65536_1_transpose_,0.477870715395,0.47692990607,0.000751961707928,5,53,ok,
final,layout,rfft,float64,65536,1,fortran,,layout_rfft_float64_65536_1_fortran_,0.474713471097,0.472528412573,0.00186188274301,5,51,ok,
final,layout,rfft,float64,65536,8,reverse,,layout_rfft_float64_65536_8_reverse_,2.04587786769,2.03522939701,0.00515226274729,5,15,ok,
final,layout,rfft,float64,65536,8,stride2,,layout_rfft_float64_65536_8_stride2_,2.06911893474,2.06541769148,0.00370124325855,5,16,ok,
final,layout,rfft,float64,65536,8,transpose,,layout_rfft_float64_65536_8_transpose_,2.21783500165,2.21665080171,0.00118419993669,5,15,ok,
final,layout,rfft,float64,65536,8,fortran,,layout_rfft_float64_65536_8_fortran_,2.20347293653,2.19079593662,0.0126769999042,5,15,ok,
final,layout,rfft,float64,65536,64,reverse,,layout_rfft_float64_65536_64_reverse_,19.4961309899,19.1983670229,0.14509994071,5,1,ok,
final,layout,rfft,float64,65536,64,stride2,,layout_rfft_float64_65536_64_stride2_,20.8406370366,20.5459779827,0.0943759223446,5,1,ok,
final,layout,rfft,float64,65536,64,transpose,,layout_rfft_float64_65536_64_transpose_,29.0532510262,28.9275569376,0.125694088638,5,1,ok,
final,layout,rfft,float64,65536,64,fortran,,layout_rfft_float64_65536_64_fortran_,29.0437630611,28.4624599153,0.21319789812,5,1,ok,
final,staged,rfft,float64,1024,1,contiguous,pad,staged_rfft_float64_1024_1_contiguous_pad,0.00912658977712,0.00892070907765,6.04607233005e-05,7,1148,ok,
final,staged,rfft,float64,1024,1,contiguous,truncate,staged_rfft_float64_1024_1_contiguous_truncate,0.00798055349748,0.00783221255387,6.03548578831e-05,7,1364,ok,
final,staged,rfft,float64,1024,8,contiguous,pad,staged_rfft_float64_1024_8_contiguous_pad,0.0435260601807,0.0424303702312,0.000451139640063,7,200,ok,
final,staged,rfft,float64,1024,8,contiguous,truncate,staged_rfft_float64_1024_8_contiguous_truncate,0.0169239850948,0.0167949998286,0.000128985266201,7,200,ok,
final,staged,rfft,float64,1024,64,contiguous,pad,staged_rfft_float64_1024_64_contiguous_pad,0.314413321227,0.308845295674,0.0040481602888,7,81,ok,
final,staged,rfft,float64,1024,64,contiguous,truncate,staged_rfft_float64_1024_64_contiguous_truncate,0.0901226949645,0.0893031648593,0.000570865231566,7,200,ok,
final,staged,rfft,float64,1024,256,contiguous,pad,staged_rfft_float64_1024_256_contiguous_pad,1.22170220129,1.21665475308,0.00477985013276,7,20,ok,
final,staged,rfft,float64,1024,256,contiguous,truncate,staged_rfft_float64_1024_256_contiguous_truncate,0.34323115251,0.338690652279,0.0016616017092,7,20,ok,
final,staged,rfft,float64,4096,1,contiguous,pad,staged_rfft_float64_4096_1_contiguous_pad,0.0238220685932,0.0237340065836,3.96747022571e-05,7,452,ok,
final,staged,rfft,float64,4096,1,contiguous,truncate,staged_rfft_float64_4096_1_contiguous_truncate,0.0200468963965,0.019926889142,5.84669953336e-05,7,694,ok,
final,staged,rfft,float64,4096,8,contiguous,pad,staged_rfft_float64_4096_8_contiguous_pad,0.148588169902,0.147660502769,0.000258969763915,7,165,ok,
final,staged,rfft,float64,4096,8,contiguous,truncate,staged_rfft_float64_4096_8_contiguous_truncate,0.0646416604286,0.0644281151472,0.000120570184663,7,200,ok,
final,staged,rfft,float64,4096,64,contiguous,pad,staged_rfft_float64_4096_64_contiguous_pad,1.14439110039,1.13956410205,0.00175274908543,7,20,ok,
final,staged,rfft,float64,4096,64,contiguous,truncate,staged_rfft_float64_4096_64_contiguous_truncate,0.447510951199,0.446505052969,0.000523001654074,7,20,ok,
final,staged,rfft,float64,4096,256,contiguous,pad,staged_rfft_float64_4096_256_contiguous_pad,4.72918871258,4.65829071722,0.0309448556176,7,7,ok,
final,staged,rfft,float64,4096,256,contiguous,truncate,staged_rfft_float64_4096_256_contiguous_truncate,1.79951047004,1.77121894461,0.00892664470217,7,17,ok,
final,staged,rfft,float64,4097,1,contiguous,pad,staged_rfft_float64_4097_1_contiguous_pad,0.116602340131,0.11569460039,0.000907739740796,5,200,ok,
final,staged,rfft,float64,4097,1,contiguous,truncate,staged_rfft_float64_4097_1_contiguous_truncate,0.112698726673,0.112627046639,5.67578701014e-05,5,194,ok,
final,staged,rfft,float64,4097,8,contiguous,pad,staged_rfft_float64_4097_8_contiguous_pad,0.884197714705,0.88167978434,0.00251793036503,5,28,ok,
final,staged,rfft,float64,4097,8,contiguous,truncate,staged_rfft_float64_4097_8_contiguous_truncate,0.652856604,0.651245446582,0.00140365936156,5,38,ok,
final,staged,rfft,float64,4097,64,contiguous,pad,staged_rfft_float64_4097_64_contiguous_pad,7.14317651,6.99999701465,0.0445730111096,5,4,ok,
final,staged,rfft,float64,4097,64,contiguous,truncate,staged_rfft_float64_4097_64_contiguous_truncate,5.17134851543,5.15025250691,0.00756082590669,5,6,ok,
final,staged,rfft,float64,4097,256,contiguous,pad,staged_rfft_float64_4097_256_contiguous_pad,28.2700920943,28.0548699666,0.0975721050054,5,1,ok,
final,staged,rfft,float64,4097,256,contiguous,truncate,staged_rfft_float64_4097_256_contiguous_truncate,20.5744410632,20.4596969998,0.0171718420461,5,1,ok,
final,staged,rfft,float64,8192,1,contiguous,pad,staged_rfft_float64_8192_1_contiguous_pad,0.0442502100486,0.04358311533,0.000305519788526,5,200,ok,
final,staged,rfft,float64,8192,1,contiguous,truncate,staged_rfft_float64_8192_1_contiguous_truncate,0.0371979200281,0.0370443350403,0.000153584987856,5,200,ok,
final,staged,rfft,float64,8192,8,contiguous,pad,staged_rfft_float64_8192_8_contiguous_pad,0.301742437296,0.301018213213,0.00072422408266,5,80,ok,
final,staged,rfft,float64,8192,8,contiguous,truncate,staged_rfft_float64_8192_8_contiguous_truncate,0.136255263743,0.135923572947,0.000331690796557,5,178,ok,
final,staged,rfft,float64,8192,64,contiguous,pad,staged_rfft_float64_8192_64_contiguous_pad,2.34988292393,2.34291607586,0.00476654475698,5,13,ok,
final,staged,rfft,float64,8192,64,contiguous,truncate,staged_rfft_float64_8192_64_contiguous_truncate,0.978627201403,0.975726300385,0.000736844958737,5,20,ok,
final,staged,rfft,float64,8192,256,contiguous,pad,staged_rfft_float64_8192_256_contiguous_pad,9.91800233411,9.74421199256,0.0258746634548,5,3,ok,
final,staged,rfft,float64,8192,256,contiguous,truncate,staged_rfft_float64_8192_256_contiguous_truncate,4.33864900842,4.29416019469,0.0161543954164,5,5,ok,
final,layout,irfft,complex64,1024,1,reverse,,layout_irfft_complex64_1024_1_reverse_,0.00963028860318,0.00947790629306,4.13785005144e-05,7,1067,ok,
final,layout,irfft,complex64,1024,1,stride2,,layout_irfft_complex64_1024_1_stride2_,0.00946569591465,0.00931778743035,9.69667421617e-05,7,1322,ok,
final,layout,irfft,complex64,1024,1,transpose,,layout_irfft_complex64_1024_1_transpose_,0.00949889527931,0.00946855353904,7.85216416667e-06,7,1299,ok,
final,layout,irfft,complex64,1024,1,fortran,,layout_irfft_complex64_1024_1_fortran_,0.00936391407727,0.00934515321066,1.744879843e-05,7,1397,ok,
final,layout,irfft,complex64,1024,8,reverse,,layout_irfft_complex64_1024_8_reverse_,0.0170449150028,0.016963959788,7.47398007661e-05,7,200,ok,
final,layout,irfft,complex64,1024,8,stride2,,layout_irfft_complex64_1024_8_stride2_,0.0173360598274,0.0172884704079,3.17551894113e-05,7,200,ok,
final,layout,irfft,complex64,1024,8,transpose,,layout_irfft_complex64_1024_8_transpose_,0.0175709900213,0.0175019644666,5.64596848562e-05,7,200,ok,
final,layout,irfft,complex64,1024,8,fortran,,layout_irfft_complex64_1024_8_fortran_,0.0175128347473,0.017442505341,4.54852124676e-05,7,200,ok,
final,layout,irfft,complex64,1024,64,reverse,,layout_irfft_complex64_1024_64_reverse_,0.0849977950566,0.0846950302366,0.000112959532999,7,200,ok,
final,layout,irfft,complex64,1024,64,stride2,,layout_irfft_complex64_1024_64_stride2_,0.0860086298781,0.0856978452066,0.000122679630294,7,200,ok,
final,layout,irfft,complex64,1024,64,transpose,,layout_irfft_complex64_1024_64_transpose_,0.0966056750622,0.0960985798156,5.73048600927e-05,7,200,ok,
final,layout,irfft,complex64,1024,64,fortran,,layout_irfft_complex64_1024_64_fortran_,0.0956626195693,0.0955004699063,0.000162149663083,7,200,ok,
final,layout,irfft,complex64,4096,1,reverse,,layout_irfft_complex64_4096_1_reverse_,0.0248855000267,0.0248620238573,1.07153080893e-05,7,548,ok,
final,layout,irfft,complex64,4096,1,stride2,,layout_irfft_complex64_4096_1_stride2_,0.0249179872762,0.0247598952691,6.80142858936e-05,7,554,ok,
final,layout,irfft,complex64,4096,1,transpose,,layout_irfft_complex64_4096_1_transpose_,0.0249427862202,0.0248105651986,0.000123144844479,7,552,ok,
final,layout,irfft,complex64,4096,1,fortran,,layout_irfft_complex64_4096_1_fortran_,0.0247410160047,0.0246638157207,3.68598980684e-05,7,564,ok,
final,layout,irfft,complex64,4096,8,reverse,,layout_irfft_complex64_4096_8_reverse_,0.0575156800915,0.0574423949001,7.32851913199e-05,7,200,ok,
final,layout,irfft,complex64,4096,8,stride2,,layout_irfft_complex64_4096_8_stride2_,0.0582153850701,0.0577665999299,0.000126685481519,7,200,ok,
final,layout,irfft,complex64,4096,8,transpose,,layout_irfft_complex64_4096_8_transpose_,0.0588237703778,0.0583344046026,0.000173724256456,7,200,ok,
final,layout,irfft,complex64,4096,8,fortran,,layout_irfft_complex64_4096_8_fortran_,0.0592749146745,0.0582393800141,0.000357610406354,7,200,ok,
final,layout,irfft,complex64,4096,64,reverse,,layout_irfft_complex64_4096_64_reverse_,0.378540402744,0.376481551211,0.000937248114496,7,20,ok,
final,layout,irfft,complex64,4096,64,stride2,,layout_irfft_complex64_4096_64_stride2_,0.380095851142,0.378318998264,0.00100784818642,7,20,ok,
final,layout,irfft,complex64,4096,64,transpose,,layout_irfft_complex64_4096_64_transpose_,0.446594750974,0.44434305164,0.00138155301102,7,20,ok,
final,layout,irfft,complex64,4096,64,fortran,,layout_irfft_complex64_4096_64_fortran_,0.440497900127,0.437960150884,0.001446751412,7,20,ok,
final,layout,irfft,complex64,65536,1,reverse,,layout_irfft_complex64_65536_1_reverse_,0.340747315284,0.339179178572,0.000535520048787,5,73,ok,
final,layout,irfft,complex64,65536,1,stride2,,layout_irfft_complex64_65536_1_stride2_,0.33903054201,0.33865011129,0.000274263180068,5,72,ok,
final,layout,irfft,complex64,65536,1,transpose,,layout_irfft_complex64_65536_1_transpose_,0.339141986269,0.338588356461,0.000426124730339,5,73,ok,
final,layout,irfft,complex64,65536,1,fortran,,layout_irfft_complex64_65536_1_fortran_,0.339843027177,0.339195568813,0.000514581592547,5,72,ok,
final,layout,irfft,complex64,65536,8,reverse,,layout_irfft_complex64_65536_8_reverse_,1.30075800116,1.29582129885,0.00099089811556,5,20,ok,
final,layout,irfft,complex64,65536,8,stride2,,layout_irfft_complex64_65536_8_stride2_,1.29329455085,1.29224114935,0.00105340150185,5,20,ok,
final,layout,irfft,complex64,65536,8,transpose,,layout_irfft_complex64_65536_8_transpose_,1.31518489798,1.31113934913,0.00131345004775,5,20,ok,
final,layout,irfft,complex64,65536,8,fortran,,layout_irfft_complex64_65536_8_fortran_,1.32204215042,1.31634905119,0.00293594785035,5,20,ok,
final,layout,irfft,complex64,65536,64,reverse,,layout_irfft_complex64_65536_64_reverse_,10.3122203533,10.290396361,0.00466200678299,5,3,ok,
final,layout,irfft,complex64,65536,64,stride2,,layout_irfft_complex64_65536_64_stride2_,10.6281323436,10.5982966488,0.00836867062996,5,3,ok,
final,layout,irfft,complex64,65536,64,transpose,,layout_irfft_complex64_65536_64_transpose_,18.1614544708,16.6361714946,1.13153853454,5,2,ok,
final,layout,irfft,complex64,65536,64,fortran,,layout_irfft_complex64_65536_64_fortran_,16.1489135353,16.0146690323,0.134244502988,5,2,ok,
final,staged,irfft,complex64,1024,1,contiguous,pad,staged_irfft_complex64_1024_1_contiguous_pad,0.0101774368067,0.0101719321316,5.50467503895e-06,7,1092,ok,
final,staged,irfft,complex64,1024,1,contiguous,truncate,staged_irfft_complex64_1024_1_contiguous_truncate,0.00956223010931,0.00950740365488,2.60343998728e-05,7,1308,ok,
final,staged,irfft,complex64,1024,8,contiguous,pad,staged_irfft_complex64_1024_8_contiguous_pad,0.0477956200484,0.0475589249982,0.000167810358107,7,200,ok,
final,staged,irfft,complex64,1024,8,contiguous,truncate,staged_irfft_complex64_1024_8_contiguous_truncate,0.0170308898669,0.0170102954144,2.05944525078e-05,7,200,ok,
final,staged,irfft,complex64,1024,64,contiguous,pad,staged_irfft_complex64_1024_64_contiguous_pad,0.345174624171,0.344714180553,0.000460443617259,7,72,ok,
final,staged,irfft,complex64,1024,64,contiguous,truncate,staged_irfft_complex64_1024_64_contiguous_truncate,0.0854734802851,0.0853226002073,0.000136855524033,7,200,ok,
final,staged,irfft,complex64,1024,256,contiguous,pad,staged_irfft_complex64_1024_256_contiguous_pad,1.37174525298,1.36617340031,0.00287639559247,7,20,ok,
final,staged,irfft,complex64,1024,256,contiguous,truncate,staged_irfft_complex64_1024_256_contiguous_truncate,0.313965597888,0.311718846206,0.000469898805022,7,20,ok,
final,staged,irfft,complex64,4096,1,contiguous,pad,staged_irfft_complex64_4096_1_contiguous_pad,0.024502985612,0.0242392677994,0.000152708911668,7,549,ok,
final,staged,irfft,complex64,4096,1,contiguous,truncate,staged_irfft_complex64_4096_1_contiguous_truncate,0.0252120645266,0.025133436198,3.87762006985e-05,7,541,ok,
final,staged,irfft,complex64,4096,8,contiguous,pad,staged_irfft_complex64_4096_8_contiguous_pad,0.160527908627,0.159250823416,0.000157875154971,7,153,ok,
final,staged,irfft,complex64,4096,8,contiguous,truncate,staged_irfft_complex64_4096_8_contiguous_truncate,0.059520570212,0.0591010850621,0.000188449630514,7,200,ok,
final,staged,irfft,complex64,4096,64,contiguous,pad,staged_irfft_complex64_4096_64_contiguous_pad,1.24768459937,1.24332794803,0.00349849578924,7,20,ok,
final,staged,irfft,complex64,4096,64,contiguous,truncate,staged_irfft_complex64_4096_64_contiguous_truncate,0.386320450343,0.38543275441,0.000301102409139,7,20,ok,
final,staged,irfft,complex64,4096,256,contiguous,pad,staged_irfft_complex64_4096_256_contiguous_pad,4.9401274217,4.89528671772,0.0217177273173,7,7,ok,
final,staged,irfft,complex64,4096,256,contiguous,truncate,staged_irfft_complex64_4096_256_contiguous_truncate,1.50445254985,1.49837174686,0.00608080299571,7,20,ok,
final,staged,irfft,complex64,4097,1,contiguous,pad,staged_irfft_complex64_4097_1_contiguous_pad,0.141544643702,0.140706706588,0.000837937113829,5,160,ok,
final,staged,irfft,complex64,4097,1,contiguous,truncate,staged_irfft_complex64_4097_1_contiguous_truncate,0.138935180497,0.138605977698,0.000189733954599,5,177,ok,
final,staged,irfft,complex64,4097,8,contiguous,pad,staged_irfft_complex64_4097_8_contiguous_pad,1.08801230849,1.08438121337,0.000748348057918,5,23,ok,
final,staged,irfft,complex64,4097,8,contiguous,truncate,staged_irfft_complex64_4097_8_contiguous_truncate,0.355884361931,0.355045840927,0.000762592906645,5,69,ok,
final,staged,irfft,complex64,4097,64,contiguous,pad,staged_irfft_complex64_4097_64_contiguous_pad,8.65309275105,8.61650699517,0.0300235114992,5,4,ok,
final,staged,irfft,complex64,4097,64,contiguous,truncate,staged_irfft_complex64_4097_64_contiguous_truncate,2.74934183108,2.73993174778,0.00306650569352,5,12,ok,
final,staged,irfft,complex64,4097,256,contiguous,pad,staged_irfft_complex64_4097_256_contiguous_pad,34.7008560784,34.6496810671,0.0370190246031,5,1,ok,
final,staged,irfft,complex64,4097,256,contiguous,truncate,staged_irfft_complex64_4097_256_contiguous_truncate,10.8623424894,10.8259994886,0.0363430008292,5,2,ok,
final,staged,irfft,complex64,8192,1,contiguous,pad,staged_irfft_complex64_8192_1_contiguous_pad,0.0444543396588,0.0438507652143,0.000507050426677,5,200,ok,
final,staged,irfft,complex64,8192,1,contiguous,truncate,staged_irfft_complex64_8192_1_contiguous_truncate,0.0493080355227,0.0484511896502,0.000624260283075,5,200,ok,
final,staged,irfft,complex64,8192,8,contiguous,pad,staged_irfft_complex64_8192_8_contiguous_pad,0.320366126945,0.310745784317,0.00182249365209,5,79,ok,
final,staged,irfft,complex64,8192,8,contiguous,truncate,staged_irfft_complex64_8192_8_contiguous_truncate,0.113345920108,0.113079529838,0.000266390270554,5,200,ok,
final,staged,irfft,complex64,8192,64,contiguous,pad,staged_irfft_complex64_8192_64_contiguous_pad,2.44889428307,2.42968421662,0.0192100664468,5,14,ok,
final,staged,irfft,complex64,8192,64,contiguous,truncate,staged_irfft_complex64_8192_64_contiguous_truncate,0.794043700444,0.789591897046,0.00445180339739,5,20,ok,
final,staged,irfft,complex64,8192,256,contiguous,pad,staged_irfft_complex64_8192_256_contiguous_pad,9.78646066505,9.67052800115,0.115932663903,5,3,ok,
final,staged,irfft,complex64,8192,256,contiguous,truncate,staged_irfft_complex64_8192_256_contiguous_truncate,3.21787060238,3.16214459017,0.00659639481455,5,5,ok,
final,layout,irfft,complex128,1024,1,reverse,,layout_irfft_complex128_1024_1_reverse_,0.00876942424736,0.00870048942219,2.60008347617e-05,7,1181,ok,
final,layout,irfft,complex128,1024,1,stride2,,layout_irfft_complex128_1024_1_stride2_,0.00879762279341,0.00874150147104,4.1115505832e-05,7,1376,ok,
final,layout,irfft,complex128,1024,1,transpose,,layout_irfft_complex128_1024_1_transpose_,0.00880547694627,0.0087049009411,6.42802189115e-05,7,1363,ok,
final,layout,irfft,complex128,1024,1,fortran,,layout_irfft_complex128_1024_1_fortran_,0.00871406396813,0.00860609450757,5.74989919501e-05,7,1407,ok,
final,layout,irfft,complex128,1024,8,reverse,,layout_irfft_complex128_1024_8_reverse_,0.0193905853666,0.0193322246196,5.83607470617e-05,7,200,ok,
final,layout,irfft,complex128,1024,8,stride2,,layout_irfft_complex128_1024_8_stride2_,0.0198996852851,0.0196972547565,6.66751293465e-05,7,200,ok,
final,layout,irfft,complex128,1024,8,transpose,,layout_irfft_complex128_1024_8_transpose_,0.0206059997436,0.0204072799534,0.000120375188999,7,200,ok,
final,layout,irfft,complex128,1024,8,fortran,,layout_irfft_complex128_1024_8_fortran_,0.0203489197884,0.0202299002558,8.56601400301e-05,7,200,ok,
final,layout,irfft,complex128,1024,64,reverse,,layout_irfft_complex128_1024_64_reverse_,0.10936280014,0.108668954927,0.000443024910055,7,200,ok,
final,layout,irfft,complex128,1024,64,stride2,,layout_irfft_complex128_1024_64_stride2_,0.109600889846,0.108829959645,0.000770930200815,7,200,ok,
final,layout,irfft,complex128,1024,64,transpose,,layout_irfft_complex128_1024_64_transpose_,0.144695677147,0.137393719874,0.0016853346762,7,164,ok,
final,layout,irfft,complex128,1024,64,fortran,,layout_irfft_complex128_1024_64_fortran_,0.138106445915,0.136082679965,0.00108654278197,7,175,ok,
final,layout,irfft,complex128,4096,1,reverse,,layout_irfft_complex128_4096_1_reverse_,0.0223246137817,0.022186959237,8.71834535694e-05,7,611,ok,
final,layout,irfft,complex128,4096,1,stride2,,layout_irfft_complex128_4096_1_stride2_,0.0222916074467,0.0221318997709,0.000127513773666,7,609,ok,
final,layout,irfft,complex128,4096,1,transpose,,layout_irfft_complex128_4096_1_transpose_,0.0222624902324,0.0220761878543,0.000111762099691,7,618,ok,
final,layout,irfft,complex128,4096,1,fortran,,layout_irfft_complex128_4096_1_fortran_,0.0221750333425,0.0220840206595,8.17928860664e-05,7,628,ok,
final,layout,irfft,complex128,4096,8,reverse,,layout_irfft_complex128_4096_8_reverse_,0.0764516700292,0.0759954703972,0.000426894985139,7,200,ok,
final,layout,irfft,complex128,4096,8,stride2,,layout_irfft_complex128_4096_8_stride2_,0.0764262699522,0.0759604549967,0.000388519838452,7,200,ok,
final,layout,irfft,complex128,4096,8,transpose,,layout_irfft_complex128_4096_8_transpose_,0.0831975898473,0.0827020651195,0.000236690393649,7,200,ok,
final,layout,irfft,complex128,4096,8,fortran,,layout_irfft_complex128_4096_8_fortran_,0.0834391900571,0.0826692051487,0.000636335462332,7,200,ok,
final,layout,irfft,complex128,4096,64,reverse,,layout_irfft_complex128_4096_64_reverse_,0.540736148832,0.535776396282,0.00210294965655,7,20,ok,
final,layout,irfft,complex128,4096,64,stride2,,layout_irfft_complex128_4096_64_stride2_,0.539908150677,0.538558099652,0.000226951669902,7,20,ok,
final,layout,irfft,complex128,4096,64,transpose,,layout_irfft_complex128_4096_64_transpose_,0.670916750096,0.66335920128,0.00196770415641,7,20,ok,
final,layout,irfft,complex128,4096,64,fortran,,layout_irfft_complex128_4096_64_fortran_,0.647253700299,0.640997500159,0.0042284023948,7,20,ok,
final,layout,irfft,complex128,65536,1,reverse,,layout_irfft_complex128_65536_1_reverse_,0.514093437232,0.511729250623,0.00110810409145,5,48,ok,
final,layout,irfft,complex128,65536,1,stride2,,layout_irfft_complex128_65536_1_stride2_,0.510286750796,0.506610541682,0.00367620911372,5,48,ok,
final,layout,irfft,complex128,65536,1,transpose,,layout_irfft_complex128_65536_1_transpose_,0.516744832566,0.510806271147,0.00297741401785,5,48,ok,
final,layout,irfft,complex128,65536,1,fortran,,layout_irfft_complex128_65536_1_fortran_,0.517875688577,0.514230770932,0.00263072676413,5,48,ok,
final,layout,irfft,complex128,65536,8,reverse,,layout_irfft_complex128_65536_8_reverse_,2.20428040096,2.18819506311,0.0120778024818,5,15,ok,
final,layout,irfft,complex128,65536,8,stride2,,layout_irfft_complex128_65536_8_stride2_,2.17644837539,2.16740524775,0.0090431276476,5,16,ok,
final,layout,irfft,complex128,65536,8,transpose,,layout_irfft_complex128_65536_8_transpose_,2.27156772744,2.26506832987,0.0064993975684,5,15,ok,
final,layout,irfft,complex128,65536,8,fortran,,layout_irfft_complex128_65536_8_fortran_,2.29103539605,2.27398960075,0.0164359963189,5,15,ok,
final,layout,irfft,complex128,65536,64,reverse,,layout_irfft_complex128_65536_64_reverse_,20.2309610322,19.81918409,0.257850973867,5,1,ok,
final,layout,irfft,complex128,65536,64,stride2,,layout_irfft_complex128_65536_64_stride2_,18.9901479753,18.7806279864,0.0960188917816,5,1,ok,
final,layout,irfft,complex128,65536,64,transpose,,layout_irfft_complex128_65536_64_transpose_,29.6008419245,29.2836609297,0.317180994898,5,1,ok,
final,layout,irfft,complex128,65536,64,fortran,,layout_irfft_complex128_65536_64_fortran_,27.1515179193,26.9077930134,0.243724905886,5,1,ok,
final,staged,irfft,complex128,1024,1,contiguous,pad,staged_irfft_complex128_1024_1_contiguous_pad,0.00973167260318,0.00967668305713,2.06896385073e-05,7,1060,ok,
final,staged,irfft,complex128,1024,1,contiguous,truncate,staged_irfft_complex128_1024_1_contiguous_truncate,0.00868356556213,0.00866401746106,1.6379007885e-05,7,1372,ok,
final,staged,irfft,complex128,1024,8,contiguous,pad,staged_irfft_complex128_1024_8_contiguous_pad,0.0456419045804,0.0455718749436,7.0029636845e-05,7,200,ok,
final,staged,irfft,complex128,1024,8,contiguous,truncate,staged_irfft_complex128_1024_8_contiguous_truncate,0.0193143897923,0.0192644499475,3.47598688677e-05,7,200,ok,
final,staged,irfft,complex128,1024,64,contiguous,pad,staged_irfft_complex128_1024_64_contiguous_pad,0.333773217642,0.33176933711,0.00188486631708,7,74,ok,
final,staged,irfft,complex128,1024,64,contiguous,truncate,staged_irfft_complex128_1024_64_contiguous_truncate,0.109054925269,0.108861564659,0.000193360610865,7,200,ok,
final,staged,irfft,complex128,1024,256,contiguous,pad,staged_irfft_complex128_1024_256_contiguous_pad,1.31739100325,1.31418299861,0.00279475352727,7,20,ok,
final,staged,irfft,complex128,1024,256,contiguous,truncate,staged_irfft_complex128_1024_256_contiguous_truncate,0.412963551935,0.412551301997,5.50993718207e-05,7,20,ok,
final,staged,irfft,complex128,4096,1,contiguous,pad,staged_irfft_complex128_4096_1_contiguous_pad,0.0249341304452,0.0249052885492,2.88418959826e-05,7,544,ok,
final,staged,irfft,complex128,4096,1,contiguous,truncate,staged_irfft_complex128_4096_1_contiguous_truncate,0.0222056520527,0.0221016877075,5.93171855827e-05,7,618,ok,
final,staged,irfft,complex128,4096,8,contiguous,pad,staged_irfft_complex128_4096_8_contiguous_pad,0.159517973841,0.159108102357,0.000409871483078,7,156,ok,
final,staged,irfft,complex128,4096,8,contiguous,truncate,staged_irfft_complex128_4096_8_contiguous_truncate,0.0757887848886,0.0748561997898,0.000388880143873,7,200,ok,
final,staged,irfft,complex128,4096,64,contiguous,pad,staged_irfft_complex128_4096_64_contiguous_pad,1.22386119911,1.22143515036,0.00144770019688,7,20,ok,
final,staged,irfft,complex128,4096,64,contiguous,truncate,staged_irfft_complex128_4096_64_contiguous_truncate,0.528765900526,0.528338598087,0.000412203371525,7,20,ok,
final,staged,irfft,complex128,4096,256,contiguous,pad,staged_irfft_complex128_4096_256_contiguous_pad,4.89050357802,4.87326428161,0.0100044334041,7,7,ok,
final,staged,irfft,complex128,4096,256,contiguous,truncate,staged_irfft_complex128_4096_256_contiguous_truncate,2.1326094633,2.09555513381,0.025062658824,7,15,ok,
final,staged,irfft,complex128,4097,1,contiguous,pad,staged_irfft_complex128_4097_1_contiguous_pad,0.119990798541,0.118448666331,0.000935339211196,5,189,ok,
final,staged,irfft,complex128,4097,1,contiguous,truncate,staged_irfft_complex128_4097_1_contiguous_truncate,0.118522064877,0.117190384772,0.000791830243543,5,200,ok,
final,staged,irfft,complex128,4097,8,contiguous,pad,staged_irfft_complex128_4097_8_contiguous_pad,0.910725229635,0.904540231344,0.00223688458881,5,26,ok,
final,staged,irfft,complex128,4097,8,contiguous,truncate,staged_irfft_complex128_4097_8_contiguous_truncate,0.69162777638,0.691430442708,0.000197333671773,5,36,ok,
final,staged,irfft,complex128,4097,64,contiguous,pad,staged_irfft_complex128_4097_64_contiguous_pad,7.17548650573,7.11362125003,0.0350977643393,5,4,ok,
final,staged,irfft,complex128,4097,64,contiguous,truncate,staged_irfft_complex128_4097_64_contiguous_truncate,5.27626081991,5.25760931972,0.00827714878445,5,6,ok,
final,staged,irfft,complex128,4097,256,contiguous,pad,staged_irfft_complex128_4097_256_contiguous_pad,28.3824820071,28.3334099222,0.0352039933205,5,1,ok,
final,staged,irfft,complex128,4097,256,contiguous,truncate,staged_irfft_complex128_4097_256_contiguous_truncate,21.1489510257,21.119587007,0.0191059662029,5,1,ok,
final,staged,irfft,complex128,8192,1,contiguous,pad,staged_irfft_complex128_8192_1_contiguous_pad,0.045907550375,0.0458032550523,0.000104295322672,5,200,ok,
final,staged,irfft,complex128,8192,1,contiguous,truncate,staged_irfft_complex128_8192_1_contiguous_truncate,0.0407766347053,0.0407468347112,2.97999940813e-05,5,200,ok,
final,staged,irfft,complex128,8192,8,contiguous,pad,staged_irfft_complex128_8192_8_contiguous_pad,0.319660027009,0.319179144418,0.000480882590637,5,76,ok,
final,staged,irfft,complex128,8192,8,contiguous,truncate,staged_irfft_complex128_8192_8_contiguous_truncate,0.15368426459,0.153218625834,0.000258419482458,5,155,ok,
final,staged,irfft,complex128,8192,64,contiguous,pad,staged_irfft_complex128_8192_64_contiguous_pad,2.51145316109,2.50317776898,0.00141115071109,5,13,ok,
final,staged,irfft,complex128,8192,64,contiguous,truncate,staged_irfft_complex128_8192_64_contiguous_truncate,1.13361104741,1.13067805069,0.0013655051589,5,20,ok,
final,staged,irfft,complex128,8192,256,contiguous,pad,staged_irfft_complex128_8192_256_contiguous_pad,10.3285073613,10.2268080227,0.0791073543951,5,3,ok,
final,staged,irfft,complex128,8192,256,contiguous,truncate,staged_irfft_complex128_8192_256_contiguous_truncate,4.65819861274,4.6431385912,0.0124253798276,5,5,ok,
final,out,fft,complex64,64,1,contiguous,separate,out_fft_complex64_64_1_contiguous_separate,0.00407279662988,0.00404748556444,2.5311065442e-05,7,1765,ok,
final,out,fft,complex64,64,1,contiguous,noncontiguous,out_fft_complex64_64_1_contiguous_noncontiguous,0.00399676797679,0.00398755603237,6.29143323749e-06,7,2000,ok,
final,out,fft,complex64,64,1,contiguous,negative,out_fft_complex64_64_1_contiguous_negative,0.00404342502588,0.004031538032,5.32501144335e-06,7,2000,ok,
final,out,fft,complex64,64,8,contiguous,separate,out_fft_complex64_64_8_contiguous_separate,0.00604763189794,0.00603923703897,8.3948589698e-06,7,1869,ok,
final,out,fft,complex64,64,8,contiguous,noncontiguous,out_fft_complex64_64_8_contiguous_noncontiguous,0.00606209329229,0.00605251488853,9.57840376365e-06,7,1983,ok,
final,out,fft,complex64,64,8,contiguous,negative,out_fft_complex64_64_8_contiguous_negative,0.00612767718412,0.00610611691264,1.4439761169e-05,7,1967,ok,
final,out,fft,complex64,4096,1,contiguous,separate,out_fft_complex64_4096_1_contiguous_separate,0.0327759120236,0.032728633544,3.97164729379e-05,7,420,ok,
final,out,fft,complex64,4096,1,contiguous,noncontiguous,out_fft_complex64_4096_1_contiguous_noncontiguous,0.0330118004434,0.0329467488733,2.82206043531e-05,7,426,ok,
final,out,fft,complex64,4096,1,contiguous,negative,out_fft_complex64_4096_1_contiguous_negative,0.0329137367435,0.0328059863118,6.76982814357e-05,7,441,ok,
final,out,fft,complex64,4096,8,contiguous,separate,out_fft_complex64_4096_8_contiguous_separate,0.180521105931,0.179560068346,0.000313469420441,7,132,ok,
final,out,fft,complex64,4096,8,contiguous,noncontiguous,out_fft_complex64_4096_8_contiguous_noncontiguous,0.181351962083,0.181001469063,0.000170765402304,7,132,ok,
final,out,fft,complex64,4096,8,contiguous,negative,out_fft_complex64_4096_8_contiguous_negative,0.180917137397,0.180552913504,0.000278122952559,7,138,ok,
final,overlap,fft,complex64,64,1,contiguous,inplace,overlap_fft_complex64_64_1_contiguous_inplace,0.00405996554764,0.00400816445472,3.49854817614e-05,7,2000,ok,
final,overlap,fft,complex64,64,1,contiguous,partial_overlap,overlap_fft_complex64_64_1_contiguous_partial_overlap,0.00404633552535,0.00403542997083,7.84947769716e-06,7,2000,ok,
final,overlap,fft,complex64,64,8,contiguous,inplace,overlap_fft_complex64_64_8_contiguous_inplace,0.00602788619335,0.00602416265775,3.72353559766e-06,7,1924,ok,
final,overlap,fft,complex64,64,8,contiguous,partial_overlap,overlap_fft_complex64_64_8_contiguous_partial_overlap,0.00606594219963,0.00602166383672,4.93366963899e-06,7,1990,ok,
final,overlap,fft,complex64,4096,1,contiguous,inplace,overlap_fft_complex64_4096_1_contiguous_inplace,0.0349957600241,0.034930069509,5.78538044402e-05,7,404,ok,
final,overlap,fft,complex64,4096,1,contiguous,partial_overlap,overlap_fft_complex64_4096_1_contiguous_partial_overlap,0.0316301368807,0.0315075424558,7.3260591323e-05,7,461,ok,
final,overlap,fft,complex64,4096,8,contiguous,inplace,overlap_fft_complex64_4096_8_contiguous_inplace,0.181976304702,0.181744617294,0.000121788616525,7,128,ok,
final,overlap,fft,complex64,4096,8,contiguous,partial_overlap,overlap_fft_complex64_4096_8_contiguous_partial_overlap,0.180968334966,0.180551934355,0.000302612706747,7,137,ok,
final,out,fft,complex128,64,1,contiguous,separate,out_fft_complex128_64_1_contiguous_separate,0.00324043852743,0.00322104699444,1.64960511029e-05,7,2000,ok,
final,out,fft,complex128,64,1,contiguous,noncontiguous,out_fft_complex128_64_1_contiguous_noncontiguous,0.00338317954447,0.00336436496582,5.53549034521e-06,7,2000,ok,
final,out,fft,complex128,64,1,contiguous,negative,out_fft_complex128_64_1_contiguous_negative,0.00340412853984,0.00338906602701,1.50625128299e-05,7,2000,ok,
final,out,fft,complex128,64,8,contiguous,separate,out_fft_complex128_64_8_contiguous_separate,0.00463414547266,0.00454968347913,8.44619935378e-05,7,2000,ok,
final,out,fft,complex128,64,8,contiguous,noncontiguous,out_fft_complex128_64_8_contiguous_noncontiguous,0.00449308805401,0.00445001298795,1.95415923372e-05,7,2000,ok,
final,out,fft,complex128,64,8,contiguous,negative,out_fft_complex128_64_8_contiguous_negative,0.00454231502954,0.00448649603641,2.90384632535e-05,7,2000,ok,
final,out,fft,complex128,4096,1,contiguous,separate,out_fft_complex128_4096_1_contiguous_separate,0.0285655686475,0.0283485396305,0.000137414401734,7,415,ok,
final,out,fft,complex128,4096,1,contiguous,noncontiguous,out_fft_complex128_4096_1_contiguous_noncontiguous,0.0299456802955,0.0295377235629,0.00024965973859,7,485,ok,
final,out,fft,complex128,4096,1,contiguous,negative,out_fft_complex128_4096_1_contiguous_negative,0.0289526173227,0.0288070830882,3.18197952018e-05,7,494,ok,
final,out,fft,complex128,4096,8,contiguous,separate,out_fft_complex128_4096_8_contiguous_separate,0.16490126759,0.164269130001,0.000466554336352,7,146,ok,
final,out,fft,complex128,4096,8,contiguous,noncontiguous,out_fft_complex128_4096_8_contiguous_noncontiguous,0.168825020497,0.168150959039,0.000674061458048,7,146,ok,
final,out,fft,complex128,4096,8,contiguous,negative,out_fft_complex128_4096_8_contiguous_negative,0.164422262781,0.164061179385,0.000354461371899,7,145,ok,
final,overlap,fft,complex128,64,1,contiguous,inplace,overlap_fft_complex128_64_1_contiguous_inplace,0.00330927199684,0.00322389800567,3.40284896083e-05,7,2000,ok,
final,overlap,fft,complex128,64,1,contiguous,partial_overlap,overlap_fft_complex128_64_1_contiguous_partial_overlap,0.00326817500172,0.00322986399988,2.99855018966e-05,7,2000,ok,
final,overlap,fft,complex128,64,8,contiguous,inplace,overlap_fft_complex128_64_8_contiguous_inplace,0.00463633000618,0.00455303001218,2.82124965452e-05,7,2000,ok,
final,overlap,fft,complex128,64,8,contiguous,partial_overlap,overlap_fft_complex128_64_8_contiguous_partial_overlap,0.0046092189732,0.00458684301702,1.89549755305e-05,7,2000,ok,
final,overlap,fft,complex128,4096,1,contiguous,inplace,overlap_fft_complex128_4096_1_contiguous_inplace,0.027235659148,0.0271879250747,4.77340732526e-05,7,522,ok,
final,overlap,fft,complex128,4096,1,contiguous,partial_overlap,overlap_fft_complex128_4096_1_contiguous_partial_overlap,0.0285420242417,0.0282202596387,8.21894997713e-05,7,412,ok,
final,overlap,fft,complex128,4096,8,contiguous,inplace,overlap_fft_complex128_4096_8_contiguous_inplace,0.163634875207,0.163287782925,0.000347092282027,7,152,ok,
final,overlap,fft,complex128,4096,8,contiguous,partial_overlap,overlap_fft_complex128_4096_8_contiguous_partial_overlap,0.164176335889,0.163924362584,0.000235368804026,7,152,ok,
final,out,ifft,complex64,64,1,contiguous,separate,out_ifft_complex64_64_1_contiguous_separate,0.00409967004089,0.00407555501442,2.25620460697e-05,7,2000,ok,
final,out,ifft,complex64,64,1,contiguous,noncontiguous,out_ifft_complex64_64_1_contiguous_noncontiguous,0.00433008448454,0.00430683599552,1.13664427772e-05,7,2000,ok,
final,out,ifft,complex64,64,1,contiguous,negative,out_ifft_complex64_64_1_contiguous_negative,0.0043998589972,0.00433917151531,3.22654959746e-05,7,2000,ok,
final,out,ifft,complex64,64,8,contiguous,separate,out_ifft_complex64_64_8_contiguous_separate,0.0059737558833,0.00593863560477,1.44154408376e-05,7,1921,ok,
final,out,ifft,complex64,64,8,contiguous,noncontiguous,out_ifft_complex64_64_8_contiguous_noncontiguous,0.00597494672086,0.00594299343334,9.15940387676e-06,7,1970,ok,
final,out,ifft,complex64,64,8,contiguous,negative,out_ifft_complex64_64_8_contiguous_negative,0.00595135126385,0.00593645981368,1.40859614403e-05,7,1990,ok,
final,out,ifft,complex64,4096,1,contiguous,separate,out_ifft_complex64_4096_1_contiguous_separate,0.0307174617041,0.0300124943301,0.000125573157319,7,457,ok,
final,out,ifft,complex64,4096,1,contiguous,noncontiguous,out_ifft_complex64_4096_1_contiguous_noncontiguous,0.031690391379,0.0313006131278,9.20023440438e-05,7,442,ok,
final,out,ifft,complex64,4096,1,contiguous,negative,out_ifft_complex64_4096_1_contiguous_negative,0.0318111178662,0.0315716914102,0.000111204086298,7,441,ok,
final,out,ifft,complex64,4096,8,contiguous,separate,out_ifft_complex64_4096_8_contiguous_separate,0.153078317142,0.152260933225,0.000289872021801,7,164,ok,
final,out,ifft,complex64,4096,8,contiguous,noncontiguous,out_ifft_complex64_4096_8_contiguous_noncontiguous,0.155215722702,0.154157968695,0.00105775400715,7,159,ok,
final,out,ifft,complex64,4096,8,contiguous,negative,out_ifft_complex64_4096_8_contiguous_negative,0.153369018385,0.152538381658,0.000324726782062,7,165,ok,
final,overlap,ifft,complex64,64,1,contiguous,inplace,overlap_ifft_complex64_64_1_contiguous_inplace,0.00410949304933,0.004074603552,2.46005365625e-05,7,2000,ok,
final,overlap,ifft,complex64,64,1,contiguous,partial_overlap,overlap_ifft_complex64_64_1_contiguous_partial_overlap,0.00408823398175,0.00404480297584,1.83690572158e-05,7,2000,ok,
final,overlap,ifft,complex64,64,8,contiguous,inplace,overlap_ifft_complex64_64_8_contiguous_inplace,0.00589650288952,0.0058781145519,1.51524831366e-05,7,1895,ok,
final,overlap,ifft,complex64,64,8,contiguous,partial_overlap,overlap_ifft_complex64_64_8_contiguous_partial_overlap,0.00594397141556,0.00590525681392,1.63195383768e-05,7,1959,ok,
final,overlap,ifft,complex64,4096,1,contiguous,inplace,overlap_ifft_complex64_4096_1_contiguous_inplace,0.0283115560815,0.0280612967116,0.00020906235443,7,482,ok,
final,overlap,ifft,complex64,4096,1,contiguous,partial_overlap,overlap_ifft_complex64_4096_1_contiguous_partial_overlap,0.0293215251602,0.0291808011988,0.000140723961339,7,478,ok,
final,overlap,ifft,complex64,4096,8,contiguous,inplace,overlap_ifft_complex64_4096_8_contiguous_inplace,0.154471490532,0.153210350745,0.000983235651663,7,157,ok,
final,overlap,ifft,complex64,4096,8,contiguous,partial_overlap,overlap_ifft_complex64_4096_8_contiguous_partial_overlap,0.153056412636,0.152462859755,0.000205978594877,7,143,ok,
final,out,ifft,complex128,64,1,contiguous,separate,out_ifft_complex128_64_1_contiguous_separate,0.00421235000249,0.00410916248802,2.71404860541e-05,7,2000,ok,
final,out,ifft,complex128,64,1,contiguous,noncontiguous,out_ifft_complex128_64_1_contiguous_noncontiguous,0.00426829903154,0.00425022549462,1.71170686372e-05,7,2000,ok,
final,out,ifft,complex128,64,1,contiguous,negative,out_ifft_complex128_64_1_contiguous_negative,0.00430418050382,0.00427047302946,1.02440244518e-05,7,2000,ok,
final,out,ifft,complex128,64,8,contiguous,separate,out_ifft_complex128_64_8_contiguous_separate,0.0056802473019,0.00560867598644,1.50601080791e-05,7,1864,ok,
final,out,ifft,complex128,64,8,contiguous,noncontiguous,out_ifft_complex128_64_8_contiguous_noncontiguous,0.00567521597259,0.00563377846265,2.83680274151e-05,7,2000,ok,
final,out,ifft,complex128,64,8,contiguous,negative,out_ifft_complex128_64_8_contiguous_negative,0.00568616652163,0.00563695951132,1.42715289257e-05,7,2000,ok,
final,out,ifft,complex128,4096,1,contiguous,separate,out_ifft_complex128_4096_1_contiguous_separate,0.0299673466441,0.029804887955,0.000126704171962,7,473,ok,
final,out,ifft,complex128,4096,1,contiguous,noncontiguous,out_ifft_complex128_4096_1_contiguous_noncontiguous,0.0323423494895,0.03209920094,0.000243148549575,7,438,ok,
final,out,ifft,complex128,4096,1,contiguous,negative,out_ifft_complex128_4096_1_contiguous_negative,0.0319789639894,0.0312270023703,0.000741199872802,7,445,ok,
final,out,ifft,complex128,4096,8,contiguous,separate,out_ifft_complex128_4096_8_contiguous_separate,0.180219669025,0.173942750039,0.000926352667567,7,136,ok,
final,out,ifft,complex128,4096,8,contiguous,noncontiguous,out_ifft_complex128_4096_8_contiguous_noncontiguous,0.179875933956,0.178101456293,0.00177447766285,7,136,ok,
final,out,ifft,complex128,4096,8,contiguous,negative,out_ifft_complex128_4096_8_contiguous_negative,0.18325883118,0.176603190148,0.00324273239297,7,142,ok,
final,overlap,ifft,complex128,64,1,contiguous,inplace,overlap_ifft_complex128_64_1_contiguous_inplace,0.0039985206383,0.00396303845222,1.88895452385e-05,7,1431,ok,
final,overlap,ifft,complex128,64,1,contiguous,partial_overlap,overlap_ifft_complex128_64_1_contiguous_partial_overlap,0.00406972400378,0.00403674750123,1.10704568215e-05,7,2000,ok,
final,overlap,ifft,complex128,64,8,contiguous,inplace,overlap_ifft_complex128_64_8_contiguous_inplace,0.00564186799501,0.0055972753863,3.19121769569e-05,7,1765,ok,
final,overlap,ifft,complex128,64,8,contiguous,partial_overlap,overlap_ifft_complex128_64_8_contiguous_partial_overlap,0.0057122635372,0.005527021793,7.32473192428e-05,7,1977,ok,
final,overlap,ifft,complex128,4096,1,contiguous,inplace,overlap_ifft_complex128_4096_1_contiguous_inplace,0.0284831638804,0.0283841744159,6.64704584931e-05,7,476,ok,
final,overlap,ifft,complex128,4096,1,contiguous,partial_overlap,overlap_ifft_complex128_4096_1_contiguous_partial_overlap,0.0298927039948,0.0298584545086,1.94037022034e-05,7,473,ok,
final,overlap,ifft,complex128,4096,8,contiguous,inplace,overlap_ifft_complex128_4096_8_contiguous_inplace,0.175832909161,0.175407013882,0.000425895278739,7,143,ok,
final,overlap,ifft,complex128,4096,8,contiguous,partial_overlap,overlap_ifft_complex128_4096_8_contiguous_partial_overlap,0.175836941322,0.174014276764,0.00182266455878,7,137,ok,
