candidate,group,operation,dtype,n,batch,layout,variant,case_id,median_ms,best_ms,mad_ms,samples,loops,status,notes
old,direct,fft,complex64,64,1,contiguous,,direct_fft_complex64_64_1_contiguous_,0.00430303297805,0.00425003293696,2.78130012581e-05,7,1214,ok,
old,direct,fft,complex64,64,2,contiguous,,direct_fft_complex64_64_2_contiguous_,0.00505525552648,0.00485697659173,1.74437701082e-05,7,1753,ok,
old,direct,fft,complex64,64,4,contiguous,,direct_fft_complex64_64_4_contiguous_,0.00540716596879,0.00537927797996,1.77484471351e-05,7,2000,ok,
old,direct,fft,complex64,64,8,contiguous,,direct_fft_complex64_64_8_contiguous_,0.00615494052181,0.00613572902512,1.0846008081e-05,7,2000,ok,
old,direct,fft,complex64,64,16,contiguous,,direct_fft_complex64_64_16_contiguous_,0.00736686538785,0.00732520946716,3.26104233871e-05,7,1738,ok,
old,direct,fft,complex64,64,32,contiguous,,direct_fft_complex64_64_32_contiguous_,0.0100160075949,0.0100027275237,1.32800712279e-05,7,1321,ok,
old,direct,fft,complex64,64,64,contiguous,,direct_fft_complex64_64_64_contiguous_,0.0152567166934,0.0150843121281,0.000148616681779,7,660,ok,
old,direct,fft,complex64,64,256,contiguous,,direct_fft_complex64_64_256_contiguous_,0.201759570324,0.201322048833,0.0002700989404,7,121,ok,
old,direct,fft,complex64,256,1,contiguous,,direct_fft_complex64_256_1_contiguous_,0.00559827620967,0.00557081050453,1.23355490601e-05,7,1821,ok,
old,direct,fft,complex64,256,2,contiguous,,direct_fft_complex64_256_2_contiguous_,0.00649358904599,0.00647825514095,1.53339050453e-05,7,1740,ok,
old,direct,fft,complex64,256,4,contiguous,,direct_fft_complex64_256_4_contiguous_,0.00782219381154,0.00769187626605,6.50852782219e-05,7,1584,ok,
old,direct,fft,complex64,256,8,contiguous,,direct_fft_complex64_256_8_contiguous_,0.0106995072927,0.0106461013391,8.40348747155e-06,7,1165,ok,
old,direct,fft,complex64,256,16,contiguous,,direct_fft_complex64_256_16_contiguous_,0.0174836031055,0.0161826302975,7.57368566177e-05,7,844,ok,
old,direct,fft,complex64,256,32,contiguous,,direct_fft_complex64_256_32_contiguous_,0.0292846898083,0.0292397552403,2.09402060136e-05,7,200,ok,
old,direct,fft,complex64,256,64,contiguous,,direct_fft_complex64_256_64_contiguous_,0.210761517417,0.209872367825,0.000354885981467,7,114,ok,
old,direct,fft,complex64,256,256,contiguous,,direct_fft_complex64_256_256_contiguous_,0.920261158608,0.916016283445,0.00127599574625,7,25,ok,
old,direct,fft,complex64,1024,1,contiguous,,direct_fft_complex64_1024_1_contiguous_,0.0101397768554,0.0100782882429,4.25381788066e-05,7,1152,ok,
old,direct,fft,complex64,1024,2,contiguous,,direct_fft_complex64_1024_2_contiguous_,0.0131891257869,0.0130977968868,3.85165492975e-05,7,970,ok,
old,direct,fft,complex64,1024,4,contiguous,,direct_fft_complex64_1024_4_contiguous_,0.0206682014455,0.0204623724077,7.73043290752e-05,7,690,ok,
old,direct,fft,complex64,1024,8,contiguous,,direct_fft_complex64_1024_8_contiguous_,0.0341667898465,0.0338685204042,0.000298269442283,7,200,ok,
old,direct,fft,complex64,1024,16,contiguous,,direct_fft_complex64_1024_16_contiguous_,0.0616739451652,0.0613071449334,0.000366800231859,7,200,ok,
old,direct,fft,complex64,1024,32,contiguous,,direct_fft_complex64_1024_32_contiguous_,0.116536709829,0.115857165074,0.000679544755258,7,200,ok,
old,direct,fft,complex64,1024,64,contiguous,,direct_fft_complex64_1024_64_contiguous_,0.972262239084,0.963485920802,0.00646511558443,7,25,ok,
old,direct,fft,complex64,1024,256,contiguous,,direct_fft_complex64_1024_256_contiguous_,2.44491700349,2.43835378205,0.00397829405431,7,14,ok,
old,direct,fft,complex64,2048,1,contiguous,,direct_fft_complex64_2048_1_contiguous_,0.018240881345,0.0181248352678,4.29440838644e-05,7,716,ok,
old,direct,fft,complex64,2048,2,contiguous,,direct_fft_complex64_2048_2_contiguous_,0.0252226748021,0.0248223784313,0.000249207369052,7,560,ok,
old,direct,fft,complex64,2048,4,contiguous,,direct_fft_complex64_2048_4_contiguous_,0.0425599800656,0.0424691051012,6.54748873785e-05,7,200,ok,
old,direct,fft,complex64,2048,8,contiguous,,direct_fft_complex64_2048_8_contiguous_,0.0758002046496,0.0756702548824,0.000129949767143,7,200,ok,
old,direct,fft,complex64,2048,16,contiguous,,direct_fft_complex64_2048_16_contiguous_,0.144019213191,0.143712064797,0.000307148394103,7,169,ok,
old,direct,fft,complex64,2048,32,contiguous,,direct_fft_complex64_2048_32_contiguous_,0.283717244138,0.282167314909,0.000697838110026,7,86,ok,
old,direct,fft,complex64,2048,64,contiguous,,direct_fft_complex64_2048_64_contiguous_,0.548850599444,0.545613950817,0.00136310118251,7,20,ok,
old,direct,fft,complex64,2048,256,contiguous,,direct_fft_complex64_2048_256_contiguous_,4.0655588673,4.00955349323,0.0275100028375,7,8,ok,
old,direct,fft,complex64,3072,1,contiguous,,direct_fft_complex64_3072_1_contiguous_,0.0248735663619,0.0248094964807,2.92434429276e-05,7,542,ok,
old,direct,fft,complex64,3072,2,contiguous,,direct_fft_complex64_3072_2_contiguous_,0.0335897394689,0.0335366849322,1.80344795808e-05,7,200,ok,
old,direct,fft,complex64,3072,4,contiguous,,direct_fft_complex64_3072_4_contiguous_,0.0577875901945,0.057502950076,0.000164110097103,7,200,ok,
old,direct,fft,complex64,3072,8,contiguous,,direct_fft_complex64_3072_8_contiguous_,0.104097514995,0.103681519977,6.09649578109e-05,7,200,ok,
old,direct,fft,complex64,3072,16,contiguous,,direct_fft_complex64_3072_16_contiguous_,0.1980894795,0.197868974206,0.00020643664884,7,119,ok,
old,direct,fft,complex64,3072,32,contiguous,,direct_fft_complex64_3072_32_contiguous_,0.38741354947,0.386158149922,0.000984402140602,7,20,ok,
old,direct,fft,complex64,3072,64,contiguous,,direct_fft_complex64_3072_64_contiguous_,0.774444895796,0.77197169885,0.00143420766108,7,20,ok,
old,direct,fft,complex64,3072,256,contiguous,,direct_fft_complex64_3072_256_contiguous_,5.65673816406,5.57788967853,0.0543885010605,7,6,ok,
old,direct,fft,complex64,3584,1,contiguous,,direct_fft_complex64_3584_1_contiguous_,0.027635798275,0.027388941297,0.000114758360051,7,476,ok,
old,direct,fft,complex64,3584,2,contiguous,,direct_fft_complex64_3584_2_contiguous_,0.035344879725,0.0350191647885,0.000253224861808,7,200,ok,
old,direct,fft,complex64,3584,4,contiguous,,direct_fft_complex64_3584_4_contiguous_,0.0616118247854,0.0611417304026,0.000312295160256,7,200,ok,
old,direct,fft,complex64,3584,8,contiguous,,direct_fft_complex64_3584_8_contiguous_,0.11250485274,0.111979010858,0.000431447436935,7,190,ok,
old,direct,fft,complex64,3584,16,contiguous,,direct_fft_complex64_3584_16_contiguous_,0.214458649504,0.2129342552,0.00152439430454,7,114,ok,
old,direct,fft,complex64,3584,32,contiguous,,direct_fft_complex64_3584_32_contiguous_,0.418170652119,0.415495049674,0.00248019932769,7,20,ok,
old,direct,fft,complex64,3584,64,contiguous,,direct_fft_complex64_3584_64_contiguous_,0.823213747935,0.818938150769,0.00427559716627,7,20,ok,
old,direct,fft,complex64,3584,256,contiguous,,direct_fft_complex64_3584_256_contiguous_,6.50587619748,6.38316241093,0.12271378655,7,5,ok,
old,direct,fft,complex64,4095,1,contiguous,,direct_fft_complex64_4095_1_contiguous_,0.040344000029,0.0399290119752,0.000291148829828,7,336,ok,
old,direct,fft,complex64,4095,2,contiguous,,direct_fft_complex64_4095_2_contiguous_,0.0548724347027,0.054607730126,8.50600190461e-05,7,200,ok,
old,direct,fft,complex64,4095,4,contiguous,,direct_fft_complex64_4095_4_contiguous_,0.100240565371,0.0990916247247,0.000219569774345,7,200,ok,
old,direct,fft,complex64,4095,8,contiguous,,direct_fft_complex64_4095_8_contiguous_,0.195132347995,0.188244378836,0.00146673516032,7,132,ok,
old,direct,fft,complex64,4095,16,contiguous,,direct_fft_complex64_4095_16_contiguous_,0.379857984232,0.378218745298,0.000612360230689,7,67,ok,
old,direct,fft,complex64,4095,32,contiguous,,direct_fft_complex64_4095_32_contiguous_,0.719336350448,0.715292699169,0.00121234916151,7,20,ok,
old,direct,fft,complex64,4095,64,contiguous,,direct_fft_complex64_4095_64_contiguous_,1.48571739555,1.431464497,0.00648685381748,7,20,ok,
old,direct,fft,complex64,4095,256,contiguous,,direct_fft_complex64_4095_256_contiguous_,9.31486200231,9.12328033398,0.0706113254031,7,3,ok,
old,direct,fft,complex64,4096,1,contiguous,,direct_fft_complex64_4096_1_contiguous_,0.034712441568,0.0345726960109,4.93921484653e-05,7,385,ok,
old,direct,fft,complex64,4096,2,contiguous,,direct_fft_complex64_4096_2_contiguous_,0.0487019796856,0.048605244956,9.67347295955e-05,7,200,ok,
old,direct,fft,complex64,4096,4,contiguous,,direct_fft_complex64_4096_4_contiguous_,0.0830845802557,0.0817554997047,0.000137005699798,7,200,ok,
old,direct,fft,complex64,4096,8,contiguous,,direct_fft_complex64_4096_8_contiguous_,0.15875113107,0.157154416116,0.000374937597778,7,161,ok,
old,direct,fft,complex64,4096,16,contiguous,,direct_fft_complex64_4096_16_contiguous_,0.296934584451,0.295855097825,0.000675548174668,7,82,ok,
old,direct,fft,complex64,4096,32,contiguous,,direct_fft_complex64_4096_32_contiguous_,0.588264199905,0.579132302664,0.00892950338311,7,20,ok,
old,direct,fft,complex64,4096,64,contiguous,,direct_fft_complex64_4096_64_contiguous_,1.17743010051,1.15591560025,0.0100345991086,7,20,ok,
old,direct,fft,complex64,4096,256,contiguous,,direct_fft_complex64_4096_256_contiguous_,8.23688926175,8.01646450418,0.00942798214965,7,4,ok,
old,direct,fft,complex64,4097,1,contiguous,,direct_fft_complex64_4097_1_contiguous_,0.183544428428,0.182952261567,0.000534674322735,5,126,ok,
old,direct,fft,complex64,4097,2,contiguous,,direct_fft_complex64_4097_2_contiguous_,0.212321837998,0.212240914424,8.0923573711e-05,5,117,ok,
old,direct,fft,complex64,4097,4,contiguous,,direct_fft_complex64_4097_4_contiguous_,0.35390077059,0.352184928488,0.000534015375056,5,70,ok,
old,direct,fft,complex64,4097,8,contiguous,,direct_fft_complex64_4097_8_contiguous_,0.637890872522,0.634117025094,0.00359658868267,5,39,ok,
old,direct,fft,complex64,4097,16,contiguous,,direct_fft_complex64_4097_16_contiguous_,1.21376480092,1.19665924576,0.00393799855374,5,20,ok,
old,direct,fft,complex64,4097,32,contiguous,,direct_fft_complex64_4097_32_contiguous_,2.36246421368,2.3301168611,0.0323473525766,5,14,ok,
old,direct,fft,complex64,4097,64,contiguous,,direct_fft_complex64_4097_64_contiguous_,4.65590844397,4.61817213467,0.0227691572426,5,7,ok,
old,direct,fft,complex64,4097,256,contiguous,,direct_fft_complex64_4097_256_contiguous_,22.0027870964,21.8301579589,0.165023957379,5,1,ok,
old,direct,fft,complex64,4608,1,contiguous,,direct_fft_complex64_4608_1_contiguous_,0.0367757602362,0.0365412601968,6.15196768194e-05,5,200,ok,
old,direct,fft,complex64,4608,2,contiguous,,direct_fft_complex64_4608_2_contiguous_,0.0466273754137,0.0463084201328,0.0001371599501,5,200,ok,
old,direct,fft,complex64,4608,4,contiguous,,direct_fft_complex64_4608_4_contiguous_,0.0815627799602,0.0811715348391,0.000219065113924,5,200,ok,
old,direct,fft,complex64,4608,8,contiguous,,direct_fft_complex64_4608_8_contiguous_,0.150868757391,0.14968720416,0.00111779693372,5,157,ok,
old,direct,fft,complex64,4608,16,contiguous,,direct_fft_complex64_4608_16_contiguous_,0.290034001227,0.288548698882,0.000990944681689,5,20,ok,
old,direct,fft,complex64,4608,32,contiguous,,direct_fft_complex64_4608_32_contiguous_,0.564328598557,0.561721145641,0.000342651037499,5,20,ok,
old,direct,fft,complex64,4608,64,contiguous,,direct_fft_complex64_4608_64_contiguous_,1.16447139881,1.14123059902,0.0232407997828,5,20,ok,
old,direct,fft,complex64,4608,256,contiguous,,direct_fft_complex64_4608_256_contiguous_,8.51520698052,8.3678587398,0.147348240716,5,4,ok,
old,direct,fft,complex64,8192,1,contiguous,,direct_fft_complex64_8192_1_contiguous_,0.0717899651499,0.0714354903903,0.000155695015565,5,200,ok,
old,direct,fft,complex64,8192,2,contiguous,,direct_fft_complex64_8192_2_contiguous_,0.084839425399,0.0842279096832,0.000247670686804,5,200,ok,
old,direct,fft,complex64,8192,4,contiguous,,direct_fft_complex64_8192_4_contiguous_,0.158566152558,0.157602598511,0.00026604460232,5,157,ok,
old,direct,fft,complex64,8192,8,contiguous,,direct_fft_complex64_8192_8_contiguous_,0.300611444048,0.299401246414,0.00121019763389,5,81,ok,
old,direct,fft,complex64,8192,16,contiguous,,direct_fft_complex64_8192_16_contiguous_,0.591109099332,0.589565199334,0.00154389999807,5,20,ok,
old,direct,fft,complex64,8192,32,contiguous,,direct_fft_complex64_8192_32_contiguous_,1.13030684879,1.12754554721,0.00250280136243,5,20,ok,
old,direct,fft,complex64,8192,64,contiguous,,direct_fft_complex64_8192_64_contiguous_,2.42052407702,2.38732664314,0.0323831336573,5,14,ok,
old,direct,fft,complex64,8192,256,contiguous,,direct_fft_complex64_8192_256_contiguous_,17.4793744809,17.343154992,0.110219989438,5,2,ok,
old,direct,fft,complex64,16384,1,contiguous,,direct_fft_complex64_16384_1_contiguous_,0.146170873254,0.145970107663,7.40003571669e-05,5,158,ok,
old,direct,fft,complex64,16384,2,contiguous,,direct_fft_complex64_16384_2_contiguous_,0.467953450211,0.430026488817,0.00884076443446,5,51,ok,
old,direct,fft,complex64,16384,4,contiguous,,direct_fft_complex64_16384_4_contiguous_,0.910740186184,0.825180555694,0.0111816657914,5,27,ok,
old,direct,fft,complex64,16384,8,contiguous,,direct_fft_complex64_16384_8_contiguous_,1.3618509518,1.30451219738,0.0175854482222,5,20,ok,
old,direct,fft,complex64,16384,16,contiguous,,direct_fft_complex64_16384_16_contiguous_,1.45216450328,1.44196799956,0.00803379807621,5,20,ok,
old,direct,fft,complex64,16384,32,contiguous,,direct_fft_complex64_16384_32_contiguous_,3.04129481612,2.97863545447,0.0269513640722,5,11,ok,
old,direct,fft,complex64,16384,64,contiguous,,direct_fft_complex64_16384_64_contiguous_,11.5921136846,11.2448656776,0.122683666026,5,3,ok,
old,direct,fft,complex64,16384,256,contiguous,,direct_fft_complex64_16384_256_contiguous_,37.7632819582,37.6021950506,0.0894700642675,5,1,ok,
old,direct,fft,complex64,32768,1,contiguous,,direct_fft_complex64_32768_1_contiguous_,0.700937382028,0.698622086715,0.00231529531233,5,34,ok,
old,direct,fft,complex64,32768,2,contiguous,,direct_fft_complex64_32768_2_contiguous_,0.716062711685,0.700307574256,0.00700105779937,5,35,ok,
old,direct,fft,complex64,32768,4,contiguous,,direct_fft_complex64_32768_4_contiguous_,0.813598948298,0.804710545344,0.00387589680031,5,20,ok,
old,direct,fft,complex64,32768,8,contiguous,,direct_fft_complex64_32768_8_contiguous_,1.60645390279,1.59120284952,0.00291509786621,5,20,ok,
old,direct,fft,complex64,32768,16,contiguous,,direct_fft_complex64_32768_16_contiguous_,3.32966430578,3.30111280782,0.0049184076488,5,10,ok,
old,direct,fft,complex64,32768,32,contiguous,,direct_fft_complex64_32768_32_contiguous_,12.3365920153,12.2741879895,0.0149584957398,5,2,ok,
old,direct,fft,complex64,32768,64,contiguous,,direct_fft_complex64_32768_64_contiguous_,18.4536949964,18.1660780217,0.13278296683,5,1,ok,
old,direct,fft,complex64,32768,256,contiguous,,direct_fft_complex64_32768_256_contiguous_,105.000282987,104.274860932,0.171777093783,5,1,ok,
old,direct,fft,complex64,65536,1,contiguous,,direct_fft_complex64_65536_1_contiguous_,0.852105721574,0.850905174518,0.00120054705647,5,29,ok,
old,direct,fft,complex64,65536,2,contiguous,,direct_fft_complex64_65536_2_contiguous_,0.847022101516,0.844512850745,0.00250925077125,5,20,ok,
old,direct,fft,complex64,65536,4,contiguous,,direct_fft_complex64_65536_4_contiguous_,1.66893631563,1.65980042105,0.00428663272607,5,19,ok,
old,direct,fft,complex64,65536,8,contiguous,,direct_fft_complex64_65536_8_contiguous_,3.72456999806,3.65518111115,0.0693888869137,5,9,ok,
old,direct,fft,complex64,65536,16,contiguous,,direct_fft_complex64_65536_16_contiguous_,12.2996765422,12.2144494671,0.0852270750329,5,2,ok,
old,direct,fft,complex64,65536,32,contiguous,,direct_fft_complex64_65536_32_contiguous_,20.0954630272,19.951618975,0.143844052218,5,1,ok,
old,direct,fft,complex64,65536,64,contiguous,,direct_fft_complex64_65536_64_contiguous_,38.8954089722,38.7966600247,0.088098924607,5,1,ok,
old,direct,fft,complex64,65536,256,contiguous,,direct_fft_complex64_65536_256_contiguous_,149.036183953,148.003106005,0.367840984836,5,1,ok,
old,direct,fft,complex128,64,1,contiguous,,direct_fft_complex128_64_1_contiguous_,0.00360920099774,0.00355614995351,2.36799824052e-05,7,2000,ok,
old,direct,fft,complex128,64,2,contiguous,,direct_fft_complex128_64_2_contiguous_,0.00408773043766,0.00407235858691,8.21214449098e-06,7,1065,ok,
old,direct,fft,complex128,64,4,contiguous,,direct_fft_complex128_64_4_contiguous_,0.0042762265075,0.00425631855614,1.59150222316e-05,7,2000,ok,
old,direct,fft,complex128,64,8,contiguous,,direct_fft_complex128_64_8_contiguous_,0.00496653153095,0.00495520996628,9.21252649277e-06,7,2000,ok,
old,direct,fft,complex128,64,16,contiguous,,direct_fft_complex128_64_16_contiguous_,0.00587364449166,0.0058536970173,1.05904764496e-05,7,2000,ok,
old,direct,fft,complex128,64,32,contiguous,,direct_fft_complex128_64_32_contiguous_,0.00780971033114,0.00778939916244,2.03111687047e-05,7,1726,ok,
old,direct,fft,complex128,64,64,contiguous,,direct_fft_complex128_64_64_contiguous_,0.0118266377376,0.0117079553464,0.000101699170113,7,538,ok,
old,direct,fft,complex128,64,256,contiguous,,direct_fft_complex128_64_256_contiguous_,0.0366859399946,0.0362837698776,0.000121830380522,7,200,ok,
old,direct,fft,complex128,256,1,contiguous,,direct_fft_complex128_256_1_contiguous_,0.00476013845764,0.00475119601469,5.20952744409e-06,7,2000,ok,
old,direct,fft,complex128,256,2,contiguous,,direct_fft_complex128_256_2_contiguous_,0.0061570417885,0.00542400530466,3.71873038747e-05,7,1890,ok,
old,direct,fft,complex128,256,4,contiguous,,direct_fft_complex128_256_4_contiguous_,0.00725567088035,0.00723169668047,2.02443118179e-05,7,1899,ok,
old,direct,fft,complex128,256,8,contiguous,,direct_fft_complex128_256_8_contiguous_,0.00949288046723,0.00945062832377,1.91836668119e-05,7,1372,ok,
old,direct,fft,complex128,256,16,contiguous,,direct_fft_complex128_256_16_contiguous_,0.0140305107011,0.0139843373703,2.10488632807e-05,7,981,ok,
old,direct,fft,complex128,256,32,contiguous,,direct_fft_complex128_256_32_contiguous_,0.0237828597892,0.0237353198463,3.42651037499e-05,7,200,ok,
old,direct,fft,complex128,256,64,contiguous,,direct_fft_complex128_256_64_contiguous_,0.0425129901851,0.0419786700513,6.82799145579e-05,7,200,ok,
old,direct,fft,complex128,256,256,contiguous,,direct_fft_complex128_256_256_contiguous_,0.148548260331,0.147318646001,0.000635140265028,7,150,ok,
old,direct,fft,complex128,1024,1,contiguous,,direct_fft_complex128_1024_1_contiguous_,0.00897856311929,0.00893856990466,1.72135371127e-05,7,1330,ok,
old,direct,fft,complex128,1024,2,contiguous,,direct_fft_complex128_1024_2_contiguous_,0.0109089475083,0.0108761033468,9.85529398887e-06,7,1161,ok,
old,direct,fft,complex128,1024,4,contiguous,,direct_fft_complex128_1024_4_contiguous_,0.0167410767123,0.0166175407715,7.57721948112e-05,7,821,ok,
old,direct,fft,complex128,1024,8,contiguous,,direct_fft_complex128_1024_8_contiguous_,0.0288851297228,0.0286254350794,0.000124585349113,7,200,ok,
old,direct,fft,complex128,1024,16,contiguous,,direct_fft_complex128_1024_16_contiguous_,0.0521054648561,0.0519864400849,6.04701926932e-05,7,200,ok,
old,direct,fft,complex128,1024,32,contiguous,,direct_fft_complex128_1024_32_contiguous_,0.0969268498011,0.0965796899982,0.000347159802914,7,200,ok,
old,direct,fft,complex128,1024,64,contiguous,,direct_fft_complex128_1024_64_contiguous_,0.18936920618,0.188786983048,0.000582223131867,7,116,ok,
old,direct,fft,complex128,1024,256,contiguous,,direct_fft_complex128_1024_256_contiguous_,0.751993595622,0.747986452188,0.000623206142336,7,20,ok,
old,direct,fft,complex128,2048,1,contiguous,,direct_fft_complex128_2048_1_contiguous_,0.0165933079755,0.0165543677761,1.10423271347e-05,7,802,ok,
old,direct,fft,complex128,2048,2,contiguous,,direct_fft_complex128_2048_2_contiguous_,0.0219343179466,0.0218841450987,2.16480399149e-05,7,648,ok,
old,direct,fft,complex128,2048,4,contiguous,,direct_fft_complex128_2048_4_contiguous_,0.0373756553745,0.037227824796,0.000132350251079,7,200,ok,
old,direct,fft,complex128,2048,8,contiguous,,direct_fft_complex128_2048_8_contiguous_,0.0662191497395,0.0657947396394,0.000127495732158,7,200,ok,
old,direct,fft,complex128,2048,16,contiguous,,direct_fft_complex128_2048_16_contiguous_,0.126187382527,0.12512919398,2.71378370116e-05,7,196,ok,
old,direct,fft,complex128,2048,32,contiguous,,direct_fft_complex128_2048_32_contiguous_,0.249745261196,0.247167333631,0.000624832561395,7,96,ok,
old,direct,fft,complex128,2048,64,contiguous,,direct_fft_complex128_2048_64_contiguous_,0.479045097018,0.476231751963,0.000559550244361,7,20,ok,
old,direct,fft,complex128,2048,256,contiguous,,direct_fft_complex128_2048_256_contiguous_,1.88833577946,1.8827439441,0.00499344767175,7,18,ok,
old,direct,fft,complex128,3072,1,contiguous,,direct_fft_complex128_3072_1_contiguous_,0.0224951722132,0.0224508989266,1.51937414232e-05,7,604,ok,
old,direct,fft,complex128,3072,2,contiguous,,direct_fft_complex128_3072_2_contiguous_,0.0292314402759,0.0291400152491,5.60603803024e-05,7,200,ok,
old,direct,fft,complex128,3072,4,contiguous,,direct_fft_complex128_3072_4_contiguous_,0.0505072198575,0.0503536802717,3.96248651668e-05,7,200,ok,
old,direct,fft,complex128,3072,8,contiguous,,direct_fft_complex128_3072_8_contiguous_,0.0926031649578,0.0921655300772,0.000184949603863,7,200,ok,
old,direct,fft,complex128,3072,16,contiguous,,direct_fft_complex128_3072_16_contiguous_,0.174492774662,0.174019894805,9.16483720214e-05,7,142,ok,
old,direct,fft,complex128,3072,32,contiguous,,direct_fft_complex128_3072_32_contiguous_,0.344910600688,0.344249850605,0.000622199149802,7,20,ok,
old,direct,fft,complex128,3072,64,contiguous,,direct_fft_complex128_3072_64_contiguous_,0.681762350723,0.678276154213,0.000911799725145,7,20,ok,
old,direct,fft,complex128,3072,256,contiguous,,direct_fft_complex128_3072_256_contiguous_,2.82584700141,2.79611681419,0.00930864321576,7,11,ok,
old,direct,fft,complex128,3584,1,contiguous,,direct_fft_complex128_3584_1_contiguous_,0.0247549229736,0.0247124924335,4.24305400706e-05,7,532,ok,
old,direct,fft,complex128,3584,2,contiguous,,direct_fft_complex128_3584_2_contiguous_,0.0304704945302,0.0303496647393,6.71803718433e-05,7,200,ok,
old,direct,fft,complex128,3584,4,contiguous,,direct_fft_complex128_3584_4_contiguous_,0.0519358902238,0.0513737701112,0.00037225545384,7,200,ok,
old,direct,fft,complex128,3584,8,contiguous,,direct_fft_complex128_3584_8_contiguous_,0.0953196396586,0.0948448851705,0.000212455634028,7,200,ok,
old,direct,fft,complex128,3584,16,contiguous,,direct_fft_complex128_3584_16_contiguous_,0.189120361329,0.186950217799,0.00015706790233,7,133,ok,
old,direct,fft,complex128,3584,32,contiguous,,direct_fft_complex128_3584_32_contiguous_,0.355380499968,0.353849097155,0.00128189567477,7,20,ok,
old,direct,fft,complex128,3584,64,contiguous,,direct_fft_complex128_3584_64_contiguous_,0.699759053532,0.694350298727,0.00231094891205,7,20,ok,
old,direct,fft,complex128,3584,256,contiguous,,direct_fft_complex128_3584_256_contiguous_,2.97246999319,2.91679763574,0.00924128107727,7,11,ok,
old,direct,fft,complex128,4095,1,contiguous,,direct_fft_complex128_4095_1_contiguous_,0.037727303528,0.0373404959481,0.000360013572058,7,359,ok,
old,direct,fft,complex128,4095,2,contiguous,,direct_fft_complex128_4095_2_contiguous_,0.0497844448546,0.049608059926,0.000104794744402,7,200,ok,
old,direct,fft,complex128,4095,4,contiguous,,direct_fft_complex128_4095_4_contiguous_,0.090401119669,0.0901810498908,0.000203184899874,7,200,ok,
old,direct,fft,complex128,4095,8,contiguous,,direct_fft_complex128_4095_8_contiguous_,0.172053633964,0.170235551797,0.000717502954448,7,145,ok,
old,direct,fft,complex128,4095,16,contiguous,,direct_fft_complex128_4095_16_contiguous_,0.330571514693,0.329138256446,0.000236269615188,7,74,ok,
old,direct,fft,complex128,4095,32,contiguous,,direct_fft_complex128_4095_32_contiguous_,0.653388252249,0.651029247092,0.00182195217349,7,20,ok,
old,direct,fft,complex128,4095,64,contiguous,,direct_fft_complex128_4095_64_contiguous_,1.29056014703,1.28440289991,0.00227780546993,7,20,ok,
old,direct,fft,complex128,4095,256,contiguous,,direct_fft_complex128_4095_256_contiguous_,5.39586283655,5.36774599459,0.0281168419557,7,6,ok,
old,direct,fft,complex128,4096,1,contiguous,,direct_fft_complex128_4096_1_contiguous_,0.0315932866342,0.0312744288668,0.000179948780191,7,429,ok,
old,direct,fft,complex128,4096,2,contiguous,,direct_fft_complex128_4096_2_contiguous_,0.0413506798213,0.040907485527,0.000175830209628,7,200,ok,
old,direct,fft,complex128,4096,4,contiguous,,direct_fft_complex128_4096_4_contiguous_,0.0759479898261,0.0750543351751,0.000203595263883,7,200,ok,
old,direct,fft,complex128,4096,8,contiguous,,direct_fft_complex128_4096_8_contiguous_,0.137580406726,0.13651107872,0.000222344714412,7,177,ok,
old,direct,fft,complex128,4096,16,contiguous,,direct_fft_complex128_4096_16_contiguous_,0.266841282491,0.264246130625,0.000722467160338,7,92,ok,
old,direct,fft,complex128,4096,32,contiguous,,direct_fft_complex128_4096_32_contiguous_,0.535039254464,0.532940303674,0.00209895079024,7,20,ok,
old,direct,fft,complex128,4096,64,contiguous,,direct_fft_complex128_4096_64_contiguous_,1.02517199703,1.01435240358,0.00327419838868,7,20,ok,
old,direct,fft,complex128,4096,256,contiguous,,direct_fft_complex128_4096_256_contiguous_,4.53744842006,4.37687528652,0.148089286605,7,7,ok,
old,direct,fft,complex128,4097,1,contiguous,,direct_fft_complex128_4097_1_contiguous_,0.181573160519,0.180952053674,0.000495374743038,5,131,ok,
old,direct,fft,complex128,4097,2,contiguous,,direct_fft_complex128_4097_2_contiguous_,0.214643435131,0.211709051624,0.000756221990555,5,117,ok,
old,direct,fft,complex128,4097,4,contiguous,,direct_fft_complex128_4097_4_contiguous_,0.350800332735,0.350079522806,0.000640058188119,5,69,ok,
old,direct,fft,complex128,4097,8,contiguous,,direct_fft_complex128_4097_8_contiguous_,0.627139736408,0.623764105656,0.00337563075223,5,38,ok,
old,direct,fft,complex128,4097,16,contiguous,,direct_fft_complex128_4097_16_contiguous_,1.17850360111,1.17496390012,0.000813498627394,5,20,ok,
old,direct,fft,complex128,4097,32,contiguous,,direct_fft_complex128_4097_32_contiguous_,2.2962972677,2.29031119961,0.00226766957591,5,15,ok,
old,direct,fft,complex128,4097,64,contiguous,,direct_fft_complex128_4097_64_contiguous_,4.52350470836,4.50467885405,0.0188258543078,5,7,ok,
old,direct,fft,complex128,4097,256,contiguous,,direct_fft_complex128_4097_256_contiguous_,18.2088990696,18.1746339658,0.0342651037499,5,1,ok,
old,direct,fft,complex128,4608,1,contiguous,,direct_fft_complex128_4608_1_contiguous_,0.0336183951003,0.0333570950897,0.000162359792739,5,200,ok,
old,direct,fft,complex128,4608,2,contiguous,,direct_fft_complex128_4608_2_contiguous_,0.0412401149515,0.0409942446277,0.000188359990716,5,200,ok,
old,direct,fft,complex128,4608,4,contiguous,,direct_fft_complex128_4608_4_contiguous_,0.0711191847222,0.0704657449387,0.000275325146504,5,200,ok,
old,direct,fft,complex128,4608,8,contiguous,,direct_fft_complex128_4608_8_contiguous_,0.133572518826,0.133388383767,8.44860600459e-05,5,185,ok,
old,direct,fft,complex128,4608,16,contiguous,,direct_fft_complex128_4608_16_contiguous_,0.256060803076,0.252521550283,0.00151990097947,5,20,ok,
old,direct,fft,complex128,4608,32,contiguous,,direct_fft_complex128_4608_32_contiguous_,0.499970500823,0.493361405097,0.00187504920177,5,20,ok,
old,direct,fft,complex128,4608,64,contiguous,,direct_fft_complex128_4608_64_contiguous_,1.00571945077,1.00374019821,0.000625697430223,5,20,ok,
old,direct,fft,complex128,4608,256,contiguous,,direct_fft_complex128_4608_256_contiguous_,4.25350719597,4.23840640578,0.0142392003909,5,5,ok,
old,direct,fft,complex128,8192,1,contiguous,,direct_fft_complex128_8192_1_contiguous_,0.0677365448792,0.0674435851397,0.000218619825318,5,200,ok,
old,direct,fft,complex128,8192,2,contiguous,,direct_fft_complex128_8192_2_contiguous_,0.0826658849837,0.0821454951074,6.7480141297e-05,5,200,ok,
old,direct,fft,complex128,8192,4,contiguous,,direct_fft_complex128_8192_4_contiguous_,0.15233276863,0.151478950283,0.000434013054473,5,160,ok,
old,direct,fft,complex128,8192,8,contiguous,,direct_fft_complex128_8192_8_contiguous_,0.290808545393,0.289148523819,0.00106132735477,5,86,ok,
old,direct,fft,complex128,8192,16,contiguous,,direct_fft_complex128_8192_16_contiguous_,0.561284797732,0.553300051251,0.00328324967995,5,20,ok,
old,direct,fft,complex128,8192,32,contiguous,,direct_fft_complex128_8192_32_contiguous_,1.10747829895,1.09938490205,0.00397909898311,5,20,ok,
old,direct,fft,complex128,8192,64,contiguous,,direct_fft_complex128_8192_64_contiguous_,2.22342446602,2.21986500546,0.00253620091826,5,15,ok,
old,direct,fft,complex128,8192,256,contiguous,,direct_fft_complex128_8192_256_contiguous_,11.337752648,11.1729016838,0.164850964211,5,3,ok,
old,direct,fft,complex128,16384,1,contiguous,,direct_fft_complex128_16384_1_contiguous_,0.133388157113,0.132787971381,8.955019725e-05,5,178,ok,
old,direct,fft,complex128,16384,2,contiguous,,direct_fft_complex128_16384_2_contiguous_,0.161181489981,0.159369180785,0.000627973935748,5,149,ok,
old,direct,fft,complex128,16384,4,contiguous,,direct_fft_complex128_16384_4_contiguous_,0.303282399545,0.298210987239,0.0010492381989,5,80,ok,
old,direct,fft,complex128,16384,8,contiguous,,direct_fft_complex128_16384_8_contiguous_,0.583929452114,0.579215947073,0.00471350504085,5,20,ok,
old,direct,fft,complex128,16384,16,contiguous,,direct_fft_complex128_16384_16_contiguous_,1.17249615141,1.13432495273,0.026793545112,5,20,ok,
old,direct,fft,complex128,16384,32,contiguous,,direct_fft_complex128_16384_32_contiguous_,2.27926347094,2.26305259857,0.0101206048081,5,15,ok,
old,direct,fft,complex128,16384,64,contiguous,,direct_fft_complex128_16384_64_contiguous_,4.79261350119,4.76600949575,0.00225933035836,5,6,ok,
old,direct,fft,complex128,16384,256,contiguous,,direct_fft_complex128_16384_256_contiguous_,25.849456084,25.7178739412,0.105111044832,5,1,ok,
old,direct,fft,complex128,32768,1,contiguous,,direct_fft_complex128_32768_1_contiguous_,0.301912365901,0.30015742622,0.00152474399883,5,82,ok,
old,direct,fft,complex128,32768,2,contiguous,,direct_fft_complex128_32768_2_contiguous_,0.342858240376,0.33952273153,0.000161297527522,5,71,ok,
old,direct,fft,complex128,32768,4,contiguous,,direct_fft_complex128_32768_4_contiguous_,0.647133350139,0.645109498873,0.000450346851721,5,20,ok,
old,direct,fft,complex128,32768,8,contiguous,,direct_fft_complex128_32768_8_contiguous_,2.02614619047,2.0057273141,0.0148745602928,5,16,ok,
old,direct,fft,complex128,32768,16,contiguous,,direct_fft_complex128_32768_16_contiguous_,3.99998399371,3.9264576335,0.00276650825981,5,8,ok,
old,direct,fft,complex128,32768,32,contiguous,,direct_fft_complex128_32768_32_contiguous_,8.20272925193,8.10986498254,0.0134932342917,5,4,ok,
old,direct,fft,complex128,32768,64,contiguous,,direct_fft_complex128_32768_64_contiguous_,14.3863120466,14.3086139578,0.0776980887167,5,2,ok,
old,direct,fft,complex128,32768,256,contiguous,,direct_fft_complex128_32768_256_contiguous_,84.8645830993,84.0118580963,0.188378966413,5,1,ok,
old,direct,fft,complex128,65536,1,contiguous,,direct_fft_complex128_65536_1_contiguous_,1.1810725031,1.17866544751,0.00115769798867,5,20,ok,
old,direct,fft,complex128,65536,2,contiguous,,direct_fft_complex128_65536_2_contiguous_,0.879421347054,0.869110197527,0.0051156966947,5,20,ok,
old,direct,fft,complex128,65536,4,contiguous,,direct_fft_complex128_65536_4_contiguous_,1.5651111491,1.55865485431,0.00387735199183,5,20,ok,
old,direct,fft,complex128,65536,8,contiguous,,direct_fft_complex128_65536_8_contiguous_,3.0379821758,3.02073290699,0.00176889906553,5,11,ok,
old,direct,fft,complex128,65536,16,contiguous,,direct_fft_complex128_65536_16_contiguous_,6.0063285986,5.93199678697,0.0277712009847,5,5,ok,
old,direct,fft,complex128,65536,32,contiguous,,direct_fft_complex128_65536_32_contiguous_,14.176677505,13.7506405008,0.105371000245,5,2,ok,
old,direct,fft,complex128,65536,64,contiguous,,direct_fft_complex128_65536_64_contiguous_,27.3415279808,27.2185129579,0.0624200329185,5,1,ok,
old,direct,fft,complex128,65536,256,contiguous,,direct_fft_complex128_65536_256_contiguous_,106.942352024,106.034051976,0.555698061362,5,1,ok,
old,direct,ifft,complex64,64,1,contiguous,,direct_ifft_complex64_64_1_contiguous_,0.00436040850983,0.00431818949748,1.64845297635e-05,7,1356,ok,
old,direct,ifft,complex64,64,2,contiguous,,direct_ifft_complex64_64_2_contiguous_,0.00480823003454,0.00479445350356,4.4385669753e-06,7,2000,ok,
old,direct,ifft,complex64,64,4,contiguous,,direct_ifft_complex64_64_4_contiguous_,0.00514201598708,0.00509907898959,1.89210404642e-05,7,2000,ok,
old,direct,ifft,complex64,64,8,contiguous,,direct_ifft_complex64_64_8_contiguous_,0.00560024082939,0.0055693620105,3.0046980684e-05,7,1939,ok,
old,direct,ifft,complex64,64,16,contiguous,,direct_ifft_complex64_64_16_contiguous_,0.00665147404387,0.00663228815559,1.39647935349e-05,7,1846,ok,
old,direct,ifft,complex64,64,32,contiguous,,direct_ifft_complex64_64_32_contiguous_,0.00869990034465,0.00866492280411,9.9062907322e-06,7,1515,ok,
old,direct,ifft,complex64,64,64,contiguous,,direct_ifft_complex64_64_64_contiguous_,0.0125200708147,0.0124675232797,1.73238789389e-05,7,1074,ok,
old,direct,ifft,complex64,64,256,contiguous,,direct_ifft_complex64_64_256_contiguous_,0.0358582648914,0.0357709999662,8.72649252415e-05,7,200,ok,
old,direct,ifft,complex64,256,1,contiguous,,direct_ifft_complex64_256_1_contiguous_,0.00591278701365,0.00589508386022,1.00035733953e-05,7,1944,ok,
old,direct,ifft,complex64,256,2,contiguous,,direct_ifft_complex64_256_2_contiguous_,0.00731996260583,0.00731300764134,4.15384845688e-06,7,1710,ok,
old,direct,ifft,complex64,256,4,contiguous,,direct_ifft_complex64_256_4_contiguous_,0.00709162478697,0.00706218558742,1.65853894376e-05,7,1703,ok,
old,direct,ifft,complex64,256,8,contiguous,,direct_ifft_complex64_256_8_contiguous_,0.00907550729288,0.00907150669056,4.00060232271e-06,7,1425,ok,
old,direct,ifft,complex64,256,16,contiguous,,direct_ifft_complex64_256_16_contiguous_,0.0127765333172,0.0127647140689,1.18192483262e-05,7,1035,ok,
old,direct,ifft,complex64,256,32,contiguous,,direct_ifft_complex64_256_32_contiguous_,0.0204987550387,0.0204382353695,4.57401620224e-05,7,200,ok,
old,direct,ifft,complex64,256,64,contiguous,,direct_ifft_complex64_256_64_contiguous_,0.0361389497994,0.0360635545803,7.53451604396e-05,7,200,ok,
old,direct,ifft,complex64,256,256,contiguous,,direct_ifft_complex64_256_256_contiguous_,0.129842649199,0.129511073373,0.000151911023907,7,191,ok,
old,direct,ifft,complex64,1024,1,contiguous,,direct_ifft_complex64_1024_1_contiguous_,0.0119613175713,0.0119045581297,2.45843383529e-05,7,1102,ok,
old,direct,ifft,complex64,1024,2,contiguous,,direct_ifft_complex64_1024_2_contiguous_,0.0183013502928,0.0182508208257,4.52131674695e-05,7,714,ok,
old,direct,ifft,complex64,1024,4,contiguous,,direct_ifft_complex64_1024_4_contiguous_,0.0153816219001,0.0153070201657,4.448518755e-05,7,841,ok,
old,direct,ifft,complex64,1024,8,contiguous,,direct_ifft_complex64_1024_8_contiguous_,0.0250173103996,0.0247106753523,0.000306635047309,7,200,ok,
old,direct,ifft,complex64,1024,16,contiguous,,direct_ifft_complex64_1024_16_contiguous_,0.043522065389,0.0429770746268,0.000276280334219,7,200,ok,
old,direct,ifft,complex64,1024,32,contiguous,,direct_ifft_complex64_1024_32_contiguous_,0.0802330003353,0.0795300601749,0.000114620779641,7,200,ok,
old,direct,ifft,complex64,1024,64,contiguous,,direct_ifft_complex64_1024_64_contiguous_,0.153112925882,0.153028876176,3.9888775827e-05,7,162,ok,
old,direct,ifft,complex64,1024,256,contiguous,,direct_ifft_complex64_1024_256_contiguous_,0.589613249758,0.587343447842,0.0013911514543,7,20,ok,
old,direct,ifft,complex64,2048,1,contiguous,,direct_ifft_complex64_2048_1_contiguous_,0.021098785544,0.0209436086568,0.000155176887222,7,639,ok,
old,direct,ifft,complex64,2048,2,contiguous,,direct_ifft_complex64_2048_2_contiguous_,0.0346346076934,0.0345705661411,4.4990241911e-05,7,408,ok,
old,direct,ifft,complex64,2048,4,contiguous,,direct_ifft_complex64_2048_4_contiguous_,0.0297883996973,0.0293579802383,0.000164915109053,7,200,ok,
old,direct,ifft,complex64,2048,8,contiguous,,direct_ifft_complex64_2048_8_contiguous_,0.050744569744,0.050292959786,0.000224980176426,7,200,ok,
old,direct,ifft,complex64,2048,16,contiguous,,direct_ifft_complex64_2048_16_contiguous_,0.0925876351539,0.0919980148319,0.000209250138141,7,200,ok,
old,direct,ifft,complex64,2048,32,contiguous,,direct_ifft_complex64_2048_32_contiguous_,0.176863578547,0.176141564901,0.000155007001013,7,140,ok,
old,direct,ifft,complex64,2048,64,contiguous,,direct_ifft_complex64_2048_64_contiguous_,0.350291799987,0.349337002262,0.000700348755345,7,20,ok,
old,direct,ifft,complex64,2048,256,contiguous,,direct_ifft_complex64_2048_256_contiguous_,1.40509529738,1.3846969523,0.0180778966751,7,20,ok,
old,direct,ifft,complex64,3072,1,contiguous,,direct_ifft_complex64_3072_1_contiguous_,0.032691621112,0.0325130471302,0.000111602575463,7,425,ok,
old,direct,ifft,complex64,3072,2,contiguous,,direct_ifft_complex64_3072_2_contiguous_,0.0569942750735,0.0560659100302,0.000392444781028,7,200,ok,
old,direct,ifft,complex64,3072,4,contiguous,,direct_ifft_complex64_3072_4_contiguous_,0.0402448704699,0.0400763499783,0.000154994777404,7,200,ok,
old,direct,ifft,complex64,3072,8,contiguous,,direct_ifft_complex64_3072_8_contiguous_,0.0712494895561,0.0709153496427,0.000183504307643,7,200,ok,
old,direct,ifft,complex64,3072,16,contiguous,,direct_ifft_complex64_3072_16_contiguous_,0.132351925094,0.131310529653,0.000124032121092,7,187,ok,
old,direct,ifft,complex64,3072,32,contiguous,,direct_ifft_complex64_3072_32_contiguous_,0.256432499737,0.250701600453,0.0033013522625,7,20,ok,
old,direct,ifft,complex64,3072,64,contiguous,,direct_ifft_complex64_3072_64_contiguous_,0.492841901723,0.489313702565,0.00197124900296,7,20,ok,
old,direct,ifft,complex64,3072,256,contiguous,,direct_ifft_complex64_3072_256_contiguous_,1.91848038877,1.91360105398,0.00303688769539,7,18,ok,
old,direct,ifft,complex64,3584,1,contiguous,,direct_ifft_complex64_3584_1_contiguous_,0.0360762793942,0.0358019017941,7.98881569124e-05,7,376,ok,
old,direct,ifft,complex64,3584,2,contiguous,,direct_ifft_complex64_3584_2_contiguous_,0.062521059881,0.062370065134,9.6180010587e-05,7,200,ok,
old,direct,ifft,complex64,3584,4,contiguous,,direct_ifft_complex64_3584_4_contiguous_,0.0443316053133,0.0441027700435,0.000191514845937,7,200,ok,
old,direct,ifft,complex64,3584,8,contiguous,,direct_ifft_complex64_3584_8_contiguous_,0.0781328999437,0.0778068747604,0.00012363481801,7,200,ok,
old,direct,ifft,complex64,3584,16,contiguous,,direct_ifft_complex64_3584_16_contiguous_,0.144640259061,0.144302317708,0.000337941352935,7,170,ok,
old,direct,ifft,complex64,3584,32,contiguous,,direct_ifft_complex64_3584_32_contiguous_,0.281023897696,0.280729297083,0.000294600613415,7,20,ok,
old,direct,ifft,complex64,3584,64,contiguous,,direct_ifft_complex64_3584_64_contiguous_,0.550974148791,0.548791501205,0.00102345366031,7,20,ok,
old,direct,ifft,complex64,3584,256,contiguous,,direct_ifft_complex64_3584_256_contiguous_,2.17256892938,2.1661566648,0.00389200480034,7,15,ok,
old,direct,ifft,complex64,4095,1,contiguous,,direct_ifft_complex64_4095_1_contiguous_,0.0510080592465,0.050872988585,0.000102607171155,7,270,ok,
old,direct,ifft,complex64,4095,2,contiguous,,direct_ifft_complex64_4095_2_contiguous_,0.0932451401604,0.0923890050035,0.000174129963852,7,200,ok,
old,direct,ifft,complex64,4095,4,contiguous,,direct_ifft_complex64_4095_4_contiguous_,0.0652977952268,0.065150570008,2.18901550397e-05,7,200,ok,
old,direct,ifft,complex64,4095,8,contiguous,,direct_ifft_complex64_4095_8_contiguous_,0.119223325164,0.118340445333,0.000152344582602,7,200,ok,
old,direct,ifft,complex64,4095,16,contiguous,,direct_ifft_complex64_4095_16_contiguous_,0.225576990788,0.224759008676,0.000398375367353,7,109,ok,
old,direct,ifft,complex64,4095,32,contiguous,,direct_ifft_complex64_4095_32_contiguous_,0.445295852842,0.443382153753,0.000754452776164,7,20,ok,
old,direct,ifft,complex64,4095,64,contiguous,,direct_ifft_complex64_4095_64_contiguous_,0.873917347053,0.867380900308,0.00103500206023,7,20,ok,
old,direct,ifft,complex64,4095,256,contiguous,,direct_ifft_complex64_4095_256_contiguous_,3.45670430688,3.43259939691,0.0211923965253,7,10,ok,
old,direct,ifft,complex64,4096,1,contiguous,,direct_ifft_complex64_4096_1_contiguous_,0.0438737127209,0.0436573646091,0.000160370743082,7,310,ok,
old,direct,ifft,complex64,4096,2,contiguous,,direct_ifft_complex64_4096_2_contiguous_,0.0782059849007,0.0780992850196,9.3774870038e-05,7,200,ok,
old,direct,ifft,complex64,4096,4,contiguous,,direct_ifft_complex64_4096_4_contiguous_,0.0558397301938,0.0555710651679,7.81996641308e-05,7,200,ok,
old,direct,ifft,complex64,4096,8,contiguous,,direct_ifft_complex64_4096_8_contiguous_,0.100345514948,0.0998682546197,0.000459725270048,7,200,ok,
old,direct,ifft,complex64,4096,16,contiguous,,direct_ifft_complex64_4096_16_contiguous_,0.187512454542,0.187049522841,0.000462931700785,7,132,ok,
old,direct,ifft,complex64,4096,32,contiguous,,direct_ifft_complex64_4096_32_contiguous_,0.366954051424,0.365348497871,0.000652752351016,7,20,ok,
old,direct,ifft,complex64,4096,64,contiguous,,direct_ifft_complex64_4096_64_contiguous_,0.725815701298,0.719395995839,0.000441848533228,7,20,ok,
old,direct,ifft,complex64,4096,256,contiguous,,direct_ifft_complex64_4096_256_contiguous_,2.83822208682,2.82491500063,0.00424549216405,7,12,ok,
old,direct,ifft,complex64,4097,1,contiguous,,direct_ifft_complex64_4097_1_contiguous_,0.268626755052,0.26834711122,0.000279643831568,5,90,ok,
old,direct,ifft,complex64,4097,2,contiguous,,direct_ifft_complex64_4097_2_contiguous_,0.436550420872,0.434925228259,0.000420963930848,5,57,ok,
old,direct,ifft,complex64,4097,4,contiguous,,direct_ifft_complex64_4097_4_contiguous_,0.256352723536,0.254979371985,0.000896935470085,5,94,ok,
old,direct,ifft,complex64,4097,8,contiguous,,direct_ifft_complex64_4097_8_contiguous_,0.409961169017,0.409466830098,0.000494338919298,5,59,ok,
old,direct,ifft,complex64,4097,16,contiguous,,direct_ifft_complex64_4097_16_contiguous_,0.719722098438,0.717142701615,0.000829598866403,5,20,ok,
old,direct,ifft,complex64,4097,32,contiguous,,direct_ifft_complex64_4097_32_contiguous_,1.35516815353,1.33012650185,0.0160395982675,5,20,ok,
old,direct,ifft,complex64,4097,64,contiguous,,direct_ifft_complex64_4097_64_contiguous_,2.5833976867,2.57692153816,0.00647614853313,5,13,ok,
old,direct,ifft,complex64,4097,256,contiguous,,direct_ifft_complex64_4097_256_contiguous_,9.93376132101,9.90802197096,0.0257393500457,5,3,ok,
old,direct,ifft,complex64,4608,1,contiguous,,direct_ifft_complex64_4608_1_contiguous_,0.0487922999309,0.0486671150429,0.00012518488802,5,200,ok,
old,direct,ifft,complex64,4608,2,contiguous,,direct_ifft_complex64_4608_2_contiguous_,0.0878615299007,0.0872791750589,0.000266654533334,5,200,ok,
old,direct,ifft,complex64,4608,4,contiguous,,direct_ifft_complex64_4608_4_contiguous_,0.0571261299774,0.0569959299173,8.85699409992e-05,5,200,ok,
old,direct,ifft,complex64,4608,8,contiguous,,direct_ifft_complex64_4608_8_contiguous_,0.101360245026,0.100948064937,8.31100624055e-05,5,200,ok,
old,direct,ifft,complex64,4608,16,contiguous,,direct_ifft_complex64_4608_16_contiguous_,0.192168098874,0.189753499581,0.000763952266425,5,20,ok,
old,direct,ifft,complex64,4608,32,contiguous,,direct_ifft_complex64_4608_32_contiguous_,0.371775747044,0.367474101949,0.00273975310847,5,20,ok,
old,direct,ifft,complex64,4608,64,contiguous,,direct_ifft_complex64_4608_64_contiguous_,0.726077699801,0.72083575069,0.00185155076906,5,20,ok,
old,direct,ifft,complex64,4608,256,contiguous,,direct_ifft_complex64_4608_256_contiguous_,2.83988018055,2.83463019878,0.00350077170879,5,5,ok,
old,direct,ifft,complex64,8192,1,contiguous,,direct_ifft_complex64_8192_1_contiguous_,0.0878442497924,0.0877070851857,0.000137164606713,5,200,ok,
old,direct,ifft,complex64,8192,2,contiguous,,direct_ifft_complex64_8192_2_contiguous_,0.162249097747,0.161994033298,0.000115706177514,5,153,ok,
old,direct,ifft,complex64,8192,4,contiguous,,direct_ifft_complex64_8192_4_contiguous_,0.108017685125,0.107702679816,4.1174935177e-05,5,200,ok,
old,direct,ifft,complex64,8192,8,contiguous,,direct_ifft_complex64_8192_8_contiguous_,0.200775086212,0.198819550803,0.00161647349303,5,127,ok,
old,direct,ifft,complex64,8192,16,contiguous,,direct_ifft_complex64_8192_16_contiguous_,0.386361050187,0.384068646235,0.00229240395129,5,20,ok,
old,direct,ifft,complex64,8192,32,contiguous,,direct_ifft_complex64_8192_32_contiguous_,0.754774897359,0.751130451681,0.00364444567822,5,20,ok,
old,direct,ifft,complex64,8192,64,contiguous,,direct_ifft_complex64_8192_64_contiguous_,1.49852629984,1.49619435542,0.00220970250666,5,20,ok,
old,direct,ifft,complex64,8192,256,contiguous,,direct_ifft_complex64_8192_256_contiguous_,5.92677700333,5.90451639146,0.0103258062154,5,5,ok,
old,direct,ifft,complex64,16384,1,contiguous,,direct_ifft_complex64_16384_1_contiguous_,0.187974799281,0.187793223617,0.000181575663961,5,130,ok,
old,direct,ifft,complex64,16384,2,contiguous,,direct_ifft_complex64_16384_2_contiguous_,0.351997872349,0.349774056979,0.000839171532009,5,70,ok,
old,direct,ifft,complex64,16384,4,contiguous,,direct_ifft_complex64_16384_4_contiguous_,0.217536547782,0.213670602019,4.46890604443e-05,5,113,ok,
old,direct,ifft,complex64,16384,8,contiguous,,direct_ifft_complex64_16384_8_contiguous_,0.406970299082,0.404603802599,0.000159349292517,5,20,ok,
old,direct,ifft,complex64,16384,16,contiguous,,direct_ifft_complex64_16384_16_contiguous_,0.788395450218,0.784299650695,0.00409579952247,5,20,ok,
old,direct,ifft,complex64,16384,32,contiguous,,direct_ifft_complex64_16384_32_contiguous_,1.54929299606,1.54328760109,0.006005394971,5,20,ok,
old,direct,ifft,complex64,16384,64,contiguous,,direct_ifft_complex64_16384_64_contiguous_,3.05724426554,3.04143591149,0.00486291140657,5,11,ok,
old,direct,ifft,complex64,16384,256,contiguous,,direct_ifft_complex64_16384_256_contiguous_,15.7387680374,15.5774860177,0.078153971117,5,2,ok,
old,direct,ifft,complex64,32768,1,contiguous,,direct_ifft_complex64_32768_1_contiguous_,0.401071734571,0.398829464878,0.00156465102918,5,60,ok,
old,direct,ifft,complex64,32768,2,contiguous,,direct_ifft_complex64_32768_2_contiguous_,0.758635873353,0.755375622248,0.00214753163164,5,32,ok,
old,direct,ifft,complex64,32768,4,contiguous,,direct_ifft_complex64_32768_4_contiguous_,0.48851565225,0.485103146639,0.00112564885058,5,20,ok,
old,direct,ifft,complex64,32768,8,contiguous,,direct_ifft_complex64_32768_8_contiguous_,0.9209058946,0.913566397503,0.00600146013312,5,20,ok,
old,direct,ifft,complex64,32768,16,contiguous,,direct_ifft_complex64_32768_16_contiguous_,2.20389052605,2.19898986785,0.00490065819273,5,15,ok,
old,direct,ifft,complex64,32768,32,contiguous,,direct_ifft_complex64_32768_32_contiguous_,3.59659845061,3.56929644477,0.0108785590985,5,9,ok,
old,direct,ifft,complex64,32768,64,contiguous,,direct_ifft_complex64_32768_64_contiguous_,7.13814876508,7.0844514994,0.0460977607872,5,4,ok,
old,direct,ifft,complex64,32768,256,contiguous,,direct_ifft_complex64_32768_256_contiguous_,28.9278189884,28.7178989965,0.114567927085,5,1,ok,
old,direct,ifft,complex64,65536,1,contiguous,,direct_ifft_complex64_65536_1_contiguous_,0.82741216917,0.825414895722,0.000620449507802,5,29,ok,
old,direct,ifft,complex64,65536,2,contiguous,,direct_ifft_complex64_65536_2_contiguous_,1.55460709939,1.55343695078,0.00117014860734,5,20,ok,
old,direct,ifft,complex64,65536,4,contiguous,,direct_ifft_complex64_65536_4_contiguous_,0.970682199113,0.963341246825,0.0034375989344,5,20,ok,
old,direct,ifft,complex64,65536,8,contiguous,,direct_ifft_complex64_65536_8_contiguous_,1.94413429263,1.93580487907,0.0028660561999,5,17,ok,
old,direct,ifft,complex64,65536,16,contiguous,,direct_ifft_complex64_65536_16_contiguous_,3.72332422477,3.68795800023,0.00880888870193,5,9,ok,
old,direct,ifft,complex64,65536,32,contiguous,,direct_ifft_complex64_65536_32_contiguous_,7.29012824013,7.26953402045,0.0152942666318,5,4,ok,
old,direct,ifft,complex64,65536,64,contiguous,,direct_ifft_complex64_65536_64_contiguous_,17.0409290004,17.0101755066,0.0307534937747,5,2,ok,
old,direct,ifft,complex64,65536,256,contiguous,,direct_ifft_complex64_65536_256_contiguous_,64.8866239935,64.6880560089,0.14772999566,5,1,ok,
old,direct,ifft,complex128,64,1,contiguous,,direct_ifft_complex128_64_1_contiguous_,0.00440978350533,0.00440465056289,3.40942171625e-06,7,1866,ok,
old,direct,ifft,complex128,64,2,contiguous,,direct_ifft_complex128_64_2_contiguous_,0.0049061664613,0.00488783197943,1.83344818652e-05,7,2000,ok,
old,direct,ifft,complex128,64,4,contiguous,,direct_ifft_complex128_64_4_contiguous_,0.00515568698756,0.00514266249957,1.09255197458e-05,7,2000,ok,
old,direct,ifft,complex128,64,8,contiguous,,direct_ifft_complex128_64_8_contiguous_,0.00585693801986,0.00583794648992,1.49185070768e-05,7,2000,ok,
old,direct,ifft,complex128,64,16,contiguous,,direct_ifft_complex128_64_16_contiguous_,0.00695285052883,0.00687947860349,3.91731809989e-05,7,1519,ok,
old,direct,ifft,complex128,64,32,contiguous,,direct_ifft_complex128_64_32_contiguous_,0.00919635002578,0.00915890566813,2.43881479231e-05,7,1283,ok,
old,direct,ifft,complex128,64,64,contiguous,,direct_ifft_complex128_64_64_contiguous_,0.013807953107,0.0137608026515,3.43071097851e-05,7,983,ok,
old,direct,ifft,complex128,64,256,contiguous,,direct_ifft_complex128_64_256_contiguous_,0.0414944498334,0.0409779197071,0.000414439709857,7,200,ok,
old,direct,ifft,complex128,256,1,contiguous,,direct_ifft_complex128_256_1_contiguous_,0.00552248599706,0.00550537853269,8.75699333847e-06,7,2000,ok,
old,direct,ifft,complex128,256,2,contiguous,,direct_ifft_complex128_256_2_contiguous_,0.00634008117615,0.00628554522766,7.37516288158e-06,7,1823,ok,
old,direct,ifft,complex128,256,4,contiguous,,direct_ifft_complex128_256_4_contiguous_,0.00749175418179,0.00747652864139,1.55424179069e-06,7,1676,ok,
old,direct,ifft,complex128,256,8,contiguous,,direct_ifft_complex128_256_8_contiguous_,0.0097821033908,0.00975218550657,9.22582890631e-06,7,1364,ok,
old,direct,ifft,complex128,256,16,contiguous,,direct_ifft_complex128_256_16_contiguous_,0.0146304936016,0.0145443044229,1.20107139644e-05,7,946,ok,
old,direct,ifft,complex128,256,32,contiguous,,direct_ifft_complex128_256_32_contiguous_,0.0240750150988,0.0240076903719,2.73500336334e-05,7,200,ok,
old,direct,ifft,complex128,256,64,contiguous,,direct_ifft_complex128_256_64_contiguous_,0.0432514504064,0.0430231099017,0.000138609320857,7,200,ok,
old,direct,ifft,complex128,256,256,contiguous,,direct_ifft_complex128_256_256_contiguous_,0.155645486427,0.155304082548,0.000111164671866,7,146,ok,
old,direct,ifft,complex128,1024,1,contiguous,,direct_ifft_complex128_1024_1_contiguous_,0.0103464788976,0.0103229314858,1.46218432136e-05,7,1182,ok,
old,direct,ifft,complex128,1024,2,contiguous,,direct_ifft_complex128_1024_2_contiguous_,0.0123544049084,0.0122426446428,1.48423419911e-05,7,1047,ok,
old,direct,ifft,complex128,1024,4,contiguous,,direct_ifft_complex128_1024_4_contiguous_,0.0185131355969,0.0184125262338,4.35008059439e-05,7,553,ok,
old,direct,ifft,complex128,1024,8,contiguous,,direct_ifft_complex128_1024_8_contiguous_,0.0323362048948,0.0323081004899,2.81044049188e-05,7,200,ok,
old,direct,ifft,complex128,1024,16,contiguous,,direct_ifft_complex128_1024_16_contiguous_,0.0575597549323,0.05740911467,0.000150640262291,7,200,ok,
old,direct,ifft,complex128,1024,32,contiguous,,direct_ifft_complex128_1024_32_contiguous_,0.106452750042,0.10630933044,8.68155620992e-05,7,200,ok,
old,direct,ifft,complex128,1024,64,contiguous,,direct_ifft_complex128_1024_64_contiguous_,0.206788261895,0.206584321982,0.000190354836315,7,118,ok,
old,direct,ifft,complex128,1024,256,contiguous,,direct_ifft_complex128_1024_256_contiguous_,0.819694047095,0.816829648102,0.00217309570871,7,20,ok,
old,direct,ifft,complex128,2048,1,contiguous,,direct_ifft_complex128_2048_1_contiguous_,0.0188069598586,0.0186694508427,7.37128998264e-05,7,672,ok,
old,direct,ifft,complex128,2048,2,contiguous,,direct_ifft_complex128_2048_2_contiguous_,0.023247743591,0.0231670663508,5.78602434609e-05,7,573,ok,
old,direct,ifft,complex128,2048,4,contiguous,,direct_ifft_complex128_2048_4_contiguous_,0.0404923397582,0.0403541751439,8.76194098964e-05,7,200,ok,
old,direct,ifft,complex128,2048,8,contiguous,,direct_ifft_complex128_2048_8_contiguous_,0.0717681250535,0.0714377948316,9.25303902477e-05,7,200,ok,
old,direct,ifft,complex128,2048,16,contiguous,,direct_ifft_complex128_2048_16_contiguous_,0.135165845039,0.133924585644,0.000547342393444,7,181,ok,
old,direct,ifft,complex128,2048,32,contiguous,,direct_ifft_complex128_2048_32_contiguous_,0.257623906994,0.256504281424,0.000816334553141,7,96,ok,
old,direct,ifft,complex128,2048,64,contiguous,,direct_ifft_complex128_2048_64_contiguous_,0.508924550377,0.505764997797,0.000763405114412,7,20,ok,
old,direct,ifft,complex128,2048,256,contiguous,,direct_ifft_complex128_2048_256_contiguous_,2.01548462792,2.00743744062,0.00220543734031,7,16,ok,
old,direct,ifft,complex128,3072,1,contiguous,,direct_ifft_complex128_3072_1_contiguous_,0.0238217558892,0.0237353249324,4.90141945558e-05,7,557,ok,
old,direct,ifft,complex128,3072,2,contiguous,,direct_ifft_complex128_3072_2_contiguous_,0.0306838052347,0.0302930601174,0.000100840697996,7,200,ok,
old,direct,ifft,complex128,3072,4,contiguous,,direct_ifft_complex128_3072_4_contiguous_,0.0518379051937,0.0516732397955,0.000120074837469,7,200,ok,
old,direct,ifft,complex128,3072,8,contiguous,,direct_ifft_complex128_3072_8_contiguous_,0.0932977400953,0.092870524968,0.000427215127274,7,200,ok,
old,direct,ifft,complex128,3072,16,contiguous,,direct_ifft_complex128_3072_16_contiguous_,0.176349500382,0.174177791147,0.000659236522754,7,144,ok,
old,direct,ifft,complex128,3072,32,contiguous,,direct_ifft_complex128_3072_32_contiguous_,0.343987852102,0.342590652872,0.000881700543687,7,20,ok,
old,direct,ifft,complex128,3072,64,contiguous,,direct_ifft_complex128_3072_64_contiguous_,0.687451654812,0.686290947488,0.00106605584733,7,20,ok,
old,direct,ifft,complex128,3072,256,contiguous,,direct_ifft_complex128_3072_256_contiguous_,2.73465133311,2.72027641768,0.0121315048697,7,12,ok,
old,direct,ifft,complex128,3584,1,contiguous,,direct_ifft_complex128_3584_1_contiguous_,0.0271733551349,0.0270167460373,0.000101123106784,7,504,ok,
old,direct,ifft,complex128,3584,2,contiguous,,direct_ifft_complex128_3584_2_contiguous_,0.0338595046196,0.0330526201287,0.000217464985326,7,200,ok,
old,direct,ifft,complex128,3584,4,contiguous,,direct_ifft_complex128_3584_4_contiguous_,0.0563621695619,0.0562289700611,0.000133199500851,7,200,ok,
old,direct,ifft,complex128,3584,8,contiguous,,direct_ifft_complex128_3584_8_contiguous_,0.103505235165,0.10299896996,0.00025603978429,7,200,ok,
old,direct,ifft,complex128,3584,16,contiguous,,direct_ifft_complex128_3584_16_contiguous_,0.196867608465,0.196280008182,0.000367662869394,7,125,ok,
old,direct,ifft,complex128,3584,32,contiguous,,direct_ifft_complex128_3584_32_contiguous_,0.384023046354,0.381357548758,0.00189154525287,7,20,ok,
old,direct,ifft,complex128,3584,64,contiguous,,direct_ifft_complex128_3584_64_contiguous_,0.761824799702,0.756045297021,0.00528654782102,7,20,ok,
old,direct,ifft,complex128,3584,256,contiguous,,direct_ifft_complex128_3584_256_contiguous_,3.14982270356,3.11655130936,0.0201555085368,7,10,ok,
old,direct,ifft,complex128,4095,1,contiguous,,direct_ifft_complex128_4095_1_contiguous_,0.0407616767561,0.0406200671001,5.52561065954e-05,7,328,ok,
old,direct,ifft,complex128,4095,2,contiguous,,direct_ifft_complex128_4095_2_contiguous_,0.0522649195045,0.0520170450909,8.44598980621e-05,7,200,ok,
old,direct,ifft,complex128,4095,4,contiguous,,direct_ifft_complex128_4095_4_contiguous_,0.0943591602845,0.0941565749235,0.000182745279744,7,200,ok,
old,direct,ifft,complex128,4095,8,contiguous,,direct_ifft_complex128_4095_8_contiguous_,0.178522827345,0.178231129074,0.000195114591943,7,139,ok,
old,direct,ifft,complex128,4095,16,contiguous,,direct_ifft_complex128_4095_16_contiguous_,0.344558862957,0.341944302407,0.000741122264976,7,73,ok,
old,direct,ifft,complex128,4095,32,contiguous,,direct_ifft_complex128_4095_32_contiguous_,0.678985496052,0.673203496262,0.00464635086246,7,20,ok,
old,direct,ifft,complex128,4095,64,contiguous,,direct_ifft_complex128_4095_64_contiguous_,1.36212994694,1.36094675399,0.00118319294415,7,20,ok,
old,direct,ifft,complex128,4095,256,contiguous,,direct_ifft_complex128_4095_256_contiguous_,5.67902882661,5.63858350506,0.014123681467,7,6,ok,
old,direct,ifft,complex128,4096,1,contiguous,,direct_ifft_complex128_4096_1_contiguous_,0.0355033628604,0.0353436555154,0.00013255724114,7,386,ok,
old,direct,ifft,complex128,4096,2,contiguous,,direct_ifft_complex128_4096_2_contiguous_,0.0445757695707,0.0442512001609,0.000121030607261,7,200,ok,
old,direct,ifft,complex128,4096,4,contiguous,,direct_ifft_complex128_4096_4_contiguous_,0.0785432301927,0.0780121202115,0.000531109981239,7,200,ok,
old,direct,ifft,complex128,4096,8,contiguous,,direct_ifft_complex128_4096_8_contiguous_,0.147250345132,0.14668504203,0.000420143589422,7,168,ok,
old,direct,ifft,complex128,4096,16,contiguous,,direct_ifft_complex128_4096_16_contiguous_,0.282677614119,0.281290193512,0.000406681051986,7,88,ok,
old,direct,ifft,complex128,4096,32,contiguous,,direct_ifft_complex128_4096_32_contiguous_,0.553093198687,0.552690395853,0.000402802834287,7,20,ok,
old,direct,ifft,complex128,4096,64,contiguous,,direct_ifft_complex128_4096_64_contiguous_,1.09178790008,1.0887085984,0.000888697104529,7,20,ok,
old,direct,ifft,complex128,4096,256,contiguous,,direct_ifft_complex128_4096_256_contiguous_,4.53967399829,4.51251513524,0.0140537075432,7,7,ok,
old,direct,ifft,complex128,4097,1,contiguous,,direct_ifft_complex128_4097_1_contiguous_,0.182040204174,0.181876712084,0.000163492090492,5,132,ok,
old,direct,ifft,complex128,4097,2,contiguous,,direct_ifft_complex128_4097_2_contiguous_,0.208467572458,0.206921290423,0.000110299039919,5,117,ok,
old,direct,ifft,complex128,4097,4,contiguous,,direct_ifft_complex128_4097_4_contiguous_,0.344758041643,0.343606820227,0.000573028551622,5,72,ok,
old,direct,ifft,complex128,4097,8,contiguous,,direct_ifft_complex128_4097_8_contiguous_,0.613468219299,0.609443951739,0.00137458385036,5,41,ok,
old,direct,ifft,complex128,4097,16,contiguous,,direct_ifft_complex128_4097_16_contiguous_,1.16098725121,1.15560399718,0.00469045480713,5,20,ok,
old,direct,ifft,complex128,4097,32,contiguous,,direct_ifft_complex128_4097_32_contiguous_,2.25781660217,2.2478155947,0.00191899792602,5,15,ok,
old,direct,ifft,complex128,4097,64,contiguous,,direct_ifft_complex128_4097_64_contiguous_,4.49562157571,4.38851028282,0.0248101340341,5,7,ok,
old,direct,ifft,complex128,4097,256,contiguous,,direct_ifft_complex128_4097_256_contiguous_,18.0065729655,17.9277939023,0.0787790631875,5,1,ok,
old,direct,ifft,complex128,4608,1,contiguous,,direct_ifft_complex128_4608_1_contiguous_,0.0350324902683,0.0349155149888,6.56256452203e-05,5,200,ok,
old,direct,ifft,complex128,4608,2,contiguous,,direct_ifft_complex128_4608_2_contiguous_,0.0426135351881,0.0421621202258,0.000220014480874,5,200,ok,
old,direct,ifft,complex128,4608,4,contiguous,,direct_ifft_complex128_4608_4_contiguous_,0.0746468047146,0.0743655703263,0.000169669510797,5,200,ok,
old,direct,ifft,complex128,4608,8,contiguous,,direct_ifft_complex128_4608_8_contiguous_,0.137154697753,0.136847352198,0.000292234325667,5,179,ok,
old,direct,ifft,complex128,4608,16,contiguous,,direct_ifft_complex128_4608_16_contiguous_,0.261124951066,0.260055949911,0.000251998426393,5,20,ok,
old,direct,ifft,complex128,4608,32,contiguous,,direct_ifft_complex128_4608_32_contiguous_,0.504825700773,0.503366452176,0.00103749916889,5,20,ok,
old,direct,ifft,complex128,4608,64,contiguous,,direct_ifft_complex128_4608_64_contiguous_,1.0211638466,1.01252944442,0.00695719500072,5,20,ok,
old,direct,ifft,complex128,4608,256,contiguous,,direct_ifft_complex128_4608_256_contiguous_,4.21649480704,4.18217119295,0.0121671939269,5,5,ok,
old,direct,ifft,complex128,8192,1,contiguous,,direct_ifft_complex128_8192_1_contiguous_,0.0720469548833,0.0716800551163,0.000287345028482,5,200,ok,
old,direct,ifft,complex128,8192,2,contiguous,,direct_ifft_complex128_8192_2_contiguous_,0.0832445395645,0.0828436750453,0.000196629553102,5,200,ok,
old,direct,ifft,complex128,8192,4,contiguous,,direct_ifft_complex128_8192_4_contiguous_,0.151967654223,0.151873278046,9.43761767337e-05,5,162,ok,
old,direct,ifft,complex128,8192,8,contiguous,,direct_ifft_complex128_8192_8_contiguous_,0.291576071822,0.290900819475,0.000435892627182,5,83,ok,
old,direct,ifft,complex128,8192,16,contiguous,,direct_ifft_complex128_8192_16_contiguous_,0.572040799307,0.571006798418,0.00103400088847,5,20,ok,
old,direct,ifft,complex128,8192,32,contiguous,,direct_ifft_complex128_8192_32_contiguous_,1.12307904637,1.1197085958,0.00337045057677,5,20,ok,
old,direct,ifft,complex128,8192,64,contiguous,,direct_ifft_complex128_8192_64_contiguous_,2.25647339442,2.25084133757,0.000852261049052,5,15,ok,
old,direct,ifft,complex128,8192,256,contiguous,,direct_ifft_complex128_8192_256_contiguous_,11.5151820355,11.3282009843,0.0309335300699,5,2,ok,
old,direct,ifft,complex128,16384,1,contiguous,,direct_ifft_complex128_16384_1_contiguous_,0.142038778037,0.14160538626,0.000261496725269,5,171,ok,
old,direct,ifft,complex128,16384,2,contiguous,,direct_ifft_complex128_16384_2_contiguous_,0.162063364807,0.161568483274,0.000224765871876,5,145,ok,
old,direct,ifft,complex128,16384,4,contiguous,,direct_ifft_complex128_16384_4_contiguous_,0.303962764232,0.303752619258,0.000210144973703,5,76,ok,
old,direct,ifft,complex128,16384,8,contiguous,,direct_ifft_complex128_16384_8_contiguous_,0.588658399647,0.587946095038,0.000712304608896,5,20,ok,
old,direct,ifft,complex128,16384,16,contiguous,,direct_ifft_complex128_16384_16_contiguous_,1.147616253,1.14471724955,0.00175130553544,5,20,ok,
old,direct,ifft,complex128,16384,32,contiguous,,direct_ifft_complex128_16384_32_contiguous_,2.28400186946,2.27499000418,0.00901186528305,5,15,ok,
old,direct,ifft,complex128,16384,64,contiguous,,direct_ifft_complex128_16384_64_contiguous_,4.81992732966,4.78722166736,0.0327056623064,5,6,ok,
old,direct,ifft,complex128,16384,256,contiguous,,direct_ifft_complex128_16384_256_contiguous_,26.1145399418,25.9738320019,0.0183951342478,5,1,ok,
old,direct,ifft,complex128,32768,1,contiguous,,direct_ifft_complex128_32768_1_contiguous_,0.317336730241,0.315730076415,0.000538846227125,5,78,ok,
old,direct,ifft,complex128,32768,2,contiguous,,direct_ifft_complex128_32768_2_contiguous_,0.34378281742,0.341302169238,0.00123374662559,5,71,ok,
old,direct,ifft,complex128,32768,4,contiguous,,direct_ifft_complex128_32768_4_contiguous_,0.645921000978,0.64416769892,0.00175330205821,5,20,ok,
old,direct,ifft,complex128,32768,8,contiguous,,direct_ifft_complex128_32768_8_contiguous_,2.01300670639,1.88950905987,0.0221904654823,5,17,ok,
old,direct,ifft,complex128,32768,16,contiguous,,direct_ifft_complex128_32768_16_contiguous_,4.08257762319,3.9718754997,0.0348024914274,5,8,ok,
old,direct,ifft,complex128,32768,32,contiguous,,direct_ifft_complex128_32768_32_contiguous_,8.17565774196,8.05044398294,0.0739507668186,5,4,ok,
old,direct,ifft,complex128,32768,64,contiguous,,direct_ifft_complex128_32768_64_contiguous_,14.3791935407,14.2889264971,0.055656535551,5,2,ok,
old,direct,ifft,complex128,32768,256,contiguous,,direct_ifft_complex128_32768_256_contiguous_,85.0023549283,84.588075988,0.314919976518,5,1,ok,
old,direct,ifft,complex128,65536,1,contiguous,,direct_ifft_complex128_65536_1_contiguous_,1.1714364269,1.1519311894,0.00861595340428,5,21,ok,
old,direct,ifft,complex128,65536,2,contiguous,,direct_ifft_complex128_65536_2_contiguous_,0.838975800434,0.833897100529,0.00469895312563,5,20,ok,
old,direct,ifft,complex128,65536,4,contiguous,,direct_ifft_complex128_65536_4_contiguous_,1.63542609662,1.62526825443,0.00247520511039,5,20,ok,
old,direct,ifft,complex128,65536,8,contiguous,,direct_ifft_complex128_65536_8_contiguous_,3.1723405933,3.15184950596,0.0131671898998,5,10,ok,
old,direct,ifft,complex128,65536,16,contiguous,,direct_ifft_complex128_65536_16_contiguous_,6.23718220741,6.19395379908,0.0432123895735,5,5,ok,
old,direct,ifft,complex128,65536,32,contiguous,,direct_ifft_complex128_65536_32_contiguous_,14.6917989478,14.6493379725,0.0411885557696,5,2,ok,
old,direct,ifft,complex128,65536,64,contiguous,,direct_ifft_complex128_65536_64_contiguous_,29.02988391,28.752024984,0.0232940074056,5,1,ok,
old,direct,ifft,complex128,65536,256,contiguous,,direct_ifft_complex128_65536_256_contiguous_,111.956995912,111.713350983,0.127623090521,5,1,ok,
old,direct,rfft,float32,64,1,contiguous,,direct_rfft_float32_64_1_contiguous_,0.00403556932763,0.00403056371456,3.86341572605e-06,7,1421,ok,
old,direct,rfft,float32,64,2,contiguous,,direct_rfft_float32_64_2_contiguous_,0.00469173298916,0.00468456948875,7.1635004133e-06,7,2000,ok,
old,direct,rfft,float32,64,4,contiguous,,direct_rfft_float32_64_4_contiguous_,0.0049461874878,0.00494463450741,1.34302536026e-06,7,2000,ok,
old,direct,rfft,float32,64,8,contiguous,,direct_rfft_float32_64_8_contiguous_,0.00541487545706,0.00541055202484,4.32343222201e-06,7,2000,ok,
old,direct,rfft,float32,64,16,contiguous,,direct_rfft_float32_64_16_contiguous_,0.0061483780155,0.00613932550186,4.11801738665e-06,7,2000,ok,
old,direct,rfft,float32,64,32,contiguous,,direct_rfft_float32_64_32_contiguous_,0.00793936958283,0.00791891260577,5.15977123034e-06,7,1602,ok,
old,direct,rfft,float32,64,64,contiguous,,direct_rfft_float32_64_64_contiguous_,0.0109996604204,0.0109781444572,6.23703203294e-06,7,1004,ok,
old,direct,rfft,float32,64,256,contiguous,,direct_rfft_float32_64_256_contiguous_,0.0302028347505,0.0300265499391,0.000137054594234,7,200,ok,
old,direct,rfft,float32,256,1,contiguous,,direct_rfft_float32_256_1_contiguous_,0.00488650903571,0.00488149950979,2.21945811063e-06,7,2000,ok,
old,direct,rfft,float32,256,2,contiguous,,direct_rfft_float32_256_2_contiguous_,0.00556999148102,0.00555534800515,9.00705344975e-06,7,2000,ok,
old,direct,rfft,float32,256,4,contiguous,,direct_rfft_float32_256_4_contiguous_,0.0064656269018,0.00645725581284,7.71526294538e-06,7,1970,ok,
old,direct,rfft,float32,256,8,contiguous,,direct_rfft_float32_256_8_contiguous_,0.00791450621891,0.00789508194173,1.94242771805e-05,7,1697,ok,
old,direct,rfft,float32,256,16,contiguous,,direct_rfft_float32_256_16_contiguous_,0.0108056982948,0.0107778362589,1.31067208479e-05,7,1246,ok,
old,direct,rfft,float32,256,32,contiguous,,direct_rfft_float32_256_32_contiguous_,0.016981199733,0.0167386396788,5.42995985597e-05,7,200,ok,
old,direct,rfft,float32,256,64,contiguous,,direct_rfft_float32_256_64_contiguous_,0.0289161852561,0.0288299197564,7.8150187619e-05,7,200,ok,
old,direct,rfft,float32,256,256,contiguous,,direct_rfft_float32_256_256_contiguous_,0.101085979841,0.100853284821,0.000232695019804,7,200,ok,
old,direct,rfft,float32,1024,1,contiguous,,direct_rfft_float32_1024_1_contiguous_,0.0075881643777,0.00758383378727,4.33059042448e-06,7,1564,ok,
old,direct,rfft,float32,1024,2,contiguous,,direct_rfft_float32_1024_2_contiguous_,0.00913422732808,0.00911452609439,1.87347951299e-05,7,1399,ok,
old,direct,rfft,float32,1024,4,contiguous,,direct_rfft_float32_1024_4_contiguous_,0.0126105171058,0.0125866587152,2.38583906564e-05,7,1052,ok,
old,direct,rfft,float32,1024,8,contiguous,,direct_rfft_float32_1024_8_contiguous_,0.0195292552235,0.0194904801901,3.87750333175e-05,7,200,ok,
old,direct,rfft,float32,1024,16,contiguous,,direct_rfft_float32_1024_16_contiguous_,0.0343184795929,0.0342228001682,8.66648042575e-05,7,200,ok,
old,direct,rfft,float32,1024,32,contiguous,,direct_rfft_float32_1024_32_contiguous_,0.0623863545479,0.0622364151059,0.000114819849841,7,200,ok,
old,direct,rfft,float32,1024,64,contiguous,,direct_rfft_float32_1024_64_contiguous_,0.116508182855,0.116326109901,0.000178245876316,7,191,ok,
old,direct,rfft,float32,1024,256,contiguous,,direct_rfft_float32_1024_256_contiguous_,0.446044752607,0.443921698024,0.000799004919827,7,20,ok,
old,direct,rfft,float32,2048,1,contiguous,,direct_rfft_float32_2048_1_contiguous_,0.0112613066997,0.0112164278982,2.08576917101e-05,7,1089,ok,
old,direct,rfft,float32,2048,2,contiguous,,direct_rfft_float32_2048_2_contiguous_,0.0148243318439,0.014798680786,2.28852679191e-05,7,880,ok,
old,direct,rfft,float32,2048,4,contiguous,,direct_rfft_float32_2048_4_contiguous_,0.023156615207,0.022977074841,4.01254510507e-05,7,200,ok,
old,direct,rfft,float32,2048,8,contiguous,,direct_rfft_float32_2048_8_contiguous_,0.0391260400647,0.0390719348798,5.41051849723e-05,7,200,ok,
old,direct,rfft,float32,2048,16,contiguous,,direct_rfft_float32_2048_16_contiguous_,0.0732636702014,0.0730076350737,0.000256035127677,7,200,ok,
old,direct,rfft,float32,2048,32,contiguous,,direct_rfft_float32_2048_32_contiguous_,0.137018819535,0.136568778882,0.000246343619818,7,172,ok,
old,direct,rfft,float32,2048,64,contiguous,,direct_rfft_float32_2048_64_contiguous_,0.264408247313,0.262309698155,0.000521045876667,7,20,ok,
old,direct,rfft,float32,2048,256,contiguous,,direct_rfft_float32_2048_256_contiguous_,1.05936765322,1.05671209749,0.00265555572696,7,20,ok,
old,direct,rfft,float32,3072,1,contiguous,,direct_rfft_float32_3072_1_contiguous_,0.0152356478793,0.0150802066995,5.36478742456e-05,7,832,ok,
old,direct,rfft,float32,3072,2,contiguous,,direct_rfft_float32_3072_2_contiguous_,0.0197463197401,0.0196112098638,5.54003054276e-05,7,200,ok,
old,direct,rfft,float32,3072,4,contiguous,,direct_rfft_float32_3072_4_contiguous_,0.0323167152237,0.0319486652734,8.70146322995e-05,7,200,ok,
old,direct,rfft,float32,3072,8,contiguous,,direct_rfft_float32_3072_8_contiguous_,0.0567461550236,0.0559323997004,0.00020919542294,7,200,ok,
old,direct,rfft,float32,3072,16,contiguous,,direct_rfft_float32_3072_16_contiguous_,0.104691344895,0.10376282502,0.000117775052786,7,200,ok,
old,direct,rfft,float32,3072,32,contiguous,,direct_rfft_float32_3072_32_contiguous_,0.197708647465,0.195693800924,0.000249996082857,7,20,ok,
old,direct,rfft,float32,3072,64,contiguous,,direct_rfft_float32_3072_64_contiguous_,0.387313350802,0.386708695441,0.000222446396947,7,20,ok,
old,direct,rfft,float32,3072,256,contiguous,,direct_rfft_float32_3072_256_contiguous_,1.53332944804,1.52525288932,0.00561627611104,7,18,ok,
old,direct,rfft,float32,3584,1,contiguous,,direct_rfft_float32_3584_1_contiguous_,0.0208690079253,0.0206922903951,9.87686528757e-05,7,627,ok,
old,direct,rfft,float32,3584,2,contiguous,,direct_rfft_float32_3584_2_contiguous_,0.0271333398996,0.0267657398945,0.000155945308506,7,200,ok,
old,direct,rfft,float32,3584,4,contiguous,,direct_rfft_float32_3584_4_contiguous_,0.0471570400987,0.0464835047023,0.000151990097947,7,200,ok,
old,direct,rfft,float32,3584,8,contiguous,,direct_rfft_float32_3584_8_contiguous_,0.0852534151636,0.0851257203612,0.000117320450954,7,200,ok,
old,direct,rfft,float32,3584,16,contiguous,,direct_rfft_float32_3584_16_contiguous_,0.160950000045,0.160102980255,6.27502182347e-05,7,148,ok,
old,direct,rfft,float32,3584,32,contiguous,,direct_rfft_float32_3584_32_contiguous_,0.309395400109,0.307304452872,0.00126539962366,7,20,ok,
old,direct,rfft,float32,3584,64,contiguous,,direct_rfft_float32_3584_64_contiguous_,0.613066949882,0.606470397906,0.00126895029098,7,20,ok,
old,direct,rfft,float32,3584,256,contiguous,,direct_rfft_float32_3584_256_contiguous_,2.43156733147,2.39659907917,0.0119469186757,7,12,ok,
old,direct,rfft,float32,4095,1,contiguous,,direct_rfft_float32_4095_1_contiguous_,0.0289495638163,0.0287828270234,0.000129295699765,7,399,ok,
old,direct,rfft,float32,4095,2,contiguous,,direct_rfft_float32_4095_2_contiguous_,0.0351374904858,0.034954889561,3.59647674486e-05,7,200,ok,
old,direct,rfft,float32,4095,4,contiguous,,direct_rfft_float32_4095_4_contiguous_,0.0620481051737,0.0618115550606,9.71846748143e-05,7,200,ok,
old,direct,rfft,float32,4095,8,contiguous,,direct_rfft_float32_4095_8_contiguous_,0.115654671758,0.115270858085,0.000212828374722,7,198,ok,
old,direct,rfft,float32,4095,16,contiguous,,direct_rfft_float32_4095_16_contiguous_,0.222976156083,0.22240065961,0.000250394404823,7,109,ok,
old,direct,rfft,float32,4095,32,contiguous,,direct_rfft_float32_4095_32_contiguous_,0.432773953071,0.431051652413,0.00119075411931,7,20,ok,
old,direct,rfft,float32,4095,64,contiguous,,direct_rfft_float32_4095_64_contiguous_,0.852025201311,0.850074453047,0.00121284974739,7,20,ok,
old,direct,rfft,float32,4095,256,contiguous,,direct_rfft_float32_4095_256_contiguous_,3.51327424869,3.4797404951,0.0248698779615,7,8,ok,
old,direct,rfft,float32,4096,1,contiguous,,direct_rfft_float32_4096_1_contiguous_,0.0193567165149,0.0192909956663,4.15333657699e-05,7,688,ok,
old,direct,rfft,float32,4096,2,contiguous,,direct_rfft_float32_4096_2_contiguous_,0.0254845997551,0.0253398751374,0.00010114046745,7,200,ok,
old,direct,rfft,float32,4096,4,contiguous,,direct_rfft_float32_4096_4_contiguous_,0.0425354350591,0.0423713203054,5.91151183471e-05,7,200,ok,
old,direct,rfft,float32,4096,8,contiguous,,direct_rfft_float32_4096_8_contiguous_,0.0750631501433,0.0748115748866,0.000106854713522,7,200,ok,
old,direct,rfft,float32,4096,16,contiguous,,direct_rfft_float32_4096_16_contiguous_,0.142977976273,0.142540833275,6.69110921167e-05,7,168,ok,
old,direct,rfft,float32,4096,32,contiguous,,direct_rfft_float32_4096_32_contiguous_,0.274455896579,0.273812649539,0.000567646929994,7,20,ok,
old,direct,rfft,float32,4096,64,contiguous,,direct_rfft_float32_4096_64_contiguous_,0.536765099969,0.534288852941,0.000917701981962,7,20,ok,
old,direct,rfft,float32,4096,256,contiguous,,direct_rfft_float32_4096_256_contiguous_,2.27588324924,2.24064941479,0.0158568339733,7,12,ok,
old,direct,rfft,float32,4097,1,contiguous,,direct_rfft_float32_4097_1_contiguous_,0.125266398346,0.12474923991,0.000103815739062,5,196,ok,
old,direct,rfft,float32,4097,2,contiguous,,direct_rfft_float32_4097_2_contiguous_,0.143969623262,0.143733528881,0.000180993640028,5,170,ok,
old,direct,rfft,float32,4097,4,contiguous,,direct_rfft_float32_4097_4_contiguous_,0.272951712404,0.272827000818,0.000104919643323,5,87,ok,
old,direct,rfft,float32,4097,8,contiguous,,direct_rfft_float32_4097_8_contiguous_,0.535182890275,0.534860290483,0.000168313272297,5,45,ok,
old,direct,rfft,float32,4097,16,contiguous,,direct_rfft_float32_4097_16_contiguous_,1.08377014985,1.08350664959,0.000263500260189,5,20,ok,
old,direct,rfft,float32,4097,32,contiguous,,direct_rfft_float32_4097_32_contiguous_,2.12108394044,2.11794800271,0.000507869117428,5,16,ok,
old,direct,rfft,float32,4097,64,contiguous,,direct_rfft_float32_4097_64_contiguous_,4.24368170622,4.23454985555,0.00777770765126,5,7,ok,
old,direct,rfft,float32,4097,256,contiguous,,direct_rfft_float32_4097_256_contiguous_,17.0655865222,16.9439645251,0.031619973015,5,2,ok,
old,direct,rfft,float32,4608,1,contiguous,,direct_rfft_float32_4608_1_contiguous_,0.0225237099221,0.022449370008,7.43399141356e-05,5,200,ok,
old,direct,rfft,float32,4608,2,contiguous,,direct_rfft_float32_4608_2_contiguous_,0.0290554552339,0.0289280101424,6.65249535814e-05,5,200,ok,
old,direct,rfft,float32,4608,4,contiguous,,direct_rfft_float32_4608_4_contiguous_,0.0495574646629,0.0494316749973,7.48399179429e-05,5,200,ok,
old,direct,rfft,float32,4608,8,contiguous,,direct_rfft_float32_4608_8_contiguous_,0.0898310850607,0.0889729999471,0.000858085113578,5,200,ok,
old,direct,rfft,float32,4608,16,contiguous,,direct_rfft_float32_4608_16_contiguous_,0.166460103355,0.165425648447,0.000271992757916,5,20,ok,
old,direct,rfft,float32,4608,32,contiguous,,direct_rfft_float32_4608_32_contiguous_,0.322106148815,0.320776097942,0.00013779499568,5,20,ok,
old,direct,rfft,float32,4608,64,contiguous,,direct_rfft_float32_4608_64_contiguous_,0.641408399679,0.637630251003,0.00377814867534,5,20,ok,
old,direct,rfft,float32,4608,256,contiguous,,direct_rfft_float32_4608_256_contiguous_,2.69107881468,2.60023160372,0.0257349805906,5,5,ok,
old,direct,rfft,float32,8192,1,contiguous,,direct_rfft_float32_8192_1_contiguous_,0.0380531948758,0.0377549254335,8.30052886158e-05,5,200,ok,
old,direct,rfft,float32,8192,2,contiguous,,direct_rfft_float32_8192_2_contiguous_,0.0498624896863,0.0497119547799,0.000150534906425,5,200,ok,
old,direct,rfft,float32,8192,4,contiguous,,direct_rfft_float32_8192_4_contiguous_,0.0884541147389,0.0882617448224,0.000192369916476,5,200,ok,
old,direct,rfft,float32,8192,8,contiguous,,direct_rfft_float32_8192_8_contiguous_,0.159008896384,0.158705006281,0.000303890102531,5,154,ok,
old,direct,rfft,float32,8192,16,contiguous,,direct_rfft_float32_8192_16_contiguous_,0.312488304917,0.311843550298,0.000644754618406,5,20,ok,
old,direct,rfft,float32,8192,32,contiguous,,direct_rfft_float32_8192_32_contiguous_,0.615374353947,0.613789801719,0.00158455222845,5,20,ok,
old,direct,rfft,float32,8192,64,contiguous,,direct_rfft_float32_8192_64_contiguous_,1.22528125066,1.22412705095,0.00115419970825,5,20,ok,
old,direct,rfft,float32,8192,256,contiguous,,direct_rfft_float32_8192_256_contiguous_,5.962465005,5.93941099942,0.00680899247527,5,5,ok,
old,direct,rfft,float32,16384,1,contiguous,,direct_rfft_float32_16384_1_contiguous_,0.0734366552206,0.0732697348576,0.000153950531967,5,200,ok,
old,direct,rfft,float32,16384,2,contiguous,,direct_rfft_float32_16384_2_contiguous_,0.0976287899539,0.0964519998524,0.000886740162969,5,200,ok,
old,direct,rfft,float32,16384,4,contiguous,,direct_rfft_float32_16384_4_contiguous_,0.176743598951,0.176073688746,0.000594311683072,5,132,ok,
old,direct,rfft,float32,16384,8,contiguous,,direct_rfft_float32_16384_8_contiguous_,0.339597451966,0.335575302597,0.00402214936912,5,20,ok,
old,direct,rfft,float32,16384,16,contiguous,,direct_rfft_float32_16384_16_contiguous_,0.638743850868,0.637600652408,0.00114319846034,5,20,ok,
old,direct,rfft,float32,16384,32,contiguous,,direct_rfft_float32_16384_32_contiguous_,1.28583154874,1.26880614553,0.0144279038068,5,20,ok,
old,direct,rfft,float32,16384,64,contiguous,,direct_rfft_float32_16384_64_contiguous_,2.71358541795,2.68329767277,0.0302877451759,5,12,ok,
old,direct,rfft,float32,16384,256,contiguous,,direct_rfft_float32_16384_256_contiguous_,17.5326899625,17.3663049936,0.166384968907,5,1,ok,
old,direct,rfft,float32,32768,1,contiguous,,direct_rfft_float32_32768_1_contiguous_,0.150532993781,0.149374244173,0.00115874960708,5,156,ok,
old,direct,rfft,float32,32768,2,contiguous,,direct_rfft_float32_32768_2_contiguous_,0.194906043665,0.193621929563,0.00128411410148,5,114,ok,
old,direct,rfft,float32,32768,4,contiguous,,direct_rfft_float32_32768_4_contiguous_,0.360489252489,0.357869750587,0.00261950190179,5,20,ok,
old,direct,rfft,float32,32768,8,contiguous,,direct_rfft_float32_32768_8_contiguous_,0.678718503332,0.672200100962,0.0063200481236,5,20,ok,
old,direct,rfft,float32,32768,16,contiguous,,direct_rfft_float32_32768_16_contiguous_,1.3864808483,1.3697634975,0.0167173508089,5,20,ok,
old,direct,rfft,float32,32768,32,contiguous,,direct_rfft_float32_32768_32_contiguous_,2.89997717482,2.86377900435,0.0361981704676,5,12,ok,
old,direct,rfft,float32,32768,64,contiguous,,direct_rfft_float32_32768_64_contiguous_,6.82059980463,6.61137118004,0.20922862459,5,5,ok,
old,direct,rfft,float32,32768,256,contiguous,,direct_rfft_float32_32768_256_contiguous_,37.1017410653,36.3159349654,0.349175883457,5,1,ok,
old,direct,rfft,float32,65536,1,contiguous,,direct_rfft_float32_65536_1_contiguous_,0.330999157658,0.314004200378,0.0093616711508,5,70,ok,
old,direct,rfft,float32,65536,2,contiguous,,direct_rfft_float32_65536_2_contiguous_,0.385061552515,0.383276148932,0.00169320264831,5,20,ok,
old,direct,rfft,float32,65536,4,contiguous,,direct_rfft_float32_65536_4_contiguous_,0.758294103434,0.731685449136,0.00922405160964,5,20,ok,
old,direct,rfft,float32,65536,8,contiguous,,direct_rfft_float32_65536_8_contiguous_,1.4544247475,1.4406464994,0.0105937069748,5,20,ok,
old,direct,rfft,float32,65536,16,contiguous,,direct_rfft_float32_65536_16_contiguous_,3.07079100749,3.05544980802,0.0153411994688,5,10,ok,
old,direct,rfft,float32,65536,32,contiguous,,direct_rfft_float32_65536_32_contiguous_,6.95849402109,6.89435674576,0.0464410113636,5,4,ok,
old,direct,rfft,float32,65536,64,contiguous,,direct_rfft_float32_65536_64_contiguous_,19.2990250653,18.6801070813,0.124788959511,5,1,ok,
old,direct,rfft,float32,65536,256,contiguous,,direct_rfft_float32_65536_256_contiguous_,73.7615310354,73.150967015,0.29764813371,5,1,ok,
old,direct,rfft,float64,64,1,contiguous,,direct_rfft_float64_64_1_contiguous_,0.0033558330033,0.00335339846788,1.56852183864e-06,7,2000,ok,
old,direct,rfft,float64,64,2,contiguous,,direct_rfft_float64_64_2_contiguous_,0.00386543903733,0.00383767095627,3.76702519134e-06,7,2000,ok,
old,direct,rfft,float64,64,4,contiguous,,direct_rfft_float64_64_4_contiguous_,0.00395457848208,0.00393531704322,1.92614388652e-05,7,2000,ok,
old,direct,rfft,float64,64,8,contiguous,,direct_rfft_float64_64_8_contiguous_,0.00437776948093,0.00435920502059,4.26854239777e-06,7,2000,ok,
old,direct,rfft,float64,64,16,contiguous,,direct_rfft_float64_64_16_contiguous_,0.00514098396525,0.00511412799824,1.79290072992e-05,7,2000,ok,
old,direct,rfft,float64,64,32,contiguous,,direct_rfft_float64_64_32_contiguous_,0.00644703750731,0.00640681548975,1.7428479623e-05,7,2000,ok,
old,direct,rfft,float64,64,64,contiguous,,direct_rfft_float64_64_64_contiguous_,0.00908810817573,0.00904685138304,8.53005362904e-06,7,1460,ok,
old,direct,rfft,float64,64,256,contiguous,,direct_rfft_float64_64_256_contiguous_,0.0251134950668,0.0250501703704,3.58646502718e-05,7,200,ok,
old,direct,rfft,float64,256,1,contiguous,,direct_rfft_float64_256_1_contiguous_,0.00410756998463,0.0041019844939,5.58549072593e-06,7,2000,ok,
old,direct,rfft,float64,256,2,contiguous,,direct_rfft_float64_256_2_contiguous_,0.00455140048871,0.00453031552024,1.54650188051e-05,7,2000,ok,
old,direct,rfft,float64,256,4,contiguous,,direct_rfft_float64_256_4_contiguous_,0.00524097902235,0.00520379352383,1.03445490822e-05,7,2000,ok,
old,direct,rfft,float64,256,8,contiguous,,direct_rfft_float64_256_8_contiguous_,0.00645710425055,0.00645117081832,5.93343222977e-06,7,1832,ok,
old,direct,rfft,float64,256,16,contiguous,,direct_rfft_float64_256_16_contiguous_,0.00881604266432,0.00878250760601,1.07801673831e-05,7,1501,ok,
old,direct,rfft,float64,256,32,contiguous,,direct_rfft_float64_256_32_contiguous_,0.0136692402884,0.013651860063,1.73802254722e-05,7,200,ok,
old,direct,rfft,float64,256,64,contiguous,,direct_rfft_float64_256_64_contiguous_,0.023545154836,0.0233981251949,0.000119225005619,7,200,ok,
old,direct,rfft,float64,256,256,contiguous,,direct_rfft_float64_256_256_contiguous_,0.0831893301802,0.082596350112,0.000110559631139,7,200,ok,
old,direct,rfft,float64,1024,1,contiguous,,direct_rfft_float64_1024_1_contiguous_,0.00644803357541,0.00639851865982,1.63604459131e-05,7,1934,ok,
old,direct,rfft,float64,1024,2,contiguous,,direct_rfft_float64_1024_2_contiguous_,0.00763276509225,0.00758774631717,6.78744911698e-06,7,1656,ok,
old,direct,rfft,float64,1024,4,contiguous,,direct_rfft_float64_1024_4_contiguous_,0.0105589905615,0.0104008140625,1.78702975973e-05,7,1280,ok,
old,direct,rfft,float64,1024,8,contiguous,,direct_rfft_float64_1024_8_contiguous_,0.0165784853743,0.0165116548305,5.41051849723e-05,7,200,ok,
old,direct,rfft,float64,1024,16,contiguous,,direct_rfft_float64_1024_16_contiguous_,0.0289525545668,0.0285921746399,0.000142819480971,7,200,ok,
old,direct,rfft,float64,1024,32,contiguous,,direct_rfft_float64_1024_32_contiguous_,0.053321380401,0.053283359739,3.18605452776e-05,7,200,ok,
old,direct,rfft,float64,1024,64,contiguous,,direct_rfft_float64_1024_64_contiguous_,0.101469755173,0.100118480041,0.000480510643683,7,200,ok,
old,direct,rfft,float64,1024,256,contiguous,,direct_rfft_float64_1024_256_contiguous_,0.383278698428,0.382252701093,0.00102599733509,7,20,ok,
old,direct,rfft,float64,2048,1,contiguous,,direct_rfft_float64_2048_1_contiguous_,0.010085515252,0.0100066950705,4.46426818341e-05,7,1279,ok,
old,direct,rfft,float64,2048,2,contiguous,,direct_rfft_float64_2048_2_contiguous_,0.0131631139127,0.0130261795621,4.61922059159e-05,7,1019,ok,
old,direct,rfft,float64,2048,4,contiguous,,direct_rfft_float64_2048_4_contiguous_,0.0201045052381,0.0199260096997,4.79951268062e-05,7,200,ok,
old,direct,rfft,float64,2048,8,contiguous,,direct_rfft_float64_2048_8_contiguous_,0.0354944198625,0.0352872250369,5.88101102039e-05,7,200,ok,
old,direct,rfft,float64,2048,16,contiguous,,direct_rfft_float64_2048_16_contiguous_,0.0647721451242,0.0646079349099,0.00016080448404,7,200,ok,
old,direct,rfft,float64,2048,32,contiguous,,direct_rfft_float64_2048_32_contiguous_,0.120335949353,0.120242877963,4.46042055406e-05,7,197,ok,
old,direct,rfft,float64,2048,64,contiguous,,direct_rfft_float64_2048_64_contiguous_,0.233265350107,0.232438353123,0.00023499596864,7,20,ok,
old,direct,rfft,float64,2048,256,contiguous,,direct_rfft_float64_2048_256_contiguous_,0.911795551656,0.910531100817,0.00126445083879,7,20,ok,
old,direct,rfft,float64,3072,1,contiguous,,direct_rfft_float64_3072_1_contiguous_,0.0133855004974,0.0133593673301,1.90702034871e-05,7,983,ok,
old,direct,rfft,float64,3072,2,contiguous,,direct_rfft_float64_3072_2_contiguous_,0.0167342304485,0.0166670500766,5.30056422576e-05,7,200,ok,
old,direct,rfft,float64,3072,4,contiguous,,direct_rfft_float64_3072_4_contiguous_,0.0273851701058,0.0272743601818,4.16248803958e-05,7,200,ok,
old,direct,rfft,float64,3072,8,contiguous,,direct_rfft_float64_3072_8_contiguous_,0.0481831899378,0.0480217847507,5.56546729058e-05,7,200,ok,
old,direct,rfft,float64,3072,16,contiguous,,direct_rfft_float64_3072_16_contiguous_,0.0893172551878,0.0890454900218,9.43249324337e-05,7,200,ok,
old,direct,rfft,float64,3072,32,contiguous,,direct_rfft_float64_3072_32_contiguous_,0.170584500302,0.169588049175,0.000316102523357,7,20,ok,
old,direct,rfft,float64,3072,64,contiguous,,direct_rfft_float64_3072_64_contiguous_,0.332597648958,0.332051550504,0.000176799949259,7,20,ok,
old,direct,rfft,float64,3072,256,contiguous,,direct_rfft_float64_3072_256_contiguous_,1.30561380065,1.30442199879,0.00105705112219,7,20,ok,
old,direct,rfft,float64,3584,1,contiguous,,direct_rfft_float64_3584_1_contiguous_,0.0190215647708,0.0188842657707,5.33297132074e-05,7,719,ok,
old,direct,rfft,float64,3584,2,contiguous,,direct_rfft_float64_3584_2_contiguous_,0.024186525261,0.0240148499142,9.56805888563e-05,7,200,ok,
old,direct,rfft,float64,3584,4,contiguous,,direct_rfft_float64_3584_4_contiguous_,0.0412399147172,0.0408766698092,5.66605012864e-05,7,200,ok,
old,direct,rfft,float64,3584,8,contiguous,,direct_rfft_float64_3584_8_contiguous_,0.0754179799696,0.0753176346188,0.000100345350802,7,200,ok,
old,direct,rfft,float64,3584,16,contiguous,,direct_rfft_float64_3584_16_contiguous_,0.144368128807,0.14349881271,0.000403865175158,7,171,ok,
old,direct,rfft,float64,3584,32,contiguous,,direct_rfft_float64_3584_32_contiguous_,0.277931505116,0.27695960016,0.000452401582152,7,20,ok,
old,direct,rfft,float64,3584,64,contiguous,,direct_rfft_float64_3584_64_contiguous_,0.548473896924,0.546470045811,0.00162710202858,7,20,ok,
old,direct,rfft,float64,3584,256,contiguous,,direct_rfft_float64_3584_256_contiguous_,2.20621007195,2.16778764401,0.0202534969763,7,14,ok,
old,direct,rfft,float64,4095,1,contiguous,,direct_rfft_float64_4095_1_contiguous_,0.027209556485,0.0270224477243,0.000119399403282,7,496,ok,
old,direct,rfft,float64,4095,2,contiguous,,direct_rfft_float64_4095_2_contiguous_,0.0317605049349,0.0316283549182,9.8385498859e-05,7,200,ok,
old,direct,rfft,float64,4095,4,contiguous,,direct_rfft_float64_4095_4_contiguous_,0.0559468800202,0.0557774101617,7.63952266425e-05,7,200,ok,
old,direct,rfft,float64,4095,8,contiguous,,direct_rfft_float64_4095_8_contiguous_,0.10463518498,0.10442959494,6.67752465233e-05,7,200,ok,
old,direct,rfft,float64,4095,16,contiguous,,direct_rfft_float64_4095_16_contiguous_,0.201440647199,0.200986991957,0.000221163347425,7,122,ok,
old,direct,rfft,float64,4095,32,contiguous,,direct_rfft_float64_4095_32_contiguous_,0.393079349305,0.392628501868,0.000378704862669,7,20,ok,
old,direct,rfft,float64,4095,64,contiguous,,direct_rfft_float64_4095_64_contiguous_,0.778413447551,0.777032796759,0.00097940210253,7,20,ok,
old,direct,rfft,float64,4095,256,contiguous,,direct_rfft_float64_4095_256_contiguous_,3.09147749795,3.08640979929,0.00327830202878,7,10,ok,
old,direct,rfft,float64,4096,1,contiguous,,direct_rfft_float64_4096_1_contiguous_,0.0171722570986,0.0171317362078,3.68849636972e-05,7,766,ok,
old,direct,rfft,float64,4096,2,contiguous,,direct_rfft_float64_4096_2_contiguous_,0.0220210500993,0.0219650944928,3.52697679773e-05,7,200,ok,
old,direct,rfft,float64,4096,4,contiguous,,direct_rfft_float64_4096_4_contiguous_,0.0363943295088,0.0362818647409,0.0001097045606,7,200,ok,
old,direct,rfft,float64,4096,8,contiguous,,direct_rfft_float64_4096_8_contiguous_,0.0651714054402,0.0650742248399,4.3535255827e-05,7,200,ok,
old,direct,rfft,float64,4096,16,contiguous,,direct_rfft_float64_4096_16_contiguous_,0.122285413565,0.121944811437,0.000340602127835,7,196,ok,
old,direct,rfft,float64,4096,32,contiguous,,direct_rfft_float64_4096_32_contiguous_,0.235789699946,0.234611949418,0.000377249671146,7,20,ok,
old,direct,rfft,float64,4096,64,contiguous,,direct_rfft_float64_4096_64_contiguous_,0.461997644743,0.460330449278,0.000993354478851,7,20,ok,
old,direct,rfft,float64,4096,256,contiguous,,direct_rfft_float64_4096_256_contiguous_,1.83491062489,1.83249919064,0.00148094113683,7,16,ok,
old,direct,rfft,float64,4097,1,contiguous,,direct_rfft_float64_4097_1_contiguous_,0.123666297771,0.123548550141,0.00011774763051,5,198,ok,
old,direct,rfft,float64,4097,2,contiguous,,direct_rfft_float64_4097_2_contiguous_,0.137952387784,0.137813818274,0.000138569510344,5,165,ok,
old,direct,rfft,float64,4097,4,contiguous,,direct_rfft_float64_4097_4_contiguous_,0.267197634594,0.266622022165,0.000278064880961,5,93,ok,
old,direct,rfft,float64,4097,8,contiguous,,direct_rfft_float64_4097_8_contiguous_,0.526430531147,0.525152788775,0.00115025521038,5,47,ok,
old,direct,rfft,float64,4097,16,contiguous,,direct_rfft_float64_4097_16_contiguous_,1.04582839995,1.04475179687,0.000598101178184,5,20,ok,
old,direct,rfft,float64,4097,32,contiguous,,direct_rfft_float64_4097_32_contiguous_,2.07745518856,2.07458287332,0.00119600008475,5,16,ok,
old,direct,rfft,float64,4097,64,contiguous,,direct_rfft_float64_4097_64_contiguous_,4.14839299629,4.1427747492,0.00561824708711,5,8,ok,
old,direct,rfft,float64,4097,256,contiguous,,direct_rfft_float64_4097_256_contiguous_,16.7532864725,16.5832275525,0.0148284598254,5,2,ok,
old,direct,rfft,float64,4608,1,contiguous,,direct_rfft_float64_4608_1_contiguous_,0.0204539147671,0.0203950551804,4.4604530558e-06,5,200,ok,
old,direct,rfft,float64,4608,2,contiguous,,direct_rfft_float64_4608_2_contiguous_,0.0253998895641,0.0253429799341,5.69096300751e-05,5,200,ok,
old,direct,rfft,float64,4608,4,contiguous,,direct_rfft_float64_4608_4_contiguous_,0.0431885302532,0.0431499048136,3.8625439629e-05,5,200,ok,
old,direct,rfft,float64,4608,8,contiguous,,direct_rfft_float64_4608_8_contiguous_,0.0782874401193,0.0782335898839,2.869986929e-05,5,200,ok,
old,direct,rfft,float64,4608,16,contiguous,,direct_rfft_float64_4608_16_contiguous_,0.147828599438,0.147780496627,3.8044527173e-05,5,20,ok,
old,direct,rfft,float64,4608,32,contiguous,,direct_rfft_float64_4608_32_contiguous_,0.287352449959,0.286372547271,0.000857654958963,5,20,ok,
old,direct,rfft,float64,4608,64,contiguous,,direct_rfft_float64_4608_64_contiguous_,0.565822451608,0.56333669927,0.000953348353505,5,20,ok,
old,direct,rfft,float64,4608,256,contiguous,,direct_rfft_float64_4608_256_contiguous_,2.23894140217,2.23361919634,0.00388738699257,5,5,ok,
old,direct,rfft,float64,8192,1,contiguous,,direct_rfft_float64_8192_1_contiguous_,0.0343655201141,0.034277200466,3.18099046126e-05,5,200,ok,
old,direct,rfft,float64,8192,2,contiguous,,direct_rfft_float64_8192_2_contiguous_,0.0453654746525,0.0450675550383,0.000208495184779,5,200,ok,
old,direct,rfft,float64,8192,4,contiguous,,direct_rfft_float64_8192_4_contiguous_,0.0772212602897,0.0771816348424,3.68198379874e-05,5,200,ok,
old,direct,rfft,float64,8192,8,contiguous,,direct_rfft_float64_8192_8_contiguous_,0.143845240917,0.143553295133,8.3716642336e-05,5,166,ok,
old,direct,rfft,float64,8192,16,contiguous,,direct_rfft_float64_8192_16_contiguous_,0.276366947219,0.274398247711,0.000442401506007,5,20,ok,
old,direct,rfft,float64,8192,32,contiguous,,direct_rfft_float64_8192_32_contiguous_,0.540048349649,0.53957044729,0.000477902358398,5,20,ok,
old,direct,rfft,float64,8192,64,contiguous,,direct_rfft_float64_8192_64_contiguous_,1.07161100022,1.0661350505,0.00359030091204,5,20,ok,
old,direct,rfft,float64,8192,256,contiguous,,direct_rfft_float64_8192_256_contiguous_,4.45844361093,4.38978080638,0.00661257654428,5,5,ok,
old,direct,rfft,float64,16384,1,contiguous,,direct_rfft_float64_16384_1_contiguous_,0.0680134200957,0.0676935102092,0.000319909886457,5,200,ok,
old,direct,rfft,float64,16384,2,contiguous,,direct_rfft_float64_16384_2_contiguous_,0.0886712252395,0.0885895703686,8.16548708826e-05,5,200,ok,
old,direct,rfft,float64,16384,4,contiguous,,direct_rfft_float64_16384_4_contiguous_,0.156761312436,0.156422133801,4.42289243079e-05,5,157,ok,
old,direct,rfft,float64,16384,8,contiguous,,direct_rfft_float64_16384_8_contiguous_,0.308951549232,0.305284548085,0.0011331983842,5,20,ok,
old,direct,rfft,float64,16384,16,contiguous,,direct_rfft_float64_16384_16_contiguous_,0.598835851997,0.597393600037,0.00100895413198,5,20,ok,
old,direct,rfft,float64,16384,32,contiguous,,direct_rfft_float64_16384_32_contiguous_,1.18144474691,1.18017279892,0.00127194798551,5,20,ok,
old,direct,rfft,float64,16384,64,contiguous,,direct_rfft_float64_16384_64_contiguous_,2.35904200235,2.34569942612,0.00261571923537,5,14,ok,
old,direct,rfft,float64,16384,256,contiguous,,direct_rfft_float64_16384_256_contiguous_,11.107670997,10.9438286551,0.0484659879779,5,3,ok,
old,direct,rfft,float64,32768,1,contiguous,,direct_rfft_float64_32768_1_contiguous_,0.137909735692,0.137108614957,0.000569942653522,5,174,ok,
old,direct,rfft,float64,32768,2,contiguous,,direct_rfft_float64_32768_2_contiguous_,0.176744392142,0.176021255553,7.23758712411e-05,5,125,ok,
old,direct,rfft,float64,32768,4,contiguous,,direct_rfft_float64_32768_4_contiguous_,0.322108599357,0.320195499808,0.000683852704242,5,20,ok,
old,direct,rfft,float64,32768,8,contiguous,,direct_rfft_float64_32768_8_contiguous_,0.636018649675,0.634712702595,0.0012839504052,5,20,ok,
old,direct,rfft,float64,32768,16,contiguous,,direct_rfft_float64_32768_16_contiguous_,1.24602374854,1.23706265003,0.00720524694771,5,20,ok,
old,direct,rfft,float64,32768,32,contiguous,,direct_rfft_float64_32768_32_contiguous_,2.46001268701,2.43138892648,0.0279609275122,5,13,ok,
old,direct,rfft,float64,32768,64,contiguous,,direct_rfft_float64_32768_64_contiguous_,5.035495013,4.99506781343,0.0370466150343,5,5,ok,
old,direct,rfft,float64,32768,256,contiguous,,direct_rfft_float64_32768_256_contiguous_,24.2631019792,24.1640739841,0.0961540499702,5,1,ok,
old,direct,rfft,float64,65536,1,contiguous,,direct_rfft_float64_65536_1_contiguous_,0.291693949839,0.291533887503,0.000160062336363,5,80,ok,
old,direct,rfft,float64,65536,2,contiguous,,direct_rfft_float64_65536_2_contiguous_,0.358234450687,0.355194701115,0.00160505296662,5,20,ok,
old,direct,rfft,float64,65536,4,contiguous,,direct_rfft_float64_65536_4_contiguous_,0.663507549325,0.661957095144,0.00135005102493,5,20,ok,
old,direct,rfft,float64,65536,8,contiguous,,direct_rfft_float64_65536_8_contiguous_,1.30452925223,1.3018927013,0.000514002749696,5,20,ok,
old,direct,rfft,float64,65536,16,contiguous,,direct_rfft_float64_65536_16_contiguous_,2.57579861388,2.56807469011,0.00772392377257,5,13,ok,
old,direct,rfft,float64,65536,32,contiguous,,direct_rfft_float64_65536_32_contiguous_,5.35161120351,5.32835701015,0.0232541933656,5,5,ok,
old,direct,rfft,float64,65536,64,contiguous,,direct_rfft_float64_65536_64_contiguous_,13.1152350223,12.9150794819,0.0670120352879,5,2,ok,
old,direct,rfft,float64,65536,256,contiguous,,direct_rfft_float64_65536_256_contiguous_,50.6034829887,50.4473350011,0.156147987582,5,1,ok,
old,direct,irfft,complex64,64,1,contiguous,,direct_irfft_complex64_64_1_contiguous_,0.00401089638025,0.00397378581736,8.3241467328e-06,7,1419,ok,
old,direct,irfft,complex64,64,2,contiguous,,direct_irfft_complex64_64_2_contiguous_,0.00436413404532,0.00434094003867,2.02985247597e-05,7,2000,ok,
old,direct,irfft,complex64,64,4,contiguous,,direct_irfft_complex64_64_4_contiguous_,0.00479935802286,0.0047757285065,3.65200685337e-06,7,2000,ok,
old,direct,irfft,complex64,64,8,contiguous,,direct_irfft_complex64_64_8_contiguous_,0.0052549210377,0.00524650997249,6.83293910697e-06,7,2000,ok,
old,direct,irfft,complex64,64,16,contiguous,,direct_irfft_complex64_64_16_contiguous_,0.00594718998764,0.00588319299277,2.71565513685e-05,7,2000,ok,
old,direct,irfft,complex64,64,32,contiguous,,direct_irfft_complex64_64_32_contiguous_,0.00735957283664,0.00733344930438,2.61235322603e-05,7,1765,ok,
old,direct,irfft,complex64,64,64,contiguous,,direct_irfft_complex64_64_64_contiguous_,0.00998779324655,0.00994516957247,2.81420408239e-05,7,1345,ok,
old,direct,irfft,complex64,64,256,contiguous,,direct_irfft_complex64_64_256_contiguous_,0.0265057949582,0.0264545949176,1.47800892591e-05,7,200,ok,
old,direct,irfft,complex64,256,1,contiguous,,direct_irfft_complex64_256_1_contiguous_,0.00502263347153,0.00495660753222,1.55145535246e-05,7,2000,ok,
old,direct,irfft,complex64,256,2,contiguous,,direct_irfft_complex64_256_2_contiguous_,0.0059516791485,0.00594160435087,9.42074101269e-06,7,1792,ok,
old,direct,irfft,complex64,256,4,contiguous,,direct_irfft_complex64_256_4_contiguous_,0.00606563624924,0.00603725442836,1.82462982852e-05,7,1985,ok,
old,direct,irfft,complex64,256,8,contiguous,,direct_irfft_complex64_256_8_contiguous_,0.00734016221693,0.00733293867559,7.22354134275e-06,7,1387,ok,
old,direct,irfft,complex64,256,16,contiguous,,direct_irfft_complex64_256_16_contiguous_,0.0097849754876,0.00976534993059,2.50855699977e-06,7,1386,ok,
old,direct,irfft,complex64,256,32,contiguous,,direct_irfft_complex64_256_32_contiguous_,0.0146098848199,0.014552125358,3.03098931909e-05,7,200,ok,
old,direct,irfft,complex64,256,64,contiguous,,direct_irfft_complex64_256_64_contiguous_,0.0246122397948,0.0245440547587,3.10101313516e-05,7,200,ok,
old,direct,irfft,complex64,256,256,contiguous,,direct_irfft_complex64_256_256_contiguous_,0.0846500648186,0.0842424901202,4.86901262775e-05,7,200,ok,
old,direct,irfft,complex64,1024,1,contiguous,,direct_irfft_complex64_1024_1_contiguous_,0.00827197561569,0.00822445833006,2.47544471708e-05,7,1438,ok,
old,direct,irfft,complex64,1024,2,contiguous,,direct_irfft_complex64_1024_2_contiguous_,0.0118316914129,0.0117054650894,3.27409086148e-05,7,1131,ok,
old,direct,irfft,complex64,1024,4,contiguous,,direct_irfft_complex64_1024_4_contiguous_,0.0104814983959,0.0104582751918,2.26861145054e-05,7,1268,ok,
old,direct,irfft,complex64,1024,8,contiguous,,direct_irfft_complex64_1024_8_contiguous_,0.0155584397726,0.0154393602861,4.2780302465e-05,7,200,ok,
old,direct,irfft,complex64,1024,16,contiguous,,direct_irfft_complex64_1024_16_contiguous_,0.0258675799705,0.0257206504466,6.91297464073e-05,7,200,ok,
old,direct,irfft,complex64,1024,32,contiguous,,direct_irfft_complex64_1024_32_contiguous_,0.0468387798173,0.0465470750351,0.000101595651358,7,200,ok,
old,direct,irfft,complex64,1024,64,contiguous,,direct_irfft_complex64_1024_64_contiguous_,0.0873748550657,0.0871227751486,0.000138215254992,7,200,ok,
old,direct,irfft,complex64,1024,256,contiguous,,direct_irfft_complex64_1024_256_contiguous_,0.334323901916,0.331900751917,0.001112598693,7,20,ok,
old,direct,irfft,complex64,2048,1,contiguous,,direct_irfft_complex64_2048_1_contiguous_,0.0127295510636,0.0126357243969,7.51432906724e-05,7,998,ok,
old,direct,irfft,complex64,2048,2,contiguous,,direct_irfft_complex64_2048_2_contiguous_,0.0199697973292,0.0198117802562,4.08549201621e-05,7,696,ok,
old,direct,irfft,complex64,2048,4,contiguous,,direct_irfft_complex64_2048_4_contiguous_,0.0184917246224,0.0183934398228,2.10845610127e-05,7,200,ok,
old,direct,irfft,complex64,2048,8,contiguous,,direct_irfft_complex64_2048_8_contiguous_,0.0310026598163,0.0306044053286,5.00504393131e-05,7,200,ok,
old,direct,irfft,complex64,2048,16,contiguous,,direct_irfft_complex64_2048_16_contiguous_,0.0563720945502,0.0561122002546,6.05150125921e-05,7,200,ok,
old,direct,irfft,complex64,2048,32,contiguous,,direct_irfft_complex64_2048_32_contiguous_,0.105452145217,0.104824650334,7.97549728304e-05,7,200,ok,
old,direct,irfft,complex64,2048,64,contiguous,,direct_irfft_complex64_2048_64_contiguous_,0.205879699206,0.203854398569,0.000610196730122,7,20,ok,
old,direct,irfft,complex64,2048,256,contiguous,,direct_irfft_complex64_2048_256_contiguous_,0.798606401077,0.795449846191,0.00136860180646,7,20,ok,
old,direct,irfft,complex64,3072,1,contiguous,,direct_irfft_complex64_3072_1_contiguous_,0.0180669738476,0.018015914855,5.10589925797e-05,7,728,ok,
old,direct,irfft,complex64,3072,2,contiguous,,direct_irfft_complex64_3072_2_contiguous_,0.0300313101616,0.0298282247968,0.000174734741449,7,200,ok,
old,direct,irfft,complex64,3072,4,contiguous,,direct_irfft_complex64_3072_4_contiguous_,0.0252931349678,0.0250243250048,7.1034883149e-05,7,200,ok,
old,direct,irfft,complex64,3072,8,contiguous,,direct_irfft_complex64_3072_8_contiguous_,0.043620049837,0.0434874952771,0.000132554559968,7,200,ok,
old,direct,irfft,complex64,3072,16,contiguous,,direct_irfft_complex64_3072_16_contiguous_,0.0834735750686,0.0816291046795,0.000548239913769,7,200,ok,
old,direct,irfft,complex64,3072,32,contiguous,,direct_irfft_complex64_3072_32_contiguous_,0.153178349137,0.152595195686,0.000512495171279,7,20,ok,
old,direct,irfft,complex64,3072,64,contiguous,,direct_irfft_complex64_3072_64_contiguous_,0.299795652973,0.297963153571,0.00165215460584,7,20,ok,
old,direct,irfft,complex64,3072,256,contiguous,,direct_irfft_complex64_3072_256_contiguous_,1.18006964913,1.17674830253,0.00220315414481,7,20,ok,
old,direct,irfft,complex64,3584,1,contiguous,,direct_irfft_complex64_3584_1_contiguous_,0.0233455818484,0.0231518559092,5.49736064458e-05,7,569,ok,
old,direct,irfft,complex64,3584,2,contiguous,,direct_irfft_complex64_3584_2_contiguous_,0.0400461949175,0.0397977203829,0.000168525148183,7,200,ok,
old,direct,irfft,complex64,3584,4,contiguous,,direct_irfft_complex64_3584_4_contiguous_,0.0326129299356,0.0324277754407,9.43301711231e-05,7,200,ok,
old,direct,irfft,complex64,3584,8,contiguous,,direct_irfft_complex64_3584_8_contiguous_,0.0587573845405,0.0585047050845,0.000127939274535,7,200,ok,
old,direct,irfft,complex64,3584,16,contiguous,,direct_irfft_complex64_3584_16_contiguous_,0.109119930421,0.108920499915,5.18496381119e-05,7,200,ok,
old,direct,irfft,complex64,3584,32,contiguous,,direct_irfft_complex64_3584_32_contiguous_,0.210189452628,0.209387904033,0.000349647598341,7,20,ok,
old,direct,irfft,complex64,3584,64,contiguous,,direct_irfft_complex64_3584_64_contiguous_,0.412405701354,0.411643198458,0.000391801586375,7,20,ok,
old,direct,irfft,complex64,3584,256,contiguous,,direct_irfft_complex64_3584_256_contiguous_,1.62344779819,1.6137122002,0.00973559799604,7,20,ok,
old,direct,irfft,complex64,4095,1,contiguous,,direct_irfft_complex64_4095_1_contiguous_,0.0537266842348,0.0533185701839,0.000173482732288,7,263,ok,
old,direct,irfft,complex64,4095,2,contiguous,,direct_irfft_complex64_4095_2_contiguous_,0.101085075294,0.100113970111,0.000352969509549,7,200,ok,
old,direct,irfft,complex64,4095,4,contiguous,,direct_irfft_complex64_4095_4_contiguous_,0.0722003000556,0.0719095946988,0.000218720524572,7,200,ok,
old,direct,irfft,complex64,4095,8,contiguous,,direct_irfft_complex64_4095_8_contiguous_,0.138351739022,0.137877050373,9.18943745395e-05,7,180,ok,
old,direct,irfft,complex64,4095,16,contiguous,,direct_irfft_complex64_4095_16_contiguous_,0.26649935171,0.26615286773,0.000334813024153,7,91,ok,
old,direct,irfft,complex64,4095,32,contiguous,,direct_irfft_complex64_4095_32_contiguous_,0.544986251043,0.541266653454,0.00189559650607,7,20,ok,
old,direct,irfft,complex64,4095,64,contiguous,,direct_irfft_complex64_4095_64_contiguous_,1.07748270384,1.06710240361,0.0027481932193,7,20,ok,
old,direct,irfft,complex64,4095,256,contiguous,,direct_irfft_complex64_4095_256_contiguous_,4.18912300665,4.17124899104,0.00788626493886,7,8,ok,
old,direct,irfft,complex64,4096,1,contiguous,,direct_irfft_complex64_4096_1_contiguous_,0.0231846983461,0.0230885185531,7.22538778391e-05,7,567,ok,
old,direct,irfft,complex64,4096,2,contiguous,,direct_irfft_complex64_4096_2_contiguous_,0.038984415005,0.0387812801637,0.000133899739012,7,200,ok,
old,direct,irfft,complex64,4096,4,contiguous,,direct_irfft_complex64_4096_4_contiguous_,0.033347280114,0.0331088202074,0.000132449786179,7,200,ok,
old,direct,irfft,complex64,4096,8,contiguous,,direct_irfft_complex64_4096_8_contiguous_,0.0586182746338,0.0583721551811,0.000152994762175,7,200,ok,
old,direct,irfft,complex64,4096,16,contiguous,,direct_irfft_complex64_4096_16_contiguous_,0.108121630037,0.107678684872,0.00013199984096,7,200,ok,
old,direct,irfft,complex64,4096,32,contiguous,,direct_irfft_complex64_4096_32_contiguous_,0.208801252302,0.207897549262,0.000582105712965,7,20,ok,
old,direct,irfft,complex64,4096,64,contiguous,,direct_irfft_complex64_4096_64_contiguous_,0.410110305529,0.407523347531,0.000888644717634,7,20,ok,
old,direct,irfft,complex64,4096,256,contiguous,,direct_irfft_complex64_4096_256_contiguous_,1.67142119608,1.66329719941,0.00220515066758,7,20,ok,
old,direct,irfft,complex64,4097,1,contiguous,,direct_irfft_complex64_4097_1_contiguous_,0.0234425097005,0.0232090149075,0.000130495172925,5,200,ok,
old,direct,irfft,complex64,4097,2,contiguous,,direct_irfft_complex64_4097_2_contiguous_,0.0389362795977,0.0387594400672,5.88101102039e-05,5,200,ok,
old,direct,irfft,complex64,4097,4,contiguous,,direct_irfft_complex64_4097_4_contiguous_,0.0330242596101,0.0329959049122,2.83546978608e-05,5,200,ok,
old,direct,irfft,complex64,4097,8,contiguous,,direct_irfft_complex64_4097_8_contiguous_,0.0583676446695,0.058139860048,8.16053943709e-05,5,200,ok,
old,direct,irfft,complex64,4097,16,contiguous,,direct_irfft_complex64_4097_16_contiguous_,0.107660604408,0.107254850445,0.000379193807021,5,20,ok,
old,direct,irfft,complex64,4097,32,contiguous,,direct_irfft_complex64_4097_32_contiguous_,0.208001746796,0.207684648922,0.000221404479817,5,20,ok,
old,direct,irfft,complex64,4097,64,contiguous,,direct_irfft_complex64_4097_64_contiguous_,0.409258151194,0.408665050054,0.000539550092071,5,20,ok,
old,direct,irfft,complex64,4097,256,contiguous,,direct_irfft_complex64_4097_256_contiguous_,1.66142520029,1.66058558971,0.00083961058408,5,5,ok,
old,direct,irfft,complex64,4608,1,contiguous,,direct_irfft_complex64_4608_1_contiguous_,0.027787234867,0.0275946198963,0.000111359986477,5,200,ok,
old,direct,irfft,complex64,4608,2,contiguous,,direct_irfft_complex64_4608_2_contiguous_,0.0483515602536,0.0480315496679,2.38994834945e-05,5,200,ok,
old,direct,irfft,complex64,4608,4,contiguous,,direct_irfft_complex64_4608_4_contiguous_,0.0360412604641,0.0357039703522,8.70699295774e-05,5,200,ok,
old,direct,irfft,complex64,4608,8,contiguous,,direct_irfft_complex64_4608_8_contiguous_,0.0639111048076,0.0636920897523,9.84402140602e-05,5,200,ok,
old,direct,irfft,complex64,4608,16,contiguous,,direct_irfft_complex64_4608_16_contiguous_,0.118254299741,0.117238349048,0.000588101102039,5,20,ok,
old,direct,irfft,complex64,4608,32,contiguous,,direct_irfft_complex64_4608_32_contiguous_,0.226018601097,0.224849849474,0.00116875162348,5,20,ok,
old,direct,irfft,complex64,4608,64,contiguous,,direct_irfft_complex64_4608_64_contiguous_,0.452327198582,0.451729597989,0.0005976005923,5,20,ok,
old,direct,irfft,complex64,4608,256,contiguous,,direct_irfft_complex64_4608_256_contiguous_,1.77452459466,1.76413680892,0.00433218665421,5,5,ok,
old,direct,irfft,complex64,8192,1,contiguous,,direct_irfft_complex64_8192_1_contiguous_,0.0456801749533,0.0454693695065,0.000186004908755,5,200,ok,
old,direct,irfft,complex64,8192,2,contiguous,,direct_irfft_complex64_8192_2_contiguous_,0.081549360184,0.0814664002974,8.29598866403e-05,5,200,ok,
old,direct,irfft,complex64,8192,4,contiguous,,direct_irfft_complex64_8192_4_contiguous_,0.0626047147671,0.0622092653066,0.000160704948939,5,200,ok,
old,direct,irfft,complex64,8192,8,contiguous,,direct_irfft_complex64_8192_8_contiguous_,0.112506930018,0.112167035113,0.000192715087906,5,200,ok,
old,direct,irfft,complex64,8192,16,contiguous,,direct_irfft_complex64_8192_16_contiguous_,0.214522646274,0.213477702346,0.000597100006416,5,20,ok,
old,direct,irfft,complex64,8192,32,contiguous,,direct_irfft_complex64_8192_32_contiguous_,0.418103049742,0.416565552587,0.000784499570727,5,20,ok,
old,direct,irfft,complex64,8192,64,contiguous,,direct_irfft_complex64_8192_64_contiguous_,0.825720548164,0.823801400838,0.00108404783532,5,20,ok,
old,direct,irfft,complex64,8192,256,contiguous,,direct_irfft_complex64_8192_256_contiguous_,3.33201580215,3.32765739877,0.00228639692068,5,5,ok,
old,direct,irfft,complex64,16384,1,contiguous,,direct_irfft_complex64_16384_1_contiguous_,0.095325600123,0.0950038898736,0.000321710249409,5,200,ok,
old,direct,irfft,complex64,16384,2,contiguous,,direct_irfft_complex64_16384_2_contiguous_,0.176891267799,0.176180774967,0.000253094501955,5,138,ok,
old,direct,irfft,complex64,16384,4,contiguous,,direct_irfft_complex64_16384_4_contiguous_,0.121863154927,0.121825834503,3.73204238713e-05,5,200,ok,
old,direct,irfft,complex64,16384,8,contiguous,,direct_irfft_complex64_16384_8_contiguous_,0.230993551668,0.230546749663,0.000446802005172,5,20,ok,
old,direct,irfft,complex64,16384,16,contiguous,,direct_irfft_complex64_16384_16_contiguous_,0.450084451586,0.446093850769,0.00222024973482,5,20,ok,
old,direct,irfft,complex64,16384,32,contiguous,,direct_irfft_complex64_16384_32_contiguous_,0.891574000707,0.886915100273,0.00270715099759,5,20,ok,
old,direct,irfft,complex64,16384,64,contiguous,,direct_irfft_complex64_16384_64_contiguous_,1.75656478754,1.74109320965,0.00544989751162,5,19,ok,
old,direct,irfft,complex64,16384,256,contiguous,,direct_irfft_complex64_16384_256_contiguous_,7.02386850026,6.99890099349,0.0146230158862,5,4,ok,
old,direct,irfft,complex64,32768,1,contiguous,,direct_irfft_complex64_32768_1_contiguous_,0.186670238439,0.18575572355,0.000804154059062,5,130,ok,
old,direct,irfft,complex64,32768,2,contiguous,,direct_irfft_complex64_32768_2_contiguous_,0.353568797067,0.352648493456,0.000240028147464,5,69,ok,
old,direct,irfft,complex64,32768,4,contiguous,,direct_irfft_complex64_32768_4_contiguous_,0.262572203064,0.260897004046,0.000932300463319,5,20,ok,
old,direct,irfft,complex64,32768,8,contiguous,,direct_irfft_complex64_32768_8_contiguous_,0.501220847946,0.498453050386,0.000856153201312,5,20,ok,
old,direct,irfft,complex64,32768,16,contiguous,,direct_irfft_complex64_32768_16_contiguous_,0.967680499889,0.96637950046,0.00130099942908,5,20,ok,
old,direct,irfft,complex64,32768,32,contiguous,,direct_irfft_complex64_32768_32_contiguous_,1.92550155852,1.92317155759,0.00233000092622,5,18,ok,
old,direct,irfft,complex64,32768,64,contiguous,,direct_irfft_complex64_32768_64_contiguous_,3.82947940379,3.80712300539,0.00821379944682,5,5,ok,
old,direct,irfft,complex64,32768,256,contiguous,,direct_irfft_complex64_32768_256_contiguous_,17.3222399317,17.3053479521,0.0168919796124,5,1,ok,
old,direct,irfft,complex64,65536,1,contiguous,,direct_irfft_complex64_65536_1_contiguous_,0.399454918568,0.397117508835,0.000787244300495,5,61,ok,
old,direct,irfft,complex64,65536,2,contiguous,,direct_irfft_complex64_65536_2_contiguous_,0.77149674762,0.766082946211,0.00161959906109,5,20,ok,
old,direct,irfft,complex64,65536,4,contiguous,,direct_irfft_complex64_65536_4_contiguous_,0.532843102701,0.532059103716,0.000537995947525,5,20,ok,
old,direct,irfft,complex64,65536,8,contiguous,,direct_irfft_complex64_65536_8_contiguous_,1.02500020294,1.02278649574,0.00108255189843,5,20,ok,
old,direct,irfft,complex64,65536,16,contiguous,,direct_irfft_complex64_65536_16_contiguous_,1.99842182509,1.97967493852,0.00530247138265,5,17,ok,
old,direct,irfft,complex64,65536,32,contiguous,,direct_irfft_complex64_65536_32_contiguous_,3.99033979047,3.92317799851,0.00569701660424,5,5,ok,
old,direct,irfft,complex64,65536,64,contiguous,,direct_irfft_complex64_65536_64_contiguous_,8.00614725449,7.91409201338,0.00511723919772,5,4,ok,
old,direct,irfft,complex64,65536,256,contiguous,,direct_irfft_complex64_65536_256_contiguous_,36.125811981,35.9409700613,0.0327320303768,5,1,ok,
old,direct,irfft,complex128,64,1,contiguous,,direct_irfft_complex128_64_1_contiguous_,0.00399984000251,0.00393506651744,2.40104855038e-05,7,2000,ok,
old,direct,irfft,complex128,64,2,contiguous,,direct_irfft_complex128_64_2_contiguous_,0.00454208801966,0.00450452096993,1.28744868562e-05,7,2000,ok,
old,direct,irfft,complex128,64,4,contiguous,,direct_irfft_complex128_64_4_contiguous_,0.00473433954176,0.00469512952259,1.9546947442e-05,7,2000,ok,
old,direct,irfft,complex128,64,8,contiguous,,direct_irfft_complex128_64_8_contiguous_,0.00520545698237,0.00516023550881,2.30895238928e-05,7,2000,ok,
old,direct,irfft,complex128,64,16,contiguous,,direct_irfft_complex128_64_16_contiguous_,0.00591759379359,0.0058846667107,2.97915234129e-05,7,1962,ok,
old,direct,irfft,complex128,64,32,contiguous,,direct_irfft_complex128_64_32_contiguous_,0.00761530991408,0.00747464965226,2.86303945082e-05,7,1707,ok,
old,direct,irfft,complex128,64,64,contiguous,,direct_irfft_complex128_64_64_contiguous_,0.0106061481988,0.0103764704112,0.000210933947772,7,1316,ok,
old,direct,irfft,complex128,64,256,contiguous,,direct_irfft_complex128_64_256_contiguous_,0.0351591303479,0.0336807651911,0.00026635476388,7,200,ok,
old,direct,irfft,complex128,256,1,contiguous,,direct_irfft_complex128_256_1_contiguous_,0.00469820050057,0.00468925351743,6.6474894993e-06,7,2000,ok,
old,direct,irfft,complex128,256,2,contiguous,,direct_irfft_complex128_256_2_contiguous_,0.00529907498276,0.005277734017,1.03650381789e-05,7,2000,ok,
old,direct,irfft,complex128,256,4,contiguous,,direct_irfft_complex128_256_4_contiguous_,0.00608396553434,0.00606426800368,2.84047564492e-06,7,2000,ok,
old,direct,irfft,complex128,256,8,contiguous,,direct_irfft_complex128_256_8_contiguous_,0.00757330058229,0.00753955433759,1.34127273768e-05,7,1730,ok,
old,direct,irfft,complex128,256,16,contiguous,,direct_irfft_complex128_256_16_contiguous_,0.0103909208543,0.0103238494626,2.41892795238e-05,7,1289,ok,
old,direct,irfft,complex128,256,32,contiguous,,direct_irfft_complex128_256_32_contiguous_,0.0165560905589,0.0165123050101,2.83546978608e-05,7,200,ok,
old,direct,irfft,complex128,256,64,contiguous,,direct_irfft_complex128_256_64_contiguous_,0.0285269453889,0.0283712946111,6.60755904391e-05,7,200,ok,
old,direct,irfft,complex128,256,256,contiguous,,direct_irfft_complex128_256_256_contiguous_,0.100444855052,0.0997126102448,0.000128344981931,7,200,ok,
old,direct,irfft,complex128,1024,1,contiguous,,direct_irfft_complex128_1024_1_contiguous_,0.00753143455914,0.00751754994803,1.28518203618e-05,7,1620,ok,
old,direct,irfft,complex128,1024,2,contiguous,,direct_irfft_complex128_1024_2_contiguous_,0.0085751673408,0.00853767876357,3.64730668169e-05,7,1351,ok,
old,direct,irfft,complex128,1024,4,contiguous,,direct_irfft_complex128_1024_4_contiguous_,0.0116793465889,0.0116120464899,6.28000446435e-05,7,1160,ok,
old,direct,irfft,complex128,1024,8,contiguous,,direct_irfft_complex128_1024_8_contiguous_,0.0180098047713,0.0179531000322,3.21149127558e-05,7,200,ok,
old,direct,irfft,complex128,1024,16,contiguous,,direct_irfft_complex128_1024_16_contiguous_,0.0311224150937,0.0310677202651,5.03496266901e-05,7,200,ok,
old,direct,irfft,complex128,1024,32,contiguous,,direct_irfft_complex128_1024_32_contiguous_,0.056486580288,0.0563804846024,3.54199437425e-05,7,200,ok,
old,direct,irfft,complex128,1024,64,contiguous,,direct_irfft_complex128_1024_64_contiguous_,0.10859459464,0.108312810189,0.000151734566316,7,200,ok,
old,direct,irfft,complex128,1024,256,contiguous,,direct_irfft_complex128_1024_256_contiguous_,0.41035329923,0.407972803805,0.00126939848997,7,20,ok,
old,direct,irfft,complex128,2048,1,contiguous,,direct_irfft_complex128_2048_1_contiguous_,0.0113247472414,0.0112833894883,3.0933232281e-05,7,914,ok,
old,direct,irfft,complex128,2048,2,contiguous,,direct_irfft_complex128_2048_2_contiguous_,0.0146250794313,0.0144457362313,3.41148290446e-05,7,906,ok,
old,direct,irfft,complex128,2048,4,contiguous,,direct_irfft_complex128_2048_4_contiguous_,0.0231382850325,0.0230813300004,4.20748256147e-05,7,200,ok,
old,direct,irfft,complex128,2048,8,contiguous,,direct_irfft_complex128_2048_8_contiguous_,0.0405452045379,0.0403822999215,0.000108905369416,7,200,ok,
old,direct,irfft,complex128,2048,16,contiguous,,direct_irfft_complex128_2048_16_contiguous_,0.0733651150949,0.0730948051205,0.0001247797627,7,200,ok,
old,direct,irfft,complex128,2048,32,contiguous,,direct_irfft_complex128_2048_32_contiguous_,0.140491430127,0.140209614648,0.000207038471402,7,179,ok,
old,direct,irfft,complex128,2048,64,contiguous,,direct_irfft_complex128_2048_64_contiguous_,0.272697897162,0.272361753741,0.000336143421009,7,20,ok,
old,direct,irfft,complex128,2048,256,contiguous,,direct_irfft_complex128_2048_256_contiguous_,1.07822344871,1.07735630008,0.000548048410565,7,20,ok,
old,direct,irfft,complex128,3072,1,contiguous,,direct_irfft_complex128_3072_1_contiguous_,0.0155069512799,0.0154421067302,3.2879360314e-05,7,862,ok,
old,direct,irfft,complex128,3072,2,contiguous,,direct_irfft_complex128_3072_2_contiguous_,0.019419399905,0.0193339947145,5.13950362802e-05,7,200,ok,
old,direct,irfft,complex128,3072,4,contiguous,,direct_irfft_complex128_3072_4_contiguous_,0.03212384996,0.0320714502595,2.76003265753e-05,7,200,ok,
old,direct,irfft,complex128,3072,8,contiguous,,direct_irfft_complex128_3072_8_contiguous_,0.0574816000881,0.0572480098344,3.67144821212e-05,7,200,ok,
old,direct,irfft,complex128,3072,16,contiguous,,direct_irfft_complex128_3072_16_contiguous_,0.108365414781,0.107499035075,7.04301055521e-05,7,200,ok,
old,direct,irfft,complex128,3072,32,contiguous,,direct_irfft_complex128_3072_32_contiguous_,0.205368502066,0.204962253338,0.000274501508102,7,20,ok,
old,direct,irfft,complex128,3072,64,contiguous,,direct_irfft_complex128_3072_64_contiguous_,0.406340754125,0.405143504031,0.000639207428321,7,20,ok,
old,direct,irfft,complex128,3072,256,contiguous,,direct_irfft_complex128_3072_256_contiguous_,1.59569329699,1.59348159796,0.00162905198522,7,20,ok,
old,direct,irfft,complex128,3584,1,contiguous,,direct_irfft_complex128_3584_1_contiguous_,0.0208681135044,0.0207062454986,5.59034588764e-05,7,652,ok,
old,direct,irfft,complex128,3584,2,contiguous,,direct_irfft_complex128_3584_2_contiguous_,0.02602520457,0.0256833602907,0.000284284469672,7,200,ok,
old,direct,irfft,complex128,3584,4,contiguous,,direct_irfft_complex128_3584_4_contiguous_,0.0451960903592,0.0447100249585,8.58103157952e-05,7,200,ok,
old,direct,irfft,complex128,3584,8,contiguous,,direct_irfft_complex128_3584_8_contiguous_,0.0823047448648,0.0819318398135,0.00035081000533,7,200,ok,
old,direct,irfft,complex128,3584,16,contiguous,,direct_irfft_complex128_3584_16_contiguous_,0.15656324845,0.15565166235,0.000812923001825,7,157,ok,
old,direct,irfft,complex128,3584,32,contiguous,,direct_irfft_complex128_3584_32_contiguous_,0.302324502263,0.301340653095,0.000889651710168,7,20,ok,
old,direct,irfft,complex128,3584,64,contiguous,,direct_irfft_complex128_3584_64_contiguous_,0.598210399039,0.596325850347,0.000604148954153,7,20,ok,
old,direct,irfft,complex128,3584,256,contiguous,,direct_irfft_complex128_3584_256_contiguous_,2.36168456364,2.35988756841,0.00155791972897,7,14,ok,
old,direct,irfft,complex128,4095,1,contiguous,,direct_irfft_complex128_4095_1_contiguous_,0.058246722768,0.0581630976034,6.82483636299e-05,7,245,ok,
old,direct,irfft,complex128,4095,2,contiguous,,direct_irfft_complex128_4095_2_contiguous_,0.0653701048577,0.0652890495257,8.10553319752e-05,7,200,ok,
old,direct,irfft,complex128,4095,4,contiguous,,direct_irfft_complex128_4095_4_contiguous_,0.122899694834,0.121170950006,0.000219959765673,7,200,ok,
old,direct,irfft,complex128,4095,8,contiguous,,direct_irfft_complex128_4095_8_contiguous_,0.236709475783,0.235846228454,0.000589104768421,7,105,ok,
old,direct,irfft,complex128,4095,16,contiguous,,direct_irfft_complex128_4095_16_contiguous_,0.464705190657,0.464080364999,0.000624825658563,7,52,ok,
old,direct,irfft,complex128,4095,32,contiguous,,direct_irfft_complex128_4095_32_contiguous_,0.915284099756,0.9107269987,0.00156994792633,7,20,ok,
old,direct,irfft,complex128,4095,64,contiguous,,direct_irfft_complex128_4095_64_contiguous_,1.82453872144,1.82196832935,0.00257039209828,7,18,ok,
old,direct,irfft,complex128,4095,256,contiguous,,direct_irfft_complex128_4095_256_contiguous_,7.36429099925,7.31163725141,0.035151024349,7,4,ok,
old,direct,irfft,complex128,4096,1,contiguous,,direct_irfft_complex128_4096_1_contiguous_,0.0203316195224,0.0202105477731,0.000110909322004,7,628,ok,
old,direct,irfft,complex128,4096,2,contiguous,,direct_irfft_complex128_4096_2_contiguous_,0.0257625046652,0.0255359848961,0.00011712545529,7,200,ok,
old,direct,irfft,complex128,4096,4,contiguous,,direct_irfft_complex128_4096_4_contiguous_,0.0436700251885,0.0435513549019,4.97949076816e-05,7,200,ok,
old,direct,irfft,complex128,4096,8,contiguous,,direct_irfft_complex128_4096_8_contiguous_,0.0792217598064,0.0788492604624,0.000353215145878,7,200,ok,
old,direct,irfft,complex128,4096,16,contiguous,,direct_irfft_complex128_4096_16_contiguous_,0.149419940423,0.148935431007,0.000125203632978,7,167,ok,
old,direct,irfft,complex128,4096,32,contiguous,,direct_irfft_complex128_4096_32_contiguous_,0.293774448801,0.292768550571,0.000828551128507,7,20,ok,
old,direct,irfft,complex128,4096,64,contiguous,,direct_irfft_complex128_4096_64_contiguous_,0.576288747834,0.574086100096,0.000607100082561,7,20,ok,
old,direct,irfft,complex128,4096,256,contiguous,,direct_irfft_complex128_4096_256_contiguous_,2.26057533485,2.24585906447,0.0101283270245,7,15,ok,
old,direct,irfft,complex128,4097,1,contiguous,,direct_irfft_complex128_4097_1_contiguous_,0.0204102147836,0.0201644503977,0.00011631520465,5,200,ok,
old,direct,irfft,complex128,4097,2,contiguous,,direct_irfft_complex128_4097_2_contiguous_,0.0257528899238,0.0255074299639,0.000130745465867,5,200,ok,
old,direct,irfft,complex128,4097,4,contiguous,,direct_irfft_complex128_4097_4_contiguous_,0.0435924244812,0.0434846751159,8.26542964205e-05,5,200,ok,
old,direct,irfft,complex128,4097,8,contiguous,,direct_irfft_complex128_4097_8_contiguous_,0.0790441245772,0.0787165598013,0.000172174186446,5,200,ok,
old,direct,irfft,complex128,4097,16,contiguous,,direct_irfft_complex128_4097_16_contiguous_,0.148467696272,0.147792400094,0.000420794822276,5,20,ok,
old,direct,irfft,complex128,4097,32,contiguous,,direct_irfft_complex128_4097_32_contiguous_,0.293157796841,0.291199597996,3.80969140679e-05,5,20,ok,
old,direct,irfft,complex128,4097,64,contiguous,,direct_irfft_complex128_4097_64_contiguous_,0.575232750271,0.574258947745,0.000928249210119,5,20,ok,
old,direct,irfft,complex128,4097,256,contiguous,,direct_irfft_complex128_4097_256_contiguous_,2.2582068108,2.24959859625,0.0045025954023,5,5,ok,
old,direct,irfft,complex128,4608,1,contiguous,,direct_irfft_complex128_4608_1_contiguous_,0.0233639549697,0.0232465349836,8.26048199087e-05,5,200,ok,
old,direct,irfft,complex128,4608,2,contiguous,,direct_irfft_complex128_4608_2_contiguous_,0.0275283749215,0.0274216703838,0.000106704537757,5,200,ok,
old,direct,irfft,complex128,4608,4,contiguous,,direct_irfft_complex128_4608_4_contiguous_,0.0466670503374,0.0463680899702,4.68350481242e-05,5,200,ok,
old,direct,irfft,complex128,4608,8,contiguous,,direct_irfft_complex128_4608_8_contiguous_,0.0839920598082,0.0836388999596,0.000311335315928,5,200,ok,
old,direct,irfft,complex128,4608,16,contiguous,,direct_irfft_complex128_4608_16_contiguous_,0.157592300093,0.15700875083,0.000175350578502,5,20,ok,
old,direct,irfft,complex128,4608,32,contiguous,,direct_irfft_complex128_4608_32_contiguous_,0.30580550083,0.30479709967,0.000811001518741,5,20,ok,
old,direct,irfft,complex128,4608,64,contiguous,,direct_irfft_complex128_4608_64_contiguous_,0.601139402715,0.597506097984,0.00217409688048,5,20,ok,
old,direct,irfft,complex128,4608,256,contiguous,,direct_irfft_complex128_4608_256_contiguous_,2.41875620559,2.41264079232,0.00611541327089,5,5,ok,
old,direct,irfft,complex128,8192,1,contiguous,,direct_irfft_complex128_8192_1_contiguous_,0.0405865348876,0.0402970402502,0.000243104877882,5,200,ok,
old,direct,irfft,complex128,8192,2,contiguous,,direct_irfft_complex128_8192_2_contiguous_,0.0475217547501,0.0473385595251,0.000116965384223,5,200,ok,
old,direct,irfft,complex128,8192,4,contiguous,,direct_irfft_complex128_8192_4_contiguous_,0.0825670396443,0.082383545232,0.000170115381479,5,200,ok,
old,direct,irfft,complex128,8192,8,contiguous,,direct_irfft_complex128_8192_8_contiguous_,0.153856012553,0.153495402487,0.000360610066345,5,154,ok,
old,direct,irfft,complex128,8192,16,contiguous,,direct_irfft_complex128_8192_16_contiguous_,0.299994100351,0.299001747044,0.000481848837808,5,20,ok,
old,direct,irfft,complex128,8192,32,contiguous,,direct_irfft_complex128_8192_32_contiguous_,0.587618048303,0.584215146955,0.00287739676423,5,20,ok,
old,direct,irfft,complex128,8192,64,contiguous,,direct_irfft_complex128_8192_64_contiguous_,1.1557073507,1.15195584949,0.00223015085794,5,20,ok,
old,direct,irfft,complex128,8192,256,contiguous,,direct_irfft_complex128_8192_256_contiguous_,4.74877401721,4.71471999772,0.0264435773715,5,5,ok,
old,direct,irfft,complex128,16384,1,contiguous,,direct_irfft_complex128_16384_1_contiguous_,0.0829621800222,0.082799224765,0.00016295525711,5,200,ok,
old,direct,irfft,complex128,16384,2,contiguous,,direct_irfft_complex128_16384_2_contiguous_,0.0928125198698,0.0924172747182,0.000164759694599,5,200,ok,
old,direct,irfft,complex128,16384,4,contiguous,,direct_irfft_complex128_16384_4_contiguous_,0.164284072578,0.16383892673,5.66058880548e-05,5,137,ok,
old,direct,irfft,complex128,16384,8,contiguous,,direct_irfft_complex128_16384_8_contiguous_,0.31817824929,0.317331647966,0.000269000884145,5,20,ok,
old,direct,irfft,complex128,16384,16,contiguous,,direct_irfft_complex128_16384_16_contiguous_,0.61199379852,0.611382146599,0.000611651921645,5,20,ok,
old,direct,irfft,complex128,16384,32,contiguous,,direct_irfft_complex128_16384_32_contiguous_,1.21285969508,1.20829759981,0.00206385157071,5,20,ok,
old,direct,irfft,complex128,16384,64,contiguous,,direct_irfft_complex128_16384_64_contiguous_,2.43843721858,2.42935156816,0.00404757780156,5,14,ok,
old,direct,irfft,complex128,16384,256,contiguous,,direct_irfft_complex128_16384_256_contiguous_,12.585249031,12.4152950011,0.154239474796,5,2,ok,
old,direct,irfft,complex128,32768,1,contiguous,,direct_irfft_complex128_32768_1_contiguous_,0.158107130596,0.157583247999,0.000283082722333,5,145,ok,
old,direct,irfft,complex128,32768,2,contiguous,,direct_irfft_complex128_32768_2_contiguous_,0.199625947668,0.19927080639,0.000355141278226,5,114,ok,
old,direct,irfft,complex128,32768,4,contiguous,,direct_irfft_complex128_32768_4_contiguous_,0.375724298647,0.374480400933,0.00124389771372,5,20,ok,
old,direct,irfft,complex128,32768,8,contiguous,,direct_irfft_complex128_32768_8_contiguous_,0.726676551858,0.721971748862,0.00319050159305,5,20,ok,
old,direct,irfft,complex128,32768,16,contiguous,,direct_irfft_complex128_32768_16_contiguous_,1.43453325145,1.42288890202,0.00630830181763,5,20,ok,
old,direct,irfft,complex128,32768,32,contiguous,,direct_irfft_complex128_32768_32_contiguous_,2.84165158519,2.82192791929,0.0106441730168,5,12,ok,
old,direct,irfft,complex128,32768,64,contiguous,,direct_irfft_complex128_32768_64_contiguous_,5.9295583982,5.80725278705,0.0283673871309,5,5,ok,
old,direct,irfft,complex128,32768,256,contiguous,,direct_irfft_complex128_32768_256_contiguous_,25.8617149666,25.8265190059,0.0351959606633,5,1,ok,
old,direct,irfft,complex128,65536,1,contiguous,,direct_irfft_complex128_65536_1_contiguous_,0.363353851821,0.363083926391,0.000269925430306,5,67,ok,
old,direct,irfft,complex128,65536,2,contiguous,,direct_irfft_complex128_65536_2_contiguous_,0.403124204604,0.40199609939,0.000785500742495,5,20,ok,
old,direct,irfft,complex128,65536,4,contiguous,,direct_irfft_complex128_65536_4_contiguous_,0.76856315136,0.766885047778,0.000819552224129,5,20,ok,
old,direct,irfft,complex128,65536,8,contiguous,,direct_irfft_complex128_65536_8_contiguous_,1.51707269833,1.51193205384,0.00083859777078,5,20,ok,
old,direct,irfft,complex128,65536,16,contiguous,,direct_irfft_complex128_65536_16_contiguous_,2.99178772945,2.9826450839,0.00641563780267,5,11,ok,
old,direct,irfft,complex128,65536,32,contiguous,,direct_irfft_complex128_65536_32_contiguous_,6.06865540612,6.05113259517,0.0175228109583,5,5,ok,
old,direct,irfft,complex128,65536,64,contiguous,,direct_irfft_complex128_65536_64_contiguous_,15.0329485186,14.7100575268,0.0444385223091,5,2,ok,
old,direct,irfft,complex128,65536,256,contiguous,,direct_irfft_complex128_65536_256_contiguous_,54.1169929784,53.2735600136,0.19976508338,5,1,ok,
final,direct,fft,complex64,64,1,contiguous,,direct_fft_complex64_64_1_contiguous_,0.00413461902884,0.00411564552413,6.84508138451e-06,7,1168,ok,
final,direct,fft,complex64,64,2,contiguous,,direct_fft_complex64_64_2_contiguous_,0.00485652760839,0.00481566850415,8.49477761766e-06,7,1611,ok,
final,direct,fft,complex64,64,4,contiguous,,direct_fft_complex64_64_4_contiguous_,0.00530251566119,0.00526823512455,1.16378194778e-05,7,1850,ok,
final,direct,fft,complex64,64,8,contiguous,,direct_fft_complex64_64_8_contiguous_,0.00609230206639,0.0060539144632,2.58700715171e-05,7,1917,ok,
final,direct,fft,complex64,64,16,contiguous,,direct_fft_complex64_64_16_contiguous_,0.00746850834023,0.00741757090627,5.09374339606e-05,7,1615,ok,
final,direct,fft,complex64,64,32,contiguous,,direct_fft_complex64_64_32_contiguous_,0.0103470600771,0.0103274490513,1.62996026767e-05,7,1198,ok,
final,direct,fft,complex64,64,64,contiguous,,direct_fft_complex64_64_64_contiguous_,0.016133601445,0.0160781277381,2.36717637335e-05,7,838,ok,
final,direct,fft,complex64,64,256,contiguous,,direct_fft_complex64_64_256_contiguous_,0.051396979834,0.0512930803234,9.0014655143e-05,7,200,ok,
final,direct,fft,complex64,256,1,contiguous,,direct_fft_complex64_256_1_contiguous_,0.00537969661782,0.00533579807358,2.66617545011e-05,7,1892,ok,
final,direct,fft,complex64,256,2,contiguous,,direct_fft_complex64_256_2_contiguous_,0.00657421229771,0.00655288715696,7.52231584831e-06,7,1790,ok,
final,direct,fft,complex64,256,4,contiguous,,direct_fft_complex64_256_4_contiguous_,0.00837190129294,0.0083067287216,1.30070971367e-05,7,1408,ok,
final,direct,fft,complex64,256,8,contiguous,,direct_fft_complex64_256_8_contiguous_,0.0116414629029,0.0115626186227,1.47291744276e-05,7,1104,ok,
final,direct,fft,complex64,256,16,contiguous,,direct_fft_complex64_256_16_contiguous_,0.018121759895,0.018101259894,2.05000009791e-05,7,758,ok,
final,direct,fft,complex64,256,32,contiguous,,direct_fft_complex64_256_32_contiguous_,0.0314681202872,0.0313527998514,0.000115320435725,7,200,ok,
final,direct,fft,complex64,256,64,contiguous,,direct_fft_complex64_256_64_contiguous_,0.0569530052599,0.0568916398333,5.38496533409e-05,7,200,ok,
final,direct,fft,complex64,256,256,contiguous,,direct_fft_complex64_256_256_contiguous_,0.21296246447,0.21202430607,0.000292648716519,7,114,ok,
final,direct,fft,complex64,1024,1,contiguous,,direct_fft_complex64_1024_1_contiguous_,0.0101891350386,0.0101199143649,2.13106826198e-05,7,1133,ok,
final,direct,fft,complex64,1024,2,contiguous,,direct_fft_complex64_1024_2_contiguous_,0.018005383132,0.0179500475617,3.22522728395e-05,7,757,ok,
final,direct,fft,complex64,1024,4,contiguous,,direct_fft_complex64_1024_4_contiguous_,0.0235184073397,0.0233691064897,9.83797481021e-05,7,582,ok,
final,direct,fft,complex64,1024,8,contiguous,,direct_fft_complex64_1024_8_contiguous_,0.03855898045,0.0383699749364,0.000139909097925,7,200,ok,
final,direct,fft,complex64,1024,16,contiguous,,direct_fft_complex64_1024_16_contiguous_,0.0679926795419,0.0674481049646,0.000197120243683,7,200,ok,
final,direct,fft,complex64,1024,32,contiguous,,direct_fft_complex64_1024_32_contiguous_,0.126399151427,0.125412167226,0.000251924014978,7,185,ok,
final,direct,fft,complex64,1024,64,contiguous,,direct_fft_complex64_1024_64_contiguous_,0.242631202752,0.241586919686,0.000917685519189,7,99,ok,
final,direct,fft,complex64,1024,256,contiguous,,direct_fft_complex64_1024_256_contiguous_,0.940164248459,0.93278544955,0.00713085173629,7,20,ok,
final,direct,fft,complex64,2048,1,contiguous,,direct_fft_complex64_2048_1_contiguous_,0.0160991176916,0.0160828548063,1.62628853463e-05,7,799,ok,
final,direct,fft,complex64,2048,2,contiguous,,direct_fft_complex64_2048_2_contiguous_,0.0312720568904,0.0310529604464,7.01535068322e-05,7,456,ok,
final,direct,fft,complex64,2048,4,contiguous,,direct_fft_complex64_2048_4_contiguous_,0.0447021599393,0.0445725698955,0.000118470052257,7,200,ok,
final,direct,fft,complex64,2048,8,contiguous,,direct_fft_complex64_2048_8_contiguous_,0.0763646402629,0.076098444988,7.46356090531e-05,7,200,ok,
final,direct,fft,complex64,2048,16,contiguous,,direct_fft_complex64_2048_16_contiguous_,0.138380146177,0.138188326428,8.1331798744e-05,7,178,ok,
final,direct,fft,complex64,2048,32,contiguous,,direct_fft_complex64_2048_32_contiguous_,0.26756989324,0.26737791436,0.000191978879914,7,93,ok,
final,direct,fft,complex64,2048,64,contiguous,,direct_fft_complex64_2048_64_contiguous_,0.516336748842,0.512387801427,0.00351709895767,7,20,ok,
final,direct,fft,complex64,2048,256,contiguous,,direct_fft_complex64_2048_256_contiguous_,2.02453847262,2.01869752559,0.00203852815663,7,17,ok,
final,direct,fft,complex64,3072,1,contiguous,,direct_fft_complex64_3072_1_contiguous_,0.0231454316977,0.0230577202926,2.89846002567e-05,7,579,ok,
final,direct,fft,complex64,3072,2,contiguous,,direct_fft_complex64_3072_2_contiguous_,0.0470694550313,0.0468032050412,0.000162355136126,7,200,ok,
final,direct,fft,complex64,3072,4,contiguous,,direct_fft_complex64_3072_4_contiguous_,0.0669146049768,0.0662636302877,0.00064371037297,7,200,ok,
final,direct,fft,complex64,3072,8,contiguous,,direct_fft_complex64_3072_8_contiguous_,0.115478560328,0.115116034867,0.000151789863594,7,200,ok,
final,direct,fft,complex64,3072,16,contiguous,,direct_fft_complex64_3072_16_contiguous_,0.212669112631,0.211233396589,0.00143571604236,7,116,ok,
final,direct,fft,complex64,3072,32,contiguous,,direct_fft_complex64_3072_32_contiguous_,0.408216245705,0.407063099556,0.00108904205263,7,20,ok,
final,direct,fft,complex64,3072,64,contiguous,,direct_fft_complex64_3072_64_contiguous_,0.801681348821,0.800484098727,0.00119725009426,7,20,ok,
final,direct,fft,complex64,3072,256,contiguous,,direct_fft_complex64_3072_256_contiguous_,3.19553730078,3.17695639096,0.00526090152562,7,10,ok,
final,direct,fft,complex64,3584,1,contiguous,,direct_fft_complex64_3584_1_contiguous_,0.0256480870479,0.0254856819414,5.12311199793e-05,7,528,ok,
final,direct,fft,complex64,3584,2,contiguous,,direct_fft_complex64_3584_2_contiguous_,0.0527279754169,0.0520554149989,0.000556695158593,7,200,ok,
final,direct,fft,complex64,3584,4,contiguous,,direct_fft_complex64_3584_4_contiguous_,0.0750369002344,0.0736892747227,0.00131181033794,7,200,ok,
final,direct,fft,complex64,3584,8,contiguous,,direct_fft_complex64_3584_8_contiguous_,0.131623508014,0.129763157039,0.00139056517211,7,191,ok,
final,direct,fft,complex64,3584,16,contiguous,,direct_fft_complex64_3584_16_contiguous_,0.247548969928,0.246264869347,0.000843290472403,7,100,ok,
final,direct,fft,complex64,3584,32,contiguous,,direct_fft_complex64_3584_32_contiguous_,0.478424550965,0.477025401779,0.00117120216601,7,20,ok,
final,direct,fft,complex64,3584,64,contiguous,,direct_fft_complex64_3584_64_contiguous_,0.92064664932,0.91628144728,0.00166514655575,7,20,ok,
final,direct,fft,complex64,3584,256,contiguous,,direct_fft_complex64_3584_256_contiguous_,3.63200100967,3.59515733241,0.0147265511461,7,9,ok,
final,direct,fft,complex64,4095,1,contiguous,,direct_fft_complex64_4095_1_contiguous_,0.0483766668523,0.0482716904138,0.000104976438538,7,297,ok,
final,direct,fft,complex64,4095,2,contiguous,,direct_fft_complex64_4095_2_contiguous_,0.0899990351172,0.0894588249503,0.0001388147939,7,200,ok,
final,direct,fft,complex64,4095,4,contiguous,,direct_fft_complex64_4095_4_contiguous_,0.0989101646701,0.0985661649611,0.000184649834409,7,200,ok,
final,direct,fft,complex64,4095,8,contiguous,,direct_fft_complex64_4095_8_contiguous_,0.183359107289,0.182599061205,0.000248315672462,7,130,ok,
final,direct,fft,complex64,4095,16,contiguous,,direct_fft_complex64_4095_16_contiguous_,0.355194380973,0.353866309845,0.00132807112737,7,68,ok,
final,direct,fft,complex64,4095,32,contiguous,,direct_fft_complex64_4095_32_contiguous_,0.702051847475,0.700832053553,0.00104194623418,7,20,ok,
final,direct,fft,complex64,4095,64,contiguous,,direct_fft_complex64_4095_64_contiguous_,1.38528529787,1.38420730364,0.00107799423859,7,20,ok,
final,direct,fft,complex64,4095,256,contiguous,,direct_fft_complex64_4095_256_contiguous_,5.40694600204,5.400842987,0.00610301503912,7,6,ok,
final,direct,fft,complex64,4096,1,contiguous,,direct_fft_complex64_4096_1_contiguous_,0.0286611731355,0.0286088504184,4.61750926498e-05,7,468,ok,
final,direct,fft,complex64,4096,2,contiguous,,direct_fft_complex64_4096_2_contiguous_,0.0588930951199,0.0587787345285,4.37803100795e-05,7,200,ok,
final,direct,fft,complex64,4096,4,contiguous,,direct_fft_complex64_4096_4_contiguous_,0.0846572598675,0.084496710333,0.000139914918691,7,200,ok,
final,direct,fft,complex64,4096,8,contiguous,,direct_fft_complex64_4096_8_contiguous_,0.149939267078,0.149735006165,0.000184399753132,7,165,ok,
final,direct,fft,complex64,4096,16,contiguous,,direct_fft_complex64_4096_16_contiguous_,0.278288284211,0.276281329041,0.000354067941027,7,88,ok,
final,direct,fft,complex64,4096,32,contiguous,,direct_fft_complex64_4096_32_contiguous_,0.539992097765,0.538164703175,0.000366143649444,7,20,ok,
final,direct,fft,complex64,4096,64,contiguous,,direct_fft_complex64_4096_64_contiguous_,1.06053474592,1.05573125184,0.000597652979195,7,20,ok,
final,direct,fft,complex64,4096,256,contiguous,,direct_fft_complex64_4096_256_contiguous_,4.18247350899,4.17464374914,0.00431688386016,7,8,ok,
final,direct,fft,complex64,4097,1,contiguous,,direct_fft_complex64_4097_1_contiguous_,0.144014857748,0.14337257155,0.000311891892038,5,168,ok,
final,direct,fft,complex64,4097,2,contiguous,,direct_fft_complex64_4097_2_contiguous_,0.275480544143,0.274828222529,0.000513855937041,5,90,ok,
final,direct,fft,complex64,4097,4,contiguous,,direct_fft_complex64_4097_4_contiguous_,0.214980957339,0.214097741389,0.000442647182479,5,116,ok,
final,direct,fft,complex64,4097,8,contiguous,,direct_fft_complex64_4097_8_contiguous_,0.411791484415,0.409594184021,0.000992848072201,5,60,ok,
final,direct,fft,complex64,4097,16,contiguous,,direct_fft_complex64_4097_16_contiguous_,0.808457052335,0.806651200401,0.00108455424197,5,20,ok,
final,direct,fft,complex64,4097,32,contiguous,,direct_fft_complex64_4097_32_contiguous_,1.60195454955,1.59798259847,0.00273309415206,5,20,ok,
final,direct,fft,complex64,4097,64,contiguous,,direct_fft_complex64_4097_64_contiguous_,3.32857710309,3.31930259708,0.00483210897073,5,10,ok,
final,direct,fft,complex64,4097,256,contiguous,,direct_fft_complex64_4097_256_contiguous_,12.6476560254,12.6189420116,0.0197720364667,5,2,ok,
final,direct,fft,complex64,4608,1,contiguous,,direct_fft_complex64_4608_1_contiguous_,0.0335307396017,0.0334844051395,4.63344622403e-05,5,200,ok,
final,direct,fft,complex64,4608,2,contiguous,,direct_fft_complex64_4608_2_contiguous_,0.0703913299367,0.0693898001919,0.00012158008758,5,200,ok,
final,direct,fft,complex64,4608,4,contiguous,,direct_fft_complex64_4608_4_contiguous_,0.100883615087,0.100665360224,0.000101585173979,5,200,ok,
final,direct,fft,complex64,4608,8,contiguous,,direct_fft_complex64_4608_8_contiguous_,0.180410877835,0.178397747876,0.000233467996603,5,139,ok,
final,direct,fft,complex64,4608,16,contiguous,,direct_fft_complex64_4608_16_contiguous_,0.336310302373,0.334351597121,0.00195870525204,5,20,ok,
final,direct,fft,complex64,4608,32,contiguous,,direct_fft_complex64_4608_32_contiguous_,0.651098648086,0.647124199895,0.00235395273194,5,20,ok,
final,direct,fft,complex64,4608,64,contiguous,,direct_fft_complex64_4608_64_contiguous_,1.28422159469,1.27243950265,0.0054947915487,5,20,ok,
final,direct,fft,complex64,4608,256,contiguous,,direct_fft_complex64_4608_256_contiguous_,5.01641239971,4.98329619877,0.0331162009388,5,5,ok,
final,direct,fft,complex64,8192,1,contiguous,,direct_fft_complex64_8192_1_contiguous_,0.0564679945819,0.0555615947815,1.73295848072e-05,5,200,ok,
final,direct,fft,complex64,8192,2,contiguous,,direct_fft_complex64_8192_2_contiguous_,0.108437500312,0.107845785096,0.000591715215705,5,200,ok,
final,direct,fft,complex64,8192,4,contiguous,,direct_fft_complex64_8192_4_contiguous_,0.184032871127,0.183154704494,0.000102090945637,5,132,ok,
final,direct,fft,complex64,8192,8,contiguous,,direct_fft_complex64_8192_8_contiguous_,0.33779989305,0.335173081997,0.000839687984537,5,74,ok,
final,direct,fft,complex64,8192,16,contiguous,,direct_fft_complex64_8192_16_contiguous_,0.637860846473,0.634759000968,0.00310184550472,5,20,ok,
final,direct,fft,complex64,8192,32,contiguous,,direct_fft_complex64_8192_32_contiguous_,1.25032244832,1.24674480176,0.000263552647084,5,20,ok,
final,direct,fft,complex64,8192,64,contiguous,,direct_fft_complex64_8192_64_contiguous_,2.4699792848,2.45983164392,0.00233506684058,5,14,ok,
final,direct,fft,complex64,8192,256,contiguous,,direct_fft_complex64_8192_256_contiguous_,10.4397899704,10.3622676882,0.0734879868105,5,3,ok,
final,direct,fft,complex64,16384,1,contiguous,,direct_fft_complex64_16384_1_contiguous_,0.106944295112,0.106502514682,0.000292449840344,5,200,ok,
final,direct,fft,complex64,16384,2,contiguous,,direct_fft_complex64_16384_2_contiguous_,0.192277615245,0.191784384123,0.000165461096913,5,130,ok,
final,direct,fft,complex64,16384,4,contiguous,,direct_fft_complex64_16384_4_contiguous_,0.34852266069,0.347585548502,0.000719377823489,5,71,ok,
final,direct,fft,complex64,16384,8,contiguous,,direct_fft_complex64_16384_8_contiguous_,0.663088698639,0.661324401153,0.00103494967334,5,20,ok,
final,direct,fft,complex64,16384,16,contiguous,,direct_fft_complex64_16384_16_contiguous_,1.29291695193,1.29149574786,0.00142120406963,5,20,ok,
final,direct,fft,complex64,16384,32,contiguous,,direct_fft_complex64_16384_32_contiguous_,2.55756084628,2.5402729292,0.00096876353312,5,13,ok,
final,direct,fft,complex64,16384,64,contiguous,,direct_fft_complex64_16384_64_contiguous_,5.07747932958,5.045332325,0.00984349753708,5,6,ok,
final,direct,fft,complex64,16384,256,contiguous,,direct_fft_complex64_16384_256_contiguous_,22.7745400043,22.6629009703,0.0234639737755,5,1,ok,
final,direct,fft,complex64,32768,1,contiguous,,direct_fft_complex64_32768_1_contiguous_,0.216775947331,0.216400730626,0.00037521670532,5,115,ok,
final,direct,fft,complex64,32768,2,contiguous,,direct_fft_complex64_32768_2_contiguous_,0.38454667083,0.381694921089,0.00096275107353,5,64,ok,
final,direct,fft,complex64,32768,4,contiguous,,direct_fft_complex64_32768_4_contiguous_,0.711690401658,0.71031084517,0.000612100120634,5,20,ok,
final,direct,fft,complex64,32768,8,contiguous,,direct_fft_complex64_32768_8_contiguous_,1.37216520379,1.36565645225,0.000308046583086,5,20,ok,
final,direct,fft,complex64,32768,16,contiguous,,direct_fft_complex64_32768_16_contiguous_,2.70768933115,2.70035300249,0.00733632865983,5,12,ok,
final,direct,fft,complex64,32768,32,contiguous,,direct_fft_complex64_32768_32_contiguous_,5.35869049296,5.34864000898,0.0100504839793,5,6,ok,
final,direct,fft,complex64,32768,64,contiguous,,direct_fft_complex64_32768_64_contiguous_,10.9135023473,10.8952850181,0.0145940187698,5,3,ok,
final,direct,fft,complex64,32768,256,contiguous,,direct_fft_complex64_32768_256_contiguous_,47.3293419927,47.1905210288,0.0159399351105,5,1,ok,
final,direct,fft,complex64,65536,1,contiguous,,direct_fft_complex64_65536_1_contiguous_,0.453560109335,0.452666437592,0.000893671742894,5,55,ok,
final,direct,fft,complex64,65536,2,contiguous,,direct_fft_complex64_65536_2_contiguous_,0.847119645914,0.843876996078,0.00324264983647,5,20,ok,
final,direct,fft,complex64,65536,4,contiguous,,direct_fft_complex64_65536_4_contiguous_,1.61898250226,1.60910594859,0.00525135546923,5,20,ok,
final,direct,fft,complex64,65536,8,contiguous,,direct_fft_complex64_65536_8_contiguous_,3.12786318616,3.12278454658,0.00160563186827,5,11,ok,
final,direct,fft,complex64,65536,16,contiguous,,direct_fft_complex64_65536_16_contiguous_,6.22921478935,6.20743199252,0.0217827968299,5,5,ok,
final,direct,fft,complex64,65536,32,contiguous,,direct_fft_complex64_65536_32_contiguous_,12.7128785243,12.6828470384,0.029309943784,5,2,ok,
final,direct,fft,complex64,65536,64,contiguous,,direct_fft_complex64_65536_64_contiguous_,27.526870952,27.2359439405,0.197660992853,5,1,ok,
final,direct,fft,complex64,65536,256,contiguous,,direct_fft_complex64_65536_256_contiguous_,106.598045095,106.077527977,0.362039892934,5,1,ok,
final,direct,fft,complex128,64,1,contiguous,,direct_fft_complex128_64_1_contiguous_,0.00401303300168,0.00397461547982,2.33734608628e-05,7,2000,ok,
final,direct,fft,complex128,64,2,contiguous,,direct_fft_complex128_64_2_contiguous_,0.00451629300369,0.00451192451874,3.44699947163e-06,7,2000,ok,
final,direct,fft,complex128,64,4,contiguous,,direct_fft_complex128_64_4_contiguous_,0.00480416795472,0.0047655904782,2.39249784499e-05,7,2000,ok,
final,direct,fft,complex128,64,8,contiguous,,direct_fft_complex128_64_8_contiguous_,0.0055279515218,0.00529992848169,2.64344853349e-05,7,2000,ok,
final,direct,fft,complex128,64,16,contiguous,,direct_fft_complex128_64_16_contiguous_,0.00649593373721,0.00647295603868,2.29776985326e-05,7,1751,ok,
final,direct,fft,complex128,64,32,contiguous,,direct_fft_complex128_64_32_contiguous_,0.00889691183904,0.00882771174956,1.95010841533e-05,7,1419,ok,
final,direct,fft,complex128,64,64,contiguous,,direct_fft_complex128_64_64_contiguous_,0.0133749245549,0.0132007614571,7.15744281756e-05,7,1048,ok,
final,direct,fft,complex128,64,256,contiguous,,direct_fft_complex128_64_256_contiguous_,0.0406290148385,0.0404706649715,8.70646908879e-05,7,200,ok,
final,direct,fft,complex128,256,1,contiguous,,direct_fft_complex128_256_1_contiguous_,0.00493737799115,0.00483799650101,9.42870392464e-05,7,2000,ok,
final,direct,fft,complex128,256,2,contiguous,,direct_fft_complex128_256_2_contiguous_,0.00611443290751,0.00609313546754,2.12974399715e-05,7,1543,ok,
final,direct,fft,complex128,256,4,contiguous,,direct_fft_complex128_256_4_contiguous_,0.00765584152795,0.00760522228525,3.52915119983e-05,7,1489,ok,
final,direct,fft,complex128,256,8,contiguous,,direct_fft_complex128_256_8_contiguous_,0.0106553562478,0.0106283967683,2.10230677458e-05,7,1210,ok,
final,direct,fft,complex128,256,16,contiguous,,direct_fft_complex128_256_16_contiguous_,0.0166715727723,0.0165855265912,7.30619169048e-05,7,824,ok,
final,direct,fft,complex128,256,32,contiguous,,direct_fft_complex128_256_32_contiguous_,0.0288248050492,0.0284652796108,7.4389972724e-05,7,200,ok,
final,direct,fft,complex128,256,64,contiguous,,direct_fft_complex128_256_64_contiguous_,0.0532846199349,0.0526274344884,0.000157849863172,7,200,ok,
final,direct,fft,complex128,256,256,contiguous,,direct_fft_complex128_256_256_contiguous_,0.195653163484,0.193586336357,0.000311984474481,7,122,ok,
final,direct,fft,complex128,1024,1,contiguous,,direct_fft_complex128_1024_1_contiguous_,0.00924515501814,0.0092160023743,2.29153061533e-05,7,1264,ok,
final,direct,fft,complex128,1024,2,contiguous,,direct_fft_complex128_1024_2_contiguous_,0.0155722784777,0.0155380595797,2.51073201763e-05,7,840,ok,
final,direct,fft,complex128,1024,4,contiguous,,direct_fft_complex128_1024_4_contiguous_,0.0240672423438,0.0237655818364,1.9302097413e-05,7,586,ok,
final,direct,fft,complex128,1024,8,contiguous,,direct_fft_complex128_1024_8_contiguous_,0.0389221101068,0.0386397796683,0.000195614993572,7,200,ok,
final,direct,fft,complex128,1024,16,contiguous,,direct_fft_complex128_1024_16_contiguous_,0.0695693399757,0.069242574973,0.000232785241678,7,200,ok,
final,direct,fft,complex128,1024,32,contiguous,,direct_fft_complex128_1024_32_contiguous_,0.131056689363,0.130557542128,0.000323768165943,7,190,ok,
final,direct,fft,complex128,1024,64,contiguous,,direct_fft_complex128_1024_64_contiguous_,0.251358254974,0.250348908,0.000520366985275,7,98,ok,
final,direct,fft,complex128,1024,256,contiguous,,direct_fft_complex128_1024_256_contiguous_,0.974545354256,0.96986804856,0.00406215549447,7,20,ok,
final,direct,fft,complex128,2048,1,contiguous,,direct_fft_complex128_2048_1_contiguous_,0.0155485547102,0.0154901929121,5.83617981903e-05,7,824,ok,
final,direct,fft,complex128,2048,2,contiguous,,direct_fft_complex128_2048_2_contiguous_,0.0295255502968,0.0293738164528,0.000134771957851,7,469,ok,
final,direct,fft,complex128,2048,4,contiguous,,direct_fft_complex128_2048_4_contiguous_,0.0475557200843,0.0473335501738,0.000130690168589,7,200,ok,
final,direct,fft,complex128,2048,8,contiguous,,direct_fft_complex128_2048_8_contiguous_,0.0833693949971,0.0828560296213,0.000294004566967,7,200,ok,
final,direct,fft,complex128,2048,16,contiguous,,direct_fft_complex128_2048_16_contiguous_,0.153909707789,0.153687304632,0.00022240315697,7,161,ok,
final,direct,fft,complex128,2048,32,contiguous,,direct_fft_complex128_2048_32_contiguous_,0.300392271364,0.299673260155,0.000719011209353,7,81,ok,
final,direct,fft,complex128,2048,64,contiguous,,direct_fft_complex128_2048_64_contiguous_,0.587147154147,0.584155053366,0.00110810506158,7,20,ok,
final,direct,fft,complex128,2048,256,contiguous,,direct_fft_complex128_2048_256_contiguous_,2.33398512937,2.29923392956,0.00743059596668,7,15,ok,
final,direct,fft,complex128,3072,1,contiguous,,direct_fft_complex128_3072_1_contiguous_,0.0219127585368,0.0216704154806,8.14156001204e-05,7,609,ok,
final,direct,fft,complex128,3072,2,contiguous,,direct_fft_complex128_3072_2_contiguous_,0.0436946202535,0.0435083697084,2.61946115643e-05,7,200,ok,
final,direct,fft,complex128,3072,4,contiguous,,direct_fft_complex128_3072_4_contiguous_,0.0724335649284,0.0722685549408,0.000118319876492,7,200,ok,
final,direct,fft,complex128,3072,8,contiguous,,direct_fft_complex128_3072_8_contiguous_,0.127190346285,0.126693877664,0.000148951546586,7,188,ok,
final,direct,fft,complex128,3072,16,contiguous,,direct_fft_complex128_3072_16_contiguous_,0.237354405778,0.236254886127,0.000201698331127,7,106,ok,
final,direct,fft,complex128,3072,32,contiguous,,direct_fft_complex128_3072_32_contiguous_,0.463686400326,0.462239701301,0.00133250141516,7,20,ok,
final,direct,fft,complex128,3072,64,contiguous,,direct_fft_complex128_3072_64_contiguous_,0.899719900917,0.895064097131,0.00272920005955,7,20,ok,
final,direct,fft,complex128,3072,256,contiguous,,direct_fft_complex128_3072_256_contiguous_,3.60577510825,3.60155156037,0.00351888593286,7,9,ok,
final,direct,fft,complex128,3584,1,contiguous,,direct_fft_complex128_3584_1_contiguous_,0.0242984335011,0.0242416247325,4.08414211837e-05,7,549,ok,
final,direct,fft,complex128,3584,2,contiguous,,direct_fft_complex128_3584_2_contiguous_,0.0478309352184,0.0475918850861,2.81498068944e-05,7,200,ok,
final,direct,fft,complex128,3584,4,contiguous,,direct_fft_complex128_3584_4_contiguous_,0.0797373754904,0.0794492295245,0.000107599189505,7,200,ok,
final,direct,fft,complex128,3584,8,contiguous,,direct_fft_complex128_3584_8_contiguous_,0.141969017339,0.141528134857,0.000305179496076,7,178,ok,
final,direct,fft,complex128,3584,16,contiguous,,direct_fft_complex128_3584_16_contiguous_,0.266932451757,0.266353194151,0.000242504381364,7,93,ok,
final,direct,fft,complex128,3584,32,contiguous,,direct_fft_complex128_3584_32_contiguous_,0.518494797871,0.516258052085,0.0011085474398,7,20,ok,
final,direct,fft,complex128,3584,64,contiguous,,direct_fft_complex128_3584_64_contiguous_,1.02493794984,1.01774389623,0.00132694840431,7,20,ok,
final,direct,fft,complex128,3584,256,contiguous,,direct_fft_complex128_3584_256_contiguous_,4.25119428629,4.1811912753,0.0228544397812,7,7,ok,
final,direct,fft,complex128,4095,1,contiguous,,direct_fft_complex128_4095_1_contiguous_,0.0390764100221,0.0388517500336,6.43034418522e-05,7,356,ok,
final,direct,fft,complex128,4095,2,contiguous,,direct_fft_complex128_4095_2_contiguous_,0.0683525548084,0.0679803552339,0.000134900328703,7,200,ok,
final,direct,fft,complex128,4095,4,contiguous,,direct_fft_complex128_4095_4_contiguous_,0.125668823573,0.124612393921,0.000247737096453,7,198,ok,
final,direct,fft,complex128,4095,8,contiguous,,direct_fft_complex128_4095_8_contiguous_,0.239893117042,0.237644145952,0.00141799965313,7,103,ok,
final,direct,fft,complex128,4095,16,contiguous,,direct_fft_complex128_4095_16_contiguous_,0.469431366163,0.469199193713,5.33629925205e-05,7,52,ok,
final,direct,fft,complex128,4095,32,contiguous,,direct_fft_complex128_4095_32_contiguous_,0.905411050189,0.904033950064,0.000562553759664,7,20,ok,
final,direct,fft,complex128,4095,64,contiguous,,direct_fft_complex128_4095_64_contiguous_,1.78946431506,1.77350168509,0.000967104968272,7,19,ok,
final,direct,fft,complex128,4095,256,contiguous,,direct_fft_complex128_4095_256_contiguous_,7.50222502393,7.41163748899,0.0298285158351,7,4,ok,
final,direct,fft,complex128,4096,1,contiguous,,direct_fft_complex128_4096_1_contiguous_,0.0293848123843,0.0291443620568,9.99934854917e-05,7,464,ok,
final,direct,fft,complex128,4096,2,contiguous,,direct_fft_complex128_4096_2_contiguous_,0.0542106101057,0.0539471599041,0.000126234954223,7,200,ok,
final,direct,fft,complex128,4096,4,contiguous,,direct_fft_complex128_4096_4_contiguous_,0.0903513497906,0.0899016548647,0.000286889844574,7,200,ok,
final,direct,fft,complex128,4096,8,contiguous,,direct_fft_complex128_4096_8_contiguous_,0.166026681865,0.165604364084,0.000334800443063,7,151,ok,
final,direct,fft,complex128,4096,16,contiguous,,direct_fft_complex128_4096_16_contiguous_,0.309822811687,0.307890813565,0.0005738256732,7,80,ok,
final,direct,fft,complex128,4096,32,contiguous,,direct_fft_complex128_4096_32_contiguous_,0.603077048436,0.598889647517,0.00287040020339,7,20,ok,
final,direct,fft,complex128,4096,64,contiguous,,direct_fft_complex128_4096_64_contiguous_,1.18289439706,1.17554414901,0.00158050097525,7,20,ok,
final,direct,fft,complex128,4096,256,contiguous,,direct_fft_complex128_4096_256_contiguous_,5.06930734264,5.01886101362,0.0478864725058,7,6,ok,
final,direct,fft,complex128,4097,1,contiguous,,direct_fft_complex128_4097_1_contiguous_,0.112063254928,0.11164947995,0.000177384936251,5,200,ok,
final,direct,fft,complex128,4097,2,contiguous,,direct_fft_complex128_4097_2_contiguous_,0.186521636682,0.18631548455,0.000137916878995,5,132,ok,
final,direct,fft,complex128,4097,4,contiguous,,direct_fft_complex128_4097_4_contiguous_,0.353879272006,0.353056014449,0.000409184888537,5,70,ok,
final,direct,fft,complex128,4097,8,contiguous,,direct_fft_complex128_4097_8_contiguous_,0.694658514112,0.691699828686,0.000177200750581,5,35,ok,
final,direct,fft,complex128,4097,16,contiguous,,direct_fft_complex128_4097_16_contiguous_,1.36495669722,1.36140199611,0.0020268431399,5,20,ok,
final,direct,fft,complex128,4097,32,contiguous,,direct_fft_complex128_4097_32_contiguous_,2.68797225241,2.68761074403,0.00036150837938,5,12,ok,
final,direct,fft,complex128,4097,64,contiguous,,direct_fft_complex128_4097_64_contiguous_,5.42243015176,5.41520817205,0.00245302605132,5,6,ok,
final,direct,fft,complex128,4097,256,contiguous,,direct_fft_complex128_4097_256_contiguous_,22.0481670694,21.9283220358,0.0722560798749,5,1,ok,
final,direct,fft,complex128,4608,1,contiguous,,direct_fft_complex128_4608_1_contiguous_,0.0301368703367,0.0300148397218,0.000122030614875,5,200,ok,
final,direct,fft,complex128,4608,2,contiguous,,direct_fft_complex128_4608_2_contiguous_,0.0658780097729,0.0653879903257,5.80056803301e-05,5,200,ok,
final,direct,fft,complex128,4608,4,contiguous,,direct_fft_complex128_4608_4_contiguous_,0.111018245225,0.110445569735,0.000187949626707,5,200,ok,
final,direct,fft,complex128,4608,8,contiguous,,direct_fft_complex128_4608_8_contiguous_,0.20238158064,0.201882983205,7.99923474269e-05,5,124,ok,
final,direct,fft,complex128,4608,16,contiguous,,direct_fft_complex128_4608_16_contiguous_,0.387631100602,0.387042498915,0.000436301343143,5,20,ok,
final,direct,fft,complex128,4608,32,contiguous,,direct_fft_complex128_4608_32_contiguous_,0.751704047434,0.74951290153,0.00134850270115,5,20,ok,
final,direct,fft,complex128,4608,64,contiguous,,direct_fft_complex128_4608_64_contiguous_,1.48286094773,1.48173035122,0.00113059650175,5,20,ok,
final,direct,fft,complex128,4608,256,contiguous,,direct_fft_complex128_4608_256_contiguous_,6.25179319177,6.21426880825,0.0246684066951,5,5,ok,
final,direct,fft,complex128,8192,1,contiguous,,direct_fft_complex128_8192_1_contiguous_,0.0577603699639,0.0576341350097,0.000126234954223,5,200,ok,
final,direct,fft,complex128,8192,2,contiguous,,direct_fft_complex128_8192_2_contiguous_,0.113291260204,0.113174039871,0.000117220333777,5,200,ok,
final,direct,fft,complex128,8192,4,contiguous,,direct_fft_complex128_8192_4_contiguous_,0.19841922556,0.198032936051,0.000386289508653,5,124,ok,
final,direct,fft,complex128,8192,8,contiguous,,direct_fft_complex128_8192_8_contiguous_,0.368077120969,0.366996015972,0.000839590828753,5,66,ok,
final,direct,fft,complex128,8192,16,contiguous,,direct_fft_complex128_8192_16_contiguous_,0.707460945705,0.704290054273,0.00169870909303,5,20,ok,
final,direct,fft,complex128,8192,32,contiguous,,direct_fft_complex128_8192_32_contiguous_,1.3932663016,1.39287805068,0.000238948268816,5,20,ok,
final,direct,fft,complex128,8192,64,contiguous,,direct_fft_complex128_8192_64_contiguous_,2.76506616501,2.76244116443,0.00206807938715,5,12,ok,
final,direct,fft,complex128,8192,256,contiguous,,direct_fft_complex128_8192_256_contiguous_,13.7402719702,13.6563194683,0.0689094304107,5,2,ok,
final,direct,fft,complex128,16384,1,contiguous,,direct_fft_complex128_16384_1_contiguous_,0.179284514595,0.179133940064,4.01572046329e-05,5,134,ok,
final,direct,fft,complex128,16384,2,contiguous,,direct_fft_complex128_16384_2_contiguous_,0.353165642758,0.352575814551,0.000589828206492,5,70,ok,
final,direct,fft,complex128,16384,4,contiguous,,direct_fft_complex128_16384_4_contiguous_,0.708058542971,0.705204884123,0.00150483101606,5,35,ok,
final,direct,fft,complex128,16384,8,contiguous,,direct_fft_complex128_16384_8_contiguous_,1.38457145076,1.38337219832,0.000595051096752,5,20,ok,
final,direct,fft,complex128,16384,16,contiguous,,direct_fft_complex128_16384_16_contiguous_,2.76306075587,2.75759133122,0.00546942465007,5,12,ok,
final,direct,fft,complex128,16384,32,contiguous,,direct_fft_complex128_16384_32_contiguous_,5.52873132983,5.50353067229,0.00661083807548,5,6,ok,
final,direct,fft,complex128,16384,64,contiguous,,direct_fft_complex128_16384_64_contiguous_,11.3624886532,11.3018513269,0.00375730451196,5,3,ok,
final,direct,fft,complex128,16384,256,contiguous,,direct_fft_complex128_16384_256_contiguous_,49.6534949634,49.2984789889,0.323877902701,5,1,ok,
final,direct,fft,complex128,32768,1,contiguous,,direct_fft_complex128_32768_1_contiguous_,0.413350474831,0.411710271738,0.00044099899735,5,59,ok,
final,direct,fft,complex128,32768,2,contiguous,,direct_fft_complex128_32768_2_contiguous_,0.844657930931,0.843106756982,0.000841586433094,5,29,ok,
final,direct,fft,complex128,32768,4,contiguous,,direct_fft_complex128_32768_4_contiguous_,1.67665629997,1.66165360133,0.00692854519002,5,20,ok,
final,direct,fft,complex128,32768,8,contiguous,,direct_fft_complex128_32768_8_contiguous_,3.35075370967,3.34790840279,0.00284530688077,5,10,ok,
final,direct,fft,complex128,32768,16,contiguous,,direct_fft_complex128_32768_16_contiguous_,6.74585059751,6.72831581905,0.0175347784534,5,5,ok,
final,direct,fft,complex128,32768,32,contiguous,,direct_fft_complex128_32768_32_contiguous_,13.6479640496,13.606070017,0.0418940326199,5,2,ok,
final,direct,fft,complex128,32768,64,contiguous,,direct_fft_complex128_32768_64_contiguous_,29.3928929605,29.2274829699,0.165409990586,5,1,ok,
final,direct,fft,complex128,32768,256,contiguous,,direct_fft_complex128_32768_256_contiguous_,116.489032051,116.250543972,0.238488079049,5,1,ok,
final,direct,fft,complex128,65536,1,contiguous,,direct_fft_complex128_65536_1_contiguous_,0.890647039611,0.887318553093,0.00240855539838,5,27,ok,
final,direct,fft,complex128,65536,2,contiguous,,direct_fft_complex128_65536_2_contiguous_,1.84142655538,1.83755927719,0.00386727818598,5,18,ok,
final,direct,fft,complex128,65536,4,contiguous,,direct_fft_complex128_65536_4_contiguous_,3.63063166798,3.62275922412,0.00787244385315,5,9,ok,
final,direct,fft,complex128,65536,8,contiguous,,direct_fft_complex128_65536_8_contiguous_,7.28963600704,7.27389124222,0.00907701905817,5,4,ok,
final,direct,fft,complex128,65536,16,contiguous,,direct_fft_complex128_65536_16_contiguous_,15.1532290038,15.1070874999,0.0275265192613,5,2,ok,
final,direct,fft,complex128,65536,32,contiguous,,direct_fft_complex128_65536_32_contiguous_,32.5163060334,32.3902899399,0.0611940631643,5,1,ok,
final,direct,fft,complex128,65536,64,contiguous,,direct_fft_complex128_65536_64_contiguous_,65.6585269608,65.2036740212,0.0645220279694,5,1,ok,
final,direct,fft,complex128,65536,256,contiguous,,direct_fft_complex128_65536_256_contiguous_,259.424295975,258.710736991,0.451547093689,5,1,ok,
final,direct,ifft,complex64,64,1,contiguous,,direct_ifft_complex64_64_1_contiguous_,0.00488926951772,0.00485696551386,1.47909855906e-05,7,1306,ok,
final,direct,ifft,complex64,64,2,contiguous,,direct_ifft_complex64_64_2_contiguous_,0.00566518522671,0.00563531349714,1.91842176674e-05,7,1949,ok,
final,direct,ifft,complex64,64,4,contiguous,,direct_ifft_complex64_64_4_contiguous_,0.00612246513516,0.0060966712655,1.77135880068e-05,7,1892,ok,
final,direct,ifft,complex64,64,8,contiguous,,direct_ifft_complex64_64_8_contiguous_,0.00689663349722,0.0068368987921,5.45911979742e-05,7,1749,ok,
final,direct,ifft,complex64,64,16,contiguous,,direct_ifft_complex64_64_16_contiguous_,0.00832209434241,0.0082481073525,1.36752593155e-05,7,1463,ok,
final,direct,ifft,complex64,64,32,contiguous,,direct_ifft_complex64_64_32_contiguous_,0.0113135139315,0.0112835357671,1.62695999376e-05,7,1146,ok,
final,direct,ifft,complex64,64,64,contiguous,,direct_ifft_complex64_64_64_contiguous_,0.0174036612052,0.0173315284808,6.05234014282e-05,7,806,ok,
final,direct,ifft,complex64,64,256,contiguous,,direct_ifft_complex64_64_256_contiguous_,0.0532531598583,0.0531344849151,6.77251955494e-05,7,200,ok,
final,direct,ifft,complex64,256,1,contiguous,,direct_ifft_complex64_256_1_contiguous_,0.00616267986358,0.00609218686943,2.05809930955e-05,7,1771,ok,
final,direct,ifft,complex64,256,2,contiguous,,direct_ifft_complex64_256_2_contiguous_,0.00753584945446,0.00747388906347,2.43862251922e-05,7,857,ok,
final,direct,ifft,complex64,256,4,contiguous,,direct_ifft_complex64_256_4_contiguous_,0.00930512442277,0.00925018333464,1.23725998296e-05,7,1358,ok,
final,direct,ifft,complex64,256,8,contiguous,,direct_ifft_complex64_256_8_contiguous_,0.0126115314664,0.0125900382598,2.06404588191e-05,7,1046,ok,
final,direct,ifft,complex64,256,16,contiguous,,direct_ifft_complex64_256_16_contiguous_,0.0193089338276,0.0192599600695,1.35558817921e-05,7,725,ok,
final,direct,ifft,complex64,256,32,contiguous,,direct_ifft_complex64_256_32_contiguous_,0.0326409202535,0.0325970898848,3.31149203703e-05,7,200,ok,
final,direct,ifft,complex64,256,64,contiguous,,direct_ifft_complex64_256_64_contiguous_,0.0597431894857,0.0595096597681,5.22506888956e-05,7,200,ok,
final,direct,ifft,complex64,256,256,contiguous,,direct_ifft_complex64_256_256_contiguous_,0.218809918954,0.218511612557,0.000253900768118,7,111,ok,
final,direct,ifft,complex64,1024,1,contiguous,,direct_ifft_complex64_1024_1_contiguous_,0.0110551937512,0.0110152111537,2.49917305652e-05,7,1094,ok,
final,direct,ifft,complex64,1024,2,contiguous,,direct_ifft_complex64_1024_2_contiguous_,0.0188105244056,0.018720741417,1.12054736486e-05,7,700,ok,
final,direct,ifft,complex64,1024,4,contiguous,,direct_ifft_complex64_1024_4_contiguous_,0.0250904503489,0.025025507923,3.65971428682e-05,7,504,ok,
final,direct,ifft,complex64,1024,8,contiguous,,direct_ifft_complex64_1024_8_contiguous_,0.0402282597497,0.0401206652168,5.94096491113e-05,7,200,ok,
final,direct,ifft,complex64,1024,16,contiguous,,direct_ifft_complex64_1024_16_contiguous_,0.0703218049603,0.0701727200067,7.3240371421e-05,7,200,ok,
final,direct,ifft,complex64,1024,32,contiguous,,direct_ifft_complex64_1024_32_contiguous_,0.130383037105,0.130321542569,6.14945360638e-05,7,188,ok,
final,direct,ifft,complex64,1024,64,contiguous,,direct_ifft_complex64_1024_64_contiguous_,0.25022799041,0.250008687462,0.000183070737003,7,99,ok,
final,direct,ifft,complex64,1024,256,contiguous,,direct_ifft_complex64_1024_256_contiguous_,0.965633598389,0.9569528047,0.00351159833372,7,20,ok,
final,direct,ifft,complex64,2048,1,contiguous,,direct_ifft_complex64_2048_1_contiguous_,0.0170008784752,0.0169216990603,4.74019426111e-05,7,774,ok,
final,direct,ifft,complex64,2048,2,contiguous,,direct_ifft_complex64_2048_2_contiguous_,0.0319462301367,0.0318421866609,7.5927186664e-05,7,439,ok,
final,direct,ifft,complex64,2048,4,contiguous,,direct_ifft_complex64_2048_4_contiguous_,0.0463775050594,0.0463350251084,4.24799509346e-05,7,200,ok,
final,direct,ifft,complex64,2048,8,contiguous,,direct_ifft_complex64_2048_8_contiguous_,0.0803135550814,0.0799976149574,0.000136554590426,7,200,ok,
final,direct,ifft,complex64,2048,16,contiguous,,direct_ifft_complex64_2048_16_contiguous_,0.143648948214,0.143270959103,0.000160357731831,7,173,ok,
final,direct,ifft,complex64,2048,32,contiguous,,direct_ifft_complex64_2048_32_contiguous_,0.271772021673,0.271071802702,0.000274032712556,7,91,ok,
final,direct,ifft,complex64,2048,64,contiguous,,direct_ifft_complex64_2048_64_contiguous_,0.529158796417,0.528245599708,0.000533502316102,7,20,ok,
final,direct,ifft,complex64,2048,256,contiguous,,direct_ifft_complex64_2048_256_contiguous_,2.10011524905,2.08862993895,0.000639316567685,7,16,ok,
final,direct,ifft,complex64,3072,1,contiguous,,direct_ifft_complex64_3072_1_contiguous_,0.0240551533647,0.0238586118612,5.15609003958e-05,7,567,ok,
final,direct,ifft,complex64,3072,2,contiguous,,direct_ifft_complex64_3072_2_contiguous_,0.0473366049118,0.0472494901624,7.04848207533e-05,7,200,ok,
final,direct,ifft,complex64,3072,4,contiguous,,direct_ifft_complex64_3072_4_contiguous_,0.0677568849642,0.0675542547833,0.000152185093611,7,200,ok,
final,direct,ifft,complex64,3072,8,contiguous,,direct_ifft_complex64_3072_8_contiguous_,0.118559908339,0.118117557891,0.000275441015205,7,197,ok,
final,direct,ifft,complex64,3072,16,contiguous,,direct_ifft_complex64_3072_16_contiguous_,0.219392757776,0.218923466942,0.000227813904879,7,107,ok,
final,direct,ifft,complex64,3072,32,contiguous,,direct_ifft_complex64_3072_32_contiguous_,0.419607147342,0.418499548687,0.00089819659479,7,20,ok,
final,direct,ifft,complex64,3072,64,contiguous,,direct_ifft_complex64_3072_64_contiguous_,0.81988699967,0.819011346903,0.000692799221724,7,20,ok,
final,direct,ifft,complex64,3072,256,contiguous,,direct_ifft_complex64_3072_256_contiguous_,3.22750930209,3.22403580649,0.00158599577844,7,10,ok,
final,direct,ifft,complex64,3584,1,contiguous,,direct_ifft_complex64_3584_1_contiguous_,0.0266438388887,0.0265428823129,6.85164603135e-05,7,366,ok,
final,direct,ifft,complex64,3584,2,contiguous,,direct_ifft_complex64_3584_2_contiguous_,0.0540524150711,0.0537264003651,0.000125179649331,7,200,ok,
final,direct,ifft,complex64,3584,4,contiguous,,direct_ifft_complex64_3584_4_contiguous_,0.0771653000265,0.0770337495487,8.43597808853e-05,7,200,ok,
final,direct,ifft,complex64,3584,8,contiguous,,direct_ifft_complex64_3584_8_contiguous_,0.135039442468,0.133829737779,0.000703338752475,7,183,ok,
final,direct,ifft,complex64,3584,16,contiguous,,direct_ifft_complex64_3584_16_contiguous_,0.2563050513,0.251118444151,0.000525624585347,7,99,ok,
final,direct,ifft,complex64,3584,32,contiguous,,direct_ifft_complex64_3584_32_contiguous_,0.49511140096,0.485784350894,0.00120875192806,7,20,ok,
final,direct,ifft,complex64,3584,64,contiguous,,direct_ifft_complex64_3584_64_contiguous_,0.967913347995,0.958998146234,0.00236594933085,7,20,ok,
final,direct,ifft,complex64,3584,256,contiguous,,direct_ifft_complex64_3584_256_contiguous_,3.8014524487,3.79570267008,0.00188467351513,7,9,ok,
final,direct,ifft,complex64,4095,1,contiguous,,direct_ifft_complex64_4095_1_contiguous_,0.0480788969518,0.0478253949241,0.000141370458217,7,281,ok,
final,direct,ifft,complex64,4095,2,contiguous,,direct_ifft_complex64_4095_2_contiguous_,0.0885594345164,0.0880439701723,0.000116970040835,7,200,ok,
final,direct,ifft,complex64,4095,4,contiguous,,direct_ifft_complex64_4095_4_contiguous_,0.101574814762,0.101328904857,0.000124935177155,7,200,ok,
final,direct,ifft,complex64,4095,8,contiguous,,direct_ifft_complex64_4095_8_contiguous_,0.188219144051,0.187739900977,0.000265879366039,7,132,ok,
final,direct,ifft,complex64,4095,16,contiguous,,direct_ifft_complex64_4095_16_contiguous_,0.360900201262,0.360085000284,0.000564123575504,7,65,ok,
final,direct,ifft,complex64,4095,32,contiguous,,direct_ifft_complex64_4095_32_contiguous_,0.708156800829,0.704399700044,0.00114364665933,7,20,ok,
final,direct,ifft,complex64,4095,64,contiguous,,direct_ifft_complex64_4095_64_contiguous_,1.3998998038,1.39303884935,0.00100784818642,7,20,ok,
final,direct,ifft,complex64,4095,256,contiguous,,direct_ifft_complex64_4095_256_contiguous_,5.56448682134,5.53899883137,0.0217425210091,7,6,ok,
final,direct,ifft,complex64,4096,1,contiguous,,direct_ifft_complex64_4096_1_contiguous_,0.0308204872647,0.0301061633927,0.000284449848626,7,429,ok,
final,direct,ifft,complex64,4096,2,contiguous,,direct_ifft_complex64_4096_2_contiguous_,0.0600947550265,0.059510905412,9.06200148165e-05,7,200,ok,
final,direct,ifft,complex64,4096,4,contiguous,,direct_ifft_complex64_4096_4_contiguous_,0.0876131100813,0.0871626153821,0.000335785443895,7,200,ok,
final,direct,ifft,complex64,4096,8,contiguous,,direct_ifft_complex64_4096_8_contiguous_,0.153554160792,0.153387055939,0.000124246767366,7,162,ok,
final,direct,ifft,complex64,4096,16,contiguous,,direct_ifft_complex64_4096_16_contiguous_,0.286165999823,0.282911628452,0.000950849214352,7,86,ok,
final,direct,ifft,complex64,4096,32,contiguous,,direct_ifft_complex64_4096_32_contiguous_,0.552016653819,0.550874549663,0.000405794708058,7,20,ok,
final,direct,ifft,complex64,4096,64,contiguous,,direct_ifft_complex64_4096_64_contiguous_,1.08813954866,1.08544449904,0.000546046067029,7,20,ok,
final,direct,ifft,complex64,4096,256,contiguous,,direct_ifft_complex64_4096_256_contiguous_,4.32198026101,4.29540676123,0.0242217356572,7,8,ok,
final,direct,ifft,complex64,4097,1,contiguous,,direct_ifft_complex64_4097_1_contiguous_,0.145571248493,0.145373666998,0.000171600417657,5,165,ok,
final,direct,ifft,complex64,4097,2,contiguous,,direct_ifft_complex64_4097_2_contiguous_,0.276001188387,0.274680821329,0.000464088386959,5,90,ok,
final,direct,ifft,complex64,4097,4,contiguous,,direct_ifft_complex64_4097_4_contiguous_,0.216455792944,0.216075422941,0.000380370003203,5,116,ok,
final,direct,ifft,complex64,4097,8,contiguous,,direct_ifft_complex64_4097_8_contiguous_,0.415928083627,0.414350617211,0.00027366525804,5,60,ok,
final,direct,ifft,complex64,4097,16,contiguous,,direct_ifft_complex64_4097_16_contiguous_,0.81290595117,0.811485701706,0.000864651519805,5,20,ok,
final,direct,ifft,complex64,4097,32,contiguous,,direct_ifft_complex64_4097_32_contiguous_,1.61611865042,1.61503960262,0.000907201319933,5,20,ok,
final,direct,ifft,complex64,4097,64,contiguous,,direct_ifft_complex64_4097_64_contiguous_,3.20630450733,3.20066099521,0.000976899173111,5,10,ok,
final,direct,ifft,complex64,4097,256,contiguous,,direct_ifft_complex64_4097_256_contiguous_,12.7644150052,12.7381259808,0.00482896575704,5,2,ok,
final,direct,ifft,complex64,4608,1,contiguous,,direct_ifft_complex64_4608_1_contiguous_,0.0344949000282,0.0340474600671,0.000106149818748,5,200,ok,
final,direct,ifft,complex64,4608,2,contiguous,,direct_ifft_complex64_4608_2_contiguous_,0.0691682851175,0.0690311798826,0.000115670263767,5,200,ok,
final,direct,ifft,complex64,4608,4,contiguous,,direct_ifft_complex64_4608_4_contiguous_,0.102463335497,0.101979324827,0.000401205616072,5,200,ok,
final,direct,ifft,complex64,4608,8,contiguous,,direct_ifft_complex64_4608_8_contiguous_,0.182284742495,0.182016969616,0.000251765772136,5,132,ok,
final,direct,ifft,complex64,4608,16,contiguous,,direct_ifft_complex64_4608_16_contiguous_,0.342141697183,0.340715044877,0.000678247306496,5,20,ok,
final,direct,ifft,complex64,4608,32,contiguous,,direct_ifft_complex64_4608_32_contiguous_,0.662999501219,0.658292154549,0.00110655091703,5,20,ok,
final,direct,ifft,complex64,4608,64,contiguous,,direct_ifft_complex64_4608_64_contiguous_,1.30253800307,1.2986982998,0.00383970327675,5,20,ok,
final,direct,ifft,complex64,4608,256,contiguous,,direct_ifft_complex64_4608_256_contiguous_,5.14749221038,5.13259640429,0.014895806089,5,5,ok,
final,direct,ifft,complex64,8192,1,contiguous,,direct_ifft_complex64_8192_1_contiguous_,0.0558464298956,0.0555373448879,0.000130794360302,5,200,ok,
final,direct,ifft,complex64,8192,2,contiguous,,direct_ifft_complex64_8192_2_contiguous_,0.109210550436,0.108483885415,0.00072666502092,5,200,ok,
final,direct,ifft,complex64,8192,4,contiguous,,direct_ifft_complex64_8192_4_contiguous_,0.184624544484,0.184288992957,8.52316534564e-05,5,134,ok,
final,direct,ifft,complex64,8192,8,contiguous,,direct_ifft_complex64_8192_8_contiguous_,0.336912695073,0.336381695686,0.000228068933615,5,72,ok,
final,direct,ifft,complex64,8192,16,contiguous,,direct_ifft_complex64_8192_16_contiguous_,0.638117303606,0.63497890369,0.000739895040169,5,20,ok,
final,direct,ifft,complex64,8192,32,contiguous,,direct_ifft_complex64_8192_32_contiguous_,1.25723794918,1.2460344471,0.00283530098386,5,20,ok,
final,direct,ifft,complex64,8192,64,contiguous,,direct_ifft_complex64_8192_64_contiguous_,2.45664714436,2.45352764614,0.0031194982252,5,14,ok,
final,direct,ifft,complex64,8192,256,contiguous,,direct_ifft_complex64_8192_256_contiguous_,10.2407329638,10.1296043334,0.0470247274886,5,3,ok,
final,direct,ifft,complex64,16384,1,contiguous,,direct_ifft_complex64_16384_1_contiguous_,0.108587230206,0.108223900315,0.000250170123763,5,200,ok,
final,direct,ifft,complex64,16384,2,contiguous,,direct_ifft_complex64_16384_2_contiguous_,0.190953676625,0.190305914909,0.000245461706072,5,130,ok,
final,direct,ifft,complex64,16384,4,contiguous,,direct_ifft_complex64_16384_4_contiguous_,0.348023689864,0.347597126088,0.00042656377535,5,71,ok,
final,direct,ifft,complex64,16384,8,contiguous,,direct_ifft_complex64_16384_8_contiguous_,0.665559299523,0.665048847441,0.000510452082381,5,20,ok,
final,direct,ifft,complex64,16384,16,contiguous,,direct_ifft_complex64_16384_16_contiguous_,1.30333949928,1.30059085204,0.00119674950838,5,20,ok,
final,direct,ifft,complex64,16384,32,contiguous,,direct_ifft_complex64_16384_32_contiguous_,2.57550599949,2.57147307723,0.00104345739461,5,13,ok,
final,direct,ifft,complex64,16384,64,contiguous,,direct_ifft_complex64_16384_64_contiguous_,5.13297183594,5.10668067727,0.0102524839652,5,6,ok,
final,direct,ifft,complex64,16384,256,contiguous,,direct_ifft_complex64_16384_256_contiguous_,22.7525089867,22.5992309861,0.153278000653,5,1,ok,
final,direct,ifft,complex64,32768,1,contiguous,,direct_ifft_complex64_32768_1_contiguous_,0.217994424696,0.21763552141,0.000358903286072,5,113,ok,
final,direct,ifft,complex64,32768,2,contiguous,,direct_ifft_complex64_32768_2_contiguous_,0.390990811866,0.388015374483,0.000193329469766,5,64,ok,
final,direct,ifft,complex64,32768,4,contiguous,,direct_ifft_complex64_32768_4_contiguous_,0.726810796186,0.725519348634,0.000893155811355,5,20,ok,
final,direct,ifft,complex64,32768,8,contiguous,,direct_ifft_complex64_32768_8_contiguous_,1.40303759836,1.40094724484,0.00143175129779,5,20,ok,
final,direct,ifft,complex64,32768,16,contiguous,,direct_ifft_complex64_32768_16_contiguous_,2.75118591768,2.74620825076,0.00497766692812,5,12,ok,
final,direct,ifft,complex64,32768,32,contiguous,,direct_ifft_complex64_32768_32_contiguous_,5.47076750081,5.44787283676,0.0179420070102,5,6,ok,
final,direct,ifft,complex64,32768,64,contiguous,,direct_ifft_complex64_32768_64_contiguous_,11.262036666,11.1735606721,0.0263863475993,5,3,ok,
final,direct,ifft,complex64,32768,256,contiguous,,direct_ifft_complex64_32768_256_contiguous_,47.994241002,47.8731830372,0.103104976006,5,1,ok,
final,direct,ifft,complex64,65536,1,contiguous,,direct_ifft_complex64_65536_1_contiguous_,0.454963271675,0.454261418517,0.000701853158799,5,55,ok,
final,direct,ifft,complex64,65536,2,contiguous,,direct_ifft_complex64_65536_2_contiguous_,0.843156652991,0.841019698419,0.00191954895854,5,20,ok,
final,direct,ifft,complex64,65536,4,contiguous,,direct_ifft_complex64_65536_4_contiguous_,1.60837810254,1.60123970127,0.00241554225795,5,20,ok,
final,direct,ifft,complex64,65536,8,contiguous,,direct_ifft_complex64_65536_8_contiguous_,3.15674100156,3.14801281572,0.00115753871135,5,11,ok,
final,direct,ifft,complex64,65536,16,contiguous,,direct_ifft_complex64_65536_16_contiguous_,6.23123659752,6.20930939913,0.018270383589,5,5,ok,
final,direct,ifft,complex64,65536,32,contiguous,,direct_ifft_complex64_65536_32_contiguous_,12.8183414927,12.7420885256,0.0162855139934,5,2,ok,
final,direct,ifft,complex64,65536,64,contiguous,,direct_ifft_complex64_65536_64_contiguous_,28.1784740509,28.1312849838,0.043431064114,5,1,ok,
final,direct,ifft,complex64,65536,256,contiguous,,direct_ifft_complex64_65536_256_contiguous_,107.956806081,107.360576978,0.177773064934,5,1,ok,
final,direct,ifft,complex128,64,1,contiguous,,direct_ifft_complex128_64_1_contiguous_,0.00502125126956,0.0049833927501,8.68021743372e-06,7,1632,ok,
final,direct,ifft,complex128,64,2,contiguous,,direct_ifft_complex128_64_2_contiguous_,0.00560646158197,0.00557621147192,1.98953015608e-05,7,1967,ok,
final,direct,ifft,complex128,64,4,contiguous,,direct_ifft_complex128_64_4_contiguous_,0.0059571719612,0.00593184947502,8.06053867564e-06,7,2000,ok,
final,direct,ifft,complex128,64,8,contiguous,,direct_ifft_complex128_64_8_contiguous_,0.00677440927861,0.00673853371241,6.88929927267e-06,7,1825,ok,
final,direct,ifft,complex128,64,16,contiguous,,direct_ifft_complex128_64_16_contiguous_,0.00800627798142,0.00795761934628,1.26658195107e-05,7,1529,ok,
final,direct,ifft,complex128,64,32,contiguous,,direct_ifft_complex128_64_32_contiguous_,0.0105456674558,0.0104410997769,4.02620455004e-05,7,1233,ok,
final,direct,ifft,complex128,64,64,contiguous,,direct_ifft_complex128_64_64_contiguous_,0.015479712232,0.0153640315355,3.22279919771e-05,7,886,ok,
final,direct,ifft,complex128,64,256,contiguous,,direct_ifft_complex128_64_256_contiguous_,0.0462196598528,0.0461593951331,4.80399467051e-05,7,200,ok,
final,direct,ifft,complex128,256,1,contiguous,,direct_ifft_complex128_256_1_contiguous_,0.0063151983758,0.00624491316597,1.87240367949e-05,7,1830,ok,
final,direct,ifft,complex128,256,2,contiguous,,direct_ifft_complex128_256_2_contiguous_,0.00776309493079,0.0077103689608,2.49616108661e-05,7,1591,ok,
final,direct,ifft,complex128,256,4,contiguous,,direct_ifft_complex128_256_4_contiguous_,0.00925641473553,0.00916644695674,3.57765298774e-05,7,1396,ok,
final,direct,ifft,complex128,256,8,contiguous,,direct_ifft_complex128_256_8_contiguous_,0.0124615606165,0.0124294252874,2.88235592031e-05,7,1065,ok,
final,direct,ifft,complex128,256,16,contiguous,,direct_ifft_complex128_256_16_contiguous_,0.0188627925785,0.0187829405014,1.62098082262e-05,7,738,ok,
final,direct,ifft,complex128,256,32,contiguous,,direct_ifft_complex128_256_32_contiguous_,0.031990094576,0.0319086952368,8.13993392512e-05,7,200,ok,
final,direct,ifft,complex128,256,64,contiguous,,direct_ifft_complex128_256_64_contiguous_,0.0576878350694,0.0575845403364,8.06001480669e-05,7,200,ok,
final,direct,ifft,complex128,256,256,contiguous,,direct_ifft_complex128_256_256_contiguous_,0.213763759584,0.213651693668,0.000112065916053,7,108,ok,
final,direct,ifft,complex128,1024,1,contiguous,,direct_ifft_complex128_1024_1_contiguous_,0.0107944875689,0.0107651539114,1.65337721529e-05,7,1124,ok,
final,direct,ifft,complex128,1024,2,contiguous,,direct_ifft_complex128_1024_2_contiguous_,0.0175587066139,0.0175324040465,2.33106936018e-05,7,750,ok,
final,direct,ifft,complex128,1024,4,contiguous,,direct_ifft_complex128_1024_4_contiguous_,0.0264697605918,0.0264339738691,1.00746037108e-05,7,535,ok,
final,direct,ifft,complex128,1024,8,contiguous,,direct_ifft_complex128_1024_8_contiguous_,0.0422449002508,0.042144965264,6.91798049957e-05,7,200,ok,
final,direct,ifft,complex128,1024,16,contiguous,,direct_ifft_complex128_1024_16_contiguous_,0.0748569652205,0.0747394899372,8.98202415556e-05,7,200,ok,
final,direct,ifft,complex128,1024,32,contiguous,,direct_ifft_complex128_1024_32_contiguous_,0.139336016513,0.139078553298,0.000257463215242,7,179,ok,
final,direct,ifft,complex128,1024,64,contiguous,,direct_ifft_complex128_1024_64_contiguous_,0.267672666689,0.26650756963,0.000337084945572,7,93,ok,
final,direct,ifft,complex128,1024,256,contiguous,,direct_ifft_complex128_1024_256_contiguous_,1.04307894944,1.0383100016,0.00284184934571,7,20,ok,
final,direct,ifft,complex128,2048,1,contiguous,,direct_ifft_complex128_2048_1_contiguous_,0.0170862842218,0.0170425905311,1.50743422658e-05,7,767,ok,
final,direct,ifft,complex128,2048,2,contiguous,,direct_ifft_complex128_2048_2_contiguous_,0.0317354595684,0.0316736352357,2.90393046432e-05,7,433,ok,
final,direct,ifft,complex128,2048,4,contiguous,,direct_ifft_complex128_2048_4_contiguous_,0.0507813203149,0.0506575900363,8.1654288806e-05,7,200,ok,
final,direct,ifft,complex128,2048,8,contiguous,,direct_ifft_complex128_2048_8_contiguous_,0.0883974297903,0.0883587100543,3.87197360396e-05,7,200,ok,
final,direct,ifft,complex128,2048,16,contiguous,,direct_ifft_complex128_2048_16_contiguous_,0.162649294057,0.162357182905,0.000170653448531,7,153,ok,
final,direct,ifft,complex128,2048,32,contiguous,,direct_ifft_complex128_2048_32_contiguous_,0.315917627468,0.315349256524,0.000357215937514,7,78,ok,
final,direct,ifft,complex128,2048,64,contiguous,,direct_ifft_complex128_2048_64_contiguous_,0.624061899725,0.623037997866,0.000612653093413,7,20,ok,
final,direct,ifft,complex128,2048,256,contiguous,,direct_ifft_complex128_2048_256_contiguous_,2.4673407149,2.46097949899,0.0045842856967,7,14,ok,
final,direct,ifft,complex128,3072,1,contiguous,,direct_ifft_complex128_3072_1_contiguous_,0.0240206149857,0.0239302495116,1.87681835151e-05,7,561,ok,
final,direct,ifft,complex128,3072,2,contiguous,,direct_ifft_complex128_3072_2_contiguous_,0.0456795451464,0.0454584800173,8.2305050455e-05,7,200,ok,
final,direct,ifft,complex128,3072,4,contiguous,,direct_ifft_complex128_3072_4_contiguous_,0.0753401749535,0.0751975050662,5.18496381119e-05,7,200,ok,
final,direct,ifft,complex128,3072,8,contiguous,,direct_ifft_complex128_3072_8_contiguous_,0.135093799641,0.134206891714,0.000625172932003,7,185,ok,
final,direct,ifft,complex128,3072,16,contiguous,,direct_ifft_complex128_3072_16_contiguous_,0.250428969116,0.250157353355,0.00027161576042,7,99,ok,
final,direct,ifft,complex128,3072,32,contiguous,,direct_ifft_complex128_3072_32_contiguous_,0.490426603938,0.489222345641,0.000262504909188,7,20,ok,
final,direct,ifft,complex128,3072,64,contiguous,,direct_ifft_complex128_3072_64_contiguous_,0.964734400623,0.963417452294,0.00124584767036,7,20,ok,
final,direct,ifft,complex128,3072,256,contiguous,,direct_ifft_complex128_3072_256_contiguous_,3.94262951158,3.88776400359,0.0109392422019,7,8,ok,
final,direct,ifft,complex128,3584,1,contiguous,,direct_ifft_complex128_3584_1_contiguous_,0.0263110317271,0.0262160218404,2.34098533298e-05,7,505,ok,
final,direct,ifft,complex128,3584,2,contiguous,,direct_ifft_complex128_3584_2_contiguous_,0.0507882848615,0.0506893947022,5.34497667104e-05,7,200,ok,
final,direct,ifft,complex128,3584,4,contiguous,,direct_ifft_complex128_3584_4_contiguous_,0.0841845251853,0.0840226653963,7.21850665286e-05,7,200,ok,
final,direct,ifft,complex128,3584,8,contiguous,,direct_ifft_complex128_3584_8_contiguous_,0.153080768312,0.152903599965,9.82440166896e-05,7,155,ok,
final,direct,ifft,complex128,3584,16,contiguous,,direct_ifft_complex128_3584_16_contiguous_,0.283141367555,0.282094919594,0.000307471598445,7,87,ok,
final,direct,ifft,complex128,3584,32,contiguous,,direct_ifft_complex128_3584_32_contiguous_,0.549209403107,0.547232700046,0.000864645699039,7,20,ok,
final,direct,ifft,complex128,3584,64,contiguous,,direct_ifft_complex128_3584_64_contiguous_,1.07919175061,1.07438970008,0.000452849781141,7,20,ok,
final,direct,ifft,complex128,3584,256,contiguous,,direct_ifft_complex128_3584_256_contiguous_,4.47391084994,4.44211842426,0.0106730065974,7,7,ok,
final,direct,ifft,complex128,4095,1,contiguous,,direct_ifft_complex128_4095_1_contiguous_,0.0423188350858,0.0419177935414,0.000284437740606,7,315,ok,
final,direct,ifft,complex128,4095,2,contiguous,,direct_ifft_complex128_4095_2_contiguous_,0.0705365050817,0.0702776154503,0.00011486466974,7,200,ok,
final,direct,ifft,complex128,4095,4,contiguous,,direct_ifft_complex128_4095_4_contiguous_,0.12776506172,0.126736238599,0.000287273807036,7,193,ok,
final,direct,ifft,complex128,4095,8,contiguous,,direct_ifft_complex128_4095_8_contiguous_,0.246834624236,0.246068029342,0.000618980266154,7,101,ok,
final,direct,ifft,complex128,4095,16,contiguous,,direct_ifft_complex128_4095_16_contiguous_,0.480079783729,0.479733452712,0.000346331017128,7,51,ok,
final,direct,ifft,complex128,4095,32,contiguous,,direct_ifft_complex128_4095_32_contiguous_,0.940522947349,0.938847300131,0.00100940233096,7,20,ok,
final,direct,ifft,complex128,4095,64,contiguous,,direct_ifft_complex128_4095_64_contiguous_,1.86659660863,1.86046789167,0.003221050267,7,18,ok,
final,direct,ifft,complex128,4095,256,contiguous,,direct_ifft_complex128_4095_256_contiguous_,7.72439950379,7.68300922937,0.0118070165627,7,4,ok,
final,direct,ifft,complex128,4096,1,contiguous,,direct_ifft_complex128_4096_1_contiguous_,0.0306087033823,0.0305787178085,1.29196354572e-05,7,425,ok,
final,direct,ifft,complex128,4096,2,contiguous,,direct_ifft_complex128_4096_2_contiguous_,0.0578825501725,0.05775024998,5.48048410565e-05,7,200,ok,
final,direct,ifft,complex128,4096,4,contiguous,,direct_ifft_complex128_4096_4_contiguous_,0.09662126482,0.0956853595562,0.000794189982116,7,200,ok,
final,direct,ifft,complex128,4096,8,contiguous,,direct_ifft_complex128_4096_8_contiguous_,0.175776306839,0.175129092531,0.000242957113577,7,140,ok,
final,direct,ifft,complex128,4096,16,contiguous,,direct_ifft_complex128_4096_16_contiguous_,0.326473232397,0.326326657533,0.000146574863832,7,73,ok,
final,direct,ifft,complex128,4096,32,contiguous,,direct_ifft_complex128_4096_32_contiguous_,0.6418228033,0.64060750301,0.000610202550888,7,20,ok,
final,direct,ifft,complex128,4096,64,contiguous,,direct_ifft_complex128_4096_64_contiguous_,1.26430419623,1.26241315156,0.000742898555472,7,20,ok,
final,direct,ifft,complex128,4096,256,contiguous,,direct_ifft_complex128_4096_256_contiguous_,5.32887451118,5.29151266286,0.0373618483233,7,6,ok,
final,direct,ifft,complex128,4097,1,contiguous,,direct_ifft_complex128_4097_1_contiguous_,0.114063459914,0.114037860185,2.55997292697e-05,5,200,ok,
final,direct,ifft,complex128,4097,2,contiguous,,direct_ifft_complex128_4097_2_contiguous_,0.192363238714,0.189902699696,0.000919569104623,5,130,ok,
final,direct,ifft,complex128,4097,4,contiguous,,direct_ifft_complex128_4097_4_contiguous_,0.369665808702,0.367978235077,0.000897721346358,5,68,ok,
final,direct,ifft,complex128,4097,8,contiguous,,direct_ifft_complex128_4097_8_contiguous_,0.716400353293,0.711074177696,0.00532617559657,5,34,ok,
final,direct,ifft,complex128,4097,16,contiguous,,direct_ifft_complex128_4097_16_contiguous_,1.43060439732,1.41872460372,0.0033077027183,5,20,ok,
final,direct,ifft,complex128,4097,32,contiguous,,direct_ifft_complex128_4097_32_contiguous_,2.81414000589,2.7849242421,0.0112629204523,5,12,ok,
final,direct,ifft,complex128,4097,64,contiguous,,direct_ifft_complex128_4097_64_contiguous_,5.48670083905,5.48232434085,0.00437649820621,5,6,ok,
final,direct,ifft,complex128,4097,256,contiguous,,direct_ifft_complex128_4097_256_contiguous_,22.236329969,22.2213219386,0.0150080304593,5,1,ok,
final,direct,ifft,complex128,4608,1,contiguous,,direct_ifft_complex128_4608_1_contiguous_,0.0342819496291,0.0341835146537,5.85603993386e-05,5,200,ok,
final,direct,ifft,complex128,4608,2,contiguous,,direct_ifft_complex128_4608_2_contiguous_,0.0689767248696,0.0688981253188,7.85995507613e-05,5,200,ok,
final,direct,ifft,complex128,4608,4,contiguous,,direct_ifft_complex128_4608_4_contiguous_,0.117740710266,0.117411490064,0.000257084611803,5,200,ok,
final,direct,ifft,complex128,4608,8,contiguous,,direct_ifft_complex128_4608_8_contiguous_,0.2142377137,0.213769261482,0.000214138392197,5,115,ok,
final,direct,ifft,complex128,4608,16,contiguous,,direct_ifft_complex128_4608_16_contiguous_,0.408439652529,0.406893249601,0.00154640292749,5,20,ok,
final,direct,ifft,complex128,4608,32,contiguous,,direct_ifft_complex128_4608_32_contiguous_,0.794128153939,0.79357609502,0.000552058918402,5,20,ok,
final,direct,ifft,complex128,4608,64,contiguous,,direct_ifft_complex128_4608_64_contiguous_,1.57175385393,1.56726239948,0.00170619459823,5,20,ok,
final,direct,ifft,complex128,4608,256,contiguous,,direct_ifft_complex128_4608_256_contiguous_,6.56097559258,6.54940179083,0.0115738017485,5,5,ok,
final,direct,ifft,complex128,8192,1,contiguous,,direct_ifft_complex128_8192_1_contiguous_,0.0604433601256,0.0602111202898,8.8419765234e-05,5,200,ok,
final,direct,ifft,complex128,8192,2,contiguous,,direct_ifft_complex128_8192_2_contiguous_,0.120084460359,0.119409540202,6.82292738929e-05,5,200,ok,
final,direct,ifft,complex128,8192,4,contiguous,,direct_ifft_complex128_8192_4_contiguous_,0.208169999611,0.208057352623,0.000112646987208,5,119,ok,
final,direct,ifft,complex128,8192,8,contiguous,,direct_ifft_complex128_8192_8_contiguous_,0.392144160991,0.391153742619,0.000650725973349,5,62,ok,
final,direct,ifft,complex128,8192,16,contiguous,,direct_ifft_complex128_8192_16_contiguous_,0.754053948913,0.747987552313,0.00606639659964,5,20,ok,
final,direct,ifft,complex128,8192,32,contiguous,,direct_ifft_complex128_8192_32_contiguous_,1.46485370351,1.46066935267,0.00349255278707,5,20,ok,
final,direct,ifft,complex128,8192,64,contiguous,,direct_ifft_complex128_8192_64_contiguous_,2.90957800197,2.88787173023,0.0146602767266,5,11,ok,
final,direct,ifft,complex128,8192,256,contiguous,,direct_ifft_complex128_8192_256_contiguous_,13.8063110062,13.7317510089,0.0186399556696,5,2,ok,
final,direct,ifft,complex128,16384,1,contiguous,,direct_ifft_complex128_16384_1_contiguous_,0.183069228489,0.18259871371,0.000470514779034,5,136,ok,
final,direct,ifft,complex128,16384,2,contiguous,,direct_ifft_complex128_16384_2_contiguous_,0.363159631995,0.362244528814,0.000915103181101,5,68,ok,
final,direct,ifft,complex128,16384,4,contiguous,,direct_ifft_complex128_16384_4_contiguous_,0.721612469266,0.717487086898,0.00232055796968,5,34,ok,
final,direct,ifft,complex128,16384,8,contiguous,,direct_ifft_complex128_16384_8_contiguous_,1.4185677981,1.41713465564,0.00138959730975,5,20,ok,
final,direct,ifft,complex128,16384,16,contiguous,,direct_ifft_complex128_16384_16_contiguous_,2.83416674938,2.8225974141,0.00397324523268,5,12,ok,
final,direct,ifft,complex128,16384,32,contiguous,,direct_ifft_complex128_16384_32_contiguous_,5.65816266074,5.65660467449,0.00155798625201,5,6,ok,
final,direct,ifft,complex128,16384,64,contiguous,,direct_ifft_complex128_16384_64_contiguous_,11.7014499847,11.6584690404,0.0429809442721,5,2,ok,
final,direct,ifft,complex128,16384,256,contiguous,,direct_ifft_complex128_16384_256_contiguous_,49.9751979951,49.934282084,0.0119429314509,5,1,ok,
final,direct,ifft,complex128,32768,1,contiguous,,direct_ifft_complex128_32768_1_contiguous_,0.42629122873,0.425677456517,0.000613772212283,5,57,ok,
final,direct,ifft,complex128,32768,2,contiguous,,direct_ifft_complex128_32768_2_contiguous_,0.846875550482,0.842970964531,0.00107475829407,5,29,ok,
final,direct,ifft,complex128,32768,4,contiguous,,direct_ifft_complex128_32768_4_contiguous_,1.67475919588,1.65957770078,0.0151814951096,5,20,ok,
final,direct,ifft,complex128,32768,8,contiguous,,direct_ifft_complex128_32768_8_contiguous_,3.32000899361,3.308685706,0.00265300041065,5,10,ok,
final,direct,ifft,complex128,32768,16,contiguous,,direct_ifft_complex128_32768_16_contiguous_,6.62940819748,6.62031301763,0.00909517984837,5,5,ok,
final,direct,ifft,complex128,32768,32,contiguous,,direct_ifft_complex128_32768_32_contiguous_,13.7017844827,13.6321739992,0.0604534870945,5,2,ok,
final,direct,ifft,complex128,32768,64,contiguous,,direct_ifft_complex128_32768_64_contiguous_,29.7845879104,29.4862390729,0.0746311852708,5,1,ok,
final,direct,ifft,complex128,32768,256,contiguous,,direct_ifft_complex128_32768_256_contiguous_,118.03966295,117.817376042,0.0341049162671,5,1,ok,
final,direct,ifft,complex128,65536,1,contiguous,,direct_ifft_complex128_65536_1_contiguous_,0.914399113614,0.91381650418,0.000527921096923,5,26,ok,
final,direct,ifft,complex128,65536,2,contiguous,,direct_ifft_complex128_65536_2_contiguous_,1.87358189012,1.86806099696,0.00323049931063,5,18,ok,
final,direct,ifft,complex128,65536,4,contiguous,,direct_ifft_complex128_65536_4_contiguous_,3.71218378293,3.6879071138,0.00769210358461,5,9,ok,
final,direct,ifft,complex128,65536,8,contiguous,,direct_ifft_complex128_65536_8_contiguous_,7.41423750878,7.36478200997,0.0172977452166,5,4,ok,
final,direct,ifft,complex128,65536,16,contiguous,,direct_ifft_complex128_65536_16_contiguous_,15.5156044639,15.4002279742,0.0194765161723,5,2,ok,
final,direct,ifft,complex128,65536,32,contiguous,,direct_ifft_complex128_65536_32_contiguous_,32.6520409435,32.5723009882,0.0208790879697,5,1,ok,
final,direct,ifft,complex128,65536,64,contiguous,,direct_ifft_complex128_65536_64_contiguous_,65.6374789542,65.3624620754,0.153418979608,5,1,ok,
final,direct,ifft,complex128,65536,256,contiguous,,direct_ifft_complex128_65536_256_contiguous_,260.525934049,260.059608961,0.0843679299578,5,1,ok,
final,direct,rfft,float32,64,1,contiguous,,direct_rfft_float32_64_1_contiguous_,0.00417657920043,0.00415131941651,7.9813372266e-06,7,1293,ok,
final,direct,rfft,float32,64,2,contiguous,,direct_rfft_float32_64_2_contiguous_,0.00454920448828,0.00453010847559,1.16319861263e-05,7,2000,ok,
final,direct,rfft,float32,64,4,contiguous,,direct_rfft_float32_64_4_contiguous_,0.00498815299943,0.00493771350011,1.3685959857e-05,7,2000,ok,
final,direct,rfft,float32,64,8,contiguous,,direct_rfft_float32_64_8_contiguous_,0.00549101920822,0.00540532276766,4.5402338554e-05,7,1924,ok,
final,direct,rfft,float32,64,16,contiguous,,direct_rfft_float32_64_16_contiguous_,0.00654367447385,0.00651212513586,1.62658679105e-05,7,1926,ok,
final,direct,rfft,float32,64,32,contiguous,,direct_rfft_float32_64_32_contiguous_,0.00856858073548,0.00848220359753,4.84903232357e-06,7,1498,ok,
final,direct,rfft,float32,64,64,contiguous,,direct_rfft_float32_64_64_contiguous_,0.0125012600652,0.0124178744326,3.93479611441e-05,7,1115,ok,
final,direct,rfft,float32,64,256,contiguous,,direct_rfft_float32_64_256_contiguous_,0.0365645851707,0.0357267149957,0.000138609902933,7,200,ok,
final,direct,rfft,float32,256,1,contiguous,,direct_rfft_float32_256_1_contiguous_,0.00505909149069,0.00503354845569,1.17820454761e-05,7,2000,ok,
final,direct,rfft,float32,256,2,contiguous,,direct_rfft_float32_256_2_contiguous_,0.00560407951707,0.00553333648713,1.54345179908e-05,7,2000,ok,
final,direct,rfft,float32,256,4,contiguous,,direct_rfft_float32_256_4_contiguous_,0.00685127373972,0.00671643462011,3.87101106387e-05,7,1790,ok,
final,direct,rfft,float32,256,8,contiguous,,direct_rfft_float32_256_8_contiguous_,0.00864011044188,0.00861596256705,1.47284899473e-05,7,1521,ok,
final,direct,rfft,float32,256,16,contiguous,,direct_rfft_float32_256_16_contiguous_,0.0124811744516,0.0123983840432,5.4591874452e-05,7,1078,ok,
final,direct,rfft,float32,256,32,contiguous,,direct_rfft_float32_256_32_contiguous_,0.0201921002008,0.0200069049606,4.94898995385e-05,7,200,ok,
final,direct,rfft,float32,256,64,contiguous,,direct_rfft_float32_256_64_contiguous_,0.0357277650619,0.0355611497071,8.43044836074e-05,7,200,ok,
final,direct,rfft,float32,256,256,contiguous,,direct_rfft_float32_256_256_contiguous_,0.128662978611,0.127905272118,0.000169952351268,7,191,ok,
final,direct,rfft,float32,1024,1,contiguous,,direct_rfft_float32_1024_1_contiguous_,0.00761464646001,0.00754101833426,3.03051148365e-05,7,1530,ok,
final,direct,rfft,float32,1024,2,contiguous,,direct_rfft_float32_1024_2_contiguous_,0.00939609833529,0.00935426275889,3.92026848274e-05,7,1332,ok,
final,direct,rfft,float32,1024,4,contiguous,,direct_rfft_float32_1024_4_contiguous_,0.0139338806454,0.0138649847867,5.70324429427e-05,7,989,ok,
final,direct,rfft,float32,1024,8,contiguous,,direct_rfft_float32_1024_8_contiguous_,0.0218081398634,0.0217066449113,7.53405038267e-05,7,200,ok,
final,direct,rfft,float32,1024,16,contiguous,,direct_rfft_float32_1024_16_contiguous_,0.0383760849945,0.0381361349719,9.62300691754e-05,7,200,ok,
final,direct,rfft,float32,1024,32,contiguous,,direct_rfft_float32_1024_32_contiguous_,0.0714764150325,0.0713810854359,5.88654074818e-05,7,200,ok,
final,direct,rfft,float32,1024,64,contiguous,,direct_rfft_float32_1024_64_contiguous_,0.136607263131,0.135712472661,0.000193478779388,7,167,ok,
final,direct,rfft,float32,1024,256,contiguous,,direct_rfft_float32_1024_256_contiguous_,0.527071848046,0.523799203802,0.00115270377137,7,20,ok,
final,direct,rfft,float32,2048,1,contiguous,,direct_rfft_float32_2048_1_contiguous_,0.0112357357341,0.0111822280787,2.0178062103e-05,7,719,ok,
final,direct,rfft,float32,2048,2,contiguous,,direct_rfft_float32_2048_2_contiguous_,0.0149799372602,0.0148689988154,6.79732209404e-05,7,891,ok,
final,direct,rfft,float32,2048,4,contiguous,,direct_rfft_float32_2048_4_contiguous_,0.0246035848977,0.024269655114,0.000195065513253,7,200,ok,
final,direct,rfft,float32,2048,8,contiguous,,direct_rfft_float32_2048_8_contiguous_,0.0425404502312,0.0422020145925,0.000260639935732,7,200,ok,
final,direct,rfft,float32,2048,16,contiguous,,direct_rfft_float32_2048_16_contiguous_,0.0785982346861,0.0778572948184,0.000472834799439,7,200,ok,
final,direct,rfft,float32,2048,32,contiguous,,direct_rfft_float32_2048_32_contiguous_,0.148732624803,0.14850939333,0.000179775088327,7,160,ok,
final,direct,rfft,float32,2048,64,contiguous,,direct_rfft_float32_2048_64_contiguous_,0.291737099178,0.291538744932,0.000198354246095,7,20,ok,
final,direct,rfft,float32,2048,256,contiguous,,direct_rfft_float32_2048_256_contiguous_,1.14558890346,1.14246404846,0.00298465020023,7,20,ok,
final,direct,rfft,float32,3072,1,contiguous,,direct_rfft_float32_3072_1_contiguous_,0.0144249702865,0.0141949020538,9.58746470986e-05,7,878,ok,
final,direct,rfft,float32,3072,2,contiguous,,direct_rfft_float32_3072_2_contiguous_,0.0213991705095,0.0209691101918,8.79156868905e-05,7,200,ok,
final,direct,rfft,float32,3072,4,contiguous,,direct_rfft_float32_3072_4_contiguous_,0.0342697749147,0.0341635296354,4.0324521251e-05,7,200,ok,
final,direct,rfft,float32,3072,8,contiguous,,direct_rfft_float32_3072_8_contiguous_,0.0609603797784,0.0606613146374,8.19505658001e-05,7,200,ok,
final,direct,rfft,float32,3072,16,contiguous,,direct_rfft_float32_3072_16_contiguous_,0.114414919517,0.113986865035,0.000341494451277,7,200,ok,
final,direct,rfft,float32,3072,32,contiguous,,direct_rfft_float32_3072_32_contiguous_,0.221122597577,0.220137252472,0.0003902008757,7,20,ok,
final,direct,rfft,float32,3072,64,contiguous,,direct_rfft_float32_3072_64_contiguous_,0.432078551967,0.430316745769,0.000956299481913,7,20,ok,
final,direct,rfft,float32,3072,256,contiguous,,direct_rfft_float32_3072_256_contiguous_,1.68192464625,1.67275794665,0.0080190540757,7,20,ok,
final,direct,rfft,float32,3584,1,contiguous,,direct_rfft_float32_3584_1_contiguous_,0.0207588849046,0.0207234861562,2.80583567157e-05,7,617,ok,
final,direct,rfft,float32,3584,2,contiguous,,direct_rfft_float32_3584_2_contiguous_,0.0310008402448,0.0309029599885,7.6595460996e-05,7,200,ok,
final,direct,rfft,float32,3584,4,contiguous,,direct_rfft_float32_3584_4_contiguous_,0.0458242645254,0.0453937548446,0.000232079764828,7,200,ok,
final,direct,rfft,float32,3584,8,contiguous,,direct_rfft_float32_3584_8_contiguous_,0.083460015012,0.0832805252867,0.000122130149975,7,200,ok,
final,direct,rfft,float32,3584,16,contiguous,,direct_rfft_float32_3584_16_contiguous_,0.158266369979,0.157886239936,0.000263480378871,7,154,ok,
final,direct,rfft,float32,3584,32,contiguous,,direct_rfft_float32_3584_32_contiguous_,0.307514704764,0.305862654932,0.00165204983205,7,20,ok,
final,direct,rfft,float32,3584,64,contiguous,,direct_rfft_float32_3584_64_contiguous_,0.604428100633,0.60240229941,0.00123735517263,7,20,ok,
final,direct,rfft,float32,3584,256,contiguous,,direct_rfft_float32_3584_256_contiguous_,2.38263242811,2.37470828662,0.00303070659616,7,14,ok,
final,direct,rfft,float32,4095,1,contiguous,,direct_rfft_float32_4095_1_contiguous_,0.0296254535164,0.0294688120649,5.7893700123e-05,7,452,ok,
final,direct,rfft,float32,4095,2,contiguous,,direct_rfft_float32_4095_2_contiguous_,0.0430376350414,0.0426216551568,0.00023955013603,7,200,ok,
final,direct,rfft,float32,4095,4,contiguous,,direct_rfft_float32_4095_4_contiguous_,0.0542140146717,0.0539270753507,0.000220714719035,7,200,ok,
final,direct,rfft,float32,4095,8,contiguous,,direct_rfft_float32_4095_8_contiguous_,0.0999384449096,0.0995950499782,0.000343394931406,7,200,ok,
final,direct,rfft,float32,4095,16,contiguous,,direct_rfft_float32_4095_16_contiguous_,0.190972442959,0.190473182966,0.000128939299922,7,131,ok,
final,direct,rfft,float32,4095,32,contiguous,,direct_rfft_float32_4095_32_contiguous_,0.371686200378,0.370903703151,0.000782497227192,7,20,ok,
final,direct,rfft,float32,4095,64,contiguous,,direct_rfft_float32_4095_64_contiguous_,0.74069739785,0.737861049129,0.00283634872176,7,20,ok,
final,direct,rfft,float32,4095,256,contiguous,,direct_rfft_float32_4095_256_contiguous_,2.94059617657,2.9256061799,0.0111928146163,7,11,ok,
final,direct,rfft,float32,4096,1,contiguous,,direct_rfft_float32_4096_1_contiguous_,0.017619550982,0.0175651482807,5.44027013539e-05,7,735,ok,
final,direct,rfft,float32,4096,2,contiguous,,direct_rfft_float32_4096_2_contiguous_,0.0263608800014,0.0261891097762,7.70500628278e-05,7,200,ok,
final,direct,rfft,float32,4096,4,contiguous,,direct_rfft_float32_4096_4_contiguous_,0.044474430033,0.0441929552471,0.000149935367517,7,200,ok,
final,direct,rfft,float32,4096,8,contiguous,,direct_rfft_float32_4096_8_contiguous_,0.0805729953572,0.0802902597934,4.97401924804e-05,7,200,ok,
final,direct,rfft,float32,4096,16,contiguous,,direct_rfft_float32_4096_16_contiguous_,0.152738054963,0.152303005906,0.00020781563355,7,163,ok,
final,direct,rfft,float32,4096,32,contiguous,,direct_rfft_float32_4096_32_contiguous_,0.297010497889,0.294264353579,0.00172369764186,7,20,ok,
final,direct,rfft,float32,4096,64,contiguous,,direct_rfft_float32_4096_64_contiguous_,0.582935201237,0.58243329986,0.000501901376992,7,20,ok,
final,direct,rfft,float32,4096,256,contiguous,,direct_rfft_float32_4096_256_contiguous_,2.30282199724,2.29757539928,0.00215872811774,7,15,ok,
final,direct,rfft,float32,4097,1,contiguous,,direct_rfft_float32_4097_1_contiguous_,0.136369197382,0.135802084417,0.000547695284088,5,177,ok,
final,direct,rfft,float32,4097,2,contiguous,,direct_rfft_float32_4097_2_contiguous_,0.251632347722,0.251307347029,0.000325000692843,5,98,ok,
final,direct,rfft,float32,4097,4,contiguous,,direct_rfft_float32_4097_4_contiguous_,0.19342167386,0.193100216863,0.000252574321258,5,129,ok,
final,direct,rfft,float32,4097,8,contiguous,,direct_rfft_float32_4097_8_contiguous_,0.374264179368,0.373487193971,0.000374881661872,5,67,ok,
final,direct,rfft,float32,4097,16,contiguous,,direct_rfft_float32_4097_16_contiguous_,0.734633003594,0.732504000189,0.001264346065,5,20,ok,
final,direct,rfft,float32,4097,32,contiguous,,direct_rfft_float32_4097_32_contiguous_,1.45180565305,1.44890774973,0.000865693436936,5,20,ok,
final,direct,rfft,float32,4097,64,contiguous,,direct_rfft_float32_4097_64_contiguous_,2.87907891272,2.8684690002,0.00754772389138,5,11,ok,
final,direct,rfft,float32,4097,256,contiguous,,direct_rfft_float32_4097_256_contiguous_,11.6050906557,11.4919050053,0.0526453368366,5,3,ok,
final,direct,rfft,float32,4608,1,contiguous,,direct_rfft_float32_4608_1_contiguous_,0.0221450696699,0.0216985301813,0.000104245264083,5,200,ok,
final,direct,rfft,float32,4608,2,contiguous,,direct_rfft_float32_4608_2_contiguous_,0.0327865948202,0.0325209449511,0.000174479791895,5,200,ok,
final,direct,rfft,float32,4608,4,contiguous,,direct_rfft_float32_4608_4_contiguous_,0.0507105898578,0.0503193546319,6.77799107507e-05,5,200,ok,
final,direct,rfft,float32,4608,8,contiguous,,direct_rfft_float32_4608_8_contiguous_,0.0921351951547,0.09184254508,9.09250229597e-05,5,200,ok,
final,direct,rfft,float32,4608,16,contiguous,,direct_rfft_float32_4608_16_contiguous_,0.174636853626,0.173365900991,0.00127095263451,5,20,ok,
final,direct,rfft,float32,4608,32,contiguous,,direct_rfft_float32_4608_32_contiguous_,0.341260549612,0.339672097471,0.000675750197843,5,20,ok,
final,direct,rfft,float32,4608,64,contiguous,,direct_rfft_float32_4608_64_contiguous_,0.670729047852,0.667297100881,0.00271455501206,5,20,ok,
final,direct,rfft,float32,4608,256,contiguous,,direct_rfft_float32_4608_256_contiguous_,2.6557629928,2.62950600591,0.00894861295819,5,5,ok,
final,direct,rfft,float32,8192,1,contiguous,,direct_rfft_float32_8192_1_contiguous_,0.0347727700137,0.0345320696943,0.00017513462808,5,200,ok,
final,direct,rfft,float32,8192,2,contiguous,,direct_rfft_float32_8192_2_contiguous_,0.0524726952426,0.0522171147168,0.000255580525845,5,200,ok,
final,direct,rfft,float32,8192,4,contiguous,,direct_rfft_float32_8192_4_contiguous_,0.0880146102281,0.0876637548208,0.000350855407305,5,200,ok,
final,direct,rfft,float32,8192,8,contiguous,,direct_rfft_float32_8192_8_contiguous_,0.163960746368,0.16386694177,9.38045981246e-05,5,138,ok,
final,direct,rfft,float32,8192,16,contiguous,,direct_rfft_float32_8192_16_contiguous_,0.316739053233,0.312318751821,0.000889651710168,5,20,ok,
final,direct,rfft,float32,8192,32,contiguous,,direct_rfft_float32_8192_32_contiguous_,0.615006400039,0.612997700227,0.002008699812,5,20,ok,
final,direct,rfft,float32,8192,64,contiguous,,direct_rfft_float32_8192_64_contiguous_,1.21338965255,1.21152264765,0.00186700490303,5,20,ok,
final,direct,rfft,float32,8192,256,contiguous,,direct_rfft_float32_8192_256_contiguous_,4.80772638693,4.79229581542,0.0111787812784,5,5,ok,
final,direct,rfft,float32,16384,1,contiguous,,direct_rfft_float32_16384_1_contiguous_,0.0842282047961,0.0815360050183,0.000417635310441,5,200,ok,
final,direct,rfft,float32,16384,2,contiguous,,direct_rfft_float32_16384_2_contiguous_,0.130300765277,0.129840612335,0.000460152941927,5,196,ok,
final,direct,rfft,float32,16384,4,contiguous,,direct_rfft_float32_16384_4_contiguous_,0.208718975436,0.204133760754,0.000865677802646,5,121,ok,
final,direct,rfft,float32,16384,8,contiguous,,direct_rfft_float32_16384_8_contiguous_,0.384131050669,0.380658503855,0.00266800052486,5,20,ok,
final,direct,rfft,float32,16384,16,contiguous,,direct_rfft_float32_16384_16_contiguous_,0.779474200681,0.759037298849,0.00939865130931,5,20,ok,
final,direct,rfft,float32,16384,32,contiguous,,direct_rfft_float32_16384_32_contiguous_,1.49307214888,1.46993175149,0.00714140478522,5,20,ok,
final,direct,rfft,float32,16384,64,contiguous,,direct_rfft_float32_16384_64_contiguous_,2.92726845311,2.89989154871,0.00157018869438,5,11,ok,
final,direct,rfft,float32,16384,256,contiguous,,direct_rfft_float32_16384_256_contiguous_,11.7860939936,11.6946320049,0.0102595076896,5,2,ok,
final,direct,rfft,float32,32768,1,contiguous,,direct_rfft_float32_32768_1_contiguous_,0.18014646262,0.179181190427,0.000505213392898,5,136,ok,
final,direct,rfft,float32,32768,2,contiguous,,direct_rfft_float32_32768_2_contiguous_,0.278654404958,0.277748774852,0.000382190193521,5,89,ok,
final,direct,rfft,float32,32768,4,contiguous,,direct_rfft_float32_32768_4_contiguous_,0.426667905413,0.425559299765,7.76548404247e-05,5,20,ok,
final,direct,rfft,float32,32768,8,contiguous,,direct_rfft_float32_32768_8_contiguous_,0.838036101777,0.837476050947,0.000560050830245,5,20,ok,
final,direct,rfft,float32,32768,16,contiguous,,direct_rfft_float32_32768_16_contiguous_,1.66539460188,1.65890544886,0.00550280092284,5,20,ok,
final,direct,rfft,float32,32768,32,contiguous,,direct_rfft_float32_32768_32_contiguous_,3.37639478967,3.3663829905,0.00632589217275,5,10,ok,
final,direct,rfft,float32,32768,64,contiguous,,direct_rfft_float32_32768_64_contiguous_,6.81572579779,6.80645240936,0.00882239546627,5,5,ok,
final,direct,rfft,float32,32768,256,contiguous,,direct_rfft_float32_32768_256_contiguous_,29.3767829426,28.872936964,0.137078110129,5,1,ok,
final,direct,rfft,float32,65536,1,contiguous,,direct_rfft_float32_65536_1_contiguous_,0.360202118963,0.358215851167,0.000162984925642,5,67,ok,
final,direct,rfft,float32,65536,2,contiguous,,direct_rfft_float32_65536_2_contiguous_,0.582265999401,0.578695250442,0.00116265146062,5,20,ok,
final,direct,rfft,float32,65536,4,contiguous,,direct_rfft_float32_65536_4_contiguous_,0.875992351212,0.872618495487,0.00125279766507,5,20,ok,
final,direct,rfft,float32,65536,8,contiguous,,direct_rfft_float32_65536_8_contiguous_,1.72407205192,1.71508994811,0.00315694457018,5,19,ok,
final,direct,rfft,float32,65536,16,contiguous,,direct_rfft_float32_65536_16_contiguous_,3.41725959443,3.39794029715,0.0139481155202,5,10,ok,
final,direct,rfft,float32,65536,32,contiguous,,direct_rfft_float32_65536_32_contiguous_,6.9815732073,6.89020361751,0.0386805972084,5,5,ok,
final,direct,rfft,float32,65536,64,contiguous,,direct_rfft_float32_65536_64_contiguous_,13.8532139827,13.7816994684,0.0450744992122,5,2,ok,
final,direct,rfft,float32,65536,256,contiguous,,direct_rfft_float32_65536_256_contiguous_,59.2538759811,58.9242969872,0.177502050065,5,1,ok,
final,direct,rfft,float64,64,1,contiguous,,direct_rfft_float64_64_1_contiguous_,0.00404265755837,0.00402343080551,1.92267528643e-05,7,1878,ok,
final,direct,rfft,float64,64,2,contiguous,,direct_rfft_float64_64_2_contiguous_,0.00436881120116,0.00431568442097,3.48578772487e-05,7,1949,ok,
final,direct,rfft,float64,64,4,contiguous,,direct_rfft_float64_64_4_contiguous_,0.00457139097853,0.00449788296828,6.85390550643e-05,7,2000,ok,
final,direct,rfft,float64,64,8,contiguous,,direct_rfft_float64_64_8_contiguous_,0.0047052220325,0.00465011346387,4.2138970457e-05,7,2000,ok,
final,direct,rfft,float64,64,16,contiguous,,direct_rfft_float64_64_16_contiguous_,0.00554625602672,0.00549303600565,3.86024476029e-05,7,2000,ok,
final,direct,rfft,float64,64,32,contiguous,,direct_rfft_float64_64_32_contiguous_,0.00684531684169,0.00677746269544,4.0052973392e-05,7,1755,ok,
final,direct,rfft,float64,64,64,contiguous,,direct_rfft_float64_64_64_contiguous_,0.00933472682397,0.00924489802634,8.98287976286e-05,7,1413,ok,
final,direct,rfft,float64,64,256,contiguous,,direct_rfft_float64_64_256_contiguous_,0.0260116253048,0.0254383002175,0.000221714726649,7,200,ok,
final,direct,rfft,float64,256,1,contiguous,,direct_rfft_float64_256_1_contiguous_,0.00485728750937,0.00477108551422,3.16695077345e-05,7,2000,ok,
final,direct,rfft,float64,256,2,contiguous,,direct_rfft_float64_256_2_contiguous_,0.00505589001114,0.00502419052646,3.16994846798e-05,7,2000,ok,
final,direct,rfft,float64,256,4,contiguous,,direct_rfft_float64_256_4_contiguous_,0.00573100801184,0.00562906866699,6.06197210585e-05,7,1996,ok,
final,direct,rfft,float64,256,8,contiguous,,direct_rfft_float64_256_8_contiguous_,0.00675606369281,0.00671622240357,2.6723664989e-05,7,1632,ok,
final,direct,rfft,float64,256,16,contiguous,,direct_rfft_float64_256_16_contiguous_,0.00896573227648,0.00890286618886,5.04624967862e-05,7,1412,ok,
final,direct,rfft,float64,256,32,contiguous,,direct_rfft_float64_256_32_contiguous_,0.0136945053237,0.0133622798603,0.000250374432653,7,200,ok,
final,direct,rfft,float64,256,64,contiguous,,direct_rfft_float64_256_64_contiguous_,0.0222578301327,0.0219373247819,0.000133599387482,7,200,ok,
final,direct,rfft,float64,256,256,contiguous,,direct_rfft_float64_256_256_contiguous_,0.0759622897021,0.0755752652185,0.000135455047712,7,200,ok,
final,direct,rfft,float64,1024,1,contiguous,,direct_rfft_float64_1024_1_contiguous_,0.00747175597571,0.00745163255833,1.6666895963e-05,7,1516,ok,
final,direct,rfft,float64,1024,2,contiguous,,direct_rfft_float64_1024_2_contiguous_,0.00817146662372,0.00807400733775,2.40306714388e-05,7,1498,ok,
final,direct,rfft,float64,1024,4,contiguous,,direct_rfft_float64_1024_4_contiguous_,0.0109233387597,0.0107874975317,2.53720937072e-05,7,1228,ok,
final,direct,rfft,float64,1024,8,contiguous,,direct_rfft_float64_1024_8_contiguous_,0.0169329851633,0.0168144103372,0.00011280993931,7,200,ok,
final,direct,rfft,float64,1024,16,contiguous,,direct_rfft_float64_1024_16_contiguous_,0.028037080192,0.0279097404564,7.75005901232e-05,7,200,ok,
final,direct,rfft,float64,1024,32,contiguous,,direct_rfft_float64_1024_32_contiguous_,0.0498393498128,0.0497115647886,9.46747604758e-05,7,200,ok,
final,direct,rfft,float64,1024,64,contiguous,,direct_rfft_float64_1024_64_contiguous_,0.0931424851296,0.0929801346501,0.000162350479513,7,200,ok,
final,direct,rfft,float64,1024,256,contiguous,,direct_rfft_float64_1024_256_contiguous_,0.341105798725,0.338097597705,0.00111510162242,7,20,ok,
final,direct,rfft,float64,2048,1,contiguous,,direct_rfft_float64_2048_1_contiguous_,0.0114514866019,0.0113548802604,3.69685123516e-05,7,1077,ok,
final,direct,rfft,float64,2048,2,contiguous,,direct_rfft_float64_2048_2_contiguous_,0.0134691929578,0.0134149221636,5.4270794221e-05,7,964,ok,
final,direct,rfft,float64,2048,4,contiguous,,direct_rfft_float64_2048_4_contiguous_,0.0211558601586,0.0203203951241,0.00083546503447,7,200,ok,
final,direct,rfft,float64,2048,8,contiguous,,direct_rfft_float64_2048_8_contiguous_,0.0337319204118,0.0335909001296,0.000141020282172,7,200,ok,
final,direct,rfft,float64,2048,16,contiguous,,direct_rfft_float64_2048_16_contiguous_,0.0610986351967,0.0605069252197,0.000415525282733,7,200,ok,
final,direct,rfft,float64,2048,32,contiguous,,direct_rfft_float64_2048_32_contiguous_,0.116200870252,0.114240894909,0.000770395272411,7,200,ok,
final,direct,rfft,float64,2048,64,contiguous,,direct_rfft_float64_2048_64_contiguous_,0.219794601435,0.219325703802,0.000252004247159,7,20,ok,
final,direct,rfft,float64,2048,256,contiguous,,direct_rfft_float64_2048_256_contiguous_,0.852693599882,0.848424097057,0.00169565319084,7,20,ok,
final,direct,rfft,float64,3072,1,contiguous,,direct_rfft_float64_3072_1_contiguous_,0.0150881938323,0.0146992278022,0.000388966030093,7,856,ok,
final,direct,rfft,float64,3072,2,contiguous,,direct_rfft_float64_3072_2_contiguous_,0.0174011598574,0.0171080150176,0.000186444958672,7,200,ok,
final,direct,rfft,float64,3072,4,contiguous,,direct_rfft_float64_3072_4_contiguous_,0.027605870273,0.0271260197042,0.000479850568809,7,200,ok,
final,direct,rfft,float64,3072,8,contiguous,,direct_rfft_float64_3072_8_contiguous_,0.0477269396652,0.0475112296408,0.000215710024349,7,200,ok,
final,direct,rfft,float64,3072,16,contiguous,,direct_rfft_float64_3072_16_contiguous_,0.0894351798343,0.086124559748,0.00109385000542,7,200,ok,
final,direct,rfft,float64,3072,32,contiguous,,direct_rfft_float64_3072_32_contiguous_,0.168762804242,0.163569051074,0.002877402585,7,20,ok,
final,direct,rfft,float64,3072,64,contiguous,,direct_rfft_float64_3072_64_contiguous_,0.318765849806,0.313550053397,0.00188054982573,7,20,ok,
final,direct,rfft,float64,3072,256,contiguous,,direct_rfft_float64_3072_256_contiguous_,1.26420354936,1.24973839847,0.0113041955046,7,20,ok,
final,direct,rfft,float64,3584,1,contiguous,,direct_rfft_float64_3584_1_contiguous_,0.0184529106778,0.0183606867325,5.2749606103e-05,7,683,ok,
final,direct,rfft,float64,3584,2,contiguous,,direct_rfft_float64_3584_2_contiguous_,0.0268520548707,0.0266706646653,7.33853084967e-05,7,200,ok,
final,direct,rfft,float64,3584,4,contiguous,,direct_rfft_float64_3584_4_contiguous_,0.0455277098808,0.0450272200396,0.000291699543595,7,200,ok,
final,direct,rfft,float64,3584,8,contiguous,,direct_rfft_float64_3584_8_contiguous_,0.0816963001853,0.081060359953,0.00017267477233,7,200,ok,
final,direct,rfft,float64,3584,16,contiguous,,direct_rfft_float64_3584_16_contiguous_,0.155421618547,0.154324305913,0.000267624272965,7,160,ok,
final,direct,rfft,float64,3584,32,contiguous,,direct_rfft_float64_3584_32_contiguous_,0.301343150204,0.299505202565,0.00183794763871,7,20,ok,
final,direct,rfft,float64,3584,64,contiguous,,direct_rfft_float64_3584_64_contiguous_,0.592403998598,0.588487647474,0.00295655336231,7,20,ok,
final,direct,rfft,float64,3584,256,contiguous,,direct_rfft_float64_3584_256_contiguous_,2.33105564257,2.31627213569,0.00328613844301,7,14,ok,
final,direct,rfft,float64,4095,1,contiguous,,direct_rfft_float64_4095_1_contiguous_,0.0288111871069,0.0286078276212,3.38533278951e-05,7,470,ok,
final,direct,rfft,float64,4095,2,contiguous,,direct_rfft_float64_4095_2_contiguous_,0.0322151201544,0.031893614796,0.00021445506718,7,200,ok,
final,direct,rfft,float64,4095,4,contiguous,,direct_rfft_float64_4095_4_contiguous_,0.0555656052893,0.0553575647064,0.000122835044749,7,200,ok,
final,direct,rfft,float64,4095,8,contiguous,,direct_rfft_float64_4095_8_contiguous_,0.103166754707,0.102877059835,0.000173674779944,7,200,ok,
final,direct,rfft,float64,4095,16,contiguous,,direct_rfft_float64_4095_16_contiguous_,0.196400539608,0.196210101421,0.000178929440153,7,128,ok,
final,direct,rfft,float64,4095,32,contiguous,,direct_rfft_float64_4095_32_contiguous_,0.386063149199,0.383411196526,0.00066080247052,7,20,ok,
final,direct,rfft,float64,4095,64,contiguous,,direct_rfft_float64_4095_64_contiguous_,0.760037702275,0.753678247565,0.00105944345705,7,20,ok,
final,direct,rfft,float64,4095,256,contiguous,,direct_rfft_float64_4095_256_contiguous_,3.01636381879,3.01429900256,0.0020648162304,7,11,ok,
final,direct,rfft,float64,4096,1,contiguous,,direct_rfft_float64_4096_1_contiguous_,0.0190913726853,0.0190652208403,2.18496560776e-05,7,652,ok,
final,direct,rfft,float64,4096,2,contiguous,,direct_rfft_float64_4096_2_contiguous_,0.0222598848632,0.0220976298442,9.44297062233e-05,7,200,ok,
final,direct,rfft,float64,4096,4,contiguous,,direct_rfft_float64_4096_4_contiguous_,0.0367763347458,0.0366015051259,0.000153289292939,7,200,ok,
final,direct,rfft,float64,4096,8,contiguous,,direct_rfft_float64_4096_8_contiguous_,0.0643938750727,0.0635312550003,0.000307974987663,7,200,ok,
final,direct,rfft,float64,4096,16,contiguous,,direct_rfft_float64_4096_16_contiguous_,0.12049021956,0.120245565195,5.86605165154e-05,7,200,ok,
final,direct,rfft,float64,4096,32,contiguous,,direct_rfft_float64_4096_32_contiguous_,0.230132503202,0.229068502085,0.0010640011169,7,20,ok,
final,direct,rfft,float64,4096,64,contiguous,,direct_rfft_float64_4096_64_contiguous_,0.45788299758,0.45017505181,0.00114564900286,7,20,ok,
final,direct,rfft,float64,4096,256,contiguous,,direct_rfft_float64_4096_256_contiguous_,1.76108520674,1.74794789085,0.00297668463501,7,19,ok,
final,direct,rfft,float64,4097,1,contiguous,,direct_rfft_float64_4097_1_contiguous_,0.112065710127,0.111479609623,0.000228324788623,5,200,ok,
final,direct,rfft,float64,4097,2,contiguous,,direct_rfft_float64_4097_2_contiguous_,0.172248359063,0.172165448071,7.3096779143e-05,5,145,ok,
final,direct,rfft,float64,4097,4,contiguous,,direct_rfft_float64_4097_4_contiguous_,0.332042224105,0.331586762944,0.000420657574738,5,76,ok,
final,direct,rfft,float64,4097,8,contiguous,,direct_rfft_float64_4097_8_contiguous_,0.646043501451,0.645071133285,0.000595553214417,5,38,ok,
final,direct,rfft,float64,4097,16,contiguous,,direct_rfft_float64_4097_16_contiguous_,1.27861810033,1.26805225154,0.00429310020991,5,20,ok,
final,direct,rfft,float64,4097,32,contiguous,,direct_rfft_float64_4097_32_contiguous_,2.51353276858,2.51094400525,0.00258876333156,5,13,ok,
final,direct,rfft,float64,4097,64,contiguous,,direct_rfft_float64_4097_64_contiguous_,5.1144361496,5.03770055782,0.076735591782,5,7,ok,
final,direct,rfft,float64,4097,256,contiguous,,direct_rfft_float64_4097_256_contiguous_,20.3935910249,20.3039329499,0.0725060235709,5,1,ok,
final,direct,rfft,float64,4608,1,contiguous,,direct_rfft_float64_4608_1_contiguous_,0.0225160602713,0.0223236554302,8.06548632681e-05,5,200,ok,
final,direct,rfft,float64,4608,2,contiguous,,direct_rfft_float64_4608_2_contiguous_,0.0251866801409,0.0249403703492,0.000246309791692,5,200,ok,
final,direct,rfft,float64,4608,4,contiguous,,direct_rfft_float64_4608_4_contiguous_,0.0413787696743,0.0411757902475,0.000185000244528,5,200,ok,
final,direct,rfft,float64,4608,8,contiguous,,direct_rfft_float64_4608_8_contiguous_,0.0735761097167,0.0734365498647,0.000139559851959,5,200,ok,
final,direct,rfft,float64,4608,16,contiguous,,direct_rfft_float64_4608_16_contiguous_,0.136153097264,0.135557004251,0.000237446511164,5,20,ok,
final,direct,rfft,float64,4608,32,contiguous,,direct_rfft_float64_4608_32_contiguous_,0.266046903562,0.261350045912,0.00136155285873,5,20,ok,
final,direct,rfft,float64,4608,64,contiguous,,direct_rfft_float64_4608_64_contiguous_,0.519862299552,0.516712397803,0.00237700296566,5,20,ok,
final,direct,rfft,float64,4608,256,contiguous,,direct_rfft_float64_4608_256_contiguous_,2.06706798635,2.03318239655,0.00665038824081,5,5,ok,
final,direct,rfft,float64,8192,1,contiguous,,direct_rfft_float64_8192_1_contiguous_,0.0366468902212,0.036142845056,0.000402759760618,5,200,ok,
final,direct,rfft,float64,8192,2,contiguous,,direct_rfft_float64_8192_2_contiguous_,0.0431618199218,0.0429241248639,0.000128889805637,5,200,ok,
final,direct,rfft,float64,8192,4,contiguous,,direct_rfft_float64_8192_4_contiguous_,0.0755604350707,0.0750659051118,0.000280879903585,5,200,ok,
final,direct,rfft,float64,8192,8,contiguous,,direct_rfft_float64_8192_8_contiguous_,0.134203688151,0.133600838918,0.000151951411759,5,186,ok,
final,direct,rfft,float64,8192,16,contiguous,,direct_rfft_float64_8192_16_contiguous_,0.254246749682,0.25181969977,0.00130194821395,5,20,ok,
final,direct,rfft,float64,8192,32,contiguous,,direct_rfft_float64_8192_32_contiguous_,0.495707499795,0.492020550882,0.00247010029852,5,20,ok,
final,direct,rfft,float64,8192,64,contiguous,,direct_rfft_float64_8192_64_contiguous_,0.99963240209,0.987305247691,0.00166815007105,5,20,ok,
final,direct,rfft,float64,8192,256,contiguous,,direct_rfft_float64_8192_256_contiguous_,4.24597000238,4.20545621309,0.0203283969313,5,5,ok,
final,direct,rfft,float64,16384,1,contiguous,,direct_rfft_float64_16384_1_contiguous_,0.0789439846994,0.0786013394827,0.000221219961531,5,200,ok,
final,direct,rfft,float64,16384,2,contiguous,,direct_rfft_float64_16384_2_contiguous_,0.119496409898,0.118794639711,0.000413729576394,5,200,ok,
final,direct,rfft,float64,16384,4,contiguous,,direct_rfft_float64_16384_4_contiguous_,0.217916245834,0.216534965786,0.000589613990629,5,114,ok,
final,direct,rfft,float64,16384,8,contiguous,,direct_rfft_float64_16384_8_contiguous_,0.414330750937,0.410239549819,0.00372900394723,5,20,ok,
final,direct,rfft,float64,16384,16,contiguous,,direct_rfft_float64_16384_16_contiguous_,0.816318299621,0.813736952841,0.00185649842024,5,20,ok,
final,direct,rfft,float64,16384,32,contiguous,,direct_rfft_float64_16384_32_contiguous_,1.59420800046,1.56841859571,0.00489219673909,5,20,ok,
final,direct,rfft,float64,16384,64,contiguous,,direct_rfft_float64_16384_64_contiguous_,3.15276900603,3.11772045891,0.00776645769788,5,11,ok,
final,direct,rfft,float64,16384,256,contiguous,,direct_rfft_float64_16384_256_contiguous_,15.3319300152,15.1753260288,0.112160516437,5,2,ok,
final,direct,rfft,float64,32768,1,contiguous,,direct_rfft_float64_32768_1_contiguous_,0.217408009551,0.214473590974,0.000561691227962,5,110,ok,
final,direct,rfft,float64,32768,2,contiguous,,direct_rfft_float64_32768_2_contiguous_,0.247635459042,0.245802853897,0.00148966743533,5,48,ok,
final,direct,rfft,float64,32768,4,contiguous,,direct_rfft_float64_32768_4_contiguous_,0.478537252638,0.47491544974,0.00274219783023,5,20,ok,
final,direct,rfft,float64,32768,8,contiguous,,direct_rfft_float64_32768_8_contiguous_,0.963132904144,0.957428198308,0.00570470583625,5,20,ok,
final,direct,rfft,float64,32768,16,contiguous,,direct_rfft_float64_32768_16_contiguous_,1.90257911001,1.8830463329,0.0171004406487,5,18,ok,
final,direct,rfft,float64,32768,32,contiguous,,direct_rfft_float64_32768_32_contiguous_,3.79185775819,3.77111125272,0.00990863190964,5,8,ok,
final,direct,rfft,float64,32768,64,contiguous,,direct_rfft_float64_32768_64_contiguous_,7.83486175351,7.77510952321,0.0129292602651,5,4,ok,
final,direct,rfft,float64,32768,256,contiguous,,direct_rfft_float64_32768_256_contiguous_,35.8584199566,35.7061440591,0.0976530136541,5,1,ok,
final,direct,rfft,float64,65536,1,contiguous,,direct_rfft_float64_65536_1_contiguous_,0.479459594667,0.478828039307,0.000631555359667,5,52,ok,
final,direct,rfft,float64,65536,2,contiguous,,direct_rfft_float64_65536_2_contiguous_,0.520526053151,0.514930597274,0.00322854612023,5,20,ok,
final,direct,rfft,float64,65536,4,contiguous,,direct_rfft_float64_65536_4_contiguous_,1.02078014752,1.01137444726,0.00226520351134,5,20,ok,
final,direct,rfft,float64,65536,8,contiguous,,direct_rfft_float64_65536_8_contiguous_,2.0528045643,2.03561480885,0.0171897554537,5,16,ok,
final,direct,rfft,float64,65536,16,contiguous,,direct_rfft_float64_65536_16_contiguous_,4.12222788145,4.10269750864,0.00438699498773,5,8,ok,
final,direct,rfft,float64,65536,32,contiguous,,direct_rfft_float64_65536_32_contiguous_,8.53994273348,8.52212699829,0.0178157351911,5,4,ok,
final,direct,rfft,float64,65536,64,contiguous,,direct_rfft_float64_65536_64_contiguous_,19.4361939793,19.1706750775,0.0683369580656,5,1,ok,
final,direct,rfft,float64,65536,256,contiguous,,direct_rfft_float64_65536_256_contiguous_,76.2953539379,75.5386740202,0.45090704225,5,1,ok,
final,direct,irfft,complex64,64,1,contiguous,,direct_irfft_complex64_64_1_contiguous_,0.00487322924745,0.00479488723301,2.75620589173e-05,7,1313,ok,
final,direct,irfft,complex64,64,2,contiguous,,direct_irfft_complex64_64_2_contiguous_,0.00513569182612,0.00508999315152,4.20395909054e-05,7,1892,ok,
final,direct,irfft,complex64,64,4,contiguous,,direct_irfft_complex64_64_4_contiguous_,0.00524046702776,0.0052051304956,7.39848474041e-06,7,2000,ok,
final,direct,irfft,complex64,64,8,contiguous,,direct_irfft_complex64_64_8_contiguous_,0.00568613852374,0.00563569850056,2.6915455237e-05,7,2000,ok,
final,direct,irfft,complex64,64,16,contiguous,,direct_irfft_complex64_64_16_contiguous_,0.00629296584241,0.00623886547316,9.47837017226e-06,7,1873,ok,
final,direct,irfft,complex64,64,32,contiguous,,direct_irfft_complex64_64_32_contiguous_,0.00749710237696,0.00745141553038,2.70743926411e-05,7,1680,ok,
final,direct,irfft,complex64,64,64,contiguous,,direct_irfft_complex64_64_64_contiguous_,0.00981495484774,0.00977328893686,2.03386064061e-05,7,1329,ok,
final,direct,irfft,complex64,64,256,contiguous,,direct_irfft_complex64_64_256_contiguous_,0.0235880748369,0.0235059752595,6.03654189035e-05,7,200,ok,
final,direct,irfft,complex64,256,1,contiguous,,direct_irfft_complex64_256_1_contiguous_,0.00577484185549,0.00573972464342,2.02687177902e-05,7,1954,ok,
final,direct,irfft,complex64,256,2,contiguous,,direct_irfft_complex64_256_2_contiguous_,0.00623708981648,0.00616999814068,2.8172295961e-05,7,1648,ok,
final,direct,irfft,complex64,256,4,contiguous,,direct_irfft_complex64_256_4_contiguous_,0.00657114721802,0.00647222420885,8.0823933928e-05,7,1726,ok,
final,direct,irfft,complex64,256,8,contiguous,,direct_irfft_complex64_256_8_contiguous_,0.00757183841141,0.00752463285336,3.48757220617e-05,7,1634,ok,
final,direct,irfft,complex64,256,16,contiguous,,direct_irfft_complex64_256_16_contiguous_,0.0097734302247,0.00970790872229,1.96048844309e-05,7,1369,ok,
final,direct,irfft,complex64,256,32,contiguous,,direct_irfft_complex64_256_32_contiguous_,0.0142567598959,0.0141614302993,6.02100044489e-05,7,200,ok,
final,direct,irfft,complex64,256,64,contiguous,,direct_irfft_complex64_256_64_contiguous_,0.0229187199147,0.0226866349112,0.000173474545591,7,200,ok,
final,direct,irfft,complex64,256,256,contiguous,,direct_irfft_complex64_256_256_contiguous_,0.0758611498168,0.0756789604202,0.000182189396583,7,200,ok,
final,direct,irfft,complex64,1024,1,contiguous,,direct_irfft_complex64_1024_1_contiguous_,0.00941978723354,0.00938575249165,1.13700161083e-05,7,1297,ok,
final,direct,irfft,complex64,1024,2,contiguous,,direct_irfft_complex64_1024_2_contiguous_,0.0102771650648,0.0102270131912,5.01518735696e-05,7,1218,ok,
final,direct,irfft,complex64,1024,4,contiguous,,direct_irfft_complex64_1024_4_contiguous_,0.01128806099,0.0111289913174,0.000136895494646,7,1148,ok,
final,direct,irfft,complex64,1024,8,contiguous,,direct_irfft_complex64_1024_8_contiguous_,0.0161647895584,0.0160188699374,0.000117420568131,7,200,ok,
final,direct,irfft,complex64,1024,16,contiguous,,direct_irfft_complex64_1024_16_contiguous_,0.0260776496725,0.025948555558,0.000129094114527,7,200,ok,
final,direct,irfft,complex64,1024,32,contiguous,,direct_irfft_complex64_1024_32_contiguous_,0.0453491753433,0.045010940521,0.000338234822266,7,200,ok,
final,direct,irfft,complex64,1024,64,contiguous,,direct_irfft_complex64_1024_64_contiguous_,0.0835713697597,0.0833490054356,0.000107355299406,7,200,ok,
final,direct,irfft,complex64,1024,256,contiguous,,direct_irfft_complex64_1024_256_contiguous_,0.315436645178,0.314896053169,0.000479357549921,7,20,ok,
final,direct,irfft,complex64,2048,1,contiguous,,direct_irfft_complex64_2048_1_contiguous_,0.0144356694557,0.0143317081774,5.60121186817e-05,7,826,ok,
final,direct,irfft,complex64,2048,2,contiguous,,direct_irfft_complex64_2048_2_contiguous_,0.016096645482,0.0160347998423,3.22748448199e-05,7,804,ok,
final,direct,irfft,complex64,2048,4,contiguous,,direct_irfft_complex64_2048_4_contiguous_,0.018909345381,0.018713529571,0.000195815810002,7,200,ok,
final,direct,irfft,complex64,2048,8,contiguous,,direct_irfft_complex64_2048_8_contiguous_,0.0302538397955,0.0300463999156,4.63344622403e-05,7,200,ok,
final,direct,irfft,complex64,2048,16,contiguous,,direct_irfft_complex64_2048_16_contiguous_,0.0530808902113,0.0528388301609,0.000201080110855,7,200,ok,
final,direct,irfft,complex64,2048,32,contiguous,,direct_irfft_complex64_2048_32_contiguous_,0.0980947853532,0.0979432504391,9.8334858194e-05,7,200,ok,
final,direct,irfft,complex64,2048,64,contiguous,,direct_irfft_complex64_2048_64_contiguous_,0.187392748194,0.186972448137,0.000339152757078,7,20,ok,
final,direct,irfft,complex64,2048,256,contiguous,,direct_irfft_complex64_2048_256_contiguous_,0.727089797147,0.7248421025,0.00121885095723,7,20,ok,
final,direct,irfft,complex64,3072,1,contiguous,,direct_irfft_complex64_3072_1_contiguous_,0.0200672251647,0.0198929311043,9.96984025124e-05,7,653,ok,
final,direct,irfft,complex64,3072,2,contiguous,,direct_irfft_complex64_3072_2_contiguous_,0.0223665346857,0.0223084748723,3.68658220395e-05,7,200,ok,
final,direct,irfft,complex64,3072,4,contiguous,,direct_irfft_complex64_3072_4_contiguous_,0.0250380003126,0.0249307998456,5.75103331357e-05,7,200,ok,
final,direct,irfft,complex64,3072,8,contiguous,,direct_irfft_complex64_3072_8_contiguous_,0.041792395059,0.0416714703897,8.82148742676e-05,7,200,ok,
final,direct,irfft,complex64,3072,16,contiguous,,direct_irfft_complex64_3072_16_contiguous_,0.0750802847324,0.0748384249164,4.09292988479e-05,7,200,ok,
final,direct,irfft,complex64,3072,32,contiguous,,direct_irfft_complex64_3072_32_contiguous_,0.1415707462,0.141072797123,0.000164803350344,7,20,ok,
final,direct,irfft,complex64,3072,64,contiguous,,direct_irfft_complex64_3072_64_contiguous_,0.273004948394,0.272171897814,0.000335654476658,7,20,ok,
final,direct,irfft,complex64,3072,256,contiguous,,direct_irfft_complex64_3072_256_contiguous_,1.0686474503,1.06642880128,0.00188350095414,7,20,ok,
final,direct,irfft,complex64,3584,1,contiguous,,direct_irfft_complex64_3584_1_contiguous_,0.0210361236529,0.0209558872332,5.91778727713e-05,7,461,ok,
final,direct,irfft,complex64,3584,2,contiguous,,direct_irfft_complex64_3584_2_contiguous_,0.0333805097034,0.0331675051711,7.86496093497e-05,7,200,ok,
final,direct,irfft,complex64,3584,4,contiguous,,direct_irfft_complex64_3584_4_contiguous_,0.035811419948,0.0352907454362,7.30849569663e-05,7,200,ok,
final,direct,irfft,complex64,3584,8,contiguous,,direct_irfft_complex64_3584_8_contiguous_,0.0619006954366,0.0610416353447,0.00016791454982,7,200,ok,
final,direct,irfft,complex64,3584,16,contiguous,,direct_irfft_complex64_3584_16_contiguous_,0.113278335193,0.11317133496,0.000107000232674,7,200,ok,
final,direct,irfft,complex64,3584,32,contiguous,,direct_irfft_complex64_3584_32_contiguous_,0.213398045162,0.211842154386,0.000445795012638,7,20,ok,
final,direct,irfft,complex64,3584,64,contiguous,,direct_irfft_complex64_3584_64_contiguous_,0.416622502962,0.4140842997,0.00253820326179,7,20,ok,
final,direct,irfft,complex64,3584,256,contiguous,,direct_irfft_complex64_3584_256_contiguous_,1.63880769978,1.6326160985,0.00426199985668,7,20,ok,
final,direct,irfft,complex64,4095,1,contiguous,,direct_irfft_complex64_4095_1_contiguous_,0.0550973840861,0.0547379255295,0.000194207692117,7,255,ok,
final,direct,irfft,complex64,4095,2,contiguous,,direct_irfft_complex64_4095_2_contiguous_,0.0914214050863,0.0909694097936,0.000219914945774,7,200,ok,
final,direct,irfft,complex64,4095,4,contiguous,,direct_irfft_complex64_4095_4_contiguous_,0.0767540297238,0.076464585145,0.000244415132329,7,200,ok,
final,direct,irfft,complex64,4095,8,contiguous,,direct_irfft_complex64_4095_8_contiguous_,0.143985364268,0.143304837981,0.000200195997049,7,173,ok,
final,direct,irfft,complex64,4095,16,contiguous,,direct_irfft_complex64_4095_16_contiguous_,0.278231472409,0.276795550967,0.000251964237755,7,87,ok,
final,direct,irfft,complex64,4095,32,contiguous,,direct_irfft_complex64_4095_32_contiguous_,0.543164549163,0.535912951455,0.00138109899126,7,20,ok,
final,direct,irfft,complex64,4095,64,contiguous,,direct_irfft_complex64_4095_64_contiguous_,1.07352359919,1.07033160166,0.00225725234486,7,20,ok,
final,direct,irfft,complex64,4095,256,contiguous,,direct_irfft_complex64_4095_256_contiguous_,4.26997024624,4.24419800402,0.00966324296314,7,8,ok,
final,direct,irfft,complex64,4096,1,contiguous,,direct_irfft_complex64_4096_1_contiguous_,0.0245758499618,0.024473650851,3.43228625675e-05,7,533,ok,
final,direct,irfft,complex64,4096,2,contiguous,,direct_irfft_complex64_4096_2_contiguous_,0.0278692651773,0.0277731847018,6.75249611959e-05,7,200,ok,
final,direct,irfft,complex64,4096,4,contiguous,,direct_irfft_complex64_4096_4_contiguous_,0.0321815046482,0.0321000552503,5.82041684538e-05,7,200,ok,
final,direct,irfft,complex64,4096,8,contiguous,,direct_irfft_complex64_4096_8_contiguous_,0.0597024650779,0.0551567354705,0.00186420045793,7,200,ok,
final,direct,irfft,complex64,4096,16,contiguous,,direct_irfft_complex64_4096_16_contiguous_,0.102006825036,0.101477985154,0.000440675066784,7,200,ok,
final,direct,irfft,complex64,4096,32,contiguous,,direct_irfft_complex64_4096_32_contiguous_,0.194712495431,0.194226100575,0.000283500412479,7,20,ok,
final,direct,irfft,complex64,4096,64,contiguous,,direct_irfft_complex64_4096_64_contiguous_,0.375985749997,0.372516753851,0.000211899168789,7,20,ok,
final,direct,irfft,complex64,4096,256,contiguous,,direct_irfft_complex64_4096_256_contiguous_,1.47657369962,1.47405900061,0.000980298500508,7,20,ok,
final,direct,irfft,complex64,4097,1,contiguous,,direct_irfft_complex64_4097_1_contiguous_,0.0248257501516,0.024684634991,0.000107050291263,5,200,ok,
final,direct,irfft,complex64,4097,2,contiguous,,direct_irfft_complex64_4097_2_contiguous_,0.027950014919,0.027669389965,4.85399505123e-05,5,200,ok,
final,direct,irfft,complex64,4097,4,contiguous,,direct_irfft_complex64_4097_4_contiguous_,0.0322977750329,0.0322246400174,7.05855200067e-05,5,200,ok,
final,direct,irfft,complex64,4097,8,contiguous,,direct_irfft_complex64_4097_8_contiguous_,0.0552911852719,0.0551881903084,7.23853008822e-05,5,200,ok,
final,direct,irfft,complex64,4097,16,contiguous,,direct_irfft_complex64_4097_16_contiguous_,0.101204449311,0.100719049806,0.000485399505123,5,20,ok,
final,direct,irfft,complex64,4097,32,contiguous,,direct_irfft_complex64_4097_32_contiguous_,0.193830352509,0.192345597316,0.000584044028074,5,20,ok,
final,direct,irfft,complex64,4097,64,contiguous,,direct_irfft_complex64_4097_64_contiguous_,0.374594645109,0.371699751122,0.000636145705357,5,20,ok,
final,direct,irfft,complex64,4097,256,contiguous,,direct_irfft_complex64_4097_256_contiguous_,1.46208438091,1.45837361924,0.000534974969923,5,5,ok,
final,direct,irfft,complex64,4608,1,contiguous,,direct_irfft_complex64_4608_1_contiguous_,0.0301596097415,0.0299496704247,0.000187599798664,5,200,ok,
final,direct,irfft,complex64,4608,2,contiguous,,direct_irfft_complex64_4608_2_contiguous_,0.0338357652072,0.0336423498811,1.93348387256e-05,5,200,ok,
final,direct,irfft,complex64,4608,4,contiguous,,direct_irfft_complex64_4608_4_contiguous_,0.0363185250899,0.0362907699309,2.77551589534e-05,5,200,ok,
final,direct,irfft,complex64,4608,8,contiguous,,direct_irfft_complex64_4608_8_contiguous_,0.0632468197728,0.0629562750692,6.09148992226e-05,5,200,ok,
final,direct,irfft,complex64,4608,16,contiguous,,direct_irfft_complex64_4608_16_contiguous_,0.115436699707,0.115255347919,0.00014224788174,5,20,ok,
final,direct,irfft,complex64,4608,32,contiguous,,direct_irfft_complex64_4608_32_contiguous_,0.221385550685,0.218934996519,0.000672752503306,5,20,ok,
final,direct,irfft,complex64,4608,64,contiguous,,direct_irfft_complex64_4608_64_contiguous_,0.428300950443,0.427526998101,0.000319100217894,5,20,ok,
final,direct,irfft,complex64,4608,256,contiguous,,direct_irfft_complex64_4608_256_contiguous_,1.67933639605,1.67590980418,0.00342659186572,5,5,ok,
final,direct,irfft,complex64,8192,1,contiguous,,direct_irfft_complex64_8192_1_contiguous_,0.0483574700775,0.0480309600243,0.000201175571419,5,200,ok,
final,direct,irfft,complex64,8192,2,contiguous,,direct_irfft_complex64_8192_2_contiguous_,0.0543457648018,0.0541653251275,0.000180439674295,5,200,ok,
final,direct,irfft,complex64,8192,4,contiguous,,direct_irfft_complex64_8192_4_contiguous_,0.0621388899162,0.0618846650468,0.000223170500249,5,200,ok,
final,direct,irfft,complex64,8192,8,contiguous,,direct_irfft_complex64_8192_8_contiguous_,0.111787734786,0.111410630052,0.000254380283877,5,200,ok,
final,direct,irfft,complex64,8192,16,contiguous,,direct_irfft_complex64_8192_16_contiguous_,0.20850939909,0.208221853245,0.000287545844913,5,20,ok,
final,direct,irfft,complex64,8192,32,contiguous,,direct_irfft_complex64_8192_32_contiguous_,0.399655196816,0.397950503975,0.0010775460396,5,20,ok,
final,direct,irfft,complex64,8192,64,contiguous,,direct_irfft_complex64_8192_64_contiguous_,0.783605902689,0.78276785207,0.000838050618768,5,20,ok,
final,direct,irfft,complex64,8192,256,contiguous,,direct_irfft_complex64_8192_256_contiguous_,3.15051199868,3.13282480929,0.000789598561823,5,5,ok,
final,direct,irfft,complex64,16384,1,contiguous,,direct_irfft_complex64_16384_1_contiguous_,0.082076714607,0.0815309898462,0.000127189559862,5,200,ok,
final,direct,irfft,complex64,16384,2,contiguous,,direct_irfft_complex64_16384_2_contiguous_,0.140932103954,0.140450097672,0.000207763017587,5,164,ok,
final,direct,irfft,complex64,16384,4,contiguous,,direct_irfft_complex64_16384_4_contiguous_,0.151790080517,0.15067575161,0.00027119274604,5,161,ok,
final,direct,irfft,complex64,16384,8,contiguous,,direct_irfft_complex64_16384_8_contiguous_,0.281109148636,0.280303152977,0.000654748873785,5,20,ok,
final,direct,irfft,complex64,16384,16,contiguous,,direct_irfft_complex64_16384_16_contiguous_,0.543956097681,0.541489949683,0.00169565319084,5,20,ok,
final,direct,irfft,complex64,16384,32,contiguous,,direct_irfft_complex64_16384_32_contiguous_,1.06499260291,1.06438745279,0.000605150125921,5,20,ok,
final,direct,irfft,complex64,16384,64,contiguous,,direct_irfft_complex64_16384_64_contiguous_,2.09354856634,2.08179143374,0.00816913234303,5,16,ok,
final,direct,irfft,complex64,16384,256,contiguous,,direct_irfft_complex64_16384_256_contiguous_,8.28752401867,8.251569001,0.0234189792536,5,4,ok,
final,direct,irfft,complex64,32768,1,contiguous,,direct_irfft_complex64_32768_1_contiguous_,0.170178622907,0.16889223998,0.000721082882318,5,146,ok,
final,direct,irfft,complex64,32768,2,contiguous,,direct_irfft_complex64_32768_2_contiguous_,0.283040940606,0.282184213921,0.000833820584895,5,84,ok,
final,direct,irfft,complex64,32768,4,contiguous,,direct_irfft_complex64_32768_4_contiguous_,0.313202402322,0.312091846718,0.000771949999034,5,20,ok,
final,direct,irfft,complex64,32768,8,contiguous,,direct_irfft_complex64_32768_8_contiguous_,0.610452401452,0.609719502972,0.000628200359643,5,20,ok,
final,direct,irfft,complex64,32768,16,contiguous,,direct_irfft_complex64_32768_16_contiguous_,1.22020845301,1.20711490163,0.00674415496178,5,20,ok,
final,direct,irfft,complex64,32768,32,contiguous,,direct_irfft_complex64_32768_32_contiguous_,2.43857028129,2.42261749892,0.00823043020708,5,14,ok,
final,direct,irfft,complex64,32768,64,contiguous,,direct_irfft_complex64_32768_64_contiguous_,4.85771838576,4.84194899909,0.0139961950481,5,5,ok,
final,direct,irfft,complex64,32768,256,contiguous,,direct_irfft_complex64_32768_256_contiguous_,21.6383070219,21.5741569409,0.0511260004714,5,1,ok,
final,direct,irfft,complex64,65536,1,contiguous,,direct_irfft_complex64_65536_1_contiguous_,0.340413370757,0.338017643901,0.00106227226964,5,73,ok,
final,direct,irfft,complex64,65536,2,contiguous,,direct_irfft_complex64_65536_2_contiguous_,0.601928896504,0.60102220159,0.000906694913283,5,20,ok,
final,direct,irfft,complex64,65536,4,contiguous,,direct_irfft_complex64_65536_4_contiguous_,0.659722351702,0.647201848915,0.00543870264664,5,20,ok,
final,direct,irfft,complex64,65536,8,contiguous,,direct_irfft_complex64_65536_8_contiguous_,1.3322682993,1.32575409953,0.00377810210921,5,20,ok,
final,direct,irfft,complex64,65536,16,contiguous,,direct_irfft_complex64_65536_16_contiguous_,2.62282023099,2.60446892263,0.0102823833004,5,13,ok,
final,direct,irfft,complex64,65536,32,contiguous,,direct_irfft_complex64_65536_32_contiguous_,5.35438479856,5.13841318898,0.0401112018153,5,5,ok,
final,direct,irfft,complex64,65536,64,contiguous,,direct_irfft_complex64_65536_64_contiguous_,10.538548658,10.3637273423,0.159459343801,5,3,ok,
final,direct,irfft,complex64,65536,256,contiguous,,direct_irfft_complex64_65536_256_contiguous_,44.9090589536,44.7763099801,0.0662639504299,5,1,ok,
final,direct,irfft,complex128,64,1,contiguous,,direct_irfft_complex128_64_1_contiguous_,0.00479497555343,0.00477710660952,1.16313191783e-05,7,1801,ok,
final,direct,irfft,complex128,64,2,contiguous,,direct_irfft_complex128_64_2_contiguous_,0.0049997549504,0.00498939550016,4.05253376812e-06,7,2000,ok,
final,direct,irfft,complex128,64,4,contiguous,,direct_irfft_complex128_64_4_contiguous_,0.00524509546813,0.00520912848879,1.70825514942e-05,7,2000,ok,
final,direct,irfft,complex128,64,8,contiguous,,direct_irfft_complex128_64_8_contiguous_,0.00562381651253,0.00559381995117,1.22679630294e-05,7,2000,ok,
final,direct,irfft,complex128,64,16,contiguous,,direct_irfft_complex128_64_16_contiguous_,0.00629938952625,0.00626155850478,1.39410258271e-05,7,2000,ok,
final,direct,irfft,complex128,64,32,contiguous,,direct_irfft_complex128_64_32_contiguous_,0.00774125748547,0.00764501970673,4.09253404488e-05,7,1674,ok,
final,direct,irfft,complex128,64,64,contiguous,,direct_irfft_complex128_64_64_contiguous_,0.0101747930366,0.0101101455519,3.41735897449e-05,7,1319,ok,
final,direct,irfft,complex128,64,256,contiguous,,direct_irfft_complex128_64_256_contiguous_,0.0261288444744,0.0258608954027,0.000128639512695,7,200,ok,
final,direct,irfft,complex128,256,1,contiguous,,direct_irfft_complex128_256_1_contiguous_,0.00550895096967,0.00545737397624,9.86800296232e-06,7,2000,ok,
final,direct,irfft,complex128,256,2,contiguous,,direct_irfft_complex128_256_2_contiguous_,0.00592588208404,0.00589458317078,2.82837149943e-05,7,1967,ok,
final,direct,irfft,complex128,256,4,contiguous,,direct_irfft_complex128_256_4_contiguous_,0.00669473665766,0.00667205102682,1.15484618483e-05,7,1880,ok,
final,direct,irfft,complex128,256,8,contiguous,,direct_irfft_complex128_256_8_contiguous_,0.00803745868821,0.00794736264351,1.32233613746e-05,7,1657,ok,
final,direct,irfft,complex128,256,16,contiguous,,direct_irfft_complex128_256_16_contiguous_,0.0107129040885,0.010661783955,3.12851755528e-05,7,1231,ok,
final,direct,irfft,complex128,256,32,contiguous,,direct_irfft_complex128_256_32_contiguous_,0.0162032654043,0.0161252653925,5.52041456103e-05,7,200,ok,
final,direct,irfft,complex128,256,64,contiguous,,direct_irfft_complex128_256_64_contiguous_,0.0273996801116,0.0271147000603,6.40697544441e-05,7,200,ok,
final,direct,irfft,complex128,256,256,contiguous,,direct_irfft_complex128_256_256_contiguous_,0.0934052298544,0.0930723547935,0.000198980560526,7,200,ok,
final,direct,irfft,complex128,1024,1,contiguous,,direct_irfft_complex128_1024_1_contiguous_,0.00879822645703,0.0086978367797,3.4312725651e-05,7,1391,ok,
final,direct,irfft,complex128,1024,2,contiguous,,direct_irfft_complex128_1024_2_contiguous_,0.00949128283811,0.00947496403718,1.19352833545e-05,7,1223,ok,
final,direct,irfft,complex128,1024,4,contiguous,,direct_irfft_complex128_1024_4_contiguous_,0.0127163408479,0.012623734392,4.08583673561e-05,7,1024,ok,
final,direct,irfft,complex128,1024,8,contiguous,,direct_irfft_complex128_1024_8_contiguous_,0.019488784601,0.0192592997337,7.0434762165e-05,7,200,ok,
final,direct,irfft,complex128,1024,16,contiguous,,direct_irfft_complex128_1024_16_contiguous_,0.0320600299165,0.0319362501614,0.000105045037344,7,200,ok,
final,direct,irfft,complex128,1024,32,contiguous,,direct_irfft_complex128_1024_32_contiguous_,0.0585382350255,0.0583758298308,6.30202703178e-05,7,200,ok,
final,direct,irfft,complex128,1024,64,contiguous,,direct_irfft_complex128_1024_64_contiguous_,0.109502550331,0.109422300011,8.02503200248e-05,7,200,ok,
final,direct,irfft,complex128,1024,256,contiguous,,direct_irfft_complex128_1024_256_contiguous_,0.411000452004,0.409620895516,0.00107450177893,7,20,ok,
final,direct,irfft,complex128,2048,1,contiguous,,direct_irfft_complex128_2048_1_contiguous_,0.0130013923755,0.0129231171136,2.32462402996e-05,7,999,ok,
final,direct,irfft,complex128,2048,2,contiguous,,direct_irfft_complex128_2048_2_contiguous_,0.0153866721057,0.015310030214,3.72686055164e-05,7,860,ok,
final,direct,irfft,complex128,2048,4,contiguous,,direct_irfft_complex128_2048_4_contiguous_,0.0234530749731,0.0234000699129,3.37103847414e-05,7,200,ok,
final,direct,irfft,complex128,2048,8,contiguous,,direct_irfft_complex128_2048_8_contiguous_,0.0395642151125,0.0391811452573,0.00018650025595,7,200,ok,
final,direct,irfft,complex128,2048,16,contiguous,,direct_irfft_complex128_2048_16_contiguous_,0.071353240055,0.0712246447802,0.000123734935187,7,200,ok,
final,direct,irfft,complex128,2048,32,contiguous,,direct_irfft_complex128_2048_32_contiguous_,0.134740762312,0.13408699463,8.21023776724e-05,7,185,ok,
final,direct,irfft,complex128,2048,64,contiguous,,direct_irfft_complex128_2048_64_contiguous_,0.260561099276,0.259650900261,0.000501901376992,7,20,ok,
final,direct,irfft,complex128,2048,256,contiguous,,direct_irfft_complex128_2048_256_contiguous_,1.01811759523,1.01635879837,0.000766949960962,7,20,ok,
final,direct,irfft,complex128,3072,1,contiguous,,direct_irfft_complex128_3072_1_contiguous_,0.0176421557365,0.0175487258833,1.62613908443e-05,7,719,ok,
final,direct,irfft,complex128,3072,2,contiguous,,direct_irfft_complex128_3072_2_contiguous_,0.0200699199922,0.0199985853396,7.13346526027e-05,7,200,ok,
final,direct,irfft,complex128,3072,4,contiguous,,direct_irfft_complex128_3072_4_contiguous_,0.0319551798748,0.0318021449493,5.73601573706e-05,7,200,ok,
final,direct,irfft,complex128,3072,8,contiguous,,direct_irfft_complex128_3072_8_contiguous_,0.0555971101858,0.0555260299006,4.65352786705e-05,7,200,ok,
final,direct,irfft,complex128,3072,16,contiguous,,direct_irfft_complex128_3072_16_contiguous_,0.102045399835,0.101892764797,0.000119674950838,7,200,ok,
final,direct,irfft,complex128,3072,32,contiguous,,direct_irfft_complex128_3072_32_contiguous_,0.195007049479,0.193866400514,0.000286049908027,7,20,ok,
final,direct,irfft,complex128,3072,64,contiguous,,direct_irfft_complex128_3072_64_contiguous_,0.380021799356,0.378611200722,0.000989844556898,7,20,ok,
final,direct,irfft,complex128,3072,256,contiguous,,direct_irfft_complex128_3072_256_contiguous_,1.49512750213,1.49252160336,0.00105199869722,7,20,ok,
final,direct,irfft,complex128,3584,1,contiguous,,direct_irfft_complex128_3584_1_contiguous_,0.0201245887553,0.020062888452,6.17003033239e-05,7,637,ok,
final,direct,irfft,complex128,3584,2,contiguous,,direct_irfft_complex128_3584_2_contiguous_,0.0296721496852,0.0294195249444,5.56546729058e-05,7,200,ok,
final,direct,irfft,complex128,3584,4,contiguous,,direct_irfft_complex128_3584_4_contiguous_,0.0494212150807,0.0490180152701,0.000142715289257,7,200,ok,
final,direct,irfft,complex128,3584,8,contiguous,,direct_irfft_complex128_3584_8_contiguous_,0.092219155049,0.0892353052041,0.000595370074734,7,200,ok,
final,direct,irfft,complex128,3584,16,contiguous,,direct_irfft_complex128_3584_16_contiguous_,0.16802786977,0.167530020444,0.000497849326428,7,146,ok,
final,direct,irfft,complex128,3584,32,contiguous,,direct_irfft_complex128_3584_32_contiguous_,0.325302151032,0.323437148472,0.00151984859258,7,20,ok,
final,direct,irfft,complex128,3584,64,contiguous,,direct_irfft_complex128_3584_64_contiguous_,0.636253302218,0.634104252094,0.00177784822881,7,20,ok,
final,direct,irfft,complex128,3584,256,contiguous,,direct_irfft_complex128_3584_256_contiguous_,2.51582400121,2.50702746248,0.00562515253058,7,13,ok,
final,direct,irfft,complex128,4095,1,contiguous,,direct_irfft_complex128_4095_1_contiguous_,0.0455128767416,0.0452421391594,8.14820600607e-05,7,309,ok,
final,direct,irfft,complex128,4095,2,contiguous,,direct_irfft_complex128_4095_2_contiguous_,0.0703628803603,0.0697354000295,0.000116370501928,7,200,ok,
final,direct,irfft,complex128,4095,4,contiguous,,direct_irfft_complex128_4095_4_contiguous_,0.130440852311,0.129859289767,0.000222841596329,7,190,ok,
final,direct,irfft,complex128,4095,8,contiguous,,direct_irfft_complex128_4095_8_contiguous_,0.250398535235,0.249325434935,0.000415128969246,7,101,ok,
final,direct,irfft,complex128,4095,16,contiguous,,direct_irfft_complex128_4095_16_contiguous_,0.49429644132,0.492344379891,0.00068788183853,7,50,ok,
final,direct,irfft,complex128,4095,32,contiguous,,direct_irfft_complex128_4095_32_contiguous_,0.982290902175,0.98038475262,0.00105750514194,7,20,ok,
final,direct,irfft,complex128,4095,64,contiguous,,direct_irfft_complex128_4095_64_contiguous_,1.95127682459,1.94768423406,0.00207629465662,7,17,ok,
final,direct,irfft,complex128,4095,256,contiguous,,direct_irfft_complex128_4095_256_contiguous_,7.77776449104,7.75077898288,0.0114589929581,7,4,ok,
final,direct,irfft,complex128,4096,1,contiguous,,direct_irfft_complex128_4096_1_contiguous_,0.0219833255866,0.0219217641202,5.92308394314e-05,7,602,ok,
final,direct,irfft,complex128,4096,2,contiguous,,direct_irfft_complex128_4096_2_contiguous_,0.0255765597103,0.0255245598964,5.1999813877e-05,7,200,ok,
final,direct,irfft,complex128,4096,4,contiguous,,direct_irfft_complex128_4096_4_contiguous_,0.042402940453,0.0421897950582,6.94749178365e-05,7,200,ok,
final,direct,irfft,complex128,4096,8,contiguous,,direct_irfft_complex128_4096_8_contiguous_,0.0752617249964,0.0749480852392,8.88149952516e-05,7,200,ok,
final,direct,irfft,complex128,4096,16,contiguous,,direct_irfft_complex128_4096_16_contiguous_,0.140729756884,0.140539796676,0.000160242730783,7,177,ok,
final,direct,irfft,complex128,4096,32,contiguous,,direct_irfft_complex128_4096_32_contiguous_,0.27052880032,0.269751850283,0.000478397123516,7,20,ok,
final,direct,irfft,complex128,4096,64,contiguous,,direct_irfft_complex128_4096_64_contiguous_,0.531842350028,0.52837585099,0.00322459964082,7,20,ok,
final,direct,irfft,complex128,4096,256,contiguous,,direct_irfft_complex128_4096_256_contiguous_,2.11783162376,2.10548406176,0.00117906165542,7,16,ok,
final,direct,irfft,complex128,4097,1,contiguous,,direct_irfft_complex128_4097_1_contiguous_,0.0224557000911,0.0224491400877,5.71017153561e-06,5,200,ok,
final,direct,irfft,complex128,4097,2,contiguous,,direct_irfft_complex128_4097_2_contiguous_,0.0255458999891,0.0253936153604,0.000103295315057,5,200,ok,
final,direct,irfft,complex128,4097,4,contiguous,,direct_irfft_complex128_4097_4_contiguous_,0.0432061002357,0.0429493252886,6.74754846841e-05,5,200,ok,
final,direct,irfft,complex128,4097,8,contiguous,,direct_irfft_complex128_4097_8_contiguous_,0.0765776948538,0.0762062950525,9.11753159016e-05,5,200,ok,
final,direct,irfft,complex128,4097,16,contiguous,,direct_irfft_complex128_4097_16_contiguous_,0.142728898209,0.142486451659,0.000190403079614,5,20,ok,
final,direct,irfft,complex128,4097,32,contiguous,,direct_irfft_complex128_4097_32_contiguous_,0.273367651971,0.271519145463,0.000212353188545,5,20,ok,
final,direct,irfft,complex128,4097,64,contiguous,,direct_irfft_complex128_4097_64_contiguous_,0.536257599015,0.533988844836,0.000655197072774,5,20,ok,
final,direct,irfft,complex128,4097,256,contiguous,,direct_irfft_complex128_4097_256_contiguous_,2.11939639412,2.11554900743,0.00384738668799,5,5,ok,
final,direct,irfft,complex128,4608,1,contiguous,,direct_irfft_complex128_4608_1_contiguous_,0.0255001150072,0.0254139048047,5.63554931432e-05,5,200,ok,
final,direct,irfft,complex128,4608,2,contiguous,,direct_irfft_complex128_4608_2_contiguous_,0.0290490745101,0.0285172299482,5.19008608535e-05,5,200,ok,
final,direct,irfft,complex128,4608,4,contiguous,,direct_irfft_complex128_4608_4_contiguous_,0.0476044550305,0.0475660897791,3.4014810808e-05,5,200,ok,
final,direct,irfft,complex128,4608,8,contiguous,,direct_irfft_complex128_4608_8_contiguous_,0.0851717800833,0.0849720049882,0.000199775095098,5,200,ok,
final,direct,irfft,complex128,4608,16,contiguous,,direct_irfft_complex128_4608_16_contiguous_,0.159333599731,0.157624849817,0.000763399293646,5,20,ok,
final,direct,irfft,complex128,4608,32,contiguous,,direct_irfft_complex128_4608_32_contiguous_,0.307543302188,0.306199799525,0.001020898344,5,20,ok,
final,direct,irfft,complex128,4608,64,contiguous,,direct_irfft_complex128_4608_64_contiguous_,0.60508485185,0.603253900772,0.000346597516909,5,20,ok,
final,direct,irfft,complex128,4608,256,contiguous,,direct_irfft_complex128_4608_256_contiguous_,2.38736721221,2.38482260611,0.000615394674242,5,5,ok,
final,direct,irfft,complex128,8192,1,contiguous,,direct_irfft_complex128_8192_1_contiguous_,0.0413938501151,0.0413616903825,3.21597326547e-05,5,200,ok,
final,direct,irfft,complex128,8192,2,contiguous,,direct_irfft_complex128_8192_2_contiguous_,0.048142769956,0.0480100198183,0.000132750137709,5,200,ok,
final,direct,irfft,complex128,8192,4,contiguous,,direct_irfft_complex128_8192_4_contiguous_,0.08357593033,0.0834466348169,0.000129295513034,5,200,ok,
final,direct,irfft,complex128,8192,8,contiguous,,direct_irfft_complex128_8192_8_contiguous_,0.153633912661,0.153339385512,0.000102428129371,5,161,ok,
final,direct,irfft,complex128,8192,16,contiguous,,direct_irfft_complex128_8192_16_contiguous_,0.292663852451,0.291599350749,0.000206899130717,5,20,ok,
final,direct,irfft,complex128,8192,32,contiguous,,direct_irfft_complex128_8192_32_contiguous_,0.568678946001,0.566105649341,0.00257329666056,5,20,ok,
final,direct,irfft,complex128,8192,64,contiguous,,direct_irfft_complex128_8192_64_contiguous_,1.1317800032,1.12591045327,0.00209889840335,5,20,ok,
final,direct,irfft,complex128,8192,256,contiguous,,direct_irfft_complex128_8192_256_contiguous_,4.61633340456,4.59624959622,0.00655439216644,5,5,ok,
final,direct,irfft,complex128,16384,1,contiguous,,direct_irfft_complex128_16384_1_contiguous_,0.0826819054782,0.0826373201562,4.45853220299e-05,5,200,ok,
final,direct,irfft,complex128,16384,2,contiguous,,direct_irfft_complex128_16384_2_contiguous_,0.123419994614,0.123011934999,0.000374161990712,5,185,ok,
final,direct,irfft,complex128,16384,4,contiguous,,direct_irfft_complex128_16384_4_contiguous_,0.226241094939,0.225919065997,0.000193575616785,5,106,ok,
final,direct,irfft,complex128,16384,8,contiguous,,direct_irfft_complex128_16384_8_contiguous_,0.434615346603,0.433213653741,0.00140169286169,5,20,ok,
final,direct,irfft,complex128,16384,16,contiguous,,direct_irfft_complex128_16384_16_contiguous_,0.851199304452,0.839783903211,0.0114154012408,5,20,ok,
final,direct,irfft,complex128,16384,32,contiguous,,direct_irfft_complex128_16384_32_contiguous_,1.6800480953,1.67593639926,0.00167165417224,5,20,ok,
final,direct,irfft,complex128,16384,64,contiguous,,direct_irfft_complex128_16384_64_contiguous_,3.33545600297,3.33009790629,0.00535809667781,5,10,ok,
final,direct,irfft,complex128,16384,256,contiguous,,direct_irfft_complex128_16384_256_contiguous_,15.6444910099,15.5961005366,0.0447945203632,5,2,ok,
final,direct,irfft,complex128,32768,1,contiguous,,direct_irfft_complex128_32768_1_contiguous_,0.221657943172,0.221025634984,0.000469290834164,5,107,ok,
final,direct,irfft,complex128,32768,2,contiguous,,direct_irfft_complex128_32768_2_contiguous_,0.259600219579,0.258555438146,0.000934042570104,5,96,ok,
final,direct,irfft,complex128,32768,4,contiguous,,direct_irfft_complex128_32768_4_contiguous_,0.506985647371,0.505287450505,0.00169819686562,5,20,ok,
final,direct,irfft,complex128,32768,8,contiguous,,direct_irfft_complex128_32768_8_contiguous_,1.00029764581,0.99636480445,0.00376759562641,5,20,ok,
final,direct,irfft,complex128,32768,16,contiguous,,direct_irfft_complex128_32768_16_contiguous_,2.00265388498,1.99199858916,0.00259193920476,5,17,ok,
final,direct,irfft,complex128,32768,32,contiguous,,direct_irfft_complex128_32768_32_contiguous_,4.00240799354,3.99273849325,0.00912962423172,5,8,ok,
final,direct,irfft,complex128,32768,64,contiguous,,direct_irfft_complex128_32768_64_contiguous_,8.14583574538,8.1358042662,0.010031479178,5,4,ok,
final,direct,irfft,complex128,32768,256,contiguous,,direct_irfft_complex128_32768_256_contiguous_,36.4500200376,36.3080140669,0.0604339875281,5,1,ok,
final,direct,irfft,complex128,65536,1,contiguous,,direct_irfft_complex128_65536_1_contiguous_,0.486738347848,0.484695529793,0.00170401858204,5,49,ok,
final,direct,irfft,complex128,65536,2,contiguous,,direct_irfft_complex128_65536_2_contiguous_,0.547233701218,0.539927498903,0.000606151297688,5,20,ok,
final,direct,irfft,complex128,65536,4,contiguous,,direct_irfft_complex128_65536_4_contiguous_,1.07426550239,1.06953660143,0.00398245174438,5,20,ok,
final,direct,irfft,complex128,65536,8,contiguous,,direct_irfft_complex128_65536_8_contiguous_,2.19375793822,2.1833369974,0.00601192781081,5,15,ok,
final,direct,irfft,complex128,65536,16,contiguous,,direct_irfft_complex128_65536_16_contiguous_,4.37268801033,4.36178757809,0.00859170021223,5,7,ok,
final,direct,irfft,complex128,65536,32,contiguous,,direct_irfft_complex128_65536_32_contiguous_,8.95261500652,8.93605069723,0.0165643092866,5,3,ok,
final,direct,irfft,complex128,65536,64,contiguous,,direct_irfft_complex128_65536_64_contiguous_,19.5618689759,19.5141200675,0.0079550081864,5,1,ok,
final,direct,irfft,complex128,65536,256,contiguous,,direct_irfft_complex128_65536_256_contiguous_,79.288572073,79.2705289787,0.0180430943146,5,1,ok,
