candidate,group,operation,dtype,n,batch,layout,variant,case_id,median_ms,best_ms,mad_ms,samples,loops,status,notes
c222,direct,fft,complex64,64,1,contiguous,,direct_fft_complex64_64_1_contiguous_,0.0050231938603,0.00495313587885,2.51558325861e-05,7,1104,ok,
c222,direct,fft,complex64,64,2,contiguous,,direct_fft_complex64_64_2_contiguous_,0.00549808147603,0.00545646576666,1.27784586254e-05,7,1535,ok,
c222,direct,fft,complex64,64,4,contiguous,,direct_fft_complex64_64_4_contiguous_,0.00590224855723,0.00588716104712,1.0615196378e-05,7,1931,ok,
c222,direct,fft,complex64,64,8,contiguous,,direct_fft_complex64_64_8_contiguous_,0.00682956928155,0.00672633014725,1.56540767942e-05,7,1769,ok,
c222,direct,fft,complex64,64,16,contiguous,,direct_fft_complex64_64_16_contiguous_,0.00813600892747,0.00807742775499,2.49187591845e-05,7,1564,ok,
c222,direct,fft,complex64,64,32,contiguous,,direct_fft_complex64_64_32_contiguous_,0.011208929069,0.0110145611132,9.34628133497e-05,7,1171,ok,
c222,direct,fft,complex64,64,64,contiguous,,direct_fft_complex64_64_64_contiguous_,0.01694388615,0.0168023725204,3.62550162037e-05,7,808,ok,
c222,direct,fft,complex64,64,256,contiguous,,direct_fft_complex64_64_256_contiguous_,0.211871723144,0.203296991198,0.00306799080411,7,119,ok,
c222,direct,fft,complex64,256,1,contiguous,,direct_fft_complex64_256_1_contiguous_,0.00621982391214,0.00619542345728,1.52835483125e-06,7,1658,ok,
c222,direct,fft,complex64,256,2,contiguous,,direct_fft_complex64_256_2_contiguous_,0.00764633243545,0.00749447329343,6.38043214512e-05,7,1441,ok,
c222,direct,fft,complex64,256,4,contiguous,,direct_fft_complex64_256_4_contiguous_,0.00947551276893,0.00937820870655,2.98069284245e-05,7,1289,ok,
c222,direct,fft,complex64,256,8,contiguous,,direct_fft_complex64_256_8_contiguous_,0.0131406523884,0.0130695955046,1.72681544294e-05,7,984,ok,
c222,direct,fft,complex64,256,16,contiguous,,direct_fft_complex64_256_16_contiguous_,0.0207272833273,0.0204708469933,0.00017751518175,7,621,ok,
c222,direct,fft,complex64,256,32,contiguous,,direct_fft_complex64_256_32_contiguous_,0.0363451999146,0.0353810051456,0.00096419476904,7,200,ok,
c222,direct,fft,complex64,256,64,contiguous,,direct_fft_complex64_256_64_contiguous_,0.224936542441,0.22264010225,0.00215008437076,7,107,ok,
c222,direct,fft,complex64,256,256,contiguous,,direct_fft_complex64_256_256_contiguous_,0.986103749407,0.972292584872,0.0138111645356,7,24,ok,
c222,direct,fft,complex64,1024,1,contiguous,,direct_fft_complex64_1024_1_contiguous_,0.0137698055119,0.0135285869556,6.67393806816e-05,7,833,ok,
c222,direct,fft,complex64,1024,2,contiguous,,direct_fft_complex64_1024_2_contiguous_,0.0185898093966,0.0179337435745,0.000403333382191,7,624,ok,
c222,direct,fft,complex64,1024,4,contiguous,,direct_fft_complex64_1024_4_contiguous_,0.0273632279036,0.0269572435346,0.000105127609886,7,509,ok,
c222,direct,fft,complex64,1024,8,contiguous,,direct_fft_complex64_1024_8_contiguous_,0.0444212200819,0.0443505396834,4.48850914836e-05,7,200,ok,
c222,direct,fft,complex64,1024,16,contiguous,,direct_fft_complex64_1024_16_contiguous_,0.0795542099513,0.0790659000631,0.000115970033221,7,200,ok,
c222,direct,fft,complex64,1024,32,contiguous,,direct_fft_complex64_1024_32_contiguous_,0.147390018038,0.146610794886,0.000120583831905,7,166,ok,
c222,direct,fft,complex64,1024,64,contiguous,,direct_fft_complex64_1024_64_contiguous_,0.9933890445,0.989756003643,0.00121308160791,7,24,ok,
c222,direct,fft,complex64,1024,256,contiguous,,direct_fft_complex64_1024_256_contiguous_,2.6420262487,2.62531175395,0.010917923646,7,12,ok,
c222,direct,fft,complex64,2048,1,contiguous,,direct_fft_complex64_2048_1_contiguous_,0.0224054040067,0.0220407012349,5.61318144152e-05,7,599,ok,
c222,direct,fft,complex64,2048,2,contiguous,,direct_fft_complex64_2048_2_contiguous_,0.0330403436194,0.0328080046593,3.73411047108e-05,7,425,ok,
c222,direct,fft,complex64,2048,4,contiguous,,direct_fft_complex64_2048_4_contiguous_,0.0535413355101,0.0534345849883,7.23794801161e-05,7,200,ok,
c222,direct,fft,complex64,2048,8,contiguous,,direct_fft_complex64_2048_8_contiguous_,0.0935798248975,0.0933872151654,6.30150316283e-05,7,200,ok,
c222,direct,fft,complex64,2048,16,contiguous,,direct_fft_complex64_2048_16_contiguous_,0.172792769434,0.1721592804,0.000501636064032,7,143,ok,
c222,direct,fft,complex64,2048,32,contiguous,,direct_fft_complex64_2048_32_contiguous_,0.327067919946,0.32385376184,0.000783827425422,7,76,ok,
c222,direct,fft,complex64,2048,64,contiguous,,direct_fft_complex64_2048_64_contiguous_,0.637875503162,0.629356101854,0.00312684569508,7,20,ok,
c222,direct,fft,complex64,2048,256,contiguous,,direct_fft_complex64_2048_256_contiguous_,4.47303457518,4.41530686138,0.0322359846905,7,7,ok,
c222,direct,fft,complex64,3072,1,contiguous,,direct_fft_complex64_3072_1_contiguous_,0.0311193822028,0.0297429907995,0.000656464667799,7,437,ok,
c222,direct,fft,complex64,3072,2,contiguous,,direct_fft_complex64_3072_2_contiguous_,0.0474486197345,0.046999680344,0.000448939390481,7,200,ok,
c222,direct,fft,complex64,3072,4,contiguous,,direct_fft_complex64_3072_4_contiguous_,0.0782245298615,0.0778465246549,0.00017618003767,7,200,ok,
c222,direct,fft,complex64,3072,8,contiguous,,direct_fft_complex64_3072_8_contiguous_,0.140470977137,0.139795391905,0.000643533977299,7,176,ok,
c222,direct,fft,complex64,3072,16,contiguous,,direct_fft_complex64_3072_16_contiguous_,0.264346150191,0.262311172812,0.00103935474149,7,93,ok,
c222,direct,fft,complex64,3072,32,contiguous,,direct_fft_complex64_3072_32_contiguous_,0.512975949096,0.508159998572,0.00382665311918,7,20,ok,
c222,direct,fft,complex64,3072,64,contiguous,,direct_fft_complex64_3072_64_contiguous_,1.0003080999,0.989589601522,0.00319650280289,7,20,ok,
c222,direct,fft,complex64,3072,256,contiguous,,direct_fft_complex64_3072_256_contiguous_,6.6423336044,6.56180919614,0.064395996742,7,5,ok,
c222,direct,fft,complex64,3584,1,contiguous,,direct_fft_complex64_3584_1_contiguous_,0.0337895103658,0.0337194844386,5.6297967085e-05,7,386,ok,
c222,direct,fft,complex64,3584,2,contiguous,,direct_fft_complex64_3584_2_contiguous_,0.0534245150629,0.0532585551264,0.000115865259431,7,200,ok,
c222,direct,fft,complex64,3584,4,contiguous,,direct_fft_complex64_3584_4_contiguous_,0.0887219101423,0.0885720853694,0.000141959753819,7,200,ok,
c222,direct,fft,complex64,3584,8,contiguous,,direct_fft_complex64_3584_8_contiguous_,0.160805682115,0.160491854162,0.000313827952999,7,151,ok,
c222,direct,fft,complex64,3584,16,contiguous,,direct_fft_complex64_3584_16_contiguous_,0.297165487427,0.296360111679,0.000260224624071,7,80,ok,
c222,direct,fft,complex64,3584,32,contiguous,,direct_fft_complex64_3584_32_contiguous_,0.579917849973,0.578712602146,0.00076544820331,7,20,ok,
c222,direct,fft,complex64,3584,64,contiguous,,direct_fft_complex64_3584_64_contiguous_,1.12995445379,1.11997335334,0.0066218955908,7,20,ok,
c222,direct,fft,complex64,3584,256,contiguous,,direct_fft_complex64_3584_256_contiguous_,7.52042699605,7.39375076955,0.093920272775,7,4,ok,
c222,direct,fft,complex64,4095,1,contiguous,,direct_fft_complex64_4095_1_contiguous_,0.0442246472218,0.0440921524868,7.74117579819e-05,7,289,ok,
c222,direct,fft,complex64,4095,2,contiguous,,direct_fft_complex64_4095_2_contiguous_,0.074694044888,0.0740794453304,0.000180384959094,7,200,ok,
c222,direct,fft,complex64,4095,4,contiguous,,direct_fft_complex64_4095_4_contiguous_,0.13512757584,0.134839320115,0.000142222827138,7,184,ok,
c222,direct,fft,complex64,4095,8,contiguous,,direct_fft_complex64_4095_8_contiguous_,0.257293009781,0.255096615244,0.00189018707412,7,96,ok,
c222,direct,fft,complex64,4095,16,contiguous,,direct_fft_complex64_4095_16_contiguous_,0.501490449913,0.500081059504,0.000888816727211,7,49,ok,
c222,direct,fft,complex64,4095,32,contiguous,,direct_fft_complex64_4095_32_contiguous_,0.988221546868,0.982832000591,0.00244155526161,7,20,ok,
c222,direct,fft,complex64,4095,64,contiguous,,direct_fft_complex64_4095_64_contiguous_,1.96029052741,1.95562652559,0.00466400182203,7,17,ok,
c222,direct,fft,complex64,4095,256,contiguous,,direct_fft_complex64_4095_256_contiguous_,11.0732776423,10.9868126844,0.0575339654461,7,3,ok,
c222,direct,fft,complex64,4096,1,contiguous,,direct_fft_complex64_4096_1_contiguous_,0.0391134113272,0.0387330297739,2.23228101723e-05,7,338,ok,
c222,direct,fft,complex64,4096,2,contiguous,,direct_fft_complex64_4096_2_contiguous_,0.0596528802998,0.059487625258,8.00954876468e-05,7,200,ok,
c222,direct,fft,complex64,4096,4,contiguous,,direct_fft_complex64_4096_4_contiguous_,0.10021475493,0.0996058154851,0.00021168962121,7,200,ok,
c222,direct,fft,complex64,4096,8,contiguous,,direct_fft_complex64_4096_8_contiguous_,0.179679840769,0.17913700709,0.000238637912317,7,138,ok,
c222,direct,fft,complex64,4096,16,contiguous,,direct_fft_complex64_4096_16_contiguous_,0.3388241813,0.338283166962,0.000354001208001,7,72,ok,
c222,direct,fft,complex64,4096,32,contiguous,,direct_fft_complex64_4096_32_contiguous_,0.655057496624,0.653199548833,0.001857947791,7,20,ok,
c222,direct,fft,complex64,4096,64,contiguous,,direct_fft_complex64_4096_64_contiguous_,1.31077579572,1.30027970299,0.00244654365815,7,20,ok,
c222,direct,fft,complex64,4096,256,contiguous,,direct_fft_complex64_4096_256_contiguous_,8.62971649622,8.50477849599,0.0349102774635,7,4,ok,
c222,direct,fft,complex64,4097,1,contiguous,,direct_fft_complex64_4097_1_contiguous_,0.115971500172,0.115871919211,9.95809607433e-05,5,198,ok,
c222,direct,fft,complex64,4097,2,contiguous,,direct_fft_complex64_4097_2_contiguous_,0.190550707675,0.189930707431,0.000153907323973,5,130,ok,
c222,direct,fft,complex64,4097,4,contiguous,,direct_fft_complex64_4097_4_contiguous_,0.362513536263,0.362309232435,0.000204303828271,5,69,ok,
c222,direct,fft,complex64,4097,8,contiguous,,direct_fft_complex64_4097_8_contiguous_,0.708383797402,0.705118001705,0.000490318052471,5,35,ok,
c222,direct,fft,complex64,4097,16,contiguous,,direct_fft_complex64_4097_16_contiguous_,1.40614470001,1.40017960221,0.000533496495336,5,20,ok,
c222,direct,fft,complex64,4097,32,contiguous,,direct_fft_complex64_4097_32_contiguous_,2.79587916642,2.78829583355,0.0038639215442,5,12,ok,
c222,direct,fft,complex64,4097,64,contiguous,,direct_fft_complex64_4097_64_contiguous_,5.55282734179,5.52756517815,0.00180183754613,5,6,ok,
c222,direct,fft,complex64,4097,256,contiguous,,direct_fft_complex64_4097_256_contiguous_,25.782266981,25.6934819045,0.0887850765139,5,1,ok,
c222,direct,fft,complex64,4608,1,contiguous,,direct_fft_complex64_4608_1_contiguous_,0.0430307752686,0.0421483797254,0.000138959730975,5,200,ok,
c222,direct,fft,complex64,4608,2,contiguous,,direct_fft_complex64_4608_2_contiguous_,0.0719158601714,0.0715901050717,0.000170669518411,5,200,ok,
c222,direct,fft,complex64,4608,4,contiguous,,direct_fft_complex64_4608_4_contiguous_,0.123433714616,0.122213594732,3.58704710379e-05,5,200,ok,
c222,direct,fft,complex64,4608,8,contiguous,,direct_fft_complex64_4608_8_contiguous_,0.22318435473,0.222837891091,0.000179518776184,5,110,ok,
c222,direct,fft,complex64,4608,16,contiguous,,direct_fft_complex64_4608_16_contiguous_,0.426693499321,0.424944254337,0.000234949402511,5,20,ok,
c222,direct,fft,complex64,4608,32,contiguous,,direct_fft_complex64_4608_32_contiguous_,0.82251544809,0.819107051939,0.00119770411402,5,20,ok,
c222,direct,fft,complex64,4608,64,contiguous,,direct_fft_complex64_4608_64_contiguous_,1.6401452478,1.63506075041,0.00181285431609,5,20,ok,
c222,direct,fft,complex64,4608,256,contiguous,,direct_fft_complex64_4608_256_contiguous_,10.7443939972,10.5960340006,0.0382077026491,5,3,ok,
c222,direct,fft,complex64,8192,1,contiguous,,direct_fft_complex64_8192_1_contiguous_,0.0772674445761,0.0768625404453,0.000404904130846,5,200,ok,
c222,direct,fft,complex64,8192,2,contiguous,,direct_fft_complex64_8192_2_contiguous_,0.125928634307,0.12575124196,0.000177392347226,5,194,ok,
c222,direct,fft,complex64,8192,4,contiguous,,direct_fft_complex64_8192_4_contiguous_,0.230313981704,0.227445076094,0.000898412858637,5,104,ok,
c222,direct,fft,complex64,8192,8,contiguous,,direct_fft_complex64_8192_8_contiguous_,0.427692438263,0.425411860066,0.000481771533949,5,57,ok,
c222,direct,fft,complex64,8192,16,contiguous,,direct_fft_complex64_8192_16_contiguous_,0.851529050851,0.835812703008,0.00663684913889,5,20,ok,
c222,direct,fft,complex64,8192,32,contiguous,,direct_fft_complex64_8192_32_contiguous_,1.64989953076,1.61961510189,0.00764425892971,5,19,ok,
c222,direct,fft,complex64,8192,64,contiguous,,direct_fft_complex64_8192_64_contiguous_,3.40237020282,3.34146859823,0.0412779976614,5,10,ok,
c222,direct,fft,complex64,8192,256,contiguous,,direct_fft_complex64_8192_256_contiguous_,19.5892540505,19.0686230781,0.0936851138249,5,1,ok,
c222,direct,fft,complex64,16384,1,contiguous,,direct_fft_complex64_16384_1_contiguous_,0.199164511636,0.195484759286,0.00162366405129,5,125,ok,
c222,direct,fft,complex64,16384,2,contiguous,,direct_fft_complex64_16384_2_contiguous_,0.387506289107,0.383689338642,0.00349669191506,5,62,ok,
c222,direct,fft,complex64,16384,4,contiguous,,direct_fft_complex64_16384_4_contiguous_,0.76484806116,0.74945327078,0.00460163661928,5,33,ok,
c222,direct,fft,complex64,16384,8,contiguous,,direct_fft_complex64_16384_8_contiguous_,1.53483574977,1.52825750411,0.00610039569438,5,20,ok,
c222,direct,fft,complex64,16384,16,contiguous,,direct_fft_complex64_16384_16_contiguous_,3.01237790634,2.96845499807,0.0151529040357,5,11,ok,
c222,direct,fft,complex64,16384,32,contiguous,,direct_fft_complex64_16384_32_contiguous_,6.07483880594,6.01232019253,0.00687479041517,5,5,ok,
c222,direct,fft,complex64,16384,64,contiguous,,direct_fft_complex64_16384_64_contiguous_,17.0872820308,16.9703690335,0.108327018097,5,2,ok,
c222,direct,fft,complex64,16384,256,contiguous,,direct_fft_complex64_16384_256_contiguous_,62.4114710372,61.2050289055,0.205634045415,5,1,ok,
c222,direct,fft,complex64,32768,1,contiguous,,direct_fft_complex64_32768_1_contiguous_,0.442647452044,0.438280076333,0.00184383199392,5,53,ok,
c222,direct,fft,complex64,32768,2,contiguous,,direct_fft_complex64_32768_2_contiguous_,0.888634535451,0.882370360029,0.00333482083598,5,28,ok,
c222,direct,fft,complex64,32768,4,contiguous,,direct_fft_complex64_32768_4_contiguous_,1.77820468027,1.76749731978,0.00598379043176,5,19,ok,
c222,direct,fft,complex64,32768,8,contiguous,,direct_fft_complex64_32768_8_contiguous_,3.49549422713,3.45875466398,0.00787688057042,5,9,ok,
c222,direct,fft,complex64,32768,16,contiguous,,direct_fft_complex64_32768_16_contiguous_,7.10704040248,7.09930800367,0.00282120890915,5,5,ok,
c222,direct,fft,complex64,32768,32,contiguous,,direct_fft_complex64_32768_32_contiguous_,19.3742429838,19.0999920014,0.138267991133,5,1,ok,
c222,direct,fft,complex64,32768,64,contiguous,,direct_fft_complex64_32768_64_contiguous_,35.1007619174,34.8269809037,0.273781013675,5,1,ok,
c222,direct,fft,complex64,32768,256,contiguous,,direct_fft_complex64_32768_256_contiguous_,138.054354,137.855022913,0.120274955407,5,1,ok,
c222,direct,fft,complex64,65536,1,contiguous,,direct_fft_complex64_65536_1_contiguous_,0.965899232632,0.964340153867,0.00115715486642,5,26,ok,
c222,direct,fft,complex64,65536,2,contiguous,,direct_fft_complex64_65536_2_contiguous_,1.9443218788,1.92709564341,0.00859312165309,5,17,ok,
c222,direct,fft,complex64,65536,4,contiguous,,direct_fft_complex64_65536_4_contiguous_,3.76479666577,3.73650722516,0.00361333756397,5,9,ok,
c222,direct,fft,complex64,65536,8,contiguous,,direct_fft_complex64_65536_8_contiguous_,7.79059450724,7.74188272771,0.024257984478,5,4,ok,
c222,direct,fft,complex64,65536,16,contiguous,,direct_fft_complex64_65536_16_contiguous_,20.9222479025,20.8037759876,0.104436068796,5,1,ok,
c222,direct,fft,complex64,65536,32,contiguous,,direct_fft_complex64_65536_32_contiguous_,37.7171349246,37.519133999,0.0634188763797,5,1,ok,
c222,direct,fft,complex64,65536,64,contiguous,,direct_fft_complex64_65536_64_contiguous_,76.8675950821,75.989240082,0.292767887004,5,1,ok,
c222,direct,fft,complex64,65536,256,contiguous,,direct_fft_complex64_65536_256_contiguous_,297.502739937,296.840550029,0.474588945508,5,1,ok,
c222,direct,fft,complex128,64,1,contiguous,,direct_fft_complex128_64_1_contiguous_,0.00418279284257,0.00417487017397,3.90799257799e-06,7,1902,ok,
c222,direct,fft,complex128,64,2,contiguous,,direct_fft_complex128_64_2_contiguous_,0.0046053660335,0.0045396980131,1.64059456438e-05,7,2000,ok,
c222,direct,fft,complex128,64,4,contiguous,,direct_fft_complex128_64_4_contiguous_,0.00483645847999,0.0047835544683,4.27250051871e-06,7,2000,ok,
c222,direct,fft,complex128,64,8,contiguous,,direct_fft_complex128_64_8_contiguous_,0.0054667845252,0.00544532900676,1.21130142361e-05,7,2000,ok,
c222,direct,fft,complex128,64,16,contiguous,,direct_fft_complex128_64_16_contiguous_,0.0067181426515,0.00670213536228,1.00977214729e-05,7,1914,ok,
c222,direct,fft,complex128,64,32,contiguous,,direct_fft_complex128_64_32_contiguous_,0.00894835069453,0.00892519961401,7.59883004867e-06,7,1503,ok,
c222,direct,fft,complex128,64,64,contiguous,,direct_fft_complex128_64_64_contiguous_,0.0135318265382,0.0134978938546,1.69707669152e-05,7,1026,ok,
c222,direct,fft,complex128,64,256,contiguous,,direct_fft_complex128_64_256_contiguous_,0.0415973598137,0.0414993253071,8.01048008725e-05,7,200,ok,
c222,direct,fft,complex128,256,1,contiguous,,direct_fft_complex128_256_1_contiguous_,0.00537435839614,0.00535231813835,1.54596626572e-05,7,1116,ok,
c222,direct,fft,complex128,256,2,contiguous,,direct_fft_complex128_256_2_contiguous_,0.00637760572196,0.00634997461728,7.22903549846e-06,7,1537,ok,
c222,direct,fft,complex128,256,4,contiguous,,direct_fft_complex128_256_4_contiguous_,0.0078445050269,0.00782519547423,1.36973275651e-05,7,1596,ok,
c222,direct,fft,complex128,256,8,contiguous,,direct_fft_complex128_256_8_contiguous_,0.0109336458263,0.0108669041462,2.24832911044e-05,7,1200,ok,
c222,direct,fft,complex128,256,16,contiguous,,direct_fft_complex128_256_16_contiguous_,0.0169962357973,0.0168888041628,1.65235149835e-05,7,827,ok,
c222,direct,fft,complex128,256,32,contiguous,,direct_fft_complex128_256_32_contiguous_,0.0293340452481,0.0292593048653,3.33104981109e-05,7,200,ok,
c222,direct,fft,complex128,256,64,contiguous,,direct_fft_complex128_256_64_contiguous_,0.0537326949416,0.0535888748709,8.06001480669e-06,7,200,ok,
c222,direct,fft,complex128,256,256,contiguous,,direct_fft_complex128_256_256_contiguous_,0.195250009072,0.194923606039,0.000227702242371,7,114,ok,
c222,direct,fft,complex128,1024,1,contiguous,,direct_fft_complex128_1024_1_contiguous_,0.0119000869007,0.0118845788051,1.55080955674e-05,7,1035,ok,
c222,direct,fft,complex128,1024,2,contiguous,,direct_fft_complex128_1024_2_contiguous_,0.0157941413058,0.0157748821802,1.92591255735e-05,7,849,ok,
c222,direct,fft,complex128,1024,4,contiguous,,direct_fft_complex128_1024_4_contiguous_,0.0234015999983,0.0232948983709,3.23417286078e-05,7,600,ok,
c222,direct,fft,complex128,1024,8,contiguous,,direct_fft_complex128_1024_8_contiguous_,0.0386840553256,0.0385984953027,6.99801603332e-05,7,200,ok,
c222,direct,fft,complex128,1024,16,contiguous,,direct_fft_complex128_1024_16_contiguous_,0.069568005274,0.0692533602705,0.000215155305341,7,200,ok,
c222,direct,fft,complex128,1024,32,contiguous,,direct_fft_complex128_1024_32_contiguous_,0.130616204177,0.130443354963,0.000172849213805,7,186,ok,
c222,direct,fft,complex128,1024,64,contiguous,,direct_fft_complex128_1024_64_contiguous_,0.251478716535,0.250201579183,0.000314577482641,7,95,ok,
c222,direct,fft,complex128,1024,256,contiguous,,direct_fft_complex128_1024_256_contiguous_,0.975426501827,0.970305898227,0.00512060360052,7,20,ok,
c222,direct,fft,complex128,2048,1,contiguous,,direct_fft_complex128_2048_1_contiguous_,0.0202160734743,0.0200816861583,3.95391358898e-05,7,653,ok,
c222,direct,fft,complex128,2048,2,contiguous,,direct_fft_complex128_2048_2_contiguous_,0.0298138336755,0.0295360581688,6.97408237577e-05,7,463,ok,
c222,direct,fft,complex128,2048,4,contiguous,,direct_fft_complex128_2048_4_contiguous_,0.0475694454508,0.0474869954633,6.64702383801e-05,7,200,ok,
c222,direct,fft,complex128,2048,8,contiguous,,direct_fft_complex128_2048_8_contiguous_,0.0828421651386,0.0826767546823,9.85851511359e-05,7,200,ok,
c222,direct,fft,complex128,2048,16,contiguous,,direct_fft_complex128_2048_16_contiguous_,0.152621200153,0.152215839674,0.000386259829005,7,150,ok,
c222,direct,fft,complex128,2048,32,contiguous,,direct_fft_complex128_2048_32_contiguous_,0.291296828924,0.288704414454,0.000515719875693,7,82,ok,
c222,direct,fft,complex128,2048,64,contiguous,,direct_fft_complex128_2048_64_contiguous_,0.575114198728,0.567590602441,0.00528590171598,7,20,ok,
c222,direct,fft,complex128,2048,256,contiguous,,direct_fft_complex128_2048_256_contiguous_,2.24484400048,2.2402927978,0.00455120267967,7,15,ok,
c222,direct,fft,complex128,3072,1,contiguous,,direct_fft_complex128_3072_1_contiguous_,0.0275740418081,0.0275212494348,4.84329564664e-05,7,501,ok,
c222,direct,fft,complex128,3072,2,contiguous,,direct_fft_complex128_3072_2_contiguous_,0.0428175949492,0.04267097509,0.000146619859152,7,200,ok,
c222,direct,fft,complex128,3072,4,contiguous,,direct_fft_complex128_3072_4_contiguous_,0.0713639648166,0.0709148752503,0.000254680053331,7,200,ok,
c222,direct,fft,complex128,3072,8,contiguous,,direct_fft_complex128_3072_8_contiguous_,0.126583066327,0.126534810988,4.82553388087e-05,7,196,ok,
c222,direct,fft,complex128,3072,16,contiguous,,direct_fft_complex128_3072_16_contiguous_,0.237819593455,0.237259336074,0.000197307833719,7,101,ok,
c222,direct,fft,complex128,3072,32,contiguous,,direct_fft_complex128_3072_32_contiguous_,0.455885898555,0.454711698694,0.00117419986054,7,20,ok,
c222,direct,fft,complex128,3072,64,contiguous,,direct_fft_complex128_3072_64_contiguous_,0.895733752986,0.893918849761,0.00108904205263,7,20,ok,
c222,direct,fft,complex128,3072,256,contiguous,,direct_fft_complex128_3072_256_contiguous_,3.61013966095,3.59143355551,0.00851267638306,7,9,ok,
c222,direct,fft,complex128,3584,1,contiguous,,direct_fft_complex128_3584_1_contiguous_,0.0311260120046,0.0309773471139,3.20122498705e-05,7,415,ok,
c222,direct,fft,complex128,3584,2,contiguous,,direct_fft_complex128_3584_2_contiguous_,0.0487474049442,0.0485265901079,0.000205635442398,7,200,ok,
c222,direct,fft,complex128,3584,4,contiguous,,direct_fft_complex128_3584_4_contiguous_,0.0797248800518,0.0794818199938,0.000149080296978,7,200,ok,
c222,direct,fft,complex128,3584,8,contiguous,,direct_fft_complex128_3584_8_contiguous_,0.142353126544,0.142052500032,0.00023187322799,7,174,ok,
c222,direct,fft,complex128,3584,16,contiguous,,direct_fft_complex128_3584_16_contiguous_,0.268022119796,0.267647294095,0.000374825701684,7,92,ok,
c222,direct,fft,complex128,3584,32,contiguous,,direct_fft_complex128_3584_32_contiguous_,0.52352505154,0.522993545746,0.000531505793333,7,20,ok,
c222,direct,fft,complex128,3584,64,contiguous,,direct_fft_complex128_3584_64_contiguous_,1.02327559725,1.01855579996,0.00173725420609,7,20,ok,
c222,direct,fft,complex128,3584,256,contiguous,,direct_fft_complex128_3584_256_contiguous_,4.22457700396,4.18297913192,0.0229815653126,7,7,ok,
c222,direct,fft,complex128,4095,1,contiguous,,direct_fft_complex128_4095_1_contiguous_,0.0416394500264,0.0415960466345,4.09438471478e-05,7,322,ok,
c222,direct,fft,complex128,4095,2,contiguous,,direct_fft_complex128_4095_2_contiguous_,0.0686304952251,0.0683713098988,0.000207785051316,7,200,ok,
c222,direct,fft,complex128,4095,4,contiguous,,direct_fft_complex128_4095_4_contiguous_,0.124864690337,0.124757680427,2.62944982742e-05,7,197,ok,
c222,direct,fft,complex128,4095,8,contiguous,,direct_fft_complex128_4095_8_contiguous_,0.238570413785,0.235987393982,0.000920673930803,7,104,ok,
c222,direct,fft,complex128,4095,16,contiguous,,direct_fft_complex128_4095_16_contiguous_,0.463032277939,0.460938352195,0.00024601791261,7,54,ok,
c222,direct,fft,complex128,4095,32,contiguous,,direct_fft_complex128_4095_32_contiguous_,0.907623500098,0.906532449881,0.000765948789194,7,20,ok,
c222,direct,fft,complex128,4095,64,contiguous,,direct_fft_complex128_4095_64_contiguous_,1.82678947519,1.82300352638,0.00234331788593,7,19,ok,
c222,direct,fft,complex128,4095,256,contiguous,,direct_fft_complex128_4095_256_contiguous_,7.67823899514,7.62896676315,0.0259084918071,7,4,ok,
c222,direct,fft,complex128,4096,1,contiguous,,direct_fft_complex128_4096_1_contiguous_,0.0371317425608,0.0365163758801,0.000252673736197,7,346,ok,
c222,direct,fft,complex128,4096,2,contiguous,,direct_fft_complex128_4096_2_contiguous_,0.0558321748395,0.0549901998602,0.000296705402434,7,200,ok,
c222,direct,fft,complex128,4096,4,contiguous,,direct_fft_complex128_4096_4_contiguous_,0.0918079103576,0.0898604601389,0.000729170278646,7,200,ok,
c222,direct,fft,complex128,4096,8,contiguous,,direct_fft_complex128_4096_8_contiguous_,0.163320764033,0.162572625009,0.000543173680651,7,144,ok,
c222,direct,fft,complex128,4096,16,contiguous,,direct_fft_complex128_4096_16_contiguous_,0.309677505748,0.308052935826,0.00123878428123,7,79,ok,
c222,direct,fft,complex128,4096,32,contiguous,,direct_fft_complex128_4096_32_contiguous_,0.599229353247,0.592013349524,0.00544575159438,7,20,ok,
c222,direct,fft,complex128,4096,64,contiguous,,direct_fft_complex128_4096_64_contiguous_,1.18783179787,1.17363774916,0.00912405084819,7,20,ok,
c222,direct,fft,complex128,4096,256,contiguous,,direct_fft_complex128_4096_256_contiguous_,5.09076334614,4.92069666507,0.0379793539954,7,6,ok,
c222,direct,fft,complex128,4097,1,contiguous,,direct_fft_complex128_4097_1_contiguous_,0.117314500392,0.11485058081,0.00154985658204,5,174,ok,
c222,direct,fft,complex128,4097,2,contiguous,,direct_fft_complex128_4097_2_contiguous_,0.186809902324,0.18583732321,0.000533323097778,5,133,ok,
c222,direct,fft,complex128,4097,4,contiguous,,direct_fft_complex128_4097_4_contiguous_,0.358519656584,0.355305629117,0.00132175628096,5,70,ok,
c222,direct,fft,complex128,4097,8,contiguous,,direct_fft_complex128_4097_8_contiguous_,0.68623033197,0.685163611908,0.00106672006142,5,36,ok,
c222,direct,fft,complex128,4097,16,contiguous,,direct_fft_complex128_4097_16_contiguous_,1.3627700042,1.35755169904,0.00521830515936,5,20,ok,
c222,direct,fft,complex128,4097,32,contiguous,,direct_fft_complex128_4097_32_contiguous_,2.73642207806,2.72739850334,0.00739215950792,5,12,ok,
c222,direct,fft,complex128,4097,64,contiguous,,direct_fft_complex128_4097_64_contiguous_,5.4745154921,5.4702393439,0.00427614819879,5,6,ok,
c222,direct,fft,complex128,4097,256,contiguous,,direct_fft_complex128_4097_256_contiguous_,22.0630939584,22.0155960415,0.0474979169667,5,1,ok,
c222,direct,fft,complex128,4608,1,contiguous,,direct_fft_complex128_4608_1_contiguous_,0.0394005450653,0.0393186946167,7.25849531591e-05,5,200,ok,
c222,direct,fft,complex128,4608,2,contiguous,,direct_fft_complex128_4608_2_contiguous_,0.0662999349879,0.0662067602389,9.3174749054e-05,5,200,ok,
c222,direct,fft,complex128,4608,4,contiguous,,direct_fft_complex128_4608_4_contiguous_,0.111713545048,0.111292455113,0.00015108496882,5,200,ok,
c222,direct,fft,complex128,4608,8,contiguous,,direct_fft_complex128_4608_8_contiguous_,0.205970999461,0.205431388468,0.000496222714563,5,121,ok,
c222,direct,fft,complex128,4608,16,contiguous,,direct_fft_complex128_4608_16_contiguous_,0.392674002796,0.390839052852,0.000879092840478,5,20,ok,
c222,direct,fft,complex128,4608,32,contiguous,,direct_fft_complex128_4608_32_contiguous_,0.759720947826,0.756684748922,0.00256985076703,5,20,ok,
c222,direct,fft,complex128,4608,64,contiguous,,direct_fft_complex128_4608_64_contiguous_,1.51863995125,1.5060818987,0.0125580525491,5,20,ok,
c222,direct,fft,complex128,4608,256,contiguous,,direct_fft_complex128_4608_256_contiguous_,6.44002221525,6.40581019688,0.0342120183632,5,5,ok,
c222,direct,fft,complex128,8192,1,contiguous,,direct_fft_complex128_8192_1_contiguous_,0.0735652400181,0.0731054798234,0.000322100240737,5,200,ok,
c222,direct,fft,complex128,8192,2,contiguous,,direct_fft_complex128_8192_2_contiguous_,0.117940087325,0.117425225938,0.000452999479305,5,195,ok,
c222,direct,fft,complex128,8192,4,contiguous,,direct_fft_complex128_8192_4_contiguous_,0.208560475342,0.207725491297,0.00015612555823,5,120,ok,
c222,direct,fft,complex128,8192,8,contiguous,,direct_fft_complex128_8192_8_contiguous_,0.388128873301,0.387537779124,0.000591094176921,5,63,ok,
c222,direct,fft,complex128,8192,16,contiguous,,direct_fft_complex128_8192_16_contiguous_,0.749911594903,0.744963350007,0.0020653475076,5,20,ok,
c222,direct,fft,complex128,8192,32,contiguous,,direct_fft_complex128_8192_32_contiguous_,1.49574509705,1.48503000382,0.00526279909536,5,20,ok,
c222,direct,fft,complex128,8192,64,contiguous,,direct_fft_complex128_8192_64_contiguous_,2.94295226393,2.92181262789,0.0103102594783,5,11,ok,
c222,direct,fft,complex128,8192,256,contiguous,,direct_fft_complex128_8192_256_contiguous_,14.4005625043,14.2010390409,0.031088013202,5,2,ok,
c222,direct,fft,complex128,16384,1,contiguous,,direct_fft_complex128_16384_1_contiguous_,0.189695154618,0.185034007539,0.000858081073281,5,136,ok,
c222,direct,fft,complex128,16384,2,contiguous,,direct_fft_complex128_16384_2_contiguous_,0.366291080061,0.359587870809,0.00432325947669,5,62,ok,
c222,direct,fft,complex128,16384,4,contiguous,,direct_fft_complex128_16384_4_contiguous_,0.716977592674,0.709600033588,0.00329396789311,5,32,ok,
c222,direct,fft,complex128,16384,8,contiguous,,direct_fft_complex128_16384_8_contiguous_,1.43452489865,1.41531290137,0.0166696961969,5,20,ok,
c222,direct,fft,complex128,16384,16,contiguous,,direct_fft_complex128_16384_16_contiguous_,2.8538077507,2.82664857999,0.0191950821318,5,12,ok,
c222,direct,fft,complex128,16384,32,contiguous,,direct_fft_complex128_16384_32_contiguous_,5.81670699175,5.76593379956,0.0507731921971,5,5,ok,
c222,direct,fft,complex128,16384,64,contiguous,,direct_fft_complex128_16384_64_contiguous_,11.7274909862,11.6200795164,0.0836619874462,5,2,ok,
c222,direct,fft,complex128,16384,256,contiguous,,direct_fft_complex128_16384_256_contiguous_,50.2421649871,50.000802963,0.077374977991,5,1,ok,
c222,direct,fft,complex128,32768,1,contiguous,,direct_fft_complex128_32768_1_contiguous_,0.427325305497,0.423978187412,0.000100711092227,5,59,ok,
c222,direct,fft,complex128,32768,2,contiguous,,direct_fft_complex128_32768_2_contiguous_,0.848094033527,0.835687311463,0.000667449183248,5,29,ok,
c222,direct,fft,complex128,32768,4,contiguous,,direct_fft_complex128_32768_4_contiguous_,1.68280794751,1.6593985958,0.0148839026224,5,20,ok,
c222,direct,fft,complex128,32768,8,contiguous,,direct_fft_complex128_32768_8_contiguous_,3.32120970124,3.31935629947,0.00185340177268,5,10,ok,
c222,direct,fft,complex128,32768,16,contiguous,,direct_fft_complex128_32768_16_contiguous_,6.67894978542,6.66622801218,0.00526981893927,5,5,ok,
c222,direct,fft,complex128,32768,32,contiguous,,direct_fft_complex128_32768_32_contiguous_,14.0305899549,13.7139714789,0.242393929511,5,2,ok,
c222,direct,fft,complex128,32768,64,contiguous,,direct_fft_complex128_32768_64_contiguous_,29.7012609662,29.4740858953,0.0273210462183,5,1,ok,
c222,direct,fft,complex128,32768,256,contiguous,,direct_fft_complex128_32768_256_contiguous_,116.472245078,116.184626007,0.285424990579,5,1,ok,
c222,direct,fft,complex128,65536,1,contiguous,,direct_fft_complex128_65536_1_contiguous_,0.901660666353,0.895477628715,0.00597377894101,5,27,ok,
c222,direct,fft,complex128,65536,2,contiguous,,direct_fft_complex128_65536_2_contiguous_,1.84967289801,1.83273852484,0.00699047660945,5,19,ok,
c222,direct,fft,complex128,65536,4,contiguous,,direct_fft_complex128_65536_4_contiguous_,3.71872089131,3.70636654811,0.0102994446125,5,9,ok,
c222,direct,fft,complex128,65536,8,contiguous,,direct_fft_complex128_65536_8_contiguous_,7.2807270044,7.24659548723,0.0341315171681,5,4,ok,
c222,direct,fft,complex128,65536,16,contiguous,,direct_fft_complex128_65536_16_contiguous_,15.2241454925,15.1777734864,0.0323160202242,5,2,ok,
c222,direct,fft,complex128,65536,32,contiguous,,direct_fft_complex128_65536_32_contiguous_,32.7667529928,32.377784024,0.127979088575,5,1,ok,
c222,direct,fft,complex128,65536,64,contiguous,,direct_fft_complex128_65536_64_contiguous_,65.1149220066,64.8689810187,0.0792290084064,5,1,ok,
c222,direct,fft,complex128,65536,256,contiguous,,direct_fft_complex128_65536_256_contiguous_,258.754194016,258.386182948,0.368011067621,5,1,ok,
c222,direct,ifft,complex64,64,1,contiguous,,direct_ifft_complex64_64_1_contiguous_,0.00517560934679,0.00514705592403,5.18728915791e-06,7,1180,ok,
c222,direct,ifft,complex64,64,2,contiguous,,direct_ifft_complex64_64_2_contiguous_,0.00557100003699,0.00547411364458,4.57118878569e-05,7,1909,ok,
c222,direct,ifft,complex64,64,4,contiguous,,direct_ifft_complex64_64_4_contiguous_,0.00609844739176,0.00607572127688,2.27261148844e-05,7,1654,ok,
c222,direct,ifft,complex64,64,8,contiguous,,direct_ifft_complex64_64_8_contiguous_,0.00697670781248,0.00695753267429,1.91751381962e-05,7,1684,ok,
c222,direct,ifft,complex64,64,16,contiguous,,direct_ifft_complex64_64_16_contiguous_,0.00863267509103,0.00861945684607,5.60982969769e-06,7,1425,ok,
c222,direct,ifft,complex64,64,32,contiguous,,direct_ifft_complex64_64_32_contiguous_,0.0119699752162,0.0119390924069,2.54255228826e-05,7,1006,ok,
c222,direct,ifft,complex64,64,64,contiguous,,direct_ifft_complex64_64_64_contiguous_,0.0185915467447,0.0185511069919,3.7311189411e-05,7,739,ok,
c222,direct,ifft,complex64,64,256,contiguous,,direct_ifft_complex64_64_256_contiguous_,0.0590689352248,0.0588794355281,0.000136650633067,7,200,ok,
c222,direct,ifft,complex64,256,1,contiguous,,direct_ifft_complex64_256_1_contiguous_,0.00635493214498,0.00632191696395,3.30151810327e-05,7,1710,ok,
c222,direct,ifft,complex64,256,2,contiguous,,direct_ifft_complex64_256_2_contiguous_,0.00738478914797,0.00731013454726,5.02173228606e-05,7,1546,ok,
c222,direct,ifft,complex64,256,4,contiguous,,direct_ifft_complex64_256_4_contiguous_,0.00942911944287,0.00930153440968,1.75457160557e-05,7,1323,ok,
c222,direct,ifft,complex64,256,8,contiguous,,direct_ifft_complex64_256_8_contiguous_,0.0131033950138,0.0130445666316,2.12181671576e-05,7,967,ok,
c222,direct,ifft,complex64,256,16,contiguous,,direct_ifft_complex64_256_16_contiguous_,0.0206061144516,0.020488361132,5.917530922e-05,7,673,ok,
c222,direct,ifft,complex64,256,32,contiguous,,direct_ifft_complex64_256_32_contiguous_,0.0352799799293,0.035147779854,9.73348505795e-05,7,200,ok,
c222,direct,ifft,complex64,256,64,contiguous,,direct_ifft_complex64_256_64_contiguous_,0.0648973049829,0.0646715296898,0.000128440442495,7,200,ok,
c222,direct,ifft,complex64,256,256,contiguous,,direct_ifft_complex64_256_256_contiguous_,0.24125514907,0.23932757414,0.000242633735853,7,101,ok,
c222,direct,ifft,complex64,1024,1,contiguous,,direct_ifft_complex64_1024_1_contiguous_,0.0135997995325,0.0135739965972,2.4780378986e-05,7,883,ok,
c222,direct,ifft,complex64,1024,2,contiguous,,direct_ifft_complex64_1024_2_contiguous_,0.0182002781526,0.0181052058557,2.73255418898e-05,7,719,ok,
c222,direct,ifft,complex64,1024,4,contiguous,,direct_ifft_complex64_1024_4_contiguous_,0.0261566016303,0.0260124611271,0.000144140503283,7,527,ok,
c222,direct,ifft,complex64,1024,8,contiguous,,direct_ifft_complex64_1024_8_contiguous_,0.0429366249591,0.0427005300298,3.75154195353e-05,7,200,ok,
c222,direct,ifft,complex64,1024,16,contiguous,,direct_ifft_complex64_1024_16_contiguous_,0.0757259351667,0.0755857746117,0.000102645135485,7,200,ok,
c222,direct,ifft,complex64,1024,32,contiguous,,direct_ifft_complex64_1024_32_contiguous_,0.141563890877,0.141286528696,5.56204307439e-05,7,174,ok,
c222,direct,ifft,complex64,1024,64,contiguous,,direct_ifft_complex64_1024_64_contiguous_,0.27249427771,0.271979533136,0.000422121956944,7,90,ok,
c222,direct,ifft,complex64,1024,256,contiguous,,direct_ifft_complex64_1024_256_contiguous_,1.05390299577,1.04920269805,0.00244459370151,7,20,ok,
c222,direct,ifft,complex64,2048,1,contiguous,,direct_ifft_complex64_2048_1_contiguous_,0.0218143139384,0.0217648372333,4.94767051574e-05,7,602,ok,
c222,direct,ifft,complex64,2048,2,contiguous,,direct_ifft_complex64_2048_2_contiguous_,0.0308317932813,0.0307240651586,8.86585082064e-05,7,445,ok,
c222,direct,ifft,complex64,2048,4,contiguous,,direct_ifft_complex64_2048_4_contiguous_,0.0489654147532,0.0487026199698,8.94698314369e-05,7,200,ok,
c222,direct,ifft,complex64,2048,8,contiguous,,direct_ifft_complex64_2048_8_contiguous_,0.0856619997649,0.0839719804935,0.00119108473882,7,200,ok,
c222,direct,ifft,complex64,2048,16,contiguous,,direct_ifft_complex64_2048_16_contiguous_,0.157782326306,0.156545242313,0.000632621402688,7,153,ok,
c222,direct,ifft,complex64,2048,32,contiguous,,direct_ifft_complex64_2048_32_contiguous_,0.301653235767,0.298192871132,0.000779233489405,7,85,ok,
c222,direct,ifft,complex64,2048,64,contiguous,,direct_ifft_complex64_2048_64_contiguous_,0.589179049712,0.582377298269,0.00335029908456,7,20,ok,
c222,direct,ifft,complex64,2048,256,contiguous,,direct_ifft_complex64_2048_256_contiguous_,2.36503043145,2.32297242785,0.0144327807772,7,14,ok,
c222,direct,ifft,complex64,3072,1,contiguous,,direct_ifft_complex64_3072_1_contiguous_,0.0308135532098,0.0306294042613,2.63382097261e-05,7,423,ok,
c222,direct,ifft,complex64,3072,2,contiguous,,direct_ifft_complex64_3072_2_contiguous_,0.0460345746251,0.0456853205105,0.000116569572128,7,200,ok,
c222,direct,ifft,complex64,3072,4,contiguous,,direct_ifft_complex64_3072_4_contiguous_,0.0720316148363,0.071757704718,0.000169820268638,7,200,ok,
c222,direct,ifft,complex64,3072,8,contiguous,,direct_ifft_complex64_3072_8_contiguous_,0.128114340376,0.127818221202,0.000225989743299,7,194,ok,
c222,direct,ifft,complex64,3072,16,contiguous,,direct_ifft_complex64_3072_16_contiguous_,0.237046223297,0.235931805416,0.000732156303395,7,103,ok,
c222,direct,ifft,complex64,3072,32,contiguous,,direct_ifft_complex64_3072_32_contiguous_,0.459153996781,0.45514049707,0.00068829394877,7,20,ok,
c222,direct,ifft,complex64,3072,64,contiguous,,direct_ifft_complex64_3072_64_contiguous_,0.897354749031,0.889004598139,0.00169270206243,7,20,ok,
c222,direct,ifft,complex64,3072,256,contiguous,,direct_ifft_complex64_3072_256_contiguous_,3.54997254908,3.53895188568,0.00700200649185,7,9,ok,
c222,direct,ifft,complex64,3584,1,contiguous,,direct_ifft_complex64_3584_1_contiguous_,0.0342519014683,0.0341323758065,9.21942998168e-05,7,386,ok,
c222,direct,ifft,complex64,3584,2,contiguous,,direct_ifft_complex64_3584_2_contiguous_,0.0516688299831,0.0514695548918,4.92401886731e-05,7,200,ok,
c222,direct,ifft,complex64,3584,4,contiguous,,direct_ifft_complex64_3584_4_contiguous_,0.0823825551197,0.081924800179,0.000220215297304,7,200,ok,
c222,direct,ifft,complex64,3584,8,contiguous,,direct_ifft_complex64_3584_8_contiguous_,0.144977402226,0.14472509757,0.000163847466976,7,164,ok,
c222,direct,ifft,complex64,3584,16,contiguous,,direct_ifft_complex64_3584_16_contiguous_,0.271517520335,0.267954753385,0.0029358840487,7,77,ok,
c222,direct,ifft,complex64,3584,32,contiguous,,direct_ifft_complex64_3584_32_contiguous_,0.519554101629,0.516374199651,0.000483449548483,7,20,ok,
c222,direct,ifft,complex64,3584,64,contiguous,,direct_ifft_complex64_3584_64_contiguous_,1.02024895023,1.0163747007,0.00328014721163,7,20,ok,
c222,direct,ifft,complex64,3584,256,contiguous,,direct_ifft_complex64_3584_256_contiguous_,4.04134838027,4.01566523942,0.00859986175783,7,8,ok,
c222,direct,ifft,complex64,4095,1,contiguous,,direct_ifft_complex64_4095_1_contiguous_,0.0498652677376,0.0497164910884,0.000148776649146,7,273,ok,
c222,direct,ifft,complex64,4095,2,contiguous,,direct_ifft_complex64_4095_2_contiguous_,0.0873250100994,0.0867869553622,0.000158295151778,7,200,ok,
c222,direct,ifft,complex64,4095,4,contiguous,,direct_ifft_complex64_4095_4_contiguous_,0.105159564991,0.104838015395,0.000124229700305,7,200,ok,
c222,direct,ifft,complex64,4095,8,contiguous,,direct_ifft_complex64_4095_8_contiguous_,0.196178802215,0.195067666937,0.00016419826785,7,126,ok,
c222,direct,ifft,complex64,4095,16,contiguous,,direct_ifft_complex64_4095_16_contiguous_,0.381496548653,0.379805716996,0.0005187971207,7,60,ok,
c222,direct,ifft,complex64,4095,32,contiguous,,direct_ifft_complex64_4095_32_contiguous_,0.74286290328,0.739706499735,0.00128939282149,7,20,ok,
c222,direct,ifft,complex64,4095,64,contiguous,,direct_ifft_complex64_4095_64_contiguous_,1.48219770053,1.47850725334,0.00189199927263,7,20,ok,
c222,direct,ifft,complex64,4095,256,contiguous,,direct_ifft_complex64_4095_256_contiguous_,5.8626127895,5.82033779938,0.0205123797059,7,5,ok,
c222,direct,ifft,complex64,4096,1,contiguous,,direct_ifft_complex64_4096_1_contiguous_,0.0384877832213,0.0380567137712,0.0001111302008,7,346,ok,
c222,direct,ifft,complex64,4096,2,contiguous,,direct_ifft_complex64_4096_2_contiguous_,0.0576034450205,0.0573176046601,0.000197575427592,7,200,ok,
c222,direct,ifft,complex64,4096,4,contiguous,,direct_ifft_complex64_4096_4_contiguous_,0.0916150998091,0.0913149351254,0.000300164683722,7,200,ok,
c222,direct,ifft,complex64,4096,8,contiguous,,direct_ifft_complex64_4096_8_contiguous_,0.162980104553,0.16170824814,0.000923169697665,7,153,ok,
c222,direct,ifft,complex64,4096,16,contiguous,,direct_ifft_complex64_4096_16_contiguous_,0.307564468433,0.305939457138,0.000269889521102,7,81,ok,
c222,direct,ifft,complex64,4096,32,contiguous,,direct_ifft_complex64_4096_32_contiguous_,0.591715797782,0.589795695851,0.000569550320506,7,20,ok,
c222,direct,ifft,complex64,4096,64,contiguous,,direct_ifft_complex64_4096_64_contiguous_,1.17587695131,1.17454894935,0.000554055441171,7,20,ok,
c222,direct,ifft,complex64,4096,256,contiguous,,direct_ifft_complex64_4096_256_contiguous_,4.64775671052,4.64104413654,0.0043410109356,7,7,ok,
c222,direct,ifft,complex64,4097,1,contiguous,,direct_ifft_complex64_4097_1_contiguous_,0.146612767102,0.146437472767,0.000175294334903,5,163,ok,
c222,direct,ifft,complex64,4097,2,contiguous,,direct_ifft_complex64_4097_2_contiguous_,0.277265281092,0.276993864655,0.000241686056337,5,89,ok,
c222,direct,ifft,complex64,4097,4,contiguous,,direct_ifft_complex64_4097_4_contiguous_,0.222249848386,0.220890606995,0.000913142035383,5,112,ok,
c222,direct,ifft,complex64,4097,8,contiguous,,direct_ifft_complex64_4097_8_contiguous_,0.42707499999,0.424370473953,0.00213277158572,5,57,ok,
c222,direct,ifft,complex64,4097,16,contiguous,,direct_ifft_complex64_4097_16_contiguous_,0.836534349946,0.835212355014,0.000638695200905,5,20,ok,
c222,direct,ifft,complex64,4097,32,contiguous,,direct_ifft_complex64_4097_32_contiguous_,1.64385995013,1.63816229906,0.00219254870899,5,20,ok,
c222,direct,ifft,complex64,4097,64,contiguous,,direct_ifft_complex64_4097_64_contiguous_,3.27298139455,3.26650729403,0.00210891012102,5,10,ok,
c222,direct,ifft,complex64,4097,256,contiguous,,direct_ifft_complex64_4097_256_contiguous_,13.028663001,12.9737955285,0.0171769643202,5,2,ok,
c222,direct,ifft,complex64,4608,1,contiguous,,direct_ifft_complex64_4608_1_contiguous_,0.0441178353503,0.0440688902745,4.89450758323e-05,5,200,ok,
c222,direct,ifft,complex64,4608,2,contiguous,,direct_ifft_complex64_4608_2_contiguous_,0.0671259750379,0.0670900096884,3.59653495252e-05,5,200,ok,
c222,direct,ifft,complex64,4608,4,contiguous,,direct_ifft_complex64_4608_4_contiguous_,0.108511095168,0.108211030019,7.42898555472e-05,5,200,ok,
c222,direct,ifft,complex64,4608,8,contiguous,,direct_ifft_complex64_4608_8_contiguous_,0.194126413589,0.193813726582,0.000204288880923,5,128,ok,
c222,direct,ifft,complex64,4608,16,contiguous,,direct_ifft_complex64_4608_16_contiguous_,0.366600649431,0.365056301234,0.000633648596704,5,20,ok,
c222,direct,ifft,complex64,4608,32,contiguous,,direct_ifft_complex64_4608_32_contiguous_,0.708758499241,0.707547744969,0.000252499012277,5,20,ok,
c222,direct,ifft,complex64,4608,64,contiguous,,direct_ifft_complex64_4608_64_contiguous_,1.38996695168,1.38915494899,0.000386749161407,5,20,ok,
c222,direct,ifft,complex64,4608,256,contiguous,,direct_ifft_complex64_4608_256_contiguous_,5.48976839054,5.48212819267,0.00476678833365,5,5,ok,
c222,direct,ifft,complex64,8192,1,contiguous,,direct_ifft_complex64_8192_1_contiguous_,0.0717437249841,0.0715989549644,9.88849205896e-05,5,200,ok,
c222,direct,ifft,complex64,8192,2,contiguous,,direct_ifft_complex64_8192_2_contiguous_,0.111985600088,0.111868184758,0.000117415329441,5,200,ok,
c222,direct,ifft,complex64,8192,4,contiguous,,direct_ifft_complex64_8192_4_contiguous_,0.193228062396,0.193067527501,0.000160534895487,5,127,ok,
c222,direct,ifft,complex64,8192,8,contiguous,,direct_ifft_complex64_8192_8_contiguous_,0.353159915124,0.352419242595,0.000223143225802,5,70,ok,
c222,direct,ifft,complex64,8192,16,contiguous,,direct_ifft_complex64_8192_16_contiguous_,0.673034100328,0.6723673956,0.00048644724302,5,20,ok,
c222,direct,ifft,complex64,8192,32,contiguous,,direct_ifft_complex64_8192_32_contiguous_,1.32192799938,1.31841889815,0.00235190382227,5,20,ok,
c222,direct,ifft,complex64,8192,64,contiguous,,direct_ifft_complex64_8192_64_contiguous_,2.61681285114,2.61480146303,0.000891687635046,5,13,ok,
c222,direct,ifft,complex64,8192,256,contiguous,,direct_ifft_complex64_8192_256_contiguous_,10.7545303181,10.7250416574,0.0294886607056,5,3,ok,
c222,direct,ifft,complex64,16384,1,contiguous,,direct_ifft_complex64_16384_1_contiguous_,0.11773427017,0.117435859866,0.00010559509974,5,200,ok,
c222,direct,ifft,complex64,16384,2,contiguous,,direct_ifft_complex64_16384_2_contiguous_,0.200410129412,0.200282798276,0.000127331135915,5,124,ok,
c222,direct,ifft,complex64,16384,4,contiguous,,direct_ifft_complex64_16384_4_contiguous_,0.365159091554,0.364929741023,0.000229350531079,5,66,ok,
c222,direct,ifft,complex64,16384,8,contiguous,,direct_ifft_complex64_16384_8_contiguous_,0.699183100369,0.69834854803,0.000834552338347,5,20,ok,
c222,direct,ifft,complex64,16384,16,contiguous,,direct_ifft_complex64_16384_16_contiguous_,1.36169145117,1.36022120132,0.00147024984471,5,20,ok,
c222,direct,ifft,complex64,16384,32,contiguous,,direct_ifft_complex64_16384_32_contiguous_,2.72440950115,2.72343858766,0.000866663564617,5,12,ok,
c222,direct,ifft,complex64,16384,64,contiguous,,direct_ifft_complex64_16384_64_contiguous_,5.37883133317,5.36793767242,0.00577916701635,5,6,ok,
c222,direct,ifft,complex64,16384,256,contiguous,,direct_ifft_complex64_16384_256_contiguous_,23.9445680054,23.8941939315,0.0503740739077,5,1,ok,
c222,direct,ifft,complex64,32768,1,contiguous,,direct_ifft_complex64_32768_1_contiguous_,0.234276404416,0.233990673083,0.000285731333021,5,104,ok,
c222,direct,ifft,complex64,32768,2,contiguous,,direct_ifft_complex64_32768_2_contiguous_,0.412345542257,0.412252338966,9.32032905392e-05,5,59,ok,
c222,direct,ifft,complex64,32768,4,contiguous,,direct_ifft_complex64_32768_4_contiguous_,0.762399000814,0.761456752662,0.000903254840523,5,20,ok,
c222,direct,ifft,complex64,32768,8,contiguous,,direct_ifft_complex64_32768_8_contiguous_,1.47446220508,1.45884645171,0.00633589806966,5,20,ok,
c222,direct,ifft,complex64,32768,16,contiguous,,direct_ifft_complex64_32768_16_contiguous_,2.87528467015,2.85329099279,0.00773782570226,5,12,ok,
c222,direct,ifft,complex64,32768,32,contiguous,,direct_ifft_complex64_32768_32_contiguous_,5.62199183817,5.59459551005,0.0273963281264,5,6,ok,
c222,direct,ifft,complex64,32768,64,contiguous,,direct_ifft_complex64_32768_64_contiguous_,11.7122625234,11.6788650048,0.0146125094034,5,2,ok,
c222,direct,ifft,complex64,32768,256,contiguous,,direct_ifft_complex64_32768_256_contiguous_,50.8535900153,50.6993819727,0.0681079691276,5,1,ok,
c222,direct,ifft,complex64,65536,1,contiguous,,direct_ifft_complex64_65536_1_contiguous_,0.487780077474,0.487254019461,0.000526058012802,5,51,ok,
c222,direct,ifft,complex64,65536,2,contiguous,,direct_ifft_complex64_65536_2_contiguous_,0.893811648712,0.890333100688,0.00347854802385,5,20,ok,
c222,direct,ifft,complex64,65536,4,contiguous,,direct_ifft_complex64_65536_4_contiguous_,1.70995779918,1.68269069982,0.0068643479608,5,20,ok,
c222,direct,ifft,complex64,65536,8,contiguous,,direct_ifft_complex64_65536_8_contiguous_,3.3014075947,3.28775609378,0.00827950425446,5,10,ok,
c222,direct,ifft,complex64,65536,16,contiguous,,direct_ifft_complex64_65536_16_contiguous_,6.57487080898,6.54651180375,0.0179694034159,5,5,ok,
c222,direct,ifft,complex64,65536,32,contiguous,,direct_ifft_complex64_65536_32_contiguous_,13.4395630448,13.4184579947,0.0211050501093,5,2,ok,
c222,direct,ifft,complex64,65536,64,contiguous,,direct_ifft_complex64_65536_64_contiguous_,28.8140000775,28.6675050156,0.0421679578722,5,1,ok,
c222,direct,ifft,complex64,65536,256,contiguous,,direct_ifft_complex64_65536_256_contiguous_,113.46038396,113.20093798,0.037580030039,5,1,ok,
c222,direct,ifft,complex128,64,1,contiguous,,direct_ifft_complex128_64_1_contiguous_,0.00523113629077,0.00518415536325,3.0551086249e-05,7,1577,ok,
c222,direct,ifft,complex128,64,2,contiguous,,direct_ifft_complex128_64_2_contiguous_,0.00551502476852,0.0055083692132,6.65555532134e-06,7,1376,ok,
c222,direct,ifft,complex128,64,4,contiguous,,direct_ifft_complex128_64_4_contiguous_,0.00590018522986,0.0058220009794,2.51475740243e-05,7,1998,ok,
c222,direct,ifft,complex128,64,8,contiguous,,direct_ifft_complex128_64_8_contiguous_,0.00662670339759,0.00657127751698,2.9494018561e-05,7,1834,ok,
c222,direct,ifft,complex128,64,16,contiguous,,direct_ifft_complex128_64_16_contiguous_,0.00792154594372,0.0078655315591,4.47551106137e-05,7,1601,ok,
c222,direct,ifft,complex128,64,32,contiguous,,direct_ifft_complex128_64_32_contiguous_,0.010414118381,0.0103869172102,2.72011707801e-05,7,1123,ok,
c222,direct,ifft,complex128,64,64,contiguous,,direct_ifft_complex128_64_64_contiguous_,0.0157127240876,0.0155538833731,6.95357345868e-05,7,823,ok,
c222,direct,ifft,complex128,64,256,contiguous,,direct_ifft_complex128_64_256_contiguous_,0.0466901500477,0.0462062447332,0.000313140335493,7,200,ok,
c222,direct,ifft,complex128,256,1,contiguous,,direct_ifft_complex128_256_1_contiguous_,0.00651412712479,0.00644876976658,3.08105365638e-05,7,1620,ok,
c222,direct,ifft,complex128,256,2,contiguous,,direct_ifft_complex128_256_2_contiguous_,0.00760030927527,0.00751314057038,2.78463462418e-05,7,1523,ok,
c222,direct,ifft,complex128,256,4,contiguous,,direct_ifft_complex128_256_4_contiguous_,0.00913562041143,0.00911225110399,1.8279769741e-05,7,1362,ok,
c222,direct,ifft,complex128,256,8,contiguous,,direct_ifft_complex128_256_8_contiguous_,0.0125131497505,0.012486582342,1.76914331932e-05,7,1008,ok,
c222,direct,ifft,complex128,256,16,contiguous,,direct_ifft_complex128_256_16_contiguous_,0.0189217472715,0.0187760466201,3.3951856984e-05,7,728,ok,
c222,direct,ifft,complex128,256,32,contiguous,,direct_ifft_complex128_256_32_contiguous_,0.0320561899571,0.0319409748772,6.49748835713e-05,7,200,ok,
c222,direct,ifft,complex128,256,64,contiguous,,direct_ifft_complex128_256_64_contiguous_,0.0582143897191,0.0579867599299,0.000149579718709,7,200,ok,
c222,direct,ifft,complex128,256,256,contiguous,,direct_ifft_complex128_256_256_contiguous_,0.211376630751,0.210261666677,0.000729738432612,7,111,ok,
c222,direct,ifft,complex128,1024,1,contiguous,,direct_ifft_complex128_1024_1_contiguous_,0.0131733854692,0.0130548215655,0.0001145226816,7,947,ok,
c222,direct,ifft,complex128,1024,2,contiguous,,direct_ifft_complex128_1024_2_contiguous_,0.017510187991,0.017441554914,5.0531034142e-05,7,755,ok,
c222,direct,ifft,complex128,1024,4,contiguous,,direct_ifft_complex128_1024_4_contiguous_,0.0258508041956,0.0256846894298,5.94841409302e-05,7,541,ok,
c222,direct,ifft,complex128,1024,8,contiguous,,direct_ifft_complex128_1024_8_contiguous_,0.0423854903784,0.0420122453943,0.000262195244431,7,200,ok,
c222,direct,ifft,complex128,1024,16,contiguous,,direct_ifft_complex128_1024_16_contiguous_,0.075144849834,0.0741820398252,0.000225119874813,7,200,ok,
c222,direct,ifft,complex128,1024,32,contiguous,,direct_ifft_complex128_1024_32_contiguous_,0.139042250256,0.138104642577,0.000628392048053,7,176,ok,
c222,direct,ifft,complex128,1024,64,contiguous,,direct_ifft_complex128_1024_64_contiguous_,0.26667135215,0.263325406934,0.00163030831123,7,91,ok,
c222,direct,ifft,complex128,1024,256,contiguous,,direct_ifft_complex128_1024_256_contiguous_,1.02696305257,1.02314635296,0.00117370509543,7,20,ok,
c222,direct,ifft,complex128,2048,1,contiguous,,direct_ifft_complex128_2048_1_contiguous_,0.0218800326134,0.0216628954018,9.85360588708e-05,7,612,ok,
c222,direct,ifft,complex128,2048,2,contiguous,,direct_ifft_complex128_2048_2_contiguous_,0.0322114096069,0.0320238923322,0.0001097120349,7,427,ok,
c222,direct,ifft,complex128,2048,4,contiguous,,direct_ifft_complex128_2048_4_contiguous_,0.0510862399824,0.0509015400894,0.000182344811037,7,200,ok,
c222,direct,ifft,complex128,2048,8,contiguous,,direct_ifft_complex128_2048_8_contiguous_,0.0888080900768,0.0886563549284,0.000111660338007,7,200,ok,
c222,direct,ifft,complex128,2048,16,contiguous,,direct_ifft_complex128_2048_16_contiguous_,0.162810714767,0.162135741815,0.000567893984894,7,151,ok,
c222,direct,ifft,complex128,2048,32,contiguous,,direct_ifft_complex128_2048_32_contiguous_,0.314774772718,0.308523949271,0.00445593643603,7,79,ok,
c222,direct,ifft,complex128,2048,64,contiguous,,direct_ifft_complex128_2048_64_contiguous_,0.613010197412,0.607815448893,0.00519474851899,7,20,ok,
c222,direct,ifft,complex128,2048,256,contiguous,,direct_ifft_complex128_2048_256_contiguous_,2.40045971337,2.39195021069,0.00372700326677,7,14,ok,
c222,direct,ifft,complex128,3072,1,contiguous,,direct_ifft_complex128_3072_1_contiguous_,0.0305665000052,0.030070624418,0.000186437931529,7,386,ok,
c222,direct,ifft,complex128,3072,2,contiguous,,direct_ifft_complex128_3072_2_contiguous_,0.0463018246228,0.0458432151936,6.18695048615e-05,7,200,ok,
c222,direct,ifft,complex128,3072,4,contiguous,,direct_ifft_complex128_3072_4_contiguous_,0.0758415053133,0.0751783599844,0.000252525205724,7,200,ok,
c222,direct,ifft,complex128,3072,8,contiguous,,direct_ifft_complex128_3072_8_contiguous_,0.132602112826,0.131702775828,0.000899336998037,7,187,ok,
c222,direct,ifft,complex128,3072,16,contiguous,,direct_ifft_complex128_3072_16_contiguous_,0.248572642082,0.245397642108,0.00230473662285,7,95,ok,
c222,direct,ifft,complex128,3072,32,contiguous,,direct_ifft_complex128_3072_32_contiguous_,0.484441849403,0.479577254737,0.00383119913749,7,20,ok,
c222,direct,ifft,complex128,3072,64,contiguous,,direct_ifft_complex128_3072_64_contiguous_,0.941785454052,0.940356845967,0.00070589594543,7,20,ok,
c222,direct,ifft,complex128,3072,256,contiguous,,direct_ifft_complex128_3072_256_contiguous_,3.85254849971,3.83876387787,0.00733861816116,7,8,ok,
c222,direct,ifft,complex128,3584,1,contiguous,,direct_ifft_complex128_3584_1_contiguous_,0.0331883498664,0.0331044855452,8.3864321227e-05,7,383,ok,
c222,direct,ifft,complex128,3584,2,contiguous,,direct_ifft_complex128_3584_2_contiguous_,0.0513048499124,0.0505501346197,0.000414625392295,7,200,ok,
c222,direct,ifft,complex128,3584,4,contiguous,,direct_ifft_complex128_3584_4_contiguous_,0.0844034401234,0.0840941595379,0.000277520157397,7,200,ok,
c222,direct,ifft,complex128,3584,8,contiguous,,direct_ifft_complex128_3584_8_contiguous_,0.150219060368,0.150111223797,0.000107836570929,7,165,ok,
c222,direct,ifft,complex128,3584,16,contiguous,,direct_ifft_complex128_3584_16_contiguous_,0.284365609813,0.283322057515,0.000458448889783,7,87,ok,
c222,direct,ifft,complex128,3584,32,contiguous,,direct_ifft_complex128_3584_32_contiguous_,0.567980849883,0.565685052425,0.00229579745792,7,20,ok,
c222,direct,ifft,complex128,3584,64,contiguous,,direct_ifft_complex128_3584_64_contiguous_,1.07258399948,1.06702710036,0.00507250078954,7,20,ok,
c222,direct,ifft,complex128,3584,256,contiguous,,direct_ifft_complex128_3584_256_contiguous_,4.55166529199,4.47995099239,0.0521875751604,7,7,ok,
c222,direct,ifft,complex128,4095,1,contiguous,,direct_ifft_complex128_4095_1_contiguous_,0.045722241531,0.0447001022656,0.000991177182855,7,265,ok,
c222,direct,ifft,complex128,4095,2,contiguous,,direct_ifft_complex128_4095_2_contiguous_,0.0713524396997,0.0710314896423,0.000320950057358,7,200,ok,
c222,direct,ifft,complex128,4095,4,contiguous,,direct_ifft_complex128_4095_4_contiguous_,0.129244369721,0.127092526479,0.00177206796555,7,192,ok,
c222,direct,ifft,complex128,4095,8,contiguous,,direct_ifft_complex128_4095_8_contiguous_,0.244752767336,0.243842586489,0.000885606630508,7,99,ok,
c222,direct,ifft,complex128,4095,16,contiguous,,direct_ifft_complex128_4095_16_contiguous_,0.472420826554,0.469881078551,0.00253974800356,7,52,ok,
c222,direct,ifft,complex128,4095,32,contiguous,,direct_ifft_complex128_4095_32_contiguous_,0.93337824801,0.931648002006,0.00173024600372,7,20,ok,
c222,direct,ifft,complex128,4095,64,contiguous,,direct_ifft_complex128_4095_64_contiguous_,1.86267883853,1.85557666959,0.00467655869822,7,18,ok,
c222,direct,ifft,complex128,4095,256,contiguous,,direct_ifft_complex128_4095_256_contiguous_,7.74808001006,7.71466724109,0.026760273613,7,4,ok,
c222,direct,ifft,complex128,4096,1,contiguous,,direct_ifft_complex128_4096_1_contiguous_,0.0387308894131,0.0385424047937,0.000183410911129,7,326,ok,
c222,direct,ifft,complex128,4096,2,contiguous,,direct_ifft_complex128_4096_2_contiguous_,0.0588643550873,0.0584200199228,4.77896537632e-05,7,200,ok,
c222,direct,ifft,complex128,4096,4,contiguous,,direct_ifft_complex128_4096_4_contiguous_,0.0970939098625,0.0967189547373,9.85851511359e-05,7,200,ok,
c222,direct,ifft,complex128,4096,8,contiguous,,direct_ifft_complex128_4096_8_contiguous_,0.174225908802,0.171950594131,0.000725762423623,7,143,ok,
c222,direct,ifft,complex128,4096,16,contiguous,,direct_ifft_complex128_4096_16_contiguous_,0.329090917024,0.328730507945,0.000188288227846,7,73,ok,
c222,direct,ifft,complex128,4096,32,contiguous,,direct_ifft_complex128_4096_32_contiguous_,0.638718350092,0.631408655318,0.000611651921645,7,20,ok,
c222,direct,ifft,complex128,4096,64,contiguous,,direct_ifft_complex128_4096_64_contiguous_,1.25318524661,1.25057384721,0.00196065520868,7,20,ok,
c222,direct,ifft,complex128,4096,256,contiguous,,direct_ifft_complex128_4096_256_contiguous_,5.13892366628,5.12104366984,0.0178799964488,7,6,ok,
c222,direct,ifft,complex128,4097,1,contiguous,,direct_ifft_complex128_4097_1_contiguous_,0.11554753556,0.115072752721,0.000291555705998,5,198,ok,
c222,direct,ifft,complex128,4097,2,contiguous,,direct_ifft_complex128_4097_2_contiguous_,0.188628692502,0.188430161394,0.000153053910113,5,130,ok,
c222,direct,ifft,complex128,4097,4,contiguous,,direct_ifft_complex128_4097_4_contiguous_,0.359167156941,0.358845414926,0.000321742014161,5,70,ok,
c222,direct,ifft,complex128,4097,8,contiguous,,direct_ifft_complex128_4097_8_contiguous_,0.692558913891,0.690074255025,0.000281685164997,5,35,ok,
c222,direct,ifft,complex128,4097,16,contiguous,,direct_ifft_complex128_4097_16_contiguous_,1.37174929841,1.36563534616,0.00553184654564,5,20,ok,
c222,direct,ifft,complex128,4097,32,contiguous,,direct_ifft_complex128_4097_32_contiguous_,2.76752358574,2.7575098308,0.0100137549452,5,12,ok,
c222,direct,ifft,complex128,4097,64,contiguous,,direct_ifft_complex128_4097_64_contiguous_,5.57851199604,5.56621401726,0.00645534601063,5,6,ok,
c222,direct,ifft,complex128,4097,256,contiguous,,direct_ifft_complex128_4097_256_contiguous_,22.4968170514,22.4267659942,0.0371390487999,5,1,ok,
c222,direct,ifft,complex128,4608,1,contiguous,,direct_ifft_complex128_4608_1_contiguous_,0.0453859055415,0.0442818447482,0.000107854721136,5,200,ok,
c222,direct,ifft,complex128,4608,2,contiguous,,direct_ifft_complex128_4608_2_contiguous_,0.070280089858,0.0701126200147,0.000167469843291,5,200,ok,
c222,direct,ifft,complex128,4608,4,contiguous,,direct_ifft_complex128_4608_4_contiguous_,0.118698275182,0.118473049952,0.000225225230679,5,200,ok,
c222,direct,ifft,complex128,4608,8,contiguous,,direct_ifft_complex128_4608_8_contiguous_,0.216037081135,0.215626846126,0.000389008614998,5,111,ok,
c222,direct,ifft,complex128,4608,16,contiguous,,direct_ifft_complex128_4608_16_contiguous_,0.41598015232,0.414372596424,0.00160755589604,5,20,ok,
c222,direct,ifft,complex128,4608,32,contiguous,,direct_ifft_complex128_4608_32_contiguous_,0.802292698063,0.796827446902,0.00331070041284,5,20,ok,
c222,direct,ifft,complex128,4608,64,contiguous,,direct_ifft_complex128_4608_64_contiguous_,1.58691384713,1.58469519811,0.000974803697318,5,20,ok,
c222,direct,ifft,complex128,4608,256,contiguous,,direct_ifft_complex128_4608_256_contiguous_,6.71707121655,6.70662361663,0.0104475999251,5,5,ok,
c222,direct,ifft,complex128,8192,1,contiguous,,direct_ifft_complex128_8192_1_contiguous_,0.0762197154108,0.0757077499293,0.000383614678867,5,200,ok,
c222,direct,ifft,complex128,8192,2,contiguous,,direct_ifft_complex128_8192_2_contiguous_,0.122175539727,0.121947160223,0.000228379503824,5,200,ok,
c222,direct,ifft,complex128,8192,4,contiguous,,direct_ifft_complex128_8192_4_contiguous_,0.215198683324,0.213877789129,0.00032156873331,5,114,ok,
c222,direct,ifft,complex128,8192,8,contiguous,,direct_ifft_complex128_8192_8_contiguous_,0.40067530485,0.399955741746,0.000719563104212,5,62,ok,
c222,direct,ifft,complex128,8192,16,contiguous,,direct_ifft_complex128_8192_16_contiguous_,0.777569954516,0.772392202634,0.005177751882,5,20,ok,
c222,direct,ifft,complex128,8192,32,contiguous,,direct_ifft_complex128_8192_32_contiguous_,1.54851640109,1.5446702484,0.00384615268558,5,20,ok,
c222,direct,ifft,complex128,8192,64,contiguous,,direct_ifft_complex128_8192_64_contiguous_,3.03473591339,3.02856072614,0.00617518724704,5,11,ok,
c222,direct,ifft,complex128,8192,256,contiguous,,direct_ifft_complex128_8192_256_contiguous_,14.9228860391,14.7891605156,0.133725523483,5,2,ok,
c222,direct,ifft,complex128,16384,1,contiguous,,direct_ifft_complex128_16384_1_contiguous_,0.195314187295,0.194549234038,0.000764953256294,5,128,ok,
c222,direct,ifft,complex128,16384,2,contiguous,,direct_ifft_complex128_16384_2_contiguous_,0.377510878907,0.371400788991,0.00192769661997,5,66,ok,
c222,direct,ifft,complex128,16384,4,contiguous,,direct_ifft_complex128_16384_4_contiguous_,0.735032029779,0.727679412675,0.00735261710361,5,34,ok,
c222,direct,ifft,complex128,16384,8,contiguous,,direct_ifft_complex128_16384_8_contiguous_,1.47190390271,1.4519174525,0.00741239637136,5,20,ok,
c222,direct,ifft,complex128,16384,16,contiguous,,direct_ifft_complex128_16384_16_contiguous_,2.89001058748,2.85636925643,0.033641331053,5,12,ok,
c222,direct,ifft,complex128,16384,32,contiguous,,direct_ifft_complex128_16384_32_contiguous_,5.81232667901,5.74234050388,0.0485441608665,5,6,ok,
c222,direct,ifft,complex128,16384,64,contiguous,,direct_ifft_complex128_16384_64_contiguous_,11.9423629949,11.9148115045,0.00988348620012,5,2,ok,
c222,direct,ifft,complex128,16384,256,contiguous,,direct_ifft_complex128_16384_256_contiguous_,51.0528429877,50.7057929644,0.240410910919,5,1,ok,
c222,direct,ifft,complex128,32768,1,contiguous,,direct_ifft_complex128_32768_1_contiguous_,0.438376625035,0.436326536666,0.00205008836929,5,56,ok,
c222,direct,ifft,complex128,32768,2,contiguous,,direct_ifft_complex128_32768_2_contiguous_,0.863903655735,0.8561888244,0.00491261819442,5,29,ok,
c222,direct,ifft,complex128,32768,4,contiguous,,direct_ifft_complex128_32768_4_contiguous_,1.70873249881,1.70481820242,0.00391429639421,5,20,ok,
c222,direct,ifft,complex128,32768,8,contiguous,,direct_ifft_complex128_32768_8_contiguous_,3.3808244043,3.360732703,0.00488109653816,5,10,ok,
c222,direct,ifft,complex128,32768,16,contiguous,,direct_ifft_complex128_32768_16_contiguous_,6.79148861673,6.78237341344,0.00911520328373,5,5,ok,
c222,direct,ifft,complex128,32768,32,contiguous,,direct_ifft_complex128_32768_32_contiguous_,13.9382765046,13.8894449919,0.0384974409826,5,2,ok,
c222,direct,ifft,complex128,32768,64,contiguous,,direct_ifft_complex128_32768_64_contiguous_,29.3418179499,29.3207989307,0.0210190191865,5,1,ok,
c222,direct,ifft,complex128,32768,256,contiguous,,direct_ifft_complex128_32768_256_contiguous_,118.416005978,118.276183959,0.139822019264,5,1,ok,
c222,direct,ifft,complex128,65536,1,contiguous,,direct_ifft_complex128_65536_1_contiguous_,0.918561256387,0.917908890794,0.000340294920736,5,27,ok,
c222,direct,ifft,complex128,65536,2,contiguous,,direct_ifft_complex128_65536_2_contiguous_,1.88191877937,1.8498898846,0.00732588685221,5,18,ok,
c222,direct,ifft,complex128,65536,4,contiguous,,direct_ifft_complex128_65536_4_contiguous_,3.73454822693,3.69210766318,0.010598774275,5,9,ok,
c222,direct,ifft,complex128,65536,8,contiguous,,direct_ifft_complex128_65536_8_contiguous_,7.44114501867,7.34245526837,0.0210142461583,5,4,ok,
c222,direct,ifft,complex128,65536,16,contiguous,,direct_ifft_complex128_65536_16_contiguous_,15.3632409638,15.2858460206,0.023519503884,5,2,ok,
c222,direct,ifft,complex128,65536,32,contiguous,,direct_ifft_complex128_65536_32_contiguous_,33.1249530427,32.8937210143,0.184575095773,5,1,ok,
c222,direct,ifft,complex128,65536,64,contiguous,,direct_ifft_complex128_65536_64_contiguous_,65.9813749371,65.2853209758,0.149780069478,5,1,ok,
c222,direct,ifft,complex128,65536,256,contiguous,,direct_ifft_complex128_65536_256_contiguous_,261.758330045,260.698965983,0.978703028522,5,1,ok,
c222,direct,rfft,float32,64,1,contiguous,,direct_rfft_float32_64_1_contiguous_,0.00489556423306,0.00485251887847,3.72781619521e-05,7,1143,ok,
c222,direct,rfft,float32,64,2,contiguous,,direct_rfft_float32_64_2_contiguous_,0.00533974101479,0.00526863830955,2.35929996855e-05,7,1919,ok,
c222,direct,rfft,float32,64,4,contiguous,,direct_rfft_float32_64_4_contiguous_,0.00550492355823,0.00549613339506,6.77526421489e-06,7,1949,ok,
c222,direct,rfft,float32,64,8,contiguous,,direct_rfft_float32_64_8_contiguous_,0.00602337184139,0.00592722537809,1.20850253693e-05,7,1775,ok,
c222,direct,rfft,float32,64,16,contiguous,,direct_rfft_float32_64_16_contiguous_,0.00690136329272,0.00683564959352,2.38756825194e-05,7,1778,ok,
c222,direct,rfft,float32,64,32,contiguous,,direct_rfft_float32_64_32_contiguous_,0.00832714518585,0.00827480387968,1.15843260301e-05,7,1453,ok,
c222,direct,rfft,float32,64,64,contiguous,,direct_rfft_float32_64_64_contiguous_,0.0112155954323,0.0111051172918,1.98353563098e-05,7,1142,ok,
c222,direct,rfft,float32,64,256,contiguous,,direct_rfft_float32_64_256_contiguous_,0.0294530700194,0.0291439902503,0.000194360036403,7,200,ok,
c222,direct,rfft,float32,256,1,contiguous,,direct_rfft_float32_256_1_contiguous_,0.00568678525453,0.00564424451703,2.55600361459e-05,7,1914,ok,
c222,direct,rfft,float32,256,2,contiguous,,direct_rfft_float32_256_2_contiguous_,0.00626380967617,0.00623047262702,1.34070878738e-05,7,1771,ok,
c222,direct,rfft,float32,256,4,contiguous,,direct_rfft_float32_256_4_contiguous_,0.00700446890276,0.0069912475104,1.32213923524e-05,7,1608,ok,
c222,direct,rfft,float32,256,8,contiguous,,direct_rfft_float32_256_8_contiguous_,0.00841883028135,0.00840966803293,9.16224842023e-06,7,1509,ok,
c222,direct,rfft,float32,256,16,contiguous,,direct_rfft_float32_256_16_contiguous_,0.0110380491994,0.0110023407528,1.12097965159e-05,7,1177,ok,
c222,direct,rfft,float32,256,32,contiguous,,direct_rfft_float32_256_32_contiguous_,0.0168161001056,0.016591824824,0.000167615362443,7,200,ok,
c222,direct,rfft,float32,256,64,contiguous,,direct_rfft_float32_256_64_contiguous_,0.0281045399606,0.0278764101677,8.4710191004e-05,7,200,ok,
c222,direct,rfft,float32,256,256,contiguous,,direct_rfft_float32_256_256_contiguous_,0.0946052476617,0.093812342292,0.00019536819309,7,190,ok,
c222,direct,rfft,float32,1024,1,contiguous,,direct_rfft_float32_1024_1_contiguous_,0.00878243178252,0.00876373087522,1.8700907304e-05,7,1304,ok,
c222,direct,rfft,float32,1024,2,contiguous,,direct_rfft_float32_1024_2_contiguous_,0.00986339399938,0.00984805212304,1.53418763408e-05,7,1246,ok,
c222,direct,rfft,float32,1024,4,contiguous,,direct_rfft_float32_1024_4_contiguous_,0.0132355976764,0.013131708249,8.71454487996e-05,7,1004,ok,
c222,direct,rfft,float32,1024,8,contiguous,,direct_rfft_float32_1024_8_contiguous_,0.0196851749206,0.0194542354438,0.000175875029527,7,200,ok,
c222,direct,rfft,float32,1024,16,contiguous,,direct_rfft_float32_1024_16_contiguous_,0.0327360699885,0.0325110950507,9.95845766738e-05,7,200,ok,
c222,direct,rfft,float32,1024,32,contiguous,,direct_rfft_float32_1024_32_contiguous_,0.0592367048375,0.0586642301641,0.000379609991796,7,200,ok,
c222,direct,rfft,float32,1024,64,contiguous,,direct_rfft_float32_1024_64_contiguous_,0.109094384825,0.107867289917,0.000249214936048,7,200,ok,
c222,direct,rfft,float32,1024,256,contiguous,,direct_rfft_float32_1024_256_contiguous_,0.403830903815,0.398049049545,0.00499190064147,7,20,ok,
c222,direct,rfft,float32,2048,1,contiguous,,direct_rfft_float32_2048_1_contiguous_,0.0130487265579,0.0126818603664,0.00032865540831,7,903,ok,
c222,direct,rfft,float32,2048,2,contiguous,,direct_rfft_float32_2048_2_contiguous_,0.0160266422392,0.0155601397999,0.000334720441635,7,794,ok,
c222,direct,rfft,float32,2048,4,contiguous,,direct_rfft_float32_2048_4_contiguous_,0.02400255471,0.023760155309,8.02043359727e-06,7,200,ok,
c222,direct,rfft,float32,2048,8,contiguous,,direct_rfft_float32_2048_8_contiguous_,0.0405685900478,0.0402271951316,0.000246959971264,7,200,ok,
c222,direct,rfft,float32,2048,16,contiguous,,direct_rfft_float32_2048_16_contiguous_,0.0722636550199,0.0715075852349,0.000357565004379,7,200,ok,
c222,direct,rfft,float32,2048,32,contiguous,,direct_rfft_float32_2048_32_contiguous_,0.14044668725,0.133947642638,0.00480619824624,7,182,ok,
c222,direct,rfft,float32,2048,64,contiguous,,direct_rfft_float32_2048_64_contiguous_,0.285829853965,0.260958302533,0.0128590967506,7,20,ok,
c222,direct,rfft,float32,2048,256,contiguous,,direct_rfft_float32_2048_256_contiguous_,1.01244180114,0.972982903477,0.00882300082594,7,20,ok,
c222,direct,rfft,float32,3072,1,contiguous,,direct_rfft_float32_3072_1_contiguous_,0.0168749096153,0.0165665047317,0.000237779403549,7,630,ok,
c222,direct,rfft,float32,3072,2,contiguous,,direct_rfft_float32_3072_2_contiguous_,0.0202499749139,0.020092735067,0.0001430651173,7,200,ok,
c222,direct,rfft,float32,3072,4,contiguous,,direct_rfft_float32_3072_4_contiguous_,0.0322471995605,0.0319667247823,0.000240350491367,7,200,ok,
c222,direct,rfft,float32,3072,8,contiguous,,direct_rfft_float32_3072_8_contiguous_,0.0554689951241,0.0551146303769,9.58796590567e-05,7,200,ok,
c222,direct,rfft,float32,3072,16,contiguous,,direct_rfft_float32_3072_16_contiguous_,0.106486349832,0.100465674768,0.00138720031828,7,200,ok,
c222,direct,rfft,float32,3072,32,contiguous,,direct_rfft_float32_3072_32_contiguous_,0.192518602125,0.189124699682,0.00196070177481,7,20,ok,
c222,direct,rfft,float32,3072,64,contiguous,,direct_rfft_float32_3072_64_contiguous_,0.369873753516,0.365368352504,0.00137959723361,7,20,ok,
c222,direct,rfft,float32,3072,256,contiguous,,direct_rfft_float32_3072_256_contiguous_,1.44902910106,1.44329979667,0.00464674667455,7,20,ok,
c222,direct,rfft,float32,3584,1,contiguous,,direct_rfft_float32_3584_1_contiguous_,0.0206940902942,0.0205509805065,4.45086430752e-05,7,619,ok,
c222,direct,rfft,float32,3584,2,contiguous,,direct_rfft_float32_3584_2_contiguous_,0.0305212201783,0.0304061552742,6.83247344568e-05,7,200,ok,
c222,direct,rfft,float32,3584,4,contiguous,,direct_rfft_float32_3584_4_contiguous_,0.0519139849348,0.0508980848826,0.000317895319313,7,200,ok,
c222,direct,rfft,float32,3584,8,contiguous,,direct_rfft_float32_3584_8_contiguous_,0.0927155604586,0.0922033999814,0.000328209716827,7,200,ok,
c222,direct,rfft,float32,3584,16,contiguous,,direct_rfft_float32_3584_16_contiguous_,0.172710202478,0.172162111816,0.00042036351572,7,143,ok,
c222,direct,rfft,float32,3584,32,contiguous,,direct_rfft_float32_3584_32_contiguous_,0.332204252481,0.330711447168,0.00149280531332,7,20,ok,
c222,direct,rfft,float32,3584,64,contiguous,,direct_rfft_float32_3584_64_contiguous_,0.650737853721,0.648079899838,0.0010649964679,7,20,ok,
c222,direct,rfft,float32,3584,256,contiguous,,direct_rfft_float32_3584_256_contiguous_,2.60642525003,2.58669407534,0.00344733901632,7,12,ok,
c222,direct,rfft,float32,4095,1,contiguous,,direct_rfft_float32_4095_1_contiguous_,0.0309638387562,0.0306704792611,0.000293359495153,7,409,ok,
c222,direct,rfft,float32,4095,2,contiguous,,direct_rfft_float32_4095_2_contiguous_,0.0360590399941,0.0357036251808,6.36203913018e-05,7,200,ok,
c222,direct,rfft,float32,4095,4,contiguous,,direct_rfft_float32_4095_4_contiguous_,0.0631728750886,0.0620041351067,0.000451845116913,7,200,ok,
c222,direct,rfft,float32,4095,8,contiguous,,direct_rfft_float32_4095_8_contiguous_,0.115041625104,0.113833515206,0.00068292953074,7,200,ok,
c222,direct,rfft,float32,4095,16,contiguous,,direct_rfft_float32_4095_16_contiguous_,0.22096093744,0.220274707237,0.000496337239721,7,113,ok,
c222,direct,rfft,float32,4095,32,contiguous,,direct_rfft_float32_4095_32_contiguous_,0.421444396488,0.417476950679,0.00180384959094,7,20,ok,
c222,direct,rfft,float32,4095,64,contiguous,,direct_rfft_float32_4095_64_contiguous_,0.833344348939,0.832627498312,0.000716850627214,7,20,ok,
c222,direct,rfft,float32,4095,256,contiguous,,direct_rfft_float32_4095_256_contiguous_,3.55541499125,3.5060235532,0.0269359055286,7,9,ok,
c222,direct,rfft,float32,4096,1,contiguous,,direct_rfft_float32_4096_1_contiguous_,0.0210151909359,0.0206581071188,8.24992680669e-05,7,597,ok,
c222,direct,rfft,float32,4096,2,contiguous,,direct_rfft_float32_4096_2_contiguous_,0.0256907200674,0.0256549497135,3.57703538612e-05,7,200,ok,
c222,direct,rfft,float32,4096,4,contiguous,,direct_rfft_float32_4096_4_contiguous_,0.0428320799256,0.0425774999894,0.000251214951277,7,200,ok,
c222,direct,rfft,float32,4096,8,contiguous,,direct_rfft_float32_4096_8_contiguous_,0.0754508201499,0.0746777252061,0.000650464789942,7,200,ok,
c222,direct,rfft,float32,4096,16,contiguous,,direct_rfft_float32_4096_16_contiguous_,0.139932044824,0.1386525613,0.000582376803701,7,178,ok,
c222,direct,rfft,float32,4096,32,contiguous,,direct_rfft_float32_4096_32_contiguous_,0.265447201673,0.262022251263,0.000978796742857,7,20,ok,
c222,direct,rfft,float32,4096,64,contiguous,,direct_rfft_float32_4096_64_contiguous_,0.516566046281,0.512069649994,0.00190660357475,7,20,ok,
c222,direct,rfft,float32,4096,256,contiguous,,direct_rfft_float32_4096_256_contiguous_,2.03870793484,2.01187831408,0.0268296207651,7,16,ok,
c222,direct,rfft,float32,4097,1,contiguous,,direct_rfft_float32_4097_1_contiguous_,0.114792509703,0.113714140025,0.000437269336544,5,200,ok,
c222,direct,rfft,float32,4097,2,contiguous,,direct_rfft_float32_4097_2_contiguous_,0.178221314647,0.177584978519,0.000494778422373,5,140,ok,
c222,direct,rfft,float32,4097,4,contiguous,,direct_rfft_float32_4097_4_contiguous_,0.350841429151,0.349566328805,0.00127510034612,5,70,ok,
c222,direct,rfft,float32,4097,8,contiguous,,direct_rfft_float32_4097_8_contiguous_,0.662414660359,0.660452578143,0.00196208221544,5,38,ok,
c222,direct,rfft,float32,4097,16,contiguous,,direct_rfft_float32_4097_16_contiguous_,1.33062230307,1.32351500215,0.00110754626803,5,20,ok,
c222,direct,rfft,float32,4097,32,contiguous,,direct_rfft_float32_4097_32_contiguous_,2.65039046868,2.63849268847,0.00650231511547,5,13,ok,
c222,direct,rfft,float32,4097,64,contiguous,,direct_rfft_float32_4097_64_contiguous_,5.21691799319,5.19146032942,0.0248583382927,5,6,ok,
c222,direct,rfft,float32,4097,256,contiguous,,direct_rfft_float32_4097_256_contiguous_,21.2081139907,21.1582599441,0.0498540466651,5,1,ok,
c222,direct,rfft,float32,4608,1,contiguous,,direct_rfft_float32_4608_1_contiguous_,0.0250513252104,0.0247142399894,0.000160044874065,5,200,ok,
c222,direct,rfft,float32,4608,2,contiguous,,direct_rfft_float32_4608_2_contiguous_,0.0291577144526,0.0288315053331,7.44854332879e-05,5,200,ok,
c222,direct,rfft,float32,4608,4,contiguous,,direct_rfft_float32_4608_4_contiguous_,0.0487084349152,0.0480414304184,0.000222864910029,5,200,ok,
c222,direct,rfft,float32,4608,8,contiguous,,direct_rfft_float32_4608_8_contiguous_,0.0864334398648,0.0843553000595,0.000424695317633,5,200,ok,
c222,direct,rfft,float32,4608,16,contiguous,,direct_rfft_float32_4608_16_contiguous_,0.160920899361,0.156513653928,0.00440724543296,5,20,ok,
c222,direct,rfft,float32,4608,32,contiguous,,direct_rfft_float32_4608_32_contiguous_,0.305585400201,0.304600549862,0.000984850339592,5,20,ok,
c222,direct,rfft,float32,4608,64,contiguous,,direct_rfft_float32_4608_64_contiguous_,0.605359853944,0.598468451062,0.00460959854536,5,20,ok,
c222,direct,rfft,float32,4608,256,contiguous,,direct_rfft_float32_4608_256_contiguous_,2.69609999377,2.56287241355,0.0173565931618,5,5,ok,
c222,direct,rfft,float32,8192,1,contiguous,,direct_rfft_float32_8192_1_contiguous_,0.0398202351062,0.0391100550769,0.000382669968531,5,200,ok,
c222,direct,rfft,float32,8192,2,contiguous,,direct_rfft_float32_8192_2_contiguous_,0.0499133398989,0.0496441847645,0.00012984033674,5,200,ok,
c222,direct,rfft,float32,8192,4,contiguous,,direct_rfft_float32_8192_4_contiguous_,0.0858743453864,0.0848954601679,0.000518320593983,5,200,ok,
c222,direct,rfft,float32,8192,8,contiguous,,direct_rfft_float32_8192_8_contiguous_,0.153339339095,0.152269387346,0.00106995174824,5,103,ok,
c222,direct,rfft,float32,8192,16,contiguous,,direct_rfft_float32_8192_16_contiguous_,0.300336052896,0.295064150123,0.00427200575359,5,20,ok,
c222,direct,rfft,float32,8192,32,contiguous,,direct_rfft_float32_8192_32_contiguous_,0.579224899411,0.568673649104,0.00333475181833,5,20,ok,
c222,direct,rfft,float32,8192,64,contiguous,,direct_rfft_float32_8192_64_contiguous_,1.13376909867,1.12258715089,0.000689801527187,5,20,ok,
c222,direct,rfft,float32,8192,256,contiguous,,direct_rfft_float32_8192_256_contiguous_,5.78931157943,5.68234319799,0.0472222222015,5,5,ok,
c222,direct,rfft,float32,16384,1,contiguous,,direct_rfft_float32_16384_1_contiguous_,0.083650680026,0.0831121753436,0.000291700125672,5,200,ok,
c222,direct,rfft,float32,16384,2,contiguous,,direct_rfft_float32_16384_2_contiguous_,0.128144752479,0.125972478724,0.00151304135981,5,190,ok,
c222,direct,rfft,float32,16384,4,contiguous,,direct_rfft_float32_16384_4_contiguous_,0.231237670642,0.230476543877,0.000761126764842,5,103,ok,
c222,direct,rfft,float32,16384,8,contiguous,,direct_rfft_float32_16384_8_contiguous_,0.441118748859,0.436947948765,0.00417080009356,5,20,ok,
c222,direct,rfft,float32,16384,16,contiguous,,direct_rfft_float32_16384_16_contiguous_,0.861500599422,0.858379300917,0.00312129850499,5,20,ok,
c222,direct,rfft,float32,16384,32,contiguous,,direct_rfft_float32_16384_32_contiguous_,1.69601787895,1.69572317699,0.000294701963225,5,17,ok,
c222,direct,rfft,float32,16384,64,contiguous,,direct_rfft_float32_16384_64_contiguous_,3.4468505635,3.42373944457,0.0222282121993,5,9,ok,
c222,direct,rfft,float32,16384,256,contiguous,,direct_rfft_float32_16384_256_contiguous_,20.4151379876,20.2965360368,0.0773950014263,5,1,ok,
c222,direct,rfft,float32,32768,1,contiguous,,direct_rfft_float32_32768_1_contiguous_,0.222092711528,0.221610558443,0.000482153084774,5,104,ok,
c222,direct,rfft,float32,32768,2,contiguous,,direct_rfft_float32_32768_2_contiguous_,0.263233260383,0.262389184765,0.000220085696682,5,92,ok,
c222,direct,rfft,float32,32768,4,contiguous,,direct_rfft_float32_32768_4_contiguous_,0.50905449898,0.507925351849,0.001129147131,5,20,ok,
c222,direct,rfft,float32,32768,8,contiguous,,direct_rfft_float32_32768_8_contiguous_,0.999776099343,0.995954952668,0.00382114667445,5,20,ok,
c222,direct,rfft,float32,32768,16,contiguous,,direct_rfft_float32_32768_16_contiguous_,2.00469543779,1.99203924421,0.00531437399331,5,16,ok,
c222,direct,rfft,float32,32768,32,contiguous,,direct_rfft_float32_32768_32_contiguous_,4.09370262059,4.06787924294,0.0204933894565,5,8,ok,
c222,direct,rfft,float32,32768,64,contiguous,,direct_rfft_float32_32768_64_contiguous_,9.38130135182,9.24579768131,0.0591143034399,5,3,ok,
c222,direct,rfft,float32,32768,256,contiguous,,direct_rfft_float32_32768_256_contiguous_,46.2171159452,46.1889830185,0.0281329266727,5,1,ok,
c222,direct,rfft,float32,65536,1,contiguous,,direct_rfft_float32_65536_1_contiguous_,0.494512346839,0.494129611274,0.000315468891391,5,49,ok,
c222,direct,rfft,float32,65536,2,contiguous,,direct_rfft_float32_65536_2_contiguous_,0.547899748199,0.546289753402,0.00160999479704,5,20,ok,
c222,direct,rfft,float32,65536,4,contiguous,,direct_rfft_float32_65536_4_contiguous_,1.09076300287,1.08930080314,0.00124034704641,5,20,ok,
c222,direct,rfft,float32,65536,8,contiguous,,direct_rfft_float32_65536_8_contiguous_,2.14822706766,2.14276546612,0.0053492685159,5,15,ok,
c222,direct,rfft,float32,65536,16,contiguous,,direct_rfft_float32_65536_16_contiguous_,4.48820786551,4.44854800922,0.00753840764186,5,7,ok,
c222,direct,rfft,float32,65536,32,contiguous,,direct_rfft_float32_65536_32_contiguous_,9.86121365956,9.85219333476,0.00902032479644,5,3,ok,
c222,direct,rfft,float32,65536,64,contiguous,,direct_rfft_float32_65536_64_contiguous_,24.7450580355,24.6273670346,0.0596819445491,5,1,ok,
c222,direct,rfft,float32,65536,256,contiguous,,direct_rfft_float32_65536_256_contiguous_,95.9906929638,95.5612689722,0.429423991591,5,1,ok,
c222,direct,rfft,float64,64,1,contiguous,,direct_rfft_float64_64_1_contiguous_,0.00413144151238,0.00409625992837,3.51815840135e-05,7,1812,ok,
c222,direct,rfft,float64,64,2,contiguous,,direct_rfft_float64_64_2_contiguous_,0.00438039447181,0.00435837352416,1.29139516503e-05,7,2000,ok,
c222,direct,rfft,float64,64,4,contiguous,,direct_rfft_float64_64_4_contiguous_,0.00453511398518,0.00450769299641,1.02394842543e-05,7,2000,ok,
c222,direct,rfft,float64,64,8,contiguous,,direct_rfft_float64_64_8_contiguous_,0.00485512346495,0.00482749700313,2.33640312217e-05,7,2000,ok,
c222,direct,rfft,float64,64,16,contiguous,,direct_rfft_float64_64_16_contiguous_,0.00549191149184,0.00547988904873,1.20224431157e-05,7,2000,ok,
c222,direct,rfft,float64,64,32,contiguous,,direct_rfft_float64_64_32_contiguous_,0.00669807287233,0.00668906762524,9.0052470893e-06,7,1907,ok,
c222,direct,rfft,float64,64,64,contiguous,,direct_rfft_float64_64_64_contiguous_,0.00914204007473,0.00913633121549,5.70885924671e-06,7,1446,ok,
c222,direct,rfft,float64,64,256,contiguous,,direct_rfft_float64_64_256_contiguous_,0.0238758203341,0.0235166447237,3.6769779399e-05,7,200,ok,
c222,direct,rfft,float64,256,1,contiguous,,direct_rfft_float64_256_1_contiguous_,0.00486794253811,0.00481506349752,4.80450107716e-05,7,2000,ok,
c222,direct,rfft,float64,256,2,contiguous,,direct_rfft_float64_256_2_contiguous_,0.00501982751302,0.00497920648195,2.41704983637e-05,7,2000,ok,
c222,direct,rfft,float64,256,4,contiguous,,direct_rfft_float64_256_4_contiguous_,0.00567616650369,0.00567062100163,5.54550206289e-06,7,2000,ok,
c222,direct,rfft,float64,256,8,contiguous,,direct_rfft_float64_256_8_contiguous_,0.00664693651001,0.00663393424582,1.30022641945e-05,7,1763,ok,
c222,direct,rfft,float64,256,16,contiguous,,direct_rfft_float64_256_16_contiguous_,0.00880619886602,0.00877672733828,2.94715277425e-05,7,1489,ok,
c222,direct,rfft,float64,256,32,contiguous,,direct_rfft_float64_256_32_contiguous_,0.0130743853515,0.0130076648202,3.35194636136e-05,7,200,ok,
c222,direct,rfft,float64,256,64,contiguous,,direct_rfft_float64_256_64_contiguous_,0.0220636749873,0.0219912896864,4.64846380055e-05,7,200,ok,
c222,direct,rfft,float64,256,256,contiguous,,direct_rfft_float64_256_256_contiguous_,0.0754396052798,0.0752585602459,2.04797834158e-05,7,200,ok,
c222,direct,rfft,float64,1024,1,contiguous,,direct_rfft_float64_1024_1_contiguous_,0.00753526838944,0.00749600915546,2.96293035531e-05,7,1524,ok,
c222,direct,rfft,float64,1024,2,contiguous,,direct_rfft_float64_1024_2_contiguous_,0.00808750244658,0.00805583878433,2.14842967193e-05,7,1427,ok,
c222,direct,rfft,float64,1024,4,contiguous,,direct_rfft_float64_1024_4_contiguous_,0.0107223621331,0.0106950190965,2.02286812572e-05,7,1207,ok,
c222,direct,rfft,float64,1024,8,contiguous,,direct_rfft_float64_1024_8_contiguous_,0.0160464603687,0.0159711152082,7.53451604396e-05,7,200,ok,
c222,direct,rfft,float64,1024,16,contiguous,,direct_rfft_float64_1024_16_contiguous_,0.0268195348326,0.026663094759,9.88348620012e-05,7,200,ok,
c222,direct,rfft,float64,1024,32,contiguous,,direct_rfft_float64_1024_32_contiguous_,0.0485535949701,0.0483171996893,0.000182285439223,7,200,ok,
c222,direct,rfft,float64,1024,64,contiguous,,direct_rfft_float64_1024_64_contiguous_,0.090156365186,0.0897367799189,0.000331820338033,7,200,ok,
c222,direct,rfft,float64,1024,256,contiguous,,direct_rfft_float64_1024_256_contiguous_,0.336281850468,0.334312650375,0.00075789866969,7,20,ok,
c222,direct,rfft,float64,2048,1,contiguous,,direct_rfft_float64_2048_1_contiguous_,0.0113787066099,0.0112587935078,8.23383011823e-05,7,1094,ok,
c222,direct,rfft,float64,2048,2,contiguous,,direct_rfft_float64_2048_2_contiguous_,0.0134062198601,0.0133202403708,8.59794893366e-05,7,928,ok,
c222,direct,rfft,float64,2048,4,contiguous,,direct_rfft_float64_2048_4_contiguous_,0.0204953853972,0.0202795350924,0.000159645569511,7,200,ok,
c222,direct,rfft,float64,2048,8,contiguous,,direct_rfft_float64_2048_8_contiguous_,0.034262224799,0.0338603201089,6.51704613119e-05,7,200,ok,
c222,direct,rfft,float64,2048,16,contiguous,,direct_rfft_float64_2048_16_contiguous_,0.0614126300206,0.0609890301712,0.000160349882208,7,200,ok,
c222,direct,rfft,float64,2048,32,contiguous,,direct_rfft_float64_2048_32_contiguous_,0.114878375316,0.114315769752,0.000303059932776,7,200,ok,
c222,direct,rfft,float64,2048,64,contiguous,,direct_rfft_float64_2048_64_contiguous_,0.220689852722,0.21964989719,0.00103995553218,7,20,ok,
c222,direct,rfft,float64,2048,256,contiguous,,direct_rfft_float64_2048_256_contiguous_,0.861713499762,0.858372746734,0.00123580102809,7,20,ok,
c222,direct,rfft,float64,3072,1,contiguous,,direct_rfft_float64_3072_1_contiguous_,0.0150503809675,0.0149963619021,5.40190653521e-05,7,840,ok,
c222,direct,rfft,float64,3072,2,contiguous,,direct_rfft_float64_3072_2_contiguous_,0.0175862398464,0.0172664399724,2.98098893836e-05,7,200,ok,
c222,direct,rfft,float64,3072,4,contiguous,,direct_rfft_float64_3072_4_contiguous_,0.0277127051959,0.0274893350434,0.000149879488163,7,200,ok,
c222,direct,rfft,float64,3072,8,contiguous,,direct_rfft_float64_3072_8_contiguous_,0.047491749865,0.0473095598863,0.000142770004459,7,200,ok,
c222,direct,rfft,float64,3072,16,contiguous,,direct_rfft_float64_3072_16_contiguous_,0.0869538146071,0.0867753301281,0.000178484478965,7,200,ok,
c222,direct,rfft,float64,3072,32,contiguous,,direct_rfft_float64_3072_32_contiguous_,0.165029597702,0.163761700969,0.00118220341392,7,20,ok,
c222,direct,rfft,float64,3072,64,contiguous,,direct_rfft_float64_3072_64_contiguous_,0.319544499507,0.318639847683,0.000437797280028,7,20,ok,
c222,direct,rfft,float64,3072,256,contiguous,,direct_rfft_float64_3072_256_contiguous_,1.2610409467,1.25446764869,0.00141565687954,7,20,ok,
c222,direct,rfft,float64,3584,1,contiguous,,direct_rfft_float64_3584_1_contiguous_,0.0186905677444,0.0185326970977,9.85808369211e-05,7,680,ok,
c222,direct,rfft,float64,3584,2,contiguous,,direct_rfft_float64_3584_2_contiguous_,0.027205204824,0.027037790278,6.71751331538e-05,7,200,ok,
c222,direct,rfft,float64,3584,4,contiguous,,direct_rfft_float64_3584_4_contiguous_,0.046155200107,0.0459699053317,0.00016751466319,7,200,ok,
c222,direct,rfft,float64,3584,8,contiguous,,direct_rfft_float64_3584_8_contiguous_,0.0827966799261,0.0823061098345,0.000381815480068,7,200,ok,
c222,direct,rfft,float64,3584,16,contiguous,,direct_rfft_float64_3584_16_contiguous_,0.156668864281,0.155088619419,0.00117180658685,7,155,ok,
c222,direct,rfft,float64,3584,32,contiguous,,direct_rfft_float64_3584_32_contiguous_,0.301833351841,0.300910603255,0.000922748586163,7,20,ok,
c222,direct,rfft,float64,3584,64,contiguous,,direct_rfft_float64_3584_64_contiguous_,0.595642701956,0.591070600785,0.00333819771186,7,20,ok,
c222,direct,rfft,float64,3584,256,contiguous,,direct_rfft_float64_3584_256_contiguous_,2.36112861715,2.34821061783,0.0129179993215,7,13,ok,
c222,direct,rfft,float64,4095,1,contiguous,,direct_rfft_float64_4095_1_contiguous_,0.0289394197687,0.028315309417,0.000350136467098,7,462,ok,
c222,direct,rfft,float64,4095,2,contiguous,,direct_rfft_float64_4095_2_contiguous_,0.0324302952504,0.0321791699389,9.67353116721e-05,7,200,ok,
c222,direct,rfft,float64,4095,4,contiguous,,direct_rfft_float64_4095_4_contiguous_,0.0571656250395,0.055916729616,0.00109259970486,7,200,ok,
c222,direct,rfft,float64,4095,8,contiguous,,direct_rfft_float64_4095_8_contiguous_,0.103782289661,0.102875290322,0.000737229711376,7,200,ok,
c222,direct,rfft,float64,4095,16,contiguous,,direct_rfft_float64_4095_16_contiguous_,0.197172663976,0.196736532103,0.00022517299646,7,122,ok,
c222,direct,rfft,float64,4095,32,contiguous,,direct_rfft_float64_4095_32_contiguous_,0.384111946914,0.382676254958,0.00114009599201,7,20,ok,
c222,direct,rfft,float64,4095,64,contiguous,,direct_rfft_float64_4095_64_contiguous_,0.760896195425,0.758132495685,0.00217105844058,7,20,ok,
c222,direct,rfft,float64,4095,256,contiguous,,direct_rfft_float64_4095_256_contiguous_,3.03047819762,3.01433689892,0.0144941033795,7,10,ok,
c222,direct,rfft,float64,4096,1,contiguous,,direct_rfft_float64_4096_1_contiguous_,0.0190806786784,0.0189617877671,7.57470402415e-05,7,660,ok,
c222,direct,rfft,float64,4096,2,contiguous,,direct_rfft_float64_4096_2_contiguous_,0.0224576651817,0.0223050249042,0.000120169715956,7,200,ok,
c222,direct,rfft,float64,4096,4,contiguous,,direct_rfft_float64_4096_4_contiguous_,0.0366464850958,0.0364698597696,0.000176625326276,7,200,ok,
c222,direct,rfft,float64,4096,8,contiguous,,direct_rfft_float64_4096_8_contiguous_,0.0639408646384,0.063526739832,7.51356128603e-05,7,200,ok,
c222,direct,rfft,float64,4096,16,contiguous,,direct_rfft_float64_4096_16_contiguous_,0.117928193386,0.117576301163,0.000351892223441,7,186,ok,
c222,direct,rfft,float64,4096,32,contiguous,,direct_rfft_float64_4096_32_contiguous_,0.226071948418,0.224058149615,0.000425800681114,7,20,ok,
c222,direct,rfft,float64,4096,64,contiguous,,direct_rfft_float64_4096_64_contiguous_,0.438612053404,0.436076300684,0.00218510394916,7,20,ok,
c222,direct,rfft,float64,4096,256,contiguous,,direct_rfft_float64_4096_256_contiguous_,1.75897929105,1.7510550576,0.00412946375196,7,17,ok,
c222,direct,rfft,float64,4097,1,contiguous,,direct_rfft_float64_4097_1_contiguous_,0.112073765486,0.111811829847,0.000185895478353,5,200,ok,
c222,direct,rfft,float64,4097,2,contiguous,,direct_rfft_float64_4097_2_contiguous_,0.176974462776,0.174334365701,0.000439850967933,5,134,ok,
c222,direct,rfft,float64,4097,4,contiguous,,direct_rfft_float64_4097_4_contiguous_,0.335676123528,0.333392809222,0.000857492934351,5,73,ok,
c222,direct,rfft,float64,4097,8,contiguous,,direct_rfft_float64_4097_8_contiguous_,0.663263380301,0.658076649809,0.00486640272209,5,37,ok,
c222,direct,rfft,float64,4097,16,contiguous,,direct_rfft_float64_4097_16_contiguous_,1.31861830014,1.30699700094,0.0062852515839,5,20,ok,
c222,direct,rfft,float64,4097,32,contiguous,,direct_rfft_float64_4097_32_contiguous_,2.5785636121,2.57353961933,0.00502399276369,5,13,ok,
c222,direct,rfft,float64,4097,64,contiguous,,direct_rfft_float64_4097_64_contiguous_,5.12390234508,5.07757032756,0.0463320175186,5,6,ok,
c222,direct,rfft,float64,4097,256,contiguous,,direct_rfft_float64_4097_256_contiguous_,20.2072979882,20.1742169447,0.0277110375464,5,1,ok,
c222,direct,rfft,float64,4608,1,contiguous,,direct_rfft_float64_4608_1_contiguous_,0.0225104147103,0.0221061549382,0.000127594685182,5,200,ok,
c222,direct,rfft,float64,4608,2,contiguous,,direct_rfft_float64_4608_2_contiguous_,0.0253185705515,0.0250683049671,9.71305416897e-05,5,200,ok,
c222,direct,rfft,float64,4608,4,contiguous,,direct_rfft_float64_4608_4_contiguous_,0.0415105000138,0.0412699498702,4.96947905049e-05,5,200,ok,
c222,direct,rfft,float64,4608,8,contiguous,,direct_rfft_float64_4608_8_contiguous_,0.0732497498393,0.0730129546719,0.000138360192068,5,200,ok,
c222,direct,rfft,float64,4608,16,contiguous,,direct_rfft_float64_4608_16_contiguous_,0.136699550785,0.135691650212,0.0006016518455,5,20,ok,
c222,direct,rfft,float64,4608,32,contiguous,,direct_rfft_float64_4608_32_contiguous_,0.262800749624,0.261701649288,0.000184797681868,5,20,ok,
c222,direct,rfft,float64,4608,64,contiguous,,direct_rfft_float64_4608_64_contiguous_,0.515608751448,0.513633049559,0.000929250381887,5,20,ok,
c222,direct,rfft,float64,4608,256,contiguous,,direct_rfft_float64_4608_256_contiguous_,2.04971497878,2.02914658003,0.0173263717443,5,5,ok,
c222,direct,rfft,float64,8192,1,contiguous,,direct_rfft_float64_8192_1_contiguous_,0.0366170349298,0.0364645000082,3.65695450455e-05,5,200,ok,
c222,direct,rfft,float64,8192,2,contiguous,,direct_rfft_float64_8192_2_contiguous_,0.0427254801616,0.0425925751915,2.39501241595e-05,5,200,ok,
c222,direct,rfft,float64,8192,4,contiguous,,direct_rfft_float64_8192_4_contiguous_,0.0729431747459,0.072635950055,0.000265849521384,5,200,ok,
c222,direct,rfft,float64,8192,8,contiguous,,direct_rfft_float64_8192_8_contiguous_,0.134277917079,0.133782066276,0.000115961880933,5,181,ok,
c222,direct,rfft,float64,8192,16,contiguous,,direct_rfft_float64_8192_16_contiguous_,0.255291146459,0.2545813506,0.000709795858711,5,20,ok,
c222,direct,rfft,float64,8192,32,contiguous,,direct_rfft_float64_8192_32_contiguous_,0.500424846541,0.498696049908,0.00124830403365,5,20,ok,
c222,direct,rfft,float64,8192,64,contiguous,,direct_rfft_float64_8192_64_contiguous_,0.983158953022,0.980643753428,0.002375949407,5,20,ok,
c222,direct,rfft,float64,8192,256,contiguous,,direct_rfft_float64_8192_256_contiguous_,4.10747739952,4.08713519573,0.0203422037885,5,5,ok,
c222,direct,rfft,float64,16384,1,contiguous,,direct_rfft_float64_16384_1_contiguous_,0.0772386195604,0.0771519099362,3.78745608032e-05,5,200,ok,
c222,direct,rfft,float64,16384,2,contiguous,,direct_rfft_float64_16384_2_contiguous_,0.117220910033,0.116878714762,0.000183449592441,5,200,ok,
c222,direct,rfft,float64,16384,4,contiguous,,direct_rfft_float64_16384_4_contiguous_,0.215810327997,0.215039229993,0.000250558739742,5,113,ok,
c222,direct,rfft,float64,16384,8,contiguous,,direct_rfft_float64_16384_8_contiguous_,0.410290452419,0.408687000163,0.00119220349006,5,20,ok,
c222,direct,rfft,float64,16384,16,contiguous,,direct_rfft_float64_16384_16_contiguous_,0.807351700496,0.800552451983,0.00213355524465,5,20,ok,
c222,direct,rfft,float64,16384,32,contiguous,,direct_rfft_float64_16384_32_contiguous_,1.59272369929,1.59017695114,0.00212345039472,5,20,ok,
c222,direct,rfft,float64,16384,64,contiguous,,direct_rfft_float64_16384_64_contiguous_,3.15541219898,3.14603559673,0.00480799935758,5,10,ok,
c222,direct,rfft,float64,16384,256,contiguous,,direct_rfft_float64_16384_256_contiguous_,15.1119949878,15.037169971,0.054887495935,5,2,ok,
c222,direct,rfft,float64,32768,1,contiguous,,direct_rfft_float64_32768_1_contiguous_,0.211592582459,0.209968321471,0.000377129965826,5,115,ok,
c222,direct,rfft,float64,32768,2,contiguous,,direct_rfft_float64_32768_2_contiguous_,0.245922604032,0.244852989757,0.000247334052498,5,96,ok,
c222,direct,rfft,float64,32768,4,contiguous,,direct_rfft_float64_32768_4_contiguous_,0.487038755091,0.485611101612,0.00142765347846,5,20,ok,
c222,direct,rfft,float64,32768,8,contiguous,,direct_rfft_float64_32768_8_contiguous_,0.949186849175,0.947990099667,0.00022990279831,5,20,ok,
c222,direct,rfft,float64,32768,16,contiguous,,direct_rfft_float64_32768_16_contiguous_,1.88674005525,1.87690216505,0.00557988985545,5,18,ok,
c222,direct,rfft,float64,32768,32,contiguous,,direct_rfft_float64_32768_32_contiguous_,3.75784289402,3.75086988788,0.00697300614168,5,9,ok,
c222,direct,rfft,float64,32768,64,contiguous,,direct_rfft_float64_32768_64_contiguous_,7.78804474976,7.76622150443,0.0149330007844,5,4,ok,
c222,direct,rfft,float64,32768,256,contiguous,,direct_rfft_float64_32768_256_contiguous_,34.7838809248,34.7128479043,0.0361381098628,5,1,ok,
c222,direct,rfft,float64,65536,1,contiguous,,direct_rfft_float64_65536_1_contiguous_,0.477262120694,0.476344199851,0.000598120968789,5,50,ok,
c222,direct,rfft,float64,65536,2,contiguous,,direct_rfft_float64_65536_2_contiguous_,0.520867097657,0.519232003717,0.000591145362705,5,20,ok,
c222,direct,rfft,float64,65536,4,contiguous,,direct_rfft_float64_65536_4_contiguous_,1.02693699882,1.02022989886,0.00670709996484,5,20,ok,
c222,direct,rfft,float64,65536,8,contiguous,,direct_rfft_float64_65536_8_contiguous_,2.03561587841,2.03477493778,0.000840940629132,5,16,ok,
c222,direct,rfft,float64,65536,16,contiguous,,direct_rfft_float64_65536_16_contiguous_,4.08859924937,4.06313536223,0.0170331186382,5,8,ok,
c222,direct,rfft,float64,65536,32,contiguous,,direct_rfft_float64_65536_32_contiguous_,8.40746000176,8.35710548563,0.0202552473638,5,4,ok,
c222,direct,rfft,float64,65536,64,contiguous,,direct_rfft_float64_65536_64_contiguous_,19.0342010465,18.7276880024,0.0511069083586,5,1,ok,
c222,direct,rfft,float64,65536,256,contiguous,,direct_rfft_float64_65536_256_contiguous_,75.1936599845,74.4337860961,0.358471996151,5,1,ok,
c222,direct,irfft,complex64,64,1,contiguous,,direct_irfft_complex64_64_1_contiguous_,0.00465623163384,0.00463864529881,5.11080013226e-06,7,1390,ok,
c222,direct,irfft,complex64,64,2,contiguous,,direct_irfft_complex64_64_2_contiguous_,0.00491596752545,0.00489005900454,3.53646464646e-06,7,2000,ok,
c222,direct,irfft,complex64,64,4,contiguous,,direct_irfft_complex64_64_4_contiguous_,0.00508829049068,0.00507442449452,7.0029636845e-06,7,2000,ok,
c222,direct,irfft,complex64,64,8,contiguous,,direct_irfft_complex64_64_8_contiguous_,0.0054909294704,0.00546849798411,1.94709864445e-05,7,2000,ok,
c222,direct,irfft,complex64,64,16,contiguous,,direct_irfft_complex64_64_16_contiguous_,0.00616522536486,0.0061348560871,9.89348051927e-06,7,639,ok,
c222,direct,irfft,complex64,64,32,contiguous,,direct_irfft_complex64_64_32_contiguous_,0.00719376292868,0.00718217937357,1.04159759763e-05,7,1767,ok,
c222,direct,irfft,complex64,64,64,contiguous,,direct_irfft_complex64_64_64_contiguous_,0.00950034461278,0.00938893264803,2.38409572759e-05,7,1396,ok,
c222,direct,irfft,complex64,64,256,contiguous,,direct_irfft_complex64_64_256_contiguous_,0.0228629203048,0.0228425348178,1.45798549056e-05,7,200,ok,
c222,direct,irfft,complex64,256,1,contiguous,,direct_irfft_complex64_256_1_contiguous_,0.00554716499755,0.00553501251852,3.9775040932e-06,7,2000,ok,
c222,direct,irfft,complex64,256,2,contiguous,,direct_irfft_complex64_256_2_contiguous_,0.00606570469253,0.00603407639999,1.15375502395e-05,7,1676,ok,
c222,direct,irfft,complex64,256,4,contiguous,,direct_irfft_complex64_256_4_contiguous_,0.00627597722206,0.00626503735677,6.89690227084e-06,7,1980,ok,
c222,direct,irfft,complex64,256,8,contiguous,,direct_irfft_complex64_256_8_contiguous_,0.0074421617132,0.00742130334502,3.45300927912e-06,7,1744,ok,
c222,direct,irfft,complex64,256,16,contiguous,,direct_irfft_complex64_256_16_contiguous_,0.0096242187917,0.00960842010319,7.27854745176e-06,7,1371,ok,
c222,direct,irfft,complex64,256,32,contiguous,,direct_irfft_complex64_256_32_contiguous_,0.0142897648038,0.0142096646596,5.96104655415e-05,7,200,ok,
c222,direct,irfft,complex64,256,64,contiguous,,direct_irfft_complex64_256_64_contiguous_,0.0229272904107,0.0227220100351,0.000145779922605,7,200,ok,
c222,direct,irfft,complex64,256,256,contiguous,,direct_irfft_complex64_256_256_contiguous_,0.0777885998832,0.0775616249302,0.000213750172406,7,200,ok,
c222,direct,irfft,complex64,1024,1,contiguous,,direct_irfft_complex64_1024_1_contiguous_,0.00922956035347,0.00921336995645,1.03644305566e-05,7,1276,ok,
c222,direct,irfft,complex64,1024,2,contiguous,,direct_irfft_complex64_1024_2_contiguous_,0.00997706804696,0.0099353376316,2.01271251146e-05,7,1235,ok,
c222,direct,irfft,complex64,1024,4,contiguous,,direct_irfft_complex64_1024_4_contiguous_,0.0109152831169,0.010886359651,1.60076017143e-05,7,1176,ok,
c222,direct,irfft,complex64,1024,8,contiguous,,direct_irfft_complex64_1024_8_contiguous_,0.0159759749658,0.0159282848472,3.1859963201e-05,7,200,ok,
c222,direct,irfft,complex64,1024,16,contiguous,,direct_irfft_complex64_1024_16_contiguous_,0.0257419649279,0.0255326199112,3.47150489688e-05,7,200,ok,
c222,direct,irfft,complex64,1024,32,contiguous,,direct_irfft_complex64_1024_32_contiguous_,0.0456221494824,0.0454452697886,0.000107398955151,7,200,ok,
c222,direct,irfft,complex64,1024,64,contiguous,,direct_irfft_complex64_1024_64_contiguous_,0.0854168896331,0.0852696102811,0.00014727935195,7,200,ok,
c222,direct,irfft,complex64,1024,256,contiguous,,direct_irfft_complex64_1024_256_contiguous_,0.317729101516,0.31691659824,0.000414252281189,7,20,ok,
c222,direct,irfft,complex64,2048,1,contiguous,,direct_irfft_complex64_2048_1_contiguous_,0.0142556878584,0.014230686595,2.22418983016e-05,7,868,ok,
c222,direct,irfft,complex64,2048,2,contiguous,,direct_irfft_complex64_2048_2_contiguous_,0.0158550621094,0.0157735838471,2.01108176578e-05,7,822,ok,
c222,direct,irfft,complex64,2048,4,contiguous,,direct_irfft_complex64_2048_4_contiguous_,0.018660450005,0.0186074496014,2.93547054753e-05,7,200,ok,
c222,direct,irfft,complex64,2048,8,contiguous,,direct_irfft_complex64_2048_8_contiguous_,0.0300325499848,0.0298427947564,7.92450737208e-05,7,200,ok,
c222,direct,irfft,complex64,2048,16,contiguous,,direct_irfft_complex64_2048_16_contiguous_,0.0528910203138,0.0527556653833,0.000107044470496,7,200,ok,
c222,direct,irfft,complex64,2048,32,contiguous,,direct_irfft_complex64_2048_32_contiguous_,0.0984603195684,0.0984175346093,4.27849590778e-05,7,200,ok,
c222,direct,irfft,complex64,2048,64,contiguous,,direct_irfft_complex64_2048_64_contiguous_,0.187385000754,0.186942651635,0.000442349119112,7,20,ok,
c222,direct,irfft,complex64,2048,256,contiguous,,direct_irfft_complex64_2048_256_contiguous_,0.722191203386,0.72055660421,0.00127990497276,7,20,ok,
c222,direct,irfft,complex64,3072,1,contiguous,,direct_irfft_complex64_3072_1_contiguous_,0.0197804309716,0.0196597939741,1.84473879251e-05,7,485,ok,
c222,direct,irfft,complex64,3072,2,contiguous,,direct_irfft_complex64_3072_2_contiguous_,0.0223495101091,0.0222408550326,7.76449451223e-05,7,200,ok,
c222,direct,irfft,complex64,3072,4,contiguous,,direct_irfft_complex64_3072_4_contiguous_,0.0250702048652,0.0250127003528,5.75045123696e-05,7,200,ok,
c222,direct,irfft,complex64,3072,8,contiguous,,direct_irfft_complex64_3072_8_contiguous_,0.0416912400397,0.0416005699662,8.36502294987e-06,7,200,ok,
c222,direct,irfft,complex64,3072,16,contiguous,,direct_irfft_complex64_3072_16_contiguous_,0.0762361951638,0.0760298053501,0.000179084599949,7,200,ok,
c222,direct,irfft,complex64,3072,32,contiguous,,direct_irfft_complex64_3072_32_contiguous_,0.142767402576,0.142157747177,0.000602600630373,7,20,ok,
c222,direct,irfft,complex64,3072,64,contiguous,,direct_irfft_complex64_3072_64_contiguous_,0.275864201831,0.274683447788,0.000675249611959,7,20,ok,
c222,direct,irfft,complex64,3072,256,contiguous,,direct_irfft_complex64_3072_256_contiguous_,1.07464829925,1.07214564923,0.00131839769892,7,20,ok,
c222,direct,irfft,complex64,3584,1,contiguous,,direct_irfft_complex64_3584_1_contiguous_,0.0209376427977,0.0208503522838,8.22808753772e-05,7,616,ok,
c222,direct,irfft,complex64,3584,2,contiguous,,direct_irfft_complex64_3584_2_contiguous_,0.0333447550656,0.0332925550174,4.69898805022e-05,7,200,ok,
c222,direct,irfft,complex64,3584,4,contiguous,,direct_irfft_complex64_3584_4_contiguous_,0.0354341702769,0.035327115329,9.13697294891e-05,7,200,ok,
c222,direct,irfft,complex64,3584,8,contiguous,,direct_irfft_complex64_3584_8_contiguous_,0.0614760949975,0.0612855399959,0.000139409676194,7,200,ok,
c222,direct,irfft,complex64,3584,16,contiguous,,direct_irfft_complex64_3584_16_contiguous_,0.115256580175,0.114008089877,0.00124849029817,7,200,ok,
c222,direct,irfft,complex64,3584,32,contiguous,,direct_irfft_complex64_3584_32_contiguous_,0.216459902003,0.214549852535,0.00191004946828,7,20,ok,
c222,direct,irfft,complex64,3584,64,contiguous,,direct_irfft_complex64_3584_64_contiguous_,0.425117753912,0.421380298212,0.00211094156839,7,20,ok,
c222,direct,irfft,complex64,3584,256,contiguous,,direct_irfft_complex64_3584_256_contiguous_,1.66060334886,1.64675140404,0.00985395163298,7,20,ok,
c222,direct,irfft,complex64,4095,1,contiguous,,direct_irfft_complex64_4095_1_contiguous_,0.0546287305951,0.0542198358744,4.49299477623e-05,7,256,ok,
c222,direct,irfft,complex64,4095,2,contiguous,,direct_irfft_complex64_4095_2_contiguous_,0.0914578000084,0.0910208851565,0.000326310400851,7,200,ok,
c222,direct,irfft,complex64,4095,4,contiguous,,direct_irfft_complex64_4095_4_contiguous_,0.0772927200887,0.0766230648151,4.84846532345e-05,7,200,ok,
c222,direct,irfft,complex64,4095,8,contiguous,,direct_irfft_complex64_4095_8_contiguous_,0.146239643306,0.145309830727,0.000600193147902,7,171,ok,
c222,direct,irfft,complex64,4095,16,contiguous,,direct_irfft_complex64_4095_16_contiguous_,0.287161400432,0.283990975688,0.00161914127495,7,85,ok,
c222,direct,irfft,complex64,4095,32,contiguous,,direct_irfft_complex64_4095_32_contiguous_,0.552630098537,0.549316400429,0.00331369810738,7,20,ok,
c222,direct,irfft,complex64,4095,64,contiguous,,direct_irfft_complex64_4095_64_contiguous_,1.09011384775,1.08355600387,0.00619255006313,7,20,ok,
c222,direct,irfft,complex64,4095,256,contiguous,,direct_irfft_complex64_4095_256_contiguous_,4.31466649752,4.28783999814,0.0148215040099,7,8,ok,
c222,direct,irfft,complex64,4096,1,contiguous,,direct_irfft_complex64_4096_1_contiguous_,0.0243663721756,0.0243179904493,4.32951207784e-05,7,532,ok,
c222,direct,irfft,complex64,4096,2,contiguous,,direct_irfft_complex64_4096_2_contiguous_,0.0276066595688,0.0275382300606,2.1590385586e-05,7,200,ok,
c222,direct,irfft,complex64,4096,4,contiguous,,direct_irfft_complex64_4096_4_contiguous_,0.0318752496969,0.0318350247107,4.02249861509e-05,7,200,ok,
c222,direct,irfft,complex64,4096,8,contiguous,,direct_irfft_complex64_4096_8_contiguous_,0.0554411450867,0.0550845247926,0.000177635229193,7,200,ok,
c222,direct,irfft,complex64,4096,16,contiguous,,direct_irfft_complex64_4096_16_contiguous_,0.101962275221,0.101762599661,7.44446879253e-05,7,200,ok,
c222,direct,irfft,complex64,4096,32,contiguous,,direct_irfft_complex64_4096_32_contiguous_,0.192961952416,0.192710955162,0.00013830140233,7,20,ok,
c222,direct,irfft,complex64,4096,64,contiguous,,direct_irfft_complex64_4096_64_contiguous_,0.378703302704,0.377869751537,0.000581092899665,7,20,ok,
c222,direct,irfft,complex64,4096,256,contiguous,,direct_irfft_complex64_4096_256_contiguous_,1.51103420067,1.50902545429,0.00139560434036,7,20,ok,
c222,direct,irfft,complex64,4097,1,contiguous,,direct_irfft_complex64_4097_1_contiguous_,0.0245934654959,0.0243131397292,6.59696524963e-05,5,200,ok,
c222,direct,irfft,complex64,4097,2,contiguous,,direct_irfft_complex64_4097_2_contiguous_,0.0276232900796,0.0276041048346,4.30503860116e-06,5,200,ok,
c222,direct,irfft,complex64,4097,4,contiguous,,direct_irfft_complex64_4097_4_contiguous_,0.0319579098141,0.03185636946,4.66901110485e-05,5,200,ok,
c222,direct,irfft,complex64,4097,8,contiguous,,direct_irfft_complex64_4097_8_contiguous_,0.0554644851945,0.0551188900135,0.000115069560707,5,200,ok,
c222,direct,irfft,complex64,4097,16,contiguous,,direct_irfft_complex64_4097_16_contiguous_,0.101004703902,0.100505747832,0.00023145112209,5,20,ok,
c222,direct,irfft,complex64,4097,32,contiguous,,direct_irfft_complex64_4097_32_contiguous_,0.19338770071,0.191628403263,0.000456400448456,5,20,ok,
c222,direct,irfft,complex64,4097,64,contiguous,,direct_irfft_complex64_4097_64_contiguous_,0.37774204975,0.373506598407,0.0018134014681,5,20,ok,
c222,direct,irfft,complex64,4097,256,contiguous,,direct_irfft_complex64_4097_256_contiguous_,1.4918904053,1.48724159226,0.00098180025816,5,5,ok,
c222,direct,irfft,complex64,4608,1,contiguous,,direct_irfft_complex64_4608_1_contiguous_,0.0291270052548,0.0290372397285,8.97655263543e-05,5,200,ok,
c222,direct,irfft,complex64,4608,2,contiguous,,direct_irfft_complex64_4608_2_contiguous_,0.0334645301336,0.0333825749112,4.57896385342e-05,5,200,ok,
c222,direct,irfft,complex64,4608,4,contiguous,,direct_irfft_complex64_4608_4_contiguous_,0.0358646246605,0.0357884849655,4.2375177145e-05,5,200,ok,
c222,direct,irfft,complex64,4608,8,contiguous,,direct_irfft_complex64_4608_8_contiguous_,0.0633205997292,0.0631660601357,0.000154539593495,5,200,ok,
c222,direct,irfft,complex64,4608,16,contiguous,,direct_irfft_complex64_4608_16_contiguous_,0.115120096598,0.114799046423,0.000104203354567,5,20,ok,
c222,direct,irfft,complex64,4608,32,contiguous,,direct_irfft_complex64_4608_32_contiguous_,0.219416449545,0.219163496513,0.000252953032032,5,20,ok,
c222,direct,irfft,complex64,4608,64,contiguous,,direct_irfft_complex64_4608_64_contiguous_,0.428772601299,0.427115499042,0.000894698314369,5,20,ok,
c222,direct,irfft,complex64,4608,256,contiguous,,direct_irfft_complex64_4608_256_contiguous_,1.68482980225,1.67745379731,0.00260479282588,5,5,ok,
c222,direct,irfft,complex64,8192,1,contiguous,,direct_irfft_complex64_8192_1_contiguous_,0.0476573652122,0.047482085065,0.000136304879561,5,200,ok,
c222,direct,irfft,complex64,8192,2,contiguous,,direct_irfft_complex64_8192_2_contiguous_,0.0542186998064,0.0540344096953,2.60054366663e-05,5,200,ok,
c222,direct,irfft,complex64,8192,4,contiguous,,direct_irfft_complex64_8192_4_contiguous_,0.0619895104319,0.061804309953,0.000185200478882,5,200,ok,
c222,direct,irfft,complex64,8192,8,contiguous,,direct_irfft_complex64_8192_8_contiguous_,0.110823725117,0.110534584965,0.000129090039991,5,200,ok,
c222,direct,irfft,complex64,8192,16,contiguous,,direct_irfft_complex64_8192_16_contiguous_,0.206883996725,0.206544849789,0.000339146936312,5,20,ok,
c222,direct,irfft,complex64,8192,32,contiguous,,direct_irfft_complex64_8192_32_contiguous_,0.401594198775,0.398147752276,0.00170165440068,5,20,ok,
c222,direct,irfft,complex64,8192,64,contiguous,,direct_irfft_complex64_8192_64_contiguous_,0.796382600674,0.794672948541,0.00170965213329,5,20,ok,
c222,direct,irfft,complex64,8192,256,contiguous,,direct_irfft_complex64_8192_256_contiguous_,3.16805581097,3.15937758423,0.000751600600779,5,5,ok,
c222,direct,irfft,complex64,16384,1,contiguous,,direct_irfft_complex64_16384_1_contiguous_,0.0814938900294,0.081035529729,0.000236794585362,5,200,ok,
c222,direct,irfft,complex64,16384,2,contiguous,,direct_irfft_complex64_16384_2_contiguous_,0.140396839318,0.13913369635,0.000302761604655,5,168,ok,
c222,direct,irfft,complex64,16384,4,contiguous,,direct_irfft_complex64_16384_4_contiguous_,0.152676395014,0.152168345615,0.000459629967579,5,162,ok,
c222,direct,irfft,complex64,16384,8,contiguous,,direct_irfft_complex64_16384_8_contiguous_,0.28243449633,0.280832999852,0.000885652843863,5,20,ok,
c222,direct,irfft,complex64,16384,16,contiguous,,direct_irfft_complex64_16384_16_contiguous_,0.54685274954,0.543207896408,0.00260189990513,5,20,ok,
c222,direct,irfft,complex64,16384,32,contiguous,,direct_irfft_complex64_16384_32_contiguous_,1.06868015137,1.06200420414,0.00304424902424,5,20,ok,
c222,direct,irfft,complex64,16384,64,contiguous,,direct_irfft_complex64_16384_64_contiguous_,2.10187874472,2.09437531157,0.00750343315303,5,16,ok,
c222,direct,irfft,complex64,16384,256,contiguous,,direct_irfft_complex64_16384_256_contiguous_,8.36811625049,8.32814900787,0.0178482441697,5,4,ok,
c222,direct,irfft,complex64,32768,1,contiguous,,direct_irfft_complex64_32768_1_contiguous_,0.173715943418,0.17195919686,0.000421148003407,5,142,ok,
c222,direct,irfft,complex64,32768,2,contiguous,,direct_irfft_complex64_32768_2_contiguous_,0.292253046406,0.290879529134,0.000475011492038,5,85,ok,
c222,direct,irfft,complex64,32768,4,contiguous,,direct_irfft_complex64_32768_4_contiguous_,0.320557953091,0.318121351302,0.00142370117828,5,20,ok,
c222,direct,irfft,complex64,32768,8,contiguous,,direct_irfft_complex64_32768_8_contiguous_,0.626833603019,0.625441950979,0.00139165204018,5,20,ok,
c222,direct,irfft,complex64,32768,16,contiguous,,direct_irfft_complex64_32768_16_contiguous_,1.23864749912,1.23463550117,0.00252120080404,5,20,ok,
c222,direct,irfft,complex64,32768,32,contiguous,,direct_irfft_complex64_32768_32_contiguous_,2.47216353623,2.45981569438,0.0117265332777,5,13,ok,
c222,direct,irfft,complex64,32768,64,contiguous,,direct_irfft_complex64_32768_64_contiguous_,4.95563200675,4.94409059174,0.00561058986932,5,5,ok,
c222,direct,irfft,complex64,32768,256,contiguous,,direct_irfft_complex64_32768_256_contiguous_,22.0784430858,21.7626920203,0.105347018689,5,1,ok,
c222,direct,irfft,complex64,65536,1,contiguous,,direct_irfft_complex64_65536_1_contiguous_,0.346836303293,0.345812638061,0.000514145738081,5,69,ok,
c222,direct,irfft,complex64,65536,2,contiguous,,direct_irfft_complex64_65536_2_contiguous_,0.619886053028,0.61010424979,0.00530095421709,5,20,ok,
c222,direct,irfft,complex64,65536,4,contiguous,,direct_irfft_complex64_65536_4_contiguous_,0.659351999639,0.656496599549,0.00285540008917,5,20,ok,
c222,direct,irfft,complex64,65536,8,contiguous,,direct_irfft_complex64_65536_8_contiguous_,1.3153175998,1.31206705119,0.00325054861605,5,20,ok,
c222,direct,irfft,complex64,65536,16,contiguous,,direct_irfft_complex64_65536_16_contiguous_,2.61691067135,2.59584875312,0.00766600714996,5,12,ok,
c222,direct,irfft,complex64,65536,32,contiguous,,direct_irfft_complex64_65536_32_contiguous_,5.21546278615,5.19302058965,0.0174486078322,5,5,ok,
c222,direct,irfft,complex64,65536,64,contiguous,,direct_irfft_complex64_65536_64_contiguous_,10.3540833031,10.3426756493,0.00669267804672,5,3,ok,
c222,direct,irfft,complex64,65536,256,contiguous,,direct_irfft_complex64_65536_256_contiguous_,45.7253850764,45.3483489109,0.125163933262,5,1,ok,
c222,direct,irfft,complex128,64,1,contiguous,,direct_irfft_complex128_64_1_contiguous_,0.0047752363591,0.00475055705626,7.0098557697e-06,7,1718,ok,
c222,direct,irfft,complex128,64,2,contiguous,,direct_irfft_complex128_64_2_contiguous_,0.00500829552766,0.0049992990098,8.99651786312e-06,7,2000,ok,
c222,direct,irfft,complex128,64,4,contiguous,,direct_irfft_complex128_64_4_contiguous_,0.00522555800853,0.00521252298495,1.24935177155e-05,7,2000,ok,
c222,direct,irfft,complex128,64,8,contiguous,,direct_irfft_complex128_64_8_contiguous_,0.0056518560159,0.00563590152888,1.59544870257e-05,7,2000,ok,
c222,direct,irfft,complex128,64,16,contiguous,,direct_irfft_complex128_64_16_contiguous_,0.00625551048735,0.00624307455752,1.24359298292e-05,7,1998,ok,
c222,direct,irfft,complex128,64,32,contiguous,,direct_irfft_complex128_64_32_contiguous_,0.00758198488353,0.00756635809495,2.54644456675e-06,7,1656,ok,
c222,direct,irfft,complex128,64,64,contiguous,,direct_irfft_complex128_64_64_contiguous_,0.0103814492886,0.0103385062008,8.65060281061e-06,7,1282,ok,
c222,direct,irfft,complex128,64,256,contiguous,,direct_irfft_complex128_64_256_contiguous_,0.0265350501286,0.0263548101066,7.78952380642e-05,7,200,ok,
c222,direct,irfft,complex128,256,1,contiguous,,direct_irfft_complex128_256_1_contiguous_,0.00560570654055,0.00556788337887,2.16514859913e-05,7,1980,ok,
c222,direct,irfft,complex128,256,2,contiguous,,direct_irfft_complex128_256_2_contiguous_,0.00590926087107,0.00588483564107,3.05823466421e-06,7,1959,ok,
c222,direct,irfft,complex128,256,4,contiguous,,direct_irfft_complex128_256_4_contiguous_,0.00664536595798,0.00662798697532,1.13994512405e-05,7,1850,ok,
c222,direct,irfft,complex128,256,8,contiguous,,direct_irfft_complex128_256_8_contiguous_,0.00804418479665,0.00797396971612,3.35724397064e-05,7,1553,ok,
c222,direct,irfft,complex128,256,16,contiguous,,direct_irfft_complex128_256_16_contiguous_,0.0107138466264,0.0106711006875,1.98555360287e-05,7,1212,ok,
c222,direct,irfft,complex128,256,32,contiguous,,direct_irfft_complex128_256_32_contiguous_,0.0162570003886,0.01621777541,3.92249785364e-05,7,200,ok,
c222,direct,irfft,complex128,256,64,contiguous,,direct_irfft_complex128_256_64_contiguous_,0.0275226001395,0.0273977196775,0.000124880461954,7,200,ok,
c222,direct,irfft,complex128,256,256,contiguous,,direct_irfft_complex128_256_256_contiguous_,0.0945391750429,0.0940713495947,0.000253225443885,7,200,ok,
c222,direct,irfft,complex128,1024,1,contiguous,,direct_irfft_complex128_1024_1_contiguous_,0.00861435774346,0.00859197440687,8.4206515047e-06,7,1367,ok,
c222,direct,irfft,complex128,1024,2,contiguous,,direct_irfft_complex128_1024_2_contiguous_,0.0095040310451,0.00946703531148,1.63870937903e-05,7,1191,ok,
c222,direct,irfft,complex128,1024,4,contiguous,,direct_irfft_complex128_1024_4_contiguous_,0.0129681132871,0.0127690367758,1.65652353876e-05,7,1033,ok,
c222,direct,irfft,complex128,1024,8,contiguous,,direct_irfft_complex128_1024_8_contiguous_,0.0193521450274,0.0192817649804,1.99902569875e-05,7,200,ok,
c222,direct,irfft,complex128,1024,16,contiguous,,direct_irfft_complex128_1024_16_contiguous_,0.0325658998918,0.0324287900003,0.000111705157906,7,200,ok,
c222,direct,irfft,complex128,1024,32,contiguous,,direct_irfft_complex128_1024_32_contiguous_,0.0587401201483,0.0585198099725,0.000167865073308,7,200,ok,
c222,direct,irfft,complex128,1024,64,contiguous,,direct_irfft_complex128_1024_64_contiguous_,0.109754669829,0.109609604697,0.000145065132529,7,200,ok,
c222,direct,irfft,complex128,1024,256,contiguous,,direct_irfft_complex128_1024_256_contiguous_,0.416606350336,0.413849652978,0.00106545048766,7,20,ok,
c222,direct,irfft,complex128,2048,1,contiguous,,direct_irfft_complex128_2048_1_contiguous_,0.0130041354587,0.0129299217382,1.98571277516e-05,7,945,ok,
c222,direct,irfft,complex128,2048,2,contiguous,,direct_irfft_complex128_2048_2_contiguous_,0.0153843204747,0.0152990732258,2.56342211961e-05,7,861,ok,
c222,direct,irfft,complex128,2048,4,contiguous,,direct_irfft_complex128_2048_4_contiguous_,0.023483185214,0.0232989899814,8.8065280579e-05,7,200,ok,
c222,direct,irfft,complex128,2048,8,contiguous,,direct_irfft_complex128_2048_8_contiguous_,0.0396504695527,0.039477594546,1.57754402608e-05,7,200,ok,
c222,direct,irfft,complex128,2048,16,contiguous,,direct_irfft_complex128_2048_16_contiguous_,0.071356499684,0.0711048796074,4.82948962599e-05,7,200,ok,
c222,direct,irfft,complex128,2048,32,contiguous,,direct_irfft_complex128_2048_32_contiguous_,0.134298500084,0.134257662981,2.77176023583e-05,7,184,ok,
c222,direct,irfft,complex128,2048,64,contiguous,,direct_irfft_complex128_2048_64_contiguous_,0.259114796063,0.258388946531,0.00054799602367,7,20,ok,
c222,direct,irfft,complex128,2048,256,contiguous,,direct_irfft_complex128_2048_256_contiguous_,1.01144544897,1.00965364836,0.00156944734044,7,20,ok,
c222,direct,irfft,complex128,3072,1,contiguous,,direct_irfft_complex128_3072_1_contiguous_,0.0176041606341,0.0175560944602,3.8709901223e-05,7,741,ok,
c222,direct,irfft,complex128,3072,2,contiguous,,direct_irfft_complex128_3072_2_contiguous_,0.019933435251,0.0198290398112,0.000104395439848,7,200,ok,
c222,direct,irfft,complex128,3072,4,contiguous,,direct_irfft_complex128_3072_4_contiguous_,0.0320154149085,0.0319668248994,3.41655686498e-05,7,200,ok,
c222,direct,irfft,complex128,3072,8,contiguous,,direct_irfft_complex128_3072_8_contiguous_,0.0555149302818,0.0553834351012,0.000126739614643,7,200,ok,
c222,direct,irfft,complex128,3072,16,contiguous,,direct_irfft_complex128_3072_16_contiguous_,0.102028304827,0.101585374796,0.000160945346579,7,200,ok,
c222,direct,irfft,complex128,3072,32,contiguous,,direct_irfft_complex128_3072_32_contiguous_,0.193739851238,0.193567050155,0.000172801082954,7,20,ok,
c222,direct,irfft,complex128,3072,64,contiguous,,direct_irfft_complex128_3072_64_contiguous_,0.378397700842,0.376810802845,0.000814005034044,7,20,ok,
c222,direct,irfft,complex128,3072,256,contiguous,,direct_irfft_complex128_3072_256_contiguous_,1.48833819549,1.48515474866,0.00202679657377,7,20,ok,
c222,direct,irfft,complex128,3584,1,contiguous,,direct_irfft_complex128_3584_1_contiguous_,0.0203196505991,0.0201447519246,0.000128804926881,7,641,ok,
c222,direct,irfft,complex128,3584,2,contiguous,,direct_irfft_complex128_3584_2_contiguous_,0.0302645849297,0.0301083450904,1.55298039317e-05,7,200,ok,
c222,direct,irfft,complex128,3584,4,contiguous,,direct_irfft_complex128_3584_4_contiguous_,0.0510813749861,0.0509173696628,0.000103344791569,7,200,ok,
c222,direct,irfft,complex128,3584,8,contiguous,,direct_irfft_complex128_3584_8_contiguous_,0.09124330536,0.0909142795717,0.000197219778784,7,200,ok,
c222,direct,irfft,complex128,3584,16,contiguous,,direct_irfft_complex128_3584_16_contiguous_,0.173083279393,0.171252153488,0.00123489465747,7,143,ok,
c222,direct,irfft,complex128,3584,32,contiguous,,direct_irfft_complex128_3584_32_contiguous_,0.331577548059,0.32970655011,0.00130595290102,7,20,ok,
c222,direct,irfft,complex128,3584,64,contiguous,,direct_irfft_complex128_3584_64_contiguous_,0.681636750232,0.680268649012,0.0009297975339,7,20,ok,
c222,direct,irfft,complex128,3584,256,contiguous,,direct_irfft_complex128_3584_256_contiguous_,2.65937260925,2.60298007813,0.0186326125493,7,13,ok,
c222,direct,irfft,complex128,4095,1,contiguous,,direct_irfft_complex128_4095_1_contiguous_,0.0457273540469,0.0453198687402,0.000258682097201,7,305,ok,
c222,direct,irfft,complex128,4095,2,contiguous,,direct_irfft_complex128_4095_2_contiguous_,0.0706620496931,0.0703447544947,0.000265044509433,7,200,ok,
c222,direct,irfft,complex128,4095,4,contiguous,,direct_irfft_complex128_4095_4_contiguous_,0.132092386639,0.13163445893,0.000256502831056,7,181,ok,
c222,direct,irfft,complex128,4095,8,contiguous,,direct_irfft_complex128_4095_8_contiguous_,0.25441663278,0.252530235341,0.000563908691461,7,98,ok,
c222,direct,irfft,complex128,4095,16,contiguous,,direct_irfft_complex128_4095_16_contiguous_,0.496918139979,0.495417320635,0.000297159422189,7,50,ok,
c222,direct,irfft,complex128,4095,32,contiguous,,direct_irfft_complex128_4095_32_contiguous_,0.986287801061,0.982120051049,0.00346589949913,7,20,ok,
c222,direct,irfft,complex128,4095,64,contiguous,,direct_irfft_complex128_4095_64_contiguous_,1.95950964767,1.93992823445,0.00867681742153,7,17,ok,
c222,direct,irfft,complex128,4095,256,contiguous,,direct_irfft_complex128_4095_256_contiguous_,7.93237501057,7.8959192324,0.0224320101552,7,4,ok,
c222,direct,irfft,complex128,4096,1,contiguous,,direct_irfft_complex128_4096_1_contiguous_,0.0220962925117,0.0219159363248,0.00011334584452,7,581,ok,
c222,direct,irfft,complex128,4096,2,contiguous,,direct_irfft_complex128_4096_2_contiguous_,0.0258200097596,0.0256168853957,9.33249248192e-05,7,200,ok,
c222,direct,irfft,complex128,4096,4,contiguous,,direct_irfft_complex128_4096_4_contiguous_,0.042298224871,0.0422185246134,5.10452082381e-05,7,200,ok,
c222,direct,irfft,complex128,4096,8,contiguous,,direct_irfft_complex128_4096_8_contiguous_,0.0752328598173,0.0749660650035,0.000199269852601,7,200,ok,
c222,direct,irfft,complex128,4096,16,contiguous,,direct_irfft_complex128_4096_16_contiguous_,0.147985080151,0.14017476695,0.00177195496773,7,176,ok,
c222,direct,irfft,complex128,4096,32,contiguous,,direct_irfft_complex128_4096_32_contiguous_,0.305704103084,0.280176254455,0.0191899482161,7,20,ok,
c222,direct,irfft,complex128,4096,64,contiguous,,direct_irfft_complex128_4096_64_contiguous_,0.549089448759,0.547614699462,0.000760453986004,7,20,ok,
c222,direct,irfft,complex128,4096,256,contiguous,,direct_irfft_complex128_4096_256_contiguous_,2.10603249226,2.09680021674,0.00434384648023,7,14,ok,
c222,direct,irfft,complex128,4097,1,contiguous,,direct_irfft_complex128_4097_1_contiguous_,0.021936284611,0.0217432249337,0.000193059677258,5,200,ok,
c222,direct,irfft,complex128,4097,2,contiguous,,direct_irfft_complex128_4097_2_contiguous_,0.0260374200298,0.0257684150711,9.79349715635e-05,5,200,ok,
c222,direct,irfft,complex128,4097,4,contiguous,,direct_irfft_complex128_4097_4_contiguous_,0.0429115747102,0.0425277044997,1.85350654647e-05,5,200,ok,
c222,direct,irfft,complex128,4097,8,contiguous,,direct_irfft_complex128_4097_8_contiguous_,0.0757239299128,0.0753698701737,0.000267055002041,5,200,ok,
c222,direct,irfft,complex128,4097,16,contiguous,,direct_irfft_complex128_4097_16_contiguous_,0.141465448542,0.139906053664,0.00134249567054,5,20,ok,
c222,direct,irfft,complex128,4097,32,contiguous,,direct_irfft_complex128_4097_32_contiguous_,0.275606196374,0.274305301718,0.00130089465529,5,20,ok,
c222,direct,irfft,complex128,4097,64,contiguous,,direct_irfft_complex128_4097_64_contiguous_,0.532861048123,0.530099903699,0.00276114442386,5,20,ok,
c222,direct,irfft,complex128,4097,256,contiguous,,direct_irfft_complex128_4097_256_contiguous_,2.08354440983,2.08132620901,0.00181158538908,5,5,ok,
c222,direct,irfft,complex128,4608,1,contiguous,,direct_irfft_complex128_4608_1_contiguous_,0.0249633099884,0.0248968350934,2.69000884145e-05,5,200,ok,
c222,direct,irfft,complex128,4608,2,contiguous,,direct_irfft_complex128_4608_2_contiguous_,0.0285860896111,0.0285032851389,4.68408688903e-05,5,200,ok,
c222,direct,irfft,complex128,4608,4,contiguous,,direct_irfft_complex128_4608_4_contiguous_,0.0478401099099,0.0477462803246,3.3414689824e-05,5,200,ok,
c222,direct,irfft,complex128,4608,8,contiguous,,direct_irfft_complex128_4608_8_contiguous_,0.0850055651972,0.0848635053262,0.000120025360957,5,200,ok,
c222,direct,irfft,complex128,4608,16,contiguous,,direct_irfft_complex128_4608_16_contiguous_,0.159395550145,0.159162096679,8.81496816874e-05,5,20,ok,
c222,direct,irfft,complex128,4608,32,contiguous,,direct_irfft_complex128_4608_32_contiguous_,0.308623554884,0.307317101397,0.000269501470029,5,20,ok,
c222,direct,irfft,complex128,4608,64,contiguous,,direct_irfft_complex128_4608_64_contiguous_,0.609311251901,0.609164946945,0.000146304955706,5,20,ok,
c222,direct,irfft,complex128,4608,256,contiguous,,direct_irfft_complex128_4608_256_contiguous_,2.39572140854,2.38468640018,0.011035008356,5,5,ok,
c222,direct,irfft,complex128,8192,1,contiguous,,direct_irfft_complex128_8192_1_contiguous_,0.0415716151474,0.0412613351364,0.000236245105043,5,200,ok,
c222,direct,irfft,complex128,8192,2,contiguous,,direct_irfft_complex128_8192_2_contiguous_,0.0487804150907,0.0487574748695,2.29402212426e-05,5,200,ok,
c222,direct,irfft,complex128,8192,4,contiguous,,direct_irfft_complex128_8192_4_contiguous_,0.0842788553564,0.083601285005,6.95296330377e-05,5,200,ok,
c222,direct,irfft,complex128,8192,8,contiguous,,direct_irfft_complex128_8192_8_contiguous_,0.154226882418,0.153752142905,0.000474739513181,5,161,ok,
c222,direct,irfft,complex128,8192,16,contiguous,,direct_irfft_complex128_8192_16_contiguous_,0.298334751278,0.296564947348,0.000418798299506,5,20,ok,
c222,direct,irfft,complex128,8192,32,contiguous,,direct_irfft_complex128_8192_32_contiguous_,0.57897795341,0.576509349048,0.00175480381586,5,20,ok,
c222,direct,irfft,complex128,8192,64,contiguous,,direct_irfft_complex128_8192_64_contiguous_,1.16910829674,1.16116940044,0.00224569812417,5,20,ok,
c222,direct,irfft,complex128,8192,256,contiguous,,direct_irfft_complex128_8192_256_contiguous_,4.6382133849,4.59267618135,0.0455372035503,5,5,ok,
c222,direct,irfft,complex128,16384,1,contiguous,,direct_irfft_complex128_16384_1_contiguous_,0.0832466699649,0.0826712453272,7.26903090253e-05,5,200,ok,
c222,direct,irfft,complex128,16384,2,contiguous,,direct_irfft_complex128_16384_2_contiguous_,0.123153766854,0.12282248785,0.000141938642462,5,197,ok,
c222,direct,irfft,complex128,16384,4,contiguous,,direct_irfft_complex128_16384_4_contiguous_,0.229300404557,0.228313688582,0.000706824704731,5,109,ok,
c222,direct,irfft,complex128,16384,8,contiguous,,direct_irfft_complex128_16384_8_contiguous_,0.44076560298,0.439367903164,0.00087809166871,5,20,ok,
c222,direct,irfft,complex128,16384,16,contiguous,,direct_irfft_complex128_16384_16_contiguous_,0.857284199446,0.853244599421,0.000271550379694,5,20,ok,
c222,direct,irfft,complex128,16384,32,contiguous,,direct_irfft_complex128_16384_32_contiguous_,1.68492739904,1.68146794895,0.00233040191233,5,20,ok,
c222,direct,irfft,complex128,16384,64,contiguous,,direct_irfft_complex128_16384_64_contiguous_,3.35339700105,3.34038359579,0.0130134052597,5,10,ok,
c222,direct,irfft,complex128,16384,256,contiguous,,direct_irfft_complex128_16384_256_contiguous_,15.9233449958,15.866142523,0.04962249659,5,2,ok,
c222,direct,irfft,complex128,32768,1,contiguous,,direct_irfft_complex128_32768_1_contiguous_,0.223537779909,0.22281596326,0.000573560134123,5,109,ok,
c222,direct,irfft,complex128,32768,2,contiguous,,direct_irfft_complex128_32768_2_contiguous_,0.262258826178,0.262002478374,0.000153108925113,5,92,ok,
c222,direct,irfft,complex128,32768,4,contiguous,,direct_irfft_complex128_32768_4_contiguous_,0.511424901197,0.509888550732,0.000799051485956,5,20,ok,
c222,direct,irfft,complex128,32768,8,contiguous,,direct_irfft_complex128_32768_8_contiguous_,1.01699734805,1.01582664647,0.00113010173663,5,20,ok,
c222,direct,irfft,complex128,32768,16,contiguous,,direct_irfft_complex128_32768_16_contiguous_,2.0168882329,2.01388264951,0.00140317441786,5,17,ok,
c222,direct,irfft,complex128,32768,32,contiguous,,direct_irfft_complex128_32768_32_contiguous_,3.99863701023,3.9803928812,0.0127477396745,5,8,ok,
c222,direct,irfft,complex128,32768,64,contiguous,,direct_irfft_complex128_32768_64_contiguous_,8.14315752359,8.12843727181,0.00512978294864,5,4,ok,
c222,direct,irfft,complex128,32768,256,contiguous,,direct_irfft_complex128_32768_256_contiguous_,36.3339950563,36.1783329863,0.00892591197044,5,1,ok,
c222,direct,irfft,complex128,65536,1,contiguous,,direct_irfft_complex128_65536_1_contiguous_,0.49485932627,0.493489612103,0.000323062021361,5,49,ok,
c222,direct,irfft,complex128,65536,2,contiguous,,direct_irfft_complex128_65536_2_contiguous_,0.546661450062,0.545206654351,0.001080497168,5,20,ok,
c222,direct,irfft,complex128,65536,4,contiguous,,direct_irfft_complex128_65536_4_contiguous_,1.07933059917,1.07733539771,0.00199520145543,5,20,ok,
c222,direct,irfft,complex128,65536,8,contiguous,,direct_irfft_complex128_65536_8_contiguous_,2.1609481264,2.15842531179,0.00220975198317,5,16,ok,
c222,direct,irfft,complex128,65536,16,contiguous,,direct_irfft_complex128_65536_16_contiguous_,4.32619563071,4.3194002501,0.00671512680128,5,8,ok,
c222,direct,irfft,complex128,65536,32,contiguous,,direct_irfft_complex128_65536_32_contiguous_,8.82067799103,8.79607834698,0.0171223655343,5,3,ok,
c222,direct,irfft,complex128,65536,64,contiguous,,direct_irfft_complex128_65536_64_contiguous_,19.4306740304,19.3391229259,0.0110110267997,5,1,ok,
c222,direct,irfft,complex128,65536,256,contiguous,,direct_irfft_complex128_65536_256_contiguous_,77.2507330403,76.9009869546,0.0500029418617,5,1,ok,
final,direct,fft,complex64,64,1,contiguous,,direct_fft_complex64_64_1_contiguous_,0.00470570219612,0.00466813626527,3.756593085e-05,7,675,ok,
final,direct,fft,complex64,64,2,contiguous,,direct_fft_complex64_64_2_contiguous_,0.00553961693293,0.00537691866758,5.56495230077e-05,7,1475,ok,
final,direct,fft,complex64,64,4,contiguous,,direct_fft_complex64_64_4_contiguous_,0.00589226452316,0.00583863110088,9.27450725742e-06,7,1792,ok,
final,direct,fft,complex64,64,8,contiguous,,direct_fft_complex64_64_8_contiguous_,0.00681935218074,0.00679719123841,1.35350094183e-05,7,1684,ok,
final,direct,fft,complex64,64,16,contiguous,,direct_fft_complex64_64_16_contiguous_,0.00828517068843,0.00822167735113,4.8228904201e-05,7,1494,ok,
final,direct,fft,complex64,64,32,contiguous,,direct_fft_complex64_64_32_contiguous_,0.0110699436247,0.0108528174961,9.44666766551e-05,7,1189,ok,
final,direct,fft,complex64,64,64,contiguous,,direct_fft_complex64_64_64_contiguous_,0.0167611126694,0.016719932604,4.11800654404e-05,7,816,ok,
final,direct,fft,complex64,64,256,contiguous,,direct_fft_complex64_64_256_contiguous_,0.20688980411,0.205675459831,0.00102686074873,7,87,ok,
final,direct,fft,complex64,256,1,contiguous,,direct_fft_complex64_256_1_contiguous_,0.00585667316802,0.00580102983268,4.23621397626e-05,7,1643,ok,
final,direct,fft,complex64,256,2,contiguous,,direct_fft_complex64_256_2_contiguous_,0.00762339305958,0.00758224294221,2.37536400711e-05,7,1445,ok,
final,direct,fft,complex64,256,4,contiguous,,direct_fft_complex64_256_4_contiguous_,0.00942148403392,0.00928929868214,5.70448346176e-05,7,1316,ok,
final,direct,fft,complex64,256,8,contiguous,,direct_fft_complex64_256_8_contiguous_,0.012966015058,0.0127997529712,9.53232663435e-05,7,931,ok,
final,direct,fft,complex64,256,16,contiguous,,direct_fft_complex64_256_16_contiguous_,0.0206036577691,0.0202015273411,0.000159083003247,7,675,ok,
final,direct,fft,complex64,256,32,contiguous,,direct_fft_complex64_256_32_contiguous_,0.0353296200046,0.0347162748221,8.70600342751e-05,7,200,ok,
final,direct,fft,complex64,256,64,contiguous,,direct_fft_complex64_256_64_contiguous_,0.221291018398,0.21755225221,0.00157595337934,7,107,ok,
final,direct,fft,complex64,256,256,contiguous,,direct_fft_complex64_256_256_contiguous_,0.954230083153,0.947339599952,0.00211315695196,7,25,ok,
final,direct,fft,complex64,1024,1,contiguous,,direct_fft_complex64_1024_1_contiguous_,0.0108289423149,0.0107710711783,5.6869124744e-05,7,970,ok,
final,direct,fft,complex64,1024,2,contiguous,,direct_fft_complex64_1024_2_contiguous_,0.0182973462102,0.0179573118777,0.000134114447837,7,699,ok,
final,direct,fft,complex64,1024,4,contiguous,,direct_fft_complex64_1024_4_contiguous_,0.0271965795135,0.0269727500755,0.000178804007438,7,516,ok,
final,direct,fft,complex64,1024,8,contiguous,,direct_fft_complex64_1024_8_contiguous_,0.0449261453468,0.0447785202414,0.000147625105456,7,200,ok,
final,direct,fft,complex64,1024,16,contiguous,,direct_fft_complex64_1024_16_contiguous_,0.0800882553449,0.0795027153799,0.000250224256888,7,200,ok,
final,direct,fft,complex64,1024,32,contiguous,,direct_fft_complex64_1024_32_contiguous_,0.149907895644,0.147971754574,0.00110809174166,7,163,ok,
final,direct,fft,complex64,1024,64,contiguous,,direct_fft_complex64_1024_64_contiguous_,1.02877478196,1.0185756508,0.00674004221092,7,23,ok,
final,direct,fft,complex64,1024,256,contiguous,,direct_fft_complex64_1024_256_contiguous_,2.87363235839,2.79116064352,0.0258119014854,7,11,ok,
final,direct,fft,complex64,2048,1,contiguous,,direct_fft_complex64_2048_1_contiguous_,0.0180211787775,0.0179244060718,6.56076184841e-05,7,660,ok,
final,direct,fft,complex64,2048,2,contiguous,,direct_fft_complex64_2048_2_contiguous_,0.0339319975058,0.0336490849358,0.000177216792989,7,424,ok,
final,direct,fft,complex64,2048,4,contiguous,,direct_fft_complex64_2048_4_contiguous_,0.0564837950515,0.0559689797228,0.000402799923904,7,200,ok,
final,direct,fft,complex64,2048,8,contiguous,,direct_fft_complex64_2048_8_contiguous_,0.0987429998349,0.0982846901752,0.000458309659734,7,200,ok,
final,direct,fft,complex64,2048,16,contiguous,,direct_fft_complex64_2048_16_contiguous_,0.176278333483,0.172180943488,0.00402968086249,7,141,ok,
final,direct,fft,complex64,2048,32,contiguous,,direct_fft_complex64_2048_32_contiguous_,0.334297094456,0.332792662399,0.000760338357272,7,74,ok,
final,direct,fft,complex64,2048,64,contiguous,,direct_fft_complex64_2048_64_contiguous_,0.640818296233,0.63881399692,0.00200429931283,7,20,ok,
final,direct,fft,complex64,2048,256,contiguous,,direct_fft_complex64_2048_256_contiguous_,4.60714214881,4.58778314559,0.0193590032203,7,7,ok,
final,direct,fft,complex64,3072,1,contiguous,,direct_fft_complex64_3072_1_contiguous_,0.0244027957855,0.024289578474,9.57939650561e-05,7,529,ok,
final,direct,fft,complex64,3072,2,contiguous,,direct_fft_complex64_3072_2_contiguous_,0.0476672803052,0.0475121900672,0.000112960115075,7,200,ok,
final,direct,fft,complex64,3072,4,contiguous,,direct_fft_complex64_3072_4_contiguous_,0.0793826353038,0.0785358500434,0.000155490124598,7,200,ok,
final,direct,fft,complex64,3072,8,contiguous,,direct_fft_complex64_3072_8_contiguous_,0.141528075101,0.140663701372,0.000753362352649,7,174,ok,
final,direct,fft,complex64,3072,16,contiguous,,direct_fft_complex64_3072_16_contiguous_,0.263510159207,0.262582574307,0.000479191472318,7,94,ok,
final,direct,fft,complex64,3072,32,contiguous,,direct_fft_complex64_3072_32_contiguous_,0.523813150357,0.514559302246,0.00423644669354,7,20,ok,
final,direct,fft,complex64,3072,64,contiguous,,direct_fft_complex64_3072_64_contiguous_,1.00199175067,1.00051100017,0.00148075050674,7,20,ok,
final,direct,fft,complex64,3072,256,contiguous,,direct_fft_complex64_3072_256_contiguous_,6.71619360801,6.66130878963,0.0117339892313,7,5,ok,
final,direct,fft,complex64,3584,1,contiguous,,direct_fft_complex64_3584_1_contiguous_,0.0273597175372,0.0272298513748,7.17447170497e-05,7,478,ok,
final,direct,fft,complex64,3584,2,contiguous,,direct_fft_complex64_3584_2_contiguous_,0.0551146798534,0.0547923753038,0.000290595344268,7,200,ok,
final,direct,fft,complex64,3584,4,contiguous,,direct_fft_complex64_3584_4_contiguous_,0.0892194604967,0.0889300199924,0.000172524596564,7,200,ok,
final,direct,fft,complex64,3584,8,contiguous,,direct_fft_complex64_3584_8_contiguous_,0.158747337613,0.158044266932,0.00041129230824,7,154,ok,
final,direct,fft,complex64,3584,16,contiguous,,direct_fft_complex64_3584_16_contiguous_,0.299416961542,0.299180627992,0.00022965310237,7,78,ok,
final,direct,fft,complex64,3584,32,contiguous,,direct_fft_complex64_3584_32_contiguous_,0.579188851407,0.576732750051,0.000596151221544,7,20,ok,
final,direct,fft,complex64,3584,64,contiguous,,direct_fft_complex64_3584_64_contiguous_,1.14183619735,1.1311747483,0.0021951040253,7,20,ok,
final,direct,fft,complex64,3584,256,contiguous,,direct_fft_complex64_3584_256_contiguous_,7.72250199225,7.68466849695,0.0180387578439,7,4,ok,
final,direct,fft,complex64,4095,1,contiguous,,direct_fft_complex64_4095_1_contiguous_,0.0430345687771,0.0429491020781,8.54666990499e-05,7,313,ok,
final,direct,fft,complex64,4095,2,contiguous,,direct_fft_complex64_4095_2_contiguous_,0.0748695799848,0.0746722647455,0.000101689947769,7,200,ok,
final,direct,fft,complex64,4095,4,contiguous,,direct_fft_complex64_4095_4_contiguous_,0.137638911191,0.136973661008,0.000157905095774,7,180,ok,
final,direct,fft,complex64,4095,8,contiguous,,direct_fft_complex64_4095_8_contiguous_,0.261280968736,0.259819389076,0.000202157044489,7,95,ok,
final,direct,fft,complex64,4095,16,contiguous,,direct_fft_complex64_4095_16_contiguous_,0.501162435588,0.499950166462,0.000668333086651,7,48,ok,
final,direct,fft,complex64,4095,32,contiguous,,direct_fft_complex64_4095_32_contiguous_,1.00273864809,0.998374004848,0.00436464324594,7,20,ok,
final,direct,fft,complex64,4095,64,contiguous,,direct_fft_complex64_4095_64_contiguous_,1.94704453187,1.934017178,0.0058715848033,7,17,ok,
final,direct,fft,complex64,4095,256,contiguous,,direct_fft_complex64_4095_256_contiguous_,11.4934006706,11.3148696643,0.0757886640107,7,3,ok,
final,direct,fft,complex64,4096,1,contiguous,,direct_fft_complex64_4096_1_contiguous_,0.0323890277328,0.0323320202933,4.96146266797e-05,7,397,ok,
final,direct,fft,complex64,4096,2,contiguous,,direct_fft_complex64_4096_2_contiguous_,0.0602746952791,0.0599971751217,4.6084751375e-05,7,200,ok,
final,direct,fft,complex64,4096,4,contiguous,,direct_fft_complex64_4096_4_contiguous_,0.101669075084,0.101053479593,0.000146320089698,7,200,ok,
final,direct,fft,complex64,4096,8,contiguous,,direct_fft_complex64_4096_8_contiguous_,0.184560385991,0.183736946906,0.000296082968513,7,132,ok,
final,direct,fft,complex64,4096,16,contiguous,,direct_fft_complex64_4096_16_contiguous_,0.340791930082,0.338724305038,0.00122130505689,7,72,ok,
final,direct,fft,complex64,4096,32,contiguous,,direct_fft_complex64_4096_32_contiguous_,0.666004448431,0.663904001703,0.00187599798664,7,20,ok,
final,direct,fft,complex64,4096,64,contiguous,,direct_fft_complex64_4096_64_contiguous_,1.31812934997,1.31465239683,0.00111110275611,7,20,ok,
final,direct,fft,complex64,4096,256,contiguous,,direct_fft_complex64_4096_256_contiguous_,8.91178532038,8.85259464849,0.0348386820406,7,3,ok,
final,direct,fft,complex64,4097,1,contiguous,,direct_fft_complex64_4097_1_contiguous_,0.116265461279,0.115557928355,0.000524625946314,5,195,ok,
final,direct,fft,complex64,4097,2,contiguous,,direct_fft_complex64_4097_2_contiguous_,0.191314697316,0.191266310055,4.83872614397e-05,5,129,ok,
final,direct,fft,complex64,4097,4,contiguous,,direct_fft_complex64_4097_4_contiguous_,0.365897396799,0.365060235387,0.000193749335321,5,68,ok,
final,direct,fft,complex64,4097,8,contiguous,,direct_fft_complex64_4097_8_contiguous_,0.723594734582,0.717814765213,0.00187320470372,5,34,ok,
final,direct,fft,complex64,4097,16,contiguous,,direct_fft_complex64_4097_16_contiguous_,1.42782684998,1.4229647466,0.00268154544756,5,20,ok,
final,direct,fft,complex64,4097,32,contiguous,,direct_fft_complex64_4097_32_contiguous_,2.82982116914,2.82346516421,0.00224166433327,5,12,ok,
final,direct,fft,complex64,4097,64,contiguous,,direct_fft_complex64_4097_64_contiguous_,5.57118334109,5.56026948228,0.00126233013968,5,6,ok,
final,direct,fft,complex64,4097,256,contiguous,,direct_fft_complex64_4097_256_contiguous_,26.0807600571,26.0586380027,0.0221220543608,5,1,ok,
final,direct,fft,complex64,4608,1,contiguous,,direct_fft_complex64_4608_1_contiguous_,0.0342031149194,0.0341495650355,5.35498838872e-05,5,200,ok,
final,direct,fft,complex64,4608,2,contiguous,,direct_fft_complex64_4608_2_contiguous_,0.0728286098456,0.0725603598403,8.49046045914e-05,5,200,ok,
final,direct,fft,complex64,4608,4,contiguous,,direct_fft_complex64_4608_4_contiguous_,0.123093136342,0.122468883873,0.000265595677186,5,198,ok,
final,direct,fft,complex64,4608,8,contiguous,,direct_fft_complex64_4608_8_contiguous_,0.225974961982,0.225162875306,0.000291200177301,5,105,ok,
final,direct,fft,complex64,4608,16,contiguous,,direct_fft_complex64_4608_16_contiguous_,0.432661897503,0.431458599633,0.00120329787023,5,20,ok,
final,direct,fft,complex64,4608,32,contiguous,,direct_fft_complex64_4608_32_contiguous_,0.833502650494,0.829819747014,0.00293399789371,5,20,ok,
final,direct,fft,complex64,4608,64,contiguous,,direct_fft_complex64_4608_64_contiguous_,1.64826975088,1.6424579022,0.0046010944061,5,20,ok,
final,direct,fft,complex64,4608,256,contiguous,,direct_fft_complex64_4608_256_contiguous_,10.9968676309,10.8202196813,0.0556173811977,5,3,ok,
final,direct,fft,complex64,8192,1,contiguous,,direct_fft_complex64_8192_1_contiguous_,0.0659137550974,0.0657549098833,0.000158845214173,5,200,ok,
final,direct,fft,complex64,8192,2,contiguous,,direct_fft_complex64_8192_2_contiguous_,0.128611264425,0.127876925814,0.000368312208189,5,189,ok,
final,direct,fft,complex64,8192,4,contiguous,,direct_fft_complex64_8192_4_contiguous_,0.225601074312,0.225085204605,0.000434981538328,5,108,ok,
final,direct,fft,complex64,8192,8,contiguous,,direct_fft_complex64_8192_8_contiguous_,0.417107694498,0.415420118262,0.00168757623661,5,59,ok,
final,direct,fft,complex64,8192,16,contiguous,,direct_fft_complex64_8192_16_contiguous_,0.811359699583,0.808859500103,0.00220515066758,5,20,ok,
final,direct,fft,complex64,8192,32,contiguous,,direct_fft_complex64_8192_32_contiguous_,1.61173529923,1.60706454772,0.00465675257146,5,20,ok,
final,direct,fft,complex64,8192,64,contiguous,,direct_fft_complex64_8192_64_contiguous_,3.29646840692,3.2748439,0.0159409129992,5,10,ok,
final,direct,fft,complex64,8192,256,contiguous,,direct_fft_complex64_8192_256_contiguous_,19.3846080219,18.9647810766,0.0861409353092,5,1,ok,
final,direct,fft,complex64,16384,1,contiguous,,direct_fft_complex64_16384_1_contiguous_,0.191309577531,0.190334866602,0.000193257619685,5,128,ok,
final,direct,fft,complex64,16384,2,contiguous,,direct_fft_complex64_16384_2_contiguous_,0.380923625926,0.38021731234,0.000706313585397,5,64,ok,
final,direct,fft,complex64,16384,4,contiguous,,direct_fft_complex64_16384_4_contiguous_,0.758773001673,0.756460517137,0.00176939294871,5,33,ok,
final,direct,fft,complex64,16384,8,contiguous,,direct_fft_complex64_16384_8_contiguous_,1.53973845299,1.51041605277,0.00355114461854,5,20,ok,
final,direct,fft,complex64,16384,16,contiguous,,direct_fft_complex64_16384_16_contiguous_,3.0253429114,3.0187669062,0.0036905456165,5,11,ok,
final,direct,fft,complex64,16384,32,contiguous,,direct_fft_complex64_16384_32_contiguous_,6.10147619154,6.07005138882,0.013449206017,5,5,ok,
final,direct,fft,complex64,16384,64,contiguous,,direct_fft_complex64_16384_64_contiguous_,16.8573295232,16.834361013,0.0183245283552,5,2,ok,
final,direct,fft,complex64,16384,256,contiguous,,direct_fft_complex64_16384_256_contiguous_,62.5301100081,62.1529240161,0.234559061937,5,1,ok,
final,direct,fft,complex64,32768,1,contiguous,,direct_fft_complex64_32768_1_contiguous_,0.442734999254,0.439183536434,0.00258149898232,5,54,ok,
final,direct,fft,complex64,32768,2,contiguous,,direct_fft_complex64_32768_2_contiguous_,0.908133923076,0.90509937231,0.00259855813864,5,27,ok,
final,direct,fft,complex64,32768,4,contiguous,,direct_fft_complex64_32768_4_contiguous_,1.83204673598,1.82809300206,0.000801476600923,5,19,ok,
final,direct,fft,complex64,32768,8,contiguous,,direct_fft_complex64_32768_8_contiguous_,3.5565915621,3.49988088581,0.0462409936719,5,9,ok,
final,direct,fft,complex64,32768,16,contiguous,,direct_fft_complex64_32768_16_contiguous_,7.32417823747,7.27602577535,0.00508225639351,5,4,ok,
final,direct,fft,complex64,32768,32,contiguous,,direct_fft_complex64_32768_32_contiguous_,19.6983859641,19.1806759685,0.0892169773579,5,1,ok,
final,direct,fft,complex64,32768,64,contiguous,,direct_fft_complex64_32768_64_contiguous_,34.8127649631,34.5765430247,0.19947392866,5,1,ok,
final,direct,fft,complex64,32768,256,contiguous,,direct_fft_complex64_32768_256_contiguous_,140.466857934,139.776394935,0.141525059007,5,1,ok,
final,direct,fft,complex64,65536,1,contiguous,,direct_fft_complex64_65536_1_contiguous_,0.974897602573,0.971194240265,0.00370336230844,5,25,ok,
final,direct,fft,complex64,65536,2,contiguous,,direct_fft_complex64_65536_2_contiguous_,1.9641895847,1.96075317559,0.000922885887763,5,17,ok,
final,direct,fft,complex64,65536,4,contiguous,,direct_fft_complex64_65536_4_contiguous_,3.79540667766,3.79086710099,0.00453957666953,5,9,ok,
final,direct,fft,complex64,65536,8,contiguous,,direct_fft_complex64_65536_8_contiguous_,7.81383051071,7.79211474583,0.00789746991359,5,4,ok,
final,direct,fft,complex64,65536,16,contiguous,,direct_fft_complex64_65536_16_contiguous_,20.9257850656,20.7506469451,0.135965063237,5,1,ok,
final,direct,fft,complex64,65536,32,contiguous,,direct_fft_complex64_65536_32_contiguous_,37.9929119954,37.4977539759,0.244757975452,5,1,ok,
final,direct,fft,complex64,65536,64,contiguous,,direct_fft_complex64_65536_64_contiguous_,76.5591169475,76.2363219401,0.292648095638,5,1,ok,
final,direct,fft,complex64,65536,256,contiguous,,direct_fft_complex64_65536_256_contiguous_,299.843513989,298.52894193,1.06066698208,5,1,ok,
final,direct,fft,complex128,64,1,contiguous,,direct_fft_complex128_64_1_contiguous_,0.00396675094839,0.00392031389269,1.6605852323e-05,7,1959,ok,
final,direct,fft,complex128,64,2,contiguous,,direct_fft_complex128_64_2_contiguous_,0.00454224250279,0.00450477749109,1.19825126603e-05,7,2000,ok,
final,direct,fft,complex128,64,4,contiguous,,direct_fft_complex128_64_4_contiguous_,0.00488206947921,0.00475379405543,5.81084750593e-05,7,2000,ok,
final,direct,fft,complex128,64,8,contiguous,,direct_fft_complex128_64_8_contiguous_,0.00559731898829,0.00554604298668,2.99910316244e-05,7,2000,ok,
final,direct,fft,complex128,64,16,contiguous,,direct_fft_complex128_64_16_contiguous_,0.00662937662557,0.00658825239263,4.02646512364e-05,7,1957,ok,
final,direct,fft,complex128,64,32,contiguous,,direct_fft_complex128_64_32_contiguous_,0.00892702360724,0.00888828658552,2.328659686e-05,7,1483,ok,
final,direct,fft,complex128,64,64,contiguous,,direct_fft_complex128_64_64_contiguous_,0.0135963360839,0.0135473380768,4.58948553619e-05,7,988,ok,
final,direct,fft,complex128,64,256,contiguous,,direct_fft_complex128_64_256_contiguous_,0.0422069546767,0.0414914649446,0.000264695845544,7,200,ok,
final,direct,fft,complex128,256,1,contiguous,,direct_fft_complex128_256_1_contiguous_,0.00510973099153,0.00510002247756,9.70851397142e-06,7,2000,ok,
final,direct,fft,complex128,256,2,contiguous,,direct_fft_complex128_256_2_contiguous_,0.00643778085224,0.00641699441086,1.52279359577e-05,7,1606,ok,
final,direct,fft,complex128,256,4,contiguous,,direct_fft_complex128_256_4_contiguous_,0.00786382097291,0.00778997443197,3.68593685815e-05,7,1564,ok,
final,direct,fft,complex128,256,8,contiguous,,direct_fft_complex128_256_8_contiguous_,0.0109591562365,0.0108229790977,6.74519322209e-05,7,1197,ok,
final,direct,fft,complex128,256,16,contiguous,,direct_fft_complex128_256_16_contiguous_,0.0171548234306,0.0170275688639,4.94470180043e-05,7,821,ok,
final,direct,fft,complex128,256,32,contiguous,,direct_fft_complex128_256_32_contiguous_,0.0291007600026,0.0290490098996,5.17501030117e-05,7,200,ok,
final,direct,fft,complex128,256,64,contiguous,,direct_fft_complex128_256_64_contiguous_,0.0538398447679,0.0536334549543,5.58054307476e-05,7,200,ok,
final,direct,fft,complex128,256,256,contiguous,,direct_fft_complex128_256_256_contiguous_,0.198314293211,0.197466550429,0.000501119899094,7,109,ok,
final,direct,fft,complex128,1024,1,contiguous,,direct_fft_complex128_1024_1_contiguous_,0.00933491541164,0.00927499917906,5.99162325826e-05,7,1218,ok,
final,direct,fft,complex128,1024,2,contiguous,,direct_fft_complex128_1024_2_contiguous_,0.0164800982451,0.0162455037773,0.000106523978179,7,794,ok,
final,direct,fft,complex128,1024,4,contiguous,,direct_fft_complex128_1024_4_contiguous_,0.0242555532669,0.0241901430937,6.54101732592e-05,7,573,ok,
final,direct,fft,complex128,1024,8,contiguous,,direct_fft_complex128_1024_8_contiguous_,0.0394028500887,0.0390722852899,0.0002342852531,7,200,ok,
final,direct,fft,complex128,1024,16,contiguous,,direct_fft_complex128_1024_16_contiguous_,0.0701165804639,0.0698345998535,0.000158495386131,7,200,ok,
final,direct,fft,complex128,1024,32,contiguous,,direct_fft_complex128_1024_32_contiguous_,0.131867365957,0.130999559206,0.000579527363942,7,186,ok,
final,direct,fft,complex128,1024,64,contiguous,,direct_fft_complex128_1024_64_contiguous_,0.253210873393,0.250388351715,0.000632562466521,7,94,ok,
final,direct,fft,complex128,1024,256,contiguous,,direct_fft_complex128_1024_256_contiguous_,0.982191698859,0.977711752057,0.00447994680144,7,20,ok,
final,direct,fft,complex128,2048,1,contiguous,,direct_fft_complex128_2048_1_contiguous_,0.0159561064537,0.0159021263857,2.18749727218e-05,7,807,ok,
final,direct,fft,complex128,2048,2,contiguous,,direct_fft_complex128_2048_2_contiguous_,0.0300675814436,0.0299158840352,3.40514816344e-05,7,466,ok,
final,direct,fft,complex128,2048,4,contiguous,,direct_fft_complex128_2048_4_contiguous_,0.0481898599537,0.047524914844,0.000384770100936,7,200,ok,
final,direct,fft,complex128,2048,8,contiguous,,direct_fft_complex128_2048_8_contiguous_,0.0834138848586,0.0832734745927,0.000114015419967,7,200,ok,
final,direct,fft,complex128,2048,16,contiguous,,direct_fft_complex128_2048_16_contiguous_,0.155031694158,0.154645406292,0.000155474117491,7,160,ok,
final,direct,fft,complex128,2048,32,contiguous,,direct_fft_complex128_2048_32_contiguous_,0.295444940082,0.292489530956,0.00102516734995,7,83,ok,
final,direct,fft,complex128,2048,64,contiguous,,direct_fft_complex128_2048_64_contiguous_,0.574601750122,0.573395501124,0.00120624899864,7,20,ok,
final,direct,fft,complex128,2048,256,contiguous,,direct_fft_complex128_2048_256_contiguous_,2.31266766787,2.28267886365,0.0195492602264,7,15,ok,
final,direct,fft,complex128,3072,1,contiguous,,direct_fft_complex128_3072_1_contiguous_,0.0217902935469,0.0216251677887,9.03707141394e-05,7,596,ok,
final,direct,fft,complex128,3072,2,contiguous,,direct_fft_complex128_3072_2_contiguous_,0.0431261246558,0.0428172497777,2.36951746047e-05,7,200,ok,
final,direct,fft,complex128,3072,4,contiguous,,direct_fft_complex128_3072_4_contiguous_,0.0714264798444,0.0712351751281,0.000105944345705,7,200,ok,
final,direct,fft,complex128,3072,8,contiguous,,direct_fft_complex128_3072_8_contiguous_,0.127506071374,0.12639432424,0.000382423052912,7,182,ok,
final,direct,fft,complex128,3072,16,contiguous,,direct_fft_complex128_3072_16_contiguous_,0.241451952696,0.240617124991,0.000834827705358,7,104,ok,
final,direct,fft,complex128,3072,32,contiguous,,direct_fft_complex128_3072_32_contiguous_,0.469581549987,0.466981146019,0.0013004464563,7,20,ok,
final,direct,fft,complex128,3072,64,contiguous,,direct_fft_complex128_3072_64_contiguous_,0.909112754744,0.907045451459,0.002067303285,7,20,ok,
final,direct,fft,complex128,3072,256,contiguous,,direct_fft_complex128_3072_256_contiguous_,3.77761562413,3.68599512149,0.0451882515335,7,8,ok,
final,direct,fft,complex128,3584,1,contiguous,,direct_fft_complex128_3584_1_contiguous_,0.0247675983917,0.0245643941492,0.000158622583935,7,538,ok,
final,direct,fft,complex128,3584,2,contiguous,,direct_fft_complex128_3584_2_contiguous_,0.0490086450009,0.0478466646746,0.000985600054264,7,200,ok,
final,direct,fft,complex128,3584,4,contiguous,,direct_fft_complex128_3584_4_contiguous_,0.082964595058,0.0802228099201,0.0018271751469,7,200,ok,
final,direct,fft,complex128,3584,8,contiguous,,direct_fft_complex128_3584_8_contiguous_,0.147568958623,0.146201696701,0.000574172147372,7,168,ok,
final,direct,fft,complex128,3584,16,contiguous,,direct_fft_complex128_3584_16_contiguous_,0.278422735088,0.274225291731,0.000862304457567,7,72,ok,
final,direct,fft,complex128,3584,32,contiguous,,direct_fft_complex128_3584_32_contiguous_,0.54166004993,0.539906747872,0.000775448279455,7,20,ok,
final,direct,fft,complex128,3584,64,contiguous,,direct_fft_complex128_3584_64_contiguous_,1.05569335283,1.05227794847,0.00182894873433,7,20,ok,
final,direct,fft,complex128,3584,256,contiguous,,direct_fft_complex128_3584_256_contiguous_,4.37690242792,4.35647970465,0.0204227232773,7,7,ok,
final,direct,fft,complex128,4095,1,contiguous,,direct_fft_complex128_4095_1_contiguous_,0.041190167483,0.0410575122237,9.97899361409e-05,7,328,ok,
final,direct,fft,complex128,4095,2,contiguous,,direct_fft_complex128_4095_2_contiguous_,0.0712511054007,0.0708909344394,0.000172725412995,7,200,ok,
final,direct,fft,complex128,4095,4,contiguous,,direct_fft_complex128_4095_4_contiguous_,0.127824440169,0.125996875842,0.00108768946342,7,193,ok,
final,direct,fft,complex128,4095,8,contiguous,,direct_fft_complex128_4095_8_contiguous_,0.240010605641,0.238691307739,0.000665287818545,7,104,ok,
final,direct,fft,complex128,4095,16,contiguous,,direct_fft_complex128_4095_16_contiguous_,0.4645566559,0.462538269438,0.00112211385455,7,52,ok,
final,direct,fft,complex128,4095,32,contiguous,,direct_fft_complex128_4095_32_contiguous_,0.908505154075,0.906047102762,0.00125785591081,7,20,ok,
final,direct,fft,complex128,4095,64,contiguous,,direct_fft_complex128_4095_64_contiguous_,1.83235310435,1.81910673794,0.00292757575057,7,19,ok,
final,direct,fft,complex128,4095,256,contiguous,,direct_fft_complex128_4095_256_contiguous_,7.6316317427,7.57000900921,0.0521827605553,7,4,ok,
final,direct,fft,complex128,4096,1,contiguous,,direct_fft_complex128_4096_1_contiguous_,0.0292721051665,0.0291077342678,9.45760153367e-05,7,448,ok,
final,direct,fft,complex128,4096,2,contiguous,,direct_fft_complex128_4096_2_contiguous_,0.0553529302124,0.0550356850727,0.000187749392353,7,200,ok,
final,direct,fft,complex128,4096,4,contiguous,,direct_fft_complex128_4096_4_contiguous_,0.0937685300596,0.0922776851803,0.000568964751437,7,200,ok,
final,direct,fft,complex128,4096,8,contiguous,,direct_fft_complex128_4096_8_contiguous_,0.166489573506,0.165501586938,0.000269499917825,7,150,ok,
final,direct,fft,complex128,4096,16,contiguous,,direct_fft_complex128_4096_16_contiguous_,0.312988312201,0.311709947993,0.000738909214058,7,77,ok,
final,direct,fft,complex128,4096,32,contiguous,,direct_fft_complex128_4096_32_contiguous_,0.600723200478,0.599445303669,0.00127789680846,7,20,ok,
final,direct,fft,complex128,4096,64,contiguous,,direct_fft_complex128_4096_64_contiguous_,1.19228714611,1.19092260138,0.00088470405899,7,20,ok,
final,direct,fft,complex128,4096,256,contiguous,,direct_fft_complex128_4096_256_contiguous_,4.95524467745,4.9432805002,0.0119641772471,7,6,ok,
final,direct,fft,complex128,4097,1,contiguous,,direct_fft_complex128_4097_1_contiguous_,0.113603430218,0.113186399685,3.48652247339e-05,5,200,ok,
final,direct,fft,complex128,4097,2,contiguous,,direct_fft_complex128_4097_2_contiguous_,0.186571775936,0.186143295839,0.000210072845221,5,125,ok,
final,direct,fft,complex128,4097,4,contiguous,,direct_fft_complex128_4097_4_contiguous_,0.358735825327,0.357360506525,0.000297377034482,5,69,ok,
final,direct,fft,complex128,4097,8,contiguous,,direct_fft_complex128_4097_8_contiguous_,0.696369742842,0.695833028294,0.00038042864097,5,35,ok,
final,direct,fft,complex128,4097,16,contiguous,,direct_fft_complex128_4097_16_contiguous_,1.37218514574,1.37044534786,0.000972847919911,5,20,ok,
final,direct,fft,complex128,4097,32,contiguous,,direct_fft_complex128_4097_32_contiguous_,2.78128607897,2.7703831632,0.00162548773612,5,12,ok,
final,direct,fft,complex128,4097,64,contiguous,,direct_fft_complex128_4097_64_contiguous_,5.43079032407,5.41203515604,0.00363850267604,5,6,ok,
final,direct,fft,complex128,4097,256,contiguous,,direct_fft_complex128_4097_256_contiguous_,22.0903060399,21.925286972,0.00793498475105,5,1,ok,
final,direct,fft,complex128,4608,1,contiguous,,direct_fft_complex128_4608_1_contiguous_,0.0306197046302,0.030133240507,0.0001004349906,5,200,ok,
final,direct,fft,complex128,4608,2,contiguous,,direct_fft_complex128_4608_2_contiguous_,0.06520943949,0.0651941099204,1.53295695782e-05,5,200,ok,
final,direct,fft,complex128,4608,4,contiguous,,direct_fft_complex128_4608_4_contiguous_,0.112911940087,0.112551409984,5.96645986661e-05,5,200,ok,
final,direct,fft,complex128,4608,8,contiguous,,direct_fft_complex128_4608_8_contiguous_,0.204363119446,0.204184239842,0.000178281607855,5,117,ok,
final,direct,fft,complex128,4608,16,contiguous,,direct_fft_complex128_4608_16_contiguous_,0.387364550261,0.382608099608,0.00102890189737,5,20,ok,
final,direct,fft,complex128,4608,32,contiguous,,direct_fft_complex128_4608_32_contiguous_,0.765321450308,0.764106196584,0.00111109693535,5,20,ok,
final,direct,fft,complex128,4608,64,contiguous,,direct_fft_complex128_4608_64_contiguous_,1.48791639949,1.47524619824,0.00523930066265,5,20,ok,
final,direct,fft,complex128,4608,256,contiguous,,direct_fft_complex128_4608_256_contiguous_,6.2321329955,6.20307461359,0.0290583819151,5,5,ok,
final,direct,fft,complex128,8192,1,contiguous,,direct_fft_complex128_8192_1_contiguous_,0.0603178801248,0.0601493602153,8.47550109029e-05,5,200,ok,
final,direct,fft,complex128,8192,2,contiguous,,direct_fft_complex128_8192_2_contiguous_,0.118304839707,0.118024559924,7.74941872805e-05,5,200,ok,
final,direct,fft,complex128,8192,4,contiguous,,direct_fft_complex128_8192_4_contiguous_,0.208155655479,0.207422214865,0.000448602428339,5,116,ok,
final,direct,fft,complex128,8192,8,contiguous,,direct_fft_complex128_8192_8_contiguous_,0.387622891139,0.385702749554,0.000925938365981,5,64,ok,
final,direct,fft,complex128,8192,16,contiguous,,direct_fft_complex128_8192_16_contiguous_,0.753180251922,0.742733152583,0.000778399407864,5,20,ok,
final,direct,fft,complex128,8192,32,contiguous,,direct_fft_complex128_8192_32_contiguous_,1.48376610014,1.47669484722,0.00481205061078,5,20,ok,
final,direct,fft,complex128,8192,64,contiguous,,direct_fft_complex128_8192_64_contiguous_,2.93518217619,2.92932945939,0.00176154373383,5,11,ok,
final,direct,fft,complex128,8192,256,contiguous,,direct_fft_complex128_8192_256_contiguous_,13.6993140331,13.6910685105,0.00824552262202,5,2,ok,
final,direct,fft,complex128,16384,1,contiguous,,direct_fft_complex128_16384_1_contiguous_,0.182244999769,0.181361444865,0.000298591704536,5,137,ok,
final,direct,fft,complex128,16384,2,contiguous,,direct_fft_complex128_16384_2_contiguous_,0.359212956054,0.357291391254,0.000991725254858,5,69,ok,
final,direct,fft,complex128,16384,4,contiguous,,direct_fft_complex128_16384_4_contiguous_,0.705720115054,0.704503827728,0.000267628846424,5,35,ok,
final,direct,fft,complex128,16384,8,contiguous,,direct_fft_complex128_16384_8_contiguous_,1.40553259989,1.40264719957,0.00288540031761,5,20,ok,
final,direct,fft,complex128,16384,16,contiguous,,direct_fft_complex128_16384_16_contiguous_,2.8412467509,2.8374370886,0.00084832815143,5,12,ok,
final,direct,fft,complex128,16384,32,contiguous,,direct_fft_complex128_16384_32_contiguous_,5.78434099831,5.66574050269,0.0743559988526,5,6,ok,
final,direct,fft,complex128,16384,64,contiguous,,direct_fft_complex128_16384_64_contiguous_,11.7674809881,11.7082649958,0.0287289731205,5,2,ok,
final,direct,fft,complex128,16384,256,contiguous,,direct_fft_complex128_16384_256_contiguous_,49.5662989561,49.4009190006,0.0325209693983,5,1,ok,
final,direct,fft,complex128,32768,1,contiguous,,direct_fft_complex128_32768_1_contiguous_,0.421583842437,0.420881647682,0.0001045961031,5,57,ok,
final,direct,fft,complex128,32768,2,contiguous,,direct_fft_complex128_32768_2_contiguous_,0.839441934408,0.838152618661,0.00128931574652,5,29,ok,
final,direct,fft,complex128,32768,4,contiguous,,direct_fft_complex128_32768_4_contiguous_,1.66152004967,1.65246610413,0.00277520157397,5,20,ok,
final,direct,fft,complex128,32768,8,contiguous,,direct_fft_complex128_32768_8_contiguous_,3.30059810076,3.29248689814,0.00354659277946,5,10,ok,
final,direct,fft,complex128,32768,16,contiguous,,direct_fft_complex128_32768_16_contiguous_,6.66517198551,6.64990360383,0.015268381685,5,5,ok,
final,direct,fft,complex128,32768,32,contiguous,,direct_fft_complex128_32768_32_contiguous_,13.7575284461,13.7020540424,0.0161400530487,5,2,ok,
final,direct,fft,complex128,32768,64,contiguous,,direct_fft_complex128_32768_64_contiguous_,29.7661729855,29.6643420588,0.0664649996907,5,1,ok,
final,direct,fft,complex128,32768,256,contiguous,,direct_fft_complex128_32768_256_contiguous_,119.793726015,119.092192035,0.638706958853,5,1,ok,
final,direct,fft,complex128,65536,1,contiguous,,direct_fft_complex128_65536_1_contiguous_,0.903939000434,0.900589779054,0.000939889879966,5,27,ok,
final,direct,fft,complex128,65536,2,contiguous,,direct_fft_complex128_65536_2_contiguous_,1.88348017743,1.82748058646,0.0303497688626,5,17,ok,
final,direct,fft,complex128,65536,4,contiguous,,direct_fft_complex128_65536_4_contiguous_,3.76386877098,3.74687578167,0.00415989456491,5,9,ok,
final,direct,fft,complex128,65536,8,contiguous,,direct_fft_complex128_65536_8_contiguous_,7.46996150701,7.44611426489,0.0101814803202,5,4,ok,
final,direct,fft,complex128,65536,16,contiguous,,direct_fft_complex128_65536_16_contiguous_,15.4439315083,15.34689049,0.0734180212021,5,2,ok,
final,direct,fft,complex128,65536,32,contiguous,,direct_fft_complex128_65536_32_contiguous_,32.3912589811,32.1805949789,0.0896890414879,5,1,ok,
final,direct,fft,complex128,65536,64,contiguous,,direct_fft_complex128_65536_64_contiguous_,65.2228640392,64.7953129373,0.228458084166,5,1,ok,
final,direct,fft,complex128,65536,256,contiguous,,direct_fft_complex128_65536_256_contiguous_,259.363734978,257.905443897,1.45829108078,5,1,ok,
final,direct,ifft,complex64,64,1,contiguous,,direct_ifft_complex64_64_1_contiguous_,0.00493125950634,0.00488099510392,4.72772846976e-05,7,1241,ok,
final,direct,ifft,complex64,64,2,contiguous,,direct_ifft_complex64_64_2_contiguous_,0.00562035538588,0.00559216255537,2.81928305152e-05,7,1919,ok,
final,direct,ifft,complex64,64,4,contiguous,,direct_ifft_complex64_64_4_contiguous_,0.00611746672545,0.00608860137502,6.28242837905e-06,7,1834,ok,
final,direct,ifft,complex64,64,8,contiguous,,direct_ifft_complex64_64_8_contiguous_,0.00693737938428,0.00691418558966,2.31937946116e-05,7,1724,ok,
final,direct,ifft,complex64,64,16,contiguous,,direct_ifft_complex64_64_16_contiguous_,0.00844269042085,0.0083987938698,2.84748437112e-05,7,1489,ok,
final,direct,ifft,complex64,64,32,contiguous,,direct_ifft_complex64_64_32_contiguous_,0.0113253661989,0.0112400501308,7.84906075939e-05,7,1117,ok,
final,direct,ifft,complex64,64,64,contiguous,,direct_ifft_complex64_64_64_contiguous_,0.0173903593653,0.0172516355027,7.08502435979e-05,7,768,ok,
final,direct,ifft,complex64,64,256,contiguous,,direct_ifft_complex64_64_256_contiguous_,0.0535201450111,0.0532937701792,0.000183195224963,7,200,ok,
final,direct,ifft,complex64,256,1,contiguous,,direct_ifft_complex64_256_1_contiguous_,0.00613361199019,0.00611210740248,2.15045877069e-05,7,1639,ok,
final,direct,ifft,complex64,256,2,contiguous,,direct_ifft_complex64_256_2_contiguous_,0.00778225150823,0.00755414929358,4.06130135899e-05,7,1527,ok,
final,direct,ifft,complex64,256,4,contiguous,,direct_ifft_complex64_256_4_contiguous_,0.00933018485698,0.00929578777906,9.27738405141e-06,7,1244,ok,
final,direct,ifft,complex64,256,8,contiguous,,direct_ifft_complex64_256_8_contiguous_,0.012645620108,0.012610802572,1.3090371679e-05,7,1008,ok,
final,direct,ifft,complex64,256,16,contiguous,,direct_ifft_complex64_256_16_contiguous_,0.0192894965089,0.0191709298711,9.03520048668e-05,7,713,ok,
final,direct,ifft,complex64,256,32,contiguous,,direct_ifft_complex64_256_32_contiguous_,0.0326514546759,0.0324839900713,6.30144495517e-05,7,200,ok,
final,direct,ifft,complex64,256,64,contiguous,,direct_ifft_complex64_256_64_contiguous_,0.0597433996154,0.0587318104226,0.000260334345512,7,200,ok,
final,direct,ifft,complex64,256,256,contiguous,,direct_ifft_complex64_256_256_contiguous_,0.218881646468,0.218344627739,0.000281327412324,7,113,ok,
final,direct,ifft,complex64,1024,1,contiguous,,direct_ifft_complex64_1024_1_contiguous_,0.0109606247307,0.0108733380746,5.28419124229e-05,7,1050,ok,
final,direct,ifft,complex64,1024,2,contiguous,,direct_ifft_complex64_1024_2_contiguous_,0.0186096776082,0.018505662777,1.9112094514e-05,7,670,ok,
final,direct,ifft,complex64,1024,4,contiguous,,direct_ifft_complex64_1024_4_contiguous_,0.0246600884632,0.0244586624286,0.000133842947668,7,554,ok,
final,direct,ifft,complex64,1024,8,contiguous,,direct_ifft_complex64_1024_8_contiguous_,0.0398005498573,0.0396944949171,6.1314785853e-05,7,200,ok,
final,direct,ifft,complex64,1024,16,contiguous,,direct_ifft_complex64_1024_16_contiguous_,0.0707303802483,0.0704458955443,0.000284484704025,7,200,ok,
final,direct,ifft,complex64,1024,32,contiguous,,direct_ifft_complex64_1024_32_contiguous_,0.130055786334,0.129616161454,0.000116572967575,7,192,ok,
final,direct,ifft,complex64,1024,64,contiguous,,direct_ifft_complex64_1024_64_contiguous_,0.249436293315,0.247820333408,0.000610939377561,7,99,ok,
final,direct,ifft,complex64,1024,256,contiguous,,direct_ifft_complex64_1024_256_contiguous_,0.964490498882,0.963835301809,0.000650697620586,7,20,ok,
final,direct,ifft,complex64,2048,1,contiguous,,direct_ifft_complex64_2048_1_contiguous_,0.0168215200336,0.016756521378,3.41859875036e-05,7,769,ok,
final,direct,ifft,complex64,2048,2,contiguous,,direct_ifft_complex64_2048_2_contiguous_,0.0320304929436,0.0319490667144,7.05209191775e-05,7,361,ok,
final,direct,ifft,complex64,2048,4,contiguous,,direct_ifft_complex64_2048_4_contiguous_,0.0462064496242,0.0460493547143,5.03944465891e-05,7,200,ok,
final,direct,ifft,complex64,2048,8,contiguous,,direct_ifft_complex64_2048_8_contiguous_,0.0786165002501,0.0783757504541,4.67395875603e-05,7,200,ok,
final,direct,ifft,complex64,2048,16,contiguous,,direct_ifft_complex64_2048_16_contiguous_,0.143732522955,0.143436273712,9.88548827293e-05,7,172,ok,
final,direct,ifft,complex64,2048,32,contiguous,,direct_ifft_complex64_2048_32_contiguous_,0.271250988263,0.269887180151,0.000591438232262,7,89,ok,
final,direct,ifft,complex64,2048,64,contiguous,,direct_ifft_complex64_2048_64_contiguous_,0.526109902421,0.52402705187,0.00103094498627,7,20,ok,
final,direct,ifft,complex64,2048,256,contiguous,,direct_ifft_complex64_2048_256_contiguous_,2.07263393531,2.06001100014,0.00386343890568,7,16,ok,
final,direct,ifft,complex64,3072,1,contiguous,,direct_ifft_complex64_3072_1_contiguous_,0.0239699135034,0.0238476641769,6.31334579513e-05,7,554,ok,
final,direct,ifft,complex64,3072,2,contiguous,,direct_ifft_complex64_3072_2_contiguous_,0.0470726651838,0.0469028501539,5.82553911954e-05,7,200,ok,
final,direct,ifft,complex64,3072,4,contiguous,,direct_ifft_complex64_3072_4_contiguous_,0.0674433197128,0.0670301500941,0.000163855147548,7,200,ok,
final,direct,ifft,complex64,3072,8,contiguous,,direct_ifft_complex64_3072_8_contiguous_,0.118460875237,0.117960394709,0.000369885237888,7,200,ok,
final,direct,ifft,complex64,3072,16,contiguous,,direct_ifft_complex64_3072_16_contiguous_,0.222334991679,0.221982442036,0.000226729851518,7,111,ok,
final,direct,ifft,complex64,3072,32,contiguous,,direct_ifft_complex64_3072_32_contiguous_,0.428311247379,0.424383347854,0.00126639497466,7,20,ok,
final,direct,ifft,complex64,3072,64,contiguous,,direct_ifft_complex64_3072_64_contiguous_,0.832794851158,0.829286751105,0.00342139974236,7,20,ok,
final,direct,ifft,complex64,3072,256,contiguous,,direct_ifft_complex64_3072_256_contiguous_,3.28851949889,3.27487690374,0.00934649724513,7,10,ok,
final,direct,ifft,complex64,3584,1,contiguous,,direct_ifft_complex64_3584_1_contiguous_,0.0266062169363,0.0265659564771,4.02604591502e-05,7,484,ok,
final,direct,ifft,complex64,3584,2,contiguous,,direct_ifft_complex64_3584_2_contiguous_,0.0533994153375,0.0532755901804,3.65701271221e-05,7,200,ok,
final,direct,ifft,complex64,3584,4,contiguous,,direct_ifft_complex64_3584_4_contiguous_,0.077377029811,0.0768458354287,4.10794746131e-05,7,200,ok,
final,direct,ifft,complex64,3584,8,contiguous,,direct_ifft_complex64_3584_8_contiguous_,0.137563187691,0.136859988979,0.000261535703395,7,181,ok,
final,direct,ifft,complex64,3584,16,contiguous,,direct_ifft_complex64_3584_16_contiguous_,0.254060817702,0.253340430928,0.000657591347893,7,93,ok,
final,direct,ifft,complex64,3584,32,contiguous,,direct_ifft_complex64_3584_32_contiguous_,0.48871334875,0.485856999876,0.00126439845189,7,20,ok,
final,direct,ifft,complex64,3584,64,contiguous,,direct_ifft_complex64_3584_64_contiguous_,0.95655869809,0.950782350264,0.0014983525034,7,20,ok,
final,direct,ifft,complex64,3584,256,contiguous,,direct_ifft_complex64_3584_256_contiguous_,3.75309744332,3.73413077452,0.00957455227358,7,9,ok,
final,direct,ifft,complex64,4095,1,contiguous,,direct_ifft_complex64_4095_1_contiguous_,0.0486304965711,0.0481921043603,0.000258503455876,7,288,ok,
final,direct,ifft,complex64,4095,2,contiguous,,direct_ifft_complex64_4095_2_contiguous_,0.0888546247734,0.088302695076,0.00030682538636,7,200,ok,
final,direct,ifft,complex64,4095,4,contiguous,,direct_ifft_complex64_4095_4_contiguous_,0.101823969744,0.101397425169,0.000347699970007,7,200,ok,
final,direct,ifft,complex64,4095,8,contiguous,,direct_ifft_complex64_4095_8_contiguous_,0.191321091741,0.190500938689,0.000515382182393,7,131,ok,
final,direct,ifft,complex64,4095,16,contiguous,,direct_ifft_complex64_4095_16_contiguous_,0.36117120014,0.3586979849,0.000665814150125,7,70,ok,
final,direct,ifft,complex64,4095,32,contiguous,,direct_ifft_complex64_4095_32_contiguous_,0.704123347532,0.703471148154,0.00061719911173,7,20,ok,
final,direct,ifft,complex64,4095,64,contiguous,,direct_ifft_complex64_4095_64_contiguous_,1.40514490195,1.39789530076,0.00254530459642,7,20,ok,
final,direct,ifft,complex64,4095,256,contiguous,,direct_ifft_complex64_4095_256_contiguous_,5.62178316371,5.60734781902,0.0144353446861,7,6,ok,
final,direct,ifft,complex64,4096,1,contiguous,,direct_ifft_complex64_4096_1_contiguous_,0.0299613983256,0.0296897248113,9.76531826776e-05,7,447,ok,
final,direct,ifft,complex64,4096,2,contiguous,,direct_ifft_complex64_4096_2_contiguous_,0.0607859500451,0.0603734300239,0.000100884935819,7,200,ok,
final,direct,ifft,complex64,4096,4,contiguous,,direct_ifft_complex64_4096_4_contiguous_,0.0876389996847,0.0871636602096,0.000208190176636,7,200,ok,
final,direct,ifft,complex64,4096,8,contiguous,,direct_ifft_complex64_4096_8_contiguous_,0.155803456817,0.154933137393,0.000396881897757,7,153,ok,
final,direct,ifft,complex64,4096,16,contiguous,,direct_ifft_complex64_4096_16_contiguous_,0.294461311109,0.286269403095,0.00503700997295,7,87,ok,
final,direct,ifft,complex64,4096,32,contiguous,,direct_ifft_complex64_4096_32_contiguous_,0.555271049961,0.554151949473,0.00111910048872,7,20,ok,
final,direct,ifft,complex64,4096,64,contiguous,,direct_ifft_complex64_4096_64_contiguous_,1.10112294788,1.09548434848,0.0028062495403,7,20,ok,
final,direct,ifft,complex64,4096,256,contiguous,,direct_ifft_complex64_4096_256_contiguous_,4.30670942712,4.28838229605,0.00542443844357,7,7,ok,
final,direct,ifft,complex64,4097,1,contiguous,,direct_ifft_complex64_4097_1_contiguous_,0.144605460705,0.143956580523,0.000610964339293,5,167,ok,
final,direct,ifft,complex64,4097,2,contiguous,,direct_ifft_complex64_4097_2_contiguous_,0.277019651303,0.275693573529,0.00021546121603,5,89,ok,
final,direct,ifft,complex64,4097,4,contiguous,,direct_ifft_complex64_4097_4_contiguous_,0.217999368416,0.216343902713,0.000526517907386,5,114,ok,
final,direct,ifft,complex64,4097,8,contiguous,,direct_ifft_complex64_4097_8_contiguous_,0.412617593025,0.41117233824,0.00128647612439,5,59,ok,
final,direct,ifft,complex64,4097,16,contiguous,,direct_ifft_complex64_4097_16_contiguous_,0.801520748064,0.799853150966,0.00166759709828,5,20,ok,
final,direct,ifft,complex64,4097,32,contiguous,,direct_ifft_complex64_4097_32_contiguous_,1.6127461975,1.61224525073,0.000500946771353,5,20,ok,
final,direct,ifft,complex64,4097,64,contiguous,,direct_ifft_complex64_4097_64_contiguous_,3.2044230029,3.18920739228,0.00994160072878,5,10,ok,
final,direct,ifft,complex64,4097,256,contiguous,,direct_ifft_complex64_4097_256_contiguous_,12.8065620083,12.7793060383,0.00705302227288,5,2,ok,
final,direct,ifft,complex64,4608,1,contiguous,,direct_ifft_complex64_4608_1_contiguous_,0.0339295499725,0.0338379800087,3.60154081136e-05,5,200,ok,
final,direct,ifft,complex64,4608,2,contiguous,,direct_ifft_complex64_4608_2_contiguous_,0.0691333401483,0.06868464523,0.000232635065913,5,200,ok,
final,direct,ifft,complex64,4608,4,contiguous,,direct_ifft_complex64_4608_4_contiguous_,0.101642325171,0.101591084967,5.12402039021e-05,5,200,ok,
final,direct,ifft,complex64,4608,8,contiguous,,direct_ifft_complex64_4608_8_contiguous_,0.181090503924,0.180527036772,7.54668696845e-05,5,137,ok,
final,direct,ifft,complex64,4608,16,contiguous,,direct_ifft_complex64_4608_16_contiguous_,0.338467949769,0.336403097026,0.000488449586555,5,20,ok,
final,direct,ifft,complex64,4608,32,contiguous,,direct_ifft_complex64_4608_32_contiguous_,0.667799799703,0.664542702725,0.00134804868139,5,20,ok,
final,direct,ifft,complex64,4608,64,contiguous,,direct_ifft_complex64_4608_64_contiguous_,1.30835910095,1.30365425139,0.00200824579224,5,20,ok,
final,direct,ifft,complex64,4608,256,contiguous,,direct_ifft_complex64_4608_256_contiguous_,5.15894680284,5.15027660877,0.00672258902341,5,5,ok,
final,direct,ifft,complex64,8192,1,contiguous,,direct_ifft_complex64_8192_1_contiguous_,0.056553829927,0.056321839802,6.2765320763e-05,5,200,ok,
final,direct,ifft,complex64,8192,2,contiguous,,direct_ifft_complex64_8192_2_contiguous_,0.108426734805,0.108190895407,0.000193265150301,5,200,ok,
final,direct,ifft,complex64,8192,4,contiguous,,direct_ifft_complex64_8192_4_contiguous_,0.185349346069,0.184849834182,0.00011887229783,5,133,ok,
final,direct,ifft,complex64,8192,8,contiguous,,direct_ifft_complex64_8192_8_contiguous_,0.338551781319,0.336884013824,0.000654657575468,5,73,ok,
final,direct,ifft,complex64,8192,16,contiguous,,direct_ifft_complex64_8192_16_contiguous_,0.646276952466,0.644848303637,0.00122734345496,5,20,ok,
final,direct,ifft,complex64,8192,32,contiguous,,direct_ifft_complex64_8192_32_contiguous_,1.25825075083,1.25714965397,0.0011010968592,5,20,ok,
final,direct,ifft,complex64,8192,64,contiguous,,direct_ifft_complex64_8192_64_contiguous_,2.48225853564,2.47103130767,0.000226624811498,5,13,ok,
final,direct,ifft,complex64,8192,256,contiguous,,direct_ifft_complex64_8192_256_contiguous_,10.2779143102,10.2270890105,0.0508252996951,5,3,ok,
final,direct,ifft,complex64,16384,1,contiguous,,direct_ifft_complex64_16384_1_contiguous_,0.107788539608,0.10777582007,1.27195380628e-05,5,200,ok,
final,direct,ifft,complex64,16384,2,contiguous,,direct_ifft_complex64_16384_2_contiguous_,0.192824055375,0.192346281437,0.000301266481983,5,128,ok,
final,direct,ifft,complex64,16384,4,contiguous,,direct_ifft_complex64_16384_4_contiguous_,0.349854735153,0.34945259621,0.000402138943577,5,72,ok,
final,direct,ifft,complex64,16384,8,contiguous,,direct_ifft_complex64_16384_8_contiguous_,0.670880096732,0.669780548196,0.00109954853542,5,20,ok,
final,direct,ifft,complex64,16384,16,contiguous,,direct_ifft_complex64_16384_16_contiguous_,1.31264409865,1.31097949925,0.000678753713146,5,20,ok,
final,direct,ifft,complex64,16384,32,contiguous,,direct_ifft_complex64_16384_32_contiguous_,2.56748661363,2.56257668997,0.0015868482968,5,13,ok,
final,direct,ifft,complex64,16384,64,contiguous,,direct_ifft_complex64_16384_64_contiguous_,5.15846533623,5.14709899047,0.0113663457644,5,6,ok,
final,direct,ifft,complex64,16384,256,contiguous,,direct_ifft_complex64_16384_256_contiguous_,23.0063819326,22.9425609577,0.0414170790464,5,1,ok,
final,direct,ifft,complex64,32768,1,contiguous,,direct_ifft_complex64_32768_1_contiguous_,0.220528610818,0.22039725014,0.00011112920388,5,108,ok,
final,direct,ifft,complex64,32768,2,contiguous,,direct_ifft_complex64_32768_2_contiguous_,0.392587581319,0.391873339522,0.000485902531974,5,62,ok,
final,direct,ifft,complex64,32768,4,contiguous,,direct_ifft_complex64_32768_4_contiguous_,0.733355100965,0.729910645168,0.000814499799162,5,20,ok,
final,direct,ifft,complex64,32768,8,contiguous,,direct_ifft_complex64_32768_8_contiguous_,1.4106892515,1.4098596992,0.000327150337398,5,20,ok,
final,direct,ifft,complex64,32768,16,contiguous,,direct_ifft_complex64_32768_16_contiguous_,2.74128024466,2.73959124267,0.00168900199545,5,12,ok,
final,direct,ifft,complex64,32768,32,contiguous,,direct_ifft_complex64_32768_32_contiguous_,5.4786298424,5.47165516764,0.0069746747613,5,6,ok,
final,direct,ifft,complex64,32768,64,contiguous,,direct_ifft_complex64_32768_64_contiguous_,11.2304283539,11.2095290096,0.0208993442357,5,3,ok,
final,direct,ifft,complex64,32768,256,contiguous,,direct_ifft_complex64_32768_256_contiguous_,48.5644920263,47.9299339931,0.112519948743,5,1,ok,
final,direct,ifft,complex64,65536,1,contiguous,,direct_ifft_complex64_65536_1_contiguous_,0.466757829582,0.463642546784,0.00237596423348,5,53,ok,
final,direct,ifft,complex64,65536,2,contiguous,,direct_ifft_complex64_65536_2_contiguous_,0.863731798017,0.85884410073,0.00213299645111,5,20,ok,
final,direct,ifft,complex64,65536,4,contiguous,,direct_ifft_complex64_65536_4_contiguous_,1.65520324954,1.64931420004,0.00588904949836,5,20,ok,
final,direct,ifft,complex64,65536,8,contiguous,,direct_ifft_complex64_65536_8_contiguous_,3.23110289173,3.19555640453,0.00615450553596,5,10,ok,
final,direct,ifft,complex64,65536,16,contiguous,,direct_ifft_complex64_65536_16_contiguous_,6.30840980448,6.29550560843,0.0129041960463,5,5,ok,
final,direct,ifft,complex64,65536,32,contiguous,,direct_ifft_complex64_65536_32_contiguous_,12.8170265234,12.763842009,0.0507649965584,5,2,ok,
final,direct,ifft,complex64,65536,64,contiguous,,direct_ifft_complex64_65536_64_contiguous_,27.4638510309,27.3105240194,0.0811410136521,5,1,ok,
final,direct,ifft,complex64,65536,256,contiguous,,direct_ifft_complex64_65536_256_contiguous_,108.446943108,108.043127926,0.102121848613,5,1,ok,
final,direct,ifft,complex128,64,1,contiguous,,direct_ifft_complex128_64_1_contiguous_,0.00494953370032,0.00493465298661,6.62783632737e-06,7,1634,ok,
final,direct,ifft,complex128,64,2,contiguous,,direct_ifft_complex128_64_2_contiguous_,0.00559133192952,0.00555728071918,1.98762130777e-05,7,1931,ok,
final,direct,ifft,complex128,64,4,contiguous,,direct_ifft_complex128_64_4_contiguous_,0.00589496582447,0.00584676537672,2.95577917117e-06,7,1990,ok,
final,direct,ifft,complex128,64,8,contiguous,,direct_ifft_complex128_64_8_contiguous_,0.00664719809005,0.00662298407406,2.02134835217e-05,7,1883,ok,
final,direct,ifft,complex128,64,16,contiguous,,direct_ifft_complex128_64_16_contiguous_,0.00796334521566,0.00793672811015,1.35028930617e-05,7,1541,ok,
final,direct,ifft,complex128,64,32,contiguous,,direct_ifft_complex128_64_32_contiguous_,0.0105989515354,0.0103626129101,1.40267863741e-05,7,1155,ok,
final,direct,ifft,complex128,64,64,contiguous,,direct_ifft_complex128_64_64_contiguous_,0.0156955186922,0.0156036291252,6.70316509385e-05,7,879,ok,
final,direct,ifft,complex128,64,256,contiguous,,direct_ifft_complex128_64_256_contiguous_,0.0472663296387,0.0462141598109,0.000541665358469,7,200,ok,
final,direct,ifft,complex128,256,1,contiguous,,direct_ifft_complex128_256_1_contiguous_,0.00624190085955,0.0062053790316,1.17388197746e-05,7,1765,ok,
final,direct,ifft,complex128,256,2,contiguous,,direct_ifft_complex128_256_2_contiguous_,0.00760819426227,0.00756373361616,2.58687219956e-05,7,1524,ok,
final,direct,ifft,complex128,256,4,contiguous,,direct_ifft_complex128_256_4_contiguous_,0.00924400599387,0.00920558867743,3.73883160378e-05,7,1342,ok,
final,direct,ifft,complex128,256,8,contiguous,,direct_ifft_complex128_256_8_contiguous_,0.0125054854179,0.0124610617893,2.50805736691e-05,7,1067,ok,
final,direct,ifft,complex128,256,16,contiguous,,direct_ifft_complex128_256_16_contiguous_,0.0191050082757,0.0189550748544,0.00014993342135,7,722,ok,
final,direct,ifft,complex128,256,32,contiguous,,direct_ifft_complex128_256_32_contiguous_,0.0324785301927,0.032062655082,0.000135155278258,7,200,ok,
final,direct,ifft,complex128,256,64,contiguous,,direct_ifft_complex128_256_64_contiguous_,0.0590375246247,0.0583393202396,0.00018039077986,7,200,ok,
final,direct,ifft,complex128,256,256,contiguous,,direct_ifft_complex128_256_256_contiguous_,0.214040371078,0.211526637699,0.000612831888803,7,113,ok,
final,direct,ifft,complex128,1024,1,contiguous,,direct_ifft_complex128_1024_1_contiguous_,0.0107009676528,0.0106677818664,1.08365526279e-05,7,1114,ok,
final,direct,ifft,complex128,1024,2,contiguous,,direct_ifft_complex128_1024_2_contiguous_,0.0176926857461,0.0176369228069,5.30159405957e-05,7,751,ok,
final,direct,ifft,complex128,1024,4,contiguous,,direct_ifft_complex128_1024_4_contiguous_,0.0259520037615,0.0257193785185,0.000112231929678,7,539,ok,
final,direct,ifft,complex128,1024,8,contiguous,,direct_ifft_complex128_1024_8_contiguous_,0.0424649403431,0.0423982652137,6.66751293465e-05,7,200,ok,
final,direct,ifft,complex128,1024,16,contiguous,,direct_ifft_complex128_1024_16_contiguous_,0.0750842347043,0.0749123597052,0.000128339743242,7,200,ok,
final,direct,ifft,complex128,1024,32,contiguous,,direct_ifft_complex128_1024_32_contiguous_,0.13872715445,0.137661040228,0.000527560311769,7,175,ok,
final,direct,ifft,complex128,1024,64,contiguous,,direct_ifft_complex128_1024_64_contiguous_,0.266920835302,0.26636120894,0.000274362769183,7,91,ok,
final,direct,ifft,complex128,1024,256,contiguous,,direct_ifft_complex128_1024_256_contiguous_,1.03198190336,1.02971870219,0.00146270613186,7,20,ok,
final,direct,ifft,complex128,2048,1,contiguous,,direct_ifft_complex128_2048_1_contiguous_,0.0168800969454,0.0167836984782,3.06487228837e-05,7,743,ok,
final,direct,ifft,complex128,2048,2,contiguous,,direct_ifft_complex128_2048_2_contiguous_,0.031807564988,0.0317318195744,4.58239810541e-05,7,432,ok,
final,direct,ifft,complex128,2048,4,contiguous,,direct_ifft_complex128_2048_4_contiguous_,0.0506742647849,0.0504513946362,9.39250458032e-05,7,200,ok,
final,direct,ifft,complex128,2048,8,contiguous,,direct_ifft_complex128_2048_8_contiguous_,0.0878530001501,0.087263995083,0.000113414716907,7,200,ok,
final,direct,ifft,complex128,2048,16,contiguous,,direct_ifft_complex128_2048_16_contiguous_,0.162165939497,0.161303659746,0.000855200923979,7,150,ok,
final,direct,ifft,complex128,2048,32,contiguous,,direct_ifft_complex128_2048_32_contiguous_,0.309898782199,0.308760756758,0.000942282032413,7,78,ok,
final,direct,ifft,complex128,2048,64,contiguous,,direct_ifft_complex128_2048_64_contiguous_,0.604588404531,0.604255800135,0.000222952803597,7,20,ok,
final,direct,ifft,complex128,2048,256,contiguous,,direct_ifft_complex128_2048_256_contiguous_,2.39320257346,2.3867382801,0.00409914978913,7,14,ok,
final,direct,ifft,complex128,3072,1,contiguous,,direct_ifft_complex128_3072_1_contiguous_,0.0236295010509,0.0235094755955,3.6663065354e-05,7,555,ok,
final,direct,ifft,complex128,3072,2,contiguous,,direct_ifft_complex128_3072_2_contiguous_,0.0454037397867,0.0451463647187,6.95296330377e-05,7,200,ok,
final,direct,ifft,complex128,3072,4,contiguous,,direct_ifft_complex128_3072_4_contiguous_,0.0748082704376,0.0745518400799,8.13993392512e-05,7,200,ok,
final,direct,ifft,complex128,3072,8,contiguous,,direct_ifft_complex128_3072_8_contiguous_,0.1329713861,0.131734472591,0.00011125805165,7,163,ok,
final,direct,ifft,complex128,3072,16,contiguous,,direct_ifft_complex128_3072_16_contiguous_,0.249394589398,0.247589209558,0.000374810770154,7,95,ok,
final,direct,ifft,complex128,3072,32,contiguous,,direct_ifft_complex128_3072_32_contiguous_,0.481199799106,0.478243798716,0.00112959532999,7,20,ok,
final,direct,ifft,complex128,3072,64,contiguous,,direct_ifft_complex128_3072_64_contiguous_,0.940556195565,0.937295547919,0.00293804332614,7,20,ok,
final,direct,ifft,complex128,3072,256,contiguous,,direct_ifft_complex128_3072_256_contiguous_,3.78372200066,3.74748161994,0.0127626262838,7,8,ok,
final,direct,ifft,complex128,3584,1,contiguous,,direct_ifft_complex128_3584_1_contiguous_,0.0262771278306,0.0261904543802,8.3219008728e-05,7,493,ok,
final,direct,ifft,complex128,3584,2,contiguous,,direct_ifft_complex128_3584_2_contiguous_,0.051051970222,0.0508742901729,0.00013230019249,7,200,ok,
final,direct,ifft,complex128,3584,4,contiguous,,direct_ifft_complex128_3584_4_contiguous_,0.0846454896964,0.0843951746356,0.000146819511428,7,200,ok,
final,direct,ifft,complex128,3584,8,contiguous,,direct_ifft_complex128_3584_8_contiguous_,0.150658126751,0.150303278739,0.00030166032075,7,165,ok,
final,direct,ifft,complex128,3584,16,contiguous,,direct_ifft_complex128_3584_16_contiguous_,0.282143813904,0.281857930362,0.00028588354241,7,86,ok,
final,direct,ifft,complex128,3584,32,contiguous,,direct_ifft_complex128_3584_32_contiguous_,0.555006053764,0.552366604097,0.00217410852201,7,20,ok,
final,direct,ifft,complex128,3584,64,contiguous,,direct_ifft_complex128_3584_64_contiguous_,1.0701389052,1.06815015315,0.00122230267152,7,20,ok,
final,direct,ifft,complex128,3584,256,contiguous,,direct_ifft_complex128_3584_256_contiguous_,4.40116772162,4.3712188656,0.0207573009123,7,7,ok,
final,direct,ifft,complex128,4095,1,contiguous,,direct_ifft_complex128_4095_1_contiguous_,0.0429021716333,0.0427279831909,0.000117053108739,7,303,ok,
final,direct,ifft,complex128,4095,2,contiguous,,direct_ifft_complex128_4095_2_contiguous_,0.0720056699356,0.071745935129,0.00010640011169,7,200,ok,
final,direct,ifft,complex128,4095,4,contiguous,,direct_ifft_complex128_4095_4_contiguous_,0.12993850777,0.129077581113,0.000206565884239,7,191,ok,
final,direct,ifft,complex128,4095,8,contiguous,,direct_ifft_complex128_4095_8_contiguous_,0.243165353359,0.241998950586,0.000781558828392,7,102,ok,
final,direct,ifft,complex128,4095,16,contiguous,,direct_ifft_complex128_4095_16_contiguous_,0.469511849279,0.468895225874,0.000616623405016,7,53,ok,
final,direct,ifft,complex128,4095,32,contiguous,,direct_ifft_complex128_4095_32_contiguous_,0.935678550741,0.934441696154,0.00117769814096,7,20,ok,
final,direct,ifft,complex128,4095,64,contiguous,,direct_ifft_complex128_4095_64_contiguous_,1.84975350405,1.84800299919,0.00099632759682,7,18,ok,
final,direct,ifft,complex128,4095,256,contiguous,,direct_ifft_complex128_4095_256_contiguous_,7.74052075576,7.69141374622,0.0460815208498,7,4,ok,
final,direct,ifft,complex128,4096,1,contiguous,,direct_ifft_complex128_4096_1_contiguous_,0.0304785620888,0.0303118569837,4.4391043397e-05,7,427,ok,
final,direct,ifft,complex128,4096,2,contiguous,,direct_ifft_complex128_4096_2_contiguous_,0.057846045238,0.057754474692,7.62898707762e-05,7,200,ok,
final,direct,ifft,complex128,4096,4,contiguous,,direct_ifft_complex128_4096_4_contiguous_,0.0970275851432,0.0967351347208,0.000132950372063,7,200,ok,
final,direct,ifft,complex128,4096,8,contiguous,,direct_ifft_complex128_4096_8_contiguous_,0.176981144488,0.173019999959,0.000544951361572,7,145,ok,
final,direct,ifft,complex128,4096,16,contiguous,,direct_ifft_complex128_4096_16_contiguous_,0.333306039809,0.331336405833,0.000548202896843,7,74,ok,
final,direct,ifft,complex128,4096,32,contiguous,,direct_ifft_complex128_4096_32_contiguous_,0.650181301171,0.644973054295,0.00176930334419,7,20,ok,
final,direct,ifft,complex128,4096,64,contiguous,,direct_ifft_complex128_4096_64_contiguous_,1.28246659879,1.27627949696,0.000722397817299,7,20,ok,
final,direct,ifft,complex128,4096,256,contiguous,,direct_ifft_complex128_4096_256_contiguous_,5.30335499207,5.24427600127,0.0497914928322,7,6,ok,
final,direct,ifft,complex128,4097,1,contiguous,,direct_ifft_complex128_4097_1_contiguous_,0.114282104769,0.114222195116,5.99096529186e-05,5,200,ok,
final,direct,ifft,complex128,4097,2,contiguous,,direct_ifft_complex128_4097_2_contiguous_,0.18870976861,0.187807377034,0.000120454933494,5,130,ok,
final,direct,ifft,complex128,4097,4,contiguous,,direct_ifft_complex128_4097_4_contiguous_,0.359181133236,0.358177501338,0.000634278609034,5,68,ok,
final,direct,ifft,complex128,4097,8,contiguous,,direct_ifft_complex128_4097_8_contiguous_,0.70086674033,0.699778686145,0.00106057019106,5,35,ok,
final,direct,ifft,complex128,4097,16,contiguous,,direct_ifft_complex128_4097_16_contiguous_,1.38057835284,1.37814479531,0.000757398083806,5,20,ok,
final,direct,ifft,complex128,4097,32,contiguous,,direct_ifft_complex128_4097_32_contiguous_,2.76347683393,2.75546691652,0.0080099174132,5,12,ok,
final,direct,ifft,complex128,4097,64,contiguous,,direct_ifft_complex128_4097_64_contiguous_,5.55833916102,5.53951899443,0.0115348181377,5,6,ok,
final,direct,ifft,complex128,4097,256,contiguous,,direct_ifft_complex128_4097_256_contiguous_,22.2833770094,22.2378320759,0.0430799555033,5,1,ok,
final,direct,ifft,complex128,4608,1,contiguous,,direct_ifft_complex128_4608_1_contiguous_,0.0346447399352,0.0344648055034,0.000108705135062,5,200,ok,
final,direct,ifft,complex128,4608,2,contiguous,,direct_ifft_complex128_4608_2_contiguous_,0.0694076996297,0.0692283699755,6.59195939079e-05,5,200,ok,
final,direct,ifft,complex128,4608,4,contiguous,,direct_ifft_complex128_4608_4_contiguous_,0.118064055285,0.117705039792,7.50603875024e-05,5,199,ok,
final,direct,ifft,complex128,4608,8,contiguous,,direct_ifft_complex128_4608_8_contiguous_,0.212757798165,0.21067643824,0.000893605031531,5,114,ok,
final,direct,ifft,complex128,4608,16,contiguous,,direct_ifft_complex128_4608_16_contiguous_,0.404886854813,0.404540199088,0.00034665572457,5,20,ok,
final,direct,ifft,complex128,4608,32,contiguous,,direct_ifft_complex128_4608_32_contiguous_,0.799294101307,0.792221346637,0.0023478991352,5,20,ok,
final,direct,ifft,complex128,4608,64,contiguous,,direct_ifft_complex128_4608_64_contiguous_,1.55752724968,1.55540280393,0.000795949017629,5,20,ok,
final,direct,ifft,complex128,4608,256,contiguous,,direct_ifft_complex128_4608_256_contiguous_,6.59509880934,6.47602579556,0.0221995869651,5,5,ok,
final,direct,ifft,complex128,8192,1,contiguous,,direct_ifft_complex128_8192_1_contiguous_,0.0629889295669,0.0623980251839,0.000361725687981,5,200,ok,
final,direct,ifft,complex128,8192,2,contiguous,,direct_ifft_complex128_8192_2_contiguous_,0.122597625013,0.121956929797,0.000253129983321,5,200,ok,
final,direct,ifft,complex128,8192,4,contiguous,,direct_ifft_complex128_8192_4_contiguous_,0.214379034928,0.213773163429,0.00048133620896,5,116,ok,
final,direct,ifft,complex128,8192,8,contiguous,,direct_ifft_complex128_8192_8_contiguous_,0.397061613659,0.395745114093,0.000691773640292,5,62,ok,
final,direct,ifft,complex128,8192,16,contiguous,,direct_ifft_complex128_8192_16_contiguous_,0.767534150509,0.766162050422,0.00137210008688,5,20,ok,
final,direct,ifft,complex128,8192,32,contiguous,,direct_ifft_complex128_8192_32_contiguous_,1.51323734899,1.50224675308,0.0109905959107,5,20,ok,
final,direct,ifft,complex128,8192,64,contiguous,,direct_ifft_complex128_8192_64_contiguous_,3.14903219696,3.00635100575,0.0887483125553,5,10,ok,
final,direct,ifft,complex128,8192,256,contiguous,,direct_ifft_complex128_8192_256_contiguous_,14.3693894497,14.2890790012,0.0643555540591,5,2,ok,
final,direct,ifft,complex128,16384,1,contiguous,,direct_ifft_complex128_16384_1_contiguous_,0.188059392027,0.187557922282,0.000359669614297,5,130,ok,
final,direct,ifft,complex128,16384,2,contiguous,,direct_ifft_complex128_16384_2_contiguous_,0.369489686425,0.368884806313,0.000279177842078,5,67,ok,
final,direct,ifft,complex128,16384,4,contiguous,,direct_ifft_complex128_16384_4_contiguous_,0.724639620303,0.723699323477,0.000940296826336,5,34,ok,
final,direct,ifft,complex128,16384,8,contiguous,,direct_ifft_complex128_16384_8_contiguous_,1.44511274993,1.44232804887,0.00173820299096,5,20,ok,
final,direct,ifft,complex128,16384,16,contiguous,,direct_ifft_complex128_16384_16_contiguous_,2.87020599353,2.85790375589,0.00340557501962,5,12,ok,
final,direct,ifft,complex128,16384,32,contiguous,,direct_ifft_complex128_16384_32_contiguous_,5.72017401767,5.70081950476,0.019354512915,5,6,ok,
final,direct,ifft,complex128,16384,64,contiguous,,direct_ifft_complex128_16384_64_contiguous_,11.783194961,11.6612014826,0.121993478388,5,2,ok,
final,direct,ifft,complex128,16384,256,contiguous,,direct_ifft_complex128_16384_256_contiguous_,50.6683029234,50.2467040205,0.0850689830258,5,1,ok,
final,direct,ifft,complex128,32768,1,contiguous,,direct_ifft_complex128_32768_1_contiguous_,0.428750655405,0.426395533301,0.000780430253081,5,58,ok,
final,direct,ifft,complex128,32768,2,contiguous,,direct_ifft_complex128_32768_2_contiguous_,0.850653641724,0.847391143907,0.0028778532786,5,28,ok,
final,direct,ifft,complex128,32768,4,contiguous,,direct_ifft_complex128_32768_4_contiguous_,1.68287155102,1.67824989767,0.00156195019372,5,20,ok,
final,direct,ifft,complex128,32768,8,contiguous,,direct_ifft_complex128_32768_8_contiguous_,3.32092620665,3.30406860448,0.0168576021679,5,10,ok,
final,direct,ifft,complex128,32768,16,contiguous,,direct_ifft_complex128_32768_16_contiguous_,6.70354377944,6.65316758677,0.0228210119531,5,5,ok,
final,direct,ifft,complex128,32768,32,contiguous,,direct_ifft_complex128_32768_32_contiguous_,13.9442979707,13.8841299922,0.00840547727421,5,2,ok,
final,direct,ifft,complex128,32768,64,contiguous,,direct_ifft_complex128_32768_64_contiguous_,29.6564279124,29.4257749338,0.188142876141,5,1,ok,
final,direct,ifft,complex128,32768,256,contiguous,,direct_ifft_complex128_32768_256_contiguous_,117.694074055,115.882369922,0.191788887605,5,1,ok,
final,direct,ifft,complex128,65536,1,contiguous,,direct_ifft_complex128_65536_1_contiguous_,0.901272925721,0.899302221283,0.000691295739401,5,27,ok,
final,direct,ifft,complex128,65536,2,contiguous,,direct_ifft_complex128_65536_2_contiguous_,1.8782529967,1.86525089278,0.0123476105121,5,18,ok,
final,direct,ifft,complex128,65536,4,contiguous,,direct_ifft_complex128_65536_4_contiguous_,3.77691211179,3.74941054421,0.00942666600976,5,9,ok,
final,direct,ifft,complex128,65536,8,contiguous,,direct_ifft_complex128_65536_8_contiguous_,7.44137025322,7.42692075437,0.014449498849,5,4,ok,
final,direct,ifft,complex128,65536,16,contiguous,,direct_ifft_complex128_65536_16_contiguous_,15.402779507,15.3764854767,0.0262940302491,5,2,ok,
final,direct,ifft,complex128,65536,32,contiguous,,direct_ifft_complex128_65536_32_contiguous_,32.7524070162,32.5014860136,0.0858409330249,5,1,ok,
final,direct,ifft,complex128,65536,64,contiguous,,direct_ifft_complex128_65536_64_contiguous_,65.2347370051,64.7300209384,0.096881063655,5,1,ok,
final,direct,ifft,complex128,65536,256,contiguous,,direct_ifft_complex128_65536_256_contiguous_,261.440193979,257.922274992,1.98527891189,5,1,ok,
final,direct,rfft,float32,64,1,contiguous,,direct_rfft_float32_64_1_contiguous_,0.00486022081673,0.00481771311179,3.76681994398e-05,7,1091,ok,
final,direct,rfft,float32,64,2,contiguous,,direct_rfft_float32_64_2_contiguous_,0.00525843577825,0.00523574265559,1.02001195749e-05,7,1939,ok,
final,direct,rfft,float32,64,4,contiguous,,direct_rfft_float32_64_4_contiguous_,0.00561593397288,0.00556807452813,1.16215087473e-05,7,2000,ok,
final,direct,rfft,float32,64,8,contiguous,,direct_rfft_float32_64_8_contiguous_,0.00607888452426,0.00605084632277,1.24875945693e-05,7,1887,ok,
final,direct,rfft,float32,64,16,contiguous,,direct_rfft_float32_64_16_contiguous_,0.00687979462319,0.00684716386411,2.60555054897e-05,7,1763,ok,
final,direct,rfft,float32,64,32,contiguous,,direct_rfft_float32_64_32_contiguous_,0.00838669010468,0.00836637358391,1.89475785612e-05,7,1507,ok,
final,direct,rfft,float32,64,64,contiguous,,direct_rfft_float32_64_64_contiguous_,0.0111303104114,0.0110796032373,2.03993435537e-05,7,1192,ok,
final,direct,rfft,float32,64,256,contiguous,,direct_rfft_float32_64_256_contiguous_,0.0289163104026,0.0287795055192,5.53554855287e-05,7,200,ok,
final,direct,rfft,float32,256,1,contiguous,,direct_rfft_float32_256_1_contiguous_,0.00571218408375,0.00566297644753,2.48849318873e-05,7,1912,ok,
final,direct,rfft,float32,256,2,contiguous,,direct_rfft_float32_256_2_contiguous_,0.00626552793213,0.00623886345477,1.54235466944e-05,7,1648,ok,
final,direct,rfft,float32,256,4,contiguous,,direct_rfft_float32_256_4_contiguous_,0.00707264435172,0.00694657576965,6.38499878454e-05,7,1327,ok,
final,direct,rfft,float32,256,8,contiguous,,direct_rfft_float32_256_8_contiguous_,0.00833000136766,0.00823561382459,9.43875430651e-05,7,1432,ok,
final,direct,rfft,float32,256,16,contiguous,,direct_rfft_float32_256_16_contiguous_,0.010956041083,0.0107530980108,6.75099886374e-05,7,1143,ok,
final,direct,rfft,float32,256,32,contiguous,,direct_rfft_float32_256_32_contiguous_,0.0165230949642,0.0163313397206,0.000117015442811,7,200,ok,
final,direct,rfft,float32,256,64,contiguous,,direct_rfft_float32_256_64_contiguous_,0.0278490147321,0.0277004850795,8.02543945611e-05,7,200,ok,
final,direct,rfft,float32,256,256,contiguous,,direct_rfft_float32_256_256_contiguous_,0.093704360188,0.0935161550296,0.000179185299203,7,200,ok,
final,direct,rfft,float32,1024,1,contiguous,,direct_rfft_float32_1024_1_contiguous_,0.00904246539713,0.00899239388355,2.9866151625e-05,7,1315,ok,
final,direct,rfft,float32,1024,2,contiguous,,direct_rfft_float32_1024_2_contiguous_,0.00971445331215,0.0096404524107,7.40009014525e-05,7,1240,ok,
final,direct,rfft,float32,1024,4,contiguous,,direct_rfft_float32_1024_4_contiguous_,0.0127457111669,0.012696102953,4.18665950572e-05,7,990,ok,
final,direct,rfft,float32,1024,8,contiguous,,direct_rfft_float32_1024_8_contiguous_,0.0195873348275,0.0194496300537,0.000122979981825,7,200,ok,
final,direct,rfft,float32,1024,16,contiguous,,direct_rfft_float32_1024_16_contiguous_,0.0325361947762,0.0324428145541,9.3380222097e-05,7,200,ok,
final,direct,rfft,float32,1024,32,contiguous,,direct_rfft_float32_1024_32_contiguous_,0.058670489816,0.0581459101522,0.000101845362224,7,200,ok,
final,direct,rfft,float32,1024,64,contiguous,,direct_rfft_float32_1024_64_contiguous_,0.107653139858,0.107261855155,0.0001614051871,7,200,ok,
final,direct,rfft,float32,1024,256,contiguous,,direct_rfft_float32_1024_256_contiguous_,0.397619249998,0.395936600398,0.000729848397896,7,20,ok,
final,direct,rfft,float32,2048,1,contiguous,,direct_rfft_float32_2048_1_contiguous_,0.0128850190918,0.0127983636467,2.28784652725e-05,7,938,ok,
final,direct,rfft,float32,2048,2,contiguous,,direct_rfft_float32_2048_2_contiguous_,0.0157753357855,0.0157486678639,1.70903093885e-05,7,819,ok,
final,direct,rfft,float32,2048,4,contiguous,,direct_rfft_float32_2048_4_contiguous_,0.0238716148306,0.0235905847512,9.28202643991e-05,7,200,ok,
final,direct,rfft,float32,2048,8,contiguous,,direct_rfft_float32_2048_8_contiguous_,0.039900734555,0.0396182551049,0.000208389828913,7,200,ok,
final,direct,rfft,float32,2048,16,contiguous,,direct_rfft_float32_2048_16_contiguous_,0.0716011103941,0.071207875153,8.52608354762e-05,7,200,ok,
final,direct,rfft,float32,2048,32,contiguous,,direct_rfft_float32_2048_32_contiguous_,0.131550317747,0.130793045338,0.000242272190834,7,176,ok,
final,direct,rfft,float32,2048,64,contiguous,,direct_rfft_float32_2048_64_contiguous_,0.25173050235,0.249673152575,0.000340602127835,7,20,ok,
final,direct,rfft,float32,2048,256,contiguous,,direct_rfft_float32_2048_256_contiguous_,0.996508449316,0.969680701382,0.00600320054218,7,20,ok,
final,direct,rfft,float32,3072,1,contiguous,,direct_rfft_float32_3072_1_contiguous_,0.0165949858945,0.0165331872917,6.08959731398e-05,7,779,ok,
final,direct,rfft,float32,3072,2,contiguous,,direct_rfft_float32_3072_2_contiguous_,0.0204820150975,0.0201317603933,0.000155044835992,7,200,ok,
final,direct,rfft,float32,3072,4,contiguous,,direct_rfft_float32_3072_4_contiguous_,0.0323162303539,0.031964170048,0.00016079924535,7,200,ok,
final,direct,rfft,float32,3072,8,contiguous,,direct_rfft_float32_3072_8_contiguous_,0.0556025945116,0.0550918403314,0.000487514771521,7,200,ok,
final,direct,rfft,float32,3072,16,contiguous,,direct_rfft_float32_3072_16_contiguous_,0.100714740111,0.0999091303675,0.000162755022757,7,200,ok,
final,direct,rfft,float32,3072,32,contiguous,,direct_rfft_float32_3072_32_contiguous_,0.189929251792,0.187046348583,0.00148830004036,7,20,ok,
final,direct,rfft,float32,3072,64,contiguous,,direct_rfft_float32_3072_64_contiguous_,0.363945699064,0.363058550283,0.000533001730219,7,20,ok,
final,direct,rfft,float32,3072,256,contiguous,,direct_rfft_float32_3072_256_contiguous_,1.43706615199,1.42345770146,0.002342852531,7,20,ok,
final,direct,rfft,float32,3584,1,contiguous,,direct_rfft_float32_3584_1_contiguous_,0.0209172097285,0.0208187007868,7.18405576256e-05,7,615,ok,
final,direct,rfft,float32,3584,2,contiguous,,direct_rfft_float32_3584_2_contiguous_,0.0305458146613,0.0303523498587,8.0750323832e-05,7,200,ok,
final,direct,rfft,float32,3584,4,contiguous,,direct_rfft_float32_3584_4_contiguous_,0.0510797247989,0.0509303453146,8.34552338347e-05,7,200,ok,
final,direct,rfft,float32,3584,8,contiguous,,direct_rfft_float32_3584_8_contiguous_,0.092980050249,0.0922345597064,0.000301270047203,7,200,ok,
final,direct,rfft,float32,3584,16,contiguous,,direct_rfft_float32_3584_16_contiguous_,0.172423307751,0.171429593216,0.000760422387559,7,140,ok,
final,direct,rfft,float32,3584,32,contiguous,,direct_rfft_float32_3584_32_contiguous_,0.332963146502,0.329229148338,0.00154690351337,7,20,ok,
final,direct,rfft,float32,3584,64,contiguous,,direct_rfft_float32_3584_64_contiguous_,0.65069575212,0.648024247494,0.00150579726323,7,20,ok,
final,direct,rfft,float32,3584,256,contiguous,,direct_rfft_float32_3584_256_contiguous_,2.63014717105,2.59462816757,0.0137082533911,7,12,ok,
final,direct,rfft,float32,4095,1,contiguous,,direct_rfft_float32_4095_1_contiguous_,0.0310655773824,0.0309534131882,0.000112164194205,7,414,ok,
final,direct,rfft,float32,4095,2,contiguous,,direct_rfft_float32_4095_2_contiguous_,0.0355225848034,0.0354643247556,5.82600478083e-05,7,200,ok,
final,direct,rfft,float32,4095,4,contiguous,,direct_rfft_float32_4095_4_contiguous_,0.0620893953601,0.0614371197298,0.000551984412596,7,200,ok,
final,direct,rfft,float32,4095,8,contiguous,,direct_rfft_float32_4095_8_contiguous_,0.11336483527,0.112994039664,8.27049370855e-05,7,200,ok,
final,direct,rfft,float32,4095,16,contiguous,,direct_rfft_float32_4095_16_contiguous_,0.215879305862,0.215523224953,0.000356080908295,7,111,ok,
final,direct,rfft,float32,4095,32,contiguous,,direct_rfft_float32_4095_32_contiguous_,0.417497497983,0.415936100762,0.00149179832079,7,20,ok,
final,direct,rfft,float32,4095,64,contiguous,,direct_rfft_float32_4095_64_contiguous_,0.826543651056,0.824477750575,0.0013004464563,7,20,ok,
final,direct,rfft,float32,4095,256,contiguous,,direct_rfft_float32_4095_256_contiguous_,3.49628755875,3.46431432344,0.0237789936364,7,9,ok,
final,direct,rfft,float32,4096,1,contiguous,,direct_rfft_float32_4096_1_contiguous_,0.0210957740127,0.0209806760018,0.00011509801091,7,602,ok,
final,direct,rfft,float32,4096,2,contiguous,,direct_rfft_float32_4096_2_contiguous_,0.0261542398948,0.0259780097986,0.000128994579427,7,200,ok,
final,direct,rfft,float32,4096,4,contiguous,,direct_rfft_float32_4096_4_contiguous_,0.0429821549915,0.0425154849654,0.000466670026071,7,200,ok,
final,direct,rfft,float32,4096,8,contiguous,,direct_rfft_float32_4096_8_contiguous_,0.0759778055362,0.0751883798512,0.00078942568507,7,200,ok,
final,direct,rfft,float32,4096,16,contiguous,,direct_rfft_float32_4096_16_contiguous_,0.140231114014,0.138100319808,0.00193705649248,7,175,ok,
final,direct,rfft,float32,4096,32,contiguous,,direct_rfft_float32_4096_32_contiguous_,0.265620998107,0.261360546574,0.00215254840441,7,20,ok,
final,direct,rfft,float32,4096,64,contiguous,,direct_rfft_float32_4096_64_contiguous_,0.532550452044,0.529311399441,0.00323905260302,7,20,ok,
final,direct,rfft,float32,4096,256,contiguous,,direct_rfft_float32_4096_256_contiguous_,2.10067199854,2.08337086563,0.0169790660342,7,15,ok,
final,direct,rfft,float32,4097,1,contiguous,,direct_rfft_float32_4097_1_contiguous_,0.115323254722,0.114995989716,0.000234685721807,5,200,ok,
final,direct,rfft,float32,4097,2,contiguous,,direct_rfft_float32_4097_2_contiguous_,0.181267575676,0.17695748934,0.00197658224849,5,139,ok,
final,direct,rfft,float32,4097,4,contiguous,,direct_rfft_float32_4097_4_contiguous_,0.339865218848,0.337026451957,0.00149871171643,5,73,ok,
final,direct,rfft,float32,4097,8,contiguous,,direct_rfft_float32_4097_8_contiguous_,0.663936839791,0.66225013595,0.001338461565,5,37,ok,
final,direct,rfft,float32,4097,16,contiguous,,direct_rfft_float32_4097_16_contiguous_,1.30099579692,1.28951179795,0.00213050516322,5,20,ok,
final,direct,rfft,float32,4097,32,contiguous,,direct_rfft_float32_4097_32_contiguous_,2.6344182328,2.61857622984,0.0158420029598,5,13,ok,
final,direct,rfft,float32,4097,64,contiguous,,direct_rfft_float32_4097_64_contiguous_,5.2667815083,5.15447450258,0.0341304888328,5,6,ok,
final,direct,rfft,float32,4097,256,contiguous,,direct_rfft_float32_4097_256_contiguous_,21.1250269786,21.0757360328,0.0492909457535,5,1,ok,
final,direct,rfft,float32,4608,1,contiguous,,direct_rfft_float32_4608_1_contiguous_,0.024941014708,0.0248535501305,4.8239598982e-05,5,200,ok,
final,direct,rfft,float32,4608,2,contiguous,,direct_rfft_float32_4608_2_contiguous_,0.0293262797641,0.0289749196963,8.0750323832e-05,5,200,ok,
final,direct,rfft,float32,4608,4,contiguous,,direct_rfft_float32_4608_4_contiguous_,0.0482322403695,0.0476977397921,0.000465775374323,5,200,ok,
final,direct,rfft,float32,4608,8,contiguous,,direct_rfft_float32_4608_8_contiguous_,0.0850819103653,0.0844987650635,0.000583145301789,5,200,ok,
final,direct,rfft,float32,4608,16,contiguous,,direct_rfft_float32_4608_16_contiguous_,0.159120548051,0.156804197468,0.000723352422938,5,20,ok,
final,direct,rfft,float32,4608,32,contiguous,,direct_rfft_float32_4608_32_contiguous_,0.301557302009,0.300441251602,0.000958348391578,5,20,ok,
final,direct,rfft,float32,4608,64,contiguous,,direct_rfft_float32_4608_64_contiguous_,0.600366498111,0.592793797841,0.00273759942502,5,20,ok,
final,direct,rfft,float32,4608,256,contiguous,,direct_rfft_float32_4608_256_contiguous_,2.45860100258,2.40801239852,0.0390992034227,5,5,ok,
final,direct,rfft,float32,8192,1,contiguous,,direct_rfft_float32_8192_1_contiguous_,0.03991606005,0.0391596951522,0.000756364897825,5,200,ok,
final,direct,rfft,float32,8192,2,contiguous,,direct_rfft_float32_8192_2_contiguous_,0.0478116050363,0.0473891600268,8.06950265542e-05,5,200,ok,
final,direct,rfft,float32,8192,4,contiguous,,direct_rfft_float32_8192_4_contiguous_,0.0875137647381,0.0819282553857,0.00359723519068,5,200,ok,
final,direct,rfft,float32,8192,8,contiguous,,direct_rfft_float32_8192_8_contiguous_,0.156830473899,0.1486225385,0.00538463399817,5,156,ok,
final,direct,rfft,float32,8192,16,contiguous,,direct_rfft_float32_8192_16_contiguous_,0.292105600238,0.290659401799,0.00101589830592,5,20,ok,
final,direct,rfft,float32,8192,32,contiguous,,direct_rfft_float32_8192_32_contiguous_,0.580867496319,0.575477897655,0.0053895986639,5,20,ok,
final,direct,rfft,float32,8192,64,contiguous,,direct_rfft_float32_8192_64_contiguous_,1.09396754997,1.08704555314,0.00636595068499,5,20,ok,
final,direct,rfft,float32,8192,256,contiguous,,direct_rfft_float32_8192_256_contiguous_,5.45916501433,5.40002840571,0.0448921928182,5,5,ok,
final,direct,rfft,float32,16384,1,contiguous,,direct_rfft_float32_16384_1_contiguous_,0.0819518999197,0.081922794925,2.910499461e-05,5,200,ok,
final,direct,rfft,float32,16384,2,contiguous,,direct_rfft_float32_16384_2_contiguous_,0.125485400144,0.125242584648,0.000242815496257,5,195,ok,
final,direct,rfft,float32,16384,4,contiguous,,direct_rfft_float32_16384_4_contiguous_,0.231675288747,0.230531404108,0.000331298976492,5,104,ok,
final,direct,rfft,float32,16384,8,contiguous,,direct_rfft_float32_16384_8_contiguous_,0.446765800007,0.44423454674,0.00140609918162,5,20,ok,
final,direct,rfft,float32,16384,16,contiguous,,direct_rfft_float32_16384_16_contiguous_,0.867398199625,0.861392397201,0.00486214994453,5,20,ok,
final,direct,rfft,float32,16384,32,contiguous,,direct_rfft_float32_16384_32_contiguous_,1.71099631361,1.69820026004,0.0127960535649,5,19,ok,
final,direct,rfft,float32,16384,64,contiguous,,direct_rfft_float32_16384_64_contiguous_,3.49569755296,3.47858323302,0.0171143199421,5,9,ok,
final,direct,rfft,float32,16384,256,contiguous,,direct_rfft_float32_16384_256_contiguous_,21.0930580506,20.8682969678,0.165189034306,5,1,ok,
final,direct,rfft,float32,32768,1,contiguous,,direct_rfft_float32_32768_1_contiguous_,0.223096276836,0.222454782308,0.000641494528344,5,101,ok,
final,direct,rfft,float32,32768,2,contiguous,,direct_rfft_float32_32768_2_contiguous_,0.263364658829,0.261880851626,0.00148380720268,5,88,ok,
final,direct,rfft,float32,32768,4,contiguous,,direct_rfft_float32_32768_4_contiguous_,0.521890004165,0.516431295546,0.00119625474326,5,20,ok,
final,direct,rfft,float32,32768,8,contiguous,,direct_rfft_float32_32768_8_contiguous_,1.03538479889,1.03246379877,0.00201524817385,5,20,ok,
final,direct,rfft,float32,32768,16,contiguous,,direct_rfft_float32_32768_16_contiguous_,2.01977812685,1.99101112958,0.00140130578075,5,16,ok,
final,direct,rfft,float32,32768,32,contiguous,,direct_rfft_float32_32768_32_contiguous_,4.13038628176,4.07443855823,0.0443959974551,5,7,ok,
final,direct,rfft,float32,32768,64,contiguous,,direct_rfft_float32_32768_64_contiguous_,9.27681898853,9.24879999366,0.0280189948777,5,3,ok,
final,direct,rfft,float32,32768,256,contiguous,,direct_rfft_float32_32768_256_contiguous_,46.7965709977,46.6125459643,0.184025033377,5,1,ok,
final,direct,rfft,float32,65536,1,contiguous,,direct_rfft_float32_65536_1_contiguous_,0.497355809475,0.496387828458,0.000967981016382,5,47,ok,
final,direct,rfft,float32,65536,2,contiguous,,direct_rfft_float32_65536_2_contiguous_,0.546070298878,0.542801147094,0.00173674779944,5,20,ok,
final,direct,rfft,float32,65536,4,contiguous,,direct_rfft_float32_65536_4_contiguous_,1.07813334907,1.07586509548,0.00167915131897,5,20,ok,
final,direct,rfft,float32,65536,8,contiguous,,direct_rfft_float32_65536_8_contiguous_,2.14681900106,2.1422752024,0.00454379866521,5,15,ok,
final,direct,rfft,float32,65536,16,contiguous,,direct_rfft_float32_65536_16_contiguous_,4.4556255785,4.41956656453,0.0202508610008,5,7,ok,
final,direct,rfft,float32,65536,32,contiguous,,direct_rfft_float32_65536_32_contiguous_,10.2942310041,10.2123080287,0.0630584545434,5,2,ok,
final,direct,rfft,float32,65536,64,contiguous,,direct_rfft_float32_65536_64_contiguous_,25.5283650476,24.8894890537,0.495256972499,5,1,ok,
final,direct,rfft,float32,65536,256,contiguous,,direct_rfft_float32_65536_256_contiguous_,95.7310670055,95.0003779726,0.331250019372,5,1,ok,
final,direct,rfft,float64,64,1,contiguous,,direct_rfft_float64_64_1_contiguous_,0.00414632452007,0.00413326649307,1.11993490692e-05,7,1790,ok,
final,direct,rfft,float64,64,2,contiguous,,direct_rfft_float64_64_2_contiguous_,0.00437521670541,0.00436701356211,5.59114007367e-06,7,1998,ok,
final,direct,rfft,float64,64,4,contiguous,,direct_rfft_float64_64_4_contiguous_,0.00460760499118,0.00458762299968,7.07851722836e-06,7,2000,ok,
final,direct,rfft,float64,64,8,contiguous,,direct_rfft_float64_64_8_contiguous_,0.00489016954089,0.00487718050135,8.85647023097e-06,7,2000,ok,
final,direct,rfft,float64,64,16,contiguous,,direct_rfft_float64_64_16_contiguous_,0.0056215240038,0.00561774201924,3.78198456019e-06,7,2000,ok,
final,direct,rfft,float64,64,32,contiguous,,direct_rfft_float64_64_32_contiguous_,0.00680321742144,0.00676873142683,1.13485696579e-05,7,1936,ok,
final,direct,rfft,float64,64,64,contiguous,,direct_rfft_float64_64_64_contiguous_,0.00898576049199,0.00896502822364,1.48869030589e-05,7,1486,ok,
final,direct,rfft,float64,64,256,contiguous,,direct_rfft_float64_64_256_contiguous_,0.0228334701387,0.0226525304606,0.000105994404294,7,200,ok,
final,direct,rfft,float64,256,1,contiguous,,direct_rfft_float64_256_1_contiguous_,0.00502575351857,0.00498156045796,8.58603743836e-06,7,2000,ok,
final,direct,rfft,float64,256,2,contiguous,,direct_rfft_float64_256_2_contiguous_,0.00519006152172,0.00518417498097,4.99002635479e-06,7,2000,ok,
final,direct,rfft,float64,256,4,contiguous,,direct_rfft_float64_256_4_contiguous_,0.0057848150027,0.00575013499474,9.3174749054e-06,7,2000,ok,
final,direct,rfft,float64,256,8,contiguous,,direct_rfft_float64_256_8_contiguous_,0.00693066805665,0.00689016833787,1.89523321695e-05,7,1699,ok,
final,direct,rfft,float64,256,16,contiguous,,direct_rfft_float64_256_16_contiguous_,0.0089536254808,0.00893420965314,1.87524208992e-05,7,1450,ok,
final,direct,rfft,float64,256,32,contiguous,,direct_rfft_float64_256_32_contiguous_,0.0133730500238,0.0132704048883,2.16352054849e-05,7,200,ok,
final,direct,rfft,float64,256,64,contiguous,,direct_rfft_float64_256_64_contiguous_,0.0224999402417,0.0222861400107,0.000154540175572,7,200,ok,
final,direct,rfft,float64,256,256,contiguous,,direct_rfft_float64_256_256_contiguous_,0.0761947652791,0.0760250445455,0.000169720733538,7,200,ok,
final,direct,rfft,float64,1024,1,contiguous,,direct_rfft_float64_1024_1_contiguous_,0.0077725833975,0.00770256312185,3.53511989341e-05,7,1529,ok,
final,direct,rfft,float64,1024,2,contiguous,,direct_rfft_float64_1024_2_contiguous_,0.0083565117982,0.00833827492554,1.81837829949e-05,7,1524,ok,
final,direct,rfft,float64,1024,4,contiguous,,direct_rfft_float64_1024_4_contiguous_,0.0108308056208,0.0107454316678,1.99629262372e-05,7,1214,ok,
final,direct,rfft,float64,1024,8,contiguous,,direct_rfft_float64_1024_8_contiguous_,0.016307894839,0.0160828750813,0.000131294946186,7,200,ok,
final,direct,rfft,float64,1024,16,contiguous,,direct_rfft_float64_1024_16_contiguous_,0.0271651300136,0.0270010746317,0.00010434538126,7,200,ok,
final,direct,rfft,float64,1024,32,contiguous,,direct_rfft_float64_1024_32_contiguous_,0.04841488495,0.0481680198573,0.00010154035408,7,200,ok,
final,direct,rfft,float64,1024,64,contiguous,,direct_rfft_float64_1024_64_contiguous_,0.0902523449622,0.0900103949243,8.92701791599e-05,7,200,ok,
final,direct,rfft,float64,1024,256,contiguous,,direct_rfft_float64_1024_256_contiguous_,0.334722950356,0.331672246102,0.000697805080563,7,20,ok,
final,direct,rfft,float64,2048,1,contiguous,,direct_rfft_float64_2048_1_contiguous_,0.0114353247539,0.0114070658665,2.08344017407e-05,7,1093,ok,
final,direct,rfft,float64,2048,2,contiguous,,direct_rfft_float64_2048_2_contiguous_,0.0133721366101,0.0133292623869,1.9327160858e-05,7,945,ok,
final,direct,rfft,float64,2048,4,contiguous,,direct_rfft_float64_2048_4_contiguous_,0.0204135349486,0.0202945596538,5.24497590959e-05,7,200,ok,
final,direct,rfft,float64,2048,8,contiguous,,direct_rfft_float64_2048_8_contiguous_,0.0341959501384,0.0340691098245,6.21646177024e-05,7,200,ok,
final,direct,rfft,float64,2048,16,contiguous,,direct_rfft_float64_2048_16_contiguous_,0.0611161196139,0.0607203796972,0.000219504581764,7,200,ok,
final,direct,rfft,float64,2048,32,contiguous,,direct_rfft_float64_2048_32_contiguous_,0.114293469815,0.113957745489,0.000193565501831,7,200,ok,
final,direct,rfft,float64,2048,64,contiguous,,direct_rfft_float64_2048_64_contiguous_,0.219891854795,0.218392553506,0.000714842462912,7,20,ok,
final,direct,rfft,float64,2048,256,contiguous,,direct_rfft_float64_2048_256_contiguous_,0.839487346821,0.834894250147,0.00235390034504,7,20,ok,
final,direct,rfft,float64,3072,1,contiguous,,direct_rfft_float64_3072_1_contiguous_,0.0150028689854,0.0148973717107,3.02835057179e-05,7,885,ok,
final,direct,rfft,float64,3072,2,contiguous,,direct_rfft_float64_3072_2_contiguous_,0.017330510309,0.0172725500306,3.42150451615e-05,7,200,ok,
final,direct,rfft,float64,3072,4,contiguous,,direct_rfft_float64_3072_4_contiguous_,0.0275349197909,0.0273569399724,7.96443782747e-05,7,200,ok,
final,direct,rfft,float64,3072,8,contiguous,,direct_rfft_float64_3072_8_contiguous_,0.0473360100295,0.0470900000073,0.000126285012811,7,200,ok,
final,direct,rfft,float64,3072,16,contiguous,,direct_rfft_float64_3072_16_contiguous_,0.0863467296585,0.0861845747568,0.000162154901773,7,200,ok,
final,direct,rfft,float64,3072,32,contiguous,,direct_rfft_float64_3072_32_contiguous_,0.163438648451,0.163196155336,6.91448803991e-05,7,20,ok,
final,direct,rfft,float64,3072,64,contiguous,,direct_rfft_float64_3072_64_contiguous_,0.316729751648,0.314667850034,0.00116870505735,7,20,ok,
final,direct,rfft,float64,3072,256,contiguous,,direct_rfft_float64_3072_256_contiguous_,1.23675499926,1.2311819999,0.00246664858423,7,20,ok,
final,direct,rfft,float64,3584,1,contiguous,,direct_rfft_float64_3584_1_contiguous_,0.0182468815481,0.0181835614845,5.43712314262e-05,7,684,ok,
final,direct,rfft,float64,3584,2,contiguous,,direct_rfft_float64_3584_2_contiguous_,0.0267268100288,0.0266245153034,0.000102294725366,7,200,ok,
final,direct,rfft,float64,3584,4,contiguous,,direct_rfft_float64_3584_4_contiguous_,0.0451773148961,0.0448673346546,0.000309980241582,7,200,ok,
final,direct,rfft,float64,3584,8,contiguous,,direct_rfft_float64_3584_8_contiguous_,0.0822270649951,0.0820436701179,7.78998946771e-05,7,200,ok,
final,direct,rfft,float64,3584,16,contiguous,,direct_rfft_float64_3584_16_contiguous_,0.155636105796,0.155361304175,0.000226633877765,7,161,ok,
final,direct,rfft,float64,3584,32,contiguous,,direct_rfft_float64_3584_32_contiguous_,0.300590548432,0.299839599757,0.000177801121026,7,20,ok,
final,direct,rfft,float64,3584,64,contiguous,,direct_rfft_float64_3584_64_contiguous_,0.590169901261,0.589826802025,0.000343099236488,7,20,ok,
final,direct,rfft,float64,3584,256,contiguous,,direct_rfft_float64_3584_256_contiguous_,2.35881276715,2.32903846504,0.0233399198176,7,13,ok,
final,direct,rfft,float64,4095,1,contiguous,,direct_rfft_float64_4095_1_contiguous_,0.0293616008245,0.0291040021113,0.000117162083525,7,451,ok,
final,direct,rfft,float64,4095,2,contiguous,,direct_rfft_float64_4095_2_contiguous_,0.0325901398901,0.0323817500612,0.000172719592229,7,200,ok,
final,direct,rfft,float64,4095,4,contiguous,,direct_rfft_float64_4095_4_contiguous_,0.0563797052018,0.0561487703817,0.00011402007658,7,200,ok,
final,direct,rfft,float64,4095,8,contiguous,,direct_rfft_float64_4095_8_contiguous_,0.103045704891,0.102537705097,0.000222065136768,7,200,ok,
final,direct,rfft,float64,4095,16,contiguous,,direct_rfft_float64_4095_16_contiguous_,0.197070850587,0.19636740138,0.000680173475911,7,127,ok,
final,direct,rfft,float64,4095,32,contiguous,,direct_rfft_float64_4095_32_contiguous_,0.38307250361,0.380900950404,0.00111209810711,7,20,ok,
final,direct,rfft,float64,4095,64,contiguous,,direct_rfft_float64_4095_64_contiguous_,0.755240098806,0.753190199612,0.000865099718794,7,20,ok,
final,direct,rfft,float64,4095,256,contiguous,,direct_rfft_float64_4095_256_contiguous_,2.99372736746,2.96098236206,0.00214398923245,7,11,ok,
final,direct,rfft,float64,4096,1,contiguous,,direct_rfft_float64_4096_1_contiguous_,0.0189321768092,0.0186745467614,0.000103002996703,7,673,ok,
final,direct,rfft,float64,4096,2,contiguous,,direct_rfft_float64_4096_2_contiguous_,0.0227490148973,0.0224093697034,5.52501296625e-05,7,200,ok,
final,direct,rfft,float64,4096,4,contiguous,,direct_rfft_float64_4096_4_contiguous_,0.0366496946663,0.0363528402522,0.000209545250982,7,200,ok,
final,direct,rfft,float64,4096,8,contiguous,,direct_rfft_float64_4096_8_contiguous_,0.0648481649114,0.0643953151302,0.000222619855776,7,200,ok,
final,direct,rfft,float64,4096,16,contiguous,,direct_rfft_float64_4096_16_contiguous_,0.120547584957,0.119354854687,0.000256079947576,7,200,ok,
final,direct,rfft,float64,4096,32,contiguous,,direct_rfft_float64_4096_32_contiguous_,0.230935052969,0.229608098743,0.00121680204757,7,20,ok,
final,direct,rfft,float64,4096,64,contiguous,,direct_rfft_float64_4096_64_contiguous_,0.448409846285,0.445786502678,0.00185600365512,7,20,ok,
final,direct,rfft,float64,4096,256,contiguous,,direct_rfft_float64_4096_256_contiguous_,1.77030111937,1.76267799757,0.0041188836536,7,17,ok,
final,direct,rfft,float64,4097,1,contiguous,,direct_rfft_float64_4097_1_contiguous_,0.113227029797,0.112350984709,0.000584894441999,5,200,ok,
final,direct,rfft,float64,4097,2,contiguous,,direct_rfft_float64_4097_2_contiguous_,0.174699252812,0.173846958205,0.000145337150865,5,142,ok,
final,direct,rfft,float64,4097,4,contiguous,,direct_rfft_float64_4097_4_contiguous_,0.333243861006,0.331843846764,0.000802106940402,5,65,ok,
final,direct,rfft,float64,4097,8,contiguous,,direct_rfft_float64_4097_8_contiguous_,0.656567397527,0.651642658723,0.000977628300653,5,38,ok,
final,direct,rfft,float64,4097,16,contiguous,,direct_rfft_float64_4097_16_contiguous_,1.29513635184,1.28921424621,0.00241000088863,5,20,ok,
final,direct,rfft,float64,4097,32,contiguous,,direct_rfft_float64_4097_32_contiguous_,2.57864838932,2.57091000318,0.0030340698476,5,13,ok,
final,direct,rfft,float64,4097,64,contiguous,,direct_rfft_float64_4097_64_contiguous_,5.15836834287,5.11381167841,0.00698967293526,5,6,ok,
final,direct,rfft,float64,4097,256,contiguous,,direct_rfft_float64_4097_256_contiguous_,20.9000959294,20.7835680339,0.0463458709419,5,1,ok,
final,direct,rfft,float64,4608,1,contiguous,,direct_rfft_float64_4608_1_contiguous_,0.0231572700432,0.022722260328,3.89700289816e-05,5,200,ok,
final,direct,rfft,float64,4608,2,contiguous,,direct_rfft_float64_4608_2_contiguous_,0.0261444202624,0.0259350246051,0.000175030436367,5,200,ok,
final,direct,rfft,float64,4608,4,contiguous,,direct_rfft_float64_4608_4_contiguous_,0.0426183250966,0.0421379244654,0.000269255251624,5,200,ok,
final,direct,rfft,float64,4608,8,contiguous,,direct_rfft_float64_4608_8_contiguous_,0.0747533148387,0.0746326847002,0.000120630138554,5,200,ok,
final,direct,rfft,float64,4608,16,contiguous,,direct_rfft_float64_4608_16_contiguous_,0.138616649201,0.138261500979,0.000355148222297,5,20,ok,
final,direct,rfft,float64,4608,32,contiguous,,direct_rfft_float64_4608_32_contiguous_,0.266491150251,0.265906046843,0.000585103407502,5,20,ok,
final,direct,rfft,float64,4608,64,contiguous,,direct_rfft_float64_4608_64_contiguous_,0.533122051274,0.527680851519,0.0054411997553,5,20,ok,
final,direct,rfft,float64,4608,256,contiguous,,direct_rfft_float64_4608_256_contiguous_,2.07201901358,2.06546681002,0.00368901528418,5,5,ok,
final,direct,rfft,float64,8192,1,contiguous,,direct_rfft_float64_8192_1_contiguous_,0.0363627547631,0.0359787902562,7.71449413151e-05,5,200,ok,
final,direct,rfft,float64,8192,2,contiguous,,direct_rfft_float64_8192_2_contiguous_,0.0436090800213,0.043404949829,0.000204130192287,5,200,ok,
final,direct,rfft,float64,8192,4,contiguous,,direct_rfft_float64_8192_4_contiguous_,0.0746318849269,0.0745580502553,7.38346716389e-05,5,200,ok,
final,direct,rfft,float64,8192,8,contiguous,,direct_rfft_float64_8192_8_contiguous_,0.134632554913,0.134127263804,0.00050529110972,5,182,ok,
final,direct,rfft,float64,8192,16,contiguous,,direct_rfft_float64_8192_16_contiguous_,0.255468499381,0.254384451546,0.000363151775673,5,20,ok,
final,direct,rfft,float64,8192,32,contiguous,,direct_rfft_float64_8192_32_contiguous_,0.491721503204,0.49088044907,0.000841054134071,5,20,ok,
final,direct,rfft,float64,8192,64,contiguous,,direct_rfft_float64_8192_64_contiguous_,0.977818499086,0.975650898181,0.00118924654089,5,20,ok,
final,direct,rfft,float64,8192,256,contiguous,,direct_rfft_float64_8192_256_contiguous_,4.1150335921,4.08947358374,0.00405758619308,5,5,ok,
final,direct,rfft,float64,16384,1,contiguous,,direct_rfft_float64_16384_1_contiguous_,0.0767958397046,0.0764535000781,0.00018865452148,5,200,ok,
final,direct,rfft,float64,16384,2,contiguous,,direct_rfft_float64_16384_2_contiguous_,0.116203654907,0.115629879874,0.000573775032535,5,200,ok,
final,direct,rfft,float64,16384,4,contiguous,,direct_rfft_float64_16384_4_contiguous_,0.216583854688,0.215962782121,0.000497845890508,5,110,ok,
final,direct,rfft,float64,16384,8,contiguous,,direct_rfft_float64_16384_8_contiguous_,0.411829404766,0.411531300051,0.000298104714602,5,20,ok,
final,direct,rfft,float64,16384,16,contiguous,,direct_rfft_float64_16384_16_contiguous_,0.804862554651,0.802180496976,0.00268205767497,5,20,ok,
final,direct,rfft,float64,16384,32,contiguous,,direct_rfft_float64_16384_32_contiguous_,1.58834905014,1.58467064612,0.0036784040276,5,20,ok,
final,direct,rfft,float64,16384,64,contiguous,,direct_rfft_float64_16384_64_contiguous_,3.16451620311,3.15241249045,0.0121037126519,5,10,ok,
final,direct,rfft,float64,16384,256,contiguous,,direct_rfft_float64_16384_256_contiguous_,15.2729870169,15.1656905073,0.0814680242911,5,2,ok,
final,direct,rfft,float64,32768,1,contiguous,,direct_rfft_float64_32768_1_contiguous_,0.211405080336,0.21117965142,0.000225428915915,5,112,ok,
final,direct,rfft,float64,32768,2,contiguous,,direct_rfft_float64_32768_2_contiguous_,0.24578293475,0.244002397453,0.00127948324887,5,93,ok,
final,direct,rfft,float64,32768,4,contiguous,,direct_rfft_float64_32768_4_contiguous_,0.480424851412,0.478872400708,0.000781950075179,5,20,ok,
final,direct,rfft,float64,32768,8,contiguous,,direct_rfft_float64_32768_8_contiguous_,0.938987749396,0.937419797992,0.00156795140356,5,20,ok,
final,direct,rfft,float64,32768,16,contiguous,,direct_rfft_float64_32768_16_contiguous_,1.8666869454,1.86597029268,0.000716652721167,5,17,ok,
final,direct,rfft,float64,32768,32,contiguous,,direct_rfft_float64_32768_32_contiguous_,3.7226977438,3.70605525677,0.00269875454251,5,8,ok,
final,direct,rfft,float64,32768,64,contiguous,,direct_rfft_float64_32768_64_contiguous_,7.90188024985,7.74750372511,0.154376524733,5,4,ok,
final,direct,rfft,float64,32768,256,contiguous,,direct_rfft_float64_32768_256_contiguous_,34.7635130165,34.7441970371,0.0193159794435,5,1,ok,
final,direct,rfft,float64,65536,1,contiguous,,direct_rfft_float64_65536_1_contiguous_,0.47608074965,0.475507366131,0.000307692411857,5,52,ok,
final,direct,rfft,float64,65536,2,contiguous,,direct_rfft_float64_65536_2_contiguous_,0.517520797439,0.510741153266,0.00281130196527,5,20,ok,
final,direct,rfft,float64,65536,4,contiguous,,direct_rfft_float64_65536_4_contiguous_,1.02039069752,1.01326340227,0.00255080522038,5,20,ok,
final,direct,rfft,float64,65536,8,contiguous,,direct_rfft_float64_65536_8_contiguous_,2.0042905269,2.00379900086,0.000491526032634,5,17,ok,
final,direct,rfft,float64,65536,16,contiguous,,direct_rfft_float64_65536_16_contiguous_,4.05071338173,4.01157625311,0.0335866207024,5,8,ok,
final,direct,rfft,float64,65536,32,contiguous,,direct_rfft_float64_65536_32_contiguous_,8.33424273878,8.31967548584,0.014567252947,5,4,ok,
final,direct,rfft,float64,65536,64,contiguous,,direct_rfft_float64_65536_64_contiguous_,19.2124160239,19.0038139699,0.113492016681,5,1,ok,
final,direct,rfft,float64,65536,256,contiguous,,direct_rfft_float64_65536_256_contiguous_,74.497274938,73.9611110184,0.122299068607,5,1,ok,
final,direct,irfft,complex64,64,1,contiguous,,direct_irfft_complex64_64_1_contiguous_,0.0046517011068,0.00462633570759,2.32198867305e-05,7,1382,ok,
final,direct,irfft,complex64,64,2,contiguous,,direct_irfft_complex64_64_2_contiguous_,0.00503848136311,0.00502803923667,4.59600429255e-06,7,1988,ok,
final,direct,irfft,complex64,64,4,contiguous,,direct_irfft_complex64_64_4_contiguous_,0.00516187294852,0.0051334555028,1.42470817082e-05,7,2000,ok,
final,direct,irfft,complex64,64,8,contiguous,,direct_irfft_complex64_64_8_contiguous_,0.00563174852869,0.0056038859766,4.79345908388e-06,7,2000,ok,
final,direct,irfft,complex64,64,16,contiguous,,direct_irfft_complex64_64_16_contiguous_,0.00619559268109,0.00612280992107,1.76314662257e-05,7,1878,ok,
final,direct,irfft,complex64,64,32,contiguous,,direct_irfft_complex64_64_32_contiguous_,0.00741149821362,0.00736337327019,1.6070255295e-05,7,1720,ok,
final,direct,irfft,complex64,64,64,contiguous,,direct_irfft_complex64_64_64_contiguous_,0.00963902881264,0.00959062256522,2.87836453323e-05,7,1354,ok,
final,direct,irfft,complex64,64,256,contiguous,,direct_irfft_complex64_64_256_contiguous_,0.0228557101218,0.0228166853776,3.05101275444e-05,7,200,ok,
final,direct,irfft,complex64,256,1,contiguous,,direct_irfft_complex64_256_1_contiguous_,0.00566572701791,0.00561271799961,4.22995071858e-05,7,2000,ok,
final,direct,irfft,complex64,256,2,contiguous,,direct_irfft_complex64_256_2_contiguous_,0.00604647059734,0.00603531635137,6.42184223372e-07,7,1685,ok,
final,direct,irfft,complex64,256,4,contiguous,,direct_irfft_complex64_256_4_contiguous_,0.00634479687615,0.00627442490298,2.49850551261e-05,7,1871,ok,
final,direct,irfft,complex64,256,8,contiguous,,direct_irfft_complex64_256_8_contiguous_,0.00750298592702,0.00747149035914,1.84979508262e-05,7,1705,ok,
final,direct,irfft,complex64,256,16,contiguous,,direct_irfft_complex64_256_16_contiguous_,0.00965790241025,0.0096238887636,1.10951077659e-05,7,800,ok,
final,direct,irfft,complex64,256,32,contiguous,,direct_irfft_complex64_256_32_contiguous_,0.0140779698268,0.0139944098191,4.4530024752e-05,7,200,ok,
final,direct,irfft,complex64,256,64,contiguous,,direct_irfft_complex64_256_64_contiguous_,0.022593770409,0.0225202355068,4.53856773674e-05,7,200,ok,
final,direct,irfft,complex64,256,256,contiguous,,direct_irfft_complex64_256_256_contiguous_,0.0770805747015,0.0768230902031,0.000118720345199,7,200,ok,
final,direct,irfft,complex64,1024,1,contiguous,,direct_irfft_complex64_1024_1_contiguous_,0.00933314701564,0.00924796837126,4.37235874084e-05,7,1299,ok,
final,direct,irfft,complex64,1024,2,contiguous,,direct_irfft_complex64_1024_2_contiguous_,0.0100497992282,0.0100425885395,7.21068869605e-06,7,1220,ok,
final,direct,irfft,complex64,1024,4,contiguous,,direct_irfft_complex64_1024_4_contiguous_,0.0109671587332,0.0109227584687,1.67553327713e-05,7,1209,ok,
final,direct,irfft,complex64,1024,8,contiguous,,direct_irfft_complex64_1024_8_contiguous_,0.0158653152175,0.0157109746942,7.56944064051e-05,7,200,ok,
final,direct,irfft,complex64,1024,16,contiguous,,direct_irfft_complex64_1024_16_contiguous_,0.0255369296065,0.02549074532,4.61842864752e-05,7,200,ok,
final,direct,irfft,complex64,1024,32,contiguous,,direct_irfft_complex64_1024_32_contiguous_,0.045222704648,0.0451519247144,4.17791306973e-05,7,200,ok,
final,direct,irfft,complex64,1024,64,contiguous,,direct_irfft_complex64_1024_64_contiguous_,0.0848456152016,0.0844249298098,0.000163859804161,7,200,ok,
final,direct,irfft,complex64,1024,256,contiguous,,direct_irfft_complex64_1024_256_contiguous_,0.315990351373,0.312273902819,0.000598595943302,7,20,ok,
final,direct,irfft,complex64,2048,1,contiguous,,direct_irfft_complex64_2048_1_contiguous_,0.0143031869243,0.0142707193946,2.89943177538e-05,7,877,ok,
final,direct,irfft,complex64,2048,2,contiguous,,direct_irfft_complex64_2048_2_contiguous_,0.0158646783975,0.0158296614033,2.69926725028e-05,7,824,ok,
final,direct,irfft,complex64,2048,4,contiguous,,direct_irfft_complex64_2048_4_contiguous_,0.0186947651673,0.0186295399908,4.20794822276e-05,7,200,ok,
final,direct,irfft,complex64,2048,8,contiguous,,direct_irfft_complex64_2048_8_contiguous_,0.0298743048916,0.0296450249152,1.12201087177e-05,7,200,ok,
final,direct,irfft,complex64,2048,16,contiguous,,direct_irfft_complex64_2048_16_contiguous_,0.0527567148674,0.0524398696143,6.45697582513e-05,7,200,ok,
final,direct,irfft,complex64,2048,32,contiguous,,direct_irfft_complex64_2048_32_contiguous_,0.0987765099853,0.0986526248744,8.0150202848e-05,7,200,ok,
final,direct,irfft,complex64,2048,64,contiguous,,direct_irfft_complex64_2048_64_contiguous_,0.189301051432,0.188282201998,0.000141293276101,7,20,ok,
final,direct,irfft,complex64,2048,256,contiguous,,direct_irfft_complex64_2048_256_contiguous_,0.726775755174,0.726001802832,0.00077395234257,7,20,ok,
final,direct,irfft,complex64,3072,1,contiguous,,direct_irfft_complex64_3072_1_contiguous_,0.0199014415409,0.0198568798988,2.35538525789e-05,7,641,ok,
final,direct,irfft,complex64,3072,2,contiguous,,direct_irfft_complex64_3072_2_contiguous_,0.022283840226,0.0221409701044,7.76449451223e-05,7,200,ok,
final,direct,irfft,complex64,3072,4,contiguous,,direct_irfft_complex64_3072_4_contiguous_,0.0249773846008,0.0245966704097,3.86248575523e-05,7,200,ok,
final,direct,irfft,complex64,3072,8,contiguous,,direct_irfft_complex64_3072_8_contiguous_,0.0417591701262,0.041635184898,7.95553205535e-05,7,200,ok,
final,direct,irfft,complex64,3072,16,contiguous,,direct_irfft_complex64_3072_16_contiguous_,0.0755866250256,0.075526664732,5.99602935836e-05,7,200,ok,
final,direct,irfft,complex64,3072,32,contiguous,,direct_irfft_complex64_3072_32_contiguous_,0.143946596654,0.143417599611,0.000297604128718,7,20,ok,
final,direct,irfft,complex64,3072,64,contiguous,,direct_irfft_complex64_3072_64_contiguous_,0.275581149617,0.272927200422,0.000346597516909,7,20,ok,
final,direct,irfft,complex64,3072,256,contiguous,,direct_irfft_complex64_3072_256_contiguous_,1.07259500073,1.07075705309,0.00178034533747,7,20,ok,
final,direct,irfft,complex64,3584,1,contiguous,,direct_irfft_complex64_3584_1_contiguous_,0.0207129756095,0.0205841153951,4.11496929279e-05,7,615,ok,
final,direct,irfft,complex64,3584,2,contiguous,,direct_irfft_complex64_3584_2_contiguous_,0.033221875201,0.032825685339,0.00019701954443,7,200,ok,
final,direct,irfft,complex64,3584,4,contiguous,,direct_irfft_complex64_3584_4_contiguous_,0.0352181150811,0.0350892200368,8.86147608981e-05,7,200,ok,
final,direct,irfft,complex64,3584,8,contiguous,,direct_irfft_complex64_3584_8_contiguous_,0.0609348795842,0.0605686445488,9.30699752644e-05,7,200,ok,
final,direct,irfft,complex64,3584,16,contiguous,,direct_irfft_complex64_3584_16_contiguous_,0.112767365063,0.112242084579,0.000313635100611,7,200,ok,
final,direct,irfft,complex64,3584,32,contiguous,,direct_irfft_complex64_3584_32_contiguous_,0.215013197158,0.21348085138,0.000945304054767,7,20,ok,
final,direct,irfft,complex64,3584,64,contiguous,,direct_irfft_complex64_3584_64_contiguous_,0.417839596048,0.413326150738,0.000981357879937,7,20,ok,
final,direct,irfft,complex64,3584,256,contiguous,,direct_irfft_complex64_3584_256_contiguous_,1.63792835083,1.63452799898,0.000796501990408,7,20,ok,
final,direct,irfft,complex64,4095,1,contiguous,,direct_irfft_complex64_4095_1_contiguous_,0.0547784964496,0.0546402907064,0.000138205743229,7,258,ok,
final,direct,irfft,complex64,4095,2,contiguous,,direct_irfft_complex64_4095_2_contiguous_,0.0918552500661,0.0913153897272,0.000371494679712,7,200,ok,
final,direct,irfft,complex64,4095,4,contiguous,,direct_irfft_complex64_4095_4_contiguous_,0.0763842649758,0.0757899548626,9.91398701444e-05,7,200,ok,
final,direct,irfft,complex64,4095,8,contiguous,,direct_irfft_complex64_4095_8_contiguous_,0.144082459155,0.143684541314,0.000291664892917,7,170,ok,
final,direct,irfft,complex64,4095,16,contiguous,,direct_irfft_complex64_4095_16_contiguous_,0.278689291621,0.277402730962,0.000658426747731,7,89,ok,
final,direct,irfft,complex64,4095,32,contiguous,,direct_irfft_complex64_4095_32_contiguous_,0.543055147864,0.540897104656,0.00187100376934,7,20,ok,
final,direct,irfft,complex64,4095,64,contiguous,,direct_irfft_complex64_4095_64_contiguous_,1.07542679762,1.07123294729,0.00212549930438,7,20,ok,
final,direct,irfft,complex64,4095,256,contiguous,,direct_irfft_complex64_4095_256_contiguous_,4.37948662147,4.27252874942,0.0602704967605,7,8,ok,
final,direct,irfft,complex64,4096,1,contiguous,,direct_irfft_complex64_4096_1_contiguous_,0.0253597866478,0.024898674206,0.000177436242146,7,525,ok,
final,direct,irfft,complex64,4096,2,contiguous,,direct_irfft_complex64_4096_2_contiguous_,0.0284688198008,0.0280395202572,0.000309085007757,7,200,ok,
final,direct,irfft,complex64,4096,4,contiguous,,direct_irfft_complex64_4096_4_contiguous_,0.032658969867,0.032587890164,7.10797030479e-05,7,200,ok,
final,direct,irfft,complex64,4096,8,contiguous,,direct_irfft_complex64_4096_8_contiguous_,0.0566691946005,0.0555862649344,0.000472930260003,7,200,ok,
final,direct,irfft,complex64,4096,16,contiguous,,direct_irfft_complex64_4096_16_contiguous_,0.104739980306,0.103794105235,0.000434715184383,7,200,ok,
final,direct,irfft,complex64,4096,32,contiguous,,direct_irfft_complex64_4096_32_contiguous_,0.1985142997,0.197237898828,0.00127640087157,7,20,ok,
final,direct,irfft,complex64,4096,64,contiguous,,direct_irfft_complex64_4096_64_contiguous_,0.385597697459,0.381345301867,0.00187105033547,7,20,ok,
final,direct,irfft,complex64,4096,256,contiguous,,direct_irfft_complex64_4096_256_contiguous_,1.51046814863,1.50078149745,0.00603280495852,7,20,ok,
final,direct,irfft,complex64,4097,1,contiguous,,direct_irfft_complex64_4097_1_contiguous_,0.0248937797733,0.0246025854722,0.000120875192806,5,200,ok,
final,direct,irfft,complex64,4097,2,contiguous,,direct_irfft_complex64_4097_2_contiguous_,0.0280050997389,0.0278443051502,0.000160794588737,5,200,ok,
final,direct,irfft,complex64,4097,4,contiguous,,direct_irfft_complex64_4097_4_contiguous_,0.0326031650184,0.032373535214,0.000211149454117,5,200,ok,
final,direct,irfft,complex64,4097,8,contiguous,,direct_irfft_complex64_4097_8_contiguous_,0.0563273549778,0.0559212401276,9.93302091956e-05,5,200,ok,
final,direct,irfft,complex64,4097,16,contiguous,,direct_irfft_complex64_4097_16_contiguous_,0.103922648123,0.102944800165,0.000443850876763,5,20,ok,
final,direct,irfft,complex64,4097,32,contiguous,,direct_irfft_complex64_4097_32_contiguous_,0.20189115312,0.196355301887,0.00173574662767,5,20,ok,
final,direct,irfft,complex64,4097,64,contiguous,,direct_irfft_complex64_4097_64_contiguous_,0.391397596104,0.386982847704,0.000843545421958,5,20,ok,
final,direct,irfft,complex64,4097,256,contiguous,,direct_irfft_complex64_4097_256_contiguous_,1.50075280108,1.48298759013,0.00949359964579,5,5,ok,
final,direct,irfft,complex64,4608,1,contiguous,,direct_irfft_complex64_4608_1_contiguous_,0.030057245167,0.0298108847346,0.000159349874593,5,200,ok,
final,direct,irfft,complex64,4608,2,contiguous,,direct_irfft_complex64_4608_2_contiguous_,0.033883714932,0.0337421498261,0.000131195411086,5,200,ok,
final,direct,irfft,complex64,4608,4,contiguous,,direct_irfft_complex64_4608_4_contiguous_,0.0368427601643,0.0363354553701,0.000250714365393,5,200,ok,
final,direct,irfft,complex64,4608,8,contiguous,,direct_irfft_complex64_4608_8_contiguous_,0.0641945400275,0.0635248300387,0.000168064725585,5,200,ok,
final,direct,irfft,complex64,4608,16,contiguous,,direct_irfft_complex64_4608_16_contiguous_,0.117198005319,0.116676551988,0.000521453330293,5,20,ok,
final,direct,irfft,complex64,4608,32,contiguous,,direct_irfft_complex64_4608_32_contiguous_,0.225305999629,0.223012751667,0.00214499887079,5,20,ok,
final,direct,irfft,complex64,4608,64,contiguous,,direct_irfft_complex64_4608_64_contiguous_,0.438411149662,0.435530749382,0.000432302476838,5,20,ok,
final,direct,irfft,complex64,4608,256,contiguous,,direct_irfft_complex64_4608_256_contiguous_,1.70917939395,1.69654360507,0.0102614052594,5,5,ok,
final,direct,irfft,complex64,8192,1,contiguous,,direct_irfft_complex64_8192_1_contiguous_,0.0483449047897,0.0479322299361,0.00021394516807,5,200,ok,
final,direct,irfft,complex64,8192,2,contiguous,,direct_irfft_complex64_8192_2_contiguous_,0.0551387754967,0.0545304850675,0.00019391591195,5,200,ok,
final,direct,irfft,complex64,8192,4,contiguous,,direct_irfft_complex64_8192_4_contiguous_,0.0622095196741,0.0616914505372,0.000518069136888,5,200,ok,
final,direct,irfft,complex64,8192,8,contiguous,,direct_irfft_complex64_8192_8_contiguous_,0.11248849507,0.111962609808,0.000525885261595,5,200,ok,
final,direct,irfft,complex64,8192,16,contiguous,,direct_irfft_complex64_8192_16_contiguous_,0.214535353007,0.212986947736,0.000204396201298,5,20,ok,
final,direct,irfft,complex64,8192,32,contiguous,,direct_irfft_complex64_8192_32_contiguous_,0.410734349862,0.409289600793,0.000491400714964,5,20,ok,
final,direct,irfft,complex64,8192,64,contiguous,,direct_irfft_complex64_8192_64_contiguous_,0.802643352654,0.800614553737,0.00202879891731,5,20,ok,
final,direct,irfft,complex64,8192,256,contiguous,,direct_irfft_complex64_8192_256_contiguous_,3.23206961621,3.21816378273,0.0115997856483,5,5,ok,
final,direct,irfft,complex64,16384,1,contiguous,,direct_irfft_complex64_16384_1_contiguous_,0.0822279654676,0.0815827050246,6.09143171459e-05,5,200,ok,
final,direct,irfft,complex64,16384,2,contiguous,,direct_irfft_complex64_16384_2_contiguous_,0.137352957641,0.136596389104,0.000756568537501,5,167,ok,
final,direct,irfft,complex64,16384,4,contiguous,,direct_irfft_complex64_16384_4_contiguous_,0.151191815218,0.150139488618,0.000597547373867,5,168,ok,
final,direct,irfft,complex64,16384,8,contiguous,,direct_irfft_complex64_16384_8_contiguous_,0.280481844675,0.27994029806,0.000464892946184,5,20,ok,
final,direct,irfft,complex64,16384,16,contiguous,,direct_irfft_complex64_16384_16_contiguous_,0.53595789941,0.532820500666,0.00243249814957,5,20,ok,
final,direct,irfft,complex64,16384,32,contiguous,,direct_irfft_complex64_16384_32_contiguous_,1.04754909989,1.04622909566,0.000465853372589,5,20,ok,
final,direct,irfft,complex64,16384,64,contiguous,,direct_irfft_complex64_16384_64_contiguous_,2.07806099934,2.07758949546,0.000471503881272,5,16,ok,
final,direct,irfft,complex64,16384,256,contiguous,,direct_irfft_complex64_16384_256_contiguous_,8.25250474736,8.25202625128,0.000478496076539,5,4,ok,
final,direct,irfft,complex64,32768,1,contiguous,,direct_irfft_complex64_32768_1_contiguous_,0.170794586729,0.170463825563,0.000210258282617,5,143,ok,
final,direct,irfft,complex64,32768,2,contiguous,,direct_irfft_complex64_32768_2_contiguous_,0.288516399451,0.285560506232,0.00140344696667,5,85,ok,
final,direct,irfft,complex64,32768,4,contiguous,,direct_irfft_complex64_32768_4_contiguous_,0.316222297261,0.312662101351,0.000604154774919,5,20,ok,
final,direct,irfft,complex64,32768,8,contiguous,,direct_irfft_complex64_32768_8_contiguous_,0.622878200375,0.621679902542,0.00100089819171,5,20,ok,
final,direct,irfft,complex64,32768,16,contiguous,,direct_irfft_complex64_32768_16_contiguous_,1.22965869959,1.22645265074,0.00218205386773,5,20,ok,
final,direct,irfft,complex64,32768,32,contiguous,,direct_irfft_complex64_32768_32_contiguous_,2.45004756809,2.44075370886,0.00170607485675,5,14,ok,
final,direct,irfft,complex64,32768,64,contiguous,,direct_irfft_complex64_32768_64_contiguous_,4.90180121269,4.88610980101,0.00395937822759,5,5,ok,
final,direct,irfft,complex64,32768,256,contiguous,,direct_irfft_complex64_32768_256_contiguous_,21.5843879851,21.5403760085,0.0440119765699,5,1,ok,
final,direct,irfft,complex64,65536,1,contiguous,,direct_irfft_complex64_65536_1_contiguous_,0.341889492331,0.341248595615,0.000171332984515,5,69,ok,
final,direct,irfft,complex64,65536,2,contiguous,,direct_irfft_complex64_65536_2_contiguous_,0.61080455198,0.610386754852,0.000300048850477,5,20,ok,
final,direct,irfft,complex64,65536,4,contiguous,,direct_irfft_complex64_65536_4_contiguous_,0.673587148776,0.664301251527,0.00928589724936,5,20,ok,
final,direct,irfft,complex64,65536,8,contiguous,,direct_irfft_complex64_65536_8_contiguous_,1.33558404632,1.33198535186,0.00359869445674,5,20,ok,
final,direct,irfft,complex64,65536,16,contiguous,,direct_irfft_complex64_65536_16_contiguous_,2.57484116054,2.57183407218,0.00300708835801,5,13,ok,
final,direct,irfft,complex64,65536,32,contiguous,,direct_irfft_complex64_65536_32_contiguous_,5.11472600047,5.10291978717,0.0118062132969,5,5,ok,
final,direct,irfft,complex64,65536,64,contiguous,,direct_irfft_complex64_65536_64_contiguous_,10.3159920157,10.2637776872,0.0215303540851,5,3,ok,
final,direct,irfft,complex64,65536,256,contiguous,,direct_irfft_complex64_65536_256_contiguous_,45.0769599993,44.941967004,0.134992995299,5,1,ok,
final,direct,irfft,complex128,64,1,contiguous,,direct_irfft_complex128_64_1_contiguous_,0.00473343040879,0.00471376394005,1.21619192682e-05,7,1538,ok,
final,direct,irfft,complex128,64,2,contiguous,,direct_irfft_complex128_64_2_contiguous_,0.00490441598231,0.00489125150489,7.97002576292e-06,7,2000,ok,
final,direct,irfft,complex128,64,4,contiguous,,direct_irfft_complex128_64_4_contiguous_,0.00514865346486,0.00513635599054,1.22974743135e-05,7,2000,ok,
final,direct,irfft,complex128,64,8,contiguous,,direct_irfft_complex128_64_8_contiguous_,0.00561963097425,0.0056067564874,8.41554719955e-06,7,2000,ok,
final,direct,irfft,complex128,64,16,contiguous,,direct_irfft_complex128_64_16_contiguous_,0.00632960210483,0.00631448709576,1.12764979651e-05,7,1895,ok,
final,direct,irfft,complex128,64,32,contiguous,,direct_irfft_complex128_64_32_contiguous_,0.00766706584835,0.007657847046,3.38264191063e-06,7,1641,ok,
final,direct,irfft,complex128,64,64,contiguous,,direct_irfft_complex128_64_64_contiguous_,0.0101381209887,0.0100891034647,3.26991730791e-06,7,1256,ok,
final,direct,irfft,complex128,64,256,contiguous,,direct_irfft_complex128_64_256_contiguous_,0.0262971548364,0.0260409747716,8.95152334124e-05,7,200,ok,
final,direct,irfft,complex128,256,1,contiguous,,direct_irfft_complex128_256_1_contiguous_,0.00560484302696,0.00559666799381,8.17503314465e-06,7,2000,ok,
final,direct,irfft,complex128,256,2,contiguous,,direct_irfft_complex128_256_2_contiguous_,0.00593422851857,0.00590620209809,1.14880728297e-05,7,1895,ok,
final,direct,irfft,complex128,256,4,contiguous,,direct_irfft_complex128_256_4_contiguous_,0.00670226817418,0.00668455035148,8.7399257364e-06,7,1857,ok,
final,direct,irfft,complex128,256,8,contiguous,,direct_irfft_complex128_256_8_contiguous_,0.00798923052138,0.00797678856918,1.10361725092e-05,7,1575,ok,
final,direct,irfft,complex128,256,16,contiguous,,direct_irfft_complex128_256_16_contiguous_,0.0106452451643,0.0105840338942,4.09637352512e-05,7,1240,ok,
final,direct,irfft,complex128,256,32,contiguous,,direct_irfft_complex128_256_32_contiguous_,0.0159398053074,0.015819480177,8.77649290487e-05,7,200,ok,
final,direct,irfft,complex128,256,64,contiguous,,direct_irfft_complex128_256_64_contiguous_,0.026923174737,0.0267265050206,0.000141015043482,7,200,ok,
final,direct,irfft,complex128,256,256,contiguous,,direct_irfft_complex128_256_256_contiguous_,0.0933989847545,0.0932357850252,7.7395234257e-05,7,200,ok,
final,direct,irfft,complex128,1024,1,contiguous,,direct_irfft_complex128_1024_1_contiguous_,0.00874256254749,0.00872098655904,2.14261745804e-05,7,1335,ok,
final,direct,irfft,complex128,1024,2,contiguous,,direct_irfft_complex128_1024_2_contiguous_,0.00939274673549,0.00936273946186,3.00072736339e-05,7,1236,ok,
final,direct,irfft,complex128,1024,4,contiguous,,direct_irfft_complex128_1024_4_contiguous_,0.0125338379791,0.0124825891578,2.72384108718e-05,7,1049,ok,
final,direct,irfft,complex128,1024,8,contiguous,,direct_irfft_complex128_1024_8_contiguous_,0.0192150898511,0.0190759805264,6.78253127262e-05,7,200,ok,
final,direct,irfft,complex128,1024,16,contiguous,,direct_irfft_complex128_1024_16_contiguous_,0.032208180055,0.0319479900645,7.49400351197e-05,7,200,ok,
final,direct,irfft,complex128,1024,32,contiguous,,direct_irfft_complex128_1024_32_contiguous_,0.0584103999427,0.0582323700655,4.83449548483e-05,7,200,ok,
final,direct,irfft,complex128,1024,64,contiguous,,direct_irfft_complex128_1024_64_contiguous_,0.109399309731,0.109240660095,0.000127734965645,7,200,ok,
final,direct,irfft,complex128,1024,256,contiguous,,direct_irfft_complex128_1024_256_contiguous_,0.413624197245,0.412370904814,0.000355648808181,7,20,ok,
final,direct,irfft,complex128,2048,1,contiguous,,direct_irfft_complex128_2048_1_contiguous_,0.0129259581372,0.0128542646867,3.23201081556e-05,7,956,ok,
final,direct,irfft,complex128,2048,2,contiguous,,direct_irfft_complex128_2048_2_contiguous_,0.0153006512298,0.0152703511409,1.78783178019e-05,7,863,ok,
final,direct,irfft,complex128,2048,4,contiguous,,direct_irfft_complex128_2048_4_contiguous_,0.0232794001931,0.0232441851404,3.5215052776e-05,7,200,ok,
final,direct,irfft,complex128,2048,8,contiguous,,direct_irfft_complex128_2048_8_contiguous_,0.0393043650547,0.0391005852725,5.17902662978e-05,7,200,ok,
final,direct,irfft,complex128,2048,16,contiguous,,direct_irfft_complex128_2048_16_contiguous_,0.0717390200589,0.0714820349822,0.000185894896276,7,200,ok,
final,direct,irfft,complex128,2048,32,contiguous,,direct_irfft_complex128_2048_32_contiguous_,0.135152657648,0.134973619741,2.76581293134e-05,7,184,ok,
final,direct,irfft,complex128,2048,64,contiguous,,direct_irfft_complex128_2048_64_contiguous_,0.261540850624,0.260631699348,0.000522495247424,7,20,ok,
final,direct,irfft,complex128,2048,256,contiguous,,direct_irfft_complex128_2048_256_contiguous_,1.01471560192,1.01418859558,0.000527006341144,7,20,ok,
final,direct,irfft,complex128,3072,1,contiguous,,direct_irfft_complex128_3072_1_contiguous_,0.0175140815807,0.0175009456301,1.31359506075e-05,7,736,ok,
final,direct,irfft,complex128,3072,2,contiguous,,direct_irfft_complex128_3072_2_contiguous_,0.0198293902213,0.0197325099725,3.77197284251e-05,7,200,ok,
final,direct,irfft,complex128,3072,4,contiguous,,direct_irfft_complex128_3072_4_contiguous_,0.0318316696212,0.0316691148328,6.0765305534e-05,7,200,ok,
final,direct,irfft,complex128,3072,8,contiguous,,direct_irfft_complex128_3072_8_contiguous_,0.0554605748039,0.0543165847193,0.000702865072526,7,200,ok,
final,direct,irfft,complex128,3072,16,contiguous,,direct_irfft_complex128_3072_16_contiguous_,0.102033010335,0.101402380387,0.000581640633754,7,200,ok,
final,direct,irfft,complex128,3072,32,contiguous,,direct_irfft_complex128_3072_32_contiguous_,0.192990450887,0.192795594921,0.000194855965674,7,20,ok,
final,direct,irfft,complex128,3072,64,contiguous,,direct_irfft_complex128_3072_64_contiguous_,0.37662939867,0.375538901426,0.000737351365387,7,20,ok,
final,direct,irfft,complex128,3072,256,contiguous,,direct_irfft_complex128_3072_256_contiguous_,1.48668460315,1.47972910199,0.00609995331615,7,20,ok,
final,direct,irfft,complex128,3584,1,contiguous,,direct_irfft_complex128_3584_1_contiguous_,0.0201969671714,0.0198184843555,0.000273363612195,7,638,ok,
final,direct,irfft,complex128,3584,2,contiguous,,direct_irfft_complex128_3584_2_contiguous_,0.0292784400517,0.0292101094965,4.38850838691e-05,7,200,ok,
final,direct,irfft,complex128,3584,4,contiguous,,direct_irfft_complex128_3584_4_contiguous_,0.0492241454776,0.049051225069,0.000125934602693,7,200,ok,
final,direct,irfft,complex128,3584,8,contiguous,,direct_irfft_complex128_3584_8_contiguous_,0.089255674975,0.089048090158,0.000198925263248,7,200,ok,
final,direct,irfft,complex128,3584,16,contiguous,,direct_irfft_complex128_3584_16_contiguous_,0.167873621182,0.167740534085,0.000133087097139,7,148,ok,
final,direct,irfft,complex128,3584,32,contiguous,,direct_irfft_complex128_3584_32_contiguous_,0.325634900946,0.325343903387,0.000290997559205,7,20,ok,
final,direct,irfft,complex128,3584,64,contiguous,,direct_irfft_complex128_3584_64_contiguous_,0.642673746916,0.640394946095,0.00088315573521,7,20,ok,
final,direct,irfft,complex128,3584,256,contiguous,,direct_irfft_complex128_3584_256_contiguous_,2.53723307441,2.52987162318,0.00225192007537,7,13,ok,
final,direct,irfft,complex128,4095,1,contiguous,,direct_irfft_complex128_4095_1_contiguous_,0.0456968929419,0.0453932368039,4.96035103094e-05,7,308,ok,
final,direct,irfft,complex128,4095,2,contiguous,,direct_irfft_complex128_4095_2_contiguous_,0.0703406502726,0.0702945102239,3.40648693964e-05,7,200,ok,
final,direct,irfft,complex128,4095,4,contiguous,,direct_irfft_complex128_4095_4_contiguous_,0.131163595646,0.131046356747,0.000117238898306,7,188,ok,
final,direct,irfft,complex128,4095,8,contiguous,,direct_irfft_complex128_4095_8_contiguous_,0.251196750469,0.250710520049,9.95508647368e-05,7,96,ok,
final,direct,irfft,complex128,4095,16,contiguous,,direct_irfft_complex128_4095_16_contiguous_,0.488720078697,0.488270432506,0.000266960876829,7,51,ok,
final,direct,irfft,complex128,4095,32,contiguous,,direct_irfft_complex128_4095_32_contiguous_,0.987277698005,0.985779397888,0.00124780344777,7,20,ok,
final,direct,irfft,complex128,4095,64,contiguous,,direct_irfft_complex128_4095_64_contiguous_,1.97167005664,1.96954958579,0.00145806081812,7,17,ok,
final,direct,irfft,complex128,4095,256,contiguous,,direct_irfft_complex128_4095_256_contiguous_,7.69888274954,7.61431423598,0.0244107504841,7,4,ok,
final,direct,irfft,complex128,4096,1,contiguous,,direct_irfft_complex128_4096_1_contiguous_,0.0223990862333,0.0222146994433,0.0001201725811,7,579,ok,
final,direct,irfft,complex128,4096,2,contiguous,,direct_irfft_complex128_4096_2_contiguous_,0.0261270347983,0.0260136200814,2.68995063379e-05,7,200,ok,
final,direct,irfft,complex128,4096,4,contiguous,,direct_irfft_complex128_4096_4_contiguous_,0.0428409397136,0.0421264552278,0.000283680274151,7,200,ok,
final,direct,irfft,complex128,4096,8,contiguous,,direct_irfft_complex128_4096_8_contiguous_,0.0756233953871,0.0751860800665,0.000264295376837,7,200,ok,
final,direct,irfft,complex128,4096,16,contiguous,,direct_irfft_complex128_4096_16_contiguous_,0.142244068804,0.141894333091,0.000136401959235,7,174,ok,
final,direct,irfft,complex128,4096,32,contiguous,,direct_irfft_complex128_4096_32_contiguous_,0.273268850287,0.271950900787,0.000675249611959,7,20,ok,
final,direct,irfft,complex128,4096,64,contiguous,,direct_irfft_complex128_4096_64_contiguous_,0.537215697113,0.536130653927,0.00108504318632,7,20,ok,
final,direct,irfft,complex128,4096,256,contiguous,,direct_irfft_complex128_4096_256_contiguous_,2.10109225009,2.09625693242,0.00452031235909,7,16,ok,
final,direct,irfft,complex128,4097,1,contiguous,,direct_irfft_complex128_4097_1_contiguous_,0.0221494346624,0.0217621598858,6.91309105605e-05,5,200,ok,
final,direct,irfft,complex128,4097,2,contiguous,,direct_irfft_complex128_4097_2_contiguous_,0.0254120503087,0.0253665650962,4.54852124676e-05,5,200,ok,
final,direct,irfft,complex128,4097,4,contiguous,,direct_irfft_complex128_4097_4_contiguous_,0.0421222450677,0.0416854297509,0.000210144789889,5,200,ok,
final,direct,irfft,complex128,4097,8,contiguous,,direct_irfft_complex128_4097_8_contiguous_,0.0751503603533,0.0748537050094,0.00015438941773,5,200,ok,
final,direct,irfft,complex128,4097,16,contiguous,,direct_irfft_complex128_4097_16_contiguous_,0.140374904731,0.139645551099,0.000729353632778,5,20,ok,
final,direct,irfft,complex128,4097,32,contiguous,,direct_irfft_complex128_4097_32_contiguous_,0.270393450046,0.268639199203,0.000976299634203,5,20,ok,
final,direct,irfft,complex128,4097,64,contiguous,,direct_irfft_complex128_4097_64_contiguous_,0.530424999306,0.53001975175,0.000371196074411,5,20,ok,
final,direct,irfft,complex128,4097,256,contiguous,,direct_irfft_complex128_4097_256_contiguous_,2.1253767889,2.10023580585,0.00165121164173,5,5,ok,
final,direct,irfft,complex128,4608,1,contiguous,,direct_irfft_complex128_4608_1_contiguous_,0.0251830200432,0.0249239848927,0.000259035150521,5,200,ok,
final,direct,irfft,complex128,4608,2,contiguous,,direct_irfft_complex128_4608_2_contiguous_,0.0285127048846,0.0283398799365,0.000117919989862,5,200,ok,
final,direct,irfft,complex128,4608,4,contiguous,,direct_irfft_complex128_4608_4_contiguous_,0.0477498851251,0.0474968150957,0.000230129808187,5,200,ok,
final,direct,irfft,complex128,4608,8,contiguous,,direct_irfft_complex128_4608_8_contiguous_,0.0850476999767,0.0845110899536,0.000276770442724,5,200,ok,
final,direct,irfft,complex128,4608,16,contiguous,,direct_irfft_complex128_4608_16_contiguous_,0.158684200142,0.158205849584,0.000478350557387,5,20,ok,
final,direct,irfft,complex128,4608,32,contiguous,,direct_irfft_complex128_4608_32_contiguous_,0.308036949718,0.306362350238,0.00167459947988,5,20,ok,
final,direct,irfft,complex128,4608,64,contiguous,,direct_irfft_complex128_4608_64_contiguous_,0.601830694359,0.600310397567,0.000564992660657,5,20,ok,
final,direct,irfft,complex128,4608,256,contiguous,,direct_irfft_complex128_4608_256_contiguous_,2.38620741293,2.38102159929,0.00511957332492,5,5,ok,
final,direct,irfft,complex128,8192,1,contiguous,,direct_irfft_complex128_8192_1_contiguous_,0.0408714549849,0.0406436302001,0.000185495009646,5,200,ok,
final,direct,irfft,complex128,8192,2,contiguous,,direct_irfft_complex128_8192_2_contiguous_,0.0480883201817,0.0479705503676,6.50697620586e-05,5,200,ok,
final,direct,irfft,complex128,8192,4,contiguous,,direct_irfft_complex128_8192_4_contiguous_,0.0840442650951,0.08379800478,0.000189659767784,5,200,ok,
final,direct,irfft,complex128,8192,8,contiguous,,direct_irfft_complex128_8192_8_contiguous_,0.155210465349,0.154866844919,0.000139888555321,5,161,ok,
final,direct,irfft,complex128,8192,16,contiguous,,direct_irfft_complex128_8192_16_contiguous_,0.293865404092,0.293532299111,0.000333104981109,5,20,ok,
final,direct,irfft,complex128,8192,32,contiguous,,direct_irfft_complex128_8192_32_contiguous_,0.57477154769,0.573584850645,0.000956299481913,5,20,ok,
final,direct,irfft,complex128,8192,64,contiguous,,direct_irfft_complex128_8192_64_contiguous_,1.15525329602,1.14564830437,0.00291944597848,5,20,ok,
final,direct,irfft,complex128,8192,256,contiguous,,direct_irfft_complex128_8192_256_contiguous_,4.68276899774,4.61401618086,0.0437940005213,5,5,ok,
final,direct,irfft,complex128,16384,1,contiguous,,direct_irfft_complex128_16384_1_contiguous_,0.0829468097072,0.0825203146087,0.000346000306308,5,200,ok,
final,direct,irfft,complex128,16384,2,contiguous,,direct_irfft_complex128_16384_2_contiguous_,0.12348759512,0.123043914791,0.000287540024146,5,200,ok,
final,direct,irfft,complex128,16384,4,contiguous,,direct_irfft_complex128_16384_4_contiguous_,0.226034389386,0.225787898267,0.000182009966078,5,108,ok,
final,direct,irfft,complex128,16384,8,contiguous,,direct_irfft_complex128_16384_8_contiguous_,0.432357302634,0.43091760017,0.00143970246427,5,20,ok,
final,direct,irfft,complex128,16384,16,contiguous,,direct_irfft_complex128_16384_16_contiguous_,0.850796600571,0.849634903716,0.00116169685498,5,20,ok,
final,direct,irfft,complex128,16384,32,contiguous,,direct_irfft_complex128_16384_32_contiguous_,1.68102459866,1.66746969917,0.00149179832079,5,20,ok,
final,direct,irfft,complex128,16384,64,contiguous,,direct_irfft_complex128_16384_64_contiguous_,3.37832670193,3.3655807958,0.00593509757891,5,10,ok,
final,direct,irfft,complex128,16384,256,contiguous,,direct_irfft_complex128_16384_256_contiguous_,15.8104180009,15.5151454965,0.0317340018228,5,2,ok,
final,direct,irfft,complex128,32768,1,contiguous,,direct_irfft_complex128_32768_1_contiguous_,0.222443063624,0.221773092379,0.000326661393046,5,109,ok,
final,direct,irfft,complex128,32768,2,contiguous,,direct_irfft_complex128_32768_2_contiguous_,0.261607064876,0.261163075819,0.000308727106565,5,92,ok,
final,direct,irfft,complex128,32768,4,contiguous,,direct_irfft_complex128_32768_4_contiguous_,0.508015049854,0.505540397717,0.000191299477592,5,20,ok,
final,direct,irfft,complex128,32768,8,contiguous,,direct_irfft_complex128_32768_8_contiguous_,1.00736835157,1.00102944998,0.00162305077538,5,20,ok,
final,direct,irfft,complex128,32768,16,contiguous,,direct_irfft_complex128_32768_16_contiguous_,2.00866229202,2.00212176424,0.00383717911866,5,17,ok,
final,direct,irfft,complex128,32768,32,contiguous,,direct_irfft_complex128_32768_32_contiguous_,4.0379781276,4.03119811381,0.000949366949499,5,8,ok,
final,direct,irfft,complex128,32768,64,contiguous,,direct_irfft_complex128_32768_64_contiguous_,8.13513726462,8.10712500243,0.0280122621916,5,4,ok,
final,direct,irfft,complex128,32768,256,contiguous,,direct_irfft_complex128_32768_256_contiguous_,37.013636902,36.434442969,0.114613911137,5,1,ok,
final,direct,irfft,complex128,65536,1,contiguous,,direct_irfft_complex128_65536_1_contiguous_,0.491846348064,0.489134327223,0.000373550633691,5,49,ok,
final,direct,irfft,complex128,65536,2,contiguous,,direct_irfft_complex128_65536_2_contiguous_,0.541851902381,0.538704049541,0.000270496821031,5,20,ok,
final,direct,irfft,complex128,65536,4,contiguous,,direct_irfft_complex128_65536_4_contiguous_,1.07818800025,1.07533164555,0.00281119719148,5,20,ok,
final,direct,irfft,complex128,65536,8,contiguous,,direct_irfft_complex128_65536_8_contiguous_,2.14303768735,2.14204205986,0.00099562748801,5,16,ok,
final,direct,irfft,complex128,65536,16,contiguous,,direct_irfft_complex128_65536_16_contiguous_,4.26156824687,4.25767349952,0.0038947473513,5,8,ok,
final,direct,irfft,complex128,65536,32,contiguous,,direct_irfft_complex128_65536_32_contiguous_,8.62652025535,8.56199950795,0.0176255125552,5,4,ok,
final,direct,irfft,complex128,65536,64,contiguous,,direct_irfft_complex128_65536_64_contiguous_,19.4639869733,19.3959990283,0.0445829937235,5,1,ok,
final,direct,irfft,complex128,65536,256,contiguous,,direct_irfft_complex128_65536_256_contiguous_,77.1883160342,77.0153719932,0.131326029077,5,1,ok,
final_fct,direct,fft,complex64,64,1,contiguous,,direct_fft_complex64_64_1_contiguous_,0.00414869461648,0.00412930026204,1.93943544406e-05,7,1169,ok,
final_fct,direct,fft,complex64,64,2,contiguous,,direct_fft_complex64_64_2_contiguous_,0.00504335300568,0.00465255685743,3.89218257624e-05,7,1408,ok,
final_fct,direct,fft,complex64,64,4,contiguous,,direct_fft_complex64_64_4_contiguous_,0.00515828982863,0.00505192917195,2.27306066988e-05,7,1808,ok,
final_fct,direct,fft,complex64,64,8,contiguous,,direct_fft_complex64_64_8_contiguous_,0.0061164899493,0.00607451458235,1.15813646679e-05,7,1782,ok,
final_fct,direct,fft,complex64,64,16,contiguous,,direct_fft_complex64_64_16_contiguous_,0.00746171811256,0.00742066505549,1.14192137219e-05,7,1639,ok,
final_fct,direct,fft,complex64,64,32,contiguous,,direct_fft_complex64_64_32_contiguous_,0.0101772335391,0.0101294708239,2.92139040879e-05,7,1285,ok,
final_fct,direct,fft,complex64,64,64,contiguous,,direct_fft_complex64_64_64_contiguous_,0.0157540033842,0.0156932062581,3.3666150966e-05,7,863,ok,
final_fct,direct,fft,complex64,64,256,contiguous,,direct_fft_complex64_64_256_contiguous_,0.0501553952927,0.0496823550202,0.000227280543186,7,200,ok,
final_fct,direct,fft,complex64,256,1,contiguous,,direct_fft_complex64_256_1_contiguous_,0.00519545134403,0.00515155019342,4.69421761953e-06,7,1972,ok,
final_fct,direct,fft,complex64,256,2,contiguous,,direct_fft_complex64_256_2_contiguous_,0.00662137664209,0.00658848931368,1.01765523761e-05,7,1784,ok,
final_fct,direct,fft,complex64,256,4,contiguous,,direct_fft_complex64_256_4_contiguous_,0.00836484648463,0.00832943968563,1.37360672457e-05,7,1485,ok,
final_fct,direct,fft,complex64,256,8,contiguous,,direct_fft_complex64_256_8_contiguous_,0.0115926113085,0.0115590116939,2.19623670249e-05,7,1114,ok,
final_fct,direct,fft,complex64,256,16,contiguous,,direct_fft_complex64_256_16_contiguous_,0.0179989337498,0.0178737765444,4.37311888612e-05,7,770,ok,
final_fct,direct,fft,complex64,256,32,contiguous,,direct_fft_complex64_256_32_contiguous_,0.0306930899387,0.030513855163,0.000176680041477,7,200,ok,
final_fct,direct,fft,complex64,256,64,contiguous,,direct_fft_complex64_256_64_contiguous_,0.0567999895429,0.0563655747101,0.000434414832853,7,200,ok,
final_fct,direct,fft,complex64,256,256,contiguous,,direct_fft_complex64_256_256_contiguous_,0.219147017121,0.209802621173,0.00407211261737,7,116,ok,
final_fct,direct,fft,complex64,1024,1,contiguous,,direct_fft_complex64_1024_1_contiguous_,0.010275725774,0.0100233676685,0.000153418677089,7,1156,ok,
final_fct,direct,fft,complex64,1024,2,contiguous,,direct_fft_complex64_1024_2_contiguous_,0.0178017026434,0.0176755599678,9.27586418887e-05,7,750,ok,
final_fct,direct,fft,complex64,1024,4,contiguous,,direct_fft_complex64_1024_4_contiguous_,0.0237318835806,0.023608474687,8.42787935776e-05,7,592,ok,
final_fct,direct,fft,complex64,1024,8,contiguous,,direct_fft_complex64_1024_8_contiguous_,0.0383571448037,0.0378621148411,0.000494375126436,7,200,ok,
final_fct,direct,fft,complex64,1024,16,contiguous,,direct_fft_complex64_1024_16_contiguous_,0.0688908848679,0.0687090947758,9.69797838479e-05,7,200,ok,
final_fct,direct,fft,complex64,1024,32,contiguous,,direct_fft_complex64_1024_32_contiguous_,0.12709451039,0.126747088871,0.0002806300472,7,192,ok,
final_fct,direct,fft,complex64,1024,64,contiguous,,direct_fft_complex64_1024_64_contiguous_,0.24490665942,0.244285082012,0.00045063891016,7,97,ok,
final_fct,direct,fft,complex64,1024,256,contiguous,,direct_fft_complex64_1024_256_contiguous_,0.947468099184,0.943682546495,0.00091774854809,7,20,ok,
final_fct,direct,fft,complex64,2048,1,contiguous,,direct_fft_complex64_2048_1_contiguous_,0.0163680466578,0.0161806721602,7.49823307292e-05,7,793,ok,
final_fct,direct,fft,complex64,2048,2,contiguous,,direct_fft_complex64_2048_2_contiguous_,0.0312577526519,0.0310377372022,0.000170231837919,7,453,ok,
final_fct,direct,fft,complex64,2048,4,contiguous,,direct_fft_complex64_2048_4_contiguous_,0.0443968048785,0.0440618302673,0.000214349711314,7,200,ok,
final_fct,direct,fft,complex64,2048,8,contiguous,,direct_fft_complex64_2048_8_contiguous_,0.0765363551909,0.0762906949967,0.000240150257014,7,200,ok,
final_fct,direct,fft,complex64,2048,16,contiguous,,direct_fft_complex64_2048_16_contiguous_,0.14030768745,0.139176994377,0.000123074145945,7,176,ok,
final_fct,direct,fft,complex64,2048,32,contiguous,,direct_fft_complex64_2048_32_contiguous_,0.264042347523,0.262676105884,0.00127681138876,7,95,ok,
final_fct,direct,fft,complex64,2048,64,contiguous,,direct_fft_complex64_2048_64_contiguous_,0.517066998873,0.516121753026,0.00086264917627,7,20,ok,
final_fct,direct,fft,complex64,2048,256,contiguous,,direct_fft_complex64_2048_256_contiguous_,2.04414053245,2.03843623646,0.00570429598584,7,17,ok,
final_fct,direct,fft,complex64,3072,1,contiguous,,direct_fft_complex64_3072_1_contiguous_,0.0235767237862,0.0234228500631,5.64955964523e-05,7,460,ok,
final_fct,direct,fft,complex64,3072,2,contiguous,,direct_fft_complex64_3072_2_contiguous_,0.0467108399607,0.0463115400635,0.000399299897254,7,200,ok,
final_fct,direct,fft,complex64,3072,4,contiguous,,direct_fft_complex64_3072_4_contiguous_,0.0661938852863,0.0656195048941,0.000300159445032,7,200,ok,
final_fct,direct,fft,complex64,3072,8,contiguous,,direct_fft_complex64_3072_8_contiguous_,0.117744440213,0.117185845156,0.000286884605885,7,200,ok,
final_fct,direct,fft,complex64,3072,16,contiguous,,direct_fft_complex64_3072_16_contiguous_,0.217945198528,0.216484707098,0.000320516470499,7,116,ok,
final_fct,direct,fft,complex64,3072,32,contiguous,,direct_fft_complex64_3072_32_contiguous_,0.41329759988,0.412256148411,0.00104145146906,7,20,ok,
final_fct,direct,fft,complex64,3072,64,contiguous,,direct_fft_complex64_3072_64_contiguous_,0.806660903618,0.803716346854,0.000991852721199,7,20,ok,
final_fct,direct,fft,complex64,3072,256,contiguous,,direct_fft_complex64_3072_256_contiguous_,3.17008059938,3.1597583089,0.0032791052945,7,10,ok,
final_fct,direct,fft,complex64,3584,1,contiguous,,direct_fft_complex64_3584_1_contiguous_,0.0257835851607,0.0255339496495,0.000184182124573,7,516,ok,
final_fct,direct,fft,complex64,3584,2,contiguous,,direct_fft_complex64_3584_2_contiguous_,0.0520631152904,0.0520039047115,3.26597364619e-05,7,200,ok,
final_fct,direct,fft,complex64,3584,4,contiguous,,direct_fft_complex64_3584_4_contiguous_,0.0746871903539,0.0746247702045,6.24201493338e-05,7,200,ok,
final_fct,direct,fft,complex64,3584,8,contiguous,,direct_fft_complex64_3584_8_contiguous_,0.131417691282,0.131193973233,0.000124489467472,7,188,ok,
final_fct,direct,fft,complex64,3584,16,contiguous,,direct_fft_complex64_3584_16_contiguous_,0.243957140483,0.242849059869,0.000517659354955,7,100,ok,
final_fct,direct,fft,complex64,3584,32,contiguous,,direct_fft_complex64_3584_32_contiguous_,0.467022246448,0.465694745071,0.00104845385067,7,20,ok,
final_fct,direct,fft,complex64,3584,64,contiguous,,direct_fft_complex64_3584_64_contiguous_,0.921197951538,0.917251053033,0.000955746509135,7,20,ok,
final_fct,direct,fft,complex64,3584,256,contiguous,,direct_fft_complex64_3584_256_contiguous_,3.64875188097,3.64146388084,0.00466865539137,7,9,ok,
final_fct,direct,fft,complex64,4095,1,contiguous,,direct_fft_complex64_4095_1_contiguous_,0.0485788021049,0.0485382742126,4.05278923507e-05,7,288,ok,
final_fct,direct,fft,complex64,4095,2,contiguous,,direct_fft_complex64_4095_2_contiguous_,0.0890888652066,0.0888156500878,0.000231984304264,7,200,ok,
final_fct,direct,fft,complex64,4095,4,contiguous,,direct_fft_complex64_4095_4_contiguous_,0.097259519971,0.0967474596109,0.000221314840019,7,200,ok,
final_fct,direct,fft,complex64,4095,8,contiguous,,direct_fft_complex64_4095_8_contiguous_,0.183340214641,0.182181377723,0.000376193094309,7,135,ok,
final_fct,direct,fft,complex64,4095,16,contiguous,,direct_fft_complex64_4095_16_contiguous_,0.34983101314,0.348834788204,0.000970408609006,7,71,ok,
final_fct,direct,fft,complex64,4095,32,contiguous,,direct_fft_complex64_4095_32_contiguous_,0.689554045675,0.682007899741,0.00296254875138,7,20,ok,
final_fct,direct,fft,complex64,4095,64,contiguous,,direct_fft_complex64_4095_64_contiguous_,1.36274645338,1.3590450515,0.000878650462255,7,20,ok,
final_fct,direct,fft,complex64,4095,256,contiguous,,direct_fft_complex64_4095_256_contiguous_,5.44081750559,5.43603516417,0.00478234142065,7,6,ok,
final_fct,direct,fft,complex64,4096,1,contiguous,,direct_fft_complex64_4096_1_contiguous_,0.0290410700195,0.0285826250023,0.000394402531575,7,472,ok,
final_fct,direct,fft,complex64,4096,2,contiguous,,direct_fft_complex64_4096_2_contiguous_,0.0584295945009,0.0578904303256,0.000337934470735,7,200,ok,
final_fct,direct,fft,complex64,4096,4,contiguous,,direct_fft_complex64_4096_4_contiguous_,0.0840783299645,0.0833915453404,0.00036638986785,7,200,ok,
final_fct,direct,fft,complex64,4096,8,contiguous,,direct_fft_complex64_4096_8_contiguous_,0.149839084332,0.149537795167,5.86024911917e-05,7,166,ok,
final_fct,direct,fft,complex64,4096,16,contiguous,,direct_fft_complex64_4096_16_contiguous_,0.279027561845,0.278755482234,6.70787700441e-05,7,89,ok,
final_fct,direct,fft,complex64,4096,32,contiguous,,direct_fft_complex64_4096_32_contiguous_,0.537944101961,0.535909301834,0.00121630146168,7,20,ok,
final_fct,direct,fft,complex64,4096,64,contiguous,,direct_fft_complex64_4096_64_contiguous_,1.06336069875,1.05982859968,0.00154189765453,7,20,ok,
final_fct,direct,fft,complex64,4096,256,contiguous,,direct_fft_complex64_4096_256_contiguous_,4.20946450322,4.19779513322,0.00857612758409,7,8,ok,
final_fct,direct,fft,complex64,4097,1,contiguous,,direct_fft_complex64_4097_1_contiguous_,0.14388306521,0.143273536066,0.000339678427692,5,168,ok,
final_fct,direct,fft,complex64,4097,2,contiguous,,direct_fft_complex64_4097_2_contiguous_,0.27560919733,0.273889164788,0.000974901562946,5,91,ok,
final_fct,direct,fft,complex64,4097,4,contiguous,,direct_fft_complex64_4097_4_contiguous_,0.219885504845,0.217574738654,0.00109735613122,5,115,ok,
final_fct,direct,fft,complex64,4097,8,contiguous,,direct_fft_complex64_4097_8_contiguous_,0.433787499787,0.432655125041,0.0010702497093,5,40,ok,
final_fct,direct,fft,complex64,4097,16,contiguous,,direct_fft_complex64_4097_16_contiguous_,0.808975700056,0.808638101444,0.000337598612532,5,20,ok,
final_fct,direct,fft,complex64,4097,32,contiguous,,direct_fft_complex64_4097_32_contiguous_,1.61429860163,1.61048400332,0.00207189586945,5,20,ok,
final_fct,direct,fft,complex64,4097,64,contiguous,,direct_fft_complex64_4097_64_contiguous_,3.20675999815,3.19663281764,0.0101271805099,5,11,ok,
final_fct,direct,fft,complex64,4097,256,contiguous,,direct_fft_complex64_4097_256_contiguous_,13.1251589628,13.0963849952,0.0186800025403,5,2,ok,
final_fct,direct,fft,complex64,4608,1,contiguous,,direct_fft_complex64_4608_1_contiguous_,0.0326611747732,0.0325887353392,7.24394340068e-05,5,200,ok,
final_fct,direct,fft,complex64,4608,2,contiguous,,direct_fft_complex64_4608_2_contiguous_,0.0670177751454,0.066913680057,0.000100539764389,5,200,ok,
final_fct,direct,fft,complex64,4608,4,contiguous,,direct_fft_complex64_4608_4_contiguous_,0.0992986396886,0.098899989971,6.64795516059e-05,5,200,ok,
final_fct,direct,fft,complex64,4608,8,contiguous,,direct_fft_complex64_4608_8_contiguous_,0.177291000728,0.176521843033,0.000274005911446,5,140,ok,
final_fct,direct,fft,complex64,4608,16,contiguous,,direct_fft_complex64_4608_16_contiguous_,0.334034150001,0.332978647202,0.00105550279841,5,20,ok,
final_fct,direct,fft,complex64,4608,32,contiguous,,direct_fft_complex64_4608_32_contiguous_,0.64278744976,0.640782201663,0.000743404962122,5,20,ok,
final_fct,direct,fft,complex64,4608,64,contiguous,,direct_fft_complex64_4608_64_contiguous_,1.2624576455,1.26214049524,0.000230403384194,5,20,ok,
final_fct,direct,fft,complex64,4608,256,contiguous,,direct_fft_complex64_4608_256_contiguous_,5.03679600079,5.02855258528,0.00239459332079,5,5,ok,
final_fct,direct,fft,complex64,8192,1,contiguous,,direct_fft_complex64_8192_1_contiguous_,0.054693595157,0.054593605455,5.61046181247e-05,5,200,ok,
final_fct,direct,fft,complex64,8192,2,contiguous,,direct_fft_complex64_8192_2_contiguous_,0.108202819829,0.107152399723,0.000480804592371,5,200,ok,
final_fct,direct,fft,complex64,8192,4,contiguous,,direct_fft_complex64_8192_4_contiguous_,0.187014874623,0.186067392739,0.000313399532051,5,135,ok,
final_fct,direct,fft,complex64,8192,8,contiguous,,direct_fft_complex64_8192_8_contiguous_,0.339461528763,0.338480699741,0.000951344346894,5,70,ok,
final_fct,direct,fft,complex64,8192,16,contiguous,,direct_fft_complex64_8192_16_contiguous_,0.645974400686,0.64491945086,0.00105494982563,5,20,ok,
final_fct,direct,fft,complex64,8192,32,contiguous,,direct_fft_complex64_8192_32_contiguous_,1.27527664881,1.2686586997,0.00363334547728,5,20,ok,
final_fct,direct,fft,complex64,8192,64,contiguous,,direct_fft_complex64_8192_64_contiguous_,2.51562492206,2.5098363851,0.00500707672192,5,13,ok,
final_fct,direct,fft,complex64,8192,256,contiguous,,direct_fft_complex64_8192_256_contiguous_,10.765537348,10.4483100198,0.103838004482,5,3,ok,
final_fct,direct,fft,complex64,16384,1,contiguous,,direct_fft_complex64_16384_1_contiguous_,0.108153725159,0.107572234701,0.000581490457989,5,200,ok,
final_fct,direct,fft,complex64,16384,2,contiguous,,direct_fft_complex64_16384_2_contiguous_,0.192149356369,0.191573318015,8.4186326568e-05,5,129,ok,
final_fct,direct,fft,complex64,16384,4,contiguous,,direct_fft_complex64_16384_4_contiguous_,0.348526169546,0.347988971863,0.000537197682744,5,71,ok,
final_fct,direct,fft,complex64,16384,8,contiguous,,direct_fft_complex64_16384_8_contiguous_,0.669484451646,0.664555747062,0.00354564981535,5,20,ok,
final_fct,direct,fft,complex64,16384,16,contiguous,,direct_fft_complex64_16384_16_contiguous_,1.30662134616,1.30398389883,0.00263744732365,5,20,ok,
final_fct,direct,fft,complex64,16384,32,contiguous,,direct_fft_complex64_16384_32_contiguous_,2.56978014771,2.55278838225,0.0111170005626,5,13,ok,
final_fct,direct,fft,complex64,16384,64,contiguous,,direct_fft_complex64_16384_64_contiguous_,5.12025033822,5.07717133344,0.0192126608454,5,6,ok,
final_fct,direct,fft,complex64,16384,256,contiguous,,direct_fft_complex64_16384_256_contiguous_,23.6094109714,23.4758009901,0.133609981276,5,1,ok,
final_fct,direct,fft,complex64,32768,1,contiguous,,direct_fft_complex64_32768_1_contiguous_,0.221984803959,0.220484758237,0.000760259613993,5,112,ok,
final_fct,direct,fft,complex64,32768,2,contiguous,,direct_fft_complex64_32768_2_contiguous_,0.396134547754,0.393994742133,0.00115828926585,5,62,ok,
final_fct,direct,fft,complex64,32768,4,contiguous,,direct_fft_complex64_32768_4_contiguous_,0.737084099092,0.732723402325,0.000878149876371,5,20,ok,
final_fct,direct,fft,complex64,32768,8,contiguous,,direct_fft_complex64_32768_8_contiguous_,1.42596334917,1.42294474645,0.000506453216076,5,20,ok,
final_fct,direct,fft,complex64,32768,16,contiguous,,direct_fft_complex64_32768_16_contiguous_,2.8172225866,2.79465282802,0.0047196711724,5,12,ok,
final_fct,direct,fft,complex64,32768,32,contiguous,,direct_fft_complex64_32768_32_contiguous_,5.65808931909,5.4725734905,0.129669671878,5,6,ok,
final_fct,direct,fft,complex64,32768,64,contiguous,,direct_fft_complex64_32768_64_contiguous_,11.2402333179,11.2050373185,0.0351959994684,5,3,ok,
final_fct,direct,fft,complex64,32768,256,contiguous,,direct_fft_complex64_32768_256_contiguous_,50.7188879419,50.5941939773,0.124693964608,5,1,ok,
final_fct,direct,fft,complex64,65536,1,contiguous,,direct_fft_complex64_65536_1_contiguous_,0.467936629085,0.465835666681,0.00134103767643,5,54,ok,
final_fct,direct,fft,complex64,65536,2,contiguous,,direct_fft_complex64_65536_2_contiguous_,0.855360651622,0.853424449451,0.00142870121635,5,20,ok,
final_fct,direct,fft,complex64,65536,4,contiguous,,direct_fft_complex64_65536_4_contiguous_,1.63778060232,1.63095230237,0.00101794721559,5,20,ok,
final_fct,direct,fft,complex64,65536,8,contiguous,,direct_fft_complex64_65536_8_contiguous_,3.19714017678,3.18705126516,0.00823445787484,5,11,ok,
final_fct,direct,fft,complex64,65536,16,contiguous,,direct_fft_complex64_65536_16_contiguous_,6.29586840514,6.25927580986,0.00894078984857,5,5,ok,
final_fct,direct,fft,complex64,65536,32,contiguous,,direct_fft_complex64_65536_32_contiguous_,12.6961250207,12.6796294935,0.00952748814598,5,2,ok,
final_fct,direct,fft,complex64,65536,64,contiguous,,direct_fft_complex64_65536_64_contiguous_,26.9926179899,26.9644749351,0.0281430548057,5,1,ok,
final_fct,direct,fft,complex64,65536,256,contiguous,,direct_fft_complex64_65536_256_contiguous_,107.643699972,107.500329963,0.070160953328,5,1,ok,
final_fct,direct,fft,complex128,64,1,contiguous,,direct_fft_complex128_64_1_contiguous_,0.00398221350042,0.00396902899956,6.57251803204e-06,7,2000,ok,
final_fct,direct,fft,complex128,64,2,contiguous,,direct_fft_complex128_64_2_contiguous_,0.00460665347055,0.00459918449633,7.46897421777e-06,7,2000,ok,
final_fct,direct,fft,complex128,64,4,contiguous,,direct_fft_complex128_64_4_contiguous_,0.00490725599229,0.00487655901816,7.98946712166e-06,7,2000,ok,
final_fct,direct,fft,complex128,64,8,contiguous,,direct_fft_complex128_64_8_contiguous_,0.00569993100362,0.00559036602499,3.09980241582e-05,7,2000,ok,
final_fct,direct,fft,complex128,64,16,contiguous,,direct_fft_complex128_64_16_contiguous_,0.00681311071509,0.00679483622407,1.82744910201e-05,7,1887,ok,
final_fct,direct,fft,complex128,64,32,contiguous,,direct_fft_complex128_64_32_contiguous_,0.0092252491147,0.00920650443013,1.21207871125e-05,7,1473,ok,
final_fct,direct,fft,complex128,64,64,contiguous,,direct_fft_complex128_64_64_contiguous_,0.0139095909293,0.0138922945114,1.72964179439e-05,7,1012,ok,
final_fct,direct,fft,complex128,64,256,contiguous,,direct_fft_complex128_64_256_contiguous_,0.0420830753865,0.0418217846891,0.000202335068025,7,200,ok,
final_fct,direct,fft,complex128,256,1,contiguous,,direct_fft_complex128_256_1_contiguous_,0.00509705881345,0.00508752807979,4.34181189046e-06,7,1869,ok,
final_fct,direct,fft,complex128,256,2,contiguous,,direct_fft_complex128_256_2_contiguous_,0.00647513516532,0.00642570698731,3.31820262771e-05,7,1686,ok,
final_fct,direct,fft,complex128,256,4,contiguous,,direct_fft_complex128_256_4_contiguous_,0.00806076675169,0.00801233351138,2.01423000083e-05,7,1616,ok,
final_fct,direct,fft,complex128,256,8,contiguous,,direct_fft_complex128_256_8_contiguous_,0.0112274882445,0.0111756046553,1.90744199094e-05,7,1237,ok,
final_fct,direct,fft,complex128,256,16,contiguous,,direct_fft_complex128_256_16_contiguous_,0.0170193095142,0.0169318488568,2.58723756697e-05,7,814,ok,
final_fct,direct,fft,complex128,256,32,contiguous,,direct_fft_complex128_256_32_contiguous_,0.0291084195487,0.0290011701873,7.39842653275e-05,7,200,ok,
final_fct,direct,fft,complex128,256,64,contiguous,,direct_fft_complex128_256_64_contiguous_,0.0540626596194,0.0536461803131,5.21505717188e-05,7,200,ok,
final_fct,direct,fft,complex128,256,256,contiguous,,direct_fft_complex128_256_256_contiguous_,0.195941317077,0.195617049296,0.000272373994434,7,123,ok,
final_fct,direct,fft,complex128,1024,1,contiguous,,direct_fft_complex128_1024_1_contiguous_,0.00941541625141,0.00937449352104,3.20528293165e-05,7,1230,ok,
final_fct,direct,fft,complex128,1024,2,contiguous,,direct_fft_complex128_1024_2_contiguous_,0.0161189964801,0.0160671868873,3.02255742333e-05,7,829,ok,
final_fct,direct,fft,complex128,1024,4,contiguous,,direct_fft_complex128_1024_4_contiguous_,0.0241586511443,0.0241198221106,1.6733847996e-05,7,579,ok,
final_fct,direct,fft,complex128,1024,8,contiguous,,direct_fft_complex128_1024_8_contiguous_,0.0396674004151,0.0396355352132,3.18652018905e-05,7,200,ok,
final_fct,direct,fft,complex128,1024,16,contiguous,,direct_fft_complex128_1024_16_contiguous_,0.0728918297682,0.0723314803327,0.000353709910996,7,200,ok,
final_fct,direct,fft,complex128,1024,32,contiguous,,direct_fft_complex128_1024_32_contiguous_,0.131647273111,0.130293989195,0.000243614935739,7,187,ok,
final_fct,direct,fft,complex128,1024,64,contiguous,,direct_fft_complex128_1024_64_contiguous_,0.253365162261,0.250736100957,0.000349040180821,7,99,ok,
final_fct,direct,fft,complex128,1024,256,contiguous,,direct_fft_complex128_1024_256_contiguous_,0.976260547759,0.972231000196,0.00400805147365,7,20,ok,
final_fct,direct,fft,complex128,2048,1,contiguous,,direct_fft_complex128_2048_1_contiguous_,0.0163822895394,0.0163466667703,3.20630791931e-05,7,729,ok,
final_fct,direct,fft,complex128,2048,2,contiguous,,direct_fft_complex128_2048_2_contiguous_,0.0301769240041,0.0298241902552,7.6995567905e-05,7,473,ok,
final_fct,direct,fft,complex128,2048,4,contiguous,,direct_fft_complex128_2048_4_contiguous_,0.0479445501696,0.0476257549599,7.85948941484e-05,7,200,ok,
final_fct,direct,fft,complex128,2048,8,contiguous,,direct_fft_complex128_2048_8_contiguous_,0.0838370801648,0.0837441551266,5.81046333537e-05,7,200,ok,
final_fct,direct,fft,complex128,2048,16,contiguous,,direct_fft_complex128_2048_16_contiguous_,0.154078845366,0.153770974987,0.000224802298126,7,162,ok,
final_fct,direct,fft,complex128,2048,32,contiguous,,direct_fft_complex128_2048_32_contiguous_,0.294626832733,0.293903819208,3.65835148841e-05,7,72,ok,
final_fct,direct,fft,complex128,2048,64,contiguous,,direct_fft_complex128_2048_64_contiguous_,0.575714849401,0.574967899593,0.000439304858446,7,20,ok,
final_fct,direct,fft,complex128,2048,256,contiguous,,direct_fft_complex128_2048_256_contiguous_,2.29526907206,2.2804373332,0.0142980754996,7,15,ok,
final_fct,direct,fft,complex128,3072,1,contiguous,,direct_fft_complex128_3072_1_contiguous_,0.0219883639594,0.0219320786781,3.55410252194e-05,7,610,ok,
final_fct,direct,fft,complex128,3072,2,contiguous,,direct_fft_complex128_3072_2_contiguous_,0.043081495096,0.0429753947537,9.24296909943e-05,7,200,ok,
final_fct,direct,fft,complex128,3072,4,contiguous,,direct_fft_complex128_3072_4_contiguous_,0.074135659961,0.0739569251891,0.000134599977173,7,200,ok,
final_fct,direct,fft,complex128,3072,8,contiguous,,direct_fft_complex128_3072_8_contiguous_,0.126503035663,0.126352751164,0.000150284498249,7,197,ok,
final_fct,direct,fft,complex128,3072,16,contiguous,,direct_fft_complex128_3072_16_contiguous_,0.239234762488,0.23790827531,0.000666391237506,7,105,ok,
final_fct,direct,fft,complex128,3072,32,contiguous,,direct_fft_complex128_3072_32_contiguous_,0.463104899973,0.460440450115,0.00266444985755,7,20,ok,
final_fct,direct,fft,complex128,3072,64,contiguous,,direct_fft_complex128_3072_64_contiguous_,0.932342797751,0.904004200129,0.00202124938369,7,20,ok,
final_fct,direct,fft,complex128,3072,256,contiguous,,direct_fft_complex128_3072_256_contiguous_,3.69935028721,3.67258884944,0.0186547237848,7,7,ok,
final_fct,direct,fft,complex128,3584,1,contiguous,,direct_fft_complex128_3584_1_contiguous_,0.0249021359263,0.0247196162126,7.08026280783e-05,7,537,ok,
final_fct,direct,fft,complex128,3584,2,contiguous,,direct_fft_complex128_3584_2_contiguous_,0.0486516748788,0.0482754752738,0.000180290080607,7,200,ok,
final_fct,direct,fft,complex128,3584,4,contiguous,,direct_fft_complex128_3584_4_contiguous_,0.081138825044,0.0807679799618,0.000151984859258,7,200,ok,
final_fct,direct,fft,complex128,3584,8,contiguous,,direct_fft_complex128_3584_8_contiguous_,0.143186293607,0.141772040134,0.000775643843815,7,174,ok,
final_fct,direct,fft,complex128,3584,16,contiguous,,direct_fft_complex128_3584_16_contiguous_,0.273768859662,0.271796141296,0.000157260649797,7,92,ok,
final_fct,direct,fft,complex128,3584,32,contiguous,,direct_fft_complex128_3584_32_contiguous_,0.524556002347,0.520023499848,0.00251320307143,7,20,ok,
final_fct,direct,fft,complex128,3584,64,contiguous,,direct_fft_complex128_3584_64_contiguous_,1.03204204934,1.02449139813,0.00408714986406,7,20,ok,
final_fct,direct,fft,complex128,3584,256,contiguous,,direct_fft_complex128_3584_256_contiguous_,4.47747071407,4.34305329275,0.0399862848488,7,7,ok,
final_fct,direct,fft,complex128,4095,1,contiguous,,direct_fft_complex128_4095_1_contiguous_,0.040129091043,0.0399052137626,0.000161465122687,7,318,ok,
final_fct,direct,fft,complex128,4095,2,contiguous,,direct_fft_complex128_4095_2_contiguous_,0.0697619153652,0.0693291600328,0.000425995676778,7,200,ok,
final_fct,direct,fft,complex128,4095,4,contiguous,,direct_fft_complex128_4095_4_contiguous_,0.12623313708,0.125392883198,0.000626096374303,7,197,ok,
final_fct,direct,fft,complex128,4095,8,contiguous,,direct_fft_complex128_4095_8_contiguous_,0.238735733243,0.237041038816,0.000617533390011,7,105,ok,
final_fct,direct,fft,complex128,4095,16,contiguous,,direct_fft_complex128_4095_16_contiguous_,0.469847208873,0.464247849348,0.00559935952484,7,53,ok,
final_fct,direct,fft,complex128,4095,32,contiguous,,direct_fft_complex128_4095_32_contiguous_,0.920060795033,0.914793950506,0.00377605319954,7,20,ok,
final_fct,direct,fft,complex128,4095,64,contiguous,,direct_fft_complex128_4095_64_contiguous_,1.81959336624,1.81544931164,0.00414405459244,7,19,ok,
final_fct,direct,fft,complex128,4095,256,contiguous,,direct_fft_complex128_4095_256_contiguous_,7.73510074941,7.65607500216,0.0790257472545,7,4,ok,
final_fct,direct,fft,complex128,4096,1,contiguous,,direct_fft_complex128_4096_1_contiguous_,0.0321593633655,0.0318855471153,0.000263844618908,7,424,ok,
final_fct,direct,fft,complex128,4096,2,contiguous,,direct_fft_complex128_4096_2_contiguous_,0.0562433950836,0.0555221451214,0.000334375072271,7,200,ok,
final_fct,direct,fft,complex128,4096,4,contiguous,,direct_fft_complex128_4096_4_contiguous_,0.0922390649794,0.091911755153,0.000327309826389,7,200,ok,
final_fct,direct,fft,complex128,4096,8,contiguous,,direct_fft_complex128_4096_8_contiguous_,0.165073617499,0.16484439573,0.000162650956053,7,149,ok,
final_fct,direct,fft,complex128,4096,16,contiguous,,direct_fft_complex128_4096_16_contiguous_,0.312495683438,0.309933671032,0.000453772188365,7,79,ok,
final_fct,direct,fft,complex128,4096,32,contiguous,,direct_fft_complex128_4096_32_contiguous_,0.606303598033,0.603726302506,0.00194515450858,7,20,ok,
final_fct,direct,fft,complex128,4096,64,contiguous,,direct_fft_complex128_4096_64_contiguous_,1.19841219857,1.19638185133,0.00203034724109,7,20,ok,
final_fct,direct,fft,complex128,4096,256,contiguous,,direct_fft_complex128_4096_256_contiguous_,5.1071139945,5.01692017618,0.0202313337165,7,6,ok,
final_fct,direct,fft,complex128,4097,1,contiguous,,direct_fft_complex128_4097_1_contiguous_,0.114934574813,0.114424825297,0.000199979986064,5,200,ok,
final_fct,direct,fft,complex128,4097,2,contiguous,,direct_fft_complex128_4097_2_contiguous_,0.188731868181,0.187131124115,0.00160074406556,5,129,ok,
final_fct,direct,fft,complex128,4097,4,contiguous,,direct_fft_complex128_4097_4_contiguous_,0.359344383469,0.358607279315,0.000737104154028,5,68,ok,
final_fct,direct,fft,complex128,4097,8,contiguous,,direct_fft_complex128_4097_8_contiguous_,0.702569943054,0.701060827955,0.000890514015087,5,35,ok,
final_fct,direct,fft,complex128,4097,16,contiguous,,direct_fft_complex128_4097_16_contiguous_,1.39104450354,1.37585599441,0.00540154869668,5,20,ok,
final_fct,direct,fft,complex128,4097,32,contiguous,,direct_fft_complex128_4097_32_contiguous_,2.72258692227,2.70083115902,0.00380715937354,5,12,ok,
final_fct,direct,fft,complex128,4097,64,contiguous,,direct_fft_complex128_4097_64_contiguous_,5.39634584372,5.3803458383,0.00702131850024,5,6,ok,
final_fct,direct,fft,complex128,4097,256,contiguous,,direct_fft_complex128_4097_256_contiguous_,21.99995704,21.8548150733,0.0640511279926,5,1,ok,
final_fct,direct,fft,complex128,4608,1,contiguous,,direct_fft_complex128_4608_1_contiguous_,0.0306114851264,0.0304485845845,8.36100662127e-05,5,200,ok,
final_fct,direct,fft,complex128,4608,2,contiguous,,direct_fft_complex128_4608_2_contiguous_,0.0660193047952,0.0658522453159,0.000167059479281,5,200,ok,
final_fct,direct,fft,complex128,4608,4,contiguous,,direct_fft_complex128_4608_4_contiguous_,0.112290775287,0.111957244808,0.00032756535802,5,200,ok,
final_fct,direct,fft,complex128,4608,8,contiguous,,direct_fft_complex128_4608_8_contiguous_,0.205886305578,0.204589559255,0.000163185670656,5,118,ok,
final_fct,direct,fft,complex128,4608,16,contiguous,,direct_fft_complex128_4608_16_contiguous_,0.392864353489,0.391271850094,0.00038820435293,5,20,ok,
final_fct,direct,fft,complex128,4608,32,contiguous,,direct_fft_complex128_4608_32_contiguous_,0.755326251965,0.752495450433,0.00283080153167,5,20,ok,
final_fct,direct,fft,complex128,4608,64,contiguous,,direct_fft_complex128_4608_64_contiguous_,1.49303700309,1.49132625083,0.00171075225808,5,20,ok,
final_fct,direct,fft,complex128,4608,256,contiguous,,direct_fft_complex128_4608_256_contiguous_,6.2778424006,6.26161200926,0.0137476017699,5,5,ok,
final_fct,direct,fft,complex128,8192,1,contiguous,,direct_fft_complex128_8192_1_contiguous_,0.0596277351724,0.0589455047157,0.000294299679808,5,200,ok,
final_fct,direct,fft,complex128,8192,2,contiguous,,direct_fft_complex128_8192_2_contiguous_,0.114815400448,0.113907654886,0.000830009812489,5,200,ok,
final_fct,direct,fft,complex128,8192,4,contiguous,,direct_fft_complex128_8192_4_contiguous_,0.204967158303,0.204467300015,0.000371866432639,5,120,ok,
final_fct,direct,fft,complex128,8192,8,contiguous,,direct_fft_complex128_8192_8_contiguous_,0.371587383919,0.370641461072,0.000592955173208,5,65,ok,
final_fct,direct,fft,complex128,8192,16,contiguous,,direct_fft_complex128_8192_16_contiguous_,0.713263452053,0.710456754314,0.00209490535781,5,20,ok,
final_fct,direct,fft,complex128,8192,32,contiguous,,direct_fft_complex128_8192_32_contiguous_,1.39395039878,1.39354565181,0.000404746970162,5,20,ok,
final_fct,direct,fft,complex128,8192,64,contiguous,,direct_fft_complex128_8192_64_contiguous_,2.76868582781,2.76005124518,0.00174909170407,5,12,ok,
final_fct,direct,fft,complex128,8192,256,contiguous,,direct_fft_complex128_8192_256_contiguous_,13.5452609975,13.5078954627,0.0172019936144,5,2,ok,
final_fct,direct,fft,complex128,16384,1,contiguous,,direct_fft_complex128_16384_1_contiguous_,0.181961330407,0.180574396783,0.000132757978623,5,136,ok,
final_fct,direct,fft,complex128,16384,2,contiguous,,direct_fft_complex128_16384_2_contiguous_,0.356565550159,0.355315666335,0.000169028298578,5,69,ok,
final_fct,direct,fft,complex128,16384,4,contiguous,,direct_fft_complex128_16384_4_contiguous_,0.698773248587,0.698467972042,0.000305276545179,5,36,ok,
final_fct,direct,fft,complex128,16384,8,contiguous,,direct_fft_complex128_16384_8_contiguous_,1.40331794973,1.399625052,0.00208840356208,5,20,ok,
final_fct,direct,fft,complex128,16384,16,contiguous,,direct_fft_complex128_16384_16_contiguous_,2.79087317176,2.78754366445,0.000895757693797,5,12,ok,
final_fct,direct,fft,complex128,16384,32,contiguous,,direct_fft_complex128_16384_32_contiguous_,5.5651536677,5.55871316465,0.00321768069019,5,6,ok,
final_fct,direct,fft,complex128,16384,64,contiguous,,direct_fft_complex128_16384_64_contiguous_,11.5911504836,11.5803600056,0.0107904779725,5,2,ok,
final_fct,direct,fft,complex128,16384,256,contiguous,,direct_fft_complex128_16384_256_contiguous_,49.0713010076,48.7844339805,0.152145978063,5,1,ok,
final_fct,direct,fft,complex128,32768,1,contiguous,,direct_fft_complex128_32768_1_contiguous_,0.423539910116,0.423308233232,0.000175500255344,5,56,ok,
final_fct,direct,fft,complex128,32768,2,contiguous,,direct_fft_complex128_32768_2_contiguous_,0.830327234386,0.829334700635,0.000905369718869,5,30,ok,
final_fct,direct,fft,complex128,32768,4,contiguous,,direct_fft_complex128_32768_4_contiguous_,1.65368890157,1.65272710146,0.00096180010587,5,20,ok,
final_fct,direct,fft,complex128,32768,8,contiguous,,direct_fft_complex128_32768_8_contiguous_,3.32277470734,3.31991030835,0.000469794031233,5,10,ok,
final_fct,direct,fft,complex128,32768,16,contiguous,,direct_fft_complex128_32768_16_contiguous_,6.65397301782,6.64729659911,0.00525577925146,5,5,ok,
final_fct,direct,fft,complex128,32768,32,contiguous,,direct_fft_complex128_32768_32_contiguous_,13.7437775265,13.694094494,0.0496830325574,5,2,ok,
final_fct,direct,fft,complex128,32768,64,contiguous,,direct_fft_complex128_32768_64_contiguous_,29.280813993,29.2632910423,0.0116520095617,5,1,ok,
final_fct,direct,fft,complex128,32768,256,contiguous,,direct_fft_complex128_32768_256_contiguous_,115.707963938,115.522746928,0.125746009871,5,1,ok,
final_fct,direct,fft,complex128,65536,1,contiguous,,direct_fft_complex128_65536_1_contiguous_,0.893989819035,0.890047426635,0.0039423924006,5,28,ok,
final_fct,direct,fft,complex128,65536,2,contiguous,,direct_fft_complex128_65536_2_contiguous_,1.88342216683,1.87828472634,0.00312972244703,5,18,ok,
final_fct,direct,fft,complex128,65536,4,contiguous,,direct_fft_complex128_65536_4_contiguous_,3.71523311413,3.71055667185,0.0046764422829,5,9,ok,
final_fct,direct,fft,complex128,65536,8,contiguous,,direct_fft_complex128_65536_8_contiguous_,7.39911876735,7.37641874002,0.0227000273298,5,4,ok,
final_fct,direct,fft,complex128,65536,16,contiguous,,direct_fft_complex128_65536_16_contiguous_,15.5798915075,15.553156496,0.0267350114882,5,2,ok,
final_fct,direct,fft,complex128,65536,32,contiguous,,direct_fft_complex128_65536_32_contiguous_,32.35528199,32.1781910025,0.153106986545,5,1,ok,
final_fct,direct,fft,complex128,65536,64,contiguous,,direct_fft_complex128_65536_64_contiguous_,64.4685310544,64.2656009877,0.0534110004082,5,1,ok,
final_fct,direct,fft,complex128,65536,256,contiguous,,direct_fft_complex128_65536_256_contiguous_,259.505660972,256.685176981,1.85898202471,5,1,ok,
final_fct,direct,ifft,complex64,64,1,contiguous,,direct_ifft_complex64_64_1_contiguous_,0.00485654118634,0.00480760603153,1.97503136935e-05,7,1358,ok,
final_fct,direct,ifft,complex64,64,2,contiguous,,direct_ifft_complex64_64_2_contiguous_,0.00577432786507,0.00574758247934,1.65724776073e-05,7,1885,ok,
final_fct,direct,ifft,complex64,64,4,contiguous,,direct_ifft_complex64_64_4_contiguous_,0.00623088586799,0.00620854974904,1.14605466742e-05,7,1848,ok,
final_fct,direct,ifft,complex64,64,8,contiguous,,direct_ifft_complex64_64_8_contiguous_,0.0070925819164,0.00708639723412,6.18468228031e-06,7,1722,ok,
final_fct,direct,ifft,complex64,64,16,contiguous,,direct_ifft_complex64_64_16_contiguous_,0.00856903776306,0.00852609961869,1.85927102383e-05,7,1456,ok,
final_fct,direct,ifft,complex64,64,32,contiguous,,direct_ifft_complex64_64_32_contiguous_,0.0115470111778,0.0114768636642,4.30827090923e-05,7,1159,ok,
final_fct,direct,ifft,complex64,64,64,contiguous,,direct_ifft_complex64_64_64_contiguous_,0.0175481474646,0.0174419058939,1.67876522296e-05,7,786,ok,
final_fct,direct,ifft,complex64,64,256,contiguous,,direct_ifft_complex64_64_256_contiguous_,0.0532276945887,0.0528751901584,0.000257235369645,7,200,ok,
final_fct,direct,ifft,complex64,256,1,contiguous,,direct_ifft_complex64_256_1_contiguous_,0.00641220849451,0.00636490192475,1.73693638896e-05,7,1765,ok,
final_fct,direct,ifft,complex64,256,2,contiguous,,direct_ifft_complex64_256_2_contiguous_,0.00789650948718,0.0078791637514,1.73457357773e-05,7,1582,ok,
final_fct,direct,ifft,complex64,256,4,contiguous,,direct_ifft_complex64_256_4_contiguous_,0.00964276520892,0.00959690246278,1.54981718015e-05,7,1333,ok,
final_fct,direct,ifft,complex64,256,8,contiguous,,direct_ifft_complex64_256_8_contiguous_,0.0129127035749,0.0128520991478,2.15803082097e-05,7,1039,ok,
final_fct,direct,ifft,complex64,256,16,contiguous,,direct_ifft_complex64_256_16_contiguous_,0.0196210223156,0.019531400616,5.07857765303e-06,7,714,ok,
final_fct,direct,ifft,complex64,256,32,contiguous,,direct_ifft_complex64_256_32_contiguous_,0.0333395448979,0.0331945251673,7.79452966526e-05,7,200,ok,
final_fct,direct,ifft,complex64,256,64,contiguous,,direct_ifft_complex64_256_64_contiguous_,0.0603199354373,0.0599139701808,6.9024390541e-05,7,200,ok,
final_fct,direct,ifft,complex64,256,256,contiguous,,direct_ifft_complex64_256_256_contiguous_,0.219818274697,0.219673132606,0.000145142090268,7,113,ok,
final_fct,direct,ifft,complex64,1024,1,contiguous,,direct_ifft_complex64_1024_1_contiguous_,0.0112073806081,0.011187361098,1.16805783155e-05,7,1127,ok,
final_fct,direct,ifft,complex64,1024,2,contiguous,,direct_ifft_complex64_1024_2_contiguous_,0.0192349041885,0.0191725270117,3.56513209373e-05,7,668,ok,
final_fct,direct,ifft,complex64,1024,4,contiguous,,direct_ifft_complex64_1024_4_contiguous_,0.0253581502302,0.0252801372542,3.84160416903e-05,7,459,ok,
final_fct,direct,ifft,complex64,1024,8,contiguous,,direct_ifft_complex64_1024_8_contiguous_,0.0407136551803,0.0406916200882,2.20350921154e-05,7,200,ok,
final_fct,direct,ifft,complex64,1024,16,contiguous,,direct_ifft_complex64_1024_16_contiguous_,0.0708618247882,0.0704757048516,5.95103483647e-05,7,200,ok,
final_fct,direct,ifft,complex64,1024,32,contiguous,,direct_ifft_complex64_1024_32_contiguous_,0.131729606321,0.131297095535,0.000146127855802,7,188,ok,
final_fct,direct,ifft,complex64,1024,64,contiguous,,direct_ifft_complex64_1024_64_contiguous_,0.250427150168,0.249712620862,0.00051665934734,7,100,ok,
final_fct,direct,ifft,complex64,1024,256,contiguous,,direct_ifft_complex64_1024_256_contiguous_,0.969719799468,0.963016250171,0.000639649806544,7,20,ok,
final_fct,direct,ifft,complex64,2048,1,contiguous,,direct_ifft_complex64_2048_1_contiguous_,0.0172146885779,0.0171405212304,2.24620142192e-05,7,777,ok,
final_fct,direct,ifft,complex64,2048,2,contiguous,,direct_ifft_complex64_2048_2_contiguous_,0.0324739975555,0.0323616024428,6.62162321909e-05,7,435,ok,
final_fct,direct,ifft,complex64,2048,4,contiguous,,direct_ifft_complex64_2048_4_contiguous_,0.0468921300489,0.0467225100147,0.000121825141832,7,200,ok,
final_fct,direct,ifft,complex64,2048,8,contiguous,,direct_ifft_complex64_2048_8_contiguous_,0.0788418704178,0.0786645401968,0.000126140075736,7,200,ok,
final_fct,direct,ifft,complex64,2048,16,contiguous,,direct_ifft_complex64_2048_16_contiguous_,0.14466015362,0.144245883627,0.000389809920195,7,163,ok,
final_fct,direct,ifft,complex64,2048,32,contiguous,,direct_ifft_complex64_2048_32_contiguous_,0.274862685984,0.272259831669,0.000326684937718,7,89,ok,
final_fct,direct,ifft,complex64,2048,64,contiguous,,direct_ifft_complex64_2048_64_contiguous_,0.531724450411,0.524104153737,0.00345549779013,7,20,ok,
final_fct,direct,ifft,complex64,2048,256,contiguous,,direct_ifft_complex64_2048_256_contiguous_,2.06662900018,2.05668724811,0.0099417520687,7,16,ok,
final_fct,direct,ifft,complex64,3072,1,contiguous,,direct_ifft_complex64_3072_1_contiguous_,0.0242636786425,0.024133900089,7.48195036847e-05,7,560,ok,
final_fct,direct,ifft,complex64,3072,2,contiguous,,direct_ifft_complex64_3072_2_contiguous_,0.0474546349142,0.0472145801177,3.99752752855e-05,7,200,ok,
final_fct,direct,ifft,complex64,3072,4,contiguous,,direct_ifft_complex64_3072_4_contiguous_,0.067630225094,0.0672603800194,5.40050677955e-05,7,200,ok,
final_fct,direct,ifft,complex64,3072,8,contiguous,,direct_ifft_complex64_3072_8_contiguous_,0.118383585359,0.117722949944,0.000526384683326,7,200,ok,
final_fct,direct,ifft,complex64,3072,16,contiguous,,direct_ifft_complex64_3072_16_contiguous_,0.219987884609,0.219524265226,0.000330088948584,7,113,ok,
final_fct,direct,ifft,complex64,3072,32,contiguous,,direct_ifft_complex64_3072_32_contiguous_,0.426372105721,0.420629850123,0.00166059471667,7,20,ok,
final_fct,direct,ifft,complex64,3072,64,contiguous,,direct_ifft_complex64_3072_64_contiguous_,0.822977453936,0.81945284619,0.00093070557341,7,20,ok,
final_fct,direct,ifft,complex64,3072,256,contiguous,,direct_ifft_complex64_3072_256_contiguous_,3.2228344935,3.2109702006,0.00952981645241,7,10,ok,
final_fct,direct,ifft,complex64,3584,1,contiguous,,direct_ifft_complex64_3584_1_contiguous_,0.0268086093013,0.0267059118571,2.29296190496e-05,7,499,ok,
final_fct,direct,ifft,complex64,3584,2,contiguous,,direct_ifft_complex64_3584_2_contiguous_,0.0534195551882,0.0532978295814,0.000101689947769,7,200,ok,
final_fct,direct,ifft,complex64,3584,4,contiguous,,direct_ifft_complex64_3584_4_contiguous_,0.077092894935,0.0769448198844,8.9465174824e-05,7,200,ok,
final_fct,direct,ifft,complex64,3584,8,contiguous,,direct_ifft_complex64_3584_8_contiguous_,0.135794117417,0.135350217991,0.000253161701618,7,179,ok,
final_fct,direct,ifft,complex64,3584,16,contiguous,,direct_ifft_complex64_3584_16_contiguous_,0.252403165262,0.252104989618,0.000210092451001,7,97,ok,
final_fct,direct,ifft,complex64,3584,32,contiguous,,direct_ifft_complex64_3584_32_contiguous_,0.482064898824,0.480826600688,0.000802549766377,7,20,ok,
final_fct,direct,ifft,complex64,3584,64,contiguous,,direct_ifft_complex64_3584_64_contiguous_,0.945644750027,0.939540797845,0.00137210008688,7,20,ok,
final_fct,direct,ifft,complex64,3584,256,contiguous,,direct_ifft_complex64_3584_256_contiguous_,3.74352066622,3.73247988884,0.00238444449173,7,9,ok,
final_fct,direct,ifft,complex64,4095,1,contiguous,,direct_ifft_complex64_4095_1_contiguous_,0.0477922527654,0.0476422800222,3.826962365e-05,7,289,ok,
final_fct,direct,ifft,complex64,4095,2,contiguous,,direct_ifft_complex64_4095_2_contiguous_,0.0875759299379,0.0873584754299,0.000159594928846,7,200,ok,
final_fct,direct,ifft,complex64,4095,4,contiguous,,direct_ifft_complex64_4095_4_contiguous_,0.100065575098,0.099901414942,0.000139364856295,7,200,ok,
final_fct,direct,ifft,complex64,4095,8,contiguous,,direct_ifft_complex64_4095_8_contiguous_,0.188018378773,0.187449810751,0.000145735226176,7,132,ok,
final_fct,direct,ifft,complex64,4095,16,contiguous,,direct_ifft_complex64_4095_16_contiguous_,0.361442506842,0.359610716965,0.00043889618854,7,67,ok,
final_fct,direct,ifft,complex64,4095,32,contiguous,,direct_ifft_complex64_4095_32_contiguous_,0.703032303136,0.699912948767,0.000890146475285,7,20,ok,
final_fct,direct,ifft,complex64,4095,64,contiguous,,direct_ifft_complex64_4095_64_contiguous_,1.37941219728,1.37325115502,0.00283880508505,7,20,ok,
final_fct,direct,ifft,complex64,4095,256,contiguous,,direct_ifft_complex64_4095_256_contiguous_,5.50109382796,5.49041534153,0.00405750082185,7,6,ok,
final_fct,direct,ifft,complex64,4096,1,contiguous,,direct_ifft_complex64_4096_1_contiguous_,0.0297582439528,0.0296622932466,6.94361400751e-05,7,447,ok,
final_fct,direct,ifft,complex64,4096,2,contiguous,,direct_ifft_complex64_4096_2_contiguous_,0.0602668349165,0.0600433145883,8.94698314369e-05,7,200,ok,
final_fct,direct,ifft,complex64,4096,4,contiguous,,direct_ifft_complex64_4096_4_contiguous_,0.0876574852737,0.0872797251213,0.000250170123763,7,200,ok,
final_fct,direct,ifft,complex64,4096,8,contiguous,,direct_ifft_complex64_4096_8_contiguous_,0.154156288549,0.153859901568,0.000191711752098,7,163,ok,
final_fct,direct,ifft,complex64,4096,16,contiguous,,direct_ifft_complex64_4096_16_contiguous_,0.286733686956,0.285522814645,0.000445023287348,7,86,ok,
final_fct,direct,ifft,complex64,4096,32,contiguous,,direct_ifft_complex64_4096_32_contiguous_,0.552115152823,0.551190896658,0.000797002576292,7,20,ok,
final_fct,direct,ifft,complex64,4096,64,contiguous,,direct_ifft_complex64_4096_64_contiguous_,1.09163619927,1.08696694952,0.00121229677461,7,20,ok,
final_fct,direct,ifft,complex64,4096,256,contiguous,,direct_ifft_complex64_4096_256_contiguous_,4.31116862455,4.29358825204,0.00681387609802,7,8,ok,
final_fct,direct,ifft,complex64,4097,1,contiguous,,direct_ifft_complex64_4097_1_contiguous_,0.145731892864,0.144982182585,0.000547628656451,5,159,ok,
final_fct,direct,ifft,complex64,4097,2,contiguous,,direct_ifft_complex64_4097_2_contiguous_,0.27582352179,0.275361199035,0.000316499628954,5,90,ok,
final_fct,direct,ifft,complex64,4097,4,contiguous,,direct_ifft_complex64_4097_4_contiguous_,0.216602486477,0.216575913415,2.65730625909e-05,5,115,ok,
final_fct,direct,ifft,complex64,4097,8,contiguous,,direct_ifft_complex64_4097_8_contiguous_,0.434863786463,0.433511607948,0.00021219602786,5,56,ok,
final_fct,direct,ifft,complex64,4097,16,contiguous,,direct_ifft_complex64_4097_16_contiguous_,0.847358600004,0.840305397287,0.000606651883572,5,20,ok,
final_fct,direct,ifft,complex64,4097,32,contiguous,,direct_ifft_complex64_4097_32_contiguous_,1.60260970006,1.60114195314,0.000890152296051,5,20,ok,
final_fct,direct,ifft,complex64,4097,64,contiguous,,direct_ifft_complex64_4097_64_contiguous_,3.19091308947,3.17717100155,0.0137420879169,5,11,ok,
final_fct,direct,ifft,complex64,4097,256,contiguous,,direct_ifft_complex64_4097_256_contiguous_,12.869805505,12.8431954654,0.00521453330293,5,2,ok,
final_fct,direct,ifft,complex64,4608,1,contiguous,,direct_ifft_complex64_4608_1_contiguous_,0.0349217100302,0.0346561596962,0.0001490249997,5,200,ok,
final_fct,direct,ifft,complex64,4608,2,contiguous,,direct_ifft_complex64_4608_2_contiguous_,0.0704862701241,0.0701521500014,0.000140960328281,5,200,ok,
final_fct,direct,ifft,complex64,4608,4,contiguous,,direct_ifft_complex64_4608_4_contiguous_,0.10492492991,0.104380109697,0.000413074740209,5,200,ok,
final_fct,direct,ifft,complex64,4608,8,contiguous,,direct_ifft_complex64_4608_8_contiguous_,0.185491244366,0.184736396755,0.000464762845397,5,131,ok,
final_fct,direct,ifft,complex64,4608,16,contiguous,,direct_ifft_complex64_4608_16_contiguous_,0.34917750163,0.346176396124,0.000299100065604,5,20,ok,
final_fct,direct,ifft,complex64,4608,32,contiguous,,direct_ifft_complex64_4608_32_contiguous_,0.672510149889,0.668947451049,0.00356269883923,5,20,ok,
final_fct,direct,ifft,complex64,4608,64,contiguous,,direct_ifft_complex64_4608_64_contiguous_,1.31787690334,1.31622634945,0.0015614554286,5,20,ok,
final_fct,direct,ifft,complex64,4608,256,contiguous,,direct_ifft_complex64_4608_256_contiguous_,5.20627938677,5.20283500664,0.00224018003792,5,5,ok,
final_fct,direct,ifft,complex64,8192,1,contiguous,,direct_ifft_complex64_8192_1_contiguous_,0.0563449849142,0.0559895200422,0.000115564907901,5,200,ok,
final_fct,direct,ifft,complex64,8192,2,contiguous,,direct_ifft_complex64_8192_2_contiguous_,0.109162564622,0.108151420136,0.000693950569257,5,200,ok,
final_fct,direct,ifft,complex64,8192,4,contiguous,,direct_ifft_complex64_8192_4_contiguous_,0.187517316989,0.186773406993,0.000315715513397,5,123,ok,
final_fct,direct,ifft,complex64,8192,8,contiguous,,direct_ifft_complex64_8192_8_contiguous_,0.341315634063,0.340700395484,0.000615238579331,5,71,ok,
final_fct,direct,ifft,complex64,8192,16,contiguous,,direct_ifft_complex64_8192_16_contiguous_,0.650593551109,0.645388348494,0.00174280139618,5,20,ok,
final_fct,direct,ifft,complex64,8192,32,contiguous,,direct_ifft_complex64_8192_32_contiguous_,1.27728790394,1.27348475507,0.0036298064515,5,20,ok,
final_fct,direct,ifft,complex64,8192,64,contiguous,,direct_ifft_complex64_8192_64_contiguous_,2.51869838506,2.50644692614,0.00573145762946,5,13,ok,
final_fct,direct,ifft,complex64,8192,256,contiguous,,direct_ifft_complex64_8192_256_contiguous_,10.5414443339,10.4973549799,0.0440893539538,5,3,ok,
final_fct,direct,ifft,complex64,16384,1,contiguous,,direct_ifft_complex64_16384_1_contiguous_,0.110643890221,0.110402784776,0.000241105444729,5,200,ok,
final_fct,direct,ifft,complex64,16384,2,contiguous,,direct_ifft_complex64_16384_2_contiguous_,0.196208928961,0.195903779653,0.000305149308222,5,127,ok,
final_fct,direct,ifft,complex64,16384,4,contiguous,,direct_ifft_complex64_16384_4_contiguous_,0.355195857784,0.354950115018,0.000245742765921,5,70,ok,
final_fct,direct,ifft,complex64,16384,8,contiguous,,direct_ifft_complex64_16384_8_contiguous_,0.677444349276,0.671443151077,0.00318044913001,5,20,ok,
final_fct,direct,ifft,complex64,16384,16,contiguous,,direct_ifft_complex64_16384_16_contiguous_,1.33066785056,1.32675755303,0.00203634845093,5,20,ok,
final_fct,direct,ifft,complex64,16384,32,contiguous,,direct_ifft_complex64_16384_32_contiguous_,2.63040453697,2.61895307519,0.00379253357935,5,13,ok,
final_fct,direct,ifft,complex64,16384,64,contiguous,,direct_ifft_complex64_16384_64_contiguous_,5.30794532582,5.26143649283,0.0465088329899,5,6,ok,
final_fct,direct,ifft,complex64,16384,256,contiguous,,direct_ifft_complex64_16384_256_contiguous_,23.4059500508,23.1290609809,0.139631913044,5,1,ok,
final_fct,direct,ifft,complex64,32768,1,contiguous,,direct_ifft_complex64_32768_1_contiguous_,0.220404149742,0.219756390166,0.000647759576023,5,113,ok,
final_fct,direct,ifft,complex64,32768,2,contiguous,,direct_ifft_complex64_32768_2_contiguous_,0.40095062494,0.398535570379,0.00241505456091,5,56,ok,
final_fct,direct,ifft,complex64,32768,4,contiguous,,direct_ifft_complex64_32768_4_contiguous_,0.753704196541,0.742640503449,0.0110636930913,5,20,ok,
final_fct,direct,ifft,complex64,32768,8,contiguous,,direct_ifft_complex64_32768_8_contiguous_,1.45558280055,1.44748719758,0.00453605316579,5,20,ok,
final_fct,direct,ifft,complex64,32768,16,contiguous,,direct_ifft_complex64_32768_16_contiguous_,2.86638717322,2.8527782415,0.013608931719,5,12,ok,
final_fct,direct,ifft,complex64,32768,32,contiguous,,direct_ifft_complex64_32768_32_contiguous_,5.64783182926,5.637908335,0.00609317794442,5,6,ok,
final_fct,direct,ifft,complex64,32768,64,contiguous,,direct_ifft_complex64_32768_64_contiguous_,11.650000466,11.5181134897,0.0338985701092,5,2,ok,
final_fct,direct,ifft,complex64,32768,256,contiguous,,direct_ifft_complex64_32768_256_contiguous_,49.3367490126,48.4228879213,0.839132000692,5,1,ok,
final_fct,direct,ifft,complex64,65536,1,contiguous,,direct_ifft_complex64_65536_1_contiguous_,0.46436698176,0.456648277274,0.00771870448564,5,54,ok,
final_fct,direct,ifft,complex64,65536,2,contiguous,,direct_ifft_complex64_65536_2_contiguous_,0.846675853245,0.843703746796,0.00237944768742,5,20,ok,
final_fct,direct,ifft,complex64,65536,4,contiguous,,direct_ifft_complex64_65536_4_contiguous_,1.62310010055,1.60609625163,0.0170038489159,5,20,ok,
final_fct,direct,ifft,complex64,65536,8,contiguous,,direct_ifft_complex64_65536_8_contiguous_,3.17338580498,3.13121289946,0.0279624131508,5,10,ok,
final_fct,direct,ifft,complex64,65536,16,contiguous,,direct_ifft_complex64_65536_16_contiguous_,6.22251101304,6.20468158741,0.00699497759342,5,5,ok,
final_fct,direct,ifft,complex64,65536,32,contiguous,,direct_ifft_complex64_65536_32_contiguous_,12.7625144669,12.68082147,0.0455705448985,5,2,ok,
final_fct,direct,ifft,complex64,65536,64,contiguous,,direct_ifft_complex64_65536_64_contiguous_,26.9644450163,26.805397938,0.0254079932347,5,1,ok,
final_fct,direct,ifft,complex64,65536,256,contiguous,,direct_ifft_complex64_65536_256_contiguous_,107.246975997,106.827731011,0.267500989139,5,1,ok,
final_fct,direct,ifft,complex128,64,1,contiguous,,direct_ifft_complex128_64_1_contiguous_,0.00523341335583,0.00514933495502,4.0654070381e-05,7,1645,ok,
final_fct,direct,ifft,complex128,64,2,contiguous,,direct_ifft_complex128_64_2_contiguous_,0.00591030255079,0.00585660710882,1.64879129785e-05,7,1914,ok,
final_fct,direct,ifft,complex128,64,4,contiguous,,direct_ifft_complex128_64_4_contiguous_,0.00631274350616,0.00621676436492,3.35323568842e-05,7,1914,ok,
final_fct,direct,ifft,complex128,64,8,contiguous,,direct_ifft_complex128_64_8_contiguous_,0.00707218050537,0.00701941396396,5.16868927093e-05,7,1773,ok,
final_fct,direct,ifft,complex128,64,16,contiguous,,direct_ifft_complex128_64_16_contiguous_,0.00842501454505,0.00836919854324,2.69966824152e-05,7,1516,ok,
final_fct,direct,ifft,complex128,64,32,contiguous,,direct_ifft_complex128_64_32_contiguous_,0.0110102706002,0.0109663041136,3.51598275076e-05,7,1164,ok,
final_fct,direct,ifft,complex128,64,64,contiguous,,direct_ifft_complex128_64_64_contiguous_,0.0161485143411,0.0160886875399,5.01790065265e-05,7,698,ok,
final_fct,direct,ifft,complex128,64,256,contiguous,,direct_ifft_complex128_64_256_contiguous_,0.0478312402265,0.0475479551824,0.000184189411812,7,200,ok,
final_fct,direct,ifft,complex128,256,1,contiguous,,direct_ifft_complex128_256_1_contiguous_,0.00652993693823,0.00644582340684,2.15085077515e-05,7,1648,ok,
final_fct,direct,ifft,complex128,256,2,contiguous,,direct_ifft_complex128_256_2_contiguous_,0.00798525783695,0.00788999473605,4.25334530944e-05,7,1524,ok,
final_fct,direct,ifft,complex128,256,4,contiguous,,direct_ifft_complex128_256_4_contiguous_,0.00969275215619,0.00960211292772,2.95124789618e-05,7,1364,ok,
final_fct,direct,ifft,complex128,256,8,contiguous,,direct_ifft_complex128_256_8_contiguous_,0.0130446997069,0.0130135834118,1.45738887591e-05,7,1049,ok,
final_fct,direct,ifft,complex128,256,16,contiguous,,direct_ifft_complex128_256_16_contiguous_,0.0195422224556,0.0193090676527,0.000175723845375,7,710,ok,
final_fct,direct,ifft,complex128,256,32,contiguous,,direct_ifft_complex128_256_32_contiguous_,0.034239385277,0.0340281351237,4.86400676891e-05,7,200,ok,
final_fct,direct,ifft,complex128,256,64,contiguous,,direct_ifft_complex128_256_64_contiguous_,0.0615902600111,0.0609704497037,7.90948979557e-05,7,200,ok,
final_fct,direct,ifft,complex128,256,256,contiguous,,direct_ifft_complex128_256_256_contiguous_,0.213415225599,0.212616702491,0.000347135806674,7,111,ok,
final_fct,direct,ifft,complex128,1024,1,contiguous,,direct_ifft_complex128_1024_1_contiguous_,0.0112022955207,0.0111821331513,1.86148822678e-05,7,1127,ok,
final_fct,direct,ifft,complex128,1024,2,contiguous,,direct_ifft_complex128_1024_2_contiguous_,0.0182355139603,0.0181720133551,3.59121891118e-05,7,751,ok,
final_fct,direct,ifft,complex128,1024,4,contiguous,,direct_ifft_complex128_1024_4_contiguous_,0.0265574032993,0.0263098507269,9.12561055623e-05,7,543,ok,
final_fct,direct,ifft,complex128,1024,8,contiguous,,direct_ifft_complex128_1024_8_contiguous_,0.0433490902651,0.0433264003368,2.26899283007e-05,7,200,ok,
final_fct,direct,ifft,complex128,1024,16,contiguous,,direct_ifft_complex128_1024_16_contiguous_,0.0763313699281,0.0762657501036,2.84553971142e-05,7,200,ok,
final_fct,direct,ifft,complex128,1024,32,contiguous,,direct_ifft_complex128_1024_32_contiguous_,0.140463434426,0.139965188823,5.93086172427e-05,7,175,ok,
final_fct,direct,ifft,complex128,1024,64,contiguous,,direct_ifft_complex128_1024_64_contiguous_,0.269638977453,0.269017135201,0.000198010690092,7,89,ok,
final_fct,direct,ifft,complex128,1024,256,contiguous,,direct_ifft_complex128_1024_256_contiguous_,1.05264310259,1.04827189934,0.00229630386457,7,20,ok,
final_fct,direct,ifft,complex128,2048,1,contiguous,,direct_ifft_complex128_2048_1_contiguous_,0.0175984980492,0.0175481915592,2.99630278188e-05,7,757,ok,
final_fct,direct,ifft,complex128,2048,2,contiguous,,direct_ifft_complex128_2048_2_contiguous_,0.0324861369076,0.0323073572767,2.43618643547e-05,7,431,ok,
final_fct,direct,ifft,complex128,2048,4,contiguous,,direct_ifft_complex128_2048_4_contiguous_,0.0512676249491,0.0506336352555,0.000301159452647,7,200,ok,
final_fct,direct,ifft,complex128,2048,8,contiguous,,direct_ifft_complex128_2048_8_contiguous_,0.0917734450195,0.0895823899191,0.00016420497559,7,200,ok,
final_fct,direct,ifft,complex128,2048,16,contiguous,,direct_ifft_complex128_2048_16_contiguous_,0.169664174286,0.168963139004,0.000325540895574,7,144,ok,
final_fct,direct,ifft,complex128,2048,32,contiguous,,direct_ifft_complex128_2048_32_contiguous_,0.313730026253,0.312381164654,0.00104574852069,7,79,ok,
final_fct,direct,ifft,complex128,2048,64,contiguous,,direct_ifft_complex128_2048_64_contiguous_,0.612791295862,0.609207100933,0.00158399343491,7,20,ok,
final_fct,direct,ifft,complex128,2048,256,contiguous,,direct_ifft_complex128_2048_256_contiguous_,2.39771242819,2.38892520844,0.00878721974524,7,14,ok,
final_fct,direct,ifft,complex128,3072,1,contiguous,,direct_ifft_complex128_3072_1_contiguous_,0.0245092081052,0.0243476295868,7.80093123334e-05,7,548,ok,
final_fct,direct,ifft,complex128,3072,2,contiguous,,direct_ifft_complex128_3072_2_contiguous_,0.0459525699262,0.0455145002343,0.000108900130726,7,200,ok,
final_fct,direct,ifft,complex128,3072,4,contiguous,,direct_ifft_complex128_3072_4_contiguous_,0.0757664599223,0.0756924250163,4.53350367025e-05,7,200,ok,
final_fct,direct,ifft,complex128,3072,8,contiguous,,direct_ifft_complex128_3072_8_contiguous_,0.133544120739,0.133334382315,0.000132490814628,7,183,ok,
final_fct,direct,ifft,complex128,3072,16,contiguous,,direct_ifft_complex128_3072_16_contiguous_,0.253663458958,0.252757479757,0.000414427631767,7,96,ok,
final_fct,direct,ifft,complex128,3072,32,contiguous,,direct_ifft_complex128_3072_32_contiguous_,0.483467051527,0.481628102716,0.000928755616769,7,20,ok,
final_fct,direct,ifft,complex128,3072,64,contiguous,,direct_ifft_complex128_3072_64_contiguous_,0.95108540263,0.948585750302,0.0014542543795,7,20,ok,
final_fct,direct,ifft,complex128,3072,256,contiguous,,direct_ifft_complex128_3072_256_contiguous_,3.83807100459,3.79959110998,0.00868632923812,7,9,ok,
final_fct,direct,ifft,complex128,3584,1,contiguous,,direct_ifft_complex128_3584_1_contiguous_,0.0268879331467,0.0268025099873,1.03421109589e-05,7,494,ok,
final_fct,direct,ifft,complex128,3584,2,contiguous,,direct_ifft_complex128_3584_2_contiguous_,0.0521762302378,0.0520386197604,0.000112254638225,7,200,ok,
final_fct,direct,ifft,complex128,3584,4,contiguous,,direct_ifft_complex128_3584_4_contiguous_,0.0840329949278,0.0838702952024,8.94698314369e-05,7,200,ok,
final_fct,direct,ifft,complex128,3584,8,contiguous,,direct_ifft_complex128_3584_8_contiguous_,0.14992985437,0.149557939872,0.000371914498056,7,165,ok,
final_fct,direct,ifft,complex128,3584,16,contiguous,,direct_ifft_complex128_3584_16_contiguous_,0.281171977721,0.280661943676,0.000131385273893,7,88,ok,
final_fct,direct,ifft,complex128,3584,32,contiguous,,direct_ifft_complex128_3584_32_contiguous_,0.545803795103,0.545138050802,0.000499893212691,7,20,ok,
final_fct,direct,ifft,complex128,3584,64,contiguous,,direct_ifft_complex128_3584_64_contiguous_,1.07774664648,1.0730598995,0.00157545437105,7,20,ok,
final_fct,direct,ifft,complex128,3584,256,contiguous,,direct_ifft_complex128_3584_256_contiguous_,4.4371522963,4.38642157574,0.0301408581436,7,7,ok,
final_fct,direct,ifft,complex128,4095,1,contiguous,,direct_ifft_complex128_4095_1_contiguous_,0.0432246805214,0.0431293679651,4.10781633178e-05,7,269,ok,
final_fct,direct,ifft,complex128,4095,2,contiguous,,direct_ifft_complex128_4095_2_contiguous_,0.0715573801426,0.0708746502642,0.000489770318381,7,200,ok,
final_fct,direct,ifft,complex128,4095,4,contiguous,,direct_ifft_complex128_4095_4_contiguous_,0.128891628665,0.12844508387,0.000446544794356,7,191,ok,
final_fct,direct,ifft,complex128,4095,8,contiguous,,direct_ifft_complex128_4095_8_contiguous_,0.243344815511,0.240677398024,0.00075462106977,7,103,ok,
final_fct,direct,ifft,complex128,4095,16,contiguous,,direct_ifft_complex128_4095_16_contiguous_,0.472488828774,0.468900577219,0.000895905451706,7,52,ok,
final_fct,direct,ifft,complex128,4095,32,contiguous,,direct_ifft_complex128_4095_32_contiguous_,0.934243353549,0.93296749983,0.000540044857189,7,20,ok,
final_fct,direct,ifft,complex128,4095,64,contiguous,,direct_ifft_complex128_4095_64_contiguous_,1.85897466468,1.85124578032,0.00109088917573,7,18,ok,
final_fct,direct,ifft,complex128,4095,256,contiguous,,direct_ifft_complex128_4095_256_contiguous_,7.83858675277,7.81264324905,0.0195692409761,7,4,ok,
final_fct,direct,ifft,complex128,4096,1,contiguous,,direct_ifft_complex128_4096_1_contiguous_,0.0318381852402,0.0317435177384,9.46675018007e-05,7,421,ok,
final_fct,direct,ifft,complex128,4096,2,contiguous,,direct_ifft_complex128_4096_2_contiguous_,0.0594706402626,0.0588990695542,0.000182040384971,7,200,ok,
final_fct,direct,ifft,complex128,4096,4,contiguous,,direct_ifft_complex128_4096_4_contiguous_,0.0995722500375,0.0994048401481,0.000141214695759,7,200,ok,
final_fct,direct,ifft,complex128,4096,8,contiguous,,direct_ifft_complex128_4096_8_contiguous_,0.176171460915,0.176015921789,0.000155539126367,7,141,ok,
final_fct,direct,ifft,complex128,4096,16,contiguous,,direct_ifft_complex128_4096_16_contiguous_,0.332729689576,0.332283054327,0.000446635248089,7,74,ok,
final_fct,direct,ifft,complex128,4096,32,contiguous,,direct_ifft_complex128_4096_32_contiguous_,0.647462694906,0.64464994939,0.00204385141842,7,20,ok,
final_fct,direct,ifft,complex128,4096,64,contiguous,,direct_ifft_complex128_4096_64_contiguous_,1.27318369923,1.2692613469,0.00299959792756,7,20,ok,
final_fct,direct,ifft,complex128,4096,256,contiguous,,direct_ifft_complex128_4096_256_contiguous_,5.42754099782,5.35948349473,0.038358499296,7,6,ok,
final_fct,direct,ifft,complex128,4097,1,contiguous,,direct_ifft_complex128_4097_1_contiguous_,0.116125005297,0.114748830092,0.000293449847959,5,200,ok,
final_fct,direct,ifft,complex128,4097,2,contiguous,,direct_ifft_complex128_4097_2_contiguous_,0.190745591186,0.190530392341,0.000177776440978,5,125,ok,
final_fct,direct,ifft,complex128,4097,4,contiguous,,direct_ifft_complex128_4097_4_contiguous_,0.36289957215,0.362234955366,0.0006646167843,5,68,ok,
final_fct,direct,ifft,complex128,4097,8,contiguous,,direct_ifft_complex128_4097_8_contiguous_,0.703671428242,0.70254500024,0.000322600161391,5,35,ok,
final_fct,direct,ifft,complex128,4097,16,contiguous,,direct_ifft_complex128_4097_16_contiguous_,1.40335449832,1.40056880191,0.000702851684764,5,20,ok,
final_fct,direct,ifft,complex128,4097,32,contiguous,,direct_ifft_complex128_4097_32_contiguous_,2.768601417,2.76690166599,0.00104932890584,5,12,ok,
final_fct,direct,ifft,complex128,4097,64,contiguous,,direct_ifft_complex128_4097_64_contiguous_,5.53282482239,5.52739133127,0.00254315091297,5,6,ok,
final_fct,direct,ifft,complex128,4097,256,contiguous,,direct_ifft_complex128_4097_256_contiguous_,22.5051230518,22.4278380629,0.0271509634331,5,1,ok,
final_fct,direct,ifft,complex128,4608,1,contiguous,,direct_ifft_complex128_4608_1_contiguous_,0.0351511902409,0.0350113748573,5.40498876944e-05,5,200,ok,
final_fct,direct,ifft,complex128,4608,2,contiguous,,direct_ifft_complex128_4608_2_contiguous_,0.0711060850881,0.0706988200545,0.000302764819935,5,200,ok,
final_fct,direct,ifft,complex128,4608,4,contiguous,,direct_ifft_complex128_4608_4_contiguous_,0.118304690113,0.11803548492,0.000213049934246,5,200,ok,
final_fct,direct,ifft,complex128,4608,8,contiguous,,direct_ifft_complex128_4608_8_contiguous_,0.216428388175,0.215860094739,0.000409137634239,5,116,ok,
final_fct,direct,ifft,complex128,4608,16,contiguous,,direct_ifft_complex128_4608_16_contiguous_,0.411456648726,0.409364746884,0.0020919018425,5,20,ok,
final_fct,direct,ifft,complex128,4608,32,contiguous,,direct_ifft_complex128_4608_32_contiguous_,0.802655902226,0.799327652203,0.00332825002261,5,20,ok,
final_fct,direct,ifft,complex128,4608,64,contiguous,,direct_ifft_complex128_4608_64_contiguous_,1.5666183026,1.56561644981,0.00100185279734,5,20,ok,
final_fct,direct,ifft,complex128,4608,256,contiguous,,direct_ifft_complex128_4608_256_contiguous_,6.60540619865,6.57694679685,0.0147518003359,5,5,ok,
final_fct,direct,ifft,complex128,8192,1,contiguous,,direct_ifft_complex128_8192_1_contiguous_,0.0625123403734,0.062396270223,0.000116070150398,5,200,ok,
final_fct,direct,ifft,complex128,8192,2,contiguous,,direct_ifft_complex128_8192_2_contiguous_,0.117864864878,0.117715735105,0.00014912977349,5,200,ok,
final_fct,direct,ifft,complex128,8192,4,contiguous,,direct_ifft_complex128_8192_4_contiguous_,0.209948745501,0.209117194803,0.000436830736886,5,118,ok,
final_fct,direct,ifft,complex128,8192,8,contiguous,,direct_ifft_complex128_8192_8_contiguous_,0.386078381867,0.385737414324,0.000272411853075,5,63,ok,
final_fct,direct,ifft,complex128,8192,16,contiguous,,direct_ifft_complex128_8192_16_contiguous_,0.743367854739,0.740999897243,0.00081000616774,5,20,ok,
final_fct,direct,ifft,complex128,8192,32,contiguous,,direct_ifft_complex128_8192_32_contiguous_,1.45279410062,1.45135539933,0.0014387012925,5,20,ok,
final_fct,direct,ifft,complex128,8192,64,contiguous,,direct_ifft_complex128_8192_64_contiguous_,2.89888725577,2.89362400266,0.00413525655555,5,12,ok,
final_fct,direct,ifft,complex128,8192,256,contiguous,,direct_ifft_complex128_8192_256_contiguous_,13.8637620257,13.8573850272,0.00410754000768,5,2,ok,
final_fct,direct,ifft,complex128,16384,1,contiguous,,direct_ifft_complex128_16384_1_contiguous_,0.185955500153,0.185774545764,0.000157264752709,5,132,ok,
final_fct,direct,ifft,complex128,16384,2,contiguous,,direct_ifft_complex128_16384_2_contiguous_,0.373119454845,0.372118500033,0.000658968929201,5,66,ok,
final_fct,direct,ifft,complex128,16384,4,contiguous,,direct_ifft_complex128_16384_4_contiguous_,0.718065236202,0.717385148164,0.00067861572675,5,34,ok,
final_fct,direct,ifft,complex128,16384,8,contiguous,,direct_ifft_complex128_16384_8_contiguous_,1.42932715244,1.42875310266,0.000574049772695,5,20,ok,
final_fct,direct,ifft,complex128,16384,16,contiguous,,direct_ifft_complex128_16384_16_contiguous_,2.82975942052,2.8120027467,0.00446759319554,5,12,ok,
final_fct,direct,ifft,complex128,16384,32,contiguous,,direct_ifft_complex128_16384_32_contiguous_,5.65446932645,5.65093600502,0.00353332143277,5,6,ok,
final_fct,direct,ifft,complex128,16384,64,contiguous,,direct_ifft_complex128_16384_64_contiguous_,11.6385190049,11.6186519735,0.0198670313694,5,2,ok,
final_fct,direct,ifft,complex128,16384,256,contiguous,,direct_ifft_complex128_16384_256_contiguous_,50.0152800232,49.623535946,0.127839040942,5,1,ok,
final_fct,direct,ifft,complex128,32768,1,contiguous,,direct_ifft_complex128_32768_1_contiguous_,0.431670891968,0.430166981691,0.00121536326002,5,55,ok,
final_fct,direct,ifft,complex128,32768,2,contiguous,,direct_ifft_complex128_32768_2_contiguous_,0.849163962592,0.847889824995,0.00127413759715,5,29,ok,
final_fct,direct,ifft,complex128,32768,4,contiguous,,direct_ifft_complex128_32768_4_contiguous_,1.69261730043,1.68081374723,0.00099734752439,5,20,ok,
final_fct,direct,ifft,complex128,32768,8,contiguous,,direct_ifft_complex128_32768_8_contiguous_,3.4506150987,3.40213729069,0.0146124046296,5,10,ok,
final_fct,direct,ifft,complex128,32768,16,contiguous,,direct_ifft_complex128_32768_16_contiguous_,6.94625050528,6.90617025248,0.0102917547338,5,4,ok,
final_fct,direct,ifft,complex128,32768,32,contiguous,,direct_ifft_complex128_32768_32_contiguous_,14.6191269741,14.282446471,0.128129962832,5,2,ok,
final_fct,direct,ifft,complex128,32768,64,contiguous,,direct_ifft_complex128_32768_64_contiguous_,30.6177679449,30.2767689573,0.0626371474937,5,1,ok,
final_fct,direct,ifft,complex128,32768,256,contiguous,,direct_ifft_complex128_32768_256_contiguous_,121.508367942,120.484471088,0.274755060673,5,1,ok,
final_fct,direct,ifft,complex128,65536,1,contiguous,,direct_ifft_complex128_65536_1_contiguous_,0.932645733253,0.927841693808,0.00298057700722,5,26,ok,
final_fct,direct,ifft,complex128,65536,2,contiguous,,direct_ifft_complex128_65536_2_contiguous_,1.89480900169,1.87642399558,0.00824933199005,5,18,ok,
final_fct,direct,ifft,complex128,65536,4,contiguous,,direct_ifft_complex128_65536_4_contiguous_,3.79535099233,3.743880105,0.0144147650442,5,9,ok,
final_fct,direct,ifft,complex128,65536,8,contiguous,,direct_ifft_complex128_65536_8_contiguous_,7.55946899881,7.49743523193,0.0375405070372,5,4,ok,
final_fct,direct,ifft,complex128,65536,16,contiguous,,direct_ifft_complex128_65536_16_contiguous_,15.768139041,15.5134969973,0.0366534804925,5,2,ok,
final_fct,direct,ifft,complex128,65536,32,contiguous,,direct_ifft_complex128_65536_32_contiguous_,33.1512129633,32.7964479802,0.180679024197,5,1,ok,
final_fct,direct,ifft,complex128,65536,64,contiguous,,direct_ifft_complex128_65536_64_contiguous_,65.3972110013,65.2912619989,0.105949002318,5,1,ok,
final_fct,direct,ifft,complex128,65536,256,contiguous,,direct_ifft_complex128_65536_256_contiguous_,261.193442042,259.164661984,2.01257003937,5,1,ok,
final_fct,direct,rfft,float32,64,1,contiguous,,direct_rfft_float32_64_1_contiguous_,0.00419114882685,0.00413126152605,9.6557284267e-06,7,1243,ok,
final_fct,direct,rfft,float32,64,2,contiguous,,direct_rfft_float32_64_2_contiguous_,0.0044446769216,0.0043996612781,1.17818372937e-05,7,1535,ok,
final_fct,direct,rfft,float32,64,4,contiguous,,direct_rfft_float32_64_4_contiguous_,0.00480030599283,0.00468775053741,2.72460165434e-05,7,2000,ok,
final_fct,direct,rfft,float32,64,8,contiguous,,direct_rfft_float32_64_8_contiguous_,0.00526291248389,0.00523307651747,1.35854934342e-05,7,2000,ok,
final_fct,direct,rfft,float32,64,16,contiguous,,direct_rfft_float32_64_16_contiguous_,0.00624469103059,0.00619972753339,8.95652920008e-06,7,2000,ok,
final_fct,direct,rfft,float32,64,32,contiguous,,direct_rfft_float32_64_32_contiguous_,0.00823105040764,0.00816961179975,1.55865958297e-05,7,1587,ok,
final_fct,direct,rfft,float32,64,64,contiguous,,direct_rfft_float32_64_64_contiguous_,0.0120929114037,0.0120675291212,2.3475134475e-05,7,1151,ok,
final_fct,direct,rfft,float32,64,256,contiguous,,direct_rfft_float32_64_256_contiguous_,0.0352530303644,0.0350716896355,7.40354880691e-05,7,200,ok,
final_fct,direct,rfft,float32,256,1,contiguous,,direct_rfft_float32_256_1_contiguous_,0.00493298453512,0.00491759600118,1.19375763461e-05,7,2000,ok,
final_fct,direct,rfft,float32,256,2,contiguous,,direct_rfft_float32_256_2_contiguous_,0.00535811099689,0.0053410694818,1.2714008335e-05,7,2000,ok,
final_fct,direct,rfft,float32,256,4,contiguous,,direct_rfft_float32_256_4_contiguous_,0.00658514055296,0.00654619135509,1.55654871094e-05,7,1949,ok,
final_fct,direct,rfft,float32,256,8,contiguous,,direct_rfft_float32_256_8_contiguous_,0.00862965297118,0.00854313060677,2.55179447519e-05,7,1585,ok,
final_fct,direct,rfft,float32,256,16,contiguous,,direct_rfft_float32_256_16_contiguous_,0.0125400577874,0.0123912419171,3.56253999746e-05,7,1108,ok,
final_fct,direct,rfft,float32,256,32,contiguous,,direct_rfft_float32_256_32_contiguous_,0.0202384049771,0.0201573048253,6.17647310719e-05,7,200,ok,
final_fct,direct,rfft,float32,256,64,contiguous,,direct_rfft_float32_256_64_contiguous_,0.0358687347034,0.0357324298238,0.000106504303403,7,200,ok,
final_fct,direct,rfft,float32,256,256,contiguous,,direct_rfft_float32_256_256_contiguous_,0.130912620501,0.129158236699,0.00012661085317,7,190,ok,
final_fct,direct,rfft,float32,1024,1,contiguous,,direct_rfft_float32_1024_1_contiguous_,0.00760912290802,0.00756158882409,2.01209725158e-05,7,1554,ok,
final_fct,direct,rfft,float32,1024,2,contiguous,,direct_rfft_float32_1024_2_contiguous_,0.00960961523435,0.00937973950086,0.000115365231226,7,1336,ok,
final_fct,direct,rfft,float32,1024,4,contiguous,,direct_rfft_float32_1024_4_contiguous_,0.0140009385247,0.0138426308295,8.06559890427e-05,7,910,ok,
final_fct,direct,rfft,float32,1024,8,contiguous,,direct_rfft_float32_1024_8_contiguous_,0.0223800149979,0.0221232848708,5.41051849723e-05,7,200,ok,
final_fct,direct,rfft,float32,1024,16,contiguous,,direct_rfft_float32_1024_16_contiguous_,0.0386633200105,0.0385357800405,0.000125484657474,7,200,ok,
final_fct,direct,rfft,float32,1024,32,contiguous,,direct_rfft_float32_1024_32_contiguous_,0.0717909145169,0.0710247800453,0.000355814700015,7,200,ok,
final_fct,direct,rfft,float32,1024,64,contiguous,,direct_rfft_float32_1024_64_contiguous_,0.137274359348,0.136823679619,0.000334166000643,7,181,ok,
final_fct,direct,rfft,float32,1024,256,contiguous,,direct_rfft_float32_1024_256_contiguous_,0.529549847124,0.527120300103,0.00196014880203,7,20,ok,
final_fct,direct,rfft,float32,2048,1,contiguous,,direct_rfft_float32_2048_1_contiguous_,0.0113855898902,0.0113046964901,4.00307807859e-05,7,1107,ok,
final_fct,direct,rfft,float32,2048,2,contiguous,,direct_rfft_float32_2048_2_contiguous_,0.0151452653513,0.0149839775937,0.00012377034539,7,893,ok,
final_fct,direct,rfft,float32,2048,4,contiguous,,direct_rfft_float32_2048_4_contiguous_,0.0247790600406,0.0246066896943,9.33755654842e-05,7,200,ok,
final_fct,direct,rfft,float32,2048,8,contiguous,,direct_rfft_float32_2048_8_contiguous_,0.0429130252451,0.0426792900544,0.000127739622258,7,200,ok,
final_fct,direct,rfft,float32,2048,16,contiguous,,direct_rfft_float32_2048_16_contiguous_,0.078719445155,0.0785686651943,0.000150779960677,7,200,ok,
final_fct,direct,rfft,float32,2048,32,contiguous,,direct_rfft_float32_2048_32_contiguous_,0.150683620687,0.149636963489,0.000503536240837,7,166,ok,
final_fct,direct,rfft,float32,2048,64,contiguous,,direct_rfft_float32_2048_64_contiguous_,0.294096849393,0.29171089991,0.000771455233917,7,20,ok,
final_fct,direct,rfft,float32,2048,256,contiguous,,direct_rfft_float32_2048_256_contiguous_,1.15063065314,1.14295880194,0.000702345278114,7,20,ok,
final_fct,direct,rfft,float32,3072,1,contiguous,,direct_rfft_float32_3072_1_contiguous_,0.0144655992475,0.0143506574566,8.57202161835e-05,7,876,ok,
final_fct,direct,rfft,float32,3072,2,contiguous,,direct_rfft_float32_3072_2_contiguous_,0.0212641304825,0.0211607350502,6.96297502145e-05,7,200,ok,
final_fct,direct,rfft,float32,3072,4,contiguous,,direct_rfft_float32_3072_4_contiguous_,0.0344839901663,0.0341740099248,0.000151429558173,7,200,ok,
final_fct,direct,rfft,float32,3072,8,contiguous,,direct_rfft_float32_3072_8_contiguous_,0.0611977250082,0.0609628850361,0.000100189936347,7,200,ok,
final_fct,direct,rfft,float32,3072,16,contiguous,,direct_rfft_float32_3072_16_contiguous_,0.114775575348,0.11450131482,0.000183894881047,7,200,ok,
final_fct,direct,rfft,float32,3072,32,contiguous,,direct_rfft_float32_3072_32_contiguous_,0.220518000424,0.21893454832,0.00157299800776,7,20,ok,
final_fct,direct,rfft,float32,3072,64,contiguous,,direct_rfft_float32_3072_64_contiguous_,0.43337524985,0.432507600635,0.00033465330489,7,20,ok,
final_fct,direct,rfft,float32,3072,256,contiguous,,direct_rfft_float32_3072_256_contiguous_,1.70914930059,1.70671775122,0.0024315493647,7,20,ok,
final_fct,direct,rfft,float32,3584,1,contiguous,,direct_rfft_float32_3584_1_contiguous_,0.0213488310692,0.0211117197371,9.82383628272e-05,7,432,ok,
final_fct,direct,rfft,float32,3584,2,contiguous,,direct_rfft_float32_3584_2_contiguous_,0.0319159246283,0.0317586853635,0.000106455408968,7,200,ok,
final_fct,direct,rfft,float32,3584,4,contiguous,,direct_rfft_float32_3584_4_contiguous_,0.04685586493,0.0465058546979,0.00021685496904,7,200,ok,
final_fct,direct,rfft,float32,3584,8,contiguous,,direct_rfft_float32_3584_8_contiguous_,0.0846458447631,0.0841245200718,0.000230529694818,7,200,ok,
final_fct,direct,rfft,float32,3584,16,contiguous,,direct_rfft_float32_3584_16_contiguous_,0.159308126507,0.158295160315,0.000564119933794,7,150,ok,
final_fct,direct,rfft,float32,3584,32,contiguous,,direct_rfft_float32_3584_32_contiguous_,0.312305951957,0.310804648325,0.00120879849419,7,20,ok,
final_fct,direct,rfft,float32,3584,64,contiguous,,direct_rfft_float32_3584_64_contiguous_,0.605466548586,0.603684753878,0.00136455637403,7,20,ok,
final_fct,direct,rfft,float32,3584,256,contiguous,,direct_rfft_float32_3584_256_contiguous_,2.43971178341,2.42204364622,0.00353450221675,7,14,ok,
final_fct,direct,rfft,float32,4095,1,contiguous,,direct_rfft_float32_4095_1_contiguous_,0.0303606350986,0.0301308199428,0.000135943302399,7,422,ok,
final_fct,direct,rfft,float32,4095,2,contiguous,,direct_rfft_float32_4095_2_contiguous_,0.0446638098219,0.0436306197662,0.000176125322469,7,200,ok,
final_fct,direct,rfft,float32,4095,4,contiguous,,direct_rfft_float32_4095_4_contiguous_,0.0567313603824,0.0554446002934,0.000206890399568,7,200,ok,
final_fct,direct,rfft,float32,4095,8,contiguous,,direct_rfft_float32_4095_8_contiguous_,0.103225994972,0.102653125068,0.00021405518055,7,200,ok,
final_fct,direct,rfft,float32,4095,16,contiguous,,direct_rfft_float32_4095_16_contiguous_,0.193469735794,0.192559463903,0.000910271890461,7,125,ok,
final_fct,direct,rfft,float32,4095,32,contiguous,,direct_rfft_float32_4095_32_contiguous_,0.373995996779,0.373162445612,0.000833551166579,7,20,ok,
final_fct,direct,rfft,float32,4095,64,contiguous,,direct_rfft_float32_4095_64_contiguous_,0.741597998422,0.741117604775,0.000479852315038,7,20,ok,
final_fct,direct,rfft,float32,4095,256,contiguous,,direct_rfft_float32_4095_256_contiguous_,2.93704563625,2.93508563614,0.000365364195948,7,11,ok,
final_fct,direct,rfft,float32,4096,1,contiguous,,direct_rfft_float32_4096_1_contiguous_,0.0176993529969,0.0176433678529,1.98617040011e-05,7,745,ok,
final_fct,direct,rfft,float32,4096,2,contiguous,,direct_rfft_float32_4096_2_contiguous_,0.0265504798153,0.0264868099475,6.36698678136e-05,7,200,ok,
final_fct,direct,rfft,float32,4096,4,contiguous,,direct_rfft_float32_4096_4_contiguous_,0.0448945903918,0.0448336248519,6.09655398875e-05,7,200,ok,
final_fct,direct,rfft,float32,4096,8,contiguous,,direct_rfft_float32_4096_8_contiguous_,0.0812845950713,0.0810901349178,0.000146370148286,7,200,ok,
final_fct,direct,rfft,float32,4096,16,contiguous,,direct_rfft_float32_4096_16_contiguous_,0.153076165767,0.151746742073,0.000449552406425,7,163,ok,
final_fct,direct,rfft,float32,4096,32,contiguous,,direct_rfft_float32_4096_32_contiguous_,0.295983901015,0.295462901704,0.000472948886454,7,20,ok,
final_fct,direct,rfft,float32,4096,64,contiguous,,direct_rfft_float32_4096_64_contiguous_,0.579337653471,0.573965051444,0.00176330213435,7,20,ok,
final_fct,direct,rfft,float32,4096,256,contiguous,,direct_rfft_float32_4096_256_contiguous_,2.28698692905,2.2825612609,0.0042686626936,7,15,ok,
final_fct,direct,rfft,float32,4097,1,contiguous,,direct_rfft_float32_4097_1_contiguous_,0.135870836806,0.135571005875,0.000299830931459,5,178,ok,
final_fct,direct,rfft,float32,4097,2,contiguous,,direct_rfft_float32_4097_2_contiguous_,0.252932618545,0.252068216778,0.000236618342166,5,97,ok,
final_fct,direct,rfft,float32,4097,4,contiguous,,direct_rfft_float32_4097_4_contiguous_,0.196640676723,0.196249078497,0.000206125702152,5,127,ok,
final_fct,direct,rfft,float32,4097,8,contiguous,,direct_rfft_float32_4097_8_contiguous_,0.374913122152,0.374783802368,0.000129319783865,5,66,ok,
final_fct,direct,rfft,float32,4097,16,contiguous,,direct_rfft_float32_4097_16_contiguous_,0.735309754964,0.732799002435,0.00118120806292,5,20,ok,
final_fct,direct,rfft,float32,4097,32,contiguous,,direct_rfft_float32_4097_32_contiguous_,1.44219975336,1.43872429617,0.00205939868465,5,20,ok,
final_fct,direct,rfft,float32,4097,64,contiguous,,direct_rfft_float32_4097_64_contiguous_,2.89741866679,2.89489050435,0.00202708179131,5,12,ok,
final_fct,direct,rfft,float32,4097,256,contiguous,,direct_rfft_float32_4097_256_contiguous_,11.538235005,11.4897306388,0.0241919963931,5,3,ok,
final_fct,direct,rfft,float32,4608,1,contiguous,,direct_rfft_float32_4608_1_contiguous_,0.0218386051711,0.0217920698924,4.4935150072e-05,5,200,ok,
final_fct,direct,rfft,float32,4608,2,contiguous,,direct_rfft_float32_4608_2_contiguous_,0.0327450799523,0.0326317199506,0.000113360001706,5,200,ok,
final_fct,direct,rfft,float32,4608,4,contiguous,,direct_rfft_float32_4608_4_contiguous_,0.0505567446817,0.050023944932,0.000176880275831,5,200,ok,
final_fct,direct,rfft,float32,4608,8,contiguous,,direct_rfft_float32_4608_8_contiguous_,0.0920913397567,0.0918886100408,0.000139059848152,5,200,ok,
final_fct,direct,rfft,float32,4608,16,contiguous,,direct_rfft_float32_4608_16_contiguous_,0.174151698593,0.173428351991,0.000723346602172,5,20,ok,
final_fct,direct,rfft,float32,4608,32,contiguous,,direct_rfft_float32_4608_32_contiguous_,0.338880252093,0.338351697428,0.000528554664925,5,20,ok,
final_fct,direct,rfft,float32,4608,64,contiguous,,direct_rfft_float32_4608_64_contiguous_,0.667488703039,0.666221848223,0.00110459513962,5,20,ok,
final_fct,direct,rfft,float32,4608,256,contiguous,,direct_rfft_float32_4608_256_contiguous_,2.63279739302,2.61381377932,0.0189836136997,5,5,ok,
final_fct,direct,rfft,float32,8192,1,contiguous,,direct_rfft_float32_8192_1_contiguous_,0.0341572251637,0.0340819353005,5.08449738845e-05,5,200,ok,
final_fct,direct,rfft,float32,8192,2,contiguous,,direct_rfft_float32_8192_2_contiguous_,0.0527650298318,0.0526448548771,0.000105649814941,5,200,ok,
final_fct,direct,rfft,float32,8192,4,contiguous,,direct_rfft_float32_8192_4_contiguous_,0.0883044447983,0.0880566303385,0.000141864875332,5,200,ok,
final_fct,direct,rfft,float32,8192,8,contiguous,,direct_rfft_float32_8192_8_contiguous_,0.161443558044,0.160714525989,0.000370234740874,5,154,ok,
final_fct,direct,rfft,float32,8192,16,contiguous,,direct_rfft_float32_8192_16_contiguous_,0.311881699599,0.30995105044,0.000760849798098,5,20,ok,
final_fct,direct,rfft,float32,8192,32,contiguous,,direct_rfft_float32_8192_32_contiguous_,0.608083949191,0.604461203329,0.00213249586523,5,20,ok,
final_fct,direct,rfft,float32,8192,64,contiguous,,direct_rfft_float32_8192_64_contiguous_,1.20369354845,1.19523069588,0.00122330384329,5,20,ok,
final_fct,direct,rfft,float32,8192,256,contiguous,,direct_rfft_float32_8192_256_contiguous_,4.77026680019,4.73568600137,0.0183524098247,5,5,ok,
final_fct,direct,rfft,float32,16384,1,contiguous,,direct_rfft_float32_16384_1_contiguous_,0.0806668394944,0.0804370600963,0.000177134643309,5,200,ok,
final_fct,direct,rfft,float32,16384,2,contiguous,,direct_rfft_float32_16384_2_contiguous_,0.129613659652,0.129385272295,0.000223717335319,5,191,ok,
final_fct,direct,rfft,float32,16384,4,contiguous,,direct_rfft_float32_16384_4_contiguous_,0.202452449594,0.201414499315,0.00080267394272,5,120,ok,
final_fct,direct,rfft,float32,16384,8,contiguous,,direct_rfft_float32_16384_8_contiguous_,0.386453798274,0.385128351627,0.00132544664666,5,20,ok,
final_fct,direct,rfft,float32,16384,16,contiguous,,direct_rfft_float32_16384_16_contiguous_,0.752937752986,0.752547499724,0.000243401154876,5,20,ok,
final_fct,direct,rfft,float32,16384,32,contiguous,,direct_rfft_float32_16384_32_contiguous_,1.48549234727,1.47832994699,0.00252169556916,5,20,ok,
final_fct,direct,rfft,float32,16384,64,contiguous,,direct_rfft_float32_16384_64_contiguous_,2.94260790741,2.93909045021,0.00351745719937,5,11,ok,
final_fct,direct,rfft,float32,16384,256,contiguous,,direct_rfft_float32_16384_256_contiguous_,11.7428145022,11.7326155305,0.0101989717223,5,2,ok,
final_fct,direct,rfft,float32,32768,1,contiguous,,direct_rfft_float32_32768_1_contiguous_,0.178651255386,0.178294459419,0.00019920446033,5,137,ok,
final_fct,direct,rfft,float32,32768,2,contiguous,,direct_rfft_float32_32768_2_contiguous_,0.277575356368,0.275645410228,0.00106799933645,5,90,ok,
final_fct,direct,rfft,float32,32768,4,contiguous,,direct_rfft_float32_32768_4_contiguous_,0.422278448241,0.421904749237,0.000301102409139,5,20,ok,
final_fct,direct,rfft,float32,32768,8,contiguous,,direct_rfft_float32_32768_8_contiguous_,0.832129147602,0.830831151688,0.000794453080744,5,20,ok,
final_fct,direct,rfft,float32,32768,16,contiguous,,direct_rfft_float32_32768_16_contiguous_,1.65546974749,1.65157394949,0.00114965368994,5,20,ok,
final_fct,direct,rfft,float32,32768,32,contiguous,,direct_rfft_float32_32768_32_contiguous_,3.29805130605,3.29452570295,0.00352560309693,5,10,ok,
final_fct,direct,rfft,float32,32768,64,contiguous,,direct_rfft_float32_32768_64_contiguous_,6.59244980197,6.55141100287,0.00468681100756,5,5,ok,
final_fct,direct,rfft,float32,32768,256,contiguous,,direct_rfft_float32_32768_256_contiguous_,28.5210210131,28.489031014,0.0305969733745,5,1,ok,
final_fct,direct,rfft,float32,65536,1,contiguous,,direct_rfft_float32_65536_1_contiguous_,0.357470579742,0.356926651928,0.000543927814326,5,69,ok,
final_fct,direct,rfft,float32,65536,2,contiguous,,direct_rfft_float32_65536_2_contiguous_,0.584188703215,0.580197200179,0.00111859990284,5,20,ok,
final_fct,direct,rfft,float32,65536,4,contiguous,,direct_rfft_float32_65536_4_contiguous_,0.866070145275,0.861737551168,0.00317945377901,5,20,ok,
final_fct,direct,rfft,float32,65536,8,contiguous,,direct_rfft_float32_65536_8_contiguous_,1.71129934606,1.70786284725,0.00288135488518,5,20,ok,
final_fct,direct,rfft,float32,65536,16,contiguous,,direct_rfft_float32_65536_16_contiguous_,3.40779890539,3.39201630559,0.010737113189,5,10,ok,
final_fct,direct,rfft,float32,65536,32,contiguous,,direct_rfft_float32_65536_32_contiguous_,6.81209519971,6.77218639757,0.0152906170115,5,5,ok,
final_fct,direct,rfft,float32,65536,64,contiguous,,direct_rfft_float32_65536_64_contiguous_,13.6606370215,13.5449349764,0.11570204515,5,2,ok,
final_fct,direct,rfft,float32,65536,256,contiguous,,direct_rfft_float32_65536_256_contiguous_,58.6772540119,58.552891016,0.124362995848,5,1,ok,
final_fct,direct,rfft,float64,64,1,contiguous,,direct_rfft_float64_64_1_contiguous_,0.00405515790153,0.004015257011,1.84915358306e-05,7,1957,ok,
final_fct,direct,rfft,float64,64,2,contiguous,,direct_rfft_float64_64_2_contiguous_,0.00421296100831,0.0041897475021,2.32135062106e-05,7,2000,ok,
final_fct,direct,rfft,float64,64,4,contiguous,,direct_rfft_float64_64_4_contiguous_,0.00443860900123,0.00441912701353,1.94819876924e-05,7,2000,ok,
final_fct,direct,rfft,float64,64,8,contiguous,,direct_rfft_float64_64_8_contiguous_,0.00477805949049,0.00475271698087,7.98498513177e-06,7,2000,ok,
final_fct,direct,rfft,float64,64,16,contiguous,,direct_rfft_float64_64_16_contiguous_,0.00546080846107,0.00543627201114,1.68465194292e-05,7,2000,ok,
final_fct,direct,rfft,float64,64,32,contiguous,,direct_rfft_float64_64_32_contiguous_,0.00666792336109,0.00664538920755,7.8897244003e-06,7,979,ok,
final_fct,direct,rfft,float64,64,64,contiguous,,direct_rfft_float64_64_64_contiguous_,0.00884775110256,0.00884006905646,6.38304830374e-06,7,1535,ok,
final_fct,direct,rfft,float64,64,256,contiguous,,direct_rfft_float64_64_256_contiguous_,0.0234533299226,0.0232520047575,2.9705115594e-05,7,200,ok,
final_fct,direct,rfft,float64,256,1,contiguous,,direct_rfft_float64_256_1_contiguous_,0.00488136801869,0.00486024300335,5.81599306315e-06,7,2000,ok,
final_fct,direct,rfft,float64,256,2,contiguous,,direct_rfft_float64_256_2_contiguous_,0.00511448946781,0.00510188098997,4.78897709399e-06,7,2000,ok,
final_fct,direct,rfft,float64,256,4,contiguous,,direct_rfft_float64_256_4_contiguous_,0.00575026549632,0.00571239448618,9.65798972175e-06,7,2000,ok,
final_fct,direct,rfft,float64,256,8,contiguous,,direct_rfft_float64_256_8_contiguous_,0.00674506815082,0.00670976589944,9.65697978323e-06,7,1717,ok,
final_fct,direct,rfft,float64,256,16,contiguous,,direct_rfft_float64_256_16_contiguous_,0.00880425986497,0.00878363442105,9.19093407111e-06,7,1466,ok,
final_fct,direct,rfft,float64,256,32,contiguous,,direct_rfft_float64_256_32_contiguous_,0.0132200599182,0.0131278845947,2.46003037319e-05,7,200,ok,
final_fct,direct,rfft,float64,256,64,contiguous,,direct_rfft_float64_256_64_contiguous_,0.0221783400048,0.0221260951366,5.22448681295e-05,7,200,ok,
final_fct,direct,rfft,float64,256,256,contiguous,,direct_rfft_float64_256_256_contiguous_,0.0765310949646,0.0762323348317,0.00010289484635,7,200,ok,
final_fct,direct,rfft,float64,1024,1,contiguous,,direct_rfft_float64_1024_1_contiguous_,0.00754276818344,0.00749895801968,1.54868119576e-05,7,1596,ok,
final_fct,direct,rfft,float64,1024,2,contiguous,,direct_rfft_float64_1024_2_contiguous_,0.00824405711812,0.00818779658749,2.03989587939e-05,7,1524,ok,
final_fct,direct,rfft,float64,1024,4,contiguous,,direct_rfft_float64_1024_4_contiguous_,0.0107223244307,0.0106760161864,2.96746987946e-05,7,1236,ok,
final_fct,direct,rfft,float64,1024,8,contiguous,,direct_rfft_float64_1024_8_contiguous_,0.0161250546807,0.0160663900897,1.73348234966e-05,7,200,ok,
final_fct,direct,rfft,float64,1024,16,contiguous,,direct_rfft_float64_1024_16_contiguous_,0.0269564398332,0.0268213346135,7.45902070776e-05,7,200,ok,
final_fct,direct,rfft,float64,1024,32,contiguous,,direct_rfft_float64_1024_32_contiguous_,0.0481698702788,0.0478559848852,4.20794822276e-05,7,200,ok,
final_fct,direct,rfft,float64,1024,64,contiguous,,direct_rfft_float64_1024_64_contiguous_,0.0902709795628,0.0899490801385,0.000272960169241,7,200,ok,
final_fct,direct,rfft,float64,1024,256,contiguous,,direct_rfft_float64_1024_256_contiguous_,0.337116449373,0.334598700283,0.00132349669002,7,20,ok,
final_fct,direct,rfft,float64,2048,1,contiguous,,direct_rfft_float64_2048_1_contiguous_,0.0114686419412,0.011434768242,3.32671972011e-05,7,958,ok,
final_fct,direct,rfft,float64,2048,2,contiguous,,direct_rfft_float64_2048_2_contiguous_,0.0137071597462,0.0136019080535,6.69909556395e-05,7,989,ok,
final_fct,direct,rfft,float64,2048,4,contiguous,,direct_rfft_float64_2048_4_contiguous_,0.0209227896994,0.0202551903203,9.58296004683e-05,7,200,ok,
final_fct,direct,rfft,float64,2048,8,contiguous,,direct_rfft_float64_2048_8_contiguous_,0.0350439397153,0.0348505249713,7.894996088e-05,7,200,ok,
final_fct,direct,rfft,float64,2048,16,contiguous,,direct_rfft_float64_2048_16_contiguous_,0.062808090006,0.0623324001208,0.000136760063469,7,200,ok,
final_fct,direct,rfft,float64,2048,32,contiguous,,direct_rfft_float64_2048_32_contiguous_,0.116679795319,0.115038920194,0.000944969360717,7,200,ok,
final_fct,direct,rfft,float64,2048,64,contiguous,,direct_rfft_float64_2048_64_contiguous_,0.228549551684,0.224708853057,0.000499450834468,7,20,ok,
final_fct,direct,rfft,float64,2048,256,contiguous,,direct_rfft_float64_2048_256_contiguous_,0.879864499439,0.875057000667,0.00323359854519,7,20,ok,
final_fct,direct,rfft,float64,3072,1,contiguous,,direct_rfft_float64_3072_1_contiguous_,0.015229496402,0.0150916908682,7.71350818752e-05,7,844,ok,
final_fct,direct,rfft,float64,3072,2,contiguous,,direct_rfft_float64_3072_2_contiguous_,0.017851840239,0.0176798651228,0.000150934793055,7,200,ok,
final_fct,direct,rfft,float64,3072,4,contiguous,,direct_rfft_float64_3072_4_contiguous_,0.0278989051003,0.0275782047538,0.000320700346492,7,200,ok,
final_fct,direct,rfft,float64,3072,8,contiguous,,direct_rfft_float64_3072_8_contiguous_,0.0477779400535,0.0475573801668,0.000157445319928,7,200,ok,
final_fct,direct,rfft,float64,3072,16,contiguous,,direct_rfft_float64_3072_16_contiguous_,0.0872665003408,0.0870804546867,0.000122885103337,7,200,ok,
final_fct,direct,rfft,float64,3072,32,contiguous,,direct_rfft_float64_3072_32_contiguous_,0.16498049954,0.16471449635,0.000266003189608,7,20,ok,
final_fct,direct,rfft,float64,3072,64,contiguous,,direct_rfft_float64_3072_64_contiguous_,0.32085700077,0.319102202775,0.000583101063967,7,20,ok,
final_fct,direct,rfft,float64,3072,256,contiguous,,direct_rfft_float64_3072_256_contiguous_,1.25804184936,1.25562985195,0.00239300425164,7,20,ok,
final_fct,direct,rfft,float64,3584,1,contiguous,,direct_rfft_float64_3584_1_contiguous_,0.0186747147579,0.0185516310942,0.000121513049501,7,645,ok,
final_fct,direct,rfft,float64,3584,2,contiguous,,direct_rfft_float64_3584_2_contiguous_,0.0274599302793,0.0271347747184,0.000110905384645,7,200,ok,
final_fct,direct,rfft,float64,3584,4,contiguous,,direct_rfft_float64_3584_4_contiguous_,0.0465448299656,0.0463775149547,0.000124034704641,7,200,ok,
final_fct,direct,rfft,float64,3584,8,contiguous,,direct_rfft_float64_3584_8_contiguous_,0.083339245175,0.0830952898832,0.0001798896119,7,200,ok,
final_fct,direct,rfft,float64,3584,16,contiguous,,direct_rfft_float64_3584_16_contiguous_,0.156548251281,0.156015364904,0.00026130773502,7,159,ok,
final_fct,direct,rfft,float64,3584,32,contiguous,,direct_rfft_float64_3584_32_contiguous_,0.302158453269,0.301414553542,0.000668741995469,7,20,ok,
final_fct,direct,rfft,float64,3584,64,contiguous,,direct_rfft_float64_3584_64_contiguous_,0.595719798002,0.593568303157,0.00132349669002,7,20,ok,
final_fct,direct,rfft,float64,3584,256,contiguous,,direct_rfft_float64_3584_256_contiguous_,2.37047833313,2.3594693339,0.010354424982,7,12,ok,
final_fct,direct,rfft,float64,4095,1,contiguous,,direct_rfft_float64_4095_1_contiguous_,0.0289087037923,0.0288061662906,9.91161110766e-05,7,439,ok,
final_fct,direct,rfft,float64,4095,2,contiguous,,direct_rfft_float64_4095_2_contiguous_,0.03278676013,0.0325695046922,0.000147374812514,7,200,ok,
final_fct,direct,rfft,float64,4095,4,contiguous,,direct_rfft_float64_4095_4_contiguous_,0.0593046250287,0.057184509933,0.00029023969546,7,200,ok,
final_fct,direct,rfft,float64,4095,8,contiguous,,direct_rfft_float64_4095_8_contiguous_,0.104668345302,0.10392019467,0.000129545223899,7,200,ok,
final_fct,direct,rfft,float64,4095,16,contiguous,,direct_rfft_float64_4095_16_contiguous_,0.198632773508,0.196756596955,0.000526064879171,7,124,ok,
final_fct,direct,rfft,float64,4095,32,contiguous,,direct_rfft_float64_4095_32_contiguous_,0.396046799142,0.387132598553,0.00286140129901,7,20,ok,
final_fct,direct,rfft,float64,4095,64,contiguous,,direct_rfft_float64_4095_64_contiguous_,0.779321201844,0.769449700601,0.00249815057032,7,20,ok,
final_fct,direct,rfft,float64,4095,256,contiguous,,direct_rfft_float64_4095_256_contiguous_,3.08832050068,3.05458930088,0.0164779019542,7,10,ok,
final_fct,direct,rfft,float64,4096,1,contiguous,,direct_rfft_float64_4096_1_contiguous_,0.0192308945465,0.0191505793911,7.07101129427e-05,7,673,ok,
final_fct,direct,rfft,float64,4096,2,contiguous,,direct_rfft_float64_4096_2_contiguous_,0.0225570501061,0.0224415352568,4.97949076816e-05,7,200,ok,
final_fct,direct,rfft,float64,4096,4,contiguous,,direct_rfft_float64_4096_4_contiguous_,0.0365028699161,0.0363455247134,0.000105494982563,7,200,ok,
final_fct,direct,rfft,float64,4096,8,contiguous,,direct_rfft_float64_4096_8_contiguous_,0.0644931447459,0.0636504701106,4.87896613777e-05,7,200,ok,
final_fct,direct,rfft,float64,4096,16,contiguous,,direct_rfft_float64_4096_16_contiguous_,0.120183855179,0.119587189984,0.000235689803958,7,200,ok,
final_fct,direct,rfft,float64,4096,32,contiguous,,direct_rfft_float64_4096_32_contiguous_,0.234519748483,0.229025451699,0.00450544757769,7,20,ok,
final_fct,direct,rfft,float64,4096,64,contiguous,,direct_rfft_float64_4096_64_contiguous_,0.453257997287,0.451030250406,0.000510946847498,7,20,ok,
final_fct,direct,rfft,float64,4096,256,contiguous,,direct_rfft_float64_4096_256_contiguous_,1.78929887625,1.78229324956,0.00631238071946,7,16,ok,
final_fct,direct,rfft,float64,4097,1,contiguous,,direct_rfft_float64_4097_1_contiguous_,0.113202229841,0.112309760298,0.000697409850545,5,200,ok,
final_fct,direct,rfft,float64,4097,2,contiguous,,direct_rfft_float64_4097_2_contiguous_,0.180512574231,0.175130219985,0.00339877999764,5,141,ok,
final_fct,direct,rfft,float64,4097,4,contiguous,,direct_rfft_float64_4097_4_contiguous_,0.335492183861,0.331760548108,0.00302539318538,5,71,ok,
final_fct,direct,rfft,float64,4097,8,contiguous,,direct_rfft_float64_4097_8_contiguous_,0.651645026856,0.646035024578,0.00559626220676,5,38,ok,
final_fct,direct,rfft,float64,4097,16,contiguous,,direct_rfft_float64_4097_16_contiguous_,1.29564524977,1.29121145001,0.00302969710901,5,20,ok,
final_fct,direct,rfft,float64,4097,32,contiguous,,direct_rfft_float64_4097_32_contiguous_,2.54967561565,2.53993200246,0.00974361319095,5,13,ok,
final_fct,direct,rfft,float64,4097,64,contiguous,,direct_rfft_float64_4097_64_contiguous_,5.13612331512,5.03397550589,0.0338718527928,5,6,ok,
final_fct,direct,rfft,float64,4097,256,contiguous,,direct_rfft_float64_4097_256_contiguous_,20.5393709475,20.3534829197,0.0125039368868,5,1,ok,
final_fct,direct,rfft,float64,4608,1,contiguous,,direct_rfft_float64_4608_1_contiguous_,0.0229096598923,0.0224423850887,0.000148480175994,5,200,ok,
final_fct,direct,rfft,float64,4608,2,contiguous,,direct_rfft_float64_4608_2_contiguous_,0.025511434651,0.025225400459,0.000189609709196,5,200,ok,
final_fct,direct,rfft,float64,4608,4,contiguous,,direct_rfft_float64_4608_4_contiguous_,0.0420710997423,0.041778399609,0.000192059669644,5,200,ok,
final_fct,direct,rfft,float64,4608,8,contiguous,,direct_rfft_float64_4608_8_contiguous_,0.0740307598608,0.0739434448769,7.21350079402e-05,5,200,ok,
final_fct,direct,rfft,float64,4608,16,contiguous,,direct_rfft_float64_4608_16_contiguous_,0.139641552232,0.137264601653,0.00185045064427,5,20,ok,
final_fct,direct,rfft,float64,4608,32,contiguous,,direct_rfft_float64_4608_32_contiguous_,0.265747250523,0.26353764697,0.000998849282041,5,20,ok,
final_fct,direct,rfft,float64,4608,64,contiguous,,direct_rfft_float64_4608_64_contiguous_,0.517224299256,0.516408251133,0.000816048122942,5,20,ok,
final_fct,direct,rfft,float64,4608,256,contiguous,,direct_rfft_float64_4608_256_contiguous_,2.08105379716,2.0447478164,0.0209534075111,5,5,ok,
final_fct,direct,rfft,float64,8192,1,contiguous,,direct_rfft_float64_8192_1_contiguous_,0.039154990227,0.0374567549443,0.000134955043904,5,200,ok,
final_fct,direct,rfft,float64,8192,2,contiguous,,direct_rfft_float64_8192_2_contiguous_,0.0445837102598,0.0444358796813,0.000147830578499,5,200,ok,
final_fct,direct,rfft,float64,8192,4,contiguous,,direct_rfft_float64_8192_4_contiguous_,0.0766843796009,0.0764912704471,0.00019310915377,5,200,ok,
final_fct,direct,rfft,float64,8192,8,contiguous,,direct_rfft_float64_8192_8_contiguous_,0.135326371228,0.135202322566,0.000124048661961,5,186,ok,
final_fct,direct,rfft,float64,8192,16,contiguous,,direct_rfft_float64_8192_16_contiguous_,0.260745402193,0.258026295342,0.00204285024665,5,20,ok,
final_fct,direct,rfft,float64,8192,32,contiguous,,direct_rfft_float64_8192_32_contiguous_,0.502492202213,0.499832700007,0.00169414561242,5,20,ok,
final_fct,direct,rfft,float64,8192,64,contiguous,,direct_rfft_float64_8192_64_contiguous_,0.996597652556,0.992602697806,0.00399495474994,5,20,ok,
final_fct,direct,rfft,float64,8192,256,contiguous,,direct_rfft_float64_8192_256_contiguous_,4.31383580435,4.28269759286,0.022285617888,5,5,ok,
final_fct,direct,rfft,float64,16384,1,contiguous,,direct_rfft_float64_16384_1_contiguous_,0.0787003600271,0.0776389701059,0.00106138992123,5,200,ok,
final_fct,direct,rfft,float64,16384,2,contiguous,,direct_rfft_float64_16384_2_contiguous_,0.117993705207,0.116944939946,0.000516065629199,5,200,ok,
final_fct,direct,rfft,float64,16384,4,contiguous,,direct_rfft_float64_16384_4_contiguous_,0.224215227686,0.219035254416,0.0027026062047,5,114,ok,
final_fct,direct,rfft,float64,16384,8,contiguous,,direct_rfft_float64_16384_8_contiguous_,0.41919715004,0.415023847017,0.00162000069395,5,20,ok,
final_fct,direct,rfft,float64,16384,16,contiguous,,direct_rfft_float64_16384_16_contiguous_,0.81363299978,0.807927799178,0.00564655056223,5,20,ok,
final_fct,direct,rfft,float64,16384,32,contiguous,,direct_rfft_float64_16384_32_contiguous_,1.6146939015,1.60831090179,0.00467674690299,5,20,ok,
final_fct,direct,rfft,float64,16384,64,contiguous,,direct_rfft_float64_16384_64_contiguous_,3.22302079294,3.21396990912,0.00800898997113,5,10,ok,
final_fct,direct,rfft,float64,16384,256,contiguous,,direct_rfft_float64_16384_256_contiguous_,15.4563399847,15.3081325116,0.0554390135221,5,2,ok,
final_fct,direct,rfft,float64,32768,1,contiguous,,direct_rfft_float64_32768_1_contiguous_,0.224551056494,0.222930550862,0.000439980284911,5,107,ok,
final_fct,direct,rfft,float64,32768,2,contiguous,,direct_rfft_float64_32768_2_contiguous_,0.249488447783,0.248691427259,0.000797020523654,5,96,ok,
final_fct,direct,rfft,float64,32768,4,contiguous,,direct_rfft_float64_32768_4_contiguous_,0.482791301329,0.47561735264,0.000862102024257,5,20,ok,
final_fct,direct,rfft,float64,32768,8,contiguous,,direct_rfft_float64_32768_8_contiguous_,0.979197048582,0.97353894962,0.00518470187671,5,20,ok,
final_fct,direct,rfft,float64,32768,16,contiguous,,direct_rfft_float64_32768_16_contiguous_,1.93882323391,1.92027382881,0.00155641122118,5,17,ok,
final_fct,direct,rfft,float64,32768,32,contiguous,,direct_rfft_float64_32768_32_contiguous_,3.87610886537,3.8433073787,0.0135040027089,5,8,ok,
final_fct,direct,rfft,float64,32768,64,contiguous,,direct_rfft_float64_32768_64_contiguous_,8.0959564948,8.02636376466,0.0154415029101,5,4,ok,
final_fct,direct,rfft,float64,32768,256,contiguous,,direct_rfft_float64_32768_256_contiguous_,36.3098490052,36.144929938,0.0371000496671,5,1,ok,
final_fct,direct,rfft,float64,65536,1,contiguous,,direct_rfft_float64_65536_1_contiguous_,0.488823959604,0.487167879473,0.000340619590133,5,50,ok,
final_fct,direct,rfft,float64,65536,2,contiguous,,direct_rfft_float64_65536_2_contiguous_,0.522235647077,0.52088915254,0.00124485231936,5,20,ok,
final_fct,direct,rfft,float64,65536,4,contiguous,,direct_rfft_float64_65536_4_contiguous_,1.01891795057,1.0096741491,0.00547069939785,5,20,ok,
final_fct,direct,rfft,float64,65536,8,contiguous,,direct_rfft_float64_65536_8_contiguous_,2.03552762832,2.00965474505,0.0120168697322,5,16,ok,
final_fct,direct,rfft,float64,65536,16,contiguous,,direct_rfft_float64_65536_16_contiguous_,4.05107150436,4.00382174121,0.0472497631563,5,8,ok,
final_fct,direct,rfft,float64,65536,32,contiguous,,direct_rfft_float64_65536_32_contiguous_,8.60245749936,8.50460925722,0.0793210056145,5,4,ok,
final_fct,direct,rfft,float64,65536,64,contiguous,,direct_rfft_float64_65536_64_contiguous_,19.3647909909,19.2966730101,0.0681179808453,5,1,ok,
final_fct,direct,rfft,float64,65536,256,contiguous,,direct_rfft_float64_65536_256_contiguous_,74.8698229436,74.8492450221,0.0205779215321,5,1,ok,
final_fct,direct,irfft,complex64,64,1,contiguous,,direct_irfft_complex64_64_1_contiguous_,0.00468115320062,0.00465936870475,1.07673021797e-05,7,1044,ok,
final_fct,direct,irfft,complex64,64,2,contiguous,,direct_irfft_complex64_64_2_contiguous_,0.00496646697866,0.00494346453343,1.16514856927e-05,7,2000,ok,
final_fct,direct,irfft,complex64,64,4,contiguous,,direct_irfft_complex64_64_4_contiguous_,0.0051663583937,0.00512252254803,3.68558789591e-05,7,1998,ok,
final_fct,direct,irfft,complex64,64,8,contiguous,,direct_irfft_complex64_64_8_contiguous_,0.00561566295801,0.00557587348158,1.41265336424e-05,7,2000,ok,
final_fct,direct,irfft,complex64,64,16,contiguous,,direct_irfft_complex64_64_16_contiguous_,0.00621144898469,0.00618714350276,1.66665413417e-05,7,2000,ok,
final_fct,direct,irfft,complex64,64,32,contiguous,,direct_irfft_complex64_64_32_contiguous_,0.00743819639434,0.00737229088831,3.17340343327e-05,7,1726,ok,
final_fct,direct,irfft,complex64,64,64,contiguous,,direct_irfft_complex64_64_64_contiguous_,0.00956339220078,0.00954692216057,4.46356655714e-06,7,1387,ok,
final_fct,direct,irfft,complex64,64,256,contiguous,,direct_irfft_complex64_64_256_contiguous_,0.0232093251543,0.0229540455621,4.71348175779e-05,7,200,ok,
final_fct,direct,irfft,complex64,256,1,contiguous,,direct_irfft_complex64_256_1_contiguous_,0.0056706833864,0.0056317813364,1.83996847721e-05,7,1939,ok,
final_fct,direct,irfft,complex64,256,2,contiguous,,direct_irfft_complex64_256_2_contiguous_,0.00607784051698,0.00605237845106,1.63102045594e-05,7,1699,ok,
final_fct,direct,irfft,complex64,256,4,contiguous,,direct_irfft_complex64_256_4_contiguous_,0.00645194366879,0.00640457474101,3.07670686463e-05,7,1846,ok,
final_fct,direct,irfft,complex64,256,8,contiguous,,direct_irfft_complex64_256_8_contiguous_,0.00764398485226,0.00763569977394,3.28697110853e-06,7,1652,ok,
final_fct,direct,irfft,complex64,256,16,contiguous,,direct_irfft_complex64_256_16_contiguous_,0.00977848776398,0.00972959399691,2.85185804027e-05,7,1394,ok,
final_fct,direct,irfft,complex64,256,32,contiguous,,direct_irfft_complex64_256_32_contiguous_,0.0143498799298,0.0142937747296,5.61052002013e-05,7,200,ok,
final_fct,direct,irfft,complex64,256,64,contiguous,,direct_irfft_complex64_256_64_contiguous_,0.0231537153013,0.0229680654593,0.000123734935187,7,200,ok,
final_fct,direct,irfft,complex64,256,256,contiguous,,direct_irfft_complex64_256_256_contiguous_,0.076969465008,0.076652369462,9.66800143942e-05,7,200,ok,
final_fct,direct,irfft,complex64,1024,1,contiguous,,direct_irfft_complex64_1024_1_contiguous_,0.0093853424736,0.0093279866864,5.16009220508e-05,7,1203,ok,
final_fct,direct,irfft,complex64,1024,2,contiguous,,direct_irfft_complex64_1024_2_contiguous_,0.010267031042,0.0102115524456,3.97984007269e-05,7,1191,ok,
final_fct,direct,irfft,complex64,1024,4,contiguous,,direct_irfft_complex64_1024_4_contiguous_,0.0113598441356,0.0112457231136,3.45995516172e-05,7,1116,ok,
final_fct,direct,irfft,complex64,1024,8,contiguous,,direct_irfft_complex64_1024_8_contiguous_,0.0164989003679,0.0162961200112,0.000202780356631,7,200,ok,
final_fct,direct,irfft,complex64,1024,16,contiguous,,direct_irfft_complex64_1024_16_contiguous_,0.0277633499354,0.0274986546719,0.000196270411834,7,200,ok,
final_fct,direct,irfft,complex64,1024,32,contiguous,,direct_irfft_complex64_1024_32_contiguous_,0.0462063949089,0.0458733201958,6.17699697614e-05,7,200,ok,
final_fct,direct,irfft,complex64,1024,64,contiguous,,direct_irfft_complex64_1024_64_contiguous_,0.0902004452655,0.0899071001913,0.000216055195779,7,200,ok,
final_fct,direct,irfft,complex64,1024,256,contiguous,,direct_irfft_complex64_1024_256_contiguous_,0.319247948937,0.316857500002,0.00165659585036,7,20,ok,
final_fct,direct,irfft,complex64,2048,1,contiguous,,direct_irfft_complex64_2048_1_contiguous_,0.0145318256541,0.0144847390171,2.08590446388e-05,7,866,ok,
final_fct,direct,irfft,complex64,2048,2,contiguous,,direct_irfft_complex64_2048_2_contiguous_,0.0162779493201,0.0162023434105,4.08622002659e-05,7,827,ok,
final_fct,direct,irfft,complex64,2048,4,contiguous,,direct_irfft_complex64_2048_4_contiguous_,0.018729029689,0.0185318099102,0.000120025360957,7,200,ok,
final_fct,direct,irfft,complex64,2048,8,contiguous,,direct_irfft_complex64_2048_8_contiguous_,0.0304756348487,0.0303149304818,8.57148552313e-05,7,200,ok,
final_fct,direct,irfft,complex64,2048,16,contiguous,,direct_irfft_complex64_2048_16_contiguous_,0.0529623497277,0.0527785549639,0.000175030436367,7,200,ok,
final_fct,direct,irfft,complex64,2048,32,contiguous,,direct_irfft_complex64_2048_32_contiguous_,0.098823949811,0.0983529648511,0.00013003940694,7,200,ok,
final_fct,direct,irfft,complex64,2048,64,contiguous,,direct_irfft_complex64_2048_64_contiguous_,0.188758049626,0.187278795056,0.000423297751695,7,20,ok,
final_fct,direct,irfft,complex64,2048,256,contiguous,,direct_irfft_complex64_2048_256_contiguous_,0.72563815047,0.720927800285,0.00250724842772,7,20,ok,
final_fct,direct,irfft,complex64,3072,1,contiguous,,direct_irfft_complex64_3072_1_contiguous_,0.0199670944139,0.0197731705859,3.48903984398e-05,7,657,ok,
final_fct,direct,irfft,complex64,3072,2,contiguous,,direct_irfft_complex64_3072_2_contiguous_,0.0223022751743,0.0221659697127,7.47898593545e-05,7,200,ok,
final_fct,direct,irfft,complex64,3072,4,contiguous,,direct_irfft_complex64_3072_4_contiguous_,0.0247170450166,0.0245609052945,8.83149914443e-05,7,200,ok,
final_fct,direct,irfft,complex64,3072,8,contiguous,,direct_irfft_complex64_3072_8_contiguous_,0.0417068699608,0.0414417748107,0.000163954682648,7,200,ok,
final_fct,direct,irfft,complex64,3072,16,contiguous,,direct_irfft_complex64_3072_16_contiguous_,0.0756324152462,0.0751086801756,0.000105139915831,7,200,ok,
final_fct,direct,irfft,complex64,3072,32,contiguous,,direct_irfft_complex64_3072_32_contiguous_,0.142563547706,0.142052548472,0.000224402174354,7,20,ok,
final_fct,direct,irfft,complex64,3072,64,contiguous,,direct_irfft_complex64_3072_64_contiguous_,0.275155849522,0.274825753877,0.000301550608128,7,20,ok,
final_fct,direct,irfft,complex64,3072,256,contiguous,,direct_irfft_complex64_3072_256_contiguous_,1.06871625176,1.06692935224,0.00130494590849,7,20,ok,
final_fct,direct,irfft,complex64,3584,1,contiguous,,direct_irfft_complex64_3584_1_contiguous_,0.0212359918983,0.0211047665725,7.78630491328e-05,7,613,ok,
final_fct,direct,irfft,complex64,3584,2,contiguous,,direct_irfft_complex64_3584_2_contiguous_,0.0334626302356,0.033288099803,3.35153890774e-05,7,200,ok,
final_fct,direct,irfft,complex64,3584,4,contiguous,,direct_irfft_complex64_3584_4_contiguous_,0.0355203298386,0.0354041095125,4.52849781141e-05,7,200,ok,
final_fct,direct,irfft,complex64,3584,8,contiguous,,direct_irfft_complex64_3584_8_contiguous_,0.0617069751024,0.0614462903468,5.48048410565e-05,7,200,ok,
final_fct,direct,irfft,complex64,3584,16,contiguous,,direct_irfft_complex64_3584_16_contiguous_,0.113637800096,0.113251325092,0.000201785005629,7,200,ok,
final_fct,direct,irfft,complex64,3584,32,contiguous,,direct_irfft_complex64_3584_32_contiguous_,0.21621544729,0.215625850251,0.000261998502538,7,20,ok,
final_fct,direct,irfft,complex64,3584,64,contiguous,,direct_irfft_complex64_3584_64_contiguous_,0.418344547506,0.417299149558,0.000161747448146,7,20,ok,
final_fct,direct,irfft,complex64,3584,256,contiguous,,direct_irfft_complex64_3584_256_contiguous_,1.64284760249,1.64144394803,0.000273005571216,7,20,ok,
final_fct,direct,irfft,complex64,4095,1,contiguous,,direct_irfft_complex64_4095_1_contiguous_,0.0549211558172,0.0547267431357,7.25099853157e-05,7,257,ok,
final_fct,direct,irfft,complex64,4095,2,contiguous,,direct_irfft_complex64_4095_2_contiguous_,0.0915645551868,0.0911487248959,0.000284585403278,7,200,ok,
final_fct,direct,irfft,complex64,4095,4,contiguous,,direct_irfft_complex64_4095_4_contiguous_,0.0767358252779,0.0765309395501,0.000173525186256,7,200,ok,
final_fct,direct,irfft,complex64,4095,8,contiguous,,direct_irfft_complex64_4095_8_contiguous_,0.144802742605,0.143639742647,0.000498070359796,7,171,ok,
final_fct,direct,irfft,complex64,4095,16,contiguous,,direct_irfft_complex64_4095_16_contiguous_,0.277872594973,0.277266965844,0.000599100714905,7,89,ok,
final_fct,direct,irfft,complex64,4095,32,contiguous,,direct_irfft_complex64_4095_32_contiguous_,0.540387647925,0.538864801638,0.00122630153783,7,20,ok,
final_fct,direct,irfft,complex64,4095,64,contiguous,,direct_irfft_complex64_4095_64_contiguous_,1.0836717498,1.07377370005,0.00486060162075,7,20,ok,
final_fct,direct,irfft,complex64,4095,256,contiguous,,direct_irfft_complex64_4095_256_contiguous_,4.31434463826,4.29616561451,0.007626862498,7,8,ok,
final_fct,direct,irfft,complex64,4096,1,contiguous,,direct_irfft_complex64_4096_1_contiguous_,0.0249912409345,0.0248111771229,7.62999248268e-05,7,440,ok,
final_fct,direct,irfft,complex64,4096,2,contiguous,,direct_irfft_complex64_4096_2_contiguous_,0.0283010600833,0.0280829000985,7.83998984843e-05,7,200,ok,
final_fct,direct,irfft,complex64,4096,4,contiguous,,direct_irfft_complex64_4096_4_contiguous_,0.0327672250569,0.0326132349437,0.000117319868878,7,200,ok,
final_fct,direct,irfft,complex64,4096,8,contiguous,,direct_irfft_complex64_4096_8_contiguous_,0.0563410302857,0.0558934401488,0.000208239653148,7,200,ok,
final_fct,direct,irfft,complex64,4096,16,contiguous,,direct_irfft_complex64_4096_16_contiguous_,0.103211319656,0.102089819848,0.00105417449959,7,200,ok,
final_fct,direct,irfft,complex64,4096,32,contiguous,,direct_irfft_complex64_4096_32_contiguous_,0.195058353711,0.191693054512,0.00126735540107,7,20,ok,
final_fct,direct,irfft,complex64,4096,64,contiguous,,direct_irfft_complex64_4096_64_contiguous_,0.382717850152,0.376651005354,0.0042769999709,7,20,ok,
final_fct,direct,irfft,complex64,4096,256,contiguous,,direct_irfft_complex64_4096_256_contiguous_,1.50117825251,1.47746529547,0.0214190979023,7,20,ok,
final_fct,direct,irfft,complex64,4097,1,contiguous,,direct_irfft_complex64_4097_1_contiguous_,0.0251051748637,0.0245646596886,0.000400795252062,5,200,ok,
final_fct,direct,irfft,complex64,4097,2,contiguous,,direct_irfft_complex64_4097_2_contiguous_,0.0279388297349,0.0278969999636,4.18297713622e-05,5,200,ok,
final_fct,direct,irfft,complex64,4097,4,contiguous,,direct_irfft_complex64_4097_4_contiguous_,0.032240190194,0.032058545039,0.000181645154953,5,200,ok,
final_fct,direct,irfft,complex64,4097,8,contiguous,,direct_irfft_complex64_4097_8_contiguous_,0.0561507698148,0.0557573355036,0.000393434311263,5,200,ok,
final_fct,direct,irfft,complex64,4097,16,contiguous,,direct_irfft_complex64_4097_16_contiguous_,0.102141802199,0.101535202703,0.000286055728793,5,20,ok,
final_fct,direct,irfft,complex64,4097,32,contiguous,,direct_irfft_complex64_4097_32_contiguous_,0.195688998792,0.193340150872,0.00108100357465,5,20,ok,
final_fct,direct,irfft,complex64,4097,64,contiguous,,direct_irfft_complex64_4097_64_contiguous_,0.381792103872,0.377585249953,0.00208794954233,5,20,ok,
final_fct,direct,irfft,complex64,4097,256,contiguous,,direct_irfft_complex64_4097_256_contiguous_,1.50286878925,1.47965359502,0.00167118851095,5,5,ok,
final_fct,direct,irfft,complex64,4608,1,contiguous,,direct_irfft_complex64_4608_1_contiguous_,0.0299491948681,0.0297213200247,0.000112859997898,5,200,ok,
final_fct,direct,irfft,complex64,4608,2,contiguous,,direct_irfft_complex64_4608_2_contiguous_,0.0340662099188,0.0338834145805,0.000182795338333,5,200,ok,
final_fct,direct,irfft,complex64,4608,4,contiguous,,direct_irfft_complex64_4608_4_contiguous_,0.0370624702191,0.0361298746429,0.00085063977167,5,200,ok,
final_fct,direct,irfft,complex64,4608,8,contiguous,,direct_irfft_complex64_4608_8_contiguous_,0.0634954805719,0.0625104852952,0.000984995276667,5,200,ok,
final_fct,direct,irfft,complex64,4608,16,contiguous,,direct_irfft_complex64_4608_16_contiguous_,0.116103945766,0.115215295227,0.0008886505384,5,20,ok,
final_fct,direct,irfft,complex64,4608,32,contiguous,,direct_irfft_complex64_4608_32_contiguous_,0.223275198368,0.221307500033,0.00154540175572,5,20,ok,
final_fct,direct,irfft,complex64,4608,64,contiguous,,direct_irfft_complex64_4608_64_contiguous_,0.438105099602,0.433767499635,0.00146324746311,5,20,ok,
final_fct,direct,irfft,complex64,4608,256,contiguous,,direct_irfft_complex64_4608_256_contiguous_,1.72572641168,1.70185358729,0.0180877977982,5,5,ok,
final_fct,direct,irfft,complex64,8192,1,contiguous,,direct_irfft_complex64_8192_1_contiguous_,0.0495896855136,0.049095604918,0.000494080595672,5,200,ok,
final_fct,direct,irfft,complex64,8192,2,contiguous,,direct_irfft_complex64_8192_2_contiguous_,0.0551387749147,0.0545999151655,0.000502039911225,5,200,ok,
final_fct,direct,irfft,complex64,8192,4,contiguous,,direct_irfft_complex64_8192_4_contiguous_,0.0622629246209,0.0620088400319,0.000242050155066,5,200,ok,
final_fct,direct,irfft,complex64,8192,8,contiguous,,direct_irfft_complex64_8192_8_contiguous_,0.111805110355,0.1111945702,0.000610540155321,5,200,ok,
final_fct,direct,irfft,complex64,8192,16,contiguous,,direct_irfft_complex64_8192_16_contiguous_,0.212486000964,0.209008500678,0.00171719584614,5,20,ok,
final_fct,direct,irfft,complex64,8192,32,contiguous,,direct_irfft_complex64_8192_32_contiguous_,0.409087195294,0.406531948829,0.00197814661078,5,20,ok,
final_fct,direct,irfft,complex64,8192,64,contiguous,,direct_irfft_complex64_8192_64_contiguous_,0.799791049212,0.793710147263,0.00608090194874,5,20,ok,
final_fct,direct,irfft,complex64,8192,256,contiguous,,direct_irfft_complex64_8192_256_contiguous_,3.16818819847,3.13714200165,4.40049916506e-05,5,5,ok,
final_fct,direct,irfft,complex64,16384,1,contiguous,,direct_irfft_complex64_16384_1_contiguous_,0.0816799351014,0.0808798900107,0.000800045090728,5,200,ok,
final_fct,direct,irfft,complex64,16384,2,contiguous,,direct_irfft_complex64_16384_2_contiguous_,0.138899105756,0.138592533767,0.000225867067153,5,180,ok,
final_fct,direct,irfft,complex64,16384,4,contiguous,,direct_irfft_complex64_16384_4_contiguous_,0.15288261911,0.15217637355,0.000666167276601,5,126,ok,
final_fct,direct,irfft,complex64,16384,8,contiguous,,direct_irfft_complex64_16384_8_contiguous_,0.28239589883,0.279366748873,0.000661198282614,5,20,ok,
final_fct,direct,irfft,complex64,16384,16,contiguous,,direct_irfft_complex64_16384_16_contiguous_,0.547783495858,0.543270551134,0.00336280209012,5,20,ok,
final_fct,direct,irfft,complex64,16384,32,contiguous,,direct_irfft_complex64_16384_32_contiguous_,1.06507689925,1.06166205369,0.00341484555975,5,20,ok,
final_fct,direct,irfft,complex64,16384,64,contiguous,,direct_irfft_complex64_16384_64_contiguous_,2.11998081068,2.11345168645,0.00344393629348,5,16,ok,
final_fct,direct,irfft,complex64,16384,256,contiguous,,direct_irfft_complex64_16384_256_contiguous_,8.41959251557,8.4166470042,0.00294551136903,5,4,ok,
final_fct,direct,irfft,complex64,32768,1,contiguous,,direct_irfft_complex64_32768_1_contiguous_,0.171561475511,0.170719273343,0.000842202168245,5,143,ok,
final_fct,direct,irfft,complex64,32768,2,contiguous,,direct_irfft_complex64_32768_2_contiguous_,0.288809518679,0.286891466073,0.000433125283702,5,56,ok,
final_fct,direct,irfft,complex64,32768,4,contiguous,,direct_irfft_complex64_32768_4_contiguous_,0.316744297743,0.314651353983,0.00209294375964,5,20,ok,
final_fct,direct,irfft,complex64,32768,8,contiguous,,direct_irfft_complex64_32768_8_contiguous_,0.630896200892,0.626151752658,0.00463770120405,5,20,ok,
final_fct,direct,irfft,complex64,32768,16,contiguous,,direct_irfft_complex64_32768_16_contiguous_,1.24441579683,1.24244460021,0.00197119661607,5,20,ok,
final_fct,direct,irfft,complex64,32768,32,contiguous,,direct_irfft_complex64_32768_32_contiguous_,2.45353414045,2.44975557351,0.00149428212483,5,14,ok,
final_fct,direct,irfft,complex64,32768,64,contiguous,,direct_irfft_complex64_32768_64_contiguous_,4.88490541466,4.87297519576,0.00936940778047,5,5,ok,
final_fct,direct,irfft,complex64,32768,256,contiguous,,direct_irfft_complex64_32768_256_contiguous_,21.6522950213,21.6330690309,0.0192259903997,5,1,ok,
final_fct,direct,irfft,complex64,65536,1,contiguous,,direct_irfft_complex64_65536_1_contiguous_,0.341750110642,0.341538040731,0.000212069911261,5,72,ok,
final_fct,direct,irfft,complex64,65536,2,contiguous,,direct_irfft_complex64_65536_2_contiguous_,0.603978300933,0.603664695518,0.000313605414703,5,20,ok,
final_fct,direct,irfft,complex64,65536,4,contiguous,,direct_irfft_complex64_65536_4_contiguous_,0.666537450161,0.664200098254,0.00196470064111,5,20,ok,
final_fct,direct,irfft,complex64,65536,8,contiguous,,direct_irfft_complex64_65536_8_contiguous_,1.3346983993,1.31523794844,0.00402150326408,5,20,ok,
final_fct,direct,irfft,complex64,65536,16,contiguous,,direct_irfft_complex64_65536_16_contiguous_,2.58724215942,2.56777561019,0.00188814905974,5,13,ok,
final_fct,direct,irfft,complex64,65536,32,contiguous,,direct_irfft_complex64_65536_32_contiguous_,5.16016120091,5.1419090014,0.00931138638407,5,5,ok,
final_fct,direct,irfft,complex64,65536,64,contiguous,,direct_irfft_complex64_65536_64_contiguous_,10.2451560088,10.207044698,0.0123399853085,5,3,ok,
final_fct,direct,irfft,complex64,65536,256,contiguous,,direct_irfft_complex64_65536_256_contiguous_,44.9695090065,44.8707439937,0.0987650128081,5,1,ok,
final_fct,direct,irfft,complex128,64,1,contiguous,,direct_irfft_complex128_64_1_contiguous_,0.00480479532283,0.00478329154617,2.13929954319e-05,7,1715,ok,
final_fct,direct,irfft,complex128,64,2,contiguous,,direct_irfft_complex128_64_2_contiguous_,0.00506732647773,0.00503336801194,1.63255608641e-05,7,2000,ok,
final_fct,direct,irfft,complex128,64,4,contiguous,,direct_irfft_complex128_64_4_contiguous_,0.0052910654922,0.00527786050225,8.73149838299e-06,7,2000,ok,
final_fct,direct,irfft,complex128,64,8,contiguous,,direct_irfft_complex128_64_8_contiguous_,0.00573991099373,0.00573042349424,8.62096203491e-06,7,2000,ok,
final_fct,direct,irfft,complex128,64,16,contiguous,,direct_irfft_complex128_64_16_contiguous_,0.00633533981799,0.00623196248782,2.76942028887e-05,7,1998,ok,
final_fct,direct,irfft,complex128,64,32,contiguous,,direct_irfft_complex128_64_32_contiguous_,0.00771899223617,0.00770056923365,1.41432113181e-05,7,1676,ok,
final_fct,direct,irfft,complex128,64,64,contiguous,,direct_irfft_complex128_64_64_contiguous_,0.0103141870986,0.0102894277831,2.47593154922e-05,7,1288,ok,
final_fct,direct,irfft,complex128,64,256,contiguous,,direct_irfft_complex128_64_256_contiguous_,0.0264555000467,0.0262780196499,0.000128939864226,7,200,ok,
final_fct,direct,irfft,complex128,256,1,contiguous,,direct_irfft_complex128_256_1_contiguous_,0.00565421239086,0.00563713434412,1.34488660394e-05,7,1869,ok,
final_fct,direct,irfft,complex128,256,2,contiguous,,direct_irfft_complex128_256_2_contiguous_,0.00610495199634,0.00604803060886,2.75660666574e-05,7,1959,ok,
final_fct,direct,irfft,complex128,256,4,contiguous,,direct_irfft_complex128_256_4_contiguous_,0.00686758869293,0.00683913823935,2.75133267341e-05,7,1765,ok,
final_fct,direct,irfft,complex128,256,8,contiguous,,direct_irfft_complex128_256_8_contiguous_,0.00824388206566,0.00821318518343,1.40500341174e-05,7,1501,ok,
final_fct,direct,irfft,complex128,256,16,contiguous,,direct_irfft_complex128_256_16_contiguous_,0.010943202779,0.0108481297724,6.75817109499e-05,7,1179,ok,
final_fct,direct,irfft,complex128,256,32,contiguous,,direct_irfft_complex128_256_32_contiguous_,0.0165539549198,0.0163336453261,8.23056325316e-05,7,200,ok,
final_fct,direct,irfft,complex128,256,64,contiguous,,direct_irfft_complex128_256_64_contiguous_,0.0280261947773,0.0275562598836,0.000274165067822,7,200,ok,
final_fct,direct,irfft,complex128,256,256,contiguous,,direct_irfft_complex128_256_256_contiguous_,0.095365170273,0.09449048026,0.00013520475477,7,200,ok,
final_fct,direct,irfft,complex128,1024,1,contiguous,,direct_irfft_complex128_1024_1_contiguous_,0.00897650038962,0.00888373885898,4.9537950668e-05,7,1279,ok,
final_fct,direct,irfft,complex128,1024,2,contiguous,,direct_irfft_complex128_1024_2_contiguous_,0.00992021831546,0.00960847647511,1.22730058639e-05,7,1209,ok,
final_fct,direct,irfft,complex128,1024,4,contiguous,,direct_irfft_complex128_1024_4_contiguous_,0.0128140489447,0.0127501301178,3.05112457991e-05,7,837,ok,
final_fct,direct,irfft,complex128,1024,8,contiguous,,direct_irfft_complex128_1024_8_contiguous_,0.0195194099797,0.0194025901146,1.67801044881e-05,7,200,ok,
final_fct,direct,irfft,complex128,1024,16,contiguous,,direct_irfft_complex128_1024_16_contiguous_,0.0325469102245,0.0324509298662,8.26554605737e-05,7,200,ok,
final_fct,direct,irfft,complex128,1024,32,contiguous,,direct_irfft_complex128_1024_32_contiguous_,0.0595446245279,0.0593015749473,0.000114170252346,7,200,ok,
final_fct,direct,irfft,complex128,1024,64,contiguous,,direct_irfft_complex128_1024_64_contiguous_,0.111392340041,0.111033414723,0.000112609704956,7,200,ok,
final_fct,direct,irfft,complex128,1024,256,contiguous,,direct_irfft_complex128_1024_256_contiguous_,0.410936196567,0.408697000239,0.00142465578392,7,20,ok,
final_fct,direct,irfft,complex128,2048,1,contiguous,,direct_irfft_complex128_2048_1_contiguous_,0.0131986013596,0.0130844245973,4.22552303961e-05,7,956,ok,
final_fct,direct,irfft,complex128,2048,2,contiguous,,direct_irfft_complex128_2048_2_contiguous_,0.0154536708922,0.015407610226,2.63629763745e-05,7,857,ok,
final_fct,direct,irfft,complex128,2048,4,contiguous,,direct_irfft_complex128_2048_4_contiguous_,0.0236907752696,0.0235234602587,8.95705306903e-05,7,200,ok,
final_fct,direct,irfft,complex128,2048,8,contiguous,,direct_irfft_complex128_2048_8_contiguous_,0.0394312047865,0.0392815750092,0.000144114601426,7,200,ok,
final_fct,direct,irfft,complex128,2048,16,contiguous,,direct_irfft_complex128_2048_16_contiguous_,0.0712260103319,0.0708641798701,0.00019000552129,7,200,ok,
final_fct,direct,irfft,complex128,2048,32,contiguous,,direct_irfft_complex128_2048_32_contiguous_,0.134177231205,0.133867779251,0.000309451953858,7,186,ok,
final_fct,direct,irfft,complex128,2048,64,contiguous,,direct_irfft_complex128_2048_64_contiguous_,0.259973900393,0.257965701167,0.000518548768014,7,20,ok,
final_fct,direct,irfft,complex128,2048,256,contiguous,,direct_irfft_complex128_2048_256_contiguous_,1.00580239668,0.999588752165,0.00463569886051,7,20,ok,
final_fct,direct,irfft,complex128,3072,1,contiguous,,direct_irfft_complex128_3072_1_contiguous_,0.0178814954317,0.0177833887832,1.36072614718e-05,7,751,ok,
final_fct,direct,irfft,complex128,3072,2,contiguous,,direct_irfft_complex128_3072_2_contiguous_,0.020058020018,0.0199292250909,0.000126035301946,7,200,ok,
final_fct,direct,irfft,complex128,3072,4,contiguous,,direct_irfft_complex128_3072_4_contiguous_,0.0323477899656,0.0322234554915,7.61449337006e-05,7,200,ok,
final_fct,direct,irfft,complex128,3072,8,contiguous,,direct_irfft_complex128_3072_8_contiguous_,0.05556828517,0.0547990901396,0.000147575046867,7,200,ok,
final_fct,direct,irfft,complex128,3072,16,contiguous,,direct_irfft_complex128_3072_16_contiguous_,0.102021740167,0.101134229917,0.000142565113492,7,200,ok,
final_fct,direct,irfft,complex128,3072,32,contiguous,,direct_irfft_complex128_3072_32_contiguous_,0.194863998331,0.193877652055,0.000986346276477,7,20,ok,
final_fct,direct,irfft,complex128,3072,64,contiguous,,direct_irfft_complex128_3072_64_contiguous_,0.37785974564,0.377084797947,0.000740896211937,7,20,ok,
final_fct,direct,irfft,complex128,3072,256,contiguous,,direct_irfft_complex128_3072_256_contiguous_,1.48318104912,1.48108815192,0.00135955051519,7,20,ok,
final_fct,direct,irfft,complex128,3584,1,contiguous,,direct_irfft_complex128_3584_1_contiguous_,0.0204525209815,0.0204235584477,1.73322618147e-05,7,641,ok,
final_fct,direct,irfft,complex128,3584,2,contiguous,,direct_irfft_complex128_3584_2_contiguous_,0.0297389004845,0.0296714249998,5.14998100698e-05,7,200,ok,
final_fct,direct,irfft,complex128,3584,4,contiguous,,direct_irfft_complex128_3584_4_contiguous_,0.0502393499482,0.0500645197462,7.75954686105e-05,7,200,ok,
final_fct,direct,irfft,complex128,3584,8,contiguous,,direct_irfft_complex128_3584_8_contiguous_,0.0901576201431,0.089748754981,0.000131650012918,7,200,ok,
final_fct,direct,irfft,complex128,3584,16,contiguous,,direct_irfft_complex128_3584_16_contiguous_,0.169434821495,0.169220726542,7.56237120049e-05,7,146,ok,
final_fct,direct,irfft,complex128,3584,32,contiguous,,direct_irfft_complex128_3584_32_contiguous_,0.327371648746,0.326397351455,0.000265502603725,7,20,ok,
final_fct,direct,irfft,complex128,3584,64,contiguous,,direct_irfft_complex128_3584_64_contiguous_,0.645360298222,0.64386544982,0.000710849417374,7,20,ok,
final_fct,direct,irfft,complex128,3584,256,contiguous,,direct_irfft_complex128_3584_256_contiguous_,2.55173638176,2.54408130422,0.00765507754225,7,13,ok,
final_fct,direct,irfft,complex128,4095,1,contiguous,,direct_irfft_complex128_4095_1_contiguous_,0.0462150031114,0.0459626819727,0.000190616860478,7,308,ok,
final_fct,direct,irfft,complex128,4095,2,contiguous,,direct_irfft_complex128_4095_2_contiguous_,0.0720382749569,0.0714324950241,0.000244114780799,7,200,ok,
final_fct,direct,irfft,complex128,4095,4,contiguous,,direct_irfft_complex128_4095_4_contiguous_,0.133117789516,0.13223674614,0.000238790336317,7,181,ok,
final_fct,direct,irfft,complex128,4095,8,contiguous,,direct_irfft_complex128_4095_8_contiguous_,0.254619878489,0.253549193707,0.000798825307616,7,98,ok,
final_fct,direct,irfft,complex128,4095,16,contiguous,,direct_irfft_complex128_4095_16_contiguous_,0.499539735385,0.498676489639,0.000863245745399,7,49,ok,
final_fct,direct,irfft,complex128,4095,32,contiguous,,direct_irfft_complex128_4095_32_contiguous_,0.977261946537,0.973640149459,0.00201429356821,7,20,ok,
final_fct,direct,irfft,complex128,4095,64,contiguous,,direct_irfft_complex128_4095_64_contiguous_,1.95426982143,1.93770229132,0.0043599455453,7,17,ok,
final_fct,direct,irfft,complex128,4095,256,contiguous,,direct_irfft_complex128_4095_256_contiguous_,7.77884249692,7.75188449188,0.0218507484533,7,4,ok,
final_fct,direct,irfft,complex128,4096,1,contiguous,,direct_irfft_complex128_4096_1_contiguous_,0.0222861734602,0.0220622329919,0.000107362450487,7,571,ok,
final_fct,direct,irfft,complex128,4096,2,contiguous,,direct_irfft_complex128_4096_2_contiguous_,0.0260685797548,0.0257908547064,0.000182790099643,7,200,ok,
final_fct,direct,irfft,complex128,4096,4,contiguous,,direct_irfft_complex128_4096_4_contiguous_,0.0429540500045,0.0424179999391,0.000157589674927,7,200,ok,
final_fct,direct,irfft,complex128,4096,8,contiguous,,direct_irfft_complex128_4096_8_contiguous_,0.0759150902741,0.0753258849727,0.000254125334322,7,200,ok,
final_fct,direct,irfft,complex128,4096,16,contiguous,,direct_irfft_complex128_4096_16_contiguous_,0.140849702543,0.14016264911,0.000332702516711,7,168,ok,
final_fct,direct,irfft,complex128,4096,32,contiguous,,direct_irfft_complex128_4096_32_contiguous_,0.271888251882,0.268963800045,0.00121479970403,7,20,ok,
final_fct,direct,irfft,complex128,4096,64,contiguous,,direct_irfft_complex128_4096_64_contiguous_,0.527681404492,0.523181451717,0.000992795685306,7,20,ok,
final_fct,direct,irfft,complex128,4096,256,contiguous,,direct_irfft_complex128_4096_256_contiguous_,2.06556693593,2.05818937684,0.0049974405556,7,16,ok,
final_fct,direct,irfft,complex128,4097,1,contiguous,,direct_irfft_complex128_4097_1_contiguous_,0.0222031347221,0.0220406800508,8.61653825268e-05,5,200,ok,
final_fct,direct,irfft,complex128,4097,2,contiguous,,direct_irfft_complex128_4097_2_contiguous_,0.0256997853285,0.0256146246102,2.64996197075e-05,5,200,ok,
final_fct,direct,irfft,complex128,4097,4,contiguous,,direct_irfft_complex128_4097_4_contiguous_,0.0428154948168,0.042280239868,9.68802487478e-05,5,200,ok,
final_fct,direct,irfft,complex128,4097,8,contiguous,,direct_irfft_complex128_4097_8_contiguous_,0.0749075546628,0.0743540149415,0.000199725618586,5,200,ok,
final_fct,direct,irfft,complex128,4097,16,contiguous,,direct_irfft_complex128_4097_16_contiguous_,0.13939809869,0.139155151555,0.000242947135121,5,20,ok,
final_fct,direct,irfft,complex128,4097,32,contiguous,,direct_irfft_complex128_4097_32_contiguous_,0.26918919757,0.267687853193,0.00150134437717,5,20,ok,
final_fct,direct,irfft,complex128,4097,64,contiguous,,direct_irfft_complex128_4097_64_contiguous_,0.526583800092,0.525564898271,0.00101890182123,5,20,ok,
final_fct,direct,irfft,complex128,4097,256,contiguous,,direct_irfft_complex128_4097_256_contiguous_,2.09953240119,2.08684462123,0.0106981955469,5,5,ok,
final_fct,direct,irfft,complex128,4608,1,contiguous,,direct_irfft_complex128_4608_1_contiguous_,0.0254265748663,0.0252752454253,5.38502354175e-05,5,200,ok,
final_fct,direct,irfft,complex128,4608,2,contiguous,,direct_irfft_complex128_4608_2_contiguous_,0.029140280094,0.0288643653039,0.000275914790109,5,200,ok,
final_fct,direct,irfft,complex128,4608,4,contiguous,,direct_irfft_complex128_4608_4_contiguous_,0.0481034949189,0.0475747103337,0.000225274707191,5,200,ok,
final_fct,direct,irfft,complex128,4608,8,contiguous,,direct_irfft_complex128_4608_8_contiguous_,0.0858468445949,0.085401054821,0.000153889413923,5,200,ok,
final_fct,direct,irfft,complex128,4608,16,contiguous,,direct_irfft_complex128_4608_16_contiguous_,0.158630602527,0.158072047634,0.000431347871199,5,20,ok,
final_fct,direct,irfft,complex128,4608,32,contiguous,,direct_irfft_complex128_4608_32_contiguous_,0.308442249661,0.30599515303,0.000132748391479,5,20,ok,
final_fct,direct,irfft,complex128,4608,64,contiguous,,direct_irfft_complex128_4608_64_contiguous_,0.606651749695,0.601284200093,0.00473984982818,5,20,ok,
final_fct,direct,irfft,complex128,4608,256,contiguous,,direct_irfft_complex128_4608_256_contiguous_,2.41454660427,2.39678518847,0.0101709971204,5,5,ok,
final_fct,direct,irfft,complex128,8192,1,contiguous,,direct_irfft_complex128_8192_1_contiguous_,0.0418704748154,0.041755210259,0.000115264556371,5,200,ok,
final_fct,direct,irfft,complex128,8192,2,contiguous,,direct_irfft_complex128_8192_2_contiguous_,0.0492888200097,0.0490184652153,0.000184645177796,5,200,ok,
final_fct,direct,irfft,complex128,8192,4,contiguous,,direct_irfft_complex128_8192_4_contiguous_,0.0852801348083,0.0846653804183,0.000365535379387,5,200,ok,
final_fct,direct,irfft,complex128,8192,8,contiguous,,direct_irfft_complex128_8192_8_contiguous_,0.156670512661,0.156174518634,0.000495994027006,5,160,ok,
final_fct,direct,irfft,complex128,8192,16,contiguous,,direct_irfft_complex128_8192_16_contiguous_,0.297866947949,0.296969700139,0.000897247809917,5,20,ok,
final_fct,direct,irfft,complex128,8192,32,contiguous,,direct_irfft_complex128_8192_32_contiguous_,0.588365498697,0.580829399405,0.00240500085056,5,20,ok,
final_fct,direct,irfft,complex128,8192,64,contiguous,,direct_irfft_complex128_8192_64_contiguous_,1.16410490009,1.15786370006,0.000586599344388,5,20,ok,
final_fct,direct,irfft,complex128,8192,256,contiguous,,direct_irfft_complex128_8192_256_contiguous_,4.70711239614,4.66376140248,0.037508411333,5,5,ok,
final_fct,direct,irfft,complex128,16384,1,contiguous,,direct_irfft_complex128_16384_1_contiguous_,0.0834445445798,0.0827560049947,0.000404109596275,5,200,ok,
final_fct,direct,irfft,complex128,16384,2,contiguous,,direct_irfft_complex128_16384_2_contiguous_,0.124515097348,0.123787213177,0.000175949366343,5,155,ok,
final_fct,direct,irfft,complex128,16384,4,contiguous,,direct_irfft_complex128_16384_4_contiguous_,0.226695475946,0.226632155053,6.33208931071e-05,5,103,ok,
final_fct,direct,irfft,complex128,16384,8,contiguous,,direct_irfft_complex128_16384_8_contiguous_,0.43636735063,0.434793904424,0.000458850990981,5,20,ok,
final_fct,direct,irfft,complex128,16384,16,contiguous,,direct_irfft_complex128_16384_16_contiguous_,0.84637629916,0.845655449666,0.000720849493518,5,20,ok,
final_fct,direct,irfft,complex128,16384,32,contiguous,,direct_irfft_complex128_16384_32_contiguous_,1.67020229856,1.66755389655,0.00242299865931,5,20,ok,
final_fct,direct,irfft,complex128,16384,64,contiguous,,direct_irfft_complex128_16384_64_contiguous_,3.32911550067,3.32385069923,0.00407259212807,5,10,ok,
final_fct,direct,irfft,complex128,16384,256,contiguous,,direct_irfft_complex128_16384_256_contiguous_,15.5738504836,15.5358390184,0.0380114652216,5,2,ok,
final_fct,direct,irfft,complex128,32768,1,contiguous,,direct_irfft_complex128_32768_1_contiguous_,0.221634273778,0.219821348953,0.00104800038005,5,106,ok,
final_fct,direct,irfft,complex128,32768,2,contiguous,,direct_irfft_complex128_32768_2_contiguous_,0.258706692121,0.257745850831,0.000809074102088,5,94,ok,
final_fct,direct,irfft,complex128,32768,4,contiguous,,direct_irfft_complex128_32768_4_contiguous_,0.506629451411,0.504823547089,0.00139264739119,5,20,ok,
final_fct,direct,irfft,complex128,32768,8,contiguous,,direct_irfft_complex128_32768_8_contiguous_,1.00017180084,0.99783394835,0.000950798857957,5,20,ok,
final_fct,direct,irfft,complex128,32768,16,contiguous,,direct_irfft_complex128_32768_16_contiguous_,1.98511517716,1.98017358643,0.00115399769343,5,17,ok,
final_fct,direct,irfft,complex128,32768,32,contiguous,,direct_irfft_complex128_32768_32_contiguous_,3.98057448911,3.97288125532,0.000688756699674,5,8,ok,
final_fct,direct,irfft,complex128,32768,64,contiguous,,direct_irfft_complex128_32768_64_contiguous_,8.17857123911,8.12823174056,0.0503394985572,5,4,ok,
final_fct,direct,irfft,complex128,32768,256,contiguous,,direct_irfft_complex128_32768_256_contiguous_,36.4129620139,36.3789689727,0.0339930411428,5,1,ok,
final_fct,direct,irfft,complex128,65536,1,contiguous,,direct_irfft_complex128_65536_1_contiguous_,0.496938734372,0.493010755495,0.00209618378811,5,49,ok,
final_fct,direct,irfft,complex128,65536,2,contiguous,,direct_irfft_complex128_65536_2_contiguous_,0.544349098345,0.542421452701,0.00192764564417,5,20,ok,
final_fct,direct,irfft,complex128,65536,4,contiguous,,direct_irfft_complex128_65536_4_contiguous_,1.07041790034,1.06816070038,0.00225719995797,5,20,ok,
final_fct,direct,irfft,complex128,65536,8,contiguous,,direct_irfft_complex128_65536_8_contiguous_,2.18043399946,2.13884050027,0.00484468182549,5,16,ok,
final_fct,direct,irfft,complex128,65536,16,contiguous,,direct_irfft_complex128_65536_16_contiguous_,4.36984913956,4.34565100087,0.00264500600419,5,7,ok,
final_fct,direct,irfft,complex128,65536,32,contiguous,,direct_irfft_complex128_65536_32_contiguous_,9.01585332273,8.90964467544,0.0210096671556,5,3,ok,
final_fct,direct,irfft,complex128,65536,64,contiguous,,direct_irfft_complex128_65536_64_contiguous_,20.0555750635,19.9805239681,0.0750510953367,5,1,ok,
final_fct,direct,irfft,complex128,65536,256,contiguous,,direct_irfft_complex128_65536_256_contiguous_,78.3201159211,78.1580019975,0.126617029309,5,1,ok,
