candidate,group,operation,dtype,n,batch,layout,variant,case_id,median_ms,best_ms,mad_ms,samples,loops,status,notes
old_v2,direct,fft,complex64,1024,1,contiguous,,direct_fft_complex64_1024_1_contiguous_,0.0105813959369,0.0104473899072,5.13273978023e-05,7,495,ok,
old_v2,direct,fft,complex64,1024,2,contiguous,,direct_fft_complex64_1024_2_contiguous_,0.0136900301219,0.0134780517237,0.000126725029227,7,695,ok,
old_v2,direct,fft,complex64,1024,8,contiguous,,direct_fft_complex64_1024_8_contiguous_,0.12922238227,0.128382853481,0.000666419205046,7,191,ok,
old_v2,direct,fft,complex64,1024,64,contiguous,,direct_fft_complex64_1024_64_contiguous_,0.965586560778,0.962197082117,0.00338947866112,7,25,ok,
old_v2,direct,fft,complex64,1024,256,contiguous,,direct_fft_complex64_1024_256_contiguous_,2.44834106914,2.43224321665,0.00673107570037,7,14,ok,
old_v2,direct,fft,complex64,2048,1,contiguous,,direct_fft_complex64_2048_1_contiguous_,0.0187099466307,0.0185065614749,0.000203385155786,7,675,ok,
old_v2,direct,fft,complex64,2048,2,contiguous,,direct_fft_complex64_2048_2_contiguous_,0.0250735983134,0.0249561970572,0.000117401256222,7,518,ok,
old_v2,direct,fft,complex64,2048,8,contiguous,,direct_fft_complex64_2048_8_contiguous_,0.0751517951721,0.0745800294681,0.000157545437105,7,200,ok,
old_v2,direct,fft,complex64,2048,64,contiguous,,direct_fft_complex64_2048_64_contiguous_,0.54367214907,0.538865698036,0.00231880112551,7,20,ok,
old_v2,direct,fft,complex64,2048,256,contiguous,,direct_fft_complex64_2048_256_contiguous_,4.18757625448,4.09086587024,0.0177553738467,7,8,ok,
old_v2,direct,fft,complex64,3072,1,contiguous,,direct_fft_complex64_3072_1_contiguous_,0.0252117628559,0.0249894932856,0.000129495239879,7,523,ok,
old_v2,direct,fft,complex64,3072,2,contiguous,,direct_fft_complex64_3072_2_contiguous_,0.0336620799499,0.0335862347856,7.58451642469e-05,7,200,ok,
old_v2,direct,fft,complex64,3072,8,contiguous,,direct_fft_complex64_3072_8_contiguous_,0.105234954972,0.104655324831,0.000226919655688,7,200,ok,
old_v2,direct,fft,complex64,3072,64,contiguous,,direct_fft_complex64_3072_64_contiguous_,0.770152703626,0.765525602037,0.00357265234925,7,20,ok,
old_v2,direct,fft,complex64,3072,256,contiguous,,direct_fft_complex64_3072_256_contiguous_,5.96205884358,5.81539882114,0.0333086548684,7,6,ok,
old_v2,direct,fft,complex64,3584,1,contiguous,,direct_fft_complex64_3584_1_contiguous_,0.0279438190584,0.0278586090935,3.67027740314e-05,7,481,ok,
old_v2,direct,fft,complex64,3584,2,contiguous,,direct_fft_complex64_3584_2_contiguous_,0.0353565398837,0.0352835498052,7.29900784791e-05,7,200,ok,
old_v2,direct,fft,complex64,3584,8,contiguous,,direct_fft_complex64_3584_8_contiguous_,0.112083219574,0.111614245106,0.000280519016087,7,200,ok,
old_v2,direct,fft,complex64,3584,64,contiguous,,direct_fft_complex64_3584_64_contiguous_,0.803332048235,0.800809299108,0.00120079494081,7,20,ok,
old_v2,direct,fft,complex64,3584,256,contiguous,,direct_fft_complex64_3584_256_contiguous_,6.56434879638,6.30665640347,0.161106209271,7,5,ok,
old_v2,direct,fft,complex64,4095,1,contiguous,,direct_fft_complex64_4095_1_contiguous_,0.043015054846,0.0411179298846,0.00130501858845,7,329,ok,
old_v2,direct,fft,complex64,4095,2,contiguous,,direct_fft_complex64_4095_2_contiguous_,0.0563521654112,0.0561992300209,0.000152935390361,7,200,ok,
old_v2,direct,fft,complex64,4095,8,contiguous,,direct_fft_complex64_4095_8_contiguous_,0.192577937923,0.1889334917,0.00364444622392,7,128,ok,
old_v2,direct,fft,complex64,4095,64,contiguous,,direct_fft_complex64_4095_64_contiguous_,1.44894815166,1.43379190122,0.0136710004881,7,20,ok,
old_v2,direct,fft,complex64,4095,256,contiguous,,direct_fft_complex64_4095_256_contiguous_,9.44334765275,9.36582668995,0.0204550257574,7,3,ok,
old_v2,direct,fft,complex64,4096,1,contiguous,,direct_fft_complex64_4096_1_contiguous_,0.0352753220465,0.0351739896147,8.44440459237e-05,7,385,ok,
old_v2,direct,fft,complex64,4096,2,contiguous,,direct_fft_complex64_4096_2_contiguous_,0.046476359712,0.0463923049392,7.16070644557e-06,7,200,ok,
old_v2,direct,fft,complex64,4096,8,contiguous,,direct_fft_complex64_4096_8_contiguous_,0.157791649463,0.156559934537,0.000315721376569,7,154,ok,
old_v2,direct,fft,complex64,4096,64,contiguous,,direct_fft_complex64_4096_64_contiguous_,1.16152305272,1.15539460094,0.00321604893543,7,20,ok,
old_v2,direct,fft,complex64,4096,256,contiguous,,direct_fft_complex64_4096_256_contiguous_,8.53974648635,8.37811274687,0.0548519892618,7,4,ok,
old_v2,direct,fft,complex64,4097,1,contiguous,,direct_fft_complex64_4097_1_contiguous_,0.18438694459,0.184025000116,0.000311857244621,5,126,ok,
old_v2,direct,fft,complex64,4097,2,contiguous,,direct_fft_complex64_4097_2_contiguous_,0.214994245764,0.214593938405,0.000400307359533,5,114,ok,
old_v2,direct,fft,complex64,4097,8,contiguous,,direct_fft_complex64_4097_8_contiguous_,0.638918525319,0.637226682892,0.00126391808551,5,38,ok,
old_v2,direct,fft,complex64,4097,64,contiguous,,direct_fft_complex64_4097_64_contiguous_,4.60836058483,4.5974604353,0.00160584958004,5,7,ok,
old_v2,direct,fft,complex64,4097,256,contiguous,,direct_fft_complex64_4097_256_contiguous_,22.3170690006,22.0751970774,0.142946955748,5,1,ok,
old_v2,direct,fft,complex64,4608,1,contiguous,,direct_fft_complex64_4608_1_contiguous_,0.0372648448683,0.0371356500546,8.52602533996e-05,5,200,ok,
old_v2,direct,fft,complex64,4608,2,contiguous,,direct_fft_complex64_4608_2_contiguous_,0.046567080426,0.0464194000233,0.000147680402733,5,200,ok,
old_v2,direct,fft,complex64,4608,8,contiguous,,direct_fft_complex64_4608_8_contiguous_,0.15037979216,0.149861534577,0.000465081407214,5,159,ok,
old_v2,direct,fft,complex64,4608,64,contiguous,,direct_fft_complex64_4608_64_contiguous_,1.25970494701,1.25554775004,0.00255180639215,5,20,ok,
old_v2,direct,fft,complex64,4608,256,contiguous,,direct_fft_complex64_4608_256_contiguous_,8.75238333053,8.7277610243,0.0246223062277,5,3,ok,
old_v2,direct,fft,complex64,8192,1,contiguous,,direct_fft_complex64_8192_1_contiguous_,0.073804234853,0.0737535400549,4.80405287817e-05,5,200,ok,
old_v2,direct,fft,complex64,8192,2,contiguous,,direct_fft_complex64_8192_2_contiguous_,0.0918147002812,0.0916049053194,0.000195869943127,5,200,ok,
old_v2,direct,fft,complex64,8192,8,contiguous,,direct_fft_complex64_8192_8_contiguous_,0.327719499772,0.324729864637,0.00194958065058,5,74,ok,
old_v2,direct,fft,complex64,8192,64,contiguous,,direct_fft_complex64_8192_64_contiguous_,2.71390241687,2.64343608675,0.0489353357504,5,12,ok,
old_v2,direct,fft,complex64,8192,256,contiguous,,direct_fft_complex64_8192_256_contiguous_,16.8394905049,16.4943630225,0.0735024805181,5,2,ok,
old_v2,direct,fft,complex64,16384,1,contiguous,,direct_fft_complex64_16384_1_contiguous_,0.142823788337,0.142471921263,0.000256539153104,5,165,ok,
old_v2,direct,fft,complex64,16384,2,contiguous,,direct_fft_complex64_16384_2_contiguous_,0.342537880069,0.334302090289,0.00128567343884,5,67,ok,
old_v2,direct,fft,complex64,16384,8,contiguous,,direct_fft_complex64_16384_8_contiguous_,1.28359199734,1.27590069897,0.00769129837863,5,20,ok,
old_v2,direct,fft,complex64,16384,64,contiguous,,direct_fft_complex64_16384_64_contiguous_,10.6586093316,10.4617656907,0.15597732272,5,3,ok,
old_v2,direct,fft,complex64,16384,256,contiguous,,direct_fft_complex64_16384_256_contiguous_,35.2276070043,35.1614539977,0.0661530066282,5,1,ok,
old_v2,direct,fft,complex64,32768,1,contiguous,,direct_fft_complex64_32768_1_contiguous_,0.366480253053,0.365207880499,0.000124717298061,5,67,ok,
old_v2,direct,fft,complex64,32768,2,contiguous,,direct_fft_complex64_32768_2_contiguous_,0.36988692129,0.368903651612,0.000662174046276,5,63,ok,
old_v2,direct,fft,complex64,32768,8,contiguous,,direct_fft_complex64_32768_8_contiguous_,1.38657890493,1.38339544646,0.00318345846608,5,20,ok,
old_v2,direct,fft,complex64,32768,64,contiguous,,direct_fft_complex64_32768_64_contiguous_,19.9139700271,19.5128730265,0.223597045988,5,1,ok,
old_v2,direct,fft,complex64,32768,256,contiguous,,direct_fft_complex64_32768_256_contiguous_,70.0987400487,70.0005979743,0.098142074421,5,1,ok,
old_v2,direct,fft,complex64,65536,1,contiguous,,direct_fft_complex64_65536_1_contiguous_,1.08553568134,1.08289436585,0.0026413154873,5,22,ok,
old_v2,direct,fft,complex64,65536,2,contiguous,,direct_fft_complex64_65536_2_contiguous_,0.8291887003,0.824529549573,0.00223115202971,5,20,ok,
old_v2,direct,fft,complex64,65536,8,contiguous,,direct_fft_complex64_65536_8_contiguous_,3.69518277391,3.63751299058,0.00734821272393,5,9,ok,
old_v2,direct,fft,complex64,65536,64,contiguous,,direct_fft_complex64_65536_64_contiguous_,36.4164119819,35.9381620074,0.100295990705,5,1,ok,
old_v2,direct,fft,complex64,65536,256,contiguous,,direct_fft_complex64_65536_256_contiguous_,149.288942921,148.861906957,0.387892127037,5,1,ok,
old_v2,direct,fft,complex128,1024,1,contiguous,,direct_fft_complex128_1024_1_contiguous_,0.00921332954756,0.00919538481375,1.46695358857e-05,7,1159,ok,
old_v2,direct,fft,complex128,1024,2,contiguous,,direct_fft_complex128_1024_2_contiguous_,0.0113725003958,0.0113093015502,3.2057801312e-05,7,1071,ok,
old_v2,direct,fft,complex128,1024,8,contiguous,,direct_fft_complex128_1024_8_contiguous_,0.0293105700985,0.0289849151159,5.88101102039e-05,7,200,ok,
old_v2,direct,fft,complex128,1024,64,contiguous,,direct_fft_complex128_1024_64_contiguous_,0.194920308328,0.19442401656,0.000241348837934,7,123,ok,
old_v2,direct,fft,complex128,1024,256,contiguous,,direct_fft_complex128_1024_256_contiguous_,0.747819052776,0.746515655192,0.000477849971503,7,20,ok,
old_v2,direct,fft,complex128,2048,1,contiguous,,direct_fft_complex128_2048_1_contiguous_,0.0171785127933,0.0171452320408,1.64024710942e-05,7,780,ok,
old_v2,direct,fft,complex128,2048,2,contiguous,,direct_fft_complex128_2048_2_contiguous_,0.0221655412301,0.0221306194142,2.93713261723e-05,7,628,ok,
old_v2,direct,fft,complex128,2048,8,contiguous,,direct_fft_complex128_2048_8_contiguous_,0.068324074964,0.0676406995626,6.25650864094e-05,7,200,ok,
old_v2,direct,fft,complex128,2048,64,contiguous,,direct_fft_complex128_2048_64_contiguous_,0.479246600298,0.477247900562,0.000634149182588,7,20,ok,
old_v2,direct,fft,complex128,2048,256,contiguous,,direct_fft_complex128_2048_256_contiguous_,1.89490711508,1.88219693818,0.00246512183153,7,17,ok,
old_v2,direct,fft,complex128,3072,1,contiguous,,direct_fft_complex128_3072_1_contiguous_,0.0227194047387,0.0226446609979,3.85042204573e-05,7,593,ok,
old_v2,direct,fft,complex128,3072,2,contiguous,,direct_fft_complex128_3072_2_contiguous_,0.0296138349222,0.0294723699335,4.54351538792e-05,7,200,ok,
old_v2,direct,fft,complex128,3072,8,contiguous,,direct_fft_complex128_3072_8_contiguous_,0.0932891952107,0.0931925646728,5.34451100975e-05,7,200,ok,
old_v2,direct,fft,complex128,3072,64,contiguous,,direct_fft_complex128_3072_64_contiguous_,0.669996498618,0.668227247661,0.00106455408968,7,20,ok,
old_v2,direct,fft,complex128,3072,256,contiguous,,direct_fft_complex128_3072_256_contiguous_,2.87467064548,2.81292645642,0.0472562810914,7,11,ok,
old_v2,direct,fft,complex128,3584,1,contiguous,,direct_fft_complex128_3584_1_contiguous_,0.0250316095161,0.0249655762788,4.96634687245e-05,7,538,ok,
old_v2,direct,fft,complex128,3584,2,contiguous,,direct_fft_complex128_3584_2_contiguous_,0.0313479150645,0.031051315018,0.000120174954645,7,200,ok,
old_v2,direct,fft,complex128,3584,8,contiguous,,direct_fft_complex128_3584_8_contiguous_,0.0973793154117,0.0969973049359,0.00016720558051,7,200,ok,
old_v2,direct,fft,complex128,3584,64,contiguous,,direct_fft_complex128_3584_64_contiguous_,0.716481154086,0.706801150227,0.00569814583287,7,20,ok,
old_v2,direct,fft,complex128,3584,256,contiguous,,direct_fft_complex128_3584_256_contiguous_,3.16844240297,2.99178230343,0.0244806986302,7,10,ok,
old_v2,direct,fft,complex128,4095,1,contiguous,,direct_fft_complex128_4095_1_contiguous_,0.0376248605494,0.0373157316784,0.00016521737379,7,373,ok,
old_v2,direct,fft,complex128,4095,2,contiguous,,direct_fft_complex128_4095_2_contiguous_,0.0504858297063,0.0497776153497,0.000327965244651,7,200,ok,
old_v2,direct,fft,complex128,4095,8,contiguous,,direct_fft_complex128_4095_8_contiguous_,0.17097180194,0.170734269274,0.000153120825107,7,141,ok,
old_v2,direct,fft,complex128,4095,64,contiguous,,direct_fft_complex128_4095_64_contiguous_,1.32007100037,1.31535220426,0.00169220147654,7,20,ok,
old_v2,direct,fft,complex128,4095,256,contiguous,,direct_fft_complex128_4095_256_contiguous_,5.47060285074,5.41518131892,0.0350719783455,7,6,ok,
old_v2,direct,fft,complex128,4096,1,contiguous,,direct_fft_complex128_4096_1_contiguous_,0.0320043688393,0.0318388133167,4.74399316783e-05,7,423,ok,
old_v2,direct,fft,complex128,4096,2,contiguous,,direct_fft_complex128_4096_2_contiguous_,0.0419869448524,0.0418818445178,9.52754635364e-05,7,200,ok,
old_v2,direct,fft,complex128,4096,8,contiguous,,direct_fft_complex128_4096_8_contiguous_,0.136396221209,0.136109993881,0.000153375578561,7,181,ok,
old_v2,direct,fft,complex128,4096,64,contiguous,,direct_fft_complex128_4096_64_contiguous_,1.03419924853,1.03339125053,0.000679248478264,7,20,ok,
old_v2,direct,fft,complex128,4096,256,contiguous,,direct_fft_complex128_4096_256_contiguous_,4.42714999164,4.40294072697,0.0152642938441,7,7,ok,
old_v2,direct,fft,complex128,4097,1,contiguous,,direct_fft_complex128_4097_1_contiguous_,0.184471307931,0.183825639005,0.000645668926434,5,130,ok,
old_v2,direct,fft,complex128,4097,2,contiguous,,direct_fft_complex128_4097_2_contiguous_,0.212369692655,0.211838435811,0.000194641443081,5,117,ok,
old_v2,direct,fft,complex128,4097,8,contiguous,,direct_fft_complex128_4097_8_contiguous_,0.62604715379,0.625044283553,0.00100287023741,5,39,ok,
old_v2,direct,fft,complex128,4097,64,contiguous,,direct_fft_complex128_4097_64_contiguous_,4.53002027435,4.52626913986,0.00331201590598,5,7,ok,
old_v2,direct,fft,complex128,4097,256,contiguous,,direct_fft_complex128_4097_256_contiguous_,17.7593349945,17.7460610867,0.00260502565652,5,1,ok,
old_v2,direct,fft,complex128,4608,1,contiguous,,direct_fft_complex128_4608_1_contiguous_,0.03348991042,0.0333702401258,0.000115914735943,5,200,ok,
old_v2,direct,fft,complex128,4608,2,contiguous,,direct_fft_complex128_4608_2_contiguous_,0.0403968297178,0.0401037849952,0.000133899739012,5,200,ok,
old_v2,direct,fft,complex128,4608,8,contiguous,,direct_fft_complex128_4608_8_contiguous_,0.133003166078,0.132653205656,0.000161555196558,5,175,ok,
old_v2,direct,fft,complex128,4608,64,contiguous,,direct_fft_complex128_4608_64_contiguous_,0.984511146089,0.984374899417,0.0001362466719,5,20,ok,
old_v2,direct,fft,complex128,4608,256,contiguous,,direct_fft_complex128_4608_256_contiguous_,4.37573238742,4.36456140596,0.0111709814519,5,5,ok,
old_v2,direct,fft,complex128,8192,1,contiguous,,direct_fft_complex128_8192_1_contiguous_,0.0667490402702,0.0661416049115,0.000122574856505,5,200,ok,
old_v2,direct,fft,complex128,8192,2,contiguous,,direct_fft_complex128_8192_2_contiguous_,0.0763503345661,0.0762233446585,0.000126989907585,5,200,ok,
old_v2,direct,fft,complex128,8192,8,contiguous,,direct_fft_complex128_8192_8_contiguous_,0.268169284523,0.267693966056,0.000475318467414,5,88,ok,
old_v2,direct,fft,complex128,8192,64,contiguous,,direct_fft_complex128_8192_64_contiguous_,2.05770706089,2.04501838016,0.0126886807266,5,16,ok,
old_v2,direct,fft,complex128,8192,256,contiguous,,direct_fft_complex128_8192_256_contiguous_,11.6858470137,11.4674849901,0.074569019489,5,2,ok,
old_v2,direct,fft,complex128,16384,1,contiguous,,direct_fft_complex128_16384_1_contiguous_,0.137577969127,0.137146182568,0.000381079167355,5,164,ok,
old_v2,direct,fft,complex128,16384,2,contiguous,,direct_fft_complex128_16384_2_contiguous_,0.18594042398,0.185812343843,4.06401231885e-05,5,125,ok,
old_v2,direct,fft,complex128,16384,8,contiguous,,direct_fft_complex128_16384_8_contiguous_,0.680292252218,0.672880950151,0.000476400600746,5,20,ok,
old_v2,direct,fft,complex128,16384,64,contiguous,,direct_fft_complex128_16384_64_contiguous_,5.60373768288,5.57674566517,0.0208989755871,5,6,ok,
old_v2,direct,fft,complex128,16384,256,contiguous,,direct_fft_complex128_16384_256_contiguous_,23.2652859995,23.1018009363,0.0757819507271,5,1,ok,
old_v2,direct,fft,complex128,32768,1,contiguous,,direct_fft_complex128_32768_1_contiguous_,0.303347365045,0.302981816675,0.000337465302792,5,82,ok,
old_v2,direct,fft,complex128,32768,2,contiguous,,direct_fft_complex128_32768_2_contiguous_,0.395911864116,0.394861932086,0.00104993202929,5,59,ok,
old_v2,direct,fft,complex128,32768,8,contiguous,,direct_fft_complex128_32768_8_contiguous_,1.45947324927,1.45122240065,0.00562599743716,5,20,ok,
old_v2,direct,fft,complex128,32768,64,contiguous,,direct_fft_complex128_32768_64_contiguous_,14.597142057,14.4731060136,0.0671450980008,5,2,ok,
old_v2,direct,fft,complex128,32768,256,contiguous,,direct_fft_complex128_32768_256_contiguous_,48.4963440103,48.3439799864,0.0591500429437,5,1,ok,
old_v2,direct,fft,complex128,65536,1,contiguous,,direct_fft_complex128_65536_1_contiguous_,0.621670280965,0.619201079154,0.00174145978422,5,39,ok,
old_v2,direct,fft,complex128,65536,2,contiguous,,direct_fft_complex128_65536_2_contiguous_,0.811812351458,0.803313450888,0.00691290479153,5,20,ok,
old_v2,direct,fft,complex128,65536,8,contiguous,,direct_fft_complex128_65536_8_contiguous_,3.07263226502,3.04922863672,0.00735191332007,5,11,ok,
old_v2,direct,fft,complex128,65536,64,contiguous,,direct_fft_complex128_65536_64_contiguous_,26.9771020394,26.8669069046,0.0356970122084,5,1,ok,
old_v2,direct,fft,complex128,65536,256,contiguous,,direct_fft_complex128_65536_256_contiguous_,106.125846971,105.908342986,0.152302905917,5,1,ok,
old_v2,direct,ifft,complex64,1024,1,contiguous,,direct_ifft_complex64_1024_1_contiguous_,0.0119705866923,0.0119432086013,1.54132671858e-05,7,767,ok,
old_v2,direct,ifft,complex64,1024,2,contiguous,,direct_ifft_complex64_1024_2_contiguous_,0.0185093491211,0.0184888562103,6.86601648091e-06,7,702,ok,
old_v2,direct,ifft,complex64,1024,8,contiguous,,direct_ifft_complex64_1024_8_contiguous_,0.0250200252049,0.0249624648131,1.63802178577e-05,7,200,ok,
old_v2,direct,ifft,complex64,1024,64,contiguous,,direct_ifft_complex64_1024_64_contiguous_,0.156403149595,0.156151368719,9.73683199845e-05,7,160,ok,
old_v2,direct,ifft,complex64,1024,256,contiguous,,direct_ifft_complex64_1024_256_contiguous_,0.593603152083,0.592411455,0.000560597982258,7,20,ok,
old_v2,direct,ifft,complex64,2048,1,contiguous,,direct_ifft_complex64_2048_1_contiguous_,0.0211763227723,0.0211415326591,2.12734115082e-05,7,567,ok,
old_v2,direct,ifft,complex64,2048,2,contiguous,,direct_ifft_complex64_2048_2_contiguous_,0.0350617962433,0.0350346819281,2.01604776627e-05,7,412,ok,
old_v2,direct,ifft,complex64,2048,8,contiguous,,direct_ifft_complex64_2048_8_contiguous_,0.0509132299339,0.0506871554535,4.79898881167e-05,7,200,ok,
old_v2,direct,ifft,complex64,2048,64,contiguous,,direct_ifft_complex64_2048_64_contiguous_,0.348007050343,0.347379350569,0.000187801197171,7,20,ok,
old_v2,direct,ifft,complex64,2048,256,contiguous,,direct_ifft_complex64_2048_256_contiguous_,1.36448025005,1.36339120218,0.000968296080828,7,20,ok,
old_v2,direct,ifft,complex64,3072,1,contiguous,,direct_ifft_complex64_3072_1_contiguous_,0.032049771885,0.0319406840919,0.000109087793055,7,421,ok,
old_v2,direct,ifft,complex64,3072,2,contiguous,,direct_ifft_complex64_3072_2_contiguous_,0.0557535450207,0.0553917250363,0.000104189966805,7,200,ok,
old_v2,direct,ifft,complex64,3072,8,contiguous,,direct_ifft_complex64_3072_8_contiguous_,0.0703919754596,0.0701304950053,0.000261480454355,7,200,ok,
old_v2,direct,ifft,complex64,3072,64,contiguous,,direct_ifft_complex64_3072_64_contiguous_,0.487803050783,0.484565499937,0.000808999175206,7,20,ok,
old_v2,direct,ifft,complex64,3072,256,contiguous,,direct_ifft_complex64_3072_256_contiguous_,1.91419322639,1.91004549722,0.00141261585264,7,18,ok,
old_v2,direct,ifft,complex64,3584,1,contiguous,,direct_ifft_complex64_3584_1_contiguous_,0.0361671055933,0.0360976373678,4.1161439623e-05,7,378,ok,
old_v2,direct,ifft,complex64,3584,2,contiguous,,direct_ifft_complex64_3584_2_contiguous_,0.0631815404631,0.0630797498161,4.48804348707e-05,7,200,ok,
old_v2,direct,ifft,complex64,3584,8,contiguous,,direct_ifft_complex64_3584_8_contiguous_,0.0786927447189,0.078426800319,0.000109804677777,7,200,ok,
old_v2,direct,ifft,complex64,3584,64,contiguous,,direct_ifft_complex64_3584_64_contiguous_,0.548075849656,0.547781301429,0.00029454822652,7,20,ok,
old_v2,direct,ifft,complex64,3584,256,contiguous,,direct_ifft_complex64_3584_256_contiguous_,2.16691999958,2.16164949961,0.00487343640998,7,16,ok,
old_v2,direct,ifft,complex64,4095,1,contiguous,,direct_ifft_complex64_4095_1_contiguous_,0.0527347512983,0.0523071328394,0.000231849357422,7,233,ok,
old_v2,direct,ifft,complex64,4095,2,contiguous,,direct_ifft_complex64_4095_2_contiguous_,0.0956283049891,0.0954989151796,0.000129389809445,7,200,ok,
old_v2,direct,ifft,complex64,4095,8,contiguous,,direct_ifft_complex64_4095_8_contiguous_,0.122579209585,0.120295638326,0.00141248172783,7,191,ok,
old_v2,direct,ifft,complex64,4095,64,contiguous,,direct_ifft_complex64_4095_64_contiguous_,0.888555345591,0.883505900856,0.001337507274,7,20,ok,
old_v2,direct,ifft,complex64,4095,256,contiguous,,direct_ifft_complex64_4095_256_contiguous_,3.50483910491,3.4710316686,0.0176817670258,7,9,ok,
old_v2,direct,ifft,complex64,4096,1,contiguous,,direct_ifft_complex64_4096_1_contiguous_,0.0412769790618,0.0411444553725,9.63932641688e-05,7,338,ok,
old_v2,direct,ifft,complex64,4096,2,contiguous,,direct_ifft_complex64_4096_2_contiguous_,0.0731780700153,0.0729409744963,0.000175329623744,7,200,ok,
old_v2,direct,ifft,complex64,4096,8,contiguous,,direct_ifft_complex64_4096_8_contiguous_,0.100761975045,0.100550780189,9.90304397419e-05,7,200,ok,
old_v2,direct,ifft,complex64,4096,64,contiguous,,direct_ifft_complex64_4096_64_contiguous_,0.725440401584,0.72492340114,0.000517000444233,7,20,ok,
old_v2,direct,ifft,complex64,4096,256,contiguous,,direct_ifft_complex64_4096_256_contiguous_,2.83714958156,2.8323122533,0.00103857989113,7,12,ok,
old_v2,direct,ifft,complex64,4097,1,contiguous,,direct_ifft_complex64_4097_1_contiguous_,0.269002190875,0.268426280354,0.00039771921263,5,89,ok,
old_v2,direct,ifft,complex64,4097,2,contiguous,,direct_ifft_complex64_4097_2_contiguous_,0.436699579535,0.435762930449,0.000400387012122,5,57,ok,
old_v2,direct,ifft,complex64,4097,8,contiguous,,direct_ifft_complex64_4097_8_contiguous_,0.412650982616,0.41128610028,0.0005804002285,5,60,ok,
old_v2,direct,ifft,complex64,4097,64,contiguous,,direct_ifft_complex64_4097_64_contiguous_,2.59205961349,2.58184361379,0.0102159997018,5,13,ok,
old_v2,direct,ifft,complex64,4097,256,contiguous,,direct_ifft_complex64_4097_256_contiguous_,9.90405298459,9.85127132541,0.00793801154941,5,3,ok,
old_v2,direct,ifft,complex64,4608,1,contiguous,,direct_ifft_complex64_4608_1_contiguous_,0.0486455054488,0.0483257550513,0.000229224096984,5,200,ok,
old_v2,direct,ifft,complex64,4608,2,contiguous,,direct_ifft_complex64_4608_2_contiguous_,0.0870463100728,0.086537359748,0.000135499867611,5,200,ok,
old_v2,direct,ifft,complex64,4608,8,contiguous,,direct_ifft_complex64_4608_8_contiguous_,0.100522175198,0.0992356799543,6.22647348791e-05,5,200,ok,
old_v2,direct,ifft,complex64,4608,64,contiguous,,direct_ifft_complex64_4608_64_contiguous_,0.717901351163,0.715301453602,0.00259989756159,5,20,ok,
old_v2,direct,ifft,complex64,4608,256,contiguous,,direct_ifft_complex64_4608_256_contiguous_,2.8348807944,2.83080120571,0.000863382592797,5,5,ok,
old_v2,direct,ifft,complex64,8192,1,contiguous,,direct_ifft_complex64_8192_1_contiguous_,0.0842321198434,0.0841495150235,8.26048199087e-05,5,200,ok,
old_v2,direct,ifft,complex64,8192,2,contiguous,,direct_ifft_complex64_8192_2_contiguous_,0.152641658596,0.152586335287,5.5323308623e-05,5,161,ok,
old_v2,direct,ifft,complex64,8192,8,contiguous,,direct_ifft_complex64_8192_8_contiguous_,0.199956264278,0.199765652949,0.000190611328345,5,121,ok,
old_v2,direct,ifft,complex64,8192,64,contiguous,,direct_ifft_complex64_8192_64_contiguous_,1.49521689746,1.48852840066,0.00155494781211,5,20,ok,
old_v2,direct,ifft,complex64,8192,256,contiguous,,direct_ifft_complex64_8192_256_contiguous_,5.97107720096,5.96562100109,0.00545619986951,5,5,ok,
old_v2,direct,ifft,complex64,16384,1,contiguous,,direct_ifft_complex64_16384_1_contiguous_,0.180362422879,0.180221615861,8.29154697175e-05,5,130,ok,
old_v2,direct,ifft,complex64,16384,2,contiguous,,direct_ifft_complex64_16384_2_contiguous_,0.344602027326,0.343097847589,0.0013880150315,5,72,ok,
old_v2,direct,ifft,complex64,16384,8,contiguous,,direct_ifft_complex64_16384_8_contiguous_,0.442133401521,0.441366498126,0.000746850855649,5,20,ok,
old_v2,direct,ifft,complex64,16384,64,contiguous,,direct_ifft_complex64_16384_64_contiguous_,3.34961010376,3.33408109145,0.0155290123075,5,10,ok,
old_v2,direct,ifft,complex64,16384,256,contiguous,,direct_ifft_complex64_16384_256_contiguous_,14.3610924715,14.2536420026,0.0522474874742,5,2,ok,
old_v2,direct,ifft,complex64,32768,1,contiguous,,direct_ifft_complex64_32768_1_contiguous_,0.396010710017,0.394916419135,0.00105309675658,5,62,ok,
old_v2,direct,ifft,complex64,32768,2,contiguous,,direct_ifft_complex64_32768_2_contiguous_,0.757552345021,0.755376717279,0.00155665838975,5,32,ok,
old_v2,direct,ifft,complex64,32768,8,contiguous,,direct_ifft_complex64_32768_8_contiguous_,0.841713050613,0.838860752992,0.00106745283119,5,20,ok,
old_v2,direct,ifft,complex64,32768,64,contiguous,,direct_ifft_complex64_32768_64_contiguous_,6.44831859972,6.41718260013,0.0153566012159,5,5,ok,
old_v2,direct,ifft,complex64,32768,256,contiguous,,direct_ifft_complex64_32768_256_contiguous_,32.3857209878,32.2815369582,0.0464670592919,5,1,ok,
old_v2,direct,ifft,complex64,65536,1,contiguous,,direct_ifft_complex64_65536_1_contiguous_,0.828541586465,0.827256794858,0.00110241295449,5,29,ok,
old_v2,direct,ifft,complex64,65536,2,contiguous,,direct_ifft_complex64_65536_2_contiguous_,1.5780111542,1.5717104543,0.000297045335174,5,20,ok,
old_v2,direct,ifft,complex64,65536,8,contiguous,,direct_ifft_complex64_65536_8_contiguous_,2.143100393,2.13051020013,0.0125901928792,5,15,ok,
old_v2,direct,ifft,complex64,65536,64,contiguous,,direct_ifft_complex64_65536_64_contiguous_,16.5188785177,16.4015144692,0.0363480648957,5,2,ok,
old_v2,direct,ifft,complex64,65536,256,contiguous,,direct_ifft_complex64_65536_256_contiguous_,65.3899048921,65.070830984,0.225611031055,5,1,ok,
old_v2,direct,ifft,complex128,1024,1,contiguous,,direct_ifft_complex128_1024_1_contiguous_,0.0106694214134,0.0105849769849,2.77872634681e-05,7,954,ok,
old_v2,direct,ifft,complex128,1024,2,contiguous,,direct_ifft_complex128_1024_2_contiguous_,0.0127468204412,0.0126805025129,6.63179283341e-05,7,975,ok,
old_v2,direct,ifft,complex128,1024,8,contiguous,,direct_ifft_complex128_1024_8_contiguous_,0.0318496499676,0.0316204753472,0.000113609712571,7,200,ok,
old_v2,direct,ifft,complex128,1024,64,contiguous,,direct_ifft_complex128_1024_64_contiguous_,0.205889112388,0.205043396222,0.000268784913652,7,116,ok,
old_v2,direct,ifft,complex128,1024,256,contiguous,,direct_ifft_complex128_1024_256_contiguous_,0.813806051156,0.807233294472,0.00163955264725,7,20,ok,
old_v2,direct,ifft,complex128,2048,1,contiguous,,direct_ifft_complex128_2048_1_contiguous_,0.0194986242312,0.0193977584118,2.71413772562e-05,7,708,ok,
old_v2,direct,ifft,complex128,2048,2,contiguous,,direct_ifft_complex128_2048_2_contiguous_,0.0234165630417,0.0233022330985,7.61617545267e-05,7,588,ok,
old_v2,direct,ifft,complex128,2048,8,contiguous,,direct_ifft_complex128_2048_8_contiguous_,0.0711690745084,0.0702598300995,0.000207335688174,7,200,ok,
old_v2,direct,ifft,complex128,2048,64,contiguous,,direct_ifft_complex128_2048_64_contiguous_,0.507433101302,0.506692199269,0.000739353708923,7,20,ok,
old_v2,direct,ifft,complex128,2048,256,contiguous,,direct_ifft_complex128_2048_256_contiguous_,1.97150041212,1.96456270265,0.0037811765009,7,17,ok,
old_v2,direct,ifft,complex128,3072,1,contiguous,,direct_ifft_complex128_3072_1_contiguous_,0.0239223459954,0.0237321351059,0.000179344200873,7,555,ok,
old_v2,direct,ifft,complex128,3072,2,contiguous,,direct_ifft_complex128_3072_2_contiguous_,0.0300386745948,0.0298503797967,8.87096393853e-05,7,200,ok,
old_v2,direct,ifft,complex128,3072,8,contiguous,,direct_ifft_complex128_3072_8_contiguous_,0.0923952297308,0.0918338296469,0.000375350355171,7,200,ok,
old_v2,direct,ifft,complex128,3072,64,contiguous,,direct_ifft_complex128_3072_64_contiguous_,0.694058398949,0.673440448008,0.00270555028692,7,20,ok,
old_v2,direct,ifft,complex128,3072,256,contiguous,,direct_ifft_complex128_3072_256_contiguous_,2.8723627223,2.85178072624,0.0122964530337,7,11,ok,
old_v2,direct,ifft,complex128,3584,1,contiguous,,direct_ifft_complex128_3584_1_contiguous_,0.0274948073026,0.0273302616835,6.8809247706e-05,7,493,ok,
old_v2,direct,ifft,complex128,3584,2,contiguous,,direct_ifft_complex128_3584_2_contiguous_,0.0334614049643,0.0333048147149,9.66299558058e-05,7,200,ok,
old_v2,direct,ifft,complex128,3584,8,contiguous,,direct_ifft_complex128_3584_8_contiguous_,0.105320465518,0.104997464805,0.000211494625546,7,200,ok,
old_v2,direct,ifft,complex128,3584,64,contiguous,,direct_ifft_complex128_3584_64_contiguous_,0.765448948368,0.761464500101,0.0039768521674,7,20,ok,
old_v2,direct,ifft,complex128,3584,256,contiguous,,direct_ifft_complex128_3584_256_contiguous_,3.26020040084,3.22724899743,0.0263910973445,7,10,ok,
old_v2,direct,ifft,complex128,4095,1,contiguous,,direct_ifft_complex128_4095_1_contiguous_,0.0415044480356,0.0412676951184,0.000231862408904,7,328,ok,
old_v2,direct,ifft,complex128,4095,2,contiguous,,direct_ifft_complex128_4095_2_contiguous_,0.0552976003382,0.0547347497195,0.000562850618735,7,200,ok,
old_v2,direct,ifft,complex128,4095,8,contiguous,,direct_ifft_complex128_4095_8_contiguous_,0.178828510884,0.177883394368,0.000271153377954,7,137,ok,
old_v2,direct,ifft,complex128,4095,64,contiguous,,direct_ifft_complex128_4095_64_contiguous_,1.36874169693,1.36497215135,0.00323650310747,7,20,ok,
old_v2,direct,ifft,complex128,4095,256,contiguous,,direct_ifft_complex128_4095_256_contiguous_,5.70235238411,5.62354959548,0.0088726170361,7,5,ok,
old_v2,direct,ifft,complex128,4096,1,contiguous,,direct_ifft_complex128_4096_1_contiguous_,0.0359957925902,0.0357875038853,0.000153146953056,7,381,ok,
old_v2,direct,ifft,complex128,4096,2,contiguous,,direct_ifft_complex128_4096_2_contiguous_,0.0446658849251,0.0442129455041,0.000305064604618,7,200,ok,
old_v2,direct,ifft,complex128,4096,8,contiguous,,direct_ifft_complex128_4096_8_contiguous_,0.149393914917,0.148527751056,0.000866163860668,7,165,ok,
old_v2,direct,ifft,complex128,4096,64,contiguous,,direct_ifft_complex128_4096_64_contiguous_,1.09604649479,1.07711824821,0.00687779393047,7,20,ok,
old_v2,direct,ifft,complex128,4096,256,contiguous,,direct_ifft_complex128_4096_256_contiguous_,4.64281343323,4.56450457153,0.0219465665785,7,7,ok,
old_v2,direct,ifft,complex128,4097,1,contiguous,,direct_ifft_complex128_4097_1_contiguous_,0.184748098716,0.183992335779,0.000406938199779,5,131,ok,
old_v2,direct,ifft,complex128,4097,2,contiguous,,direct_ifft_complex128_4097_2_contiguous_,0.21437350382,0.213559077153,0.00081442666646,5,117,ok,
old_v2,direct,ifft,complex128,4097,8,contiguous,,direct_ifft_complex128_4097_8_contiguous_,0.641804948253,0.639275237183,0.000519632043219,5,38,ok,
old_v2,direct,ifft,complex128,4097,64,contiguous,,direct_ifft_complex128_4097_64_contiguous_,4.84353742961,4.59557685203,0.124420438494,5,7,ok,
old_v2,direct,ifft,complex128,4097,256,contiguous,,direct_ifft_complex128_4097_256_contiguous_,18.1753200013,18.0187380174,0.156581983902,5,1,ok,
old_v2,direct,ifft,complex128,4608,1,contiguous,,direct_ifft_complex128_4608_1_contiguous_,0.0358363799751,0.0353973149322,0.000416169641539,5,200,ok,
old_v2,direct,ifft,complex128,4608,2,contiguous,,direct_ifft_complex128_4608_2_contiguous_,0.0437177700223,0.043631104636,8.66653863341e-05,5,200,ok,
old_v2,direct,ifft,complex128,4608,8,contiguous,,direct_ifft_complex128_4608_8_contiguous_,0.136931374794,0.136198162481,0.000733212312923,5,179,ok,
old_v2,direct,ifft,complex128,4608,64,contiguous,,direct_ifft_complex128_4608_64_contiguous_,0.995026249439,0.986782903783,0.001764803892,5,20,ok,
old_v2,direct,ifft,complex128,4608,256,contiguous,,direct_ifft_complex128_4608_256_contiguous_,4.21447758563,4.18321141042,0.0312661752105,5,5,ok,
old_v2,direct,ifft,complex128,8192,1,contiguous,,direct_ifft_complex128_8192_1_contiguous_,0.0719902053243,0.0718096201308,0.000180585193448,5,200,ok,
old_v2,direct,ifft,complex128,8192,2,contiguous,,direct_ifft_complex128_8192_2_contiguous_,0.0773599097738,0.0770343549084,0.000325554865412,5,200,ok,
old_v2,direct,ifft,complex128,8192,8,contiguous,,direct_ifft_complex128_8192_8_contiguous_,0.266664078111,0.266432439765,0.000231638346072,5,91,ok,
old_v2,direct,ifft,complex128,8192,64,contiguous,,direct_ifft_complex128_8192_64_contiguous_,2.06566631095,2.06138393696,0.00343450665241,5,16,ok,
old_v2,direct,ifft,complex128,8192,256,contiguous,,direct_ifft_complex128_8192_256_contiguous_,11.5805804962,11.5397945046,0.0140410265885,5,2,ok,
old_v2,direct,ifft,complex128,16384,1,contiguous,,direct_ifft_complex128_16384_1_contiguous_,0.147303185721,0.147087868264,0.000204568907262,5,167,ok,
old_v2,direct,ifft,complex128,16384,2,contiguous,,direct_ifft_complex128_16384_2_contiguous_,0.186465452316,0.185142672308,0.000306508809444,5,128,ok,
old_v2,direct,ifft,complex128,16384,8,contiguous,,direct_ifft_complex128_16384_8_contiguous_,0.674336653901,0.672383996425,0.000644207466394,5,20,ok,
old_v2,direct,ifft,complex128,16384,64,contiguous,,direct_ifft_complex128_16384_64_contiguous_,5.56252918129,5.52323448937,0.03388801512,5,6,ok,
old_v2,direct,ifft,complex128,16384,256,contiguous,,direct_ifft_complex128_16384_256_contiguous_,22.8993339697,22.8168589529,0.0359868863598,5,1,ok,
old_v2,direct,ifft,complex128,32768,1,contiguous,,direct_ifft_complex128_32768_1_contiguous_,0.322626155269,0.322253376778,0.000308623065712,5,77,ok,
old_v2,direct,ifft,complex128,32768,2,contiguous,,direct_ifft_complex128_32768_2_contiguous_,0.392101350008,0.391142733861,0.00046503264457,5,60,ok,
old_v2,direct,ifft,complex128,32768,8,contiguous,,direct_ifft_complex128_32768_8_contiguous_,1.4522828511,1.44828989869,0.00224320101552,5,20,ok,
old_v2,direct,ifft,complex128,32768,64,contiguous,,direct_ifft_complex128_32768_64_contiguous_,14.2859424814,14.1770695336,0.0827285111882,5,2,ok,
old_v2,direct,ifft,complex128,32768,256,contiguous,,direct_ifft_complex128_32768_256_contiguous_,48.3970890054,48.2497439953,0.0644299434498,5,1,ok,
old_v2,direct,ifft,complex128,65536,1,contiguous,,direct_ifft_complex128_65536_1_contiguous_,0.677750775746,0.675887305988,0.00186346975776,5,36,ok,
old_v2,direct,ifft,complex128,65536,2,contiguous,,direct_ifft_complex128_65536_2_contiguous_,0.846247997833,0.840246852022,0.00433110399172,5,20,ok,
old_v2,direct,ifft,complex128,65536,8,contiguous,,direct_ifft_complex128_65536_8_contiguous_,3.19443990011,3.17938880762,0.0150510924868,5,10,ok,
old_v2,direct,ifft,complex128,65536,64,contiguous,,direct_ifft_complex128_65536_64_contiguous_,28.2394149108,28.1666290248,0.0604129163548,5,1,ok,
old_v2,direct,ifft,complex128,65536,256,contiguous,,direct_ifft_complex128_65536_256_contiguous_,111.766299,111.143707996,0.622591003776,5,1,ok,
old_v2,direct,rfft,float32,1024,1,contiguous,,direct_rfft_float32_1024_1_contiguous_,0.00785824044114,0.00779315822214,3.74703461209e-05,7,923,ok,
old_v2,direct,rfft,float32,1024,2,contiguous,,direct_rfft_float32_1024_2_contiguous_,0.00940530894156,0.00936628818088,3.90207606822e-05,7,1055,ok,
old_v2,direct,rfft,float32,1024,8,contiguous,,direct_rfft_float32_1024_8_contiguous_,0.0200883852085,0.0199445651378,7.49895116314e-05,7,200,ok,
old_v2,direct,rfft,float32,1024,64,contiguous,,direct_rfft_float32_1024_64_contiguous_,0.115306231301,0.115196778668,8.57887321606e-05,7,199,ok,
old_v2,direct,rfft,float32,1024,256,contiguous,,direct_rfft_float32_1024_256_contiguous_,0.438063353067,0.437758298358,6.21017534286e-05,7,20,ok,
old_v2,direct,rfft,float32,2048,1,contiguous,,direct_rfft_float32_2048_1_contiguous_,0.0114071653195,0.0113529990685,3.76223402254e-05,7,1107,ok,
old_v2,direct,rfft,float32,2048,2,contiguous,,direct_rfft_float32_2048_2_contiguous_,0.0153361818362,0.0152690908925,3.11601483686e-05,7,880,ok,
old_v2,direct,rfft,float32,2048,8,contiguous,,direct_rfft_float32_2048_8_contiguous_,0.0397156103281,0.0396643648855,5.12454425916e-05,7,200,ok,
old_v2,direct,rfft,float32,2048,64,contiguous,,direct_rfft_float32_2048_64_contiguous_,0.261937652249,0.2606516995,0.00105689978227,7,20,ok,
old_v2,direct,rfft,float32,2048,256,contiguous,,direct_rfft_float32_2048_256_contiguous_,1.0311510996,1.02004340151,0.00544614740647,7,20,ok,
old_v2,direct,rfft,float32,3072,1,contiguous,,direct_rfft_float32_3072_1_contiguous_,0.015521566904,0.0154746577634,2.52735088726e-05,7,859,ok,
old_v2,direct,rfft,float32,3072,2,contiguous,,direct_rfft_float32_3072_2_contiguous_,0.0202131149126,0.0201451900648,6.79248478264e-05,7,200,ok,
old_v2,direct,rfft,float32,3072,8,contiguous,,direct_rfft_float32_3072_8_contiguous_,0.0561805948382,0.056010929984,0.000169664854184,7,200,ok,
old_v2,direct,rfft,float32,3072,64,contiguous,,direct_rfft_float32_3072_64_contiguous_,0.383992050774,0.38243214949,0.000681250821799,7,20,ok,
old_v2,direct,rfft,float32,3072,256,contiguous,,direct_rfft_float32_3072_256_contiguous_,1.51492254809,1.51182379923,0.00246860436164,7,20,ok,
old_v2,direct,rfft,float32,3584,1,contiguous,,direct_rfft_float32_3584_1_contiguous_,0.0213660759535,0.0212500443779,9.28841138675e-05,7,631,ok,
old_v2,direct,rfft,float32,3584,2,contiguous,,direct_rfft_float32_3584_2_contiguous_,0.0279474299168,0.0278332148446,3.84252052754e-05,7,200,ok,
old_v2,direct,rfft,float32,3584,8,contiguous,,direct_rfft_float32_3584_8_contiguous_,0.0858776347013,0.0856433500303,0.00019135477487,7,200,ok,
old_v2,direct,rfft,float32,3584,64,contiguous,,direct_rfft_float32_3584_64_contiguous_,0.617278798018,0.615573150571,0.000434298999608,7,20,ok,
old_v2,direct,rfft,float32,3584,256,contiguous,,direct_rfft_float32_3584_256_contiguous_,2.49304276748,2.47207369046,0.00403516102009,7,13,ok,
old_v2,direct,rfft,float32,4095,1,contiguous,,direct_rfft_float32_4095_1_contiguous_,0.029897408651,0.0298577912516,2.58978537243e-05,7,460,ok,
old_v2,direct,rfft,float32,4095,2,contiguous,,direct_rfft_float32_4095_2_contiguous_,0.0355302594835,0.0353943550726,8.81653977558e-05,7,200,ok,
old_v2,direct,rfft,float32,4095,8,contiguous,,direct_rfft_float32_4095_8_contiguous_,0.116101760068,0.115862509701,0.000228374847211,7,200,ok,
old_v2,direct,rfft,float32,4095,64,contiguous,,direct_rfft_float32_4095_64_contiguous_,0.854115647962,0.851658044849,0.000776944216341,7,20,ok,
old_v2,direct,rfft,float32,4095,256,contiguous,,direct_rfft_float32_4095_256_contiguous_,3.46346310754,3.44538944773,0.0180736598041,7,9,ok,
old_v2,direct,rfft,float32,4096,1,contiguous,,direct_rfft_float32_4096_1_contiguous_,0.0199595127277,0.0199016905077,2.25694332222e-05,7,669,ok,
old_v2,direct,rfft,float32,4096,2,contiguous,,direct_rfft_float32_4096_2_contiguous_,0.025825825287,0.0256517552771,5.91098796576e-05,7,200,ok,
old_v2,direct,rfft,float32,4096,8,contiguous,,direct_rfft_float32_4096_8_contiguous_,0.075614710222,0.0753785704728,0.000139810144901,7,200,ok,
old_v2,direct,rfft,float32,4096,64,contiguous,,direct_rfft_float32_4096_64_contiguous_,0.541392399464,0.540904450463,0.000487949000672,7,20,ok,
old_v2,direct,rfft,float32,4096,256,contiguous,,direct_rfft_float32_4096_256_contiguous_,2.17376820122,2.16456106088,0.00920714034388,7,15,ok,
old_v2,direct,rfft,float32,4097,1,contiguous,,direct_rfft_float32_4097_1_contiguous_,0.126741699428,0.126686851774,5.4847653385e-05,5,196,ok,
old_v2,direct,rfft,float32,4097,2,contiguous,,direct_rfft_float32_4097_2_contiguous_,0.142077369277,0.141936618214,4.24492596225e-05,5,165,ok,
old_v2,direct,rfft,float32,4097,8,contiguous,,direct_rfft_float32_4097_8_contiguous_,0.536110348311,0.535095411697,0.00101493661413,5,46,ok,
old_v2,direct,rfft,float32,4097,64,contiguous,,direct_rfft_float32_4097_64_contiguous_,4.24555287464,4.21524650301,0.0152158754645,5,8,ok,
old_v2,direct,rfft,float32,4097,256,contiguous,,direct_rfft_float32_4097_256_contiguous_,17.0636484982,17.0160999987,0.047548499424,5,2,ok,
old_v2,direct,rfft,float32,4608,1,contiguous,,direct_rfft_float32_4608_1_contiguous_,0.0227956299204,0.0227738404647,2.17894557863e-05,5,200,ok,
old_v2,direct,rfft,float32,4608,2,contiguous,,direct_rfft_float32_4608_2_contiguous_,0.029415669851,0.0292882299982,0.000118669704534,5,200,ok,
old_v2,direct,rfft,float32,4608,8,contiguous,,direct_rfft_float32_4608_8_contiguous_,0.089750905172,0.0896568305325,4.8489891924e-05,5,200,ok,
old_v2,direct,rfft,float32,4608,64,contiguous,,direct_rfft_float32_4608_64_contiguous_,0.638497347245,0.63753905124,0.000276998616755,5,20,ok,
old_v2,direct,rfft,float32,4608,256,contiguous,,direct_rfft_float32_4608_256_contiguous_,2.64725319576,2.6196797844,0.013593188487,5,5,ok,
old_v2,direct,rfft,float32,8192,1,contiguous,,direct_rfft_float32_8192_1_contiguous_,0.038680480211,0.0386583397631,2.21404479817e-05,5,200,ok,
old_v2,direct,rfft,float32,8192,2,contiguous,,direct_rfft_float32_8192_2_contiguous_,0.0504416500917,0.0504003249807,4.13251109421e-05,5,200,ok,
old_v2,direct,rfft,float32,8192,8,contiguous,,direct_rfft_float32_8192_8_contiguous_,0.161367924694,0.161268890892,9.90338015313e-05,5,147,ok,
old_v2,direct,rfft,float32,8192,64,contiguous,,direct_rfft_float32_8192_64_contiguous_,1.24650035286,1.23639755184,0.0101028010249,5,20,ok,
old_v2,direct,rfft,float32,8192,256,contiguous,,direct_rfft_float32_8192_256_contiguous_,6.24087799806,6.13582821097,0.105049787089,5,5,ok,
old_v2,direct,rfft,float32,16384,1,contiguous,,direct_rfft_float32_16384_1_contiguous_,0.0783667853102,0.0771416549105,0.000626774854027,5,200,ok,
old_v2,direct,rfft,float32,16384,2,contiguous,,direct_rfft_float32_16384_2_contiguous_,0.0995514646638,0.0986073049717,0.000284779234789,5,200,ok,
old_v2,direct,rfft,float32,16384,8,contiguous,,direct_rfft_float32_16384_8_contiguous_,0.332390400581,0.329258601414,0.00313179916702,5,20,ok,
old_v2,direct,rfft,float32,16384,64,contiguous,,direct_rfft_float32_16384_64_contiguous_,2.80993363016,2.79098381923,0.0189498109235,5,11,ok,
old_v2,direct,rfft,float32,16384,256,contiguous,,direct_rfft_float32_16384_256_contiguous_,17.015243473,16.7888665455,0.164025928825,5,2,ok,
old_v2,direct,rfft,float32,32768,1,contiguous,,direct_rfft_float32_32768_1_contiguous_,0.15606949709,0.155942477036,0.000127020054466,5,149,ok,
old_v2,direct,rfft,float32,32768,2,contiguous,,direct_rfft_float32_32768_2_contiguous_,0.193909868565,0.193804491254,0.000105377311181,5,114,ok,
old_v2,direct,rfft,float32,32768,8,contiguous,,direct_rfft_float32_32768_8_contiguous_,0.681591650937,0.679861952085,0.000589102273807,5,20,ok,
old_v2,direct,rfft,float32,32768,64,contiguous,,direct_rfft_float32_32768_64_contiguous_,6.67380425148,6.62998773623,0.0113085261546,5,4,ok,
old_v2,direct,rfft,float32,32768,256,contiguous,,direct_rfft_float32_32768_256_contiguous_,35.7630850049,35.5141909095,0.0423999736086,5,1,ok,
old_v2,direct,rfft,float32,65536,1,contiguous,,direct_rfft_float32_65536_1_contiguous_,0.313890860154,0.313312028417,0.000578831736995,5,71,ok,
old_v2,direct,rfft,float32,65536,2,contiguous,,direct_rfft_float32_65536_2_contiguous_,0.390051846625,0.388293102151,0.000647251727059,5,20,ok,
old_v2,direct,rfft,float32,65536,8,contiguous,,direct_rfft_float32_65536_8_contiguous_,1.39580310206,1.39321829774,0.00249010045081,5,20,ok,
old_v2,direct,rfft,float32,65536,64,contiguous,,direct_rfft_float32_65536_64_contiguous_,18.9262599451,18.7906069914,0.122137018479,5,1,ok,
old_v2,direct,rfft,float32,65536,256,contiguous,,direct_rfft_float32_65536_256_contiguous_,73.9209230524,73.5740069067,0.333110918291,5,1,ok,
old_v2,direct,rfft,float64,1024,1,contiguous,,direct_rfft_float64_1024_1_contiguous_,0.00663458514233,0.00661635949566,3.72112969481e-06,7,1427,ok,
old_v2,direct,rfft,float64,1024,2,contiguous,,direct_rfft_float64_1024_2_contiguous_,0.00786816415361,0.00785553689,1.1621108442e-05,7,1425,ok,
old_v2,direct,rfft,float64,1024,8,contiguous,,direct_rfft_float64_1024_8_contiguous_,0.017074419884,0.0170357449679,8.16478859633e-06,7,200,ok,
old_v2,direct,rfft,float64,1024,64,contiguous,,direct_rfft_float64_1024_64_contiguous_,0.0999491603579,0.0995040300768,0.000314090284519,7,200,ok,
old_v2,direct,rfft,float64,1024,256,contiguous,,direct_rfft_float64_1024_256_contiguous_,0.384497549385,0.382055499358,0.00244205002673,7,20,ok,
old_v2,direct,rfft,float64,2048,1,contiguous,,direct_rfft_float64_2048_1_contiguous_,0.0101982347389,0.0101567798612,4.14548777302e-05,7,1299,ok,
old_v2,direct,rfft,float64,2048,2,contiguous,,direct_rfft_float64_2048_2_contiguous_,0.0130776718421,0.013034936359,4.27354831362e-05,7,1021,ok,
old_v2,direct,rfft,float64,2048,8,contiguous,,direct_rfft_float64_2048_8_contiguous_,0.035387899843,0.0351584696909,0.00011165975593,7,200,ok,
old_v2,direct,rfft,float64,2048,64,contiguous,,direct_rfft_float64_2048_64_contiguous_,0.23856254993,0.231781904586,0.0061820494011,7,20,ok,
old_v2,direct,rfft,float64,2048,256,contiguous,,direct_rfft_float64_2048_256_contiguous_,0.919102295302,0.915766548133,0.00333574716933,7,20,ok,
old_v2,direct,rfft,float64,3072,1,contiguous,,direct_rfft_float64_3072_1_contiguous_,0.0137172951886,0.013651911239,5.01679067306e-05,7,935,ok,
old_v2,direct,rfft,float64,3072,2,contiguous,,direct_rfft_float64_3072_2_contiguous_,0.0174895901,0.0173152651405,6.31652073935e-05,7,200,ok,
old_v2,direct,rfft,float64,3072,8,contiguous,,direct_rfft_float64_3072_8_contiguous_,0.0487698346842,0.0487046601484,6.51745358482e-05,7,200,ok,
old_v2,direct,rfft,float64,3072,64,contiguous,,direct_rfft_float64_3072_64_contiguous_,0.336562196026,0.334836449474,0.00148029648699,7,20,ok,
old_v2,direct,rfft,float64,3072,256,contiguous,,direct_rfft_float64_3072_256_contiguous_,1.32325739833,1.32026785286,0.00298954546452,7,20,ok,
old_v2,direct,rfft,float64,3584,1,contiguous,,direct_rfft_float64_3584_1_contiguous_,0.0196655608201,0.0195717187666,3.79405969727e-05,7,690,ok,
old_v2,direct,rfft,float64,3584,2,contiguous,,direct_rfft_float64_3584_2_contiguous_,0.0250678148586,0.0249106204137,3.41649865732e-05,7,200,ok,
old_v2,direct,rfft,float64,3584,8,contiguous,,direct_rfft_float64_3584_8_contiguous_,0.077608874999,0.0773955753539,8.88202339411e-05,7,200,ok,
old_v2,direct,rfft,float64,3584,64,contiguous,,direct_rfft_float64_3584_64_contiguous_,0.560646754457,0.554906047182,0.000651244772598,7,20,ok,
old_v2,direct,rfft,float64,3584,256,contiguous,,direct_rfft_float64_3584_256_contiguous_,2.21369393015,2.20454560282,0.00538199674338,7,15,ok,
old_v2,direct,rfft,float64,4095,1,contiguous,,direct_rfft_float64_4095_1_contiguous_,0.0276513674472,0.0274562048744,0.000115235038775,7,498,ok,
old_v2,direct,rfft,float64,4095,2,contiguous,,direct_rfft_float64_4095_2_contiguous_,0.0323889049469,0.0322075199801,7.34400236979e-05,7,200,ok,
old_v2,direct,rfft,float64,4095,8,contiguous,,direct_rfft_float64_4095_8_contiguous_,0.106140794815,0.105888274848,9.51299443841e-05,7,200,ok,
old_v2,direct,rfft,float64,4095,64,contiguous,,direct_rfft_float64_4095_64_contiguous_,0.792940647807,0.789720198372,0.00103645143099,7,20,ok,
old_v2,direct,rfft,float64,4095,256,contiguous,,direct_rfft_float64_4095_256_contiguous_,3.15522080055,3.13283409923,0.0161801930517,7,10,ok,
old_v2,direct,rfft,float64,4096,1,contiguous,,direct_rfft_float64_4096_1_contiguous_,0.0178184488892,0.0177750671673,2.88781638329e-05,7,715,ok,
old_v2,direct,rfft,float64,4096,2,contiguous,,direct_rfft_float64_4096_2_contiguous_,0.0221393600805,0.022047185339,1.85350654647e-05,7,200,ok,
old_v2,direct,rfft,float64,4096,8,contiguous,,direct_rfft_float64_4096_8_contiguous_,0.0677202997031,0.0673638848821,0.000287184375338,7,200,ok,
old_v2,direct,rfft,float64,4096,64,contiguous,,direct_rfft_float64_4096_64_contiguous_,0.479555147467,0.476948299911,0.00162805081345,7,20,ok,
old_v2,direct,rfft,float64,4096,256,contiguous,,direct_rfft_float64_4096_256_contiguous_,1.89371370738,1.89033682075,0.00281176557217,7,17,ok,
old_v2,direct,rfft,float64,4097,1,contiguous,,direct_rfft_float64_4097_1_contiguous_,0.125276142268,0.124882923813,0.000393218455392,5,197,ok,
old_v2,direct,rfft,float64,4097,2,contiguous,,direct_rfft_float64_4097_2_contiguous_,0.14024163227,0.138858016768,9.72469369399e-05,5,174,ok,
old_v2,direct,rfft,float64,4097,8,contiguous,,direct_rfft_float64_4097_8_contiguous_,0.533618108855,0.531381762931,0.00178789132801,5,46,ok,
old_v2,direct,rfft,float64,4097,64,contiguous,,direct_rfft_float64_4097_64_contiguous_,4.17775912501,4.17491761618,0.0028415088309,5,8,ok,
old_v2,direct,rfft,float64,4097,256,contiguous,,direct_rfft_float64_4097_256_contiguous_,16.8189374963,16.788671026,0.0302664702758,5,2,ok,
old_v2,direct,rfft,float64,4608,1,contiguous,,direct_rfft_float64_4608_1_contiguous_,0.0208721449599,0.0208559649764,1.41747295856e-05,5,200,ok,
old_v2,direct,rfft,float64,4608,2,contiguous,,direct_rfft_float64_4608_2_contiguous_,0.0260358699597,0.025744024897,0.000145469675772,5,200,ok,
old_v2,direct,rfft,float64,4608,8,contiguous,,direct_rfft_float64_4608_8_contiguous_,0.0802037602989,0.0799302046653,0.000185495009646,5,200,ok,
old_v2,direct,rfft,float64,4608,64,contiguous,,direct_rfft_float64_4608_64_contiguous_,0.578632298857,0.576991250273,0.00164104858413,5,20,ok,
old_v2,direct,rfft,float64,4608,256,contiguous,,direct_rfft_float64_4608_256_contiguous_,2.289638808,2.27501960471,0.0136754242703,5,5,ok,
old_v2,direct,rfft,float64,8192,1,contiguous,,direct_rfft_float64_8192_1_contiguous_,0.0349771301262,0.0349307950819,4.63350443169e-05,5,200,ok,
old_v2,direct,rfft,float64,8192,2,contiguous,,direct_rfft_float64_8192_2_contiguous_,0.0447438302217,0.0443555047968,0.000203179661185,5,200,ok,
old_v2,direct,rfft,float64,8192,8,contiguous,,direct_rfft_float64_8192_8_contiguous_,0.148440974269,0.147956759856,0.00031812300954,5,154,ok,
old_v2,direct,rfft,float64,8192,64,contiguous,,direct_rfft_float64_8192_64_contiguous_,1.11097584595,1.10914594843,0.0018298975192,5,20,ok,
old_v2,direct,rfft,float64,8192,256,contiguous,,direct_rfft_float64_8192_256_contiguous_,4.61688558571,4.59427759051,0.0226079951972,5,5,ok,
old_v2,direct,rfft,float64,16384,1,contiguous,,direct_rfft_float64_16384_1_contiguous_,0.0690680550179,0.0689220346976,0.000146020320244,5,200,ok,
old_v2,direct,rfft,float64,16384,2,contiguous,,direct_rfft_float64_16384_2_contiguous_,0.0875494495267,0.0870716647478,0.000280625536107,5,200,ok,
old_v2,direct,rfft,float64,16384,8,contiguous,,direct_rfft_float64_16384_8_contiguous_,0.308743846836,0.305671646493,0.00276820501313,5,20,ok,
old_v2,direct,rfft,float64,16384,64,contiguous,,direct_rfft_float64_16384_64_contiguous_,2.35264269241,2.33354245742,0.0137965409802,5,13,ok,
old_v2,direct,rfft,float64,16384,256,contiguous,,direct_rfft_float64_16384_256_contiguous_,12.177037017,11.8519965326,0.0612839940004,5,2,ok,
old_v2,direct,rfft,float64,32768,1,contiguous,,direct_rfft_float64_32768_1_contiguous_,0.142233914563,0.141636285532,0.000291628363941,5,175,ok,
old_v2,direct,rfft,float64,32768,2,contiguous,,direct_rfft_float64_32768_2_contiguous_,0.177561635467,0.176436479457,0.000382860168076,5,121,ok,
old_v2,direct,rfft,float64,32768,8,contiguous,,direct_rfft_float64_32768_8_contiguous_,0.623804947827,0.62221850385,0.00158644397743,5,20,ok,
old_v2,direct,rfft,float64,32768,64,contiguous,,direct_rfft_float64_32768_64_contiguous_,5.06305301096,5.03295499366,0.0253171892837,5,5,ok,
old_v2,direct,rfft,float64,32768,256,contiguous,,direct_rfft_float64_32768_256_contiguous_,24.1638900479,24.1238760063,0.0400140415877,5,1,ok,
old_v2,direct,rfft,float64,65536,1,contiguous,,direct_rfft_float64_65536_1_contiguous_,0.302961784344,0.301202063602,0.000932240634685,5,79,ok,
old_v2,direct,rfft,float64,65536,2,contiguous,,direct_rfft_float64_65536_2_contiguous_,0.350999599323,0.349046499468,0.000687298597768,5,20,ok,
old_v2,direct,rfft,float64,65536,8,contiguous,,direct_rfft_float64_65536_8_contiguous_,1.3098263531,1.30292505492,0.00430604559369,5,20,ok,
old_v2,direct,rfft,float64,65536,64,contiguous,,direct_rfft_float64_65536_64_contiguous_,13.2333504735,13.1006735028,0.0588844995946,5,2,ok,
old_v2,direct,rfft,float64,65536,256,contiguous,,direct_rfft_float64_65536_256_contiguous_,52.689848002,52.4660919327,0.0476890709251,5,1,ok,
old_v2,direct,irfft,complex64,1024,1,contiguous,,direct_irfft_complex64_1024_1_contiguous_,0.00830427578782,0.00826757676493,1.29987338303e-05,7,834,ok,
old_v2,direct,irfft,complex64,1024,2,contiguous,,direct_irfft_complex64_1024_2_contiguous_,0.0118604457019,0.011802566248,1.58523538535e-05,7,996,ok,
old_v2,direct,irfft,complex64,1024,8,contiguous,,direct_irfft_complex64_1024_8_contiguous_,0.0157368252985,0.0157063704683,3.04548302665e-05,7,200,ok,
old_v2,direct,irfft,complex64,1024,64,contiguous,,direct_irfft_complex64_1024_64_contiguous_,0.0900684448425,0.0896492152242,0.000325205619447,7,200,ok,
old_v2,direct,irfft,complex64,1024,256,contiguous,,direct_irfft_complex64_1024_256_contiguous_,0.33882939606,0.334593502339,0.00172169529833,7,20,ok,
old_v2,direct,irfft,complex64,2048,1,contiguous,,direct_irfft_complex64_2048_1_contiguous_,0.0128643813191,0.0128362473961,2.81339230081e-05,7,881,ok,
old_v2,direct,irfft,complex64,2048,2,contiguous,,direct_irfft_complex64_2048_2_contiguous_,0.0200585884263,0.0199010143418,5.99813614067e-05,7,695,ok,
old_v2,direct,irfft,complex64,2048,8,contiguous,,direct_irfft_complex64_2048_8_contiguous_,0.0318063696614,0.0314288202208,0.000136505113915,7,200,ok,
old_v2,direct,irfft,complex64,2048,64,contiguous,,direct_irfft_complex64_2048_64_contiguous_,0.209292047657,0.207918952219,0.000915193231776,7,20,ok,
old_v2,direct,irfft,complex64,2048,256,contiguous,,direct_irfft_complex64_2048_256_contiguous_,0.81335020368,0.805872253841,0.00435915426351,7,20,ok,
old_v2,direct,irfft,complex64,3072,1,contiguous,,direct_irfft_complex64_3072_1_contiguous_,0.0182838944642,0.0182254699199,5.28260835842e-05,7,730,ok,
old_v2,direct,irfft,complex64,3072,2,contiguous,,direct_irfft_complex64_3072_2_contiguous_,0.0304762402084,0.0301757804118,0.000182694639079,7,200,ok,
old_v2,direct,irfft,complex64,3072,8,contiguous,,direct_irfft_complex64_3072_8_contiguous_,0.0437764299568,0.0435149896657,1.77300535142e-05,7,200,ok,
old_v2,direct,irfft,complex64,3072,64,contiguous,,direct_irfft_complex64_3072_64_contiguous_,0.301371095702,0.30014529475,0.000327109592035,7,20,ok,
old_v2,direct,irfft,complex64,3072,256,contiguous,,direct_irfft_complex64_3072_256_contiguous_,1.18792825378,1.18632175145,0.00160650233738,7,20,ok,
old_v2,direct,irfft,complex64,3584,1,contiguous,,direct_irfft_complex64_3584_1_contiguous_,0.023249544455,0.0231871399007,1.65331763671e-05,7,529,ok,
old_v2,direct,irfft,complex64,3584,2,contiguous,,direct_irfft_complex64_3584_2_contiguous_,0.0402105849935,0.0401464145398,3.73646616936e-05,7,200,ok,
old_v2,direct,irfft,complex64,3584,8,contiguous,,direct_irfft_complex64_3584_8_contiguous_,0.0587897049263,0.0583453796571,6.24696258456e-05,7,200,ok,
old_v2,direct,irfft,complex64,3584,64,contiguous,,direct_irfft_complex64_3584_64_contiguous_,0.414900149917,0.413008150645,0.000833050580695,7,20,ok,
old_v2,direct,irfft,complex64,3584,256,contiguous,,direct_irfft_complex64_3584_256_contiguous_,1.63689290057,1.6316291003,0.000796449603513,7,20,ok,
old_v2,direct,irfft,complex64,4095,1,contiguous,,direct_irfft_complex64_4095_1_contiguous_,0.0549986841584,0.0548577707188,7.57228752429e-05,7,231,ok,
old_v2,direct,irfft,complex64,4095,2,contiguous,,direct_irfft_complex64_4095_2_contiguous_,0.10304367519,0.103015575442,2.8099748306e-05,7,200,ok,
old_v2,direct,irfft,complex64,4095,8,contiguous,,direct_irfft_complex64_4095_8_contiguous_,0.13801227105,0.13752440338,0.000298292072521,7,181,ok,
old_v2,direct,irfft,complex64,4095,64,contiguous,,direct_irfft_complex64_4095_64_contiguous_,1.04449490318,1.04286489659,0.00163000659086,7,20,ok,
old_v2,direct,irfft,complex64,4095,256,contiguous,,direct_irfft_complex64_4095_256_contiguous_,4.12790749397,4.12344149663,0.00204375828616,7,8,ok,
old_v2,direct,irfft,complex64,4096,1,contiguous,,direct_irfft_complex64_4096_1_contiguous_,0.0225706319442,0.0225284856846,1.32688031602e-05,7,595,ok,
old_v2,direct,irfft,complex64,4096,2,contiguous,,direct_irfft_complex64_4096_2_contiguous_,0.0398737046635,0.039775519981,8.92148818821e-05,7,200,ok,
old_v2,direct,irfft,complex64,4096,8,contiguous,,direct_irfft_complex64_4096_8_contiguous_,0.0590570503846,0.0589157402283,8.31001671031e-05,7,200,ok,
old_v2,direct,irfft,complex64,4096,64,contiguous,,direct_irfft_complex64_4096_64_contiguous_,0.416611903347,0.415344000794,0.000910751987249,7,20,ok,
old_v2,direct,irfft,complex64,4096,256,contiguous,,direct_irfft_complex64_4096_256_contiguous_,1.62701899535,1.62265989929,0.00123630743474,7,20,ok,
old_v2,direct,irfft,complex64,4097,1,contiguous,,direct_irfft_complex64_4097_1_contiguous_,0.0225963100092,0.0225081900135,4.78903530166e-05,5,200,ok,
old_v2,direct,irfft,complex64,4097,2,contiguous,,direct_irfft_complex64_4097_2_contiguous_,0.0398736546049,0.0397436099593,2.68506119028e-05,5,200,ok,
old_v2,direct,irfft,complex64,4097,8,contiguous,,direct_irfft_complex64_4097_8_contiguous_,0.0589913298609,0.0588743150001,7.56897497922e-05,5,200,ok,
old_v2,direct,irfft,complex64,4097,64,contiguous,,direct_irfft_complex64_4097_64_contiguous_,0.415952154435,0.415464199614,0.000315549550578,5,20,ok,
old_v2,direct,irfft,complex64,4097,256,contiguous,,direct_irfft_complex64_4097_256_contiguous_,1.62830438931,1.6248278087,0.00223617535084,5,5,ok,
old_v2,direct,irfft,complex64,4608,1,contiguous,,direct_irfft_complex64_4608_1_contiguous_,0.0275574001716,0.0274575199001,9.98802715912e-05,5,200,ok,
old_v2,direct,irfft,complex64,4608,2,contiguous,,direct_irfft_complex64_4608_2_contiguous_,0.0484170304844,0.0482654449297,6.47758133709e-05,5,200,ok,
old_v2,direct,irfft,complex64,4608,8,contiguous,,direct_irfft_complex64_4608_8_contiguous_,0.0637608196121,0.0635107554263,1.9384897314e-05,5,200,ok,
old_v2,direct,irfft,complex64,4608,64,contiguous,,direct_irfft_complex64_4608_64_contiguous_,0.451152201276,0.450307148276,0.000400299904868,5,20,ok,
old_v2,direct,irfft,complex64,4608,256,contiguous,,direct_irfft_complex64_4608_256_contiguous_,1.7792877974,1.77709159907,0.00141439959407,5,5,ok,
old_v2,direct,irfft,complex64,8192,1,contiguous,,direct_irfft_complex64_8192_1_contiguous_,0.0458002003143,0.0454339198768,0.000226320698857,5,200,ok,
old_v2,direct,irfft,complex64,8192,2,contiguous,,direct_irfft_complex64_8192_2_contiguous_,0.0824552599806,0.0818945647916,0.00019651488401,5,200,ok,
old_v2,direct,irfft,complex64,8192,8,contiguous,,direct_irfft_complex64_8192_8_contiguous_,0.115818430204,0.115283380146,0.000187300029211,5,200,ok,
old_v2,direct,irfft,complex64,8192,64,contiguous,,direct_irfft_complex64_8192_64_contiguous_,0.840212253388,0.838398351334,0.00181390205398,5,20,ok,
old_v2,direct,irfft,complex64,8192,256,contiguous,,direct_irfft_complex64_8192_256_contiguous_,3.34639200009,3.344740998,0.00165100209415,5,5,ok,
old_v2,direct,irfft,complex64,16384,1,contiguous,,direct_irfft_complex64_16384_1_contiguous_,0.0934958801372,0.09324030485,0.000110255205072,5,200,ok,
old_v2,direct,irfft,complex64,16384,2,contiguous,,direct_irfft_complex64_16384_2_contiguous_,0.175499312699,0.174866148753,0.000574049731413,5,141,ok,
old_v2,direct,irfft,complex64,16384,8,contiguous,,direct_irfft_complex64_16384_8_contiguous_,0.226547202328,0.225094001507,0.000195344910026,5,20,ok,
old_v2,direct,irfft,complex64,16384,64,contiguous,,direct_irfft_complex64_16384_64_contiguous_,1.73611930222,1.72698024544,0.00279019586742,5,20,ok,
old_v2,direct,irfft,complex64,16384,256,contiguous,,direct_irfft_complex64_16384_256_contiguous_,6.86170479748,6.85407479759,0.00637599732727,5,5,ok,
old_v2,direct,irfft,complex64,32768,1,contiguous,,direct_irfft_complex64_32768_1_contiguous_,0.18927908517,0.188895735832,0.000383349337666,5,129,ok,
old_v2,direct,irfft,complex64,32768,2,contiguous,,direct_irfft_complex64_32768_2_contiguous_,0.351700477936,0.350924390976,0.000571926542814,5,69,ok,
old_v2,direct,irfft,complex64,32768,8,contiguous,,direct_irfft_complex64_32768_8_contiguous_,0.495773396688,0.493332796032,0.00102990306914,5,20,ok,
old_v2,direct,irfft,complex64,32768,64,contiguous,,direct_irfft_complex64_32768_64_contiguous_,3.81850800477,3.78869038541,0.00317578669637,5,5,ok,
old_v2,direct,irfft,complex64,32768,256,contiguous,,direct_irfft_complex64_32768_256_contiguous_,17.5616915221,17.4890009803,0.024234992452,5,2,ok,
old_v2,direct,irfft,complex64,65536,1,contiguous,,direct_irfft_complex64_65536_1_contiguous_,0.405433228942,0.405208721039,0.000224507902367,5,61,ok,
old_v2,direct,irfft,complex64,65536,2,contiguous,,direct_irfft_complex64_65536_2_contiguous_,0.767664599698,0.766089599347,0.000932201510295,5,20,ok,
old_v2,direct,irfft,complex64,65536,8,contiguous,,direct_irfft_complex64_65536_8_contiguous_,1.00590354996,1.0009838501,0.00238600187004,5,20,ok,
old_v2,direct,irfft,complex64,65536,64,contiguous,,direct_irfft_complex64_65536_64_contiguous_,7.93497700943,7.88723799633,0.0477390130982,5,4,ok,
old_v2,direct,irfft,complex64,65536,256,contiguous,,direct_irfft_complex64_65536_256_contiguous_,35.6600430096,35.6065640226,0.0168110709637,5,1,ok,
old_v2,direct,irfft,complex128,1024,1,contiguous,,direct_irfft_complex128_1024_1_contiguous_,0.00767811191634,0.00766513974085,1.96483855537e-06,7,1367,ok,
old_v2,direct,irfft,complex128,1024,2,contiguous,,direct_irfft_complex128_1024_2_contiguous_,0.00858753352798,0.00855798906723,4.59255050574e-06,7,1372,ok,
old_v2,direct,irfft,complex128,1024,8,contiguous,,direct_irfft_complex128_1024_8_contiguous_,0.0185156997759,0.0181778747356,4.9295485951e-05,7,200,ok,
old_v2,direct,irfft,complex128,1024,64,contiguous,,direct_irfft_complex128_1024_64_contiguous_,0.10743981984,0.106925255386,0.000437669805251,7,200,ok,
old_v2,direct,irfft,complex128,1024,256,contiguous,,direct_irfft_complex128_1024_256_contiguous_,0.420482095797,0.415250798687,0.00266749993898,7,20,ok,
old_v2,direct,irfft,complex128,2048,1,contiguous,,direct_irfft_complex128_2048_1_contiguous_,0.0114361710618,0.01139244128,4.00306338346e-05,7,1140,ok,
old_v2,direct,irfft,complex128,2048,2,contiguous,,direct_irfft_complex128_2048_2_contiguous_,0.0150097586907,0.0149830306519,2.67280388231e-05,7,912,ok,
old_v2,direct,irfft,complex128,2048,8,contiguous,,direct_irfft_complex128_2048_8_contiguous_,0.0405657000374,0.0404879002599,3.98699194193e-05,7,200,ok,
old_v2,direct,irfft,complex128,2048,64,contiguous,,direct_irfft_complex128_2048_64_contiguous_,0.275337102357,0.274426396936,0.000598095357418,7,20,ok,
old_v2,direct,irfft,complex128,2048,256,contiguous,,direct_irfft_complex128_2048_256_contiguous_,1.08472339925,1.08357124845,0.000933249248192,7,20,ok,
old_v2,direct,irfft,complex128,3072,1,contiguous,,direct_irfft_complex128_3072_1_contiguous_,0.0157090366302,0.0156967287444,1.23078857606e-05,7,844,ok,
old_v2,direct,irfft,complex128,3072,2,contiguous,,direct_irfft_complex128_3072_2_contiguous_,0.0200351845706,0.019981689984,5.34945866093e-05,7,200,ok,
old_v2,direct,irfft,complex128,3072,8,contiguous,,direct_irfft_complex128_3072_8_contiguous_,0.0576432200614,0.0575033552013,8.42596637085e-05,7,200,ok,
old_v2,direct,irfft,complex128,3072,64,contiguous,,direct_irfft_complex128_3072_64_contiguous_,0.406719447346,0.406251545064,0.000467902282253,7,20,ok,
old_v2,direct,irfft,complex128,3072,256,contiguous,,direct_irfft_complex128_3072_256_contiguous_,1.5933612478,1.59203479998,0.000294047640637,7,20,ok,
old_v2,direct,irfft,complex128,3584,1,contiguous,,direct_irfft_complex128_3584_1_contiguous_,0.0214678173019,0.0214416409043,2.6176397608e-05,7,635,ok,
old_v2,direct,irfft,complex128,3584,2,contiguous,,direct_irfft_complex128_3584_2_contiguous_,0.0264610600425,0.0263205001829,8.35052924231e-05,7,200,ok,
old_v2,direct,irfft,complex128,3584,8,contiguous,,direct_irfft_complex128_3584_8_contiguous_,0.0817486899905,0.0816830201074,6.56698830426e-05,7,200,ok,
old_v2,direct,irfft,complex128,3584,64,contiguous,,direct_irfft_complex128_3584_64_contiguous_,0.596557703102,0.595529249404,0.000653200550005,7,20,ok,
old_v2,direct,irfft,complex128,3584,256,contiguous,,direct_irfft_complex128_3584_256_contiguous_,2.36653006868,2.36518899744,0.000919564627111,7,14,ok,
old_v2,direct,irfft,complex128,4095,1,contiguous,,direct_irfft_complex128_4095_1_contiguous_,0.0584126299633,0.0583614389283,5.11910349918e-05,7,246,ok,
old_v2,direct,irfft,complex128,4095,2,contiguous,,direct_irfft_complex128_4095_2_contiguous_,0.0654625397874,0.0653955154121,5.21453330293e-05,7,200,ok,
old_v2,direct,irfft,complex128,4095,8,contiguous,,direct_irfft_complex128_4095_8_contiguous_,0.23586649959,0.235543450496,8.20203008605e-05,7,102,ok,
old_v2,direct,irfft,complex128,4095,64,contiguous,,direct_irfft_complex128_4095_64_contiguous_,1.82562000363,1.82278889942,0.000230943490016,7,19,ok,
old_v2,direct,irfft,complex128,4095,256,contiguous,,direct_irfft_complex128_4095_256_contiguous_,7.28743022773,7.28016925859,0.0045332708396,7,4,ok,
old_v2,direct,irfft,complex128,4096,1,contiguous,,direct_irfft_complex128_4096_1_contiguous_,0.0203433244993,0.0201903400556,6.34726845948e-05,7,641,ok,
old_v2,direct,irfft,complex128,4096,2,contiguous,,direct_irfft_complex128_4096_2_contiguous_,0.0260505947517,0.0258805294288,5.92600554228e-05,7,200,ok,
old_v2,direct,irfft,complex128,4096,8,contiguous,,direct_irfft_complex128_4096_8_contiguous_,0.077423779876,0.0770830496913,0.000162305077538,7,200,ok,
old_v2,direct,irfft,complex128,4096,64,contiguous,,direct_irfft_complex128_4096_64_contiguous_,0.554992753314,0.553657248383,0.00109904794954,7,20,ok,
old_v2,direct,irfft,complex128,4096,256,contiguous,,direct_irfft_complex128_4096_256_contiguous_,2.1967843951,2.19436853658,0.00197839302321,7,15,ok,
old_v2,direct,irfft,complex128,4097,1,contiguous,,direct_irfft_complex128_4097_1_contiguous_,0.020443899557,0.0204154948005,2.45444243774e-05,5,200,ok,
old_v2,direct,irfft,complex128,4097,2,contiguous,,direct_irfft_complex128_4097_2_contiguous_,0.0258903950453,0.0258039851906,8.64098547027e-05,5,200,ok,
old_v2,direct,irfft,complex128,4097,8,contiguous,,direct_irfft_complex128_4097_8_contiguous_,0.0772631802829,0.0771719100885,9.12701943889e-05,5,200,ok,
old_v2,direct,irfft,complex128,4097,64,contiguous,,direct_irfft_complex128_4097_64_contiguous_,0.55506034987,0.553374248557,0.00164455268532,5,20,ok,
old_v2,direct,irfft,complex128,4097,256,contiguous,,direct_irfft_complex128_4097_256_contiguous_,2.19657539856,2.1880916087,0.00761419069022,5,5,ok,
old_v2,direct,irfft,complex128,4608,1,contiguous,,direct_irfft_complex128_4608_1_contiguous_,0.0235581502784,0.0235078053083,1.57800968736e-05,5,200,ok,
old_v2,direct,irfft,complex128,4608,2,contiguous,,direct_irfft_complex128_4608_2_contiguous_,0.0274833646836,0.0273685000138,0.000103189959191,5,200,ok,
old_v2,direct,irfft,complex128,4608,8,contiguous,,direct_irfft_complex128_4608_8_contiguous_,0.0836288445862,0.0833026855253,0.000243604299612,5,200,ok,
old_v2,direct,irfft,complex128,4608,64,contiguous,,direct_irfft_complex128_4608_64_contiguous_,0.602098548552,0.600897299591,0.00120124896057,5,20,ok,
old_v2,direct,irfft,complex128,4608,256,contiguous,,direct_irfft_complex128_4608_256_contiguous_,2.38254379947,2.37682720181,0.00387721229345,5,5,ok,
old_v2,direct,irfft,complex128,8192,1,contiguous,,direct_irfft_complex128_8192_1_contiguous_,0.0404537847498,0.0402094301535,5.1450333558e-05,5,200,ok,
old_v2,direct,irfft,complex128,8192,2,contiguous,,direct_irfft_complex128_8192_2_contiguous_,0.0475037249271,0.047308409703,0.000195315224119,5,200,ok,
old_v2,direct,irfft,complex128,8192,8,contiguous,,direct_irfft_complex128_8192_8_contiguous_,0.152861975859,0.152359135232,0.00049115981381,5,163,ok,
old_v2,direct,irfft,complex128,8192,64,contiguous,,direct_irfft_complex128_8192_64_contiguous_,1.13091150415,1.12892324687,0.000900705344975,5,20,ok,
old_v2,direct,irfft,complex128,8192,256,contiguous,,direct_irfft_complex128_8192_256_contiguous_,4.64693780523,4.62136999704,0.0142483972013,5,5,ok,
old_v2,direct,irfft,complex128,16384,1,contiguous,,direct_irfft_complex128_16384_1_contiguous_,0.0796880503185,0.0795697799185,6.72251917422e-05,5,200,ok,
old_v2,direct,irfft,complex128,16384,2,contiguous,,direct_irfft_complex128_16384_2_contiguous_,0.0962921453174,0.0929260702105,0.00320932420436,5,200,ok,
old_v2,direct,irfft,complex128,16384,8,contiguous,,direct_irfft_complex128_16384_8_contiguous_,0.325634301407,0.321514147799,0.00326910521835,5,20,ok,
old_v2,direct,irfft,complex128,16384,64,contiguous,,direct_irfft_complex128_16384_64_contiguous_,2.51007061273,2.46217292554,0.00802962145267,5,13,ok,
old_v2,direct,irfft,complex128,16384,256,contiguous,,direct_irfft_complex128_16384_256_contiguous_,12.5126125058,12.3456364963,0.166976009496,5,2,ok,
old_v2,direct,irfft,complex128,32768,1,contiguous,,direct_irfft_complex128_32768_1_contiguous_,0.163533547117,0.162904579969,0.000201172661036,5,150,ok,
old_v2,direct,irfft,complex128,32768,2,contiguous,,direct_irfft_complex128_32768_2_contiguous_,0.207524042164,0.205971257396,0.000704197481889,5,97,ok,
old_v2,direct,irfft,complex128,32768,8,contiguous,,direct_irfft_complex128_32768_8_contiguous_,0.734549347544,0.729158299509,0.00192309962586,5,20,ok,
old_v2,direct,irfft,complex128,32768,64,contiguous,,direct_irfft_complex128_32768_64_contiguous_,5.80452680588,5.75383438263,0.0443665776402,5,5,ok,
old_v2,direct,irfft,complex128,32768,256,contiguous,,direct_irfft_complex128_32768_256_contiguous_,27.0369428908,26.7739029368,0.12004293967,5,1,ok,
old_v2,direct,irfft,complex128,65536,1,contiguous,,direct_irfft_complex128_65536_1_contiguous_,0.342987045632,0.340199424307,0.00232539428962,5,66,ok,
old_v2,direct,irfft,complex128,65536,2,contiguous,,direct_irfft_complex128_65536_2_contiguous_,0.405625900021,0.402931851568,2.30502337217e-05,5,20,ok,
old_v2,direct,irfft,complex128,65536,8,contiguous,,direct_irfft_complex128_65536_8_contiguous_,1.50034590042,1.49336445029,0.00631824950688,5,20,ok,
old_v2,direct,irfft,complex128,65536,64,contiguous,,direct_irfft_complex128_65536_64_contiguous_,14.504549501,14.341330505,0.0498429872096,5,2,ok,
old_v2,direct,irfft,complex128,65536,256,contiguous,,direct_irfft_complex128_65536_256_contiguous_,57.8709829133,57.3865510523,0.380860059522,5,1,ok,
final_v2,direct,fft,complex64,1024,1,contiguous,,direct_fft_complex64_1024_1_contiguous_,0.0114847414757,0.0112079572704,0.000240140289949,7,584,ok,
final_v2,direct,fft,complex64,1024,2,contiguous,,direct_fft_complex64_1024_2_contiguous_,0.0184095591288,0.0182869153906,8.34324227243e-05,7,592,ok,
final_v2,direct,fft,complex64,1024,8,contiguous,,direct_fft_complex64_1024_8_contiguous_,0.141225920192,0.140478354213,0.000276056650494,7,175,ok,
final_v2,direct,fft,complex64,1024,64,contiguous,,direct_fft_complex64_1024_64_contiguous_,1.03493295509,1.02512730771,0.00473273330895,7,23,ok,
final_v2,direct,fft,complex64,1024,256,contiguous,,direct_fft_complex64_1024_256_contiguous_,2.70271825138,2.69755191403,0.00403583787071,7,12,ok,
final_v2,direct,fft,complex64,2048,1,contiguous,,direct_fft_complex64_2048_1_contiguous_,0.0187045410173,0.0185545613587,0.000149979658589,7,634,ok,
final_v2,direct,fft,complex64,2048,2,contiguous,,direct_fft_complex64_2048_2_contiguous_,0.0337039751078,0.0332626121235,0.000223795359489,7,240,ok,
final_v2,direct,fft,complex64,2048,8,contiguous,,direct_fft_complex64_2048_8_contiguous_,0.0947171548614,0.0942686700728,0.000336924567819,7,200,ok,
final_v2,direct,fft,complex64,2048,64,contiguous,,direct_fft_complex64_2048_64_contiguous_,0.663070654264,0.651922350517,0.00236140331253,7,20,ok,
final_v2,direct,fft,complex64,2048,256,contiguous,,direct_fft_complex64_2048_256_contiguous_,4.61327849189,4.57427582781,0.0390026640768,7,6,ok,
final_v2,direct,fft,complex64,3072,1,contiguous,,direct_fft_complex64_3072_1_contiguous_,0.0259951977041,0.0257656736131,6.96103294128e-05,7,521,ok,
final_v2,direct,fft,complex64,3072,2,contiguous,,direct_fft_complex64_3072_2_contiguous_,0.0478947046213,0.0474854401546,0.000277665676549,7,200,ok,
final_v2,direct,fft,complex64,3072,8,contiguous,,direct_fft_complex64_3072_8_contiguous_,0.143637149685,0.143379591369,0.000257558316331,7,154,ok,
final_v2,direct,fft,complex64,3072,64,contiguous,,direct_fft_complex64_3072_64_contiguous_,1.02457680041,1.01480614976,0.00713734771125,7,20,ok,
final_v2,direct,fft,complex64,3072,256,contiguous,,direct_fft_complex64_3072_256_contiguous_,6.91784650553,6.69903375092,0.129907013616,7,4,ok,
final_v2,direct,fft,complex64,3584,1,contiguous,,direct_fft_complex64_3584_1_contiguous_,0.0285802924151,0.0284425457132,5.28403298428e-05,7,438,ok,
final_v2,direct,fft,complex64,3584,2,contiguous,,direct_fft_complex64_3584_2_contiguous_,0.0531150301686,0.0529456645017,6.28147972748e-05,7,200,ok,
final_v2,direct,fft,complex64,3584,8,contiguous,,direct_fft_complex64_3584_8_contiguous_,0.159587321145,0.15926728647,0.000142852997186,7,143,ok,
final_v2,direct,fft,complex64,3584,64,contiguous,,direct_fft_complex64_3584_64_contiguous_,1.13515040139,1.13139990135,0.0016585981939,7,20,ok,
final_v2,direct,fft,complex64,3584,256,contiguous,,direct_fft_complex64_3584_256_contiguous_,7.91282075807,7.75817001704,0.0850085052662,7,4,ok,
final_v2,direct,fft,complex64,4095,1,contiguous,,direct_fft_complex64_4095_1_contiguous_,0.0430409130078,0.0429252918885,7.50703030835e-05,7,298,ok,
final_v2,direct,fft,complex64,4095,2,contiguous,,direct_fft_complex64_4095_2_contiguous_,0.0748869549716,0.074820430018,6.33700983599e-05,7,200,ok,
final_v2,direct,fft,complex64,4095,8,contiguous,,direct_fft_complex64_4095_8_contiguous_,0.263020354924,0.261686796132,0.000303581116661,7,93,ok,
final_v2,direct,fft,complex64,4095,64,contiguous,,direct_fft_complex64_4095_64_contiguous_,1.96870405446,1.95760922917,0.00235211679383,7,17,ok,
final_v2,direct,fft,complex64,4095,256,contiguous,,direct_fft_complex64_4095_256_contiguous_,11.5257886549,11.4116260083,0.0161203012491,7,3,ok,
final_v2,direct,fft,complex64,4096,1,contiguous,,direct_fft_complex64_4096_1_contiguous_,0.0351036755653,0.0350399392517,6.37363136247e-05,7,379,ok,
final_v2,direct,fft,complex64,4096,2,contiguous,,direct_fft_complex64_4096_2_contiguous_,0.0622658350039,0.0621962553123,6.95796916261e-05,7,200,ok,
final_v2,direct,fft,complex64,4096,8,contiguous,,direct_fft_complex64_4096_8_contiguous_,0.184645643458,0.184202573962,0.000389953425457,7,129,ok,
final_v2,direct,fft,complex64,4096,64,contiguous,,direct_fft_complex64_4096_64_contiguous_,1.34224380017,1.33560390095,0.00512049882673,7,20,ok,
final_v2,direct,fft,complex64,4096,256,contiguous,,direct_fft_complex64_4096_256_contiguous_,9.20131364061,9.09892597701,0.0444193525861,7,3,ok,
final_v2,direct,fft,complex64,4097,1,contiguous,,direct_fft_complex64_4097_1_contiguous_,0.116185065126,0.115864914842,0.000210294965655,5,200,ok,
final_v2,direct,fft,complex64,4097,2,contiguous,,direct_fft_complex64_4097_2_contiguous_,0.192071601305,0.191023397747,0.000328351234202,5,128,ok,
final_v2,direct,fft,complex64,4097,8,contiguous,,direct_fft_complex64_4097_8_contiguous_,0.718948027283,0.713888586581,0.000610557275222,5,34,ok,
final_v2,direct,fft,complex64,4097,64,contiguous,,direct_fft_complex64_4097_64_contiguous_,5.58095365219,5.57651033159,0.00444332060094,5,6,ok,
final_v2,direct,fft,complex64,4097,256,contiguous,,direct_fft_complex64_4097_256_contiguous_,26.2873969041,26.1587179266,0.128678977489,5,1,ok,
final_v2,direct,fft,complex64,4608,1,contiguous,,direct_fft_complex64_4608_1_contiguous_,0.0352305051638,0.0351226545172,4.82896575704e-05,5,200,ok,
final_v2,direct,fft,complex64,4608,2,contiguous,,direct_fft_complex64_4608_2_contiguous_,0.0723882502643,0.0722749851411,0.000113265123218,5,200,ok,
final_v2,direct,fft,complex64,4608,8,contiguous,,direct_fft_complex64_4608_8_contiguous_,0.222694712984,0.222434695051,0.000260017932979,5,108,ok,
final_v2,direct,fft,complex64,4608,64,contiguous,,direct_fft_complex64_4608_64_contiguous_,1.67216709815,1.64792895084,0.00993850408122,5,20,ok,
final_v2,direct,fft,complex64,4608,256,contiguous,,direct_fft_complex64_4608_256_contiguous_,10.866730668,10.8423046768,0.02442599119,5,3,ok,
final_v2,direct,fft,complex64,8192,1,contiguous,,direct_fft_complex64_8192_1_contiguous_,0.068972230074,0.0683316402137,0.000257685314864,5,200,ok,
final_v2,direct,fft,complex64,8192,2,contiguous,,direct_fft_complex64_8192_2_contiguous_,0.127323312578,0.12682122906,0.000474953291511,5,192,ok,
final_v2,direct,fft,complex64,8192,8,contiguous,,direct_fft_complex64_8192_8_contiguous_,0.418055776491,0.416622430905,0.000978189777454,5,58,ok,
final_v2,direct,fft,complex64,8192,64,contiguous,,direct_fft_complex64_8192_64_contiguous_,3.25627611019,3.19888520753,0.041456206236,5,10,ok,
final_v2,direct,fft,complex64,8192,256,contiguous,,direct_fft_complex64_8192_256_contiguous_,19.1986169666,18.8642540015,0.334362965077,5,1,ok,
final_v2,direct,fft,complex64,16384,1,contiguous,,direct_fft_complex64_16384_1_contiguous_,0.193902293205,0.192663237815,0.00104217490714,5,126,ok,
final_v2,direct,fft,complex64,16384,2,contiguous,,direct_fft_complex64_16384_2_contiguous_,0.387550762204,0.384363094493,0.000799285425317,5,63,ok,
final_v2,direct,fft,complex64,16384,8,contiguous,,direct_fft_complex64_16384_8_contiguous_,1.49231195101,1.48573465412,0.00232980237342,5,20,ok,
final_v2,direct,fft,complex64,16384,64,contiguous,,direct_fft_complex64_16384_64_contiguous_,17.1533005196,17.0807450195,0.0639840145595,5,2,ok,
final_v2,direct,fft,complex64,16384,256,contiguous,,direct_fft_complex64_16384_256_contiguous_,62.6843030332,61.4057710627,0.238614971749,5,1,ok,
final_v2,direct,fft,complex64,32768,1,contiguous,,direct_fft_complex64_32768_1_contiguous_,0.458283075307,0.455458945032,0.00190524437096,5,53,ok,
final_v2,direct,fft,complex64,32768,2,contiguous,,direct_fft_complex64_32768_2_contiguous_,0.928649387788,0.919029192748,0.00830357357,5,26,ok,
final_v2,direct,fft,complex64,32768,8,contiguous,,direct_fft_complex64_32768_8_contiguous_,3.56093367251,3.52486867147,0.0328022158808,5,9,ok,
final_v2,direct,fft,complex64,32768,64,contiguous,,direct_fft_complex64_32768_64_contiguous_,35.9044880606,35.4283810593,0.0624069944024,5,1,ok,
final_v2,direct,fft,complex64,32768,256,contiguous,,direct_fft_complex64_32768_256_contiguous_,140.292958007,138.966505998,0.549594988115,5,1,ok,
final_v2,direct,fft,complex64,65536,1,contiguous,,direct_fft_complex64_65536_1_contiguous_,0.979488878511,0.975051838905,0.00220935791731,5,25,ok,
final_v2,direct,fft,complex64,65536,2,contiguous,,direct_fft_complex64_65536_2_contiguous_,1.94018323194,1.93736441296,0.000655945554814,5,17,ok,
final_v2,direct,fft,complex64,65536,8,contiguous,,direct_fft_complex64_65536_8_contiguous_,7.8009122517,7.77814473258,0.00792197533883,5,4,ok,
final_v2,direct,fft,complex64,65536,64,contiguous,,direct_fft_complex64_65536_64_contiguous_,75.6584110204,75.5238300189,0.0754410866648,5,1,ok,
final_v2,direct,fft,complex64,65536,256,contiguous,,direct_fft_complex64_65536_256_contiguous_,296.78855103,296.386731905,0.401819124818,5,1,ok,
final_v2,direct,fft,complex128,1024,1,contiguous,,direct_fft_complex128_1024_1_contiguous_,0.00922173135709,0.00914962895747,7.21023996216e-05,7,1113,ok,
final_v2,direct,fft,complex128,1024,2,contiguous,,direct_fft_complex128_1024_2_contiguous_,0.0161559539011,0.0158810536342,0.000158886447261,7,802,ok,
final_v2,direct,fft,complex128,1024,8,contiguous,,direct_fft_complex128_1024_8_contiguous_,0.0392390252091,0.0391499052057,8.91200033948e-05,7,200,ok,
final_v2,direct,fft,complex128,1024,64,contiguous,,direct_fft_complex128_1024_64_contiguous_,0.252219813168,0.251511510821,0.00047995733136,7,96,ok,
final_v2,direct,fft,complex128,1024,256,contiguous,,direct_fft_complex128_1024_256_contiguous_,0.975100102369,0.97338994965,0.000440306030214,7,20,ok,
final_v2,direct,fft,complex128,2048,1,contiguous,,direct_fft_complex128_2048_1_contiguous_,0.015823091071,0.0156931193067,8.33542295818e-05,7,813,ok,
final_v2,direct,fft,complex128,2048,2,contiguous,,direct_fft_complex128_2048_2_contiguous_,0.0299076244768,0.02979615757,3.16066071e-05,7,381,ok,
final_v2,direct,fft,complex128,2048,8,contiguous,,direct_fft_complex128_2048_8_contiguous_,0.0836891098879,0.0835249997908,0.000119425239973,7,200,ok,
final_v2,direct,fft,complex128,2048,64,contiguous,,direct_fft_complex128_2048_64_contiguous_,0.576950149843,0.576358049875,0.000345602165908,7,20,ok,
final_v2,direct,fft,complex128,2048,256,contiguous,,direct_fft_complex128_2048_256_contiguous_,2.29935826889,2.2731540647,0.00361813387523,7,15,ok,
final_v2,direct,fft,complex128,3072,1,contiguous,,direct_fft_complex128_3072_1_contiguous_,0.0218153933157,0.0217283076114,5.45899814167e-05,7,595,ok,
final_v2,direct,fft,complex128,3072,2,contiguous,,direct_fft_complex128_3072_2_contiguous_,0.0433478801278,0.0431469548494,2.8854701668e-05,7,200,ok,
final_v2,direct,fft,complex128,3072,8,contiguous,,direct_fft_complex128_3072_8_contiguous_,0.128484484692,0.128162855561,0.000123736885443,7,194,ok,
final_v2,direct,fft,complex128,3072,64,contiguous,,direct_fft_complex128_3072_64_contiguous_,0.911910901777,0.90966465068,0.00224625109695,7,20,ok,
final_v2,direct,fft,complex128,3072,256,contiguous,,direct_fft_complex128_3072_256_contiguous_,3.68708877876,3.67979621256,0.0072925662001,7,9,ok,
final_v2,direct,fft,complex128,3584,1,contiguous,,direct_fft_complex128_3584_1_contiguous_,0.0246791232033,0.0245654236598,4.41324838034e-05,7,536,ok,
final_v2,direct,fft,complex128,3584,2,contiguous,,direct_fft_complex128_3584_2_contiguous_,0.0481747247977,0.0480046099983,0.000155990128405,7,200,ok,
final_v2,direct,fft,complex128,3584,8,contiguous,,direct_fft_complex128_3584_8_contiguous_,0.143219202062,0.142965092313,6.34106855861e-05,7,173,ok,
final_v2,direct,fft,complex128,3584,64,contiguous,,direct_fft_complex128_3584_64_contiguous_,1.03309265105,1.029377745,0.000702345278114,7,20,ok,
final_v2,direct,fft,complex128,3584,256,contiguous,,direct_fft_complex128_3584_256_contiguous_,4.28773742169,4.26036214256,0.0106712936291,7,7,ok,
final_v2,direct,fft,complex128,4095,1,contiguous,,direct_fft_complex128_4095_1_contiguous_,0.0396157332668,0.0395139968587,0.000101736408066,7,330,ok,
final_v2,direct,fft,complex128,4095,2,contiguous,,direct_fft_complex128_4095_2_contiguous_,0.0690834398847,0.0689246400725,0.000112605048344,7,200,ok,
final_v2,direct,fft,complex128,4095,8,contiguous,,direct_fft_complex128_4095_8_contiguous_,0.239192672987,0.238484118622,0.000528515187452,7,101,ok,
final_v2,direct,fft,complex128,4095,64,contiguous,,direct_fft_complex128_4095_64_contiguous_,1.81705926202,1.80402395046,0.0059885205701,7,19,ok,
final_v2,direct,fft,complex128,4095,256,contiguous,,direct_fft_complex128_4095_256_contiguous_,7.5424379902,7.43561651325,0.0745640136302,7,4,ok,
final_v2,direct,fft,complex128,4096,1,contiguous,,direct_fft_complex128_4096_1_contiguous_,0.0295692450608,0.029457091552,0.000109997827312,7,437,ok,
final_v2,direct,fft,complex128,4096,2,contiguous,,direct_fft_complex128_4096_2_contiguous_,0.0547048897715,0.0541007705033,0.000484409974888,7,200,ok,
final_v2,direct,fft,complex128,4096,8,contiguous,,direct_fft_complex128_4096_8_contiguous_,0.174139243255,0.173452418814,0.000261095182567,7,148,ok,
final_v2,direct,fft,complex128,4096,64,contiguous,,direct_fft_complex128_4096_64_contiguous_,1.23812574893,1.2357503525,0.00103189959191,7,20,ok,
final_v2,direct,fft,complex128,4096,256,contiguous,,direct_fft_complex128_4096_256_contiguous_,5.26133800546,5.09933933305,0.0209723366424,7,6,ok,
final_v2,direct,fft,complex128,4097,1,contiguous,,direct_fft_complex128_4097_1_contiguous_,0.114602160174,0.114463104983,0.000139055191539,5,200,ok,
final_v2,direct,fft,complex128,4097,2,contiguous,,direct_fft_complex128_4097_2_contiguous_,0.18798030122,0.187242340799,0.000483047823229,5,126,ok,
final_v2,direct,fft,complex128,4097,8,contiguous,,direct_fft_complex128_4097_8_contiguous_,0.707754204461,0.701922440545,0.00182900112122,5,34,ok,
final_v2,direct,fft,complex128,4097,64,contiguous,,direct_fft_complex128_4097_64_contiguous_,5.5109798365,5.50573850827,0.00384717714041,5,6,ok,
final_v2,direct,fft,complex128,4097,256,contiguous,,direct_fft_complex128_4097_256_contiguous_,22.3292210139,22.2296149004,0.0172019936144,5,1,ok,
final_v2,direct,fft,complex128,4608,1,contiguous,,direct_fft_complex128_4608_1_contiguous_,0.0309804349672,0.0307856698055,9.95298614725e-05,5,200,ok,
final_v2,direct,fft,complex128,4608,2,contiguous,,direct_fft_complex128_4608_2_contiguous_,0.0661940051941,0.0660414202139,0.000146125094034,5,200,ok,
final_v2,direct,fft,complex128,4608,8,contiguous,,direct_fft_complex128_4608_8_contiguous_,0.20565798306,0.205087359063,0.000570623996553,5,114,ok,
final_v2,direct,fft,complex128,4608,64,contiguous,,direct_fft_complex128_4608_64_contiguous_,1.53280494851,1.53083674959,0.00161695061252,5,20,ok,
final_v2,direct,fft,complex128,4608,256,contiguous,,direct_fft_complex128_4608_256_contiguous_,6.30342240911,6.24118859414,0.0172740081325,5,5,ok,
final_v2,direct,fft,complex128,8192,1,contiguous,,direct_fft_complex128_8192_1_contiguous_,0.0631377095124,0.0622426898917,0.000651365844533,5,200,ok,
final_v2,direct,fft,complex128,8192,2,contiguous,,direct_fft_complex128_8192_2_contiguous_,0.1196565805,0.119046844775,0.000609735725448,5,200,ok,
final_v2,direct,fft,complex128,8192,8,contiguous,,direct_fft_complex128_8192_8_contiguous_,0.391131412933,0.390409270213,0.000647413322613,5,63,ok,
final_v2,direct,fft,complex128,8192,64,contiguous,,direct_fft_complex128_8192_64_contiguous_,2.96793718272,2.96013990671,0.00105099752545,5,11,ok,
final_v2,direct,fft,complex128,8192,256,contiguous,,direct_fft_complex128_8192_256_contiguous_,13.6513395119,13.5652694735,0.00604649540037,5,2,ok,
final_v2,direct,fft,complex128,16384,1,contiguous,,direct_fft_complex128_16384_1_contiguous_,0.184687398045,0.18427219536,0.000189675571383,5,133,ok,
final_v2,direct,fft,complex128,16384,2,contiguous,,direct_fft_complex128_16384_2_contiguous_,0.365100672413,0.365025297836,7.53745770277e-05,5,67,ok,
final_v2,direct,fft,complex128,16384,8,contiguous,,direct_fft_complex128_16384_8_contiguous_,1.40606475179,1.40356310294,0.00103895436041,5,20,ok,
final_v2,direct,fft,complex128,16384,64,contiguous,,direct_fft_complex128_16384_64_contiguous_,11.6336194915,11.6076060222,0.0196465407498,5,2,ok,
final_v2,direct,fft,complex128,16384,256,contiguous,,direct_fft_complex128_16384_256_contiguous_,49.163557007,49.1072330624,0.0431200023741,5,1,ok,
final_v2,direct,fft,complex128,32768,1,contiguous,,direct_fft_complex128_32768_1_contiguous_,0.421638271014,0.421203221037,0.000305321872613,5,59,ok,
final_v2,direct,fft,complex128,32768,2,contiguous,,direct_fft_complex128_32768_2_contiguous_,0.833952036718,0.832552170574,0.00139986614472,5,29,ok,
final_v2,direct,fft,complex128,32768,8,contiguous,,direct_fft_complex128_32768_8_contiguous_,3.33051841008,3.32461750368,0.00505548669025,5,10,ok,
final_v2,direct,fft,complex128,32768,64,contiguous,,direct_fft_complex128_32768_64_contiguous_,29.3874141062,29.330527992,0.00558979809284,5,1,ok,
final_v2,direct,fft,complex128,32768,256,contiguous,,direct_fft_complex128_32768_256_contiguous_,118.00168897,117.502679001,0.499009969644,5,1,ok,
final_v2,direct,fft,complex128,65536,1,contiguous,,direct_fft_complex128_65536_1_contiguous_,0.900014959,0.899667666225,0.000347292775081,5,27,ok,
final_v2,direct,fft,complex128,65536,2,contiguous,,direct_fft_complex128_65536_2_contiguous_,1.80790221049,1.80508905262,0.00153236875409,5,19,ok,
final_v2,direct,fft,complex128,65536,8,contiguous,,direct_fft_complex128_65536_8_contiguous_,7.31014501071,7.25284573855,0.0572992721573,5,4,ok,
final_v2,direct,fft,complex128,65536,64,contiguous,,direct_fft_complex128_65536_64_contiguous_,65.1167660253,65.0375280529,0.0232439488173,5,1,ok,
final_v2,direct,fft,complex128,65536,256,contiguous,,direct_fft_complex128_65536_256_contiguous_,259.29711503,257.650848012,0.61700004153,5,1,ok,
final_v2,direct,ifft,complex64,1024,1,contiguous,,direct_ifft_complex64_1024_1_contiguous_,0.0108081128347,0.0107698245481,1.72557600704e-05,7,735,ok,
final_v2,direct,ifft,complex64,1024,2,contiguous,,direct_ifft_complex64_1024_2_contiguous_,0.0191014308174,0.0189492400863,1.57995395279e-05,7,629,ok,
final_v2,direct,ifft,complex64,1024,8,contiguous,,direct_ifft_complex64_1024_8_contiguous_,0.0407967250794,0.0406604702584,6.01151259616e-05,7,200,ok,
final_v2,direct,ifft,complex64,1024,64,contiguous,,direct_ifft_complex64_1024_64_contiguous_,0.253721062315,0.253256897624,0.00040053591593,7,97,ok,
final_v2,direct,ifft,complex64,1024,256,contiguous,,direct_ifft_complex64_1024_256_contiguous_,0.970399344806,0.969368446385,0.000928743975237,7,20,ok,
final_v2,direct,ifft,complex64,2048,1,contiguous,,direct_ifft_complex64_2048_1_contiguous_,0.016770848787,0.0167388996872,2.74315175286e-05,7,767,ok,
final_v2,direct,ifft,complex64,2048,2,contiguous,,direct_ifft_complex64_2048_2_contiguous_,0.0331537798581,0.0329393874256,9.74057144015e-05,7,436,ok,
final_v2,direct,ifft,complex64,2048,8,contiguous,,direct_ifft_complex64_2048_8_contiguous_,0.0800713652279,0.0800467695808,2.4595647119e-05,7,200,ok,
final_v2,direct,ifft,complex64,2048,64,contiguous,,direct_ifft_complex64_2048_64_contiguous_,0.53419644828,0.533441099105,0.000536552397534,7,20,ok,
final_v2,direct,ifft,complex64,2048,256,contiguous,,direct_ifft_complex64_2048_256_contiguous_,2.09398906009,2.08804800059,0.00442199961981,7,16,ok,
final_v2,direct,ifft,complex64,3072,1,contiguous,,direct_ifft_complex64_3072_1_contiguous_,0.0239947161172,0.0239719520323,2.27640848607e-05,7,500,ok,
final_v2,direct,ifft,complex64,3072,2,contiguous,,direct_ifft_complex64_3072_2_contiguous_,0.0481666601263,0.0479156401707,0.000139459734783,7,200,ok,
final_v2,direct,ifft,complex64,3072,8,contiguous,,direct_ifft_complex64_3072_8_contiguous_,0.119618359604,0.119083414902,0.000241899397224,7,200,ok,
final_v2,direct,ifft,complex64,3072,64,contiguous,,direct_ifft_complex64_3072_64_contiguous_,0.826883397531,0.825898599578,0.000575045123696,7,20,ok,
final_v2,direct,ifft,complex64,3072,256,contiguous,,direct_ifft_complex64_3072_256_contiguous_,3.29607930034,3.2686601975,0.0187508994713,7,10,ok,
final_v2,direct,ifft,complex64,3584,1,contiguous,,direct_ifft_complex64_3584_1_contiguous_,0.0273602275099,0.027035671727,0.000113558209185,7,448,ok,
final_v2,direct,ifft,complex64,3584,2,contiguous,,direct_ifft_complex64_3584_2_contiguous_,0.056954085012,0.0549727899488,0.000237144995481,7,200,ok,
final_v2,direct,ifft,complex64,3584,8,contiguous,,direct_ifft_complex64_3584_8_contiguous_,0.142820869356,0.141583783922,0.000151767215522,7,176,ok,
final_v2,direct,ifft,complex64,3584,64,contiguous,,direct_ifft_complex64_3584_64_contiguous_,0.982100650435,0.976944545982,0.00337879755534,7,20,ok,
final_v2,direct,ifft,complex64,3584,256,contiguous,,direct_ifft_complex64_3584_256_contiguous_,3.78577611991,3.7569260021,0.0288501178147,7,8,ok,
final_v2,direct,ifft,complex64,4095,1,contiguous,,direct_ifft_complex64_4095_1_contiguous_,0.0475667039762,0.0473408136401,0.000225890336055,7,274,ok,
final_v2,direct,ifft,complex64,4095,2,contiguous,,direct_ifft_complex64_4095_2_contiguous_,0.0884138146648,0.0880460749613,0.000315490178764,7,200,ok,
final_v2,direct,ifft,complex64,4095,8,contiguous,,direct_ifft_complex64_4095_8_contiguous_,0.189615209594,0.188091829376,0.00047918622086,7,129,ok,
final_v2,direct,ifft,complex64,4095,64,contiguous,,direct_ifft_complex64_4095_64_contiguous_,1.41851195367,1.41066780197,0.00263889669441,7,20,ok,
final_v2,direct,ifft,complex64,4095,256,contiguous,,direct_ifft_complex64_4095_256_contiguous_,5.78596716514,5.60805083175,0.176800996996,7,6,ok,
final_v2,direct,ifft,complex64,4096,1,contiguous,,direct_ifft_complex64_4096_1_contiguous_,0.0306084021876,0.0301791959136,0.00025332902258,7,301,ok,
final_v2,direct,ifft,complex64,4096,2,contiguous,,direct_ifft_complex64_4096_2_contiguous_,0.0622908800142,0.0616305996664,0.000189499696717,7,200,ok,
final_v2,direct,ifft,complex64,4096,8,contiguous,,direct_ifft_complex64_4096_8_contiguous_,0.156932064177,0.155864558063,0.00106403231024,7,156,ok,
final_v2,direct,ifft,complex64,4096,64,contiguous,,direct_ifft_complex64_4096_64_contiguous_,1.11156695057,1.09838484786,0.0101368466858,7,20,ok,
final_v2,direct,ifft,complex64,4096,256,contiguous,,direct_ifft_complex64_4096_256_contiguous_,4.39549242479,4.39009971784,0.00539270695299,7,7,ok,
final_v2,direct,ifft,complex64,4097,1,contiguous,,direct_ifft_complex64_4097_1_contiguous_,0.146420981764,0.145919237548,0.000480961898575,5,160,ok,
final_v2,direct,ifft,complex64,4097,2,contiguous,,direct_ifft_complex64_4097_2_contiguous_,0.278202933259,0.277561393273,0.000576810450869,5,89,ok,
final_v2,direct,ifft,complex64,4097,8,contiguous,,direct_ifft_complex64_4097_8_contiguous_,0.417739465289,0.417308484127,0.000430981162935,5,60,ok,
final_v2,direct,ifft,complex64,4097,64,contiguous,,direct_ifft_complex64_4097_64_contiguous_,3.28527620295,3.25815259712,0.0105175073259,5,10,ok,
final_v2,direct,ifft,complex64,4097,256,contiguous,,direct_ifft_complex64_4097_256_contiguous_,12.8537880373,12.8296834882,0.0241045490839,5,2,ok,
final_v2,direct,ifft,complex64,4608,1,contiguous,,direct_ifft_complex64_4608_1_contiguous_,0.0346592400456,0.0342945096781,0.000121924676932,5,200,ok,
final_v2,direct,ifft,complex64,4608,2,contiguous,,direct_ifft_complex64_4608_2_contiguous_,0.0705624948023,0.0703737401636,0.000159644405358,5,200,ok,
final_v2,direct,ifft,complex64,4608,8,contiguous,,direct_ifft_complex64_4608_8_contiguous_,0.18552646679,0.184885208081,0.00035614033954,5,135,ok,
final_v2,direct,ifft,complex64,4608,64,contiguous,,direct_ifft_complex64_4608_64_contiguous_,1.34589910158,1.32327995379,0.0125849503092,5,20,ok,
final_v2,direct,ifft,complex64,4608,256,contiguous,,direct_ifft_complex64_4608_256_contiguous_,5.2115857834,5.18299059477,0.0176689820364,5,5,ok,
final_v2,direct,ifft,complex64,8192,1,contiguous,,direct_ifft_complex64_8192_1_contiguous_,0.0565689144423,0.056136160274,0.000234584440477,5,200,ok,
final_v2,direct,ifft,complex64,8192,2,contiguous,,direct_ifft_complex64_8192_2_contiguous_,0.111546069966,0.111380160088,0.000165909877978,5,200,ok,
final_v2,direct,ifft,complex64,8192,8,contiguous,,direct_ifft_complex64_8192_8_contiguous_,0.339794575479,0.339200315129,0.000325396771811,5,73,ok,
final_v2,direct,ifft,complex64,8192,64,contiguous,,direct_ifft_complex64_8192_64_contiguous_,2.52361661002,2.49623253834,0.0182570746312,5,13,ok,
final_v2,direct,ifft,complex64,8192,256,contiguous,,direct_ifft_complex64_8192_256_contiguous_,10.5598019824,10.3661843653,0.168517658797,5,3,ok,
final_v2,direct,ifft,complex64,16384,1,contiguous,,direct_ifft_complex64_16384_1_contiguous_,0.110043820459,0.109504715074,0.000426700571552,5,200,ok,
final_v2,direct,ifft,complex64,16384,2,contiguous,,direct_ifft_complex64_16384_2_contiguous_,0.195240261891,0.19434502437,0.000877992346114,5,126,ok,
final_v2,direct,ifft,complex64,16384,8,contiguous,,direct_ifft_complex64_16384_8_contiguous_,0.675928097917,0.674172351137,0.000865646870807,5,20,ok,
final_v2,direct,ifft,complex64,16384,64,contiguous,,direct_ifft_complex64_16384_64_contiguous_,5.240078317,5.21017766247,0.00676933753615,5,6,ok,
final_v2,direct,ifft,complex64,16384,256,contiguous,,direct_ifft_complex64_16384_256_contiguous_,23.560474976,23.3925830107,0.0300459796563,5,1,ok,
final_v2,direct,ifft,complex64,32768,1,contiguous,,direct_ifft_complex64_32768_1_contiguous_,0.223691945642,0.222239599944,0.00062188112431,5,110,ok,
final_v2,direct,ifft,complex64,32768,2,contiguous,,direct_ifft_complex64_32768_2_contiguous_,0.406424383012,0.402673050606,0.00375133240595,5,60,ok,
final_v2,direct,ifft,complex64,32768,8,contiguous,,direct_ifft_complex64_32768_8_contiguous_,1.42676130054,1.41431159573,0.0035275996197,5,20,ok,
final_v2,direct,ifft,complex64,32768,64,contiguous,,direct_ifft_complex64_32768_64_contiguous_,11.4543186889,11.4310886323,0.0232300565888,5,3,ok,
final_v2,direct,ifft,complex64,32768,256,contiguous,,direct_ifft_complex64_32768_256_contiguous_,48.0177619029,47.8225080296,0.111838104203,5,1,ok,
final_v2,direct,ifft,complex64,65536,1,contiguous,,direct_ifft_complex64_65536_1_contiguous_,0.457956184012,0.456521481586,0.000441944899244,5,54,ok,
final_v2,direct,ifft,complex64,65536,2,contiguous,,direct_ifft_complex64_65536_2_contiguous_,0.864578649634,0.851490796776,0.00674810144119,5,20,ok,
final_v2,direct,ifft,complex64,65536,8,contiguous,,direct_ifft_complex64_65536_8_contiguous_,3.21216300363,3.19993019802,0.00234140316024,5,10,ok,
final_v2,direct,ifft,complex64,65536,64,contiguous,,direct_ifft_complex64_65536_64_contiguous_,28.0971589964,27.8525040485,0.200352980755,5,1,ok,
final_v2,direct,ifft,complex64,65536,256,contiguous,,direct_ifft_complex64_65536_256_contiguous_,109.594520996,109.086474986,0.494100968353,5,1,ok,
final_v2,direct,ifft,complex128,1024,1,contiguous,,direct_ifft_complex128_1024_1_contiguous_,0.010790811181,0.0106913062389,5.18298647586e-05,7,911,ok,
final_v2,direct,ifft,complex128,1024,2,contiguous,,direct_ifft_complex128_1024_2_contiguous_,0.0178633875312,0.0177983531564,2.0366047968e-05,7,702,ok,
final_v2,direct,ifft,complex128,1024,8,contiguous,,direct_ifft_complex128_1024_8_contiguous_,0.042867885204,0.0425272999564,0.000250164302997,7,200,ok,
final_v2,direct,ifft,complex128,1024,64,contiguous,,direct_ifft_complex128_1024_64_contiguous_,0.270773112954,0.269132784028,0.000475206020796,7,88,ok,
final_v2,direct,ifft,complex128,1024,256,contiguous,,direct_ifft_complex128_1024_256_contiguous_,1.05756330304,1.05286850012,0.00309380120598,7,20,ok,
final_v2,direct,ifft,complex128,2048,1,contiguous,,direct_ifft_complex128_2048_1_contiguous_,0.0174846532722,0.0172775678363,0.000194446313996,7,715,ok,
final_v2,direct,ifft,complex128,2048,2,contiguous,,direct_ifft_complex128_2048_2_contiguous_,0.0326286118422,0.0320099704563,0.000500500034201,7,438,ok,
final_v2,direct,ifft,complex128,2048,8,contiguous,,direct_ifft_complex128_2048_8_contiguous_,0.0892016297439,0.0885952002136,0.000453094835393,7,200,ok,
final_v2,direct,ifft,complex128,2048,64,contiguous,,direct_ifft_complex128_2048_64_contiguous_,0.617996149231,0.614104402484,0.0030210998375,7,20,ok,
final_v2,direct,ifft,complex128,2048,256,contiguous,,direct_ifft_complex128_2048_256_contiguous_,2.44415543109,2.42393779003,0.00992485521627,7,14,ok,
final_v2,direct,ifft,complex128,3072,1,contiguous,,direct_ifft_complex128_3072_1_contiguous_,0.0240770531733,0.0237525927774,5.61027864524e-05,7,545,ok,
final_v2,direct,ifft,complex128,3072,2,contiguous,,direct_ifft_complex128_3072_2_contiguous_,0.0466236297507,0.0460023299092,0.000271360040642,7,200,ok,
final_v2,direct,ifft,complex128,3072,8,contiguous,,direct_ifft_complex128_3072_8_contiguous_,0.136845455401,0.135871921925,0.000544954996763,7,180,ok,
final_v2,direct,ifft,complex128,3072,64,contiguous,,direct_ifft_complex128_3072_64_contiguous_,0.978180853417,0.96859500045,0.00155090237968,7,20,ok,
final_v2,direct,ifft,complex128,3072,256,contiguous,,direct_ifft_complex128_3072_256_contiguous_,4.00075924699,3.98803675489,0.00894675031304,7,8,ok,
final_v2,direct,ifft,complex128,3584,1,contiguous,,direct_ifft_complex128_3584_1_contiguous_,0.0265728451884,0.0262099727852,0.000265891133773,7,478,ok,
final_v2,direct,ifft,complex128,3584,2,contiguous,,direct_ifft_complex128_3584_2_contiguous_,0.0543578498764,0.0521897047292,0.00216814514715,7,200,ok,
final_v2,direct,ifft,complex128,3584,8,contiguous,,direct_ifft_complex128_3584_8_contiguous_,0.271825794561,0.199116547392,0.00204164434665,7,93,ok,
final_v2,direct,ifft,complex128,3584,64,contiguous,,direct_ifft_complex128_3584_64_contiguous_,1.36721116077,1.1260512272,0.241159933567,7,18,ok,
final_v2,direct,ifft,complex128,3584,256,contiguous,,direct_ifft_complex128_3584_256_contiguous_,5.48310783536,5.16436400358,0.143814676752,7,6,ok,
final_v2,direct,ifft,complex128,4095,1,contiguous,,direct_ifft_complex128_4095_1_contiguous_,0.0449588901284,0.0442774043293,0.000644110288497,7,282,ok,
final_v2,direct,ifft,complex128,4095,2,contiguous,,direct_ifft_complex128_4095_2_contiguous_,0.0784231069906,0.077647281277,0.000775825713625,7,178,ok,
final_v2,direct,ifft,complex128,4095,8,contiguous,,direct_ifft_complex128_4095_8_contiguous_,0.400029063668,0.296337638798,0.00695592044379,7,61,ok,
final_v2,direct,ifft,complex128,4095,64,contiguous,,direct_ifft_complex128_4095_64_contiguous_,1.95943676483,1.92931711482,0.0201310578953,7,17,ok,
final_v2,direct,ifft,complex128,4095,256,contiguous,,direct_ifft_complex128_4095_256_contiguous_,8.03870524396,7.97579323989,0.0444352626801,7,4,ok,
final_v2,direct,ifft,complex128,4096,1,contiguous,,direct_ifft_complex128_4096_1_contiguous_,0.0316496583371,0.0314887565673,0.00011028157987,7,398,ok,
final_v2,direct,ifft,complex128,4096,2,contiguous,,direct_ifft_complex128_4096_2_contiguous_,0.0588306802092,0.0584892951883,0.000103744678199,7,200,ok,
final_v2,direct,ifft,complex128,4096,8,contiguous,,direct_ifft_complex128_4096_8_contiguous_,0.179548859973,0.178175264463,0.000808271579444,7,136,ok,
final_v2,direct,ifft,complex128,4096,64,contiguous,,direct_ifft_complex128_4096_64_contiguous_,1.30155300139,1.28429430188,0.0115961476695,7,20,ok,
final_v2,direct,ifft,complex128,4096,256,contiguous,,direct_ifft_complex128_4096_256_contiguous_,5.56610751664,5.5208481693,0.0409246810401,7,6,ok,
final_v2,direct,ifft,complex128,4097,1,contiguous,,direct_ifft_complex128_4097_1_contiguous_,0.116869780425,0.116706597229,5.15079896175e-05,5,191,ok,
final_v2,direct,ifft,complex128,4097,2,contiguous,,direct_ifft_complex128_4097_2_contiguous_,0.192602174283,0.191835587704,0.000273126975766,5,126,ok,
final_v2,direct,ifft,complex128,4097,8,contiguous,,direct_ifft_complex128_4097_8_contiguous_,0.718297970974,0.713880913442,0.000385115580524,5,34,ok,
final_v2,direct,ifft,complex128,4097,64,contiguous,,direct_ifft_complex128_4097_64_contiguous_,5.64626016421,5.63232932473,0.0119471612076,5,6,ok,
final_v2,direct,ifft,complex128,4097,256,contiguous,,direct_ifft_complex128_4097_256_contiguous_,22.6810359163,22.6264449302,0.0545909861103,5,1,ok,
final_v2,direct,ifft,complex128,4608,1,contiguous,,direct_ifft_complex128_4608_1_contiguous_,0.0351623748429,0.035044105025,0.000118269817904,5,200,ok,
final_v2,direct,ifft,complex128,4608,2,contiguous,,direct_ifft_complex128_4608_2_contiguous_,0.0702441047179,0.0699255603831,0.000115919392556,5,200,ok,
final_v2,direct,ifft,complex128,4608,8,contiguous,,direct_ifft_complex128_4608_8_contiguous_,0.217632999421,0.217283673098,0.00034932632296,5,113,ok,
final_v2,direct,ifft,complex128,4608,64,contiguous,,direct_ifft_complex128_4608_64_contiguous_,1.5962020494,1.58939984976,0.00265744747594,5,20,ok,
final_v2,direct,ifft,complex128,4608,256,contiguous,,direct_ifft_complex128_4608_256_contiguous_,6.73569419887,6.72747278586,0.00310179311782,5,5,ok,
final_v2,direct,ifft,complex128,8192,1,contiguous,,direct_ifft_complex128_8192_1_contiguous_,0.0635456648888,0.0633107800968,0.000142459757626,5,200,ok,
final_v2,direct,ifft,complex128,8192,2,contiguous,,direct_ifft_complex128_8192_2_contiguous_,0.123884545338,0.123638682058,0.000217373275922,5,198,ok,
final_v2,direct,ifft,complex128,8192,8,contiguous,,direct_ifft_complex128_8192_8_contiguous_,0.402471500759,0.400191933538,0.000742549309507,5,60,ok,
final_v2,direct,ifft,complex128,8192,64,contiguous,,direct_ifft_complex128_8192_64_contiguous_,3.25786919566,3.23279440636,0.0106277060695,5,10,ok,
final_v2,direct,ifft,complex128,8192,256,contiguous,,direct_ifft_complex128_8192_256_contiguous_,14.5901640062,14.2733284738,0.0790120102465,5,2,ok,
final_v2,direct,ifft,complex128,16384,1,contiguous,,direct_ifft_complex128_16384_1_contiguous_,0.187581813851,0.186278603884,0.000822147563851,5,129,ok,
final_v2,direct,ifft,complex128,16384,2,contiguous,,direct_ifft_complex128_16384_2_contiguous_,0.372816106502,0.372221832742,0.000404864267418,5,66,ok,
final_v2,direct,ifft,complex128,16384,8,contiguous,,direct_ifft_complex128_16384_8_contiguous_,1.44109455287,1.43598850118,0.0037049583625,5,20,ok,
final_v2,direct,ifft,complex128,16384,64,contiguous,,direct_ifft_complex128_16384_64_contiguous_,11.9405714795,11.9140369934,0.0265344860964,5,2,ok,
final_v2,direct,ifft,complex128,16384,256,contiguous,,direct_ifft_complex128_16384_256_contiguous_,50.4418989876,50.2387000015,0.0603729858994,5,1,ok,
final_v2,direct,ifft,complex128,32768,1,contiguous,,direct_ifft_complex128_32768_1_contiguous_,0.427296089973,0.426273659936,0.000264427009305,5,56,ok,
final_v2,direct,ifft,complex128,32768,2,contiguous,,direct_ifft_complex128_32768_2_contiguous_,0.859643357606,0.858136286427,0.000992536245446,5,28,ok,
final_v2,direct,ifft,complex128,32768,8,contiguous,,direct_ifft_complex128_32768_8_contiguous_,3.36438859813,3.35701379227,0.00358669785783,5,10,ok,
final_v2,direct,ifft,complex128,32768,64,contiguous,,direct_ifft_complex128_32768_64_contiguous_,29.766681022,29.6409169678,0.00762403942645,5,1,ok,
final_v2,direct,ifft,complex128,32768,256,contiguous,,direct_ifft_complex128_32768_256_contiguous_,118.194687995,117.990196915,0.195513945073,5,1,ok,
final_v2,direct,ifft,complex128,65536,1,contiguous,,direct_ifft_complex128_65536_1_contiguous_,0.919212578223,0.917934037996,0.00015950242344,5,26,ok,
final_v2,direct,ifft,complex128,65536,2,contiguous,,direct_ifft_complex128_65536_2_contiguous_,1.80337378927,1.79729189748,0.000931739218925,5,19,ok,
final_v2,direct,ifft,complex128,65536,8,contiguous,,direct_ifft_complex128_65536_8_contiguous_,7.47793275514,7.40940775722,0.0685249979142,5,4,ok,
final_v2,direct,ifft,complex128,65536,64,contiguous,,direct_ifft_complex128_65536_64_contiguous_,65.2555349516,65.2095390251,0.0459959264845,5,1,ok,
final_v2,direct,ifft,complex128,65536,256,contiguous,,direct_ifft_complex128_65536_256_contiguous_,260.107234935,259.222456021,0.368657056242,5,1,ok,
final_v2,direct,rfft,float32,1024,1,contiguous,,direct_rfft_float32_1024_1_contiguous_,0.0088244545873,0.00876857623394,5.58783533624e-05,7,814,ok,
final_v2,direct,rfft,float32,1024,2,contiguous,,direct_rfft_float32_1024_2_contiguous_,0.0101518245438,0.0100096091222,1.58422120683e-05,7,1077,ok,
final_v2,direct,rfft,float32,1024,8,contiguous,,direct_rfft_float32_1024_8_contiguous_,0.01984522969,0.0197907804977,3.25043220073e-05,7,200,ok,
final_v2,direct,rfft,float32,1024,64,contiguous,,direct_rfft_float32_1024_64_contiguous_,0.109366305405,0.108238255489,0.000255375052802,7,200,ok,
final_v2,direct,rfft,float32,1024,256,contiguous,,direct_rfft_float32_1024_256_contiguous_,0.411331048235,0.405849301023,0.00275510246865,7,20,ok,
final_v2,direct,rfft,float32,2048,1,contiguous,,direct_rfft_float32_2048_1_contiguous_,0.0130660461608,0.0129447964784,0.000121249682439,7,801,ok,
final_v2,direct,rfft,float32,2048,2,contiguous,,direct_rfft_float32_2048_2_contiguous_,0.0160940333093,0.0159064041881,4.01237134549e-05,7,809,ok,
final_v2,direct,rfft,float32,2048,8,contiguous,,direct_rfft_float32_2048_8_contiguous_,0.0406006095,0.0402673904318,9.81841003522e-05,7,200,ok,
final_v2,direct,rfft,float32,2048,64,contiguous,,direct_rfft_float32_2048_64_contiguous_,0.259651400847,0.255712552462,0.00187099794857,7,20,ok,
final_v2,direct,rfft,float32,2048,256,contiguous,,direct_rfft_float32_2048_256_contiguous_,1.0075796512,1.00142615265,0.00615349854343,7,20,ok,
final_v2,direct,rfft,float32,3072,1,contiguous,,direct_rfft_float32_3072_1_contiguous_,0.0172289658666,0.017091825252,7.77660468875e-05,7,761,ok,
final_v2,direct,rfft,float32,3072,2,contiguous,,direct_rfft_float32_3072_2_contiguous_,0.0205473898677,0.0205142301274,2.45950650424e-05,7,200,ok,
final_v2,direct,rfft,float32,3072,8,contiguous,,direct_rfft_float32_3072_8_contiguous_,0.0557831546757,0.055471524829,0.000142914941534,7,200,ok,
final_v2,direct,rfft,float32,3072,64,contiguous,,direct_rfft_float32_3072_64_contiguous_,0.369132898049,0.368214701302,0.000918196747079,7,20,ok,
final_v2,direct,rfft,float32,3072,256,contiguous,,direct_rfft_float32_3072_256_contiguous_,1.52536989557,1.48113699949,0.0155109997937,7,19,ok,
final_v2,direct,rfft,float32,3584,1,contiguous,,direct_rfft_float32_3584_1_contiguous_,0.0211120857059,0.0209789371063,9.94650881503e-05,7,572,ok,
final_v2,direct,rfft,float32,3584,2,contiguous,,direct_rfft_float32_3584_2_contiguous_,0.0311612198129,0.0306771200849,0.000182444928214,7,200,ok,
final_v2,direct,rfft,float32,3584,8,contiguous,,direct_rfft_float32_3584_8_contiguous_,0.0922862748848,0.0921729649417,7.01297540218e-05,7,200,ok,
final_v2,direct,rfft,float32,3584,64,contiguous,,direct_rfft_float32_3584_64_contiguous_,0.651339296019,0.649433699436,0.00190559658222,7,20,ok,
final_v2,direct,rfft,float32,3584,256,contiguous,,direct_rfft_float32_3584_256_contiguous_,2.87362199742,2.8287493973,0.0113362097181,7,10,ok,
final_v2,direct,rfft,float32,4095,1,contiguous,,direct_rfft_float32_4095_1_contiguous_,0.031500779546,0.0312658793962,6.75614827719e-05,7,390,ok,
final_v2,direct,rfft,float32,4095,2,contiguous,,direct_rfft_float32_4095_2_contiguous_,0.0372699549189,0.0356220349204,0.000436660484411,7,200,ok,
final_v2,direct,rfft,float32,4095,8,contiguous,,direct_rfft_float32_4095_8_contiguous_,0.115518419771,0.114625605056,0.000892814714462,7,200,ok,
final_v2,direct,rfft,float32,4095,64,contiguous,,direct_rfft_float32_4095_64_contiguous_,0.832727301167,0.829898548545,0.00223615206778,7,20,ok,
final_v2,direct,rfft,float32,4095,256,contiguous,,direct_rfft_float32_4095_256_contiguous_,3.64121299936,3.54884711851,0.0633781310171,7,8,ok,
final_v2,direct,rfft,float32,4096,1,contiguous,,direct_rfft_float32_4096_1_contiguous_,0.0215319145092,0.0214810163541,5.08981550415e-05,7,609,ok,
final_v2,direct,rfft,float32,4096,2,contiguous,,direct_rfft_float32_4096_2_contiguous_,0.025933929719,0.0258520297939,3.38145764545e-05,7,200,ok,
final_v2,direct,rfft,float32,4096,8,contiguous,,direct_rfft_float32_4096_8_contiguous_,0.0739463494392,0.0737689202651,0.000177429174073,7,200,ok,
final_v2,direct,rfft,float32,4096,64,contiguous,,direct_rfft_float32_4096_64_contiguous_,0.513549003517,0.504295749124,0.00409365165979,7,20,ok,
final_v2,direct,rfft,float32,4096,256,contiguous,,direct_rfft_float32_4096_256_contiguous_,2.30474261424,2.18143745755,0.0298479303288,7,13,ok,
final_v2,direct,rfft,float32,4097,1,contiguous,,direct_rfft_float32_4097_1_contiguous_,0.115018889774,0.114237735397,0.00035792007111,5,200,ok,
final_v2,direct,rfft,float32,4097,2,contiguous,,direct_rfft_float32_4097_2_contiguous_,0.176462914429,0.17604492189,0.000223484987925,5,140,ok,
final_v2,direct,rfft,float32,4097,8,contiguous,,direct_rfft_float32_4097_8_contiguous_,0.665134080132,0.663102730303,0.00138448651981,5,37,ok,
final_v2,direct,rfft,float32,4097,64,contiguous,,direct_rfft_float32_4097_64_contiguous_,5.24548833103,5.2099871682,0.0308676778028,5,6,ok,
final_v2,direct,rfft,float32,4097,256,contiguous,,direct_rfft_float32_4097_256_contiguous_,21.7803280102,21.5841931058,0.141224008985,5,1,ok,
final_v2,direct,rfft,float32,4608,1,contiguous,,direct_rfft_float32_4608_1_contiguous_,0.0251458602725,0.0248018652201,0.000231229932979,5,200,ok,
final_v2,direct,rfft,float32,4608,2,contiguous,,direct_rfft_float32_4608_2_contiguous_,0.0294771854533,0.0294101051986,6.70802546665e-05,5,200,ok,
final_v2,direct,rfft,float32,4608,8,contiguous,,direct_rfft_float32_4608_8_contiguous_,0.0859081395902,0.0855869450606,6.55197072774e-05,5,200,ok,
final_v2,direct,rfft,float32,4608,64,contiguous,,direct_rfft_float32_4608_64_contiguous_,0.592384900665,0.585300702369,0.00708419829607,5,20,ok,
final_v2,direct,rfft,float32,4608,256,contiguous,,direct_rfft_float32_4608_256_contiguous_,2.5539373979,2.5199519936,0.0339854042977,5,5,ok,
final_v2,direct,rfft,float32,8192,1,contiguous,,direct_rfft_float32_8192_1_contiguous_,0.0399962347001,0.0398447050247,0.000141864293255,5,200,ok,
final_v2,direct,rfft,float32,8192,2,contiguous,,direct_rfft_float32_8192_2_contiguous_,0.0486469548196,0.0483768503182,0.000270104501396,5,200,ok,
final_v2,direct,rfft,float32,8192,8,contiguous,,direct_rfft_float32_8192_8_contiguous_,0.150978378008,0.150315587824,0.000264818113096,5,148,ok,
final_v2,direct,rfft,float32,8192,64,contiguous,,direct_rfft_float32_8192_64_contiguous_,1.12073950004,1.11066474929,0.00190254650079,5,20,ok,
final_v2,direct,rfft,float32,8192,256,contiguous,,direct_rfft_float32_8192_256_contiguous_,5.98796461709,5.75699640904,0.230968208052,5,5,ok,
final_v2,direct,rfft,float32,16384,1,contiguous,,direct_rfft_float32_16384_1_contiguous_,0.087255705148,0.0866743148072,0.000353415380232,5,200,ok,
final_v2,direct,rfft,float32,16384,2,contiguous,,direct_rfft_float32_16384_2_contiguous_,0.1369183946,0.130528918895,0.00163596186384,5,185,ok,
final_v2,direct,rfft,float32,16384,8,contiguous,,direct_rfft_float32_16384_8_contiguous_,0.448743253946,0.443863653345,0.00303615233861,5,20,ok,
final_v2,direct,rfft,float32,16384,64,contiguous,,direct_rfft_float32_16384_64_contiguous_,3.90157510992,3.73928489474,0.150176554194,5,9,ok,
final_v2,direct,rfft,float32,16384,256,contiguous,,direct_rfft_float32_16384_256_contiguous_,21.0284970235,20.9075310268,0.0787270255387,5,1,ok,
final_v2,direct,rfft,float32,32768,1,contiguous,,direct_rfft_float32_32768_1_contiguous_,0.228769353627,0.225635273976,0.00259542139247,5,102,ok,
final_v2,direct,rfft,float32,32768,2,contiguous,,direct_rfft_float32_32768_2_contiguous_,0.267553099548,0.263008111506,0.00377088726964,5,80,ok,
final_v2,direct,rfft,float32,32768,8,contiguous,,direct_rfft_float32_32768_8_contiguous_,1.03914649808,1.0240608477,0.00969259417616,5,20,ok,
final_v2,direct,rfft,float32,32768,64,contiguous,,direct_rfft_float32_32768_64_contiguous_,10.5448603475,9.91067899546,0.529109345128,5,3,ok,
final_v2,direct,rfft,float32,32768,256,contiguous,,direct_rfft_float32_32768_256_contiguous_,48.5909299459,48.252308974,0.20935991779,5,1,ok,
final_v2,direct,rfft,float32,65536,1,contiguous,,direct_rfft_float32_65536_1_contiguous_,0.503600435838,0.499729740271,0.00387069556619,5,46,ok,
final_v2,direct,rfft,float32,65536,2,contiguous,,direct_rfft_float32_65536_2_contiguous_,0.553181348369,0.54958165274,0.00147625105456,5,20,ok,
final_v2,direct,rfft,float32,65536,8,contiguous,,direct_rfft_float32_65536_8_contiguous_,2.19677442718,2.17560214722,0.00255264707708,5,14,ok,
final_v2,direct,rfft,float32,65536,64,contiguous,,direct_rfft_float32_65536_64_contiguous_,25.6689649541,25.5430099787,0.104083912447,5,1,ok,
final_v2,direct,rfft,float32,65536,256,contiguous,,direct_rfft_float32_65536_256_contiguous_,100.818457082,99.6820190921,0.497036031447,5,1,ok,
final_v2,direct,rfft,float64,1024,1,contiguous,,direct_rfft_float64_1024_1_contiguous_,0.00782127270931,0.00753501522024,2.36342818012e-05,7,1181,ok,
final_v2,direct,rfft,float64,1024,2,contiguous,,direct_rfft_float64_1024_2_contiguous_,0.00870890245507,0.00829736111659,0.000112011129964,7,1343,ok,
final_v2,direct,rfft,float64,1024,8,contiguous,,direct_rfft_float64_1024_8_contiguous_,0.0171156501165,0.0167534698267,0.000257724896073,7,200,ok,
final_v2,direct,rfft,float64,1024,64,contiguous,,direct_rfft_float64_1024_64_contiguous_,0.0920203834938,0.0909611579567,0.000939835245683,7,146,ok,
final_v2,direct,rfft,float64,1024,256,contiguous,,direct_rfft_float64_1024_256_contiguous_,0.340830651112,0.338162196567,0.000374199589714,7,20,ok,
final_v2,direct,rfft,float64,2048,1,contiguous,,direct_rfft_float64_2048_1_contiguous_,0.0114792487901,0.011328015848,2.63113816653e-05,7,1073,ok,
final_v2,direct,rfft,float64,2048,2,contiguous,,direct_rfft_float64_2048_2_contiguous_,0.0136119212209,0.0135768780718,3.50431490842e-05,7,926,ok,
final_v2,direct,rfft,float64,2048,8,contiguous,,direct_rfft_float64_2048_8_contiguous_,0.0341050548013,0.033836204675,6.89801527187e-05,7,200,ok,
final_v2,direct,rfft,float64,2048,64,contiguous,,direct_rfft_float64_2048_64_contiguous_,0.220125698252,0.217585498467,0.000937253935263,7,20,ok,
final_v2,direct,rfft,float64,2048,256,contiguous,,direct_rfft_float64_2048_256_contiguous_,0.859730603406,0.85088814958,0.00434210523963,7,20,ok,
final_v2,direct,rfft,float64,3072,1,contiguous,,direct_rfft_float64_3072_1_contiguous_,0.0151032411053,0.0150209153293,8.23257759943e-05,7,838,ok,
final_v2,direct,rfft,float64,3072,2,contiguous,,direct_rfft_float64_3072_2_contiguous_,0.017613619566,0.017465344863,7.14795896783e-05,7,200,ok,
final_v2,direct,rfft,float64,3072,8,contiguous,,direct_rfft_float64_3072_8_contiguous_,0.0477841950487,0.0473855546443,0.000135455047712,7,200,ok,
final_v2,direct,rfft,float64,3072,64,contiguous,,direct_rfft_float64_3072_64_contiguous_,0.321656896267,0.320074951742,0.000620144419372,7,20,ok,
final_v2,direct,rfft,float64,3072,256,contiguous,,direct_rfft_float64_3072_256_contiguous_,1.26838015276,1.26400599838,0.00437415437773,7,20,ok,
final_v2,direct,rfft,float64,3584,1,contiguous,,direct_rfft_float64_3584_1_contiguous_,0.0190891780426,0.0188484926465,0.000220336896044,7,674,ok,
final_v2,direct,rfft,float64,3584,2,contiguous,,direct_rfft_float64_3584_2_contiguous_,0.0274035154143,0.0270654901396,0.000138855539262,7,200,ok,
final_v2,direct,rfft,float64,3584,8,contiguous,,direct_rfft_float64_3584_8_contiguous_,0.0830679002684,0.0827004149323,0.000236094929278,7,200,ok,
final_v2,direct,rfft,float64,3584,64,contiguous,,direct_rfft_float64_3584_64_contiguous_,0.600158900488,0.593588652555,0.00481500173919,7,20,ok,
final_v2,direct,rfft,float64,3584,256,contiguous,,direct_rfft_float64_3584_256_contiguous_,2.42150583654,2.37475366642,0.0183441637394,7,12,ok,
final_v2,direct,rfft,float64,4095,1,contiguous,,direct_rfft_float64_4095_1_contiguous_,0.0291920496865,0.0287282994671,0.000176342617688,7,464,ok,
final_v2,direct,rfft,float64,4095,2,contiguous,,direct_rfft_float64_4095_2_contiguous_,0.0326373195276,0.0322528550168,0.000122174969874,7,200,ok,
final_v2,direct,rfft,float64,4095,8,contiguous,,direct_rfft_float64_4095_8_contiguous_,0.105029525002,0.104428500053,0.000236690393649,7,200,ok,
final_v2,direct,rfft,float64,4095,64,contiguous,,direct_rfft_float64_4095_64_contiguous_,0.77466010116,0.767619500402,0.00347800087184,7,20,ok,
final_v2,direct,rfft,float64,4095,256,contiguous,,direct_rfft_float64_4095_256_contiguous_,3.13727039611,3.07123330422,0.0138367991894,7,10,ok,
final_v2,direct,rfft,float64,4096,1,contiguous,,direct_rfft_float64_4096_1_contiguous_,0.0199760905641,0.0197204616224,0.000143487776338,7,652,ok,
final_v2,direct,rfft,float64,4096,2,contiguous,,direct_rfft_float64_4096_2_contiguous_,0.0230051198741,0.0227048597299,0.000234234612435,7,200,ok,
final_v2,direct,rfft,float64,4096,8,contiguous,,direct_rfft_float64_4096_8_contiguous_,0.0676623400068,0.0659562100191,0.00162918993738,7,200,ok,
final_v2,direct,rfft,float64,4096,64,contiguous,,direct_rfft_float64_4096_64_contiguous_,0.4628951021,0.459104549373,0.00274160411209,7,20,ok,
final_v2,direct,rfft,float64,4096,256,contiguous,,direct_rfft_float64_4096_256_contiguous_,1.87215723921,1.84549838125,0.0225790113641,7,13,ok,
final_v2,direct,rfft,float64,4097,1,contiguous,,direct_rfft_float64_4097_1_contiguous_,0.115073289489,0.114109494607,0.00083124905359,5,200,ok,
final_v2,direct,rfft,float64,4097,2,contiguous,,direct_rfft_float64_4097_2_contiguous_,0.176660079624,0.175140145154,0.00124572492812,5,138,ok,
final_v2,direct,rfft,float64,4097,8,contiguous,,direct_rfft_float64_4097_8_contiguous_,0.653438512362,0.652100620288,0.00133789207384,5,37,ok,
final_v2,direct,rfft,float64,4097,64,contiguous,,direct_rfft_float64_4097_64_contiguous_,5.11462282157,5.07282333759,0.041799483976,5,6,ok,
final_v2,direct,rfft,float64,4097,256,contiguous,,direct_rfft_float64_4097_256_contiguous_,20.793940057,20.71724704,0.0401348806918,5,1,ok,
final_v2,direct,rfft,float64,4608,1,contiguous,,direct_rfft_float64_4608_1_contiguous_,0.0226912350627,0.0223404850112,0.000230079749599,5,200,ok,
final_v2,direct,rfft,float64,4608,2,contiguous,,direct_rfft_float64_4608_2_contiguous_,0.0258485699305,0.0256696349243,0.000178935006261,5,200,ok,
final_v2,direct,rfft,float64,4608,8,contiguous,,direct_rfft_float64_4608_8_contiguous_,0.0749714602716,0.0737622048473,0.00120925542433,5,200,ok,
final_v2,direct,rfft,float64,4608,64,contiguous,,direct_rfft_float64_4608_64_contiguous_,0.52163109649,0.520258001052,0.00137309543788,5,20,ok,
final_v2,direct,rfft,float64,4608,256,contiguous,,direct_rfft_float64_4608_256_contiguous_,2.09379999433,2.05526999198,0.0218549976125,5,5,ok,
final_v2,direct,rfft,float64,8192,1,contiguous,,direct_rfft_float64_8192_1_contiguous_,0.0372951000463,0.0364423595602,6.10644929111e-05,5,200,ok,
final_v2,direct,rfft,float64,8192,2,contiguous,,direct_rfft_float64_8192_2_contiguous_,0.0433204305591,0.043060745229,1.92853622139e-05,5,200,ok,
final_v2,direct,rfft,float64,8192,8,contiguous,,direct_rfft_float64_8192_8_contiguous_,0.13482515491,0.134142705882,0.000343310651693,5,187,ok,
final_v2,direct,rfft,float64,8192,64,contiguous,,direct_rfft_float64_8192_64_contiguous_,0.990404153708,0.984775653342,0.00298205413856,5,20,ok,
final_v2,direct,rfft,float64,8192,256,contiguous,,direct_rfft_float64_8192_256_contiguous_,4.37710680999,4.31253041606,0.0484643736854,5,5,ok,
final_v2,direct,rfft,float64,16384,1,contiguous,,direct_rfft_float64_16384_1_contiguous_,0.0782088452252,0.0779578747461,0.000250970479101,5,200,ok,
final_v2,direct,rfft,float64,16384,2,contiguous,,direct_rfft_float64_16384_2_contiguous_,0.116533060209,0.116217019968,0.000250969897024,5,200,ok,
final_v2,direct,rfft,float64,16384,8,contiguous,,direct_rfft_float64_16384_8_contiguous_,0.419479701668,0.411464297213,0.00079395249486,5,20,ok,
final_v2,direct,rfft,float64,16384,64,contiguous,,direct_rfft_float64_16384_64_contiguous_,3.20680500008,3.16580960061,0.0306710950099,5,10,ok,
final_v2,direct,rfft,float64,16384,256,contiguous,,direct_rfft_float64_16384_256_contiguous_,15.677390038,15.2449290035,0.289219024125,5,2,ok,
final_v2,direct,rfft,float64,32768,1,contiguous,,direct_rfft_float64_32768_1_contiguous_,0.214124939647,0.213204530756,0.000920408891271,5,115,ok,
final_v2,direct,rfft,float64,32768,2,contiguous,,direct_rfft_float64_32768_2_contiguous_,0.246534033187,0.245708988846,0.000787396137449,5,91,ok,
final_v2,direct,rfft,float64,32768,8,contiguous,,direct_rfft_float64_32768_8_contiguous_,0.946756300982,0.943291845033,0.00138955074362,5,20,ok,
final_v2,direct,rfft,float64,32768,64,contiguous,,direct_rfft_float64_32768_64_contiguous_,7.94034448336,7.88819472655,0.0521497568116,5,4,ok,
final_v2,direct,rfft,float64,32768,256,contiguous,,direct_rfft_float64_32768_256_contiguous_,35.8147519873,35.6422800105,0.0945169012994,5,1,ok,
final_v2,direct,rfft,float64,65536,1,contiguous,,direct_rfft_float64_65536_1_contiguous_,0.479688804012,0.478265569637,0.000912883300699,5,51,ok,
final_v2,direct,rfft,float64,65536,2,contiguous,,direct_rfft_float64_65536_2_contiguous_,0.519563752459,0.517922150902,0.00116764567792,5,20,ok,
final_v2,direct,rfft,float64,65536,8,contiguous,,direct_rfft_float64_65536_8_contiguous_,2.02420593996,2.01341581123,0.00301805994241,5,16,ok,
final_v2,direct,rfft,float64,65536,64,contiguous,,direct_rfft_float64_65536_64_contiguous_,19.0095440485,18.9850489842,0.0244950642809,5,1,ok,
final_v2,direct,rfft,float64,65536,256,contiguous,,direct_rfft_float64_65536_256_contiguous_,76.8610220402,75.5027210107,0.533033977263,5,1,ok,
final_v2,direct,irfft,complex64,1024,1,contiguous,,direct_irfft_complex64_1024_1_contiguous_,0.00973324539761,0.0095040720577,9.64185843865e-05,7,750,ok,
final_v2,direct,irfft,complex64,1024,2,contiguous,,direct_irfft_complex64_1024_2_contiguous_,0.0104786484516,0.010392389082,7.39562428443e-05,7,956,ok,
final_v2,direct,irfft,complex64,1024,8,contiguous,,direct_irfft_complex64_1024_8_contiguous_,0.0167855800828,0.0164342252538,0.000341290142387,7,200,ok,
final_v2,direct,irfft,complex64,1024,64,contiguous,,direct_irfft_complex64_1024_64_contiguous_,0.084806085215,0.0842753000325,0.000116715091281,7,200,ok,
final_v2,direct,irfft,complex64,1024,256,contiguous,,direct_irfft_complex64_1024_256_contiguous_,0.325473002158,0.322090752888,0.000908249057829,7,20,ok,
final_v2,direct,irfft,complex64,2048,1,contiguous,,direct_irfft_complex64_2048_1_contiguous_,0.0153268973861,0.0147969243991,0.000302133358215,7,847,ok,
final_v2,direct,irfft,complex64,2048,2,contiguous,,direct_irfft_complex64_2048_2_contiguous_,0.0162771347036,0.0161562992425,9.21169891447e-05,7,735,ok,
final_v2,direct,irfft,complex64,2048,8,contiguous,,direct_irfft_complex64_2048_8_contiguous_,0.0302084948635,0.0299671449466,0.000215850304812,7,200,ok,
final_v2,direct,irfft,complex64,2048,64,contiguous,,direct_irfft_complex64_2048_64_contiguous_,0.189004698768,0.188187201275,0.000345153966919,7,20,ok,
final_v2,direct,irfft,complex64,2048,256,contiguous,,direct_irfft_complex64_2048_256_contiguous_,0.73166799848,0.725968350889,0.00485554919578,7,20,ok,
final_v2,direct,irfft,complex64,3072,1,contiguous,,direct_irfft_complex64_3072_1_contiguous_,0.0205279665273,0.0203702126082,0.000103531902233,7,626,ok,
final_v2,direct,irfft,complex64,3072,2,contiguous,,direct_irfft_complex64_3072_2_contiguous_,0.0226442998974,0.0225527747534,7.18847149983e-05,7,200,ok,
final_v2,direct,irfft,complex64,3072,8,contiguous,,direct_irfft_complex64_3072_8_contiguous_,0.0416418496752,0.0415667099878,4.97454311699e-05,7,200,ok,
final_v2,direct,irfft,complex64,3072,64,contiguous,,direct_irfft_complex64_3072_64_contiguous_,0.279402150773,0.278571149101,0.000831001671031,7,20,ok,
final_v2,direct,irfft,complex64,3072,256,contiguous,,direct_irfft_complex64_3072_256_contiguous_,1.11499379855,1.08048549737,0.0210376980249,7,20,ok,
final_v2,direct,irfft,complex64,3584,1,contiguous,,direct_irfft_complex64_3584_1_contiguous_,0.0210674548209,0.0207974124377,0.000249175097567,7,543,ok,
final_v2,direct,irfft,complex64,3584,2,contiguous,,direct_irfft_complex64_3584_2_contiguous_,0.0336629798403,0.0335705600446,3.67203028873e-05,7,200,ok,
final_v2,direct,irfft,complex64,3584,8,contiguous,,direct_irfft_complex64_3584_8_contiguous_,0.0614193052752,0.0612637703307,0.000155534944497,7,200,ok,
final_v2,direct,irfft,complex64,3584,64,contiguous,,direct_irfft_complex64_3584_64_contiguous_,0.417596695479,0.417174398899,0.000422296579927,7,20,ok,
final_v2,direct,irfft,complex64,3584,256,contiguous,,direct_irfft_complex64_3584_256_contiguous_,1.65000385023,1.63981984952,0.0037515477743,7,20,ok,
final_v2,direct,irfft,complex64,4095,1,contiguous,,direct_irfft_complex64_4095_1_contiguous_,0.0568847087125,0.0556349313181,0.00083272492415,7,247,ok,
final_v2,direct,irfft,complex64,4095,2,contiguous,,direct_irfft_complex64_4095_2_contiguous_,0.0925867899787,0.0919791049091,0.000553934951313,7,200,ok,
final_v2,direct,irfft,complex64,4095,8,contiguous,,direct_irfft_complex64_4095_8_contiguous_,0.145035569805,0.14401692491,0.000181854946192,7,172,ok,
final_v2,direct,irfft,complex64,4095,64,contiguous,,direct_irfft_complex64_4095_64_contiguous_,1.08942214865,1.08541469672,0.00185944954865,7,20,ok,
final_v2,direct,irfft,complex64,4095,256,contiguous,,direct_irfft_complex64_4095_256_contiguous_,4.32831337093,4.29372400686,0.0192471197806,7,8,ok,
final_v2,direct,irfft,complex64,4096,1,contiguous,,direct_irfft_complex64_4096_1_contiguous_,0.0246517349485,0.0245751419342,6.44373330297e-05,7,521,ok,
final_v2,direct,irfft,complex64,4096,2,contiguous,,direct_irfft_complex64_4096_2_contiguous_,0.0279831001535,0.0279210298322,5.41948247701e-05,7,200,ok,
final_v2,direct,irfft,complex64,4096,8,contiguous,,direct_irfft_complex64_4096_8_contiguous_,0.0556157447863,0.0555305351736,8.52096127346e-05,7,200,ok,
final_v2,direct,irfft,complex64,4096,64,contiguous,,direct_irfft_complex64_4096_64_contiguous_,0.376173504628,0.374859600561,0.000571046257392,7,20,ok,
final_v2,direct,irfft,complex64,4096,256,contiguous,,direct_irfft_complex64_4096_256_contiguous_,1.47847014596,1.47575960145,0.00202225055546,7,20,ok,
final_v2,direct,irfft,complex64,4097,1,contiguous,,direct_irfft_complex64_4097_1_contiguous_,0.024693965097,0.0245980900945,9.58750024438e-05,5,200,ok,
final_v2,direct,irfft,complex64,4097,2,contiguous,,direct_irfft_complex64_4097_2_contiguous_,0.0280518247746,0.0279848504579,3.95701499656e-05,5,200,ok,
final_v2,direct,irfft,complex64,4097,8,contiguous,,direct_irfft_complex64_4097_8_contiguous_,0.0553907750873,0.0553596596001,3.11154872179e-05,5,200,ok,
final_v2,direct,irfft,complex64,4097,64,contiguous,,direct_irfft_complex64_4097_64_contiguous_,0.376320298528,0.375151599292,0.00114610302262,5,20,ok,
final_v2,direct,irfft,complex64,4097,256,contiguous,,direct_irfft_complex64_4097_256_contiguous_,1.48251859937,1.48138059303,0.00113800633699,5,5,ok,
final_v2,direct,irfft,complex64,4608,1,contiguous,,direct_irfft_complex64_4608_1_contiguous_,0.0300834147492,0.0299845798872,7.18800583854e-05,5,200,ok,
final_v2,direct,irfft,complex64,4608,2,contiguous,,direct_irfft_complex64_4608_2_contiguous_,0.033990489901,0.0339493149659,4.1174935177e-05,5,200,ok,
final_v2,direct,irfft,complex64,4608,8,contiguous,,direct_irfft_complex64_4608_8_contiguous_,0.062942794757,0.0628023350146,0.000140459742397,5,200,ok,
final_v2,direct,irfft,complex64,4608,64,contiguous,,direct_irfft_complex64_4608_64_contiguous_,0.432721350808,0.431906851009,0.000814499799162,5,20,ok,
final_v2,direct,irfft,complex64,4608,256,contiguous,,direct_irfft_complex64_4608_256_contiguous_,1.69060840271,1.68323658872,0.00180138740689,5,5,ok,
final_v2,direct,irfft,complex64,8192,1,contiguous,,direct_irfft_complex64_8192_1_contiguous_,0.0483433401678,0.0479595753131,0.000132194836624,5,200,ok,
final_v2,direct,irfft,complex64,8192,2,contiguous,,direct_irfft_complex64_8192_2_contiguous_,0.0547339947661,0.0543386099162,0.000328909372911,5,200,ok,
final_v2,direct,irfft,complex64,8192,8,contiguous,,direct_irfft_complex64_8192_8_contiguous_,0.113435040112,0.112689950038,0.000293444609269,5,200,ok,
final_v2,direct,irfft,complex64,8192,64,contiguous,,direct_irfft_complex64_8192_64_contiguous_,0.80024774652,0.793763651745,0.00320150284097,5,20,ok,
final_v2,direct,irfft,complex64,8192,256,contiguous,,direct_irfft_complex64_8192_256_contiguous_,3.25433840044,3.22798760608,0.00688098371029,5,5,ok,
final_v2,direct,irfft,complex64,16384,1,contiguous,,direct_irfft_complex64_16384_1_contiguous_,0.0813148298766,0.0808286748361,0.000349954934791,5,200,ok,
final_v2,direct,irfft,complex64,16384,2,contiguous,,direct_irfft_complex64_16384_2_contiguous_,0.138759140182,0.138297719551,6.97922934726e-05,5,178,ok,
final_v2,direct,irfft,complex64,16384,8,contiguous,,direct_irfft_complex64_16384_8_contiguous_,0.280625955202,0.280195649248,0.000430305954069,5,20,ok,
final_v2,direct,irfft,complex64,16384,64,contiguous,,direct_irfft_complex64_16384_64_contiguous_,2.10736518784,2.09820249438,0.0080895042629,5,16,ok,
final_v2,direct,irfft,complex64,16384,256,contiguous,,direct_irfft_complex64_16384_256_contiguous_,8.71663598809,8.34179748199,0.176281260792,5,4,ok,
final_v2,direct,irfft,complex64,32768,1,contiguous,,direct_irfft_complex64_32768_1_contiguous_,0.171544710692,0.171313318424,0.000102192818843,5,135,ok,
final_v2,direct,irfft,complex64,32768,2,contiguous,,direct_irfft_complex64_32768_2_contiguous_,0.289905541408,0.289240326025,0.000588567815272,5,83,ok,
final_v2,direct,irfft,complex64,32768,8,contiguous,,direct_irfft_complex64_32768_8_contiguous_,0.625473051332,0.624059949769,0.000368698965758,5,20,ok,
final_v2,direct,irfft,complex64,32768,64,contiguous,,direct_irfft_complex64_32768_64_contiguous_,4.93880140129,4.93170639966,0.00709500163794,5,5,ok,
final_v2,direct,irfft,complex64,32768,256,contiguous,,direct_irfft_complex64_32768_256_contiguous_,22.1053339774,22.0089439536,0.0405861064792,5,1,ok,
final_v2,direct,irfft,complex64,65536,1,contiguous,,direct_irfft_complex64_65536_1_contiguous_,0.345722985336,0.344557013743,0.000886310836379,5,71,ok,
final_v2,direct,irfft,complex64,65536,2,contiguous,,direct_irfft_complex64_65536_2_contiguous_,0.618279149057,0.613839447033,0.00396039686166,5,20,ok,
final_v2,direct,irfft,complex64,65536,8,contiguous,,direct_irfft_complex64_65536_8_contiguous_,1.32515844889,1.32235475467,0.00263039837591,5,20,ok,
final_v2,direct,irfft,complex64,65536,64,contiguous,,direct_irfft_complex64_65536_64_contiguous_,10.5978593153,10.5399246871,0.0426693198582,5,3,ok,
final_v2,direct,irfft,complex64,65536,256,contiguous,,direct_irfft_complex64_65536_256_contiguous_,45.2347560786,45.1234680368,0.111288041808,5,1,ok,
final_v2,direct,irfft,complex128,1024,1,contiguous,,direct_irfft_complex128_1024_1_contiguous_,0.00884128345161,0.00875372169087,1.32641591026e-05,7,988,ok,
final_v2,direct,irfft,complex128,1024,2,contiguous,,direct_irfft_complex128_1024_2_contiguous_,0.0097296815036,0.00969873964488,2.40041136039e-05,7,1187,ok,
final_v2,direct,irfft,complex128,1024,8,contiguous,,direct_irfft_complex128_1024_8_contiguous_,0.0197519600624,0.0196540303295,1.43254874274e-05,7,200,ok,
final_v2,direct,irfft,complex128,1024,64,contiguous,,direct_irfft_complex128_1024_64_contiguous_,0.110679405043,0.110366020235,0.000168164842762,7,200,ok,
final_v2,direct,irfft,complex128,1024,256,contiguous,,direct_irfft_complex128_1024_256_contiguous_,0.41959794471,0.418202800211,0.000725343124941,7,20,ok,
final_v2,direct,irfft,complex128,2048,1,contiguous,,direct_irfft_complex128_2048_1_contiguous_,0.0130406284313,0.0129517778068,3.82621625536e-05,7,950,ok,
final_v2,direct,irfft,complex128,2048,2,contiguous,,direct_irfft_complex128_2048_2_contiguous_,0.0155119928052,0.0154463326142,1.98457488104e-05,7,836,ok,
final_v2,direct,irfft,complex128,2048,8,contiguous,,direct_irfft_complex128_2048_8_contiguous_,0.0400097103557,0.0399209948955,5.23950438946e-05,7,200,ok,
final_v2,direct,irfft,complex128,2048,64,contiguous,,direct_irfft_complex128_2048_64_contiguous_,0.262368953554,0.260604644427,0.000599649501964,7,20,ok,
final_v2,direct,irfft,complex128,2048,256,contiguous,,direct_irfft_complex128_2048_256_contiguous_,1.0199982964,1.01744455169,0.000491447281092,7,20,ok,
final_v2,direct,irfft,complex128,3072,1,contiguous,,direct_irfft_complex128_3072_1_contiguous_,0.0181390456585,0.0179128131712,6.23443497559e-05,7,723,ok,
final_v2,direct,irfft,complex128,3072,2,contiguous,,direct_irfft_complex128_3072_2_contiguous_,0.0203895452432,0.0201854697661,5.19951572642e-05,7,200,ok,
final_v2,direct,irfft,complex128,3072,8,contiguous,,direct_irfft_complex128_3072_8_contiguous_,0.0562810298288,0.0560988904908,0.000173120643012,7,200,ok,
final_v2,direct,irfft,complex128,3072,64,contiguous,,direct_irfft_complex128_3072_64_contiguous_,0.383071851684,0.382094003726,0.000887643545866,7,20,ok,
final_v2,direct,irfft,complex128,3072,256,contiguous,,direct_irfft_complex128_3072_256_contiguous_,1.5054424468,1.5020741499,0.00169319682755,7,20,ok,
final_v2,direct,irfft,complex128,3584,1,contiguous,,direct_irfft_complex128_3584_1_contiguous_,0.0203138106707,0.020185110823,4.490043663e-05,7,623,ok,
final_v2,direct,irfft,complex128,3584,2,contiguous,,direct_irfft_complex128_3584_2_contiguous_,0.0295792199904,0.0295661948621,1.04698119685e-05,7,200,ok,
final_v2,direct,irfft,complex128,3584,8,contiguous,,direct_irfft_complex128_3584_8_contiguous_,0.0902811897686,0.0902151199989,5.48548996449e-05,7,200,ok,
final_v2,direct,irfft,complex128,3584,64,contiguous,,direct_irfft_complex128_3584_64_contiguous_,0.664887047606,0.662695401115,0.000924745108932,7,20,ok,
final_v2,direct,irfft,complex128,3584,256,contiguous,,direct_irfft_complex128_3584_256_contiguous_,2.5713293849,2.56374753259,0.00385800376534,7,13,ok,
final_v2,direct,irfft,complex128,4095,1,contiguous,,direct_irfft_complex128_4095_1_contiguous_,0.0455323247941,0.0453594129258,0.000136515095097,7,305,ok,
final_v2,direct,irfft,complex128,4095,2,contiguous,,direct_irfft_complex128_4095_2_contiguous_,0.0706511095632,0.0705301848939,4.62355092168e-05,7,200,ok,
final_v2,direct,irfft,complex128,4095,8,contiguous,,direct_irfft_complex128_4095_8_contiguous_,0.252750569514,0.25257669885,0.00017387066437,7,93,ok,
final_v2,direct,irfft,complex128,4095,64,contiguous,,direct_irfft_complex128_4095_64_contiguous_,1.9388855298,1.93471182138,0.00173741650275,7,17,ok,
final_v2,direct,irfft,complex128,4095,256,contiguous,,direct_irfft_complex128_4095_256_contiguous_,7.95925725834,7.91125523392,0.0154337612912,7,4,ok,
final_v2,direct,irfft,complex128,4096,1,contiguous,,direct_irfft_complex128_4096_1_contiguous_,0.0220709256167,0.0219976991994,4.57093355598e-05,7,592,ok,
final_v2,direct,irfft,complex128,4096,2,contiguous,,direct_irfft_complex128_4096_2_contiguous_,0.0255913403817,0.0255570298759,3.43105057254e-05,7,200,ok,
final_v2,direct,irfft,complex128,4096,8,contiguous,,direct_irfft_complex128_4096_8_contiguous_,0.0755402701907,0.0753119954607,8.83644679561e-05,7,200,ok,
final_v2,direct,irfft,complex128,4096,64,contiguous,,direct_irfft_complex128_4096_64_contiguous_,0.529122550506,0.528884102823,0.000163749791682,7,20,ok,
final_v2,direct,irfft,complex128,4096,256,contiguous,,direct_irfft_complex128_4096_256_contiguous_,2.13767300011,2.12120480865,0.00293675111607,7,16,ok,
final_v2,direct,irfft,complex128,4097,1,contiguous,,direct_irfft_complex128_4097_1_contiguous_,0.0353220698889,0.0228580948897,0.000827544718049,5,200,ok,
final_v2,direct,irfft,complex128,4097,2,contiguous,,direct_irfft_complex128_4097_2_contiguous_,0.0400098599494,0.0399733398808,3.65200685337e-05,5,200,ok,
final_v2,direct,irfft,complex128,4097,8,contiguous,,direct_irfft_complex128_4097_8_contiguous_,0.0779286248144,0.0774634047411,0.000465220073238,5,200,ok,
final_v2,direct,irfft,complex128,4097,64,contiguous,,direct_irfft_complex128_4097_64_contiguous_,0.529993145028,0.529542803997,0.000450341030955,5,20,ok,
final_v2,direct,irfft,complex128,4097,256,contiguous,,direct_irfft_complex128_4097_256_contiguous_,2.16234761756,2.14693080634,0.0154168112203,5,5,ok,
final_v2,direct,irfft,complex128,4608,1,contiguous,,direct_irfft_complex128_4608_1_contiguous_,0.0250866997521,0.024855415104,8.79651634023e-05,5,200,ok,
final_v2,direct,irfft,complex128,4608,2,contiguous,,direct_irfft_complex128_4608_2_contiguous_,0.0292308197822,0.0288087350782,0.000148380058818,5,200,ok,
final_v2,direct,irfft,complex128,4608,8,contiguous,,direct_irfft_complex128_4608_8_contiguous_,0.0862978649093,0.0854583550245,0.000839509884827,5,200,ok,
final_v2,direct,irfft,complex128,4608,64,contiguous,,direct_irfft_complex128_4608_64_contiguous_,0.615270604612,0.6134671974,0.00180340721272,5,20,ok,
final_v2,direct,irfft,complex128,4608,256,contiguous,,direct_irfft_complex128_4608_256_contiguous_,2.49644618016,2.44426301215,0.0213356222957,5,5,ok,
final_v2,direct,irfft,complex128,8192,1,contiguous,,direct_irfft_complex128_8192_1_contiguous_,0.0423050351674,0.0422242394416,8.07957258075e-05,5,200,ok,
final_v2,direct,irfft,complex128,8192,2,contiguous,,direct_irfft_complex128_8192_2_contiguous_,0.0502573052654,0.0499547453364,4.07744664699e-05,5,200,ok,
final_v2,direct,irfft,complex128,8192,8,contiguous,,direct_irfft_complex128_8192_8_contiguous_,0.158461897324,0.15830770523,0.00015419209376,5,156,ok,
final_v2,direct,irfft,complex128,8192,64,contiguous,,direct_irfft_complex128_8192_64_contiguous_,1.14371429663,1.14169004955,0.00202424707823,5,20,ok,
final_v2,direct,irfft,complex128,8192,256,contiguous,,direct_irfft_complex128_8192_256_contiguous_,5.03319699783,4.73866550601,0.294531491818,5,4,ok,
final_v2,direct,irfft,complex128,16384,1,contiguous,,direct_irfft_complex128_16384_1_contiguous_,0.0842481449945,0.0834045751253,0.000682619865984,5,200,ok,
final_v2,direct,irfft,complex128,16384,2,contiguous,,direct_irfft_complex128_16384_2_contiguous_,0.126323109248,0.126165770442,0.00015733880627,5,183,ok,
final_v2,direct,irfft,complex128,16384,8,contiguous,,direct_irfft_complex128_16384_8_contiguous_,0.433604500722,0.432111747796,0.000353198265657,5,20,ok,
final_v2,direct,irfft,complex128,16384,64,contiguous,,direct_irfft_complex128_16384_64_contiguous_,3.3605304081,3.34988960531,0.0106408027932,5,10,ok,
final_v2,direct,irfft,complex128,16384,256,contiguous,,direct_irfft_complex128_16384_256_contiguous_,16.5624745423,16.407195013,0.129160995129,5,2,ok,
final_v2,direct,irfft,complex128,32768,1,contiguous,,direct_irfft_complex128_32768_1_contiguous_,0.225490114341,0.224962942524,0.000407323906464,5,105,ok,
final_v2,direct,irfft,complex128,32768,2,contiguous,,direct_irfft_complex128_32768_2_contiguous_,0.264349290901,0.262978345266,0.000398055279768,5,93,ok,
final_v2,direct,irfft,complex128,32768,8,contiguous,,direct_irfft_complex128_32768_8_contiguous_,1.02180165122,1.01653535385,0.00198669731617,5,20,ok,
final_v2,direct,irfft,complex128,32768,64,contiguous,,direct_irfft_complex128_32768_64_contiguous_,8.59455348109,8.47779601463,0.0496902794112,5,4,ok,
final_v2,direct,irfft,complex128,32768,256,contiguous,,direct_irfft_complex128_32768_256_contiguous_,37.5539419474,37.3733059969,0.164797995239,5,1,ok,
final_v2,direct,irfft,complex128,65536,1,contiguous,,direct_irfft_complex128_65536_1_contiguous_,0.500293940363,0.499353815364,0.000940124998439,5,49,ok,
final_v2,direct,irfft,complex128,65536,2,contiguous,,direct_irfft_complex128_65536_2_contiguous_,0.555119500495,0.553233950632,0.0018855498638,5,20,ok,
final_v2,direct,irfft,complex128,65536,8,contiguous,,direct_irfft_complex128_65536_8_contiguous_,2.18778325507,2.1792348125,7.76199158281e-05,5,16,ok,
final_v2,direct,irfft,complex128,65536,64,contiguous,,direct_irfft_complex128_65536_64_contiguous_,20.3683869913,19.969734014,0.39393408224,5,1,ok,
final_v2,direct,irfft,complex128,65536,256,contiguous,,direct_irfft_complex128_65536_256_contiguous_,78.8357920246,78.1405559974,0.61353307683,5,1,ok,
