candidate,group,operation,dtype,n,batch,layout,variant,case_id,median_ms,best_ms,mad_ms,samples,loops,status,notes
old_v3,direct,fft,complex64,1024,1,contiguous,,direct_fft_complex64_1024_1_contiguous_,0.0100040858627,0.00987489887712,9.91744061524e-05,7,722,ok,
old_v3,direct,fft,complex64,1024,2,contiguous,,direct_fft_complex64_1024_2_contiguous_,0.0148423209095,0.0147644883173,7.68339692135e-05,7,813,ok,
old_v3,direct,fft,complex64,1024,8,contiguous,,direct_fft_complex64_1024_8_contiguous_,0.148498018964,0.147902245342,0.000595773621662,7,163,ok,
old_v3,direct,fft,complex64,1024,64,contiguous,,direct_fft_complex64_1024_64_contiguous_,0.979329398833,0.972880562767,0.00350331887603,7,25,ok,
old_v3,direct,fft,complex64,1024,256,contiguous,,direct_fft_complex64_1024_256_contiguous_,2.42621485709,2.41249785592,0.0111822903688,7,14,ok,
old_v3,direct,fft,complex64,2048,1,contiguous,,direct_fft_complex64_2048_1_contiguous_,0.0173444632152,0.017208989287,9.44873193401e-05,7,747,ok,
old_v3,direct,fft,complex64,2048,2,contiguous,,direct_fft_complex64_2048_2_contiguous_,0.0289219118758,0.0287726360082,2.06750278611e-05,7,489,ok,
old_v3,direct,fft,complex64,2048,8,contiguous,,direct_fft_complex64_2048_8_contiguous_,0.0631858996348,0.0625286699506,0.000657229684293,7,200,ok,
old_v3,direct,fft,complex64,2048,64,contiguous,,direct_fft_complex64_2048_64_contiguous_,0.440669700038,0.436376652215,0.00328009482473,7,20,ok,
old_v3,direct,fft,complex64,2048,256,contiguous,,direct_fft_complex64_2048_256_contiguous_,3.7608184253,3.63329357268,0.109986435356,7,7,ok,
old_v3,direct,fft,complex64,3072,1,contiguous,,direct_fft_complex64_3072_1_contiguous_,0.0230347673527,0.0228168478665,0.000217919486153,7,559,ok,
old_v3,direct,fft,complex64,3072,2,contiguous,,direct_fft_complex64_3072_2_contiguous_,0.0386656553019,0.0385042547714,0.00010990537703,7,200,ok,
old_v3,direct,fft,complex64,3072,8,contiguous,,direct_fft_complex64_3072_8_contiguous_,0.0951449549757,0.0938580051297,0.00101113459095,7,200,ok,
old_v3,direct,fft,complex64,3072,64,contiguous,,direct_fft_complex64_3072_64_contiguous_,0.704593001865,0.701405096333,0.00211345031857,7,20,ok,
old_v3,direct,fft,complex64,3072,256,contiguous,,direct_fft_complex64_3072_256_contiguous_,5.54318316669,5.48187550157,0.0449788252202,7,6,ok,
old_v3,direct,fft,complex64,3584,1,contiguous,,direct_fft_complex64_3584_1_contiguous_,0.0248545159896,0.024612018806,0.000107701697577,7,372,ok,
old_v3,direct,fft,complex64,3584,2,contiguous,,direct_fft_complex64_3584_2_contiguous_,0.0422181253089,0.0419026851887,0.00027371046599,7,200,ok,
old_v3,direct,fft,complex64,3584,8,contiguous,,direct_fft_complex64_3584_8_contiguous_,0.102455929737,0.102268030168,0.000187899568118,7,200,ok,
old_v3,direct,fft,complex64,3584,64,contiguous,,direct_fft_complex64_3584_64_contiguous_,0.840809353394,0.835599150741,0.00358120305464,7,20,ok,
old_v3,direct,fft,complex64,3584,256,contiguous,,direct_fft_complex64_3584_256_contiguous_,6.50892939884,6.4176633954,0.04277380649,7,5,ok,
old_v3,direct,fft,complex64,4095,1,contiguous,,direct_fft_complex64_4095_1_contiguous_,0.0349847667279,0.0345652171438,1.51205713044e-05,7,373,ok,
old_v3,direct,fft,complex64,4095,2,contiguous,,direct_fft_complex64_4095_2_contiguous_,0.0619257998187,0.0616389146307,0.000220105284825,7,200,ok,
old_v3,direct,fft,complex64,4095,8,contiguous,,direct_fft_complex64_4095_8_contiguous_,0.148144784881,0.14758841106,0.000242349560275,7,163,ok,
old_v3,direct,fft,complex64,4095,64,contiguous,,direct_fft_complex64_4095_64_contiguous_,1.1469488556,1.13955555134,0.00464010518044,7,20,ok,
old_v3,direct,fft,complex64,4095,256,contiguous,,direct_fft_complex64_4095_256_contiguous_,8.71651576017,8.58104348299,0.0733012566343,7,4,ok,
old_v3,direct,fft,complex64,4096,1,contiguous,,direct_fft_complex64_4096_1_contiguous_,0.0321738641185,0.0321024927668,3.31430465381e-05,7,412,ok,
old_v3,direct,fft,complex64,4096,2,contiguous,,direct_fft_complex64_4096_2_contiguous_,0.0578901800327,0.0571821100311,0.000214955070987,7,200,ok,
old_v3,direct,fft,complex64,4096,8,contiguous,,direct_fft_complex64_4096_8_contiguous_,0.128418162987,0.128050313011,0.000367849975465,7,166,ok,
old_v3,direct,fft,complex64,4096,64,contiguous,,direct_fft_complex64_4096_64_contiguous_,0.9472531965,0.941761495778,0.00372399808839,7,20,ok,
old_v3,direct,fft,complex64,4096,256,contiguous,,direct_fft_complex64_4096_256_contiguous_,7.7032650006,7.60549548431,0.0310679897666,7,4,ok,
old_v3,direct,fft,complex64,4097,1,contiguous,,direct_fft_complex64_4097_1_contiguous_,0.15430072159,0.153419608713,0.000728774562922,5,151,ok,
old_v3,direct,fft,complex64,4097,2,contiguous,,direct_fft_complex64_4097_2_contiguous_,0.251446206113,0.249771535704,0.000975329966582,5,97,ok,
old_v3,direct,fft,complex64,4097,8,contiguous,,direct_fft_complex64_4097_8_contiguous_,0.429860260338,0.426177799236,0.00243474030867,5,50,ok,
old_v3,direct,fft,complex64,4097,64,contiguous,,direct_fft_complex64_4097_64_contiguous_,2.9716020958,2.95116045428,0.0146364539184,5,11,ok,
old_v3,direct,fft,complex64,4097,256,contiguous,,direct_fft_complex64_4097_256_contiguous_,16.6197865037,16.2797325174,0.23369549308,5,2,ok,
old_v3,direct,fft,complex64,4608,1,contiguous,,direct_fft_complex64_4608_1_contiguous_,0.0331179704517,0.0327766302507,0.000263889669441,5,200,ok,
old_v3,direct,fft,complex64,4608,2,contiguous,,direct_fft_complex64_4608_2_contiguous_,0.0568177347304,0.0565511354944,0.000130140106194,5,200,ok,
old_v3,direct,fft,complex64,4608,8,contiguous,,direct_fft_complex64_4608_8_contiguous_,0.157432263627,0.156497957909,0.000263756697273,5,144,ok,
old_v3,direct,fft,complex64,4608,64,contiguous,,direct_fft_complex64_4608_64_contiguous_,1.2045266456,1.19772800244,0.00581634230912,5,20,ok,
old_v3,direct,fft,complex64,4608,256,contiguous,,direct_fft_complex64_4608_256_contiguous_,9.40029098031,9.11046436522,0.0893796871727,5,3,ok,
old_v3,direct,fft,complex64,8192,1,contiguous,,direct_fft_complex64_8192_1_contiguous_,0.0708161201328,0.0705343898153,0.000278475345112,5,200,ok,
old_v3,direct,fft,complex64,8192,2,contiguous,,direct_fft_complex64_8192_2_contiguous_,0.12859437993,0.128207406306,9.88808703065e-05,5,192,ok,
old_v3,direct,fft,complex64,8192,8,contiguous,,direct_fft_complex64_8192_8_contiguous_,0.293211542469,0.292508086256,0.000592828395643,5,70,ok,
old_v3,direct,fft,complex64,8192,64,contiguous,,direct_fft_complex64_8192_64_contiguous_,2.42846907349,2.40112742176,0.0100873543748,5,14,ok,
old_v3,direct,fft,complex64,8192,256,contiguous,,direct_fft_complex64_8192_256_contiguous_,15.7009889954,15.513263992,0.187725003343,5,2,ok,
old_v3,direct,fft,complex64,16384,1,contiguous,,direct_fft_complex64_16384_1_contiguous_,0.141300398917,0.140743112535,0.000156541881595,5,168,ok,
old_v3,direct,fft,complex64,16384,2,contiguous,,direct_fft_complex64_16384_2_contiguous_,0.26438234794,0.262387446128,0.00180413000002,5,92,ok,
old_v3,direct,fft,complex64,16384,8,contiguous,,direct_fft_complex64_16384_8_contiguous_,0.621981546283,0.615996395936,0.00138454488479,5,20,ok,
old_v3,direct,fft,complex64,16384,64,contiguous,,direct_fft_complex64_16384_64_contiguous_,11.3519913284,11.288242337,0.0637489914273,5,3,ok,
old_v3,direct,fft,complex64,16384,256,contiguous,,direct_fft_complex64_16384_256_contiguous_,54.6257060487,54.5271220617,0.0648509012535,5,1,ok,
old_v3,direct,fft,complex64,32768,1,contiguous,,direct_fft_complex64_32768_1_contiguous_,0.806528298805,0.805073297427,0.00145500137781,5,30,ok,
old_v3,direct,fft,complex64,32768,2,contiguous,,direct_fft_complex64_32768_2_contiguous_,0.52643724355,0.520977533112,0.00266362136851,5,45,ok,
old_v3,direct,fft,complex64,32768,8,contiguous,,direct_fft_complex64_32768_8_contiguous_,1.34676870075,1.33224615129,0.00599914928898,5,20,ok,
old_v3,direct,fft,complex64,32768,64,contiguous,,direct_fft_complex64_32768_64_contiguous_,18.10346602,17.852819059,0.0900579616427,5,1,ok,
old_v3,direct,fft,complex64,32768,256,contiguous,,direct_fft_complex64_32768_256_contiguous_,68.1564010447,66.726385965,0.378123950213,5,1,ok,
old_v3,direct,fft,complex64,65536,1,contiguous,,direct_fft_complex64_65536_1_contiguous_,0.592177524231,0.589906799723,0.00174127635546,5,40,ok,
old_v3,direct,fft,complex64,65536,2,contiguous,,direct_fft_complex64_65536_2_contiguous_,1.13543439656,1.11992700258,0.0094200426247,5,20,ok,
old_v3,direct,fft,complex64,65536,8,contiguous,,direct_fft_complex64_65536_8_contiguous_,2.76972308833,2.71833233031,0.033160923825,5,12,ok,
old_v3,direct,fft,complex64,65536,64,contiguous,,direct_fft_complex64_65536_64_contiguous_,35.3283250006,35.0582220126,0.226082047448,5,1,ok,
old_v3,direct,fft,complex64,65536,256,contiguous,,direct_fft_complex64_65536_256_contiguous_,124.960096087,124.516098062,0.44399802573,5,1,ok,
old_v3,direct,fft,complex128,1024,1,contiguous,,direct_fft_complex128_1024_1_contiguous_,0.00879129248799,0.00875498374751,1.07794500936e-05,7,1224,ok,
old_v3,direct,fft,complex128,1024,2,contiguous,,direct_fft_complex128_1024_2_contiguous_,0.0127567284421,0.0126891372164,3.54969913218e-05,7,998,ok,
old_v3,direct,fft,complex128,1024,8,contiguous,,direct_fft_complex128_1024_8_contiguous_,0.0261539395433,0.0260765949497,7.51944025978e-05,7,200,ok,
old_v3,direct,fft,complex128,1024,64,contiguous,,direct_fft_complex128_1024_64_contiguous_,0.173181275992,0.172174253089,0.00100702290302,7,138,ok,
old_v3,direct,fft,complex128,1024,256,contiguous,,direct_fft_complex128_1024_256_contiguous_,0.668325449806,0.664838898228,0.00239645014517,7,20,ok,
old_v3,direct,fft,complex128,2048,1,contiguous,,direct_fft_complex128_2048_1_contiguous_,0.0163886850064,0.0163018865833,2.320666228e-05,7,803,ok,
old_v3,direct,fft,complex128,2048,2,contiguous,,direct_fft_complex128_2048_2_contiguous_,0.0265862413463,0.0265111113468,4.74544705094e-05,7,539,ok,
old_v3,direct,fft,complex128,2048,8,contiguous,,direct_fft_complex128_2048_8_contiguous_,0.0582110800315,0.0578941899585,0.000249164877459,7,200,ok,
old_v3,direct,fft,complex128,2048,64,contiguous,,direct_fft_complex128_2048_64_contiguous_,0.400427699788,0.39914129884,0.00112610287033,7,20,ok,
old_v3,direct,fft,complex128,2048,256,contiguous,,direct_fft_complex128_2048_256_contiguous_,1.63523305673,1.63038878849,0.00202695005818,7,19,ok,
old_v3,direct,fft,complex128,3072,1,contiguous,,direct_fft_complex128_3072_1_contiguous_,0.0209862893664,0.0208841701313,3.15911605794e-05,7,653,ok,
old_v3,direct,fft,complex128,3072,2,contiguous,,direct_fft_complex128_3072_2_contiguous_,0.0345449749148,0.0343895348487,0.000140014453791,7,200,ok,
old_v3,direct,fft,complex128,3072,8,contiguous,,direct_fft_complex128_3072_8_contiguous_,0.0856732053217,0.0846176350024,0.000481599709019,7,200,ok,
old_v3,direct,fft,complex128,3072,64,contiguous,,direct_fft_complex128_3072_64_contiguous_,0.623869604897,0.621074350784,0.00228324206546,7,20,ok,
old_v3,direct,fft,complex128,3072,256,contiguous,,direct_fft_complex128_3072_256_contiguous_,2.51421685187,2.49400922957,0.011310303727,7,13,ok,
old_v3,direct,fft,complex128,3584,1,contiguous,,direct_fft_complex128_3584_1_contiguous_,0.0222453804456,0.0222117242275,3.3656218094e-05,7,573,ok,
old_v3,direct,fft,complex128,3584,2,contiguous,,direct_fft_complex128_3584_2_contiguous_,0.0369340798352,0.0368815299589,5.25498762727e-05,7,200,ok,
old_v3,direct,fft,complex128,3584,8,contiguous,,direct_fft_complex128_3584_8_contiguous_,0.0981417903677,0.0976280798204,0.000262845424004,7,200,ok,
old_v3,direct,fft,complex128,3584,64,contiguous,,direct_fft_complex128_3584_64_contiguous_,0.725376250921,0.722026999574,0.000902148894966,7,20,ok,
old_v3,direct,fft,complex128,3584,256,contiguous,,direct_fft_complex128_3584_256_contiguous_,2.80783882111,2.78941727116,0.0145525396378,7,11,ok,
old_v3,direct,fft,complex128,4095,1,contiguous,,direct_fft_complex128_4095_1_contiguous_,0.0317973007327,0.0317274375926,1.13176186467e-05,7,409,ok,
old_v3,direct,fft,complex128,4095,2,contiguous,,direct_fft_complex128_4095_2_contiguous_,0.0558953097789,0.0557463348377,0.000135799637064,7,200,ok,
old_v3,direct,fft,complex128,4095,8,contiguous,,direct_fft_complex128_4095_8_contiguous_,0.135761730445,0.134561137312,0.000599192220022,7,182,ok,
old_v3,direct,fft,complex128,4095,64,contiguous,,direct_fft_complex128_4095_64_contiguous_,1.0317481996,1.02132424945,0.00934890122153,7,20,ok,
old_v3,direct,fft,complex128,4095,256,contiguous,,direct_fft_complex128_4095_256_contiguous_,4.16820750979,4.15249825164,0.0119973847177,7,8,ok,
old_v3,direct,fft,complex128,4096,1,contiguous,,direct_fft_complex128_4096_1_contiguous_,0.0297722433191,0.029541413044,0.000224636356247,7,448,ok,
old_v3,direct,fft,complex128,4096,2,contiguous,,direct_fft_complex128_4096_2_contiguous_,0.0525754253613,0.0524634151952,0.000110304681584,7,200,ok,
old_v3,direct,fft,complex128,4096,8,contiguous,,direct_fft_complex128_4096_8_contiguous_,0.119450750062,0.117237874656,0.00111071509309,7,200,ok,
old_v3,direct,fft,complex128,4096,64,contiguous,,direct_fft_complex128_4096_64_contiguous_,0.923727353802,0.912447849987,0.00664090039209,7,20,ok,
old_v3,direct,fft,complex128,4096,256,contiguous,,direct_fft_complex128_4096_256_contiguous_,3.76211189561,3.71196621563,0.00693844372614,7,9,ok,
old_v3,direct,fft,complex128,4097,1,contiguous,,direct_fft_complex128_4097_1_contiguous_,0.152890299078,0.152545506377,0.000344792701449,5,154,ok,
old_v3,direct,fft,complex128,4097,2,contiguous,,direct_fft_complex128_4097_2_contiguous_,0.244599736213,0.244156068291,0.000316960116227,5,102,ok,
old_v3,direct,fft,complex128,4097,8,contiguous,,direct_fft_complex128_4097_8_contiguous_,0.435586829828,0.416880811758,0.00753762191689,5,53,ok,
old_v3,direct,fft,complex128,4097,64,contiguous,,direct_fft_complex128_4097_64_contiguous_,3.12821490859,2.95705509118,0.00524891286411,5,11,ok,
old_v3,direct,fft,complex128,4097,256,contiguous,,direct_fft_complex128_4097_256_contiguous_,11.8800135097,11.8407499976,0.030106457416,5,2,ok,
old_v3,direct,fft,complex128,4608,1,contiguous,,direct_fft_complex128_4608_1_contiguous_,0.0298732699594,0.0297153252177,8.3104823716e-05,5,200,ok,
old_v3,direct,fft,complex128,4608,2,contiguous,,direct_fft_complex128_4608_2_contiguous_,0.0524475349812,0.0521566951647,0.000290839816444,5,200,ok,
old_v3,direct,fft,complex128,4608,8,contiguous,,direct_fft_complex128_4608_8_contiguous_,0.142761557657,0.142476373572,0.000277011596394,5,174,ok,
old_v3,direct,fft,complex128,4608,64,contiguous,,direct_fft_complex128_4608_64_contiguous_,1.08006775263,1.0630956036,0.0021765998099,5,20,ok,
old_v3,direct,fft,complex128,4608,256,contiguous,,direct_fft_complex128_4608_256_contiguous_,4.39960279036,4.3538373895,0.0451340107247,5,5,ok,
old_v3,direct,fft,complex128,8192,1,contiguous,,direct_fft_complex128_8192_1_contiguous_,0.0643902900629,0.0643249199493,6.53701135889e-05,5,200,ok,
old_v3,direct,fft,complex128,8192,2,contiguous,,direct_fft_complex128_8192_2_contiguous_,0.120911825215,0.120717205573,5.8010336943e-05,5,200,ok,
old_v3,direct,fft,complex128,8192,8,contiguous,,direct_fft_complex128_8192_8_contiguous_,0.273878770431,0.270422218881,0.00324397717185,5,87,ok,
old_v3,direct,fft,complex128,8192,64,contiguous,,direct_fft_complex128_8192_64_contiguous_,2.60876146002,2.5996414658,0.00807584729046,5,13,ok,
old_v3,direct,fft,complex128,8192,256,contiguous,,direct_fft_complex128_8192_256_contiguous_,10.1649226466,10.0325860161,0.110188343873,5,3,ok,
old_v3,direct,fft,complex128,16384,1,contiguous,,direct_fft_complex128_16384_1_contiguous_,0.130883040008,0.13057418949,8.86148077318e-05,5,174,ok,
old_v3,direct,fft,complex128,16384,2,contiguous,,direct_fft_complex128_16384_2_contiguous_,0.241821505202,0.241204048507,0.000617456694757,5,103,ok,
old_v3,direct,fft,complex128,16384,8,contiguous,,direct_fft_complex128_16384_8_contiguous_,1.19155150023,1.16488580243,0.010491500143,5,20,ok,
old_v3,direct,fft,complex128,16384,64,contiguous,,direct_fft_complex128_16384_64_contiguous_,5.08940417785,5.025278156,0.0641260218496,5,6,ok,
old_v3,direct,fft,complex128,16384,256,contiguous,,direct_fft_complex128_16384_256_contiguous_,23.4962449176,22.8991931072,0.126013997942,5,1,ok,
old_v3,direct,fft,complex128,32768,1,contiguous,,direct_fft_complex128_32768_1_contiguous_,0.292867262033,0.284371688031,0.00458617432741,5,80,ok,
old_v3,direct,fft,complex128,32768,2,contiguous,,direct_fft_complex128_32768_2_contiguous_,0.539031021459,0.537800913899,0.00123010755962,5,46,ok,
old_v3,direct,fft,complex128,32768,8,contiguous,,direct_fft_complex128_32768_8_contiguous_,1.19818285457,1.19226229726,0.00406709150411,5,20,ok,
old_v3,direct,fft,complex128,32768,64,contiguous,,direct_fft_complex128_32768_64_contiguous_,12.2076990083,12.1259519947,0.0304115237668,5,2,ok,
old_v3,direct,fft,complex128,32768,256,contiguous,,direct_fft_complex128_32768_256_contiguous_,46.7125700088,46.5155020356,0.197067973204,5,1,ok,
old_v3,direct,fft,complex128,65536,1,contiguous,,direct_fft_complex128_65536_1_contiguous_,0.564731932669,0.560492681953,0.00423925071531,5,44,ok,
old_v3,direct,fft,complex128,65536,2,contiguous,,direct_fft_complex128_65536_2_contiguous_,1.09256400028,1.08220469556,0.0049582507927,5,20,ok,
old_v3,direct,fft,complex128,65536,8,contiguous,,direct_fft_complex128_65536_8_contiguous_,2.36935666762,2.36642786767,0.00292879994959,5,15,ok,
old_v3,direct,fft,complex128,65536,64,contiguous,,direct_fft_complex128_65536_64_contiguous_,20.5091290409,20.4132209765,0.0919409794733,5,1,ok,
old_v3,direct,fft,complex128,65536,256,contiguous,,direct_fft_complex128_65536_256_contiguous_,80.6103689829,79.9112359527,0.699133030139,5,1,ok,
old_v3,direct,ifft,complex64,1024,1,contiguous,,direct_ifft_complex64_1024_1_contiguous_,0.0115530644994,0.0114570541548,7.71121572583e-05,7,775,ok,
old_v3,direct,ifft,complex64,1024,2,contiguous,,direct_ifft_complex64_1024_2_contiguous_,0.017646896287,0.0173713478906,9.22989270473e-05,7,733,ok,
old_v3,direct,ifft,complex64,1024,8,contiguous,,direct_ifft_complex64_1024_8_contiguous_,0.0228516350035,0.022473980207,0.000216204789467,7,200,ok,
old_v3,direct,ifft,complex64,1024,64,contiguous,,direct_ifft_complex64_1024_64_contiguous_,0.143535636813,0.142018899306,0.00151186627362,7,179,ok,
old_v3,direct,ifft,complex64,1024,256,contiguous,,direct_ifft_complex64_1024_256_contiguous_,0.543327501509,0.538215448614,0.00219010398723,7,20,ok,
old_v3,direct,ifft,complex64,2048,1,contiguous,,direct_ifft_complex64_2048_1_contiguous_,0.0202990121495,0.0200803778155,0.000185473456029,7,659,ok,
old_v3,direct,ifft,complex64,2048,2,contiguous,,direct_ifft_complex64_2048_2_contiguous_,0.0326345136738,0.0325369794287,5.00708146523e-05,7,438,ok,
old_v3,direct,ifft,complex64,2048,8,contiguous,,direct_ifft_complex64_2048_8_contiguous_,0.0472982903011,0.0463307352038,0.000699400552548,7,200,ok,
old_v3,direct,ifft,complex64,2048,64,contiguous,,direct_ifft_complex64_2048_64_contiguous_,0.289754004916,0.285930850077,0.00182695221156,7,20,ok,
old_v3,direct,ifft,complex64,2048,256,contiguous,,direct_ifft_complex64_2048_256_contiguous_,1.09299634933,1.08801905299,0.00355659867637,7,20,ok,
old_v3,direct,ifft,complex64,3072,1,contiguous,,direct_ifft_complex64_3072_1_contiguous_,0.0303506855772,0.0298220588517,0.000153713977558,7,458,ok,
old_v3,direct,ifft,complex64,3072,2,contiguous,,direct_ifft_complex64_3072_2_contiguous_,0.0527514546411,0.0522019300843,0.000307420268655,7,200,ok,
old_v3,direct,ifft,complex64,3072,8,contiguous,,direct_ifft_complex64_3072_8_contiguous_,0.0634770398028,0.0625522149494,0.000743784476072,7,200,ok,
old_v3,direct,ifft,complex64,3072,64,contiguous,,direct_ifft_complex64_3072_64_contiguous_,0.445424049394,0.440688751405,0.000494951382279,7,20,ok,
old_v3,direct,ifft,complex64,3072,256,contiguous,,direct_ifft_complex64_3072_256_contiguous_,1.70040875091,1.69445615029,0.00274959602393,7,20,ok,
old_v3,direct,ifft,complex64,3584,1,contiguous,,direct_ifft_complex64_3584_1_contiguous_,0.032681483069,0.0322742026596,4.10409000869e-05,7,414,ok,
old_v3,direct,ifft,complex64,3584,2,contiguous,,direct_ifft_complex64_3584_2_contiguous_,0.0569170649396,0.056086719851,0.000222664675675,7,200,ok,
old_v3,direct,ifft,complex64,3584,8,contiguous,,direct_ifft_complex64_3584_8_contiguous_,0.0753046351019,0.0746475101914,0.00029805523809,7,200,ok,
old_v3,direct,ifft,complex64,3584,64,contiguous,,direct_ifft_complex64_3584_64_contiguous_,0.505214498844,0.50111534656,0.00294850324281,7,20,ok,
old_v3,direct,ifft,complex64,3584,256,contiguous,,direct_ifft_complex64_3584_256_contiguous_,2.01282859095,1.99541264652,0.00809682259227,7,17,ok,
old_v3,direct,ifft,complex64,4095,1,contiguous,,direct_ifft_complex64_4095_1_contiguous_,0.0472322044327,0.0468658131892,0.000153675072772,7,289,ok,
old_v3,direct,ifft,complex64,4095,2,contiguous,,direct_ifft_complex64_4095_2_contiguous_,0.0843270501355,0.084012959851,0.000202429946512,7,200,ok,
old_v3,direct,ifft,complex64,4095,8,contiguous,,direct_ifft_complex64_4095_8_contiguous_,0.095060095191,0.094115434913,0.000671500456519,7,200,ok,
old_v3,direct,ifft,complex64,4095,64,contiguous,,direct_ifft_complex64_4095_64_contiguous_,0.68515779567,0.682011450408,0.00314634526148,7,20,ok,
old_v3,direct,ifft,complex64,4095,256,contiguous,,direct_ifft_complex64_4095_256_contiguous_,2.69508066898,2.67491641959,0.00569641512508,7,12,ok,
old_v3,direct,ifft,complex64,4096,1,contiguous,,direct_ifft_complex64_4096_1_contiguous_,0.0396532151009,0.0394340512203,0.000165379672145,7,353,ok,
old_v3,direct,ifft,complex64,4096,2,contiguous,,direct_ifft_complex64_4096_2_contiguous_,0.0696138251806,0.0687377451686,0.000381764839403,7,200,ok,
old_v3,direct,ifft,complex64,4096,8,contiguous,,direct_ifft_complex64_4096_8_contiguous_,0.0817800499499,0.0815522199264,0.000227830023505,7,200,ok,
old_v3,direct,ifft,complex64,4096,64,contiguous,,direct_ifft_complex64_4096_64_contiguous_,0.581674452405,0.571677350672,0.00286484719254,7,20,ok,
old_v3,direct,ifft,complex64,4096,256,contiguous,,direct_ifft_complex64_4096_256_contiguous_,2.30311453342,2.2935981319,0.00883373431861,7,15,ok,
old_v3,direct,ifft,complex64,4097,1,contiguous,,direct_ifft_complex64_4097_1_contiguous_,0.215330107104,0.214158821369,0.000814455103994,5,112,ok,
old_v3,direct,ifft,complex64,4097,2,contiguous,,direct_ifft_complex64_4097_2_contiguous_,0.348866972074,0.347338843026,0.000235727722091,5,70,ok,
old_v3,direct,ifft,complex64,4097,8,contiguous,,direct_ifft_complex64_4097_8_contiguous_,0.276310325892,0.275223361642,0.000973976868014,5,83,ok,
old_v3,direct,ifft,complex64,4097,64,contiguous,,direct_ifft_complex64_4097_64_contiguous_,1.6229258501,1.61311359843,0.00472129904665,5,20,ok,
old_v3,direct,ifft,complex64,4097,256,contiguous,,direct_ifft_complex64_4097_256_contiguous_,6.32250220515,6.26407722011,0.00293359626085,5,5,ok,
old_v3,direct,ifft,complex64,4608,1,contiguous,,direct_ifft_complex64_4608_1_contiguous_,0.0460262701381,0.0454529048875,7.91996717453e-05,5,200,ok,
old_v3,direct,ifft,complex64,4608,2,contiguous,,direct_ifft_complex64_4608_2_contiguous_,0.0812106899684,0.080833385,0.000228474964388,5,200,ok,
old_v3,direct,ifft,complex64,4608,8,contiguous,,direct_ifft_complex64_4608_8_contiguous_,0.100819530198,0.0994797848398,0.000144219957292,5,200,ok,
old_v3,direct,ifft,complex64,4608,64,contiguous,,direct_ifft_complex64_4608_64_contiguous_,0.708766299067,0.704106653575,0.00465964549221,5,20,ok,
old_v3,direct,ifft,complex64,4608,256,contiguous,,direct_ifft_complex64_4608_256_contiguous_,2.85223119427,2.83661000431,0.00651818700135,5,5,ok,
old_v3,direct,ifft,complex64,8192,1,contiguous,,direct_ifft_complex64_8192_1_contiguous_,0.0836111098761,0.0828902149806,0.000612690346316,5,200,ok,
old_v3,direct,ifft,complex64,8192,2,contiguous,,direct_ifft_complex64_8192_2_contiguous_,0.154827765625,0.153981000362,0.000723563223087,5,158,ok,
old_v3,direct,ifft,complex64,8192,8,contiguous,,direct_ifft_complex64_8192_8_contiguous_,0.172674101676,0.170997209827,0.000908724504752,5,138,ok,
old_v3,direct,ifft,complex64,8192,64,contiguous,,direct_ifft_complex64_8192_64_contiguous_,1.41693850164,1.39743215404,0.00682724639773,5,20,ok,
old_v3,direct,ifft,complex64,8192,256,contiguous,,direct_ifft_complex64_8192_256_contiguous_,5.29036459047,5.24229900911,0.0351374037564,5,5,ok,
old_v3,direct,ifft,complex64,16384,1,contiguous,,direct_ifft_complex64_16384_1_contiguous_,0.169888125746,0.169161034722,0.000706636933024,5,143,ok,
old_v3,direct,ifft,complex64,16384,2,contiguous,,direct_ifft_complex64_16384_2_contiguous_,0.320200367736,0.316293089344,0.000962037062626,5,79,ok,
old_v3,direct,ifft,complex64,16384,8,contiguous,,direct_ifft_complex64_16384_8_contiguous_,0.376461050473,0.375368999084,0.00108504900709,5,20,ok,
old_v3,direct,ifft,complex64,16384,64,contiguous,,direct_ifft_complex64_16384_64_contiguous_,2.89172053718,2.83115864096,0.0051332806999,5,11,ok,
old_v3,direct,ifft,complex64,16384,256,contiguous,,direct_ifft_complex64_16384_256_contiguous_,14.5318054711,14.4922764739,0.0395289971493,5,2,ok,
old_v3,direct,ifft,complex64,32768,1,contiguous,,direct_ifft_complex64_32768_1_contiguous_,0.378393292284,0.375021016225,0.00337227605856,5,65,ok,
old_v3,direct,ifft,complex64,32768,2,contiguous,,direct_ifft_complex64_32768_2_contiguous_,0.720940557692,0.715609732331,0.00100715003689,5,34,ok,
old_v3,direct,ifft,complex64,32768,8,contiguous,,direct_ifft_complex64_32768_8_contiguous_,0.789280352183,0.784089695662,0.00367185566574,5,20,ok,
old_v3,direct,ifft,complex64,32768,64,contiguous,,direct_ifft_complex64_32768_64_contiguous_,6.25377998222,6.22586400714,0.0279159750789,5,5,ok,
old_v3,direct,ifft,complex64,32768,256,contiguous,,direct_ifft_complex64_32768_256_contiguous_,30.5238510482,30.1217819797,0.238563981839,5,1,ok,
old_v3,direct,ifft,complex64,65536,1,contiguous,,direct_ifft_complex64_65536_1_contiguous_,0.769856531406,0.7611621877,0.00242203168455,5,32,ok,
old_v3,direct,ifft,complex64,65536,2,contiguous,,direct_ifft_complex64_65536_2_contiguous_,1.48128989968,1.47168299882,0.00209040008485,5,20,ok,
old_v3,direct,ifft,complex64,65536,8,contiguous,,direct_ifft_complex64_65536_8_contiguous_,1.43741715001,1.41934750136,0.00521074980497,5,20,ok,
old_v3,direct,ifft,complex64,65536,64,contiguous,,direct_ifft_complex64_65536_64_contiguous_,13.8711690088,13.7450094917,0.126159517094,5,2,ok,
old_v3,direct,ifft,complex64,65536,256,contiguous,,direct_ifft_complex64_65536_256_contiguous_,54.1636550333,53.7288950291,0.434760004282,5,1,ok,
old_v3,direct,ifft,complex128,1024,1,contiguous,,direct_ifft_complex128_1024_1_contiguous_,0.00988588029589,0.00978693595457,4.99778802843e-05,7,952,ok,
old_v3,direct,ifft,complex128,1024,2,contiguous,,direct_ifft_complex128_1024_2_contiguous_,0.0143263348411,0.0141940555862,3.4309881364e-05,7,881,ok,
old_v3,direct,ifft,complex128,1024,8,contiguous,,direct_ifft_complex128_1024_8_contiguous_,0.029357909807,0.0290721299825,6.91798049957e-05,7,200,ok,
old_v3,direct,ifft,complex128,1024,64,contiguous,,direct_ifft_complex128_1024_64_contiguous_,0.185093538871,0.18270277651,0.000675568858591,7,130,ok,
old_v3,direct,ifft,complex128,1024,256,contiguous,,direct_ifft_complex128_1024_256_contiguous_,0.707592099207,0.705369497882,0.000791501952335,7,20,ok,
old_v3,direct,ifft,complex128,2048,1,contiguous,,direct_ifft_complex128_2048_1_contiguous_,0.017645026198,0.0175511647089,1.6777958794e-05,7,765,ok,
old_v3,direct,ifft,complex128,2048,2,contiguous,,direct_ifft_complex128_2048_2_contiguous_,0.0279478403533,0.027693515455,3.62529542573e-05,7,514,ok,
old_v3,direct,ifft,complex128,2048,8,contiguous,,direct_ifft_complex128_2048_8_contiguous_,0.0638405652717,0.0634510902455,0.000172824366018,7,200,ok,
old_v3,direct,ifft,complex128,2048,64,contiguous,,direct_ifft_complex128_2048_64_contiguous_,0.453022698639,0.450586201623,0.000414298847318,7,20,ok,
old_v3,direct,ifft,complex128,2048,256,contiguous,,direct_ifft_complex128_2048_256_contiguous_,1.70779654873,1.70115914661,0.00490219681524,7,20,ok,
old_v3,direct,ifft,complex128,3072,1,contiguous,,direct_ifft_complex128_3072_1_contiguous_,0.0226970662004,0.0226672156516,2.98505487689e-05,7,589,ok,
old_v3,direct,ifft,complex128,3072,2,contiguous,,direct_ifft_complex128_3072_2_contiguous_,0.0380877801217,0.0370868155733,0.000936149735935,7,200,ok,
old_v3,direct,ifft,complex128,3072,8,contiguous,,direct_ifft_complex128_3072_8_contiguous_,0.0873577897437,0.0864392804215,0.00072690017987,7,200,ok,
old_v3,direct,ifft,complex128,3072,64,contiguous,,direct_ifft_complex128_3072_64_contiguous_,0.632401998155,0.626700848807,0.00284124980681,7,20,ok,
old_v3,direct,ifft,complex128,3072,256,contiguous,,direct_ifft_complex128_3072_256_contiguous_,2.54578484545,2.52404200056,0.0217428448825,7,13,ok,
old_v3,direct,ifft,complex128,3584,1,contiguous,,direct_ifft_complex128_3584_1_contiguous_,0.0236141138175,0.0234250792904,9.04746679757e-05,7,554,ok,
old_v3,direct,ifft,complex128,3584,2,contiguous,,direct_ifft_complex128_3584_2_contiguous_,0.0391266145743,0.0388577650301,0.000201074872166,7,200,ok,
old_v3,direct,ifft,complex128,3584,8,contiguous,,direct_ifft_complex128_3584_8_contiguous_,0.105368110235,0.103636279819,0.00126244500279,7,200,ok,
old_v3,direct,ifft,complex128,3584,64,contiguous,,direct_ifft_complex128_3584_64_contiguous_,0.802539550932,0.758203450823,0.0352667528205,7,20,ok,
old_v3,direct,ifft,complex128,3584,256,contiguous,,direct_ifft_complex128_3584_256_contiguous_,2.88959482515,2.84358446317,0.0265648969534,7,11,ok,
old_v3,direct,ifft,complex128,4095,1,contiguous,,direct_ifft_complex128_4095_1_contiguous_,0.0354800730449,0.0354416828052,1.65066830713e-05,7,369,ok,
old_v3,direct,ifft,complex128,4095,2,contiguous,,direct_ifft_complex128_4095_2_contiguous_,0.062995494809,0.0625150947599,0.000253220205195,7,200,ok,
old_v3,direct,ifft,complex128,4095,8,contiguous,,direct_ifft_complex128_4095_8_contiguous_,0.142994574967,0.141756580313,0.000670615144759,7,174,ok,
old_v3,direct,ifft,complex128,4095,64,contiguous,,direct_ifft_complex128_4095_64_contiguous_,1.10004195012,1.07878834824,0.0212536018807,7,20,ok,
old_v3,direct,ifft,complex128,4095,256,contiguous,,direct_ifft_complex128_4095_256_contiguous_,4.45552142004,4.43148671184,0.0240347082061,7,7,ok,
old_v3,direct,ifft,complex128,4096,1,contiguous,,direct_ifft_complex128_4096_1_contiguous_,0.0316833572493,0.0314021391495,0.000103695621844,7,417,ok,
old_v3,direct,ifft,complex128,4096,2,contiguous,,direct_ifft_complex128_4096_2_contiguous_,0.0548682000954,0.0543680199189,0.00032521027606,7,200,ok,
old_v3,direct,ifft,complex128,4096,8,contiguous,,direct_ifft_complex128_4096_8_contiguous_,0.128708888466,0.126806080893,0.000130466220004,7,135,ok,
old_v3,direct,ifft,complex128,4096,64,contiguous,,direct_ifft_complex128_4096_64_contiguous_,0.974531046813,0.973192095989,0.00124184880406,7,20,ok,
old_v3,direct,ifft,complex128,4096,256,contiguous,,direct_ifft_complex128_4096_256_contiguous_,4.0078862512,3.91099561239,0.0612930016359,7,8,ok,
old_v3,direct,ifft,complex128,4097,1,contiguous,,direct_ifft_complex128_4097_1_contiguous_,0.153165167919,0.153045012285,0.000120155633457,5,155,ok,
old_v3,direct,ifft,complex128,4097,2,contiguous,,direct_ifft_complex128_4097_2_contiguous_,0.252855960095,0.244748068623,0.00810789147226,5,101,ok,
old_v3,direct,ifft,complex128,4097,8,contiguous,,direct_ifft_complex128_4097_8_contiguous_,0.438381094081,0.420845774846,0.0103180942495,5,53,ok,
old_v3,direct,ifft,complex128,4097,64,contiguous,,direct_ifft_complex128_4097_64_contiguous_,3.03732011364,2.90836088566,0.11948921666,5,9,ok,
old_v3,direct,ifft,complex128,4097,256,contiguous,,direct_ifft_complex128_4097_256_contiguous_,11.8541354896,11.4707860048,0.358853547368,5,2,ok,
old_v3,direct,ifft,complex128,4608,1,contiguous,,direct_ifft_complex128_4608_1_contiguous_,0.0325426954078,0.0318425905425,0.000700104865246,5,200,ok,
old_v3,direct,ifft,complex128,4608,2,contiguous,,direct_ifft_complex128_4608_2_contiguous_,0.0550951203331,0.0544649950461,0.000630125286989,5,200,ok,
old_v3,direct,ifft,complex128,4608,8,contiguous,,direct_ifft_complex128_4608_8_contiguous_,0.145096712526,0.144332706869,0.00029681625123,5,174,ok,
old_v3,direct,ifft,complex128,4608,64,contiguous,,direct_ifft_complex128_4608_64_contiguous_,1.0801138531,1.07522070175,0.00489315134473,5,20,ok,
old_v3,direct,ifft,complex128,4608,256,contiguous,,direct_ifft_complex128_4608_256_contiguous_,4.6786707826,4.6228346182,0.0558361643925,5,5,ok,
old_v3,direct,ifft,complex128,8192,1,contiguous,,direct_ifft_complex128_8192_1_contiguous_,0.0687848078087,0.0679198211515,0.000864986657159,5,151,ok,
old_v3,direct,ifft,complex128,8192,2,contiguous,,direct_ifft_complex128_8192_2_contiguous_,0.128534828275,0.125755055577,0.000744065589676,5,198,ok,
old_v3,direct,ifft,complex128,8192,8,contiguous,,direct_ifft_complex128_8192_8_contiguous_,0.271785761773,0.269173641711,0.00157782120541,5,84,ok,
old_v3,direct,ifft,complex128,8192,64,contiguous,,direct_ifft_complex128_8192_64_contiguous_,2.60564261295,2.58010115403,0.0150573010055,5,13,ok,
old_v3,direct,ifft,complex128,8192,256,contiguous,,direct_ifft_complex128_8192_256_contiguous_,10.4090640089,10.2741359733,0.0618050107732,5,3,ok,
old_v3,direct,ifft,complex128,16384,1,contiguous,,direct_ifft_complex128_16384_1_contiguous_,0.1365118918,0.132262266892,0.00138223880309,5,176,ok,
old_v3,direct,ifft,complex128,16384,2,contiguous,,direct_ifft_complex128_16384_2_contiguous_,0.255814388705,0.245665923123,0.00225198843206,5,90,ok,
old_v3,direct,ifft,complex128,16384,8,contiguous,,direct_ifft_complex128_16384_8_contiguous_,1.15806609974,1.15550479968,0.00256130006164,5,20,ok,
old_v3,direct,ifft,complex128,16384,64,contiguous,,direct_ifft_complex128_16384_64_contiguous_,4.64841242813,4.53432557905,0.0876791475873,5,7,ok,
old_v3,direct,ifft,complex128,16384,256,contiguous,,direct_ifft_complex128_16384_256_contiguous_,22.3312550224,22.0714109018,0.251117977314,5,1,ok,
old_v3,direct,ifft,complex128,32768,1,contiguous,,direct_ifft_complex128_32768_1_contiguous_,0.295740770358,0.285887241032,0.000618046267365,5,87,ok,
old_v3,direct,ifft,complex128,32768,2,contiguous,,direct_ifft_complex128_32768_2_contiguous_,0.524434043378,0.522966957246,0.00146708613181,5,46,ok,
old_v3,direct,ifft,complex128,32768,8,contiguous,,direct_ifft_complex128_32768_8_contiguous_,1.23650674941,1.22059310088,0.00621405197307,5,20,ok,
old_v3,direct,ifft,complex128,32768,64,contiguous,,direct_ifft_complex128_32768_64_contiguous_,12.0654139901,11.9322160026,0.0980024924502,5,2,ok,
old_v3,direct,ifft,complex128,32768,256,contiguous,,direct_ifft_complex128_32768_256_contiguous_,46.2347699795,45.6821499392,0.271886005066,5,1,ok,
old_v3,direct,ifft,complex128,65536,1,contiguous,,direct_ifft_complex128_65536_1_contiguous_,0.577835141615,0.575085736013,0.0009150493757,5,42,ok,
old_v3,direct,ifft,complex128,65536,2,contiguous,,direct_ifft_complex128_65536_2_contiguous_,1.11264495063,1.1088969477,0.00159550108947,5,20,ok,
old_v3,direct,ifft,complex128,65536,8,contiguous,,direct_ifft_complex128_65536_8_contiguous_,2.42657907074,2.42619700397,0.000382066770856,5,14,ok,
old_v3,direct,ifft,complex128,65536,64,contiguous,,direct_ifft_complex128_65536_64_contiguous_,21.7194349971,21.544829011,0.0358480028808,5,1,ok,
old_v3,direct,ifft,complex128,65536,256,contiguous,,direct_ifft_complex128_65536_256_contiguous_,87.6401889836,86.650093901,0.683144084178,5,1,ok,
old_v3,direct,rfft,float32,1024,1,contiguous,,direct_rfft_float32_1024_1_contiguous_,0.00759738093698,0.00753854785332,4.85051869157e-05,7,940,ok,
old_v3,direct,rfft,float32,1024,2,contiguous,,direct_rfft_float32_1024_2_contiguous_,0.0102184496673,0.0101039793722,5.20326438987e-05,7,1163,ok,
old_v3,direct,rfft,float32,1024,8,contiguous,,direct_rfft_float32_1024_8_contiguous_,0.021198305185,0.0208232551813,4.56406269222e-05,7,200,ok,
old_v3,direct,rfft,float32,1024,64,contiguous,,direct_rfft_float32_1024_64_contiguous_,0.129097784061,0.12726215278,0.0017241580951,7,190,ok,
old_v3,direct,rfft,float32,1024,256,contiguous,,direct_rfft_float32_1024_256_contiguous_,0.480449845782,0.477696204325,0.00185349490494,7,20,ok,
old_v3,direct,rfft,float32,2048,1,contiguous,,direct_rfft_float32_2048_1_contiguous_,0.01120818238,0.0110932586955,7.2203275702e-05,7,1102,ok,
old_v3,direct,rfft,float32,2048,2,contiguous,,direct_rfft_float32_2048_2_contiguous_,0.0161598071843,0.0160618476954,3.53108837523e-05,7,814,ok,
old_v3,direct,rfft,float32,2048,8,contiguous,,direct_rfft_float32_2048_8_contiguous_,0.0383636902552,0.0379276799504,0.000108504318632,7,200,ok,
old_v3,direct,rfft,float32,2048,64,contiguous,,direct_rfft_float32_2048_64_contiguous_,0.252807099605,0.248408399057,0.00170519924723,7,20,ok,
old_v3,direct,rfft,float32,2048,256,contiguous,,direct_rfft_float32_2048_256_contiguous_,1.00125934696,0.994590949267,0.00237889471464,7,20,ok,
old_v3,direct,rfft,float32,3072,1,contiguous,,direct_rfft_float32_3072_1_contiguous_,0.0146060081173,0.0143739171401,8.00115264489e-05,7,868,ok,
old_v3,direct,rfft,float32,3072,2,contiguous,,direct_rfft_float32_3072_2_contiguous_,0.0229580799351,0.0226135901175,0.00011321506463,7,200,ok,
old_v3,direct,rfft,float32,3072,8,contiguous,,direct_rfft_float32_3072_8_contiguous_,0.0542923249304,0.053167080041,0.000283680274151,7,200,ok,
old_v3,direct,rfft,float32,3072,64,contiguous,,direct_rfft_float32_3072_64_contiguous_,0.366374250734,0.360053504119,0.00300409737974,7,20,ok,
old_v3,direct,rfft,float32,3072,256,contiguous,,direct_rfft_float32_3072_256_contiguous_,1.42726774793,1.42155009671,0.00366584863514,7,20,ok,
old_v3,direct,rfft,float32,3584,1,contiguous,,direct_rfft_float32_3584_1_contiguous_,0.0200816564065,0.0199638449935,7.92424097383e-05,7,652,ok,
old_v3,direct,rfft,float32,3584,2,contiguous,,direct_rfft_float32_3584_2_contiguous_,0.0337832048535,0.0335346453357,2.74006742984e-05,7,200,ok,
old_v3,direct,rfft,float32,3584,8,contiguous,,direct_rfft_float32_3584_8_contiguous_,0.0764467095723,0.0759395147907,7.01303360984e-05,7,200,ok,
old_v3,direct,rfft,float32,3584,64,contiguous,,direct_rfft_float32_3584_64_contiguous_,0.540593400365,0.537216599332,0.00247809803113,7,20,ok,
old_v3,direct,rfft,float32,3584,256,contiguous,,direct_rfft_float32_3584_256_contiguous_,2.18692606625,2.15786253102,0.0106819362069,7,15,ok,
old_v3,direct,rfft,float32,4095,1,contiguous,,direct_rfft_float32_4095_1_contiguous_,0.0260984552858,0.0260385229191,5.99323666356e-05,7,503,ok,
old_v3,direct,rfft,float32,4095,2,contiguous,,direct_rfft_float32_4095_2_contiguous_,0.0453677901533,0.0452166650211,0.00013860524632,7,200,ok,
old_v3,direct,rfft,float32,4095,8,contiguous,,direct_rfft_float32_4095_8_contiguous_,0.0989024544833,0.0985090201721,0.000276564387605,7,200,ok,
old_v3,direct,rfft,float32,4095,64,contiguous,,direct_rfft_float32_4095_64_contiguous_,0.72583060246,0.722822500393,0.00126485247165,7,20,ok,
old_v3,direct,rfft,float32,4095,256,contiguous,,direct_rfft_float32_4095_256_contiguous_,2.99614336638,2.96484509652,0.0265349147164,7,11,ok,
old_v3,direct,rfft,float32,4096,1,contiguous,,direct_rfft_float32_4096_1_contiguous_,0.0191893472513,0.019049316897,0.000116657042978,7,694,ok,
old_v3,direct,rfft,float32,4096,2,contiguous,,direct_rfft_float32_4096_2_contiguous_,0.0311081204563,0.0297194300219,0.000210895668715,7,200,ok,
old_v3,direct,rfft,float32,4096,8,contiguous,,direct_rfft_float32_4096_8_contiguous_,0.0711147754919,0.0701513746753,0.000515659921803,7,200,ok,
old_v3,direct,rfft,float32,4096,64,contiguous,,direct_rfft_float32_4096_64_contiguous_,0.497747550253,0.494669849286,0.00307770096697,7,20,ok,
old_v3,direct,rfft,float32,4096,256,contiguous,,direct_rfft_float32_4096_256_contiguous_,2.04065399885,1.99726818391,0.00810062192613,7,16,ok,
old_v3,direct,rfft,float32,4097,1,contiguous,,direct_rfft_float32_4097_1_contiguous_,0.1207816919,0.120235070812,0.000305267431858,5,198,ok,
old_v3,direct,rfft,float32,4097,2,contiguous,,direct_rfft_float32_4097_2_contiguous_,0.237754660325,0.233371961721,0.000388170416766,5,106,ok,
old_v3,direct,rfft,float32,4097,8,contiguous,,direct_rfft_float32_4097_8_contiguous_,0.338689115344,0.33636115984,0.000771000117495,5,69,ok,
old_v3,direct,rfft,float32,4097,64,contiguous,,direct_rfft_float32_4097_64_contiguous_,2.65549468951,2.62796877024,0.00889662008446,5,13,ok,
old_v3,direct,rfft,float32,4097,256,contiguous,,direct_rfft_float32_4097_256_contiguous_,10.5785699949,10.5097083142,0.0198536630099,5,3,ok,
old_v3,direct,rfft,float32,4608,1,contiguous,,direct_rfft_float32_4608_1_contiguous_,0.0213579501724,0.0212915753946,6.3520274125e-05,5,200,ok,
old_v3,direct,rfft,float32,4608,2,contiguous,,direct_rfft_float32_4608_2_contiguous_,0.0349742750404,0.0346015795367,0.000217304914258,5,200,ok,
old_v3,direct,rfft,float32,4608,8,contiguous,,direct_rfft_float32_4608_8_contiguous_,0.0875711900881,0.0873811845668,0.000174575252458,5,200,ok,
old_v3,direct,rfft,float32,4608,64,contiguous,,direct_rfft_float32_4608_64_contiguous_,0.598443200579,0.593691354152,0.00293795019388,5,20,ok,
old_v3,direct,rfft,float32,4608,256,contiguous,,direct_rfft_float32_4608_256_contiguous_,2.459258819,2.43583121337,0.023427605629,5,5,ok,
old_v3,direct,rfft,float32,8192,1,contiguous,,direct_rfft_float32_8192_1_contiguous_,0.0381553999614,0.0361214648001,0.000309979659505,5,200,ok,
old_v3,direct,rfft,float32,8192,2,contiguous,,direct_rfft_float32_8192_2_contiguous_,0.0649467797484,0.0645306054503,0.000179079943337,5,200,ok,
old_v3,direct,rfft,float32,8192,8,contiguous,,direct_rfft_float32_8192_8_contiguous_,0.163013382055,0.154778961013,0.000250400166566,5,152,ok,
old_v3,direct,rfft,float32,8192,64,contiguous,,direct_rfft_float32_8192_64_contiguous_,1.16379025276,1.1522892979,0.000646198168397,5,20,ok,
old_v3,direct,rfft,float32,8192,256,contiguous,,direct_rfft_float32_8192_256_contiguous_,5.76924697962,5.61823979951,0.0863068271428,5,5,ok,
old_v3,direct,rfft,float32,16384,1,contiguous,,direct_rfft_float32_16384_1_contiguous_,0.0689337099902,0.0688684399938,6.52699964121e-05,5,200,ok,
old_v3,direct,rfft,float32,16384,2,contiguous,,direct_rfft_float32_16384_2_contiguous_,0.12365821749,0.123169929297,0.000471687250103,5,198,ok,
old_v3,direct,rfft,float32,16384,8,contiguous,,direct_rfft_float32_16384_8_contiguous_,0.320654548705,0.319464295171,0.00119025353342,5,20,ok,
old_v3,direct,rfft,float32,16384,64,contiguous,,direct_rfft_float32_16384_64_contiguous_,2.62696458958,2.60119566034,0.00375699407111,5,12,ok,
old_v3,direct,rfft,float32,16384,256,contiguous,,direct_rfft_float32_16384_256_contiguous_,16.6787515045,16.2756349891,0.0323450076394,5,2,ok,
old_v3,direct,rfft,float32,32768,1,contiguous,,direct_rfft_float32_32768_1_contiguous_,0.139211217921,0.138911878308,0.000299339612516,5,156,ok,
old_v3,direct,rfft,float32,32768,2,contiguous,,direct_rfft_float32_32768_2_contiguous_,0.257344300588,0.25702143083,0.000322869758532,5,93,ok,
old_v3,direct,rfft,float32,32768,8,contiguous,,direct_rfft_float32_32768_8_contiguous_,0.640721997479,0.638654147042,0.00205680262297,5,20,ok,
old_v3,direct,rfft,float32,32768,64,contiguous,,direct_rfft_float32_32768_64_contiguous_,6.38859940227,6.3461962156,0.0424031866714,5,5,ok,
old_v3,direct,rfft,float32,32768,256,contiguous,,direct_rfft_float32_32768_256_contiguous_,36.0810270067,35.5679920176,0.479504000396,5,1,ok,
old_v3,direct,rfft,float32,65536,1,contiguous,,direct_rfft_float32_65536_1_contiguous_,0.293398782535,0.291312730091,0.000259404800631,5,74,ok,
old_v3,direct,rfft,float32,65536,2,contiguous,,direct_rfft_float32_65536_2_contiguous_,0.535211397801,0.531005550874,0.0042058469262,5,20,ok,
old_v3,direct,rfft,float32,65536,8,contiguous,,direct_rfft_float32_65536_8_contiguous_,1.39741009916,1.30470285076,0.0552479526959,5,20,ok,
old_v3,direct,rfft,float32,65536,64,contiguous,,direct_rfft_float32_65536_64_contiguous_,18.9489719924,18.5971959727,0.35177601967,5,1,ok,
old_v3,direct,rfft,float32,65536,256,contiguous,,direct_rfft_float32_65536_256_contiguous_,72.6045289775,70.7494131057,1.85511587188,5,1,ok,
old_v3,direct,rfft,float64,1024,1,contiguous,,direct_rfft_float64_1024_1_contiguous_,0.00905826309602,0.00676974639549,0.00144810306159,7,1049,ok,
old_v3,direct,rfft,float64,1024,2,contiguous,,direct_rfft_float64_1024_2_contiguous_,0.00867816441013,0.00863879600879,3.03288172454e-05,7,1064,ok,
old_v3,direct,rfft,float64,1024,8,contiguous,,direct_rfft_float64_1024_8_contiguous_,0.0183536997065,0.0177116051782,0.000642094528303,7,200,ok,
old_v3,direct,rfft,float64,1024,64,contiguous,,direct_rfft_float64_1024_64_contiguous_,0.111437565065,0.1102633751,0.000609785201959,7,200,ok,
old_v3,direct,rfft,float64,1024,256,contiguous,,direct_rfft_float64_1024_256_contiguous_,0.42069744668,0.419407547452,0.00118520692922,7,20,ok,
old_v3,direct,rfft,float64,2048,1,contiguous,,direct_rfft_float64_2048_1_contiguous_,0.00998879130268,0.00985360209752,8.38499448426e-05,7,1126,ok,
old_v3,direct,rfft,float64,2048,2,contiguous,,direct_rfft_float64_2048_2_contiguous_,0.0144241659155,0.0141641087984,0.000157193434271,7,910,ok,
old_v3,direct,rfft,float64,2048,8,contiguous,,direct_rfft_float64_2048_8_contiguous_,0.0334516901057,0.0328633398749,0.000395240494981,7,200,ok,
old_v3,direct,rfft,float64,2048,64,contiguous,,direct_rfft_float64_2048_64_contiguous_,0.219644297613,0.217901053838,0.00148125109263,7,20,ok,
old_v3,direct,rfft,float64,2048,256,contiguous,,direct_rfft_float64_2048_256_contiguous_,0.870111497352,0.853365246439,0.00384519807994,7,20,ok,
old_v3,direct,rfft,float64,3072,1,contiguous,,direct_rfft_float64_3072_1_contiguous_,0.0129143580742,0.0127731998326,0.000141158241596,7,961,ok,
old_v3,direct,rfft,float64,3072,2,contiguous,,direct_rfft_float64_3072_2_contiguous_,0.0201732898131,0.020042899996,0.000114514841698,7,200,ok,
old_v3,direct,rfft,float64,3072,8,contiguous,,direct_rfft_float64_3072_8_contiguous_,0.0465040648123,0.0454410299426,0.000134754809551,7,200,ok,
old_v3,direct,rfft,float64,3072,64,contiguous,,direct_rfft_float64_3072_64_contiguous_,0.321110402001,0.311710895039,0.000910204835236,7,20,ok,
old_v3,direct,rfft,float64,3072,256,contiguous,,direct_rfft_float64_3072_256_contiguous_,1.27603990259,1.26202880056,0.00602169893682,7,20,ok,
old_v3,direct,rfft,float64,3584,1,contiguous,,direct_rfft_float64_3584_1_contiguous_,0.0186154782452,0.0182925292451,0.000236329212568,7,686,ok,
old_v3,direct,rfft,float64,3584,2,contiguous,,direct_rfft_float64_3584_2_contiguous_,0.0306965998607,0.0305252848193,0.000149374827743,7,200,ok,
old_v3,direct,rfft,float64,3584,8,contiguous,,direct_rfft_float64_3584_8_contiguous_,0.0676132953959,0.0671294948552,6.08147820458e-05,7,200,ok,
old_v3,direct,rfft,float64,3584,64,contiguous,,direct_rfft_float64_3584_64_contiguous_,0.490550650284,0.483862200053,0.0011591531802,7,20,ok,
old_v3,direct,rfft,float64,3584,256,contiguous,,direct_rfft_float64_3584_256_contiguous_,1.94485840963,1.93419206121,0.00559687888359,7,17,ok,
old_v3,direct,rfft,float64,4095,1,contiguous,,direct_rfft_float64_4095_1_contiguous_,0.0244164013777,0.0242497485854,0.000166652792292,7,533,ok,
old_v3,direct,rfft,float64,4095,2,contiguous,,direct_rfft_float64_4095_2_contiguous_,0.042635849677,0.0423146504909,0.000161605421454,7,200,ok,
old_v3,direct,rfft,float64,4095,8,contiguous,,direct_rfft_float64_4095_8_contiguous_,0.0899345497601,0.0893456948688,0.00031654490158,7,200,ok,
old_v3,direct,rfft,float64,4095,64,contiguous,,direct_rfft_float64_4095_64_contiguous_,0.654546299484,0.651781097986,0.0026142981369,7,20,ok,
old_v3,direct,rfft,float64,4095,256,contiguous,,direct_rfft_float64_4095_256_contiguous_,2.66318446777,2.6545914678,0.00401369582575,7,13,ok,
old_v3,direct,rfft,float64,4096,1,contiguous,,direct_rfft_float64_4096_1_contiguous_,0.0180159256687,0.0169954401668,0.00031380334477,7,727,ok,
old_v3,direct,rfft,float64,4096,2,contiguous,,direct_rfft_float64_4096_2_contiguous_,0.0312519847648,0.0276654551271,0.0016382051399,7,200,ok,
old_v3,direct,rfft,float64,4096,8,contiguous,,direct_rfft_float64_4096_8_contiguous_,0.0624701648485,0.0611086247955,0.00127076520585,7,200,ok,
old_v3,direct,rfft,float64,4096,64,contiguous,,direct_rfft_float64_4096_64_contiguous_,0.436711852672,0.435301201651,0.00131739652716,7,20,ok,
old_v3,direct,rfft,float64,4096,256,contiguous,,direct_rfft_float64_4096_256_contiguous_,1.73722157917,1.71104852894,0.00834183791946,7,19,ok,
old_v3,direct,rfft,float64,4097,1,contiguous,,direct_rfft_float64_4097_1_contiguous_,0.11956415954,0.118528829771,0.000352105125785,5,200,ok,
old_v3,direct,rfft,float64,4097,2,contiguous,,direct_rfft_float64_4097_2_contiguous_,0.229240617687,0.228880146774,0.000360470913424,5,102,ok,
old_v3,direct,rfft,float64,4097,8,contiguous,,direct_rfft_float64_4097_8_contiguous_,0.324929662218,0.323040182581,0.000446298546702,5,77,ok,
old_v3,direct,rfft,float64,4097,64,contiguous,,direct_rfft_float64_4097_64_contiguous_,2.54964592974,2.54770384457,0.000807608907612,5,13,ok,
old_v3,direct,rfft,float64,4097,256,contiguous,,direct_rfft_float64_4097_256_contiguous_,10.2334303471,10.2063196634,0.0122896550844,5,3,ok,
old_v3,direct,rfft,float64,4608,1,contiguous,,direct_rfft_float64_4608_1_contiguous_,0.0190365751041,0.0189989048522,3.23099084198e-05,5,200,ok,
old_v3,direct,rfft,float64,4608,2,contiguous,,direct_rfft_float64_4608_2_contiguous_,0.0312605046201,0.0312041450525,4.62896423414e-05,5,200,ok,
old_v3,direct,rfft,float64,4608,8,contiguous,,direct_rfft_float64_4608_8_contiguous_,0.0728602800518,0.0726447755005,6.80302036926e-05,5,200,ok,
old_v3,direct,rfft,float64,4608,64,contiguous,,direct_rfft_float64_4608_64_contiguous_,0.521339999977,0.520697800675,0.000642199302092,5,20,ok,
old_v3,direct,rfft,float64,4608,256,contiguous,,direct_rfft_float64_4608_256_contiguous_,2.08324620035,2.06838238519,0.00470681115985,5,5,ok,
old_v3,direct,rfft,float64,8192,1,contiguous,,direct_rfft_float64_8192_1_contiguous_,0.0332138448721,0.0329177448293,0.000235589686781,5,200,ok,
old_v3,direct,rfft,float64,8192,2,contiguous,,direct_rfft_float64_8192_2_contiguous_,0.0574453000445,0.0564942252822,0.000883699976839,5,200,ok,
old_v3,direct,rfft,float64,8192,8,contiguous,,direct_rfft_float64_8192_8_contiguous_,0.136459541497,0.13616219361,9.27733638175e-05,5,181,ok,
old_v3,direct,rfft,float64,8192,64,contiguous,,direct_rfft_float64_8192_64_contiguous_,1.06268079835,1.06208875077,0.000501895556226,5,20,ok,
old_v3,direct,rfft,float64,8192,256,contiguous,,direct_rfft_float64_8192_256_contiguous_,4.30720460135,4.30386839435,0.00333620700985,5,5,ok,
old_v3,direct,rfft,float64,16384,1,contiguous,,direct_rfft_float64_16384_1_contiguous_,0.0653044949286,0.0652763899416,2.81049869955e-05,5,200,ok,
old_v3,direct,rfft,float64,16384,2,contiguous,,direct_rfft_float64_16384_2_contiguous_,0.113108985242,0.113048669882,4.10800566897e-05,5,200,ok,
old_v3,direct,rfft,float64,16384,8,contiguous,,direct_rfft_float64_16384_8_contiguous_,0.285557098687,0.282848544884,0.00192854786292,5,20,ok,
old_v3,direct,rfft,float64,16384,64,contiguous,,direct_rfft_float64_16384_64_contiguous_,2.22740546645,2.21340673355,0.0068828696385,5,15,ok,
old_v3,direct,rfft,float64,16384,256,contiguous,,direct_rfft_float64_16384_256_contiguous_,11.6593574639,11.602205981,0.0211945152842,5,2,ok,
old_v3,direct,rfft,float64,32768,1,contiguous,,direct_rfft_float64_32768_1_contiguous_,0.131841559778,0.131619842369,0.000221717409263,5,184,ok,
old_v3,direct,rfft,float64,32768,2,contiguous,,direct_rfft_float64_32768_2_contiguous_,0.235053772881,0.234603227144,0.000444198220894,5,101,ok,
old_v3,direct,rfft,float64,32768,8,contiguous,,direct_rfft_float64_32768_8_contiguous_,0.573065452045,0.572267948883,0.000797503162175,5,20,ok,
old_v3,direct,rfft,float64,32768,64,contiguous,,direct_rfft_float64_32768_64_contiguous_,4.66316998936,4.61743259802,0.0146472128108,5,5,ok,
old_v3,direct,rfft,float64,32768,256,contiguous,,direct_rfft_float64_32768_256_contiguous_,23.3038469451,22.9997599963,0.183861935511,5,1,ok,
old_v3,direct,rfft,float64,65536,1,contiguous,,direct_rfft_float64_65536_1_contiguous_,0.274645713233,0.274396747693,0.000248965539638,5,87,ok,
old_v3,direct,rfft,float64,65536,2,contiguous,,direct_rfft_float64_65536_2_contiguous_,0.493522646138,0.489749648841,0.000333151547238,5,20,ok,
old_v3,direct,rfft,float64,65536,8,contiguous,,direct_rfft_float64_65536_8_contiguous_,1.15166265168,1.14881885238,0.000917696161196,5,20,ok,
old_v3,direct,rfft,float64,65536,64,contiguous,,direct_rfft_float64_65536_64_contiguous_,11.6717505152,11.2722410122,0.150871521328,5,2,ok,
old_v3,direct,rfft,float64,65536,256,contiguous,,direct_rfft_float64_65536_256_contiguous_,43.6117319623,43.35661605,0.0855290563777,5,1,ok,
old_v3,direct,irfft,complex64,1024,1,contiguous,,direct_irfft_complex64_1024_1_contiguous_,0.00843455678024,0.00841624569148,1.3630229169e-05,7,749,ok,
old_v3,direct,irfft,complex64,1024,2,contiguous,,direct_irfft_complex64_1024_2_contiguous_,0.0117612573164,0.0117269893927,2.23718601668e-05,7,1030,ok,
old_v3,direct,irfft,complex64,1024,8,contiguous,,direct_irfft_complex64_1024_8_contiguous_,0.0147415749962,0.0146464450518,1.72253930941e-05,7,200,ok,
old_v3,direct,irfft,complex64,1024,64,contiguous,,direct_irfft_complex64_1024_64_contiguous_,0.0815100449836,0.0813763949554,7.66949960962e-05,7,200,ok,
old_v3,direct,irfft,complex64,1024,256,contiguous,,direct_irfft_complex64_1024_256_contiguous_,0.303810148034,0.303594750585,7.66478478909e-05,7,20,ok,
old_v3,direct,irfft,complex64,2048,1,contiguous,,direct_irfft_complex64_2048_1_contiguous_,0.0124721722081,0.0124454105614,2.67616466971e-05,7,906,ok,
old_v3,direct,irfft,complex64,2048,2,contiguous,,direct_irfft_complex64_2048_2_contiguous_,0.0192528039733,0.0192240709232,2.62101244321e-05,7,719,ok,
old_v3,direct,irfft,complex64,2048,8,contiguous,,direct_irfft_complex64_2048_8_contiguous_,0.0259383354569,0.0257865549065,5.25003997609e-05,7,200,ok,
old_v3,direct,irfft,complex64,2048,64,contiguous,,direct_irfft_complex64_2048_64_contiguous_,0.16195079661,0.160063803196,0.000453344546258,7,20,ok,
old_v3,direct,irfft,complex64,2048,256,contiguous,,direct_irfft_complex64_2048_256_contiguous_,0.623616599478,0.62309615314,0.000417296541855,7,20,ok,
old_v3,direct,irfft,complex64,3072,1,contiguous,,direct_irfft_complex64_3072_1_contiguous_,0.0173717124098,0.017322900909,4.88115007692e-05,7,758,ok,
old_v3,direct,irfft,complex64,3072,2,contiguous,,direct_irfft_complex64_3072_2_contiguous_,0.0285811151844,0.0285538099706,5.26546500623e-06,7,200,ok,
old_v3,direct,irfft,complex64,3072,8,contiguous,,direct_irfft_complex64_3072_8_contiguous_,0.0363792449934,0.0362842151662,4.94898995385e-05,7,200,ok,
old_v3,direct,irfft,complex64,3072,64,contiguous,,direct_irfft_complex64_3072_64_contiguous_,0.238872651244,0.237363349879,0.00129189575091,7,20,ok,
old_v3,direct,irfft,complex64,3072,256,contiguous,,direct_irfft_complex64_3072_256_contiguous_,0.919503549812,0.916300551035,0.00320299877785,7,20,ok,
old_v3,direct,irfft,complex64,3584,1,contiguous,,direct_irfft_complex64_3584_1_contiguous_,0.0224234578091,0.022366095152,2.77162517824e-05,7,557,ok,
old_v3,direct,irfft,complex64,3584,2,contiguous,,direct_irfft_complex64_3584_2_contiguous_,0.0385451799957,0.038494230248,3.65148298442e-05,7,200,ok,
old_v3,direct,irfft,complex64,3584,8,contiguous,,direct_irfft_complex64_3584_8_contiguous_,0.0455733248964,0.0453592248959,0.00010124000255,7,200,ok,
old_v3,direct,irfft,complex64,3584,64,contiguous,,direct_irfft_complex64_3584_64_contiguous_,0.309983652551,0.308829999994,0.000595103483647,7,20,ok,
old_v3,direct,irfft,complex64,3584,256,contiguous,,direct_irfft_complex64_3584_256_contiguous_,1.19012885261,1.18619150016,0.0039373524487,7,20,ok,
old_v3,direct,irfft,complex64,4095,1,contiguous,,direct_irfft_complex64_4095_1_contiguous_,0.0484718383479,0.0481219759013,0.000342113426742,7,291,ok,
old_v3,direct,irfft,complex64,4095,2,contiguous,,direct_irfft_complex64_4095_2_contiguous_,0.0889311754145,0.0887995801168,0.000131595297717,7,200,ok,
old_v3,direct,irfft,complex64,4095,8,contiguous,,direct_irfft_complex64_4095_8_contiguous_,0.100031259935,0.0996468449011,0.000384415034205,7,200,ok,
old_v3,direct,irfft,complex64,4095,64,contiguous,,direct_irfft_complex64_4095_64_contiguous_,0.743792101275,0.735188054387,0.00717189977877,7,20,ok,
old_v3,direct,irfft,complex64,4095,256,contiguous,,direct_irfft_complex64_4095_256_contiguous_,3.13614155378,2.93402945284,0.198277644813,7,11,ok,
old_v3,direct,irfft,complex64,4096,1,contiguous,,direct_irfft_complex64_4096_1_contiguous_,0.0229024133027,0.022676299658,0.000187405963025,7,564,ok,
old_v3,direct,irfft,complex64,4096,2,contiguous,,direct_irfft_complex64_4096_2_contiguous_,0.0382081547286,0.037134049926,0.000583489891142,7,200,ok,
old_v3,direct,irfft,complex64,4096,8,contiguous,,direct_irfft_complex64_4096_8_contiguous_,0.0490200996865,0.0485866947565,0.000335119548254,7,200,ok,
old_v3,direct,irfft,complex64,4096,64,contiguous,,direct_irfft_complex64_4096_64_contiguous_,0.332757103024,0.323254900286,0.00950220273808,7,20,ok,
old_v3,direct,irfft,complex64,4096,256,contiguous,,direct_irfft_complex64_4096_256_contiguous_,1.34286022512,1.31139661082,0.0314636143028,7,18,ok,
old_v3,direct,irfft,complex64,4097,1,contiguous,,direct_irfft_complex64_4097_1_contiguous_,0.0232639047317,0.0230417895364,0.00015378522221,5,200,ok,
old_v3,direct,irfft,complex64,4097,2,contiguous,,direct_irfft_complex64_4097_2_contiguous_,0.0388904754072,0.0385189300869,0.000124479993246,5,200,ok,
old_v3,direct,irfft,complex64,4097,8,contiguous,,direct_irfft_complex64_4097_8_contiguous_,0.0487999402685,0.048550774809,0.000225770636462,5,200,ok,
old_v3,direct,irfft,complex64,4097,64,contiguous,,direct_irfft_complex64_4097_64_contiguous_,0.333787000272,0.327628001105,0.00113309943117,5,20,ok,
old_v3,direct,irfft,complex64,4097,256,contiguous,,direct_irfft_complex64_4097_256_contiguous_,1.30342300981,1.28702039365,0.00198779162019,5,5,ok,
old_v3,direct,irfft,complex64,4608,1,contiguous,,direct_irfft_complex64_4608_1_contiguous_,0.0267253053607,0.026613494847,0.000111810513772,5,200,ok,
old_v3,direct,irfft,complex64,4608,2,contiguous,,direct_irfft_complex64_4608_2_contiguous_,0.0468498049304,0.0467149552424,7.26344296709e-05,5,200,ok,
old_v3,direct,irfft,complex64,4608,8,contiguous,,direct_irfft_complex64_4608_8_contiguous_,0.0537993048783,0.0528186297743,0.000731009640731,5,200,ok,
old_v3,direct,irfft,complex64,4608,64,contiguous,,direct_irfft_complex64_4608_64_contiguous_,0.369901844533,0.365562253864,0.00224919058383,5,20,ok,
old_v3,direct,irfft,complex64,4608,256,contiguous,,direct_irfft_complex64_4608_256_contiguous_,1.41364219598,1.40716820024,0.00403539743274,5,5,ok,
old_v3,direct,irfft,complex64,8192,1,contiguous,,direct_irfft_complex64_8192_1_contiguous_,0.044795225258,0.044516309863,0.000207739649341,5,200,ok,
old_v3,direct,irfft,complex64,8192,2,contiguous,,direct_irfft_complex64_8192_2_contiguous_,0.0810643599834,0.0802699796623,0.000532685080543,5,200,ok,
old_v3,direct,irfft,complex64,8192,8,contiguous,,direct_irfft_complex64_8192_8_contiguous_,0.103318184847,0.0986021448625,0.000866614864208,5,200,ok,
old_v3,direct,irfft,complex64,8192,64,contiguous,,direct_irfft_complex64_8192_64_contiguous_,0.745932594873,0.704081548611,0.0283984467387,5,20,ok,
old_v3,direct,irfft,complex64,8192,256,contiguous,,direct_irfft_complex64_8192_256_contiguous_,2.75778321084,2.75372560136,0.00156678725034,5,5,ok,
old_v3,direct,irfft,complex64,16384,1,contiguous,,direct_irfft_complex64_16384_1_contiguous_,0.0882048200583,0.0874517695047,0.000373845105059,5,200,ok,
old_v3,direct,irfft,complex64,16384,2,contiguous,,direct_irfft_complex64_16384_2_contiguous_,0.166455526817,0.165845473561,0.00044989173074,5,148,ok,
old_v3,direct,irfft,complex64,16384,8,contiguous,,direct_irfft_complex64_16384_8_contiguous_,0.198923196876,0.198106147582,0.00081704929471,5,20,ok,
old_v3,direct,irfft,complex64,16384,64,contiguous,,direct_irfft_complex64_16384_64_contiguous_,1.55379850185,1.55018580263,0.00130945118144,5,20,ok,
old_v3,direct,irfft,complex64,16384,256,contiguous,,direct_irfft_complex64_16384_256_contiguous_,6.31743660197,6.26058059279,0.0141321914271,5,5,ok,
old_v3,direct,irfft,complex64,32768,1,contiguous,,direct_irfft_complex64_32768_1_contiguous_,0.173471141474,0.172852539352,0.00022467331472,5,141,ok,
old_v3,direct,irfft,complex64,32768,2,contiguous,,direct_irfft_complex64_32768_2_contiguous_,0.332341081073,0.329243539946,0.00118708074395,5,74,ok,
old_v3,direct,irfft,complex64,32768,8,contiguous,,direct_irfft_complex64_32768_8_contiguous_,0.421834102599,0.419709598646,0.00147274695337,5,20,ok,
old_v3,direct,irfft,complex64,32768,64,contiguous,,direct_irfft_complex64_32768_64_contiguous_,3.3428353956,3.30704478547,0.0196665991098,5,5,ok,
old_v3,direct,irfft,complex64,32768,256,contiguous,,direct_irfft_complex64_32768_256_contiguous_,16.3515814929,16.1767359823,0.174845510628,5,2,ok,
old_v3,direct,irfft,complex64,65536,1,contiguous,,direct_irfft_complex64_65536_1_contiguous_,0.372069296645,0.370361109162,0.000502031980432,5,64,ok,
old_v3,direct,irfft,complex64,65536,2,contiguous,,direct_irfft_complex64_65536_2_contiguous_,0.733768346254,0.731460598763,0.00213055755012,5,20,ok,
old_v3,direct,irfft,complex64,65536,8,contiguous,,direct_irfft_complex64_65536_8_contiguous_,0.834868795937,0.819118448999,0.00701755634509,5,20,ok,
old_v3,direct,irfft,complex64,65536,64,contiguous,,direct_irfft_complex64_65536_64_contiguous_,6.62883499172,6.58687059768,0.0177890062332,5,5,ok,
old_v3,direct,irfft,complex64,65536,256,contiguous,,direct_irfft_complex64_65536_256_contiguous_,30.9256099863,30.7490010746,0.167450984009,5,1,ok,
old_v3,direct,irfft,complex128,1024,1,contiguous,,direct_irfft_complex128_1024_1_contiguous_,0.00781148813548,0.00769840093798,1.42578039868e-05,7,1307,ok,
old_v3,direct,irfft,complex128,1024,2,contiguous,,direct_irfft_complex128_1024_2_contiguous_,0.0105544602226,0.0105487350307,5.72519184883e-06,7,1106,ok,
old_v3,direct,irfft,complex128,1024,8,contiguous,,direct_irfft_complex128_1024_8_contiguous_,0.0190564600052,0.0187043054029,8.36100662127e-05,7,200,ok,
old_v3,direct,irfft,complex128,1024,64,contiguous,,direct_irfft_complex128_1024_64_contiguous_,0.11080283497,0.109637110145,0.000201424700208,7,200,ok,
old_v3,direct,irfft,complex128,1024,256,contiguous,,direct_irfft_complex128_1024_256_contiguous_,0.41942410171,0.417667353759,0.00162500073202,7,20,ok,
old_v3,direct,irfft,complex128,2048,1,contiguous,,direct_irfft_complex128_2048_1_contiguous_,0.0111334494945,0.0110877390398,4.57104547155e-05,7,1088,ok,
old_v3,direct,irfft,complex128,2048,2,contiguous,,direct_irfft_complex128_2048_2_contiguous_,0.0160805781971,0.0160364730142,3.76123957755e-05,7,818,ok,
old_v3,direct,irfft,complex128,2048,8,contiguous,,direct_irfft_complex128_2048_8_contiguous_,0.0355142296758,0.0354428001447,4.38856659457e-05,7,200,ok,
old_v3,direct,irfft,complex128,2048,64,contiguous,,direct_irfft_complex128_2048_64_contiguous_,0.232829898596,0.232211197726,0.000195356551558,7,20,ok,
old_v3,direct,irfft,complex128,2048,256,contiguous,,direct_irfft_complex128_2048_256_contiguous_,0.913433200913,0.910375500098,0.000640202779323,7,20,ok,
old_v3,direct,irfft,complex128,3072,1,contiguous,,direct_irfft_complex128_3072_1_contiguous_,0.0146545108781,0.0146236388004,2.82289356938e-05,7,883,ok,
old_v3,direct,irfft,complex128,3072,2,contiguous,,direct_irfft_complex128_3072_2_contiguous_,0.0228659104323,0.0228177703684,2.86544673145e-05,7,200,ok,
old_v3,direct,irfft,complex128,3072,8,contiguous,,direct_irfft_complex128_3072_8_contiguous_,0.0495674699778,0.0493771152105,0.000158195034601,7,200,ok,
old_v3,direct,irfft,complex128,3072,64,contiguous,,direct_irfft_complex128_3072_64_contiguous_,0.337869598297,0.337197404588,0.00047495122999,7,20,ok,
old_v3,direct,irfft,complex128,3072,256,contiguous,,direct_irfft_complex128_3072_256_contiguous_,1.33351350087,1.32467405056,0.00197569606826,7,20,ok,
old_v3,direct,irfft,complex128,3584,1,contiguous,,direct_irfft_complex128_3584_1_contiguous_,0.0197554843484,0.0196784052243,3.07011043567e-05,7,669,ok,
old_v3,direct,irfft,complex128,3584,2,contiguous,,direct_irfft_complex128_3584_2_contiguous_,0.0326473399764,0.0324255251326,0.000148524995893,7,200,ok,
old_v3,direct,irfft,complex128,3584,8,contiguous,,direct_irfft_complex128_3584_8_contiguous_,0.0713473046198,0.06807721511,0.0028714054497,7,200,ok,
old_v3,direct,irfft,complex128,3584,64,contiguous,,direct_irfft_complex128_3584_64_contiguous_,0.757383898599,0.491434300784,0.00901480088942,7,20,ok,
old_v3,direct,irfft,complex128,3584,256,contiguous,,direct_irfft_complex128_3584_256_contiguous_,2.04963385892,1.99036549644,0.0108752865344,7,14,ok,
old_v3,direct,irfft,complex128,4095,1,contiguous,,direct_irfft_complex128_4095_1_contiguous_,0.0527233081009,0.0522862964915,0.000200220631584,7,263,ok,
old_v3,direct,irfft,complex128,4095,2,contiguous,,direct_irfft_complex128_4095_2_contiguous_,0.149398155045,0.0992788549047,0.0210968201282,7,200,ok,
old_v3,direct,irfft,complex128,4095,8,contiguous,,direct_irfft_complex128_4095_8_contiguous_,0.179023763027,0.176333644669,0.00175942960023,7,135,ok,
old_v3,direct,irfft,complex128,4095,64,contiguous,,direct_irfft_complex128_4095_64_contiguous_,1.3432802516,1.33600765257,0.00426545157097,7,20,ok,
old_v3,direct,irfft,complex128,4095,256,contiguous,,direct_irfft_complex128_4095_256_contiguous_,5.36194884141,5.31701016007,0.0119021666857,7,6,ok,
old_v3,direct,irfft,complex128,4096,1,contiguous,,direct_irfft_complex128_4096_1_contiguous_,0.0197338970434,0.0192546241592,0.000403404666224,7,660,ok,
old_v3,direct,irfft,complex128,4096,2,contiguous,,direct_irfft_complex128_4096_2_contiguous_,0.0317002745578,0.031184865511,0.000126384547912,7,200,ok,
old_v3,direct,irfft,complex128,4096,8,contiguous,,direct_irfft_complex128_4096_8_contiguous_,0.066517709638,0.066208979697,0.000133345020004,7,200,ok,
old_v3,direct,irfft,complex128,4096,64,contiguous,,direct_irfft_complex128_4096_64_contiguous_,0.472534104483,0.466713699279,0.00443430617452,7,20,ok,
old_v3,direct,irfft,complex128,4096,256,contiguous,,direct_irfft_complex128_4096_256_contiguous_,1.86876744394,1.86657783343,0.000773049477074,7,18,ok,
old_v3,direct,irfft,complex128,4097,1,contiguous,,direct_irfft_complex128_4097_1_contiguous_,0.0191026949324,0.0190305651631,5.75551530346e-05,5,200,ok,
old_v3,direct,irfft,complex128,4097,2,contiguous,,direct_irfft_complex128_4097_2_contiguous_,0.0308606598992,0.0306232151343,2.92551703751e-05,5,200,ok,
old_v3,direct,irfft,complex128,4097,8,contiguous,,direct_irfft_complex128_4097_8_contiguous_,0.0658244150691,0.0655091751833,0.000242699752562,5,200,ok,
old_v3,direct,irfft,complex128,4097,64,contiguous,,direct_irfft_complex128_4097_64_contiguous_,0.467074901098,0.465817545773,0.000406248727813,5,20,ok,
old_v3,direct,irfft,complex128,4097,256,contiguous,,direct_irfft_complex128_4097_256_contiguous_,1.86378520448,1.85796839651,0.00332021154463,5,5,ok,
old_v3,direct,irfft,complex128,4608,1,contiguous,,direct_irfft_complex128_4608_1_contiguous_,0.0224222347606,0.0223567651119,6.5469648689e-05,5,200,ok,
old_v3,direct,irfft,complex128,4608,2,contiguous,,direct_irfft_complex128_4608_2_contiguous_,0.0372832798166,0.0371904548956,1.28702959046e-05,5,200,ok,
old_v3,direct,irfft,complex128,4608,8,contiguous,,direct_irfft_complex128_4608_8_contiguous_,0.0762082147412,0.0761347298976,7.34848435968e-05,5,200,ok,
old_v3,direct,irfft,complex128,4608,64,contiguous,,direct_irfft_complex128_4608_64_contiguous_,0.527870695805,0.526600849116,0.000317103695124,5,20,ok,
old_v3,direct,irfft,complex128,4608,256,contiguous,,direct_irfft_complex128_4608_256_contiguous_,2.08227238618,2.07934300415,0.00263897236437,5,5,ok,
old_v3,direct,irfft,complex128,8192,1,contiguous,,direct_irfft_complex128_8192_1_contiguous_,0.0395229499554,0.0394911447074,3.18052479997e-05,5,200,ok,
old_v3,direct,irfft,complex128,8192,2,contiguous,,direct_irfft_complex128_8192_2_contiguous_,0.0690956145991,0.0690579897491,3.76248499379e-05,5,200,ok,
old_v3,direct,irfft,complex128,8192,8,contiguous,,direct_irfft_complex128_8192_8_contiguous_,0.142247107717,0.14131077374,0.000263768015429,5,168,ok,
old_v3,direct,irfft,complex128,8192,64,contiguous,,direct_irfft_complex128_8192_64_contiguous_,1.07101135072,1.05835924624,0.00283630215563,5,20,ok,
old_v3,direct,irfft,complex128,8192,256,contiguous,,direct_irfft_complex128_8192_256_contiguous_,4.62546960916,4.47718719952,0.0567798037082,5,5,ok,
old_v3,direct,irfft,complex128,16384,1,contiguous,,direct_irfft_complex128_16384_1_contiguous_,0.0828996847849,0.0823272147682,0.000280169770122,5,200,ok,
old_v3,direct,irfft,complex128,16384,2,contiguous,,direct_irfft_complex128_16384_2_contiguous_,0.15176893255,0.15109996915,0.000668963400164,5,162,ok,
old_v3,direct,irfft,complex128,16384,8,contiguous,,direct_irfft_complex128_16384_8_contiguous_,0.294629548443,0.292885804083,0.00146220554598,5,20,ok,
old_v3,direct,irfft,complex128,16384,64,contiguous,,direct_irfft_complex128_16384_64_contiguous_,2.31034339716,2.30062393627,0.00567920506001,5,15,ok,
old_v3,direct,irfft,complex128,16384,256,contiguous,,direct_irfft_complex128_16384_256_contiguous_,12.0532565052,11.9159359601,0.137320545036,5,2,ok,
old_v3,direct,irfft,complex128,32768,1,contiguous,,direct_irfft_complex128_32768_1_contiguous_,0.143480573963,0.142608887031,0.000157153795986,5,169,ok,
old_v3,direct,irfft,complex128,32768,2,contiguous,,direct_irfft_complex128_32768_2_contiguous_,0.304277390014,0.301894413807,0.000357500095738,5,82,ok,
old_v3,direct,irfft,complex128,32768,8,contiguous,,direct_irfft_complex128_32768_8_contiguous_,0.645952252671,0.642527849413,0.00118369353004,5,20,ok,
old_v3,direct,irfft,complex128,32768,64,contiguous,,direct_irfft_complex128_32768_64_contiguous_,5.03446580842,4.99377599917,0.0117660034448,5,5,ok,
old_v3,direct,irfft,complex128,32768,256,contiguous,,direct_irfft_complex128_32768_256_contiguous_,24.7648500372,24.6485340176,0.112831010483,5,1,ok,
old_v3,direct,irfft,complex128,65536,1,contiguous,,direct_irfft_complex128_65536_1_contiguous_,0.315564767496,0.313185123497,0.00237964399873,5,73,ok,
old_v3,direct,irfft,complex128,65536,2,contiguous,,direct_irfft_complex128_65536_2_contiguous_,0.611600250704,0.585616845638,0.00528935343027,5,20,ok,
old_v3,direct,irfft,complex128,65536,8,contiguous,,direct_irfft_complex128_65536_8_contiguous_,1.26883849734,1.26146124676,0.00318440143019,5,20,ok,
old_v3,direct,irfft,complex128,65536,64,contiguous,,direct_irfft_complex128_65536_64_contiguous_,13.0702320021,12.9840560257,0.0861759763211,5,2,ok,
old_v3,direct,irfft,complex128,65536,256,contiguous,,direct_irfft_complex128_65536_256_contiguous_,47.6750129601,47.5549889961,0.050273956731,5,1,ok,
final_v3,direct,fft,complex64,1024,1,contiguous,,direct_fft_complex64_1024_1_contiguous_,0.0113052313411,0.0112429443165,2.8283910104e-05,7,627,ok,
final_v3,direct,fft,complex64,1024,2,contiguous,,direct_fft_complex64_1024_2_contiguous_,0.0189924126401,0.0189300414669,4.41561096333e-05,7,577,ok,
final_v3,direct,fft,complex64,1024,8,contiguous,,direct_fft_complex64_1024_8_contiguous_,0.158873236567,0.158285032835,0.000466796336696,7,152,ok,
final_v3,direct,fft,complex64,1024,64,contiguous,,direct_fft_complex64_1024_64_contiguous_,1.09334609111,1.0927659089,0.00041445442052,7,22,ok,
final_v3,direct,fft,complex64,1024,256,contiguous,,direct_fft_complex64_1024_256_contiguous_,2.87577726836,2.868017277,0.00594555273313,7,11,ok,
final_v3,direct,fft,complex64,2048,1,contiguous,,direct_fft_complex64_2048_1_contiguous_,0.0181182073193,0.0178774612547,2.05472222042e-05,7,709,ok,
final_v3,direct,fft,complex64,2048,2,contiguous,,direct_fft_complex64_2048_2_contiguous_,0.033607401425,0.0335310382277,5.42113800796e-05,7,421,ok,
final_v3,direct,fft,complex64,2048,8,contiguous,,direct_fft_complex64_2048_8_contiguous_,0.097860514652,0.0974934350234,0.000153034925461,7,200,ok,
final_v3,direct,fft,complex64,2048,64,contiguous,,direct_fft_complex64_2048_64_contiguous_,0.68278585095,0.680539698806,0.00121320481412,7,20,ok,
final_v3,direct,fft,complex64,2048,256,contiguous,,direct_fft_complex64_2048_256_contiguous_,4.67341471397,4.59340856677,0.021598850643,7,7,ok,
final_v3,direct,fft,complex64,3072,1,contiguous,,direct_fft_complex64_3072_1_contiguous_,0.0255504389752,0.025471796876,7.20651066915e-05,7,492,ok,
final_v3,direct,fft,complex64,3072,2,contiguous,,direct_fft_complex64_3072_2_contiguous_,0.0480880151736,0.0475163949886,0.000168365077116,7,200,ok,
final_v3,direct,fft,complex64,3072,8,contiguous,,direct_fft_complex64_3072_8_contiguous_,0.148035090244,0.147532718396,0.000371705757421,7,167,ok,
final_v3,direct,fft,complex64,3072,64,contiguous,,direct_fft_complex64_3072_64_contiguous_,1.07644300442,1.07076189597,0.000808550976217,7,20,ok,
final_v3,direct,fft,complex64,3072,256,contiguous,,direct_fft_complex64_3072_256_contiguous_,6.99797575362,6.9614527456,0.00792226637714,7,4,ok,
final_v3,direct,fft,complex64,3584,1,contiguous,,direct_fft_complex64_3584_1_contiguous_,0.0286961648666,0.0283734646147,0.000293377044453,7,424,ok,
final_v3,direct,fft,complex64,3584,2,contiguous,,direct_fft_complex64_3584_2_contiguous_,0.0556868250715,0.0547943101265,0.000326205044985,7,200,ok,
final_v3,direct,fft,complex64,3584,8,contiguous,,direct_fft_complex64_3584_8_contiguous_,0.169506572701,0.16774486927,0.00141706269491,7,145,ok,
final_v3,direct,fft,complex64,3584,64,contiguous,,direct_fft_complex64_3584_64_contiguous_,1.23212360195,1.22540104785,0.00364779843949,7,20,ok,
final_v3,direct,fft,complex64,3584,256,contiguous,,direct_fft_complex64_3584_256_contiguous_,8.60415701754,8.46687832382,0.135602351899,7,3,ok,
final_v3,direct,fft,complex64,4095,1,contiguous,,direct_fft_complex64_4095_1_contiguous_,0.0388028695948,0.0382548911057,9.81023240117e-05,7,322,ok,
final_v3,direct,fft,complex64,4095,2,contiguous,,direct_fft_complex64_4095_2_contiguous_,0.0667428248562,0.0649919651914,0.000415024696849,7,200,ok,
final_v3,direct,fft,complex64,4095,8,contiguous,,direct_fft_complex64_4095_8_contiguous_,0.221194390074,0.218379714837,0.00125100015707,7,105,ok,
final_v3,direct,fft,complex64,4095,64,contiguous,,direct_fft_complex64_4095_64_contiguous_,1.65574999992,1.63890559925,0.00635434989817,7,20,ok,
final_v3,direct,fft,complex64,4095,256,contiguous,,direct_fft_complex64_4095_256_contiguous_,10.5865716469,10.4500140296,0.0623796368018,7,3,ok,
final_v3,direct,fft,complex64,4096,1,contiguous,,direct_fft_complex64_4096_1_contiguous_,0.0324824688582,0.0322530321689,8.84562901801e-05,7,403,ok,
final_v3,direct,fft,complex64,4096,2,contiguous,,direct_fft_complex64_4096_2_contiguous_,0.0611268100329,0.0609398097731,0.000187000259757,7,200,ok,
final_v3,direct,fft,complex64,4096,8,contiguous,,direct_fft_complex64_4096_8_contiguous_,0.187182960872,0.186906195268,0.000276765604212,7,128,ok,
final_v3,direct,fft,complex64,4096,64,contiguous,,direct_fft_complex64_4096_64_contiguous_,1.34837974911,1.34334335453,0.00367439934053,7,20,ok,
final_v3,direct,fft,complex64,4096,256,contiguous,,direct_fft_complex64_4096_256_contiguous_,9.58081730641,9.36992765249,0.114807354597,7,3,ok,
final_v3,direct,fft,complex64,4097,1,contiguous,,direct_fft_complex64_4097_1_contiguous_,0.0959427398629,0.0954356446164,0.00022882479243,5,200,ok,
final_v3,direct,fft,complex64,4097,2,contiguous,,direct_fft_complex64_4097_2_contiguous_,0.178573058371,0.178426920025,7.0065151954e-05,5,138,ok,
final_v3,direct,fft,complex64,4097,8,contiguous,,direct_fft_complex64_4097_8_contiguous_,0.673739025621,0.672918055332,0.000820970288604,5,37,ok,
final_v3,direct,fft,complex64,4097,64,contiguous,,direct_fft_complex64_4097_64_contiguous_,5.25673766,5.24560699705,0.00894834132244,5,6,ok,
final_v3,direct,fft,complex64,4097,256,contiguous,,direct_fft_complex64_4097_256_contiguous_,25.1983680064,25.0877810176,0.0542509369552,5,1,ok,
final_v3,direct,fft,complex64,4608,1,contiguous,,direct_fft_complex64_4608_1_contiguous_,0.0371305446606,0.0370532949455,3.72191425413e-05,5,200,ok,
final_v3,direct,fft,complex64,4608,2,contiguous,,direct_fft_complex64_4608_2_contiguous_,0.0694023299729,0.0691428448772,0.000249809818342,5,200,ok,
final_v3,direct,fft,complex64,4608,8,contiguous,,direct_fft_complex64_4608_8_contiguous_,0.217245553878,0.216237517764,0.00100803611401,5,112,ok,
final_v3,direct,fft,complex64,4608,64,contiguous,,direct_fft_complex64_4608_64_contiguous_,1.64842234808,1.59938244615,0.0466674973723,5,20,ok,
final_v3,direct,fft,complex64,4608,256,contiguous,,direct_fft_complex64_4608_256_contiguous_,10.5751769928,10.3845316529,0.134200012932,5,3,ok,
final_v3,direct,fft,complex64,8192,1,contiguous,,direct_fft_complex64_8192_1_contiguous_,0.0607912900159,0.0606664549559,0.000124835059978,5,200,ok,
final_v3,direct,fft,complex64,8192,2,contiguous,,direct_fft_complex64_8192_2_contiguous_,0.114358405117,0.114121569786,0.00012242468074,5,200,ok,
final_v3,direct,fft,complex64,8192,8,contiguous,,direct_fft_complex64_8192_8_contiguous_,0.384839580229,0.383645902583,0.00119367764602,5,62,ok,
final_v3,direct,fft,complex64,8192,64,contiguous,,direct_fft_complex64_8192_64_contiguous_,3.1439961802,3.08892900251,0.0494812742214,5,11,ok,
final_v3,direct,fft,complex64,8192,256,contiguous,,direct_fft_complex64_8192_256_contiguous_,19.0354320221,18.4307659511,0.157693051733,5,1,ok,
final_v3,direct,fft,complex64,16384,1,contiguous,,direct_fft_complex64_16384_1_contiguous_,0.122907694545,0.121376497087,0.000786025395588,5,193,ok,
final_v3,direct,fft,complex64,16384,2,contiguous,,direct_fft_complex64_16384_2_contiguous_,0.215847726161,0.21498992965,0.000738362633351,5,113,ok,
final_v3,direct,fft,complex64,16384,8,contiguous,,direct_fft_complex64_16384_8_contiguous_,0.787935347762,0.786524201976,0.000743451528251,5,20,ok,
final_v3,direct,fft,complex64,16384,64,contiguous,,direct_fft_complex64_16384_64_contiguous_,12.2091469821,11.6134120035,0.382663041819,5,2,ok,
final_v3,direct,fft,complex64,16384,256,contiguous,,direct_fft_complex64_16384_256_contiguous_,38.7237219838,37.8170829499,0.00595999881625,5,1,ok,
final_v3,direct,fft,complex64,32768,1,contiguous,,direct_fft_complex64_32768_1_contiguous_,0.270450965577,0.269081080766,0.0013698848116,5,86,ok,
final_v3,direct,fft,complex64,32768,2,contiguous,,direct_fft_complex64_32768_2_contiguous_,0.526306001753,0.517421827206,0.00459399914531,5,46,ok,
final_v3,direct,fft,complex64,32768,8,contiguous,,direct_fft_complex64_32768_8_contiguous_,1.70286829816,1.66572559974,0.0307453039568,5,20,ok,
final_v3,direct,fft,complex64,32768,64,contiguous,,direct_fft_complex64_32768_64_contiguous_,21.7792460462,21.089720889,0.193229876459,5,1,ok,
final_v3,direct,fft,complex64,32768,256,contiguous,,direct_fft_complex64_32768_256_contiguous_,83.6817729287,82.4370631017,0.678795971908,5,1,ok,
final_v3,direct,fft,complex64,65536,1,contiguous,,direct_fft_complex64_65536_1_contiguous_,0.501189311035,0.499942089017,0.00124722201791,5,45,ok,
final_v3,direct,fft,complex64,65536,2,contiguous,,direct_fft_complex64_65536_2_contiguous_,0.964006903814,0.956717849476,0.00086814397946,5,20,ok,
final_v3,direct,fft,complex64,65536,8,contiguous,,direct_fft_complex64_65536_8_contiguous_,3.7547757529,3.74021125026,0.014564502635,5,8,ok,
final_v3,direct,fft,complex64,65536,64,contiguous,,direct_fft_complex64_65536_64_contiguous_,43.7589760404,43.6718440615,0.0640290090814,5,1,ok,
final_v3,direct,fft,complex64,65536,256,contiguous,,direct_fft_complex64_65536_256_contiguous_,168.952933047,168.379092007,0.573841040023,5,1,ok,
final_v3,direct,fft,complex128,1024,1,contiguous,,direct_fft_complex128_1024_1_contiguous_,0.00990739974985,0.00986486363624,1.3583740228e-05,7,1093,ok,
final_v3,direct,fft,complex128,1024,2,contiguous,,direct_fft_complex128_1024_2_contiguous_,0.0168931600638,0.0168390932182,5.40668455263e-05,7,750,ok,
final_v3,direct,fft,complex128,1024,8,contiguous,,direct_fft_complex128_1024_8_contiguous_,0.0453026249306,0.0450302445097,0.000272380420938,7,200,ok,
final_v3,direct,fft,complex128,1024,64,contiguous,,direct_fft_complex128_1024_64_contiguous_,0.292803451885,0.290144737976,0.00245204760826,7,84,ok,
final_v3,direct,fft,complex128,1024,256,contiguous,,direct_fft_complex128_1024_256_contiguous_,1.13886394538,1.13317339565,0.00326425069943,7,20,ok,
final_v3,direct,fft,complex128,2048,1,contiguous,,direct_fft_complex128_2048_1_contiguous_,0.0161613041496,0.0161509285624,7.61201366635e-06,7,812,ok,
final_v3,direct,fft,complex128,2048,2,contiguous,,direct_fft_complex128_2048_2_contiguous_,0.0303375643134,0.0302843155455,5.32487679129e-05,7,466,ok,
final_v3,direct,fft,complex128,2048,8,contiguous,,direct_fft_complex128_2048_8_contiguous_,0.0888778548688,0.0886319251731,0.000175354653038,7,200,ok,
final_v3,direct,fft,complex128,2048,64,contiguous,,direct_fft_complex128_2048_64_contiguous_,0.627350696595,0.624053453794,0.00252544414252,7,20,ok,
final_v3,direct,fft,complex128,2048,256,contiguous,,direct_fft_complex128_2048_256_contiguous_,2.4590587127,2.45292863942,0.00300092090453,7,14,ok,
final_v3,direct,fft,complex128,3072,1,contiguous,,direct_fft_complex128_3072_1_contiguous_,0.023521661074,0.023293256617,2.88621835064e-05,7,581,ok,
final_v3,direct,fft,complex128,3072,2,contiguous,,direct_fft_complex128_3072_2_contiguous_,0.0446015404304,0.0443269050447,0.000121914199553,7,200,ok,
final_v3,direct,fft,complex128,3072,8,contiguous,,direct_fft_complex128_3072_8_contiguous_,0.137278939352,0.13681361004,0.000220889757786,7,182,ok,
final_v3,direct,fft,complex128,3072,64,contiguous,,direct_fft_complex128_3072_64_contiguous_,0.984334305394,0.97688974929,0.00744455610402,7,20,ok,
final_v3,direct,fft,complex128,3072,256,contiguous,,direct_fft_complex128_3072_256_contiguous_,3.865849867,3.82141912996,0.0123028730741,7,8,ok,
final_v3,direct,fft,complex128,3584,1,contiguous,,direct_fft_complex128_3584_1_contiguous_,0.026142042815,0.0256954523016,0.000236344205068,7,491,ok,
final_v3,direct,fft,complex128,3584,2,contiguous,,direct_fft_complex128_3584_2_contiguous_,0.0490929500666,0.0489558046684,5.32902777195e-05,7,200,ok,
final_v3,direct,fft,complex128,3584,8,contiguous,,direct_fft_complex128_3584_8_contiguous_,0.153559343744,0.152654374688,9.72933776211e-05,7,160,ok,
final_v3,direct,fft,complex128,3584,64,contiguous,,direct_fft_complex128_3584_64_contiguous_,1.12478114897,1.1144564487,0.0015216995962,7,20,ok,
final_v3,direct,fft,complex128,3584,256,contiguous,,direct_fft_complex128_3584_256_contiguous_,4.49153213828,4.44961399106,0.0145941407287,7,7,ok,
final_v3,direct,fft,complex128,4095,1,contiguous,,direct_fft_complex128_4095_1_contiguous_,0.0357108472175,0.0354180776641,0.000216412962222,7,373,ok,
final_v3,direct,fft,complex128,4095,2,contiguous,,direct_fft_complex128_4095_2_contiguous_,0.0602885597618,0.0601347954944,0.000153764267452,7,200,ok,
final_v3,direct,fft,complex128,4095,8,contiguous,,direct_fft_complex128_4095_8_contiguous_,0.205671661376,0.203359033518,0.00219683111566,7,118,ok,
final_v3,direct,fft,complex128,4095,64,contiguous,,direct_fft_complex128_4095_64_contiguous_,1.53688429855,1.53420815477,0.00255300546996,7,20,ok,
final_v3,direct,fft,complex128,4095,256,contiguous,,direct_fft_complex128_4095_256_contiguous_,6.58850581385,6.51352179702,0.0580642139539,7,5,ok,
final_v3,direct,fft,complex128,4096,1,contiguous,,direct_fft_complex128_4096_1_contiguous_,0.029631480325,0.0295236922197,4.76597272085e-05,7,429,ok,
final_v3,direct,fft,complex128,4096,2,contiguous,,direct_fft_complex128_4096_2_contiguous_,0.0562490499578,0.0560285098618,0.000140449847095,7,200,ok,
final_v3,direct,fft,complex128,4096,8,contiguous,,direct_fft_complex128_4096_8_contiguous_,0.17035579398,0.170107843381,6.58506157656e-05,7,141,ok,
final_v3,direct,fft,complex128,4096,64,contiguous,,direct_fft_complex128_4096_64_contiguous_,1.274751249,1.27353410353,0.00112999696285,7,20,ok,
final_v3,direct,fft,complex128,4096,256,contiguous,,direct_fft_complex128_4096_256_contiguous_,5.34449282956,5.31722484933,0.0272679802341,7,6,ok,
final_v3,direct,fft,complex128,4097,1,contiguous,,direct_fft_complex128_4097_1_contiguous_,0.0932725449093,0.0928853597725,0.000266165006906,5,200,ok,
final_v3,direct,fft,complex128,4097,2,contiguous,,direct_fft_complex128_4097_2_contiguous_,0.172656092211,0.172331617115,0.00032447509679,5,141,ok,
final_v3,direct,fft,complex128,4097,8,contiguous,,direct_fft_complex128_4097_8_contiguous_,0.65061779031,0.643629948363,0.0041733943171,5,38,ok,
final_v3,direct,fft,complex128,4097,64,contiguous,,direct_fft_complex128_4097_64_contiguous_,5.08645017787,5.03921033426,0.00583198076735,5,6,ok,
final_v3,direct,fft,complex128,4097,256,contiguous,,direct_fft_complex128_4097_256_contiguous_,20.9575250046,20.8457779372,0.085309962742,5,1,ok,
final_v3,direct,fft,complex128,4608,1,contiguous,,direct_fft_complex128_4608_1_contiguous_,0.0338024250232,0.0334550597472,4.69852238894e-05,5,200,ok,
final_v3,direct,fft,complex128,4608,2,contiguous,,direct_fft_complex128_4608_2_contiguous_,0.0643890351057,0.0643612345448,2.78005609289e-05,5,200,ok,
final_v3,direct,fft,complex128,4608,8,contiguous,,direct_fft_complex128_4608_8_contiguous_,0.207405808032,0.202330450217,0.0004234170774,5,120,ok,
final_v3,direct,fft,complex128,4608,64,contiguous,,direct_fft_complex128_4608_64_contiguous_,1.45350099774,1.44633534946,0.00271275057457,5,20,ok,
final_v3,direct,fft,complex128,4608,256,contiguous,,direct_fft_complex128_4608_256_contiguous_,6.29272698425,6.25479619484,0.0379307894036,5,5,ok,
final_v3,direct,fft,complex128,8192,1,contiguous,,direct_fft_complex128_8192_1_contiguous_,0.0567930052057,0.0567233847687,6.32146839052e-05,5,200,ok,
final_v3,direct,fft,complex128,8192,2,contiguous,,direct_fft_complex128_8192_2_contiguous_,0.105813230039,0.105766794877,4.64351614937e-05,5,200,ok,
final_v3,direct,fft,complex128,8192,8,contiguous,,direct_fft_complex128_8192_8_contiguous_,0.366824030232,0.362916279461,0.00362476566806,5,68,ok,
final_v3,direct,fft,complex128,8192,64,contiguous,,direct_fft_complex128_8192_64_contiguous_,2.63611738606,2.59946584881,0.0144646932872,5,13,ok,
final_v3,direct,fft,complex128,8192,256,contiguous,,direct_fft_complex128_8192_256_contiguous_,13.2478285232,13.1985165062,0.0493120169267,5,2,ok,
final_v3,direct,fft,complex128,16384,1,contiguous,,direct_fft_complex128_16384_1_contiguous_,0.111925490201,0.1117219351,0.000203555100597,5,200,ok,
final_v3,direct,fft,complex128,16384,2,contiguous,,direct_fft_complex128_16384_2_contiguous_,0.1999930742,0.199858737598,0.000134336601821,5,122,ok,
final_v3,direct,fft,complex128,16384,8,contiguous,,direct_fft_complex128_16384_8_contiguous_,0.706592749339,0.703042501118,0.00130929984152,5,20,ok,
final_v3,direct,fft,complex128,16384,64,contiguous,,direct_fft_complex128_16384_64_contiguous_,6.02105860598,5.97824719734,0.042811408639,5,5,ok,
final_v3,direct,fft,complex128,16384,256,contiguous,,direct_fft_complex128_16384_256_contiguous_,27.2562360624,27.057154919,0.0673789763823,5,1,ok,
final_v3,direct,fft,complex128,32768,1,contiguous,,direct_fft_complex128_32768_1_contiguous_,0.229596229754,0.228184701812,0.000606933519101,5,104,ok,
final_v3,direct,fft,complex128,32768,2,contiguous,,direct_fft_complex128_32768_2_contiguous_,0.414220297611,0.409554175444,0.000741841320537,5,57,ok,
final_v3,direct,fft,complex128,32768,8,contiguous,,direct_fft_complex128_32768_8_contiguous_,1.56075935229,1.55804409878,0.00203860108741,5,20,ok,
final_v3,direct,fft,complex128,32768,64,contiguous,,direct_fft_complex128_32768_64_contiguous_,14.9156554835,14.6532385261,0.139260024298,5,2,ok,
final_v3,direct,fft,complex128,32768,256,contiguous,,direct_fft_complex128_32768_256_contiguous_,57.2491310304,56.7387419287,0.510389101692,5,1,ok,
final_v3,direct,fft,complex128,65536,1,contiguous,,direct_fft_complex128_65536_1_contiguous_,0.469493540004,0.469477500301,1.60397030413e-05,5,50,ok,
final_v3,direct,fft,complex128,65536,2,contiguous,,direct_fft_complex128_65536_2_contiguous_,0.889162695967,0.885459198616,0.00127219245769,5,20,ok,
final_v3,direct,fft,complex128,65536,8,contiguous,,direct_fft_complex128_65536_8_contiguous_,3.41296199476,3.40138260508,0.0115793896839,5,10,ok,
final_v3,direct,fft,complex128,65536,64,contiguous,,direct_fft_complex128_65536_64_contiguous_,32.0028340211,31.9574449677,0.0453890534118,5,1,ok,
final_v3,direct,fft,complex128,65536,256,contiguous,,direct_fft_complex128_65536_256_contiguous_,125.933317933,124.814136885,0.68897404708,5,1,ok,
final_v3,direct,ifft,complex64,1024,1,contiguous,,direct_ifft_complex64_1024_1_contiguous_,0.0110137963898,0.0108490897703,8.36381070486e-05,7,702,ok,
final_v3,direct,ifft,complex64,1024,2,contiguous,,direct_ifft_complex64_1024_2_contiguous_,0.0186935445623,0.0183187260311,0.000374587429472,7,606,ok,
final_v3,direct,ifft,complex64,1024,8,contiguous,,direct_ifft_complex64_1024_8_contiguous_,0.0323915400077,0.0320660148282,7.07805156708e-05,7,200,ok,
final_v3,direct,ifft,complex64,1024,64,contiguous,,direct_ifft_complex64_1024_64_contiguous_,0.19194856323,0.190718063442,0.000437277199198,7,126,ok,
final_v3,direct,ifft,complex64,1024,256,contiguous,,direct_ifft_complex64_1024_256_contiguous_,0.733612850308,0.729557644809,0.00336394878104,7,20,ok,
final_v3,direct,ifft,complex64,2048,1,contiguous,,direct_ifft_complex64_2048_1_contiguous_,0.0168914651318,0.0167207203127,3.40793336872e-05,7,744,ok,
final_v3,direct,ifft,complex64,2048,2,contiguous,,direct_ifft_complex64_2048_2_contiguous_,0.0307576267756,0.0306714722418,7.19603451244e-05,7,453,ok,
final_v3,direct,ifft,complex64,2048,8,contiguous,,direct_ifft_complex64_2048_8_contiguous_,0.0612645299407,0.0605190201895,0.00023020489607,7,200,ok,
final_v3,direct,ifft,complex64,2048,64,contiguous,,direct_ifft_complex64_2048_64_contiguous_,0.403349747648,0.397521501873,0.000848446507007,7,20,ok,
final_v3,direct,ifft,complex64,2048,256,contiguous,,direct_ifft_complex64_2048_256_contiguous_,1.52921280242,1.51802310138,0.00401555444114,7,20,ok,
final_v3,direct,ifft,complex64,3072,1,contiguous,,direct_ifft_complex64_3072_1_contiguous_,0.023724770391,0.0235628434205,9.05272960807e-05,7,518,ok,
final_v3,direct,ifft,complex64,3072,2,contiguous,,direct_ifft_complex64_3072_2_contiguous_,0.0443642702885,0.0438435049728,0.000145205412991,7,200,ok,
final_v3,direct,ifft,complex64,3072,8,contiguous,,direct_ifft_complex64_3072_8_contiguous_,0.0929668603931,0.0921439100057,0.000155219458975,7,200,ok,
final_v3,direct,ifft,complex64,3072,64,contiguous,,direct_ifft_complex64_3072_64_contiguous_,0.615541898878,0.609544897452,0.00247190473601,7,20,ok,
final_v3,direct,ifft,complex64,3072,256,contiguous,,direct_ifft_complex64_3072_256_contiguous_,2.40428014825,2.39811864282,0.00325564594407,7,14,ok,
final_v3,direct,ifft,complex64,3584,1,contiguous,,direct_ifft_complex64_3584_1_contiguous_,0.0262677780879,0.0261577585226,8.28196314852e-05,7,460,ok,
final_v3,direct,ifft,complex64,3584,2,contiguous,,direct_ifft_complex64_3584_2_contiguous_,0.0506469851825,0.0497578200884,0.000508745433763,7,200,ok,
final_v3,direct,ifft,complex64,3584,8,contiguous,,direct_ifft_complex64_3584_8_contiguous_,0.104900119477,0.104529365199,0.00030112976674,7,200,ok,
final_v3,direct,ifft,complex64,3584,64,contiguous,,direct_ifft_complex64_3584_64_contiguous_,0.701972597744,0.698033702793,0.00280900276266,7,20,ok,
final_v3,direct,ifft,complex64,3584,256,contiguous,,direct_ifft_complex64_3584_256_contiguous_,2.79591425594,2.76702666694,0.0288875889964,7,12,ok,
final_v3,direct,ifft,complex64,4095,1,contiguous,,direct_ifft_complex64_4095_1_contiguous_,0.0449824175027,0.0441383795235,0.000137034482483,7,290,ok,
final_v3,direct,ifft,complex64,4095,2,contiguous,,direct_ifft_complex64_4095_2_contiguous_,0.0773913296871,0.0768675550353,0.00030753959436,7,200,ok,
final_v3,direct,ifft,complex64,4095,8,contiguous,,direct_ifft_complex64_4095_8_contiguous_,0.270450053706,0.26898899966,0.000645803874763,7,92,ok,
final_v3,direct,ifft,complex64,4095,64,contiguous,,direct_ifft_complex64_4095_64_contiguous_,2.05856681714,2.04835387558,0.00246118725045,7,16,ok,
final_v3,direct,ifft,complex64,4095,256,contiguous,,direct_ifft_complex64_4095_256_contiguous_,8.19028750993,8.16942076199,0.0095920113381,7,4,ok,
final_v3,direct,ifft,complex64,4096,1,contiguous,,direct_ifft_complex64_4096_1_contiguous_,0.0291951499252,0.0291422958506,5.28540745701e-05,7,460,ok,
final_v3,direct,ifft,complex64,4096,2,contiguous,,direct_ifft_complex64_4096_2_contiguous_,0.054819030338,0.0546947104158,0.000117955496535,7,200,ok,
final_v3,direct,ifft,complex64,4096,8,contiguous,,direct_ifft_complex64_4096_8_contiguous_,0.164062389479,0.163604805384,0.000197195054201,7,149,ok,
final_v3,direct,ifft,complex64,4096,64,contiguous,,direct_ifft_complex64_4096_64_contiguous_,1.18206500192,1.1813252524,0.000693701440468,7,20,ok,
final_v3,direct,ifft,complex64,4096,256,contiguous,,direct_ifft_complex64_4096_256_contiguous_,4.7150628608,4.69128957151,0.0175051391125,7,7,ok,
final_v3,direct,ifft,complex64,4097,1,contiguous,,direct_ifft_complex64_4097_1_contiguous_,0.113764280104,0.113187615061,0.000181070063263,5,200,ok,
final_v3,direct,ifft,complex64,4097,2,contiguous,,direct_ifft_complex64_4097_2_contiguous_,0.212918983066,0.212557921949,8.03968226858e-05,5,116,ok,
final_v3,direct,ifft,complex64,4097,8,contiguous,,direct_ifft_complex64_4097_8_contiguous_,0.802150500628,0.801376167995,0.000608429157486,5,30,ok,
final_v3,direct,ifft,complex64,4097,64,contiguous,,direct_ifft_complex64_4097_64_contiguous_,6.30398681387,6.30135620013,0.000949599780142,5,5,ok,
final_v3,direct,ifft,complex64,4097,256,contiguous,,direct_ifft_complex64_4097_256_contiguous_,25.4418709083,25.2341149608,0.101609155536,5,1,ok,
final_v3,direct,ifft,complex64,4608,1,contiguous,,direct_ifft_complex64_4608_1_contiguous_,0.033326484845,0.0332186446758,0.000107840169221,5,200,ok,
final_v3,direct,ifft,complex64,4608,2,contiguous,,direct_ifft_complex64_4608_2_contiguous_,0.0633552647196,0.0631025648909,8.42951703817e-05,5,200,ok,
final_v3,direct,ifft,complex64,4608,8,contiguous,,direct_ifft_complex64_4608_8_contiguous_,0.193261495593,0.192497157506,0.000475086345095,5,127,ok,
final_v3,direct,ifft,complex64,4608,64,contiguous,,direct_ifft_complex64_4608_64_contiguous_,1.4067381504,1.40499509871,0.00174305168912,5,20,ok,
final_v3,direct,ifft,complex64,4608,256,contiguous,,direct_ifft_complex64_4608_256_contiguous_,5.78557979316,5.77215219382,0.0134275993332,5,5,ok,
final_v3,direct,ifft,complex64,8192,1,contiguous,,direct_ifft_complex64_8192_1_contiguous_,0.0555676047225,0.0549095950555,0.000151109998114,5,200,ok,
final_v3,direct,ifft,complex64,8192,2,contiguous,,direct_ifft_complex64_8192_2_contiguous_,0.10836086527,0.108044460067,0.00028129434213,5,200,ok,
final_v3,direct,ifft,complex64,8192,8,contiguous,,direct_ifft_complex64_8192_8_contiguous_,0.339675945077,0.33871150633,0.000964438746849,5,73,ok,
final_v3,direct,ifft,complex64,8192,64,contiguous,,direct_ifft_complex64_8192_64_contiguous_,2.55628137921,2.55327538336,0.00171300668556,5,13,ok,
final_v3,direct,ifft,complex64,8192,256,contiguous,,direct_ifft_complex64_8192_256_contiguous_,10.504550999,10.3859119893,0.102336673687,5,3,ok,
final_v3,direct,ifft,complex64,16384,1,contiguous,,direct_ifft_complex64_16384_1_contiguous_,0.106840939843,0.106453659828,0.000263014808297,5,200,ok,
final_v3,direct,ifft,complex64,16384,2,contiguous,,direct_ifft_complex64_16384_2_contiguous_,0.192137798764,0.191716666788,0.000421131975487,5,129,ok,
final_v3,direct,ifft,complex64,16384,8,contiguous,,direct_ifft_complex64_16384_8_contiguous_,0.677199999336,0.67553705303,0.00166294630617,5,20,ok,
final_v3,direct,ifft,complex64,16384,64,contiguous,,direct_ifft_complex64_16384_64_contiguous_,5.16023184173,5.08684915258,0.0692953278,5,6,ok,
final_v3,direct,ifft,complex64,16384,256,contiguous,,direct_ifft_complex64_16384_256_contiguous_,23.7680339487,23.4065169934,0.13480708003,5,1,ok,
final_v3,direct,ifft,complex64,32768,1,contiguous,,direct_ifft_complex64_32768_1_contiguous_,0.217152291575,0.216275650156,0.000638397463228,5,106,ok,
final_v3,direct,ifft,complex64,32768,2,contiguous,,direct_ifft_complex64_32768_2_contiguous_,0.394344887501,0.392174305049,0.000432710118231,5,62,ok,
final_v3,direct,ifft,complex64,32768,8,contiguous,,direct_ifft_complex64_32768_8_contiguous_,1.40808655415,1.40197675209,0.00610980205238,5,20,ok,
final_v3,direct,ifft,complex64,32768,64,contiguous,,direct_ifft_complex64_32768_64_contiguous_,11.6506260044,11.3270896642,0.290902680717,5,3,ok,
final_v3,direct,ifft,complex64,32768,256,contiguous,,direct_ifft_complex64_32768_256_contiguous_,49.1234229412,48.8656279631,0.0562790082768,5,1,ok,
final_v3,direct,ifft,complex64,65536,1,contiguous,,direct_ifft_complex64_65536_1_contiguous_,0.450160527941,0.447618218393,0.000809234651652,5,55,ok,
final_v3,direct,ifft,complex64,65536,2,contiguous,,direct_ifft_complex64_65536_2_contiguous_,0.838942301925,0.836855149828,0.00114199938253,5,20,ok,
final_v3,direct,ifft,complex64,65536,8,contiguous,,direct_ifft_complex64_65536_8_contiguous_,3.15286100376,3.14008650603,0.0107388012111,5,10,ok,
final_v3,direct,ifft,complex64,65536,64,contiguous,,direct_ifft_complex64_65536_64_contiguous_,27.4828360416,27.4611370405,0.0216990010813,5,1,ok,
final_v3,direct,ifft,complex64,65536,256,contiguous,,direct_ifft_complex64_65536_256_contiguous_,108.437380055,107.956351945,0.405614031479,5,1,ok,
final_v3,direct,ifft,complex128,1024,1,contiguous,,direct_ifft_complex128_1024_1_contiguous_,0.0110861317186,0.0110006889771,1.20817808571e-05,7,820,ok,
final_v3,direct,ifft,complex128,1024,2,contiguous,,direct_ifft_complex128_1024_2_contiguous_,0.0184203697683,0.0182673639416,3.93261802227e-05,7,687,ok,
final_v3,direct,ifft,complex128,1024,8,contiguous,,direct_ifft_complex128_1024_8_contiguous_,0.0471254851436,0.0467953045154,0.000128024839796,7,200,ok,
final_v3,direct,ifft,complex128,1024,64,contiguous,,direct_ifft_complex128_1024_64_contiguous_,0.303015431941,0.302679667157,0.00016176411997,7,81,ok,
final_v3,direct,ifft,complex128,1024,256,contiguous,,direct_ifft_complex128_1024_256_contiguous_,1.19312749594,1.18610814679,0.00321014667861,7,20,ok,
final_v3,direct,ifft,complex128,2048,1,contiguous,,direct_ifft_complex128_2048_1_contiguous_,0.0180051357457,0.0177763025172,0.000162595192998,7,714,ok,
final_v3,direct,ifft,complex128,2048,2,contiguous,,direct_ifft_complex128_2048_2_contiguous_,0.032932239589,0.0326247276966,0.000247429562252,7,426,ok,
final_v3,direct,ifft,complex128,2048,8,contiguous,,direct_ifft_complex128_2048_8_contiguous_,0.0922220450593,0.0916354102083,0.000107840169221,7,200,ok,
final_v3,direct,ifft,complex128,2048,64,contiguous,,direct_ifft_complex128_2048_64_contiguous_,0.649076502305,0.645564752631,0.000770797487348,7,20,ok,
final_v3,direct,ifft,complex128,2048,256,contiguous,,direct_ifft_complex128_2048_256_contiguous_,2.53974069626,2.53233461318,0.00740608307891,7,13,ok,
final_v3,direct,ifft,complex128,3072,1,contiguous,,direct_ifft_complex128_3072_1_contiguous_,0.0252659377889,0.0249389156954,0.000159176679919,7,498,ok,
final_v3,direct,ifft,complex128,3072,2,contiguous,,direct_ifft_complex128_3072_2_contiguous_,0.0484213646268,0.0477707199752,0.000650644651614,7,200,ok,
final_v3,direct,ifft,complex128,3072,8,contiguous,,direct_ifft_complex128_3072_8_contiguous_,0.141837426505,0.140821713034,0.000839374213322,7,171,ok,
final_v3,direct,ifft,complex128,3072,64,contiguous,,direct_ifft_complex128_3072_64_contiguous_,1.01705195266,1.01457905257,0.0018437509425,7,20,ok,
final_v3,direct,ifft,complex128,3072,256,contiguous,,direct_ifft_complex128_3072_256_contiguous_,3.99334075337,3.96076575271,0.0293679913739,7,8,ok,
final_v3,direct,ifft,complex128,3584,1,contiguous,,direct_ifft_complex128_3584_1_contiguous_,0.0277411055126,0.027522166812,7.34386655192e-05,7,408,ok,
final_v3,direct,ifft,complex128,3584,2,contiguous,,direct_ifft_complex128_3584_2_contiguous_,0.0529043097049,0.0525035551982,0.000273730256595,7,200,ok,
final_v3,direct,ifft,complex128,3584,8,contiguous,,direct_ifft_complex128_3584_8_contiguous_,0.158294850156,0.156311090739,0.00127633827944,7,154,ok,
final_v3,direct,ifft,complex128,3584,64,contiguous,,direct_ifft_complex128_3584_64_contiguous_,1.15135044907,1.14799404982,0.00155825400725,7,20,ok,
final_v3,direct,ifft,complex128,3584,256,contiguous,,direct_ifft_complex128_3584_256_contiguous_,4.58280143461,4.54589055984,0.0369108747691,7,7,ok,
final_v3,direct,ifft,complex128,4095,1,contiguous,,direct_ifft_complex128_4095_1_contiguous_,0.0391750642757,0.039042227926,5.96053255667e-05,7,342,ok,
final_v3,direct,ifft,complex128,4095,2,contiguous,,direct_ifft_complex128_4095_2_contiguous_,0.0726603996009,0.0662752601784,0.0010793004185,7,200,ok,
final_v3,direct,ifft,complex128,4095,8,contiguous,,direct_ifft_complex128_4095_8_contiguous_,0.227759245106,0.225450818173,0.00190963672305,7,110,ok,
final_v3,direct,ifft,complex128,4095,64,contiguous,,direct_ifft_complex128_4095_64_contiguous_,1.71499649878,1.68794785277,0.0208436977118,7,20,ok,
final_v3,direct,ifft,complex128,4095,256,contiguous,,direct_ifft_complex128_4095_256_contiguous_,7.24500525394,7.12689498323,0.101005512988,7,4,ok,
final_v3,direct,ifft,complex128,4096,1,contiguous,,direct_ifft_complex128_4096_1_contiguous_,0.0315639599716,0.0313405760975,6.07307670531e-05,7,401,ok,
final_v3,direct,ifft,complex128,4096,2,contiguous,,direct_ifft_complex128_4096_2_contiguous_,0.0589455501176,0.0585674348986,0.000247834832408,7,200,ok,
final_v3,direct,ifft,complex128,4096,8,contiguous,,direct_ifft_complex128_4096_8_contiguous_,0.178981696566,0.178454614555,0.000513577833772,7,135,ok,
final_v3,direct,ifft,complex128,4096,64,contiguous,,direct_ifft_complex128_4096_64_contiguous_,1.33462515078,1.33206064929,0.00104284845293,7,20,ok,
final_v3,direct,ifft,complex128,4096,256,contiguous,,direct_ifft_complex128_4096_256_contiguous_,5.61177183408,5.48802382157,0.101233328072,7,6,ok,
final_v3,direct,ifft,complex128,4097,1,contiguous,,direct_ifft_complex128_4097_1_contiguous_,0.0939287996152,0.093560150126,0.00034200027585,5,200,ok,
final_v3,direct,ifft,complex128,4097,2,contiguous,,direct_ifft_complex128_4097_2_contiguous_,0.173791528115,0.173189971616,0.000100239330876,5,142,ok,
final_v3,direct,ifft,complex128,4097,8,contiguous,,direct_ifft_complex128_4097_8_contiguous_,0.651803314931,0.651521761412,0.0002815535194,5,38,ok,
final_v3,direct,ifft,complex128,4097,64,contiguous,,direct_ifft_complex128_4097_64_contiguous_,5.0717475048,5.03926215849,0.00997266033664,5,6,ok,
final_v3,direct,ifft,complex128,4097,256,contiguous,,direct_ifft_complex128_4097_256_contiguous_,20.7631819649,20.728991949,0.0341900158674,5,1,ok,
final_v3,direct,ifft,complex128,4608,1,contiguous,,direct_ifft_complex128_4608_1_contiguous_,0.0356215250213,0.0355013646185,1.34250149131e-05,5,200,ok,
final_v3,direct,ifft,complex128,4608,2,contiguous,,direct_ifft_complex128_4608_2_contiguous_,0.0675434397999,0.0673124799505,0.000228054705076,5,200,ok,
final_v3,direct,ifft,complex128,4608,8,contiguous,,direct_ifft_complex128_4608_8_contiguous_,0.211585150306,0.211272654494,0.000286876199256,5,113,ok,
final_v3,direct,ifft,complex128,4608,64,contiguous,,direct_ifft_complex128_4608_64_contiguous_,1.5289949486,1.52447645087,0.00221889931709,5,20,ok,
final_v3,direct,ifft,complex128,4608,256,contiguous,,direct_ifft_complex128_4608_256_contiguous_,6.54596701497,6.51213974925,0.0232557358686,5,4,ok,
final_v3,direct,ifft,complex128,8192,1,contiguous,,direct_ifft_complex128_8192_1_contiguous_,0.0613414152758,0.0607872399269,0.000554175348952,5,200,ok,
final_v3,direct,ifft,complex128,8192,2,contiguous,,direct_ifft_complex128_8192_2_contiguous_,0.112393265008,0.112078915117,3.94653761759e-05,5,200,ok,
final_v3,direct,ifft,complex128,8192,8,contiguous,,direct_ifft_complex128_8192_8_contiguous_,0.370411075471,0.37036068675,5.03887213877e-05,5,67,ok,
final_v3,direct,ifft,complex128,8192,64,contiguous,,direct_ifft_complex128_8192_64_contiguous_,2.75378667478,2.71747108006,0.0311072605352,5,12,ok,
final_v3,direct,ifft,complex128,8192,256,contiguous,,direct_ifft_complex128_8192_256_contiguous_,13.7596395216,13.6114439811,0.147980521433,5,2,ok,
final_v3,direct,ifft,complex128,16384,1,contiguous,,direct_ifft_complex128_16384_1_contiguous_,0.117818519939,0.117450819816,0.000138144823723,5,200,ok,
final_v3,direct,ifft,complex128,16384,2,contiguous,,direct_ifft_complex128_16384_2_contiguous_,0.212775560692,0.211225455962,0.00155010473048,5,114,ok,
final_v3,direct,ifft,complex128,16384,8,contiguous,,direct_ifft_complex128_16384_8_contiguous_,0.747247796971,0.746353750583,0.000894046388566,5,20,ok,
final_v3,direct,ifft,complex128,16384,64,contiguous,,direct_ifft_complex128_16384_64_contiguous_,6.23389140237,6.17567698937,0.032993988134,5,5,ok,
final_v3,direct,ifft,complex128,16384,256,contiguous,,direct_ifft_complex128_16384_256_contiguous_,28.1558510615,28.0524280388,0.00659201759845,5,1,ok,
final_v3,direct,ifft,complex128,32768,1,contiguous,,direct_ifft_complex128_32768_1_contiguous_,0.240146515261,0.239271545933,0.000874969327465,5,99,ok,
final_v3,direct,ifft,complex128,32768,2,contiguous,,direct_ifft_complex128_32768_2_contiguous_,0.437182198617,0.432942018167,0.00341108957814,5,55,ok,
final_v3,direct,ifft,complex128,32768,8,contiguous,,direct_ifft_complex128_32768_8_contiguous_,1.68122954783,1.67800229974,0.00235410407186,5,20,ok,
final_v3,direct,ifft,complex128,32768,64,contiguous,,direct_ifft_complex128_32768_64_contiguous_,15.3044399922,15.2987199835,0.00528449891135,5,2,ok,
final_v3,direct,ifft,complex128,32768,256,contiguous,,direct_ifft_complex128_32768_256_contiguous_,60.2835849859,59.9662360037,0.317348982207,5,1,ok,
final_v3,direct,ifft,complex128,65536,1,contiguous,,direct_ifft_complex128_65536_1_contiguous_,0.50050400112,0.494864469926,0.000885017786403,5,49,ok,
final_v3,direct,ifft,complex128,65536,2,contiguous,,direct_ifft_complex128_65536_2_contiguous_,0.931797298836,0.927465653513,0.00433164532296,5,20,ok,
final_v3,direct,ifft,complex128,65536,8,contiguous,,direct_ifft_complex128_65536_8_contiguous_,3.56669510559,3.54898611032,0.017708995276,5,9,ok,
final_v3,direct,ifft,complex128,65536,64,contiguous,,direct_ifft_complex128_65536_64_contiguous_,34.0020650765,33.7544690119,0.225717085414,5,1,ok,
final_v3,direct,ifft,complex128,65536,256,contiguous,,direct_ifft_complex128_65536_256_contiguous_,131.770687061,131.461653044,0.21171302069,5,1,ok,
final_v3,direct,rfft,float32,1024,1,contiguous,,direct_rfft_float32_1024_1_contiguous_,0.00887138097064,0.00885457973456,1.68012360795e-05,7,790,ok,
final_v3,direct,rfft,float32,1024,2,contiguous,,direct_rfft_float32_1024_2_contiguous_,0.0100444166866,0.00995894311811,4.40756765269e-05,7,1003,ok,
final_v3,direct,rfft,float32,1024,8,contiguous,,direct_rfft_float32_1024_8_contiguous_,0.0279809202766,0.0278351153247,8.0440659076e-05,7,200,ok,
final_v3,direct,rfft,float32,1024,64,contiguous,,direct_rfft_float32_1024_64_contiguous_,0.171490773189,0.171129851014,0.000264226452362,7,141,ok,
final_v3,direct,rfft,float32,1024,256,contiguous,,direct_rfft_float32_1024_256_contiguous_,0.665633101016,0.658662349451,0.0024973473046,7,20,ok,
final_v3,direct,rfft,float32,2048,1,contiguous,,direct_rfft_float32_2048_1_contiguous_,0.0126409871137,0.0126206331792,2.03539345184e-05,7,1006,ok,
final_v3,direct,rfft,float32,2048,2,contiguous,,direct_rfft_float32_2048_2_contiguous_,0.015565647774,0.0154149614104,9.04620073475e-05,7,829,ok,
final_v3,direct,rfft,float32,2048,8,contiguous,,direct_rfft_float32_2048_8_contiguous_,0.05287851498,0.052576335147,0.000110195251182,7,200,ok,
final_v3,direct,rfft,float32,2048,64,contiguous,,direct_rfft_float32_2048_64_contiguous_,0.359575200127,0.355557596777,0.00230005243793,7,20,ok,
final_v3,direct,rfft,float32,2048,256,contiguous,,direct_rfft_float32_2048_256_contiguous_,1.40095145325,1.39500549994,0.0014175020624,7,20,ok,
final_v3,direct,rfft,float32,3072,1,contiguous,,direct_rfft_float32_3072_1_contiguous_,0.0163083590078,0.016230849985,2.03564130247e-05,7,780,ok,
final_v3,direct,rfft,float32,3072,2,contiguous,,direct_rfft_float32_3072_2_contiguous_,0.0199757749215,0.0198428402655,7.38748349249e-05,7,200,ok,
final_v3,direct,rfft,float32,3072,8,contiguous,,direct_rfft_float32_3072_8_contiguous_,0.0756425998406,0.0752419949276,8.13452061266e-05,7,200,ok,
final_v3,direct,rfft,float32,3072,64,contiguous,,direct_rfft_float32_3072_64_contiguous_,0.526073900983,0.524813198717,0.0012066506315,7,20,ok,
final_v3,direct,rfft,float32,3072,256,contiguous,,direct_rfft_float32_3072_256_contiguous_,2.08129874954,2.07119662809,0.00470769009553,7,16,ok,
final_v3,direct,rfft,float32,3584,1,contiguous,,direct_rfft_float32_3584_1_contiguous_,0.018874268114,0.0188376316579,3.42188979543e-05,7,630,ok,
final_v3,direct,rfft,float32,3584,2,contiguous,,direct_rfft_float32_3584_2_contiguous_,0.0295964698307,0.0295009999536,5.58950705454e-05,7,200,ok,
final_v3,direct,rfft,float32,3584,8,contiguous,,direct_rfft_float32_3584_8_contiguous_,0.0955715876554,0.0953555496021,0.000216038053303,7,182,ok,
final_v3,direct,rfft,float32,3584,64,contiguous,,direct_rfft_float32_3584_64_contiguous_,0.685784599045,0.683277699864,0.00248689902946,7,20,ok,
final_v3,direct,rfft,float32,3584,256,contiguous,,direct_rfft_float32_3584_256_contiguous_,2.86210172767,2.77016981801,0.0257352790372,7,11,ok,
final_v3,direct,rfft,float32,4095,1,contiguous,,direct_rfft_float32_4095_1_contiguous_,0.0283798620071,0.0277162738654,0.000197610794672,7,442,ok,
final_v3,direct,rfft,float32,4095,2,contiguous,,direct_rfft_float32_4095_2_contiguous_,0.0362292001955,0.0354210252408,0.000808174954727,7,200,ok,
final_v3,direct,rfft,float32,4095,8,contiguous,,direct_rfft_float32_4095_8_contiguous_,0.125778151671,0.125414277944,0.000152338267953,7,198,ok,
final_v3,direct,rfft,float32,4095,64,contiguous,,direct_rfft_float32_4095_64_contiguous_,0.926072249422,0.916937144939,0.00181520008482,7,20,ok,
final_v3,direct,rfft,float32,4095,256,contiguous,,direct_rfft_float32_4095_256_contiguous_,3.72499812511,3.70256125461,0.00962699414231,7,8,ok,
final_v3,direct,rfft,float32,4096,1,contiguous,,direct_rfft_float32_4096_1_contiguous_,0.0200726048675,0.0199449918939,0.000127612973654,7,620,ok,
final_v3,direct,rfft,float32,4096,2,contiguous,,direct_rfft_float32_4096_2_contiguous_,0.0252940400969,0.0251633103471,5.45446528122e-05,7,200,ok,
final_v3,direct,rfft,float32,4096,8,contiguous,,direct_rfft_float32_4096_8_contiguous_,0.0988750101533,0.0984292250359,0.000289659947157,7,200,ok,
final_v3,direct,rfft,float32,4096,64,contiguous,,direct_rfft_float32_4096_64_contiguous_,0.706079852534,0.702282198472,0.00281144748442,7,20,ok,
final_v3,direct,rfft,float32,4096,256,contiguous,,direct_rfft_float32_4096_256_contiguous_,2.86651136015,2.83649299209,0.0103171914816,7,11,ok,
final_v3,direct,rfft,float32,4097,1,contiguous,,direct_rfft_float32_4097_1_contiguous_,0.0950573850423,0.0949591648532,8.55000689626e-05,5,200,ok,
final_v3,direct,rfft,float32,4097,2,contiguous,,direct_rfft_float32_4097_2_contiguous_,0.160259130758,0.160187765122,7.13656358177e-05,5,153,ok,
final_v3,direct,rfft,float32,4097,8,contiguous,,direct_rfft_float32_4097_8_contiguous_,0.39010106342,0.389252111153,0.000350936759441,5,63,ok,
final_v3,direct,rfft,float32,4097,64,contiguous,,direct_rfft_float32_4097_64_contiguous_,3.00919527019,2.99247399777,0.00411081551151,5,11,ok,
final_v3,direct,rfft,float32,4097,256,contiguous,,direct_rfft_float32_4097_256_contiguous_,12.2022824944,11.9942460442,0.138999486808,5,2,ok,
final_v3,direct,rfft,float32,4608,1,contiguous,,direct_rfft_float32_4608_1_contiguous_,0.0228721799795,0.0227742048446,3.27604357153e-05,5,200,ok,
final_v3,direct,rfft,float32,4608,2,contiguous,,direct_rfft_float32_4608_2_contiguous_,0.0279578799382,0.0279082951602,2.5145127438e-05,5,200,ok,
final_v3,direct,rfft,float32,4608,8,contiguous,,direct_rfft_float32_4608_8_contiguous_,0.1128343452,0.112150540226,0.000288454466499,5,200,ok,
final_v3,direct,rfft,float32,4608,64,contiguous,,direct_rfft_float32_4608_64_contiguous_,0.820156250848,0.819491600851,0.000664649996907,5,20,ok,
final_v3,direct,rfft,float32,4608,256,contiguous,,direct_rfft_float32_4608_256_contiguous_,3.42818680219,3.34169841371,0.0332223949954,5,5,ok,
final_v3,direct,rfft,float32,8192,1,contiguous,,direct_rfft_float32_8192_1_contiguous_,0.0381565949647,0.0376438349485,0.000150820123963,5,200,ok,
final_v3,direct,rfft,float32,8192,2,contiguous,,direct_rfft_float32_8192_2_contiguous_,0.0477436248912,0.0471002899576,8.24901508167e-05,5,200,ok,
final_v3,direct,rfft,float32,8192,8,contiguous,,direct_rfft_float32_8192_8_contiguous_,0.204826787576,0.204509062346,0.000239539462908,5,113,ok,
final_v3,direct,rfft,float32,8192,64,contiguous,,direct_rfft_float32_8192_64_contiguous_,1.57509059645,1.52985994937,0.0452306470834,5,20,ok,
final_v3,direct,rfft,float32,8192,256,contiguous,,direct_rfft_float32_8192_256_contiguous_,7.16060426203,7.09924375406,0.0439524883404,5,4,ok,
final_v3,direct,rfft,float32,16384,1,contiguous,,direct_rfft_float32_16384_1_contiguous_,0.0753176247235,0.0748404394835,6.39597419649e-05,5,200,ok,
final_v3,direct,rfft,float32,16384,2,contiguous,,direct_rfft_float32_16384_2_contiguous_,0.123428124114,0.123065725027,0.000306031150367,5,193,ok,
final_v3,direct,rfft,float32,16384,8,contiguous,,direct_rfft_float32_16384_8_contiguous_,0.468733347952,0.465516251279,0.000777456443757,5,20,ok,
final_v3,direct,rfft,float32,16384,64,contiguous,,direct_rfft_float32_16384_64_contiguous_,3.7414495471,3.71791033023,0.0125921150256,5,9,ok,
final_v3,direct,rfft,float32,16384,256,contiguous,,direct_rfft_float32_16384_256_contiguous_,22.1730849007,21.8788769562,0.184575095773,5,1,ok,
final_v3,direct,rfft,float32,32768,1,contiguous,,direct_rfft_float32_32768_1_contiguous_,0.183067938611,0.182541855371,0.000526083239652,5,97,ok,
final_v3,direct,rfft,float32,32768,2,contiguous,,direct_rfft_float32_32768_2_contiguous_,0.254846370334,0.254109098181,0.000193598680198,5,92,ok,
final_v3,direct,rfft,float32,32768,8,contiguous,,direct_rfft_float32_32768_8_contiguous_,0.974329200108,0.97193599795,0.00239320215769,5,20,ok,
final_v3,direct,rfft,float32,32768,64,contiguous,,direct_rfft_float32_32768_64_contiguous_,8.94704166179,8.85066199893,0.0688213234146,5,3,ok,
final_v3,direct,rfft,float32,32768,256,contiguous,,direct_rfft_float32_32768_256_contiguous_,45.1755609829,44.4825900486,0.0789089826867,5,1,ok,
final_v3,direct,rfft,float32,65536,1,contiguous,,direct_rfft_float32_65536_1_contiguous_,0.372636484716,0.36950733435,0.0028823498834,5,66,ok,
final_v3,direct,rfft,float32,65536,2,contiguous,,direct_rfft_float32_65536_2_contiguous_,0.538991147187,0.529455346987,0.00267014838755,5,20,ok,
final_v3,direct,rfft,float32,65536,8,contiguous,,direct_rfft_float32_65536_8_contiguous_,2.03935305763,2.03007293749,0.00889755756361,5,16,ok,
final_v3,direct,rfft,float32,65536,64,contiguous,,direct_rfft_float32_65536_64_contiguous_,23.2520750724,22.985234973,0.120201148093,5,1,ok,
final_v3,direct,rfft,float32,65536,256,contiguous,,direct_rfft_float32_65536_256_contiguous_,91.4135319181,90.1481029578,1.21884595137,5,1,ok,
final_v3,direct,rfft,float64,1024,1,contiguous,,direct_rfft_float64_1024_1_contiguous_,0.00752979308914,0.0074017540883,5.39427613011e-05,7,1102,ok,
final_v3,direct,rfft,float64,1024,2,contiguous,,direct_rfft_float64_1024_2_contiguous_,0.00814171088726,0.00812807893701,1.36319502461e-05,7,1394,ok,
final_v3,direct,rfft,float64,1024,8,contiguous,,direct_rfft_float64_1024_8_contiguous_,0.0245298451046,0.024319125223,0.000192840234376,7,200,ok,
final_v3,direct,rfft,float64,1024,64,contiguous,,direct_rfft_float64_1024_64_contiguous_,0.15488557251,0.154265679226,0.000391440296182,7,159,ok,
final_v3,direct,rfft,float64,1024,256,contiguous,,direct_rfft_float64_1024_256_contiguous_,0.60047939769,0.593164999736,0.00731439795345,7,20,ok,
final_v3,direct,rfft,float64,2048,1,contiguous,,direct_rfft_float64_2048_1_contiguous_,0.0109695345798,0.0107999635987,6.99782024392e-05,7,1100,ok,
final_v3,direct,rfft,float64,2048,2,contiguous,,direct_rfft_float64_2048_2_contiguous_,0.013435425682,0.0133138733515,6.23900883648e-05,7,956,ok,
final_v3,direct,rfft,float64,2048,8,contiguous,,direct_rfft_float64_2048_8_contiguous_,0.0475687650032,0.0474344805116,7.90896592662e-05,7,200,ok,
final_v3,direct,rfft,float64,2048,64,contiguous,,direct_rfft_float64_2048_64_contiguous_,0.324279000051,0.321896350943,0.000810896744952,7,20,ok,
final_v3,direct,rfft,float64,2048,256,contiguous,,direct_rfft_float64_2048_256_contiguous_,1.2689179508,1.26483074855,0.000658648787066,7,20,ok,
final_v3,direct,rfft,float64,3072,1,contiguous,,direct_rfft_float64_3072_1_contiguous_,0.0145507883666,0.0145011856694,3.83534818782e-05,7,846,ok,
final_v3,direct,rfft,float64,3072,2,contiguous,,direct_rfft_float64_3072_2_contiguous_,0.0171314651379,0.01700969995,1.1314987205e-05,7,200,ok,
final_v3,direct,rfft,float64,3072,8,contiguous,,direct_rfft_float64_3072_8_contiguous_,0.0670161098242,0.0665723247221,0.000385780003853,7,200,ok,
final_v3,direct,rfft,float64,3072,64,contiguous,,direct_rfft_float64_3072_64_contiguous_,0.472135399468,0.469915452413,0.000554497819394,7,20,ok,
final_v3,direct,rfft,float64,3072,256,contiguous,,direct_rfft_float64_3072_256_contiguous_,1.84370772008,1.83680555266,0.00690216741835,7,18,ok,
final_v3,direct,rfft,float64,3584,1,contiguous,,direct_rfft_float64_3584_1_contiguous_,0.0167836998834,0.016669709217,2.812777989e-05,7,760,ok,
final_v3,direct,rfft,float64,3584,2,contiguous,,direct_rfft_float64_3584_2_contiguous_,0.0261812051758,0.0258972554002,0.000104585196823,7,200,ok,
final_v3,direct,rfft,float64,3584,8,contiguous,,direct_rfft_float64_3584_8_contiguous_,0.0860823853873,0.0851902150316,0.000351819908246,7,200,ok,
final_v3,direct,rfft,float64,3584,64,contiguous,,direct_rfft_float64_3584_64_contiguous_,0.630300899502,0.626625953009,0.00284350244328,7,20,ok,
final_v3,direct,rfft,float64,3584,256,contiguous,,direct_rfft_float64_3584_256_contiguous_,2.49783769071,2.48223715999,0.00458192796661,7,13,ok,
final_v3,direct,rfft,float64,4095,1,contiguous,,direct_rfft_float64_4095_1_contiguous_,0.0259529268513,0.0254712697847,9.03120458212e-05,7,519,ok,
final_v3,direct,rfft,float64,4095,2,contiguous,,direct_rfft_float64_4095_2_contiguous_,0.0311930803582,0.0309836101951,9.59204044193e-05,7,200,ok,
final_v3,direct,rfft,float64,4095,8,contiguous,,direct_rfft_float64_4095_8_contiguous_,0.11396182992,0.113613065332,0.000348764588125,7,200,ok,
final_v3,direct,rfft,float64,4095,64,contiguous,,direct_rfft_float64_4095_64_contiguous_,0.836951303063,0.832098250976,0.00123315257952,7,20,ok,
final_v3,direct,rfft,float64,4095,256,contiguous,,direct_rfft_float64_4095_256_contiguous_,3.32081769593,3.31478710286,0.00276290811598,7,10,ok,
final_v3,direct,rfft,float64,4096,1,contiguous,,direct_rfft_float64_4096_1_contiguous_,0.0182868987847,0.0182405737299,4.60939064643e-05,7,692,ok,
final_v3,direct,rfft,float64,4096,2,contiguous,,direct_rfft_float64_4096_2_contiguous_,0.0217975850683,0.0215881649638,6.94196205586e-05,7,200,ok,
final_v3,direct,rfft,float64,4096,8,contiguous,,direct_rfft_float64_4096_8_contiguous_,0.0899598601973,0.0897670199629,0.000186875695363,7,200,ok,
final_v3,direct,rfft,float64,4096,64,contiguous,,direct_rfft_float64_4096_64_contiguous_,0.643237202894,0.640290504089,0.00208615092561,7,20,ok,
final_v3,direct,rfft,float64,4096,256,contiguous,,direct_rfft_float64_4096_256_contiguous_,2.54767238556,2.54114015171,0.00438384281901,7,13,ok,
final_v3,direct,rfft,float64,4097,1,contiguous,,direct_rfft_float64_4097_1_contiguous_,0.0925165100489,0.0921462650876,0.000158374896273,5,200,ok,
final_v3,direct,rfft,float64,4097,2,contiguous,,direct_rfft_float64_4097_2_contiguous_,0.158247081828,0.157883334787,0.000102081501126,5,158,ok,
final_v3,direct,rfft,float64,4097,8,contiguous,,direct_rfft_float64_4097_8_contiguous_,0.381883563023,0.381448266126,0.000253407051787,5,64,ok,
final_v3,direct,rfft,float64,4097,64,contiguous,,direct_rfft_float64_4097_64_contiguous_,2.98157481434,2.97602418471,0.00357818366452,5,11,ok,
final_v3,direct,rfft,float64,4097,256,contiguous,,direct_rfft_float64_4097_256_contiguous_,11.9062010199,11.892702023,0.0105185317807,5,2,ok,
final_v3,direct,rfft,float64,4608,1,contiguous,,direct_rfft_float64_4608_1_contiguous_,0.020593564841,0.0204844702967,5.00894384459e-05,5,200,ok,
final_v3,direct,rfft,float64,4608,2,contiguous,,direct_rfft_float64_4608_2_contiguous_,0.0248938897857,0.0244373799069,0.000456509878859,5,200,ok,
final_v3,direct,rfft,float64,4608,8,contiguous,,direct_rfft_float64_4608_8_contiguous_,0.105204404681,0.10437790479,0.000361684942618,5,200,ok,
final_v3,direct,rfft,float64,4608,64,contiguous,,direct_rfft_float64_4608_64_contiguous_,0.748441950418,0.746701902244,0.00174004817382,5,20,ok,
final_v3,direct,rfft,float64,4608,256,contiguous,,direct_rfft_float64_4608_256_contiguous_,3.1057208078,3.07936060708,0.0132474116981,5,5,ok,
final_v3,direct,rfft,float64,8192,1,contiguous,,direct_rfft_float64_8192_1_contiguous_,0.0373782700626,0.0366193847731,0.000374160008505,5,200,ok,
final_v3,direct,rfft,float64,8192,2,contiguous,,direct_rfft_float64_8192_2_contiguous_,0.0445122848032,0.0443912204355,0.000121064367704,5,200,ok,
final_v3,direct,rfft,float64,8192,8,contiguous,,direct_rfft_float64_8192_8_contiguous_,0.199192702102,0.198974491908,0.000218210193599,5,124,ok,
final_v3,direct,rfft,float64,8192,64,contiguous,,direct_rfft_float64_8192_64_contiguous_,1.49743735092,1.43794059986,0.00933340052143,5,20,ok,
final_v3,direct,rfft,float64,8192,256,contiguous,,direct_rfft_float64_8192_256_contiguous_,5.98450440448,5.89903560467,0.0421144068241,5,5,ok,
final_v3,direct,rfft,float64,16384,1,contiguous,,direct_rfft_float64_16384_1_contiguous_,0.0700825598324,0.0697474204935,0.000335139338858,5,200,ok,
final_v3,direct,rfft,float64,16384,2,contiguous,,direct_rfft_float64_16384_2_contiguous_,0.119556279969,0.114564740215,0.000533685088158,5,200,ok,
final_v3,direct,rfft,float64,16384,8,contiguous,,direct_rfft_float64_16384_8_contiguous_,0.450720201479,0.442520750221,0.00706745195203,5,20,ok,
final_v3,direct,rfft,float64,16384,64,contiguous,,direct_rfft_float64_16384_64_contiguous_,3.5030475934,3.37991379201,0.00608869595453,5,10,ok,
final_v3,direct,rfft,float64,16384,256,contiguous,,direct_rfft_float64_16384_256_contiguous_,15.82617854,15.7624665298,0.0349564361386,5,2,ok,
final_v3,direct,rfft,float64,32768,1,contiguous,,direct_rfft_float64_32768_1_contiguous_,0.179390645923,0.172687071072,0.00486175896243,5,141,ok,
final_v3,direct,rfft,float64,32768,2,contiguous,,direct_rfft_float64_32768_2_contiguous_,0.236566169187,0.235608390067,0.000957779120654,5,100,ok,
final_v3,direct,rfft,float64,32768,8,contiguous,,direct_rfft_float64_32768_8_contiguous_,0.940148503287,0.919579301262,0.0140813004691,5,20,ok,
final_v3,direct,rfft,float64,32768,64,contiguous,,direct_rfft_float64_32768_64_contiguous_,7.45614449261,7.16640200699,0.0894877593964,5,4,ok,
final_v3,direct,rfft,float64,32768,256,contiguous,,direct_rfft_float64_32768_256_contiguous_,33.0734400777,32.9074069159,0.0114999711514,5,1,ok,
final_v3,direct,rfft,float64,65536,1,contiguous,,direct_rfft_float64_65536_1_contiguous_,0.352894556376,0.350256927777,0.00263762859894,5,70,ok,
final_v3,direct,rfft,float64,65536,2,contiguous,,direct_rfft_float64_65536_2_contiguous_,0.501742999768,0.499764550477,0.0014545454178,5,20,ok,
final_v3,direct,rfft,float64,65536,8,contiguous,,direct_rfft_float64_65536_8_contiguous_,1.89745893894,1.89436700277,0.00309193616404,5,17,ok,
final_v3,direct,rfft,float64,65536,64,contiguous,,direct_rfft_float64_65536_64_contiguous_,16.9240620453,16.8594680144,0.0645940308459,5,2,ok,
final_v3,direct,rfft,float64,65536,256,contiguous,,direct_rfft_float64_65536_256_contiguous_,67.2084289836,67.1789669432,0.029462040402,5,1,ok,
final_v3,direct,irfft,complex64,1024,1,contiguous,,direct_irfft_complex64_1024_1_contiguous_,0.00899929749189,0.00888535358216,4.62633069241e-05,7,820,ok,
final_v3,direct,irfft,complex64,1024,2,contiguous,,direct_irfft_complex64_1024_2_contiguous_,0.0100545961581,0.0099372097064,5.10311614306e-05,7,968,ok,
final_v3,direct,irfft,complex64,1024,8,contiguous,,direct_irfft_complex64_1024_8_contiguous_,0.0165372196352,0.0156664848328,0.000138195464388,7,200,ok,
final_v3,direct,irfft,complex64,1024,64,contiguous,,direct_irfft_complex64_1024_64_contiguous_,0.084409484989,0.0832582602743,0.000905100023374,7,200,ok,
final_v3,direct,irfft,complex64,1024,256,contiguous,,direct_irfft_complex64_1024_256_contiguous_,0.313892698614,0.30438300455,0.00877300044522,7,20,ok,
final_v3,direct,irfft,complex64,2048,1,contiguous,,direct_irfft_complex64_2048_1_contiguous_,0.0143927269157,0.0138401997825,9.08179326376e-05,7,791,ok,
final_v3,direct,irfft,complex64,2048,2,contiguous,,direct_irfft_complex64_2048_2_contiguous_,0.0160777472828,0.0156516957731,0.000355055304301,7,815,ok,
final_v3,direct,irfft,complex64,2048,8,contiguous,,direct_irfft_complex64_2048_8_contiguous_,0.0276594550814,0.0274960696697,8.65000765771e-05,7,200,ok,
final_v3,direct,irfft,complex64,2048,64,contiguous,,direct_irfft_complex64_2048_64_contiguous_,0.167955749203,0.167389749549,0.000155752059072,7,20,ok,
final_v3,direct,irfft,complex64,2048,256,contiguous,,direct_irfft_complex64_2048_256_contiguous_,0.647164095426,0.644186348654,0.000834505772218,7,20,ok,
final_v3,direct,irfft,complex64,3072,1,contiguous,,direct_irfft_complex64_3072_1_contiguous_,0.0191706248717,0.0190039329508,0.000121351760474,7,597,ok,
final_v3,direct,irfft,complex64,3072,2,contiguous,,direct_irfft_complex64_3072_2_contiguous_,0.0213772949064,0.0212319899583,0.000111699919216,7,200,ok,
final_v3,direct,irfft,complex64,3072,8,contiguous,,direct_irfft_complex64_3072_8_contiguous_,0.0383754749782,0.0380350300111,0.000224550021812,7,200,ok,
final_v3,direct,irfft,complex64,3072,64,contiguous,,direct_irfft_complex64_3072_64_contiguous_,0.245890504448,0.244299200131,0.00106884399429,7,20,ok,
final_v3,direct,irfft,complex64,3072,256,contiguous,,direct_irfft_complex64_3072_256_contiguous_,0.957461498911,0.953843153547,0.0012511969544,7,20,ok,
final_v3,direct,irfft,complex64,3584,1,contiguous,,direct_irfft_complex64_3584_1_contiguous_,0.0197717573685,0.0194683334687,4.85471792073e-05,7,585,ok,
final_v3,direct,irfft,complex64,3584,2,contiguous,,direct_irfft_complex64_3584_2_contiguous_,0.0312371598557,0.0309911748627,0.000228505232371,7,200,ok,
final_v3,direct,irfft,complex64,3584,8,contiguous,,direct_irfft_complex64_3584_8_contiguous_,0.0463190150913,0.0461207149783,9.33150295168e-05,7,200,ok,
final_v3,direct,irfft,complex64,3584,64,contiguous,,direct_irfft_complex64_3584_64_contiguous_,0.302820297657,0.30023319996,0.00115245347843,7,20,ok,
final_v3,direct,irfft,complex64,3584,256,contiguous,,direct_irfft_complex64_3584_256_contiguous_,1.18164779851,1.17459485191,0.00588085385971,7,20,ok,
final_v3,direct,irfft,complex64,4095,1,contiguous,,direct_irfft_complex64_4095_1_contiguous_,0.0489647248727,0.0488085993517,7.65818116038e-05,7,287,ok,
final_v3,direct,irfft,complex64,4095,2,contiguous,,direct_irfft_complex64_4095_2_contiguous_,0.0812021450838,0.0803812447703,0.000273074838333,7,200,ok,
final_v3,direct,irfft,complex64,4095,8,contiguous,,direct_irfft_complex64_4095_8_contiguous_,0.10313726496,0.101532089757,0.000331435003318,7,200,ok,
final_v3,direct,irfft,complex64,4095,64,contiguous,,direct_irfft_complex64_4095_64_contiguous_,0.768482749118,0.76720395009,0.000546954106539,7,20,ok,
final_v3,direct,irfft,complex64,4095,256,contiguous,,direct_irfft_complex64_4095_256_contiguous_,2.97466090838,2.96397118787,0.005981546234,7,11,ok,
final_v3,direct,irfft,complex64,4096,1,contiguous,,direct_irfft_complex64_4096_1_contiguous_,0.0236168302169,0.0234445761506,0.000119245317906,7,559,ok,
final_v3,direct,irfft,complex64,4096,2,contiguous,,direct_irfft_complex64_4096_2_contiguous_,0.0267057749443,0.0264410598902,9.70251858234e-05,7,200,ok,
final_v3,direct,irfft,complex64,4096,8,contiguous,,direct_irfft_complex64_4096_8_contiguous_,0.0502986746142,0.0502207851969,7.33794877306e-05,7,200,ok,
final_v3,direct,irfft,complex64,4096,64,contiguous,,direct_irfft_complex64_4096_64_contiguous_,0.331135099987,0.329301849706,0.00112545094453,7,20,ok,
final_v3,direct,irfft,complex64,4096,256,contiguous,,direct_irfft_complex64_4096_256_contiguous_,1.30287724896,1.30101594841,0.00100975157693,7,20,ok,
final_v3,direct,irfft,complex64,4097,1,contiguous,,direct_irfft_complex64_4097_1_contiguous_,0.0235372950556,0.023443630198,9.36648575589e-05,5,200,ok,
final_v3,direct,irfft,complex64,4097,2,contiguous,,direct_irfft_complex64_4097_2_contiguous_,0.0266346998978,0.0265563145513,4.78851143271e-05,5,200,ok,
final_v3,direct,irfft,complex64,4097,8,contiguous,,direct_irfft_complex64_4097_8_contiguous_,0.0499805650907,0.0499673897866,1.31753040478e-05,5,200,ok,
final_v3,direct,irfft,complex64,4097,64,contiguous,,direct_irfft_complex64_4097_64_contiguous_,0.330196449067,0.328547047684,0.000370154157281,5,20,ok,
final_v3,direct,irfft,complex64,4097,256,contiguous,,direct_irfft_complex64_4097_256_contiguous_,1.29734259099,1.29359799903,0.00267461873591,5,5,ok,
final_v3,direct,irfft,complex64,4608,1,contiguous,,direct_irfft_complex64_4608_1_contiguous_,0.0281454651849,0.027908795164,4.893518053e-05,5,200,ok,
final_v3,direct,irfft,complex64,4608,2,contiguous,,direct_irfft_complex64_4608_2_contiguous_,0.030769284931,0.0306375999935,0.000131684937514,5,200,ok,
final_v3,direct,irfft,complex64,4608,8,contiguous,,direct_irfft_complex64_4608_8_contiguous_,0.0531002052594,0.0530434551183,5.67501410842e-05,5,200,ok,
final_v3,direct,irfft,complex64,4608,64,contiguous,,direct_irfft_complex64_4608_64_contiguous_,0.349367695162,0.348486646544,0.00021790037863,5,20,ok,
final_v3,direct,irfft,complex64,4608,256,contiguous,,direct_irfft_complex64_4608_256_contiguous_,1.36169579346,1.35655060876,0.00191740691662,5,5,ok,
final_v3,direct,irfft,complex64,8192,1,contiguous,,direct_irfft_complex64_8192_1_contiguous_,0.0452573946677,0.0452199304709,3.74641967937e-05,5,200,ok,
final_v3,direct,irfft,complex64,8192,2,contiguous,,direct_irfft_complex64_8192_2_contiguous_,0.0511942000594,0.0510622648289,7.98399560153e-05,5,200,ok,
final_v3,direct,irfft,complex64,8192,8,contiguous,,direct_irfft_complex64_8192_8_contiguous_,0.101561790216,0.101001654984,0.000116904848255,5,200,ok,
final_v3,direct,irfft,complex64,8192,64,contiguous,,direct_irfft_complex64_8192_64_contiguous_,0.714579346823,0.713571551023,0.000757345696911,5,20,ok,
final_v3,direct,irfft,complex64,8192,256,contiguous,,direct_irfft_complex64_8192_256_contiguous_,2.89168800227,2.88426501211,0.00742299016565,5,5,ok,
final_v3,direct,irfft,complex64,16384,1,contiguous,,direct_irfft_complex64_16384_1_contiguous_,0.0750728952698,0.0747994647827,9.1414549388e-05,5,200,ok,
final_v3,direct,irfft,complex64,16384,2,contiguous,,direct_irfft_complex64_16384_2_contiguous_,0.130663282745,0.130344707036,0.000202031781731,5,191,ok,
final_v3,direct,irfft,complex64,16384,8,contiguous,,direct_irfft_complex64_16384_8_contiguous_,0.247840950033,0.247364595998,0.000476354034618,5,20,ok,
final_v3,direct,irfft,complex64,16384,64,contiguous,,direct_irfft_complex64_16384_64_contiguous_,1.7239582492,1.71723990352,0.000804947922006,5,20,ok,
final_v3,direct,irfft,complex64,16384,256,contiguous,,direct_irfft_complex64_16384_256_contiguous_,7.06707951031,7.06326050567,0.00381900463253,5,4,ok,
final_v3,direct,irfft,complex64,32768,1,contiguous,,direct_irfft_complex64_32768_1_contiguous_,0.136835493907,0.136601235503,0.000125965392538,5,174,ok,
final_v3,direct,irfft,complex64,32768,2,contiguous,,direct_irfft_complex64_32768_2_contiguous_,0.26835886883,0.268229946454,4.06099665586e-05,5,92,ok,
final_v3,direct,irfft,complex64,32768,8,contiguous,,direct_irfft_complex64_32768_8_contiguous_,0.48205035273,0.478811649373,0.00308540766127,5,20,ok,
final_v3,direct,irfft,complex64,32768,64,contiguous,,direct_irfft_complex64_32768_64_contiguous_,3.77593301237,3.76218880992,0.00677979551256,5,5,ok,
final_v3,direct,irfft,complex64,32768,256,contiguous,,direct_irfft_complex64_32768_256_contiguous_,17.6115320064,17.5020300085,0.103152007796,5,1,ok,
final_v3,direct,irfft,complex64,65536,1,contiguous,,direct_irfft_complex64_65536_1_contiguous_,0.271582746991,0.270903197496,0.000104911952883,5,91,ok,
final_v3,direct,irfft,complex64,65536,2,contiguous,,direct_irfft_complex64_65536_2_contiguous_,0.564996397588,0.564063800266,0.000932597322389,5,20,ok,
final_v3,direct,irfft,complex64,65536,8,contiguous,,direct_irfft_complex64_65536_8_contiguous_,0.99688594928,0.983573996928,0.00542704947293,5,20,ok,
final_v3,direct,irfft,complex64,65536,64,contiguous,,direct_irfft_complex64_65536_64_contiguous_,7.60186376283,7.5929829909,0.0088807719294,5,4,ok,
final_v3,direct,irfft,complex64,65536,256,contiguous,,direct_irfft_complex64_65536_256_contiguous_,33.9715110604,33.6793859024,0.0572110293433,5,1,ok,
final_v3,direct,irfft,complex128,1024,1,contiguous,,direct_irfft_complex128_1024_1_contiguous_,0.00838619750606,0.00832110633749,2.69341029346e-05,7,1063,ok,
final_v3,direct,irfft,complex128,1024,2,contiguous,,direct_irfft_complex128_1024_2_contiguous_,0.00944066063165,0.0094115231424,2.04307930866e-05,7,1214,ok,
final_v3,direct,irfft,complex128,1024,8,contiguous,,direct_irfft_complex128_1024_8_contiguous_,0.0191861350322,0.0189794698963,8.33498779684e-05,7,200,ok,
final_v3,direct,irfft,complex128,1024,64,contiguous,,direct_irfft_complex128_1024_64_contiguous_,0.108486889512,0.10834934481,0.000111540430225,7,200,ok,
final_v3,direct,irfft,complex128,1024,256,contiguous,,direct_irfft_complex128_1024_256_contiguous_,0.40615570033,0.405711948406,0.000295497011393,7,20,ok,
final_v3,direct,irfft,complex128,2048,1,contiguous,,direct_irfft_complex128_2048_1_contiguous_,0.0122470610604,0.0122306666601,1.63944003669e-05,7,999,ok,
final_v3,direct,irfft,complex128,2048,2,contiguous,,direct_irfft_complex128_2048_2_contiguous_,0.0149724662325,0.0149464989447,1.57797698643e-05,7,890,ok,
final_v3,direct,irfft,complex128,2048,8,contiguous,,direct_irfft_complex128_2048_8_contiguous_,0.0358411652269,0.0356110045686,3.89647902921e-05,7,200,ok,
final_v3,direct,irfft,complex128,2048,64,contiguous,,direct_irfft_complex128_2048_64_contiguous_,0.228384201182,0.226534903049,0.000703695695847,7,20,ok,
final_v3,direct,irfft,complex128,2048,256,contiguous,,direct_irfft_complex128_2048_256_contiguous_,0.893885100959,0.889850454405,0.00285704736598,7,20,ok,
final_v3,direct,irfft,complex128,3072,1,contiguous,,direct_irfft_complex128_3072_1_contiguous_,0.0164832665275,0.0163584854454,0.000101205116759,7,750,ok,
final_v3,direct,irfft,complex128,3072,2,contiguous,,direct_irfft_complex128_3072_2_contiguous_,0.0194927753182,0.0191753648687,3.10543691739e-05,7,200,ok,
final_v3,direct,irfft,complex128,3072,8,contiguous,,direct_irfft_complex128_3072_8_contiguous_,0.0501473550685,0.0498369603883,0.000201554503292,7,200,ok,
final_v3,direct,irfft,complex128,3072,64,contiguous,,direct_irfft_complex128_3072_64_contiguous_,0.335364049533,0.332206953317,0.00145704834722,7,20,ok,
final_v3,direct,irfft,complex128,3072,256,contiguous,,direct_irfft_complex128_3072_256_contiguous_,1.31433344795,1.30233530072,0.00510095269419,7,20,ok,
final_v3,direct,irfft,complex128,3584,1,contiguous,,direct_irfft_complex128_3584_1_contiguous_,0.0181288507335,0.0180478246572,2.51754038576e-05,7,690,ok,
final_v3,direct,irfft,complex128,3584,2,contiguous,,direct_irfft_complex128_3584_2_contiguous_,0.0293692148989,0.0289227347821,9.85700171441e-05,7,200,ok,
final_v3,direct,irfft,complex128,3584,8,contiguous,,direct_irfft_complex128_3584_8_contiguous_,0.068910800037,0.0679601251613,0.000748574966565,7,200,ok,
final_v3,direct,irfft,complex128,3584,64,contiguous,,direct_irfft_complex128_3584_64_contiguous_,0.461089448072,0.454649096355,0.00106239458546,7,20,ok,
final_v3,direct,irfft,complex128,3584,256,contiguous,,direct_irfft_complex128_3584_256_contiguous_,1.81713826513,1.79426431484,0.0094361051819,7,19,ok,
final_v3,direct,irfft,complex128,4095,1,contiguous,,direct_irfft_complex128_4095_1_contiguous_,0.0397239332521,0.0389697558793,0.000314595824822,7,344,ok,
final_v3,direct,irfft,complex128,4095,2,contiguous,,direct_irfft_complex128_4095_2_contiguous_,0.0671334651997,0.0666515697958,0.000274284975603,7,200,ok,
final_v3,direct,irfft,complex128,4095,8,contiguous,,direct_irfft_complex128_4095_8_contiguous_,0.176439301104,0.175214622502,0.00122467860241,7,143,ok,
final_v3,direct,irfft,complex128,4095,64,contiguous,,direct_irfft_complex128_4095_64_contiguous_,1.31018960383,1.30685979966,0.0013523560483,7,20,ok,
final_v3,direct,irfft,complex128,4095,256,contiguous,,direct_irfft_complex128_4095_256_contiguous_,5.3800153352,5.36849850323,0.008750493483,7,6,ok,
final_v3,direct,irfft,complex128,4096,1,contiguous,,direct_irfft_complex128_4096_1_contiguous_,0.0211129282413,0.0209848681641,3.49803393895e-05,7,614,ok,
final_v3,direct,irfft,complex128,4096,2,contiguous,,direct_irfft_complex128_4096_2_contiguous_,0.0247786351247,0.0247291952837,2.61451350525e-05,7,200,ok,
final_v3,direct,irfft,complex128,4096,8,contiguous,,direct_irfft_complex128_4096_8_contiguous_,0.0676048948662,0.0673464400461,0.0001441052882,7,200,ok,
final_v3,direct,irfft,complex128,4096,64,contiguous,,direct_irfft_complex128_4096_64_contiguous_,0.456886499887,0.45593334944,0.000379147240892,7,20,ok,
final_v3,direct,irfft,complex128,4096,256,contiguous,,direct_irfft_complex128_4096_256_contiguous_,1.82270752511,1.81963321091,0.00151479004049,7,19,ok,
final_v3,direct,irfft,complex128,4097,1,contiguous,,direct_irfft_complex128_4097_1_contiguous_,0.021293250029,0.0212566799019,3.65701271221e-05,5,200,ok,
final_v3,direct,irfft,complex128,4097,2,contiguous,,direct_irfft_complex128_4097_2_contiguous_,0.0247420702362,0.0245550851105,3.94700327888e-05,5,200,ok,
final_v3,direct,irfft,complex128,4097,8,contiguous,,direct_irfft_complex128_4097_8_contiguous_,0.0675644748844,0.0674314447679,0.000133030116558,5,200,ok,
final_v3,direct,irfft,complex128,4097,64,contiguous,,direct_irfft_complex128_4097_64_contiguous_,0.456266454421,0.455916853389,0.000349601032212,5,20,ok,
final_v3,direct,irfft,complex128,4097,256,contiguous,,direct_irfft_complex128_4097_256_contiguous_,1.80989101063,1.79972520564,0.00513100530952,5,5,ok,
final_v3,direct,irfft,complex128,4608,1,contiguous,,direct_irfft_complex128_4608_1_contiguous_,0.0228519400116,0.0227916846052,3.15601937473e-05,5,200,ok,
final_v3,direct,irfft,complex128,4608,2,contiguous,,direct_irfft_complex128_4608_2_contiguous_,0.0275123497704,0.0273392401868,9.23103652894e-05,5,200,ok,
final_v3,direct,irfft,complex128,4608,8,contiguous,,direct_irfft_complex128_4608_8_contiguous_,0.0767625198932,0.0763456348795,0.00034325523302,5,200,ok,
final_v3,direct,irfft,complex128,4608,64,contiguous,,direct_irfft_complex128_4608_64_contiguous_,0.527065596543,0.525568000739,0.00149759580381,5,20,ok,
final_v3,direct,irfft,complex128,4608,256,contiguous,,direct_irfft_complex128_4608_256_contiguous_,2.13285780046,2.11067260243,0.0143314013258,5,5,ok,
final_v3,direct,irfft,complex128,8192,1,contiguous,,direct_irfft_complex128_8192_1_contiguous_,0.0382460950641,0.0376174901612,0.000338139943779,5,200,ok,
final_v3,direct,irfft,complex128,8192,2,contiguous,,direct_irfft_complex128_8192_2_contiguous_,0.0465182651533,0.046082144836,0.000200954964384,5,200,ok,
final_v3,direct,irfft,complex128,8192,8,contiguous,,direct_irfft_complex128_8192_8_contiguous_,0.140987523302,0.140503160629,0.0004843626728,5,174,ok,
final_v3,direct,irfft,complex128,8192,64,contiguous,,direct_irfft_complex128_8192_64_contiguous_,1.04159269831,1.03816010524,0.00250384910032,5,20,ok,
final_v3,direct,irfft,complex128,8192,256,contiguous,,direct_irfft_complex128_8192_256_contiguous_,4.29631541483,4.26305681467,0.0228682300076,5,5,ok,
final_v3,direct,irfft,complex128,16384,1,contiguous,,direct_irfft_complex128_16384_1_contiguous_,0.0741030398058,0.0738803949207,0.000222644885071,5,200,ok,
final_v3,direct,irfft,complex128,16384,2,contiguous,,direct_irfft_complex128_16384_2_contiguous_,0.123571504165,0.119906755513,0.00366474865232,5,123,ok,
final_v3,direct,irfft,complex128,16384,8,contiguous,,direct_irfft_complex128_16384_8_contiguous_,0.334652798483,0.334413396195,0.000239402288571,5,20,ok,
final_v3,direct,irfft,complex128,16384,64,contiguous,,direct_irfft_complex128_16384_64_contiguous_,2.56226192085,2.54707215712,0.0149170026326,5,13,ok,
final_v3,direct,irfft,complex128,16384,256,contiguous,,direct_irfft_complex128_16384_256_contiguous_,12.5849759788,12.4761695042,0.0274485209957,5,2,ok,
final_v3,direct,irfft,complex128,32768,1,contiguous,,direct_irfft_complex128_32768_1_contiguous_,0.176800753199,0.176459500242,0.000341252956971,5,138,ok,
final_v3,direct,irfft,complex128,32768,2,contiguous,,direct_irfft_complex128_32768_2_contiguous_,0.251494607283,0.249963155324,0.000271091679322,5,97,ok,
final_v3,direct,irfft,complex128,32768,8,contiguous,,direct_irfft_complex128_32768_8_contiguous_,0.724301952869,0.71752149961,0.0039940525312,5,20,ok,
final_v3,direct,irfft,complex128,32768,64,contiguous,,direct_irfft_complex128_32768_64_contiguous_,5.72411180474,5.71018699557,0.00655339099467,5,5,ok,
final_v3,direct,irfft,complex128,32768,256,contiguous,,direct_irfft_complex128_32768_256_contiguous_,27.3558410117,27.127570007,0.228271004744,5,1,ok,
final_v3,direct,irfft,complex128,65536,1,contiguous,,direct_irfft_complex128_65536_1_contiguous_,0.370056414977,0.368381753707,0.000327492419344,5,65,ok,
final_v3,direct,irfft,complex128,65536,2,contiguous,,direct_irfft_complex128_65536_2_contiguous_,0.527784350561,0.526093394728,0.000253401231021,5,20,ok,
final_v3,direct,irfft,complex128,65536,8,contiguous,,direct_irfft_complex128_65536_8_contiguous_,1.50962785119,1.50085189962,0.00310994801112,5,20,ok,
final_v3,direct,irfft,complex128,65536,64,contiguous,,direct_irfft_complex128_65536_64_contiguous_,14.5033739973,14.2983584665,0.0929040252231,5,2,ok,
final_v3,direct,irfft,complex128,65536,256,contiguous,,direct_irfft_complex128_65536_256_contiguous_,55.7569729863,55.5100890342,0.134575995617,5,1,ok,
