candidate,group,operation,dtype,n,batch,layout,variant,case_id,median_ms,best_ms,mad_ms,samples,loops,status,notes
c222,layout,fft,complex64,1024,1,reverse,,layout_fft_complex64_1024_1_reverse_,0.013397751178,0.0133300630933,4.02943678494e-05,7,635,ok,
c222,layout,fft,complex64,1024,1,stride2,,layout_fft_complex64_1024_1_stride2_,0.0136960930234,0.0135333725394,0.000116247152022,7,902,ok,
c222,layout,fft,complex64,1024,1,transpose,,layout_fft_complex64_1024_1_transpose_,0.0136929866832,0.0136579162787,2.91622306457e-05,7,907,ok,
c222,layout,fft,complex64,1024,1,fortran,,layout_fft_complex64_1024_1_fortran_,0.0134420471777,0.0133642762615,2.04780151421e-05,7,977,ok,
c222,layout,fft,complex64,1024,8,reverse,,layout_fft_complex64_1024_8_reverse_,0.140272766104,0.139871641295,0.000304255239747,7,184,ok,
c222,layout,fft,complex64,1024,8,stride2,,layout_fft_complex64_1024_8_stride2_,0.0454936205642,0.045114409877,0.000149530824274,7,200,ok,
c222,layout,fft,complex64,1024,8,transpose,,layout_fft_complex64_1024_8_transpose_,0.0499716744525,0.0498660799349,0.000105594517663,7,200,ok,
c222,layout,fft,complex64,1024,8,fortran,,layout_fft_complex64_1024_8_fortran_,0.0485466653481,0.0484411150683,3.62197170034e-05,7,200,ok,
c222,layout,fft,complex64,1024,64,reverse,,layout_fft_complex64_1024_64_reverse_,1.01871000421,1.01530495727,0.000235214626984,7,23,ok,
c222,layout,fft,complex64,1024,64,stride2,,layout_fft_complex64_1024_64_stride2_,0.284889181347,0.284405265295,0.000483916051327,7,83,ok,
c222,layout,fft,complex64,1024,64,transpose,,layout_fft_complex64_1024_64_transpose_,0.388371901297,0.38762409698,0.000417180985334,7,61,ok,
c222,layout,fft,complex64,1024,64,fortran,,layout_fft_complex64_1024_64_fortran_,0.402348310702,0.401291736692,0.000673540883133,7,61,ok,
c222,layout,fft,complex64,4096,1,reverse,,layout_fft_complex64_4096_1_reverse_,0.0399325870142,0.0397511966861,0.000137350511368,7,351,ok,
c222,layout,fft,complex64,4096,1,stride2,,layout_fft_complex64_4096_1_stride2_,0.0398807988104,0.0397981248041,8.00907733209e-05,7,353,ok,
c222,layout,fft,complex64,4096,1,transpose,,layout_fft_complex64_4096_1_transpose_,0.0398358648223,0.0396114449397,9.49125920593e-05,7,355,ok,
c222,layout,fft,complex64,4096,1,fortran,,layout_fft_complex64_4096_1_fortran_,0.0417371174417,0.0415895358368,8.35358322649e-05,7,349,ok,
c222,layout,fft,complex64,4096,8,reverse,,layout_fft_complex64_4096_8_reverse_,0.182549510565,0.181542007529,0.000302636719964,7,135,ok,
c222,layout,fft,complex64,4096,8,stride2,,layout_fft_complex64_4096_8_stride2_,0.183812676075,0.182843353088,0.000698067408923,7,133,ok,
c222,layout,fft,complex64,4096,8,transpose,,layout_fft_complex64_4096_8_transpose_,0.200858475167,0.200526057895,0.000332417271909,7,122,ok,
c222,layout,fft,complex64,4096,8,fortran,,layout_fft_complex64_4096_8_fortran_,0.206154503683,0.20513102443,0.00032738778617,7,121,ok,
c222,layout,fft,complex64,4096,64,reverse,,layout_fft_complex64_4096_64_reverse_,3.22929939721,3.15958129941,0.0121255987324,7,10,ok,
c222,layout,fft,complex64,4096,64,stride2,,layout_fft_complex64_4096_64_stride2_,1.34072265355,1.33523244876,0.00330315087922,7,20,ok,
c222,layout,fft,complex64,4096,64,transpose,,layout_fft_complex64_4096_64_transpose_,1.86087766714,1.85515478046,0.00555927787597,7,18,ok,
c222,layout,fft,complex64,4096,64,fortran,,layout_fft_complex64_4096_64_fortran_,1.9687757663,1.9307548235,0.0198393484906,7,17,ok,
c222,layout,fft,complex64,65536,1,reverse,,layout_fft_complex64_65536_1_reverse_,0.984206041321,0.975135960616,0.00444831792265,5,25,ok,
c222,layout,fft,complex64,65536,1,stride2,,layout_fft_complex64_65536_1_stride2_,0.989280319773,0.981543879025,0.00561288092285,5,25,ok,
c222,layout,fft,complex64,65536,1,transpose,,layout_fft_complex64_65536_1_transpose_,0.968870372162,0.958241789097,0.0041769623446,5,24,ok,
c222,layout,fft,complex64,65536,1,fortran,,layout_fft_complex64_65536_1_fortran_,0.968074398115,0.961498878896,0.00218607950956,5,25,ok,
c222,layout,fft,complex64,65536,8,reverse,,layout_fft_complex64_65536_8_reverse_,10.2968123586,10.1815306504,0.0522307042653,5,3,ok,
c222,layout,fft,complex64,65536,8,stride2,,layout_fft_complex64_65536_8_stride2_,8.11603324837,8.09557249886,0.0204607495107,5,4,ok,
c222,layout,fft,complex64,65536,8,transpose,,layout_fft_complex64_65536_8_transpose_,8.43232066836,8.22297367267,0.149522325955,5,3,ok,
c222,layout,fft,complex64,65536,8,fortran,,layout_fft_complex64_65536_8_fortran_,8.41390650021,8.19938373752,0.0611492432654,5,4,ok,
c222,layout,fft,complex64,65536,64,reverse,,layout_fft_complex64_65536_64_reverse_,78.446374042,77.4003529223,0.596201978624,5,1,ok,
c222,layout,fft,complex64,65536,64,stride2,,layout_fft_complex64_65536_64_stride2_,78.1450520735,77.2430989891,0.591213116422,5,1,ok,
c222,layout,fft,complex64,65536,64,transpose,,layout_fft_complex64_65536_64_transpose_,94.7125400417,93.5887229862,1.12381705549,5,1,ok,
c222,layout,fft,complex64,65536,64,fortran,,layout_fft_complex64_65536_64_fortran_,93.5083830263,93.3294490678,0.17537700478,5,1,ok,
c222,staged,fft,complex64,1024,1,contiguous,pad,staged_fft_complex64_1024_1_contiguous_pad,0.0122742305147,0.012225971694,3.29886820946e-05,7,885,ok,
c222,staged,fft,complex64,1024,1,contiguous,truncate,staged_fft_complex64_1024_1_contiguous_truncate,0.0140421253586,0.0140259637944,1.48097361962e-05,7,941,ok,
c222,staged,fft,complex64,1024,8,contiguous,pad,staged_fft_complex64_1024_8_contiguous_pad,0.0589695596136,0.0586289196508,0.000170820276253,7,200,ok,
c222,staged,fft,complex64,1024,8,contiguous,truncate,staged_fft_complex64_1024_8_contiguous_truncate,0.0470046896953,0.0469169247663,8.77649290487e-05,7,200,ok,
c222,staged,fft,complex64,1024,64,contiguous,pad,staged_fft_complex64_1024_64_contiguous_pad,0.423043947912,0.422582034381,0.000461913530895,7,57,ok,
c222,staged,fft,complex64,1024,64,contiguous,truncate,staged_fft_complex64_1024_64_contiguous_truncate,0.296729063848,0.295809349336,0.0006137881428,7,80,ok,
c222,staged,fft,complex64,1024,256,contiguous,pad,staged_fft_complex64_1024_256_contiguous_pad,1.67021484813,1.66206915164,0.00382509897463,7,20,ok,
c222,staged,fft,complex64,1024,256,contiguous,truncate,staged_fft_complex64_1024_256_contiguous_truncate,1.16693545133,1.15519355168,0.00283180270344,7,20,ok,
c222,staged,fft,complex64,4096,1,contiguous,pad,staged_fft_complex64_4096_1_contiguous_pad,0.0396055834546,0.0394721245591,9.26922260727e-05,7,377,ok,
c222,staged,fft,complex64,4096,1,contiguous,truncate,staged_fft_complex64_4096_1_contiguous_truncate,0.0414549087041,0.0411352831205,0.00018442847899,7,350,ok,
c222,staged,fft,complex64,4096,8,contiguous,pad,staged_fft_complex64_4096_8_contiguous_pad,0.252857381843,0.252439690869,0.000219690114183,7,97,ok,
c222,staged,fft,complex64,4096,8,contiguous,truncate,staged_fft_complex64_4096_8_contiguous_truncate,0.187720659427,0.187615271073,0.00010538835425,7,129,ok,
c222,staged,fft,complex64,4096,64,contiguous,pad,staged_fft_complex64_4096_64_contiguous_pad,1.96755287813,1.9591065288,0.00280700623989,7,17,ok,
c222,staged,fft,complex64,4096,64,contiguous,truncate,staged_fft_complex64_4096_64_contiguous_truncate,1.37459990219,1.36760580353,0.00699409865774,7,20,ok,
c222,staged,fft,complex64,4096,256,contiguous,pad,staged_fft_complex64_4096_256_contiguous_pad,12.0568975108,11.6568310186,0.274382007774,7,2,ok,
c222,staged,fft,complex64,4096,256,contiguous,truncate,staged_fft_complex64_4096_256_contiguous_truncate,9.28673800081,9.15576699966,0.130971001151,7,3,ok,
c222,staged,fft,complex64,4097,1,contiguous,pad,staged_fft_complex64_4097_1_contiguous_pad,0.120808103865,0.120325732208,0.000318677083187,5,183,ok,
c222,staged,fft,complex64,4097,1,contiguous,truncate,staged_fft_complex64_4097_1_contiguous_truncate,0.119417880196,0.118952509947,0.000248515279964,5,200,ok,
c222,staged,fft,complex64,4097,8,contiguous,pad,staged_fft_complex64_4097_8_contiguous_pad,0.919529482619,0.906753776319,0.0127757062998,5,27,ok,
c222,staged,fft,complex64,4097,8,contiguous,truncate,staged_fft_complex64_4097_8_contiguous_truncate,0.740108189348,0.730538780772,0.0016045596567,5,32,ok,
c222,staged,fft,complex64,4097,64,contiguous,pad,staged_fft_complex64_4097_64_contiguous_pad,7.30467450921,7.25437075016,0.0187750265468,5,4,ok,
c222,staged,fft,complex64,4097,64,contiguous,truncate,staged_fft_complex64_4097_64_contiguous_truncate,5.79520617612,5.72595533837,0.0692508377445,5,6,ok,
c222,staged,fft,complex64,4097,256,contiguous,pad,staged_fft_complex64_4097_256_contiguous_pad,34.4774388941,33.9995069662,0.315768062137,5,1,ok,
c222,staged,fft,complex64,4097,256,contiguous,truncate,staged_fft_complex64_4097_256_contiguous_truncate,26.1662439443,26.0410599876,0.120904995129,5,1,ok,
c222,staged,fft,complex64,8192,1,contiguous,pad,staged_fft_complex64_8192_1_contiguous_pad,0.0745131052099,0.0743608700577,0.000143320066854,5,200,ok,
c222,staged,fft,complex64,8192,1,contiguous,truncate,staged_fft_complex64_8192_1_contiguous_truncate,0.0815467297798,0.0811793899629,0.000367339816876,5,200,ok,
c222,staged,fft,complex64,8192,8,contiguous,pad,staged_fft_complex64_8192_8_contiguous_pad,0.524234150517,0.522875425188,0.00135872532871,5,47,ok,
c222,staged,fft,complex64,8192,8,contiguous,truncate,staged_fft_complex64_8192_8_contiguous_truncate,0.435219721403,0.429039779119,0.00568919815123,5,50,ok,
c222,staged,fft,complex64,8192,64,contiguous,pad,staged_fft_complex64_8192_64_contiguous_pad,4.11093662842,4.00328074466,0.0744363642298,5,8,ok,
c222,staged,fft,complex64,8192,64,contiguous,truncate,staged_fft_complex64_8192_64_contiguous_truncate,3.83496532838,3.80432588928,0.0306394390969,5,9,ok,
c222,staged,fft,complex64,8192,256,contiguous,pad,staged_fft_complex64_8192_256_contiguous_pad,24.5800440898,24.4368279818,0.143216107972,5,1,ok,
c222,staged,fft,complex64,8192,256,contiguous,truncate,staged_fft_complex64_8192_256_contiguous_truncate,23.0546400417,22.5114559289,0.413490924984,5,1,ok,
c222,layout,fft,complex128,1024,1,reverse,,layout_fft_complex128_1024_1_reverse_,0.0120865737977,0.0119898050965,2.98192395765e-05,7,929,ok,
c222,layout,fft,complex128,1024,1,stride2,,layout_fft_complex128_1024_1_stride2_,0.0121952719783,0.0121323299104,5.03404127761e-05,7,1055,ok,
c222,layout,fft,complex128,1024,1,transpose,,layout_fft_complex128_1024_1_transpose_,0.0123231486836,0.0122585650786,2.68129860134e-05,7,1069,ok,
c222,layout,fft,complex128,1024,1,fortran,,layout_fft_complex128_1024_1_fortran_,0.0121344999153,0.0120897594861,2.28092982139e-05,7,1106,ok,
c222,layout,fft,complex128,1024,8,reverse,,layout_fft_complex128_1024_8_reverse_,0.0395702704554,0.0394901150139,8.01554415375e-05,7,200,ok,
c222,layout,fft,complex128,1024,8,stride2,,layout_fft_complex128_1024_8_stride2_,0.0401627249084,0.0400553247891,0.000107400119305,7,200,ok,
c222,layout,fft,complex128,1024,8,transpose,,layout_fft_complex128_1024_8_transpose_,0.0419616798172,0.0416027096799,0.000227575656027,7,200,ok,
c222,layout,fft,complex128,1024,8,fortran,,layout_fft_complex128_1024_8_fortran_,0.0425403146073,0.0420979852788,0.000117315212265,7,200,ok,
c222,layout,fft,complex128,1024,64,reverse,,layout_fft_complex128_1024_64_reverse_,0.252113970363,0.251112706875,0.000347009380207,7,99,ok,
c222,layout,fft,complex128,1024,64,stride2,,layout_fft_complex128_1024_64_stride2_,0.258031061242,0.252361398675,0.0022172034547,7,98,ok,
c222,layout,fft,complex128,1024,64,transpose,,layout_fft_complex128_1024_64_transpose_,0.332261336577,0.331772039833,0.000282837317099,7,74,ok,
c222,layout,fft,complex128,1024,64,fortran,,layout_fft_complex128_1024_64_fortran_,0.339981506591,0.337270959217,0.000958356444966,7,73,ok,
c222,layout,fft,complex128,4096,1,reverse,,layout_fft_complex128_4096_1_reverse_,0.0364690361267,0.0361583780995,9.82545316219e-05,7,389,ok,
c222,layout,fft,complex128,4096,1,stride2,,layout_fft_complex128_4096_1_stride2_,0.0371599898619,0.037075506578,7.47133289342e-05,7,391,ok,
c222,layout,fft,complex128,4096,1,transpose,,layout_fft_complex128_4096_1_transpose_,0.0365025934191,0.0363270672386,0.000133645501478,7,327,ok,
c222,layout,fft,complex128,4096,1,fortran,,layout_fft_complex128_4096_1_fortran_,0.0363519023707,0.0361416090331,5.67969639685e-05,7,399,ok,
c222,layout,fft,complex128,4096,8,reverse,,layout_fft_complex128_4096_8_reverse_,0.164773703498,0.163041262759,8.44348074966e-05,7,152,ok,
c222,layout,fft,complex128,4096,8,stride2,,layout_fft_complex128_4096_8_stride2_,0.167045775535,0.166460537497,0.000208346996786,7,147,ok,
c222,layout,fft,complex128,4096,8,transpose,,layout_fft_complex128_4096_8_transpose_,0.183265826731,0.182902708092,0.000192173279998,7,127,ok,
c222,layout,fft,complex128,4096,8,fortran,,layout_fft_complex128_4096_8_fortran_,0.184805368781,0.183813511989,0.000901609533151,7,133,ok,
c222,layout,fft,complex128,4096,64,reverse,,layout_fft_complex128_4096_64_reverse_,1.19122225442,1.18830780266,0.00291445176117,7,20,ok,
c222,layout,fft,complex128,4096,64,stride2,,layout_fft_complex128_4096_64_stride2_,1.22530885274,1.22065214673,0.00214300234802,7,20,ok,
c222,layout,fft,complex128,4096,64,transpose,,layout_fft_complex128_4096_64_transpose_,1.54790314846,1.54397134902,0.000774452928454,7,20,ok,
c222,layout,fft,complex128,4096,64,fortran,,layout_fft_complex128_4096_64_fortran_,1.54840010218,1.53235364705,0.00468125217594,7,20,ok,
c222,layout,fft,complex128,65536,1,reverse,,layout_fft_complex128_65536_1_reverse_,0.899478714148,0.898746644712,0.000557820645294,5,28,ok,
c222,layout,fft,complex128,65536,1,stride2,,layout_fft_complex128_65536_1_stride2_,0.911182814485,0.904584557887,0.00319633356951,5,27,ok,
c222,layout,fft,complex128,65536,1,transpose,,layout_fft_complex128_65536_1_transpose_,0.902772294702,0.899972260447,0.00207982008794,5,27,ok,
c222,layout,fft,complex128,65536,1,fortran,,layout_fft_complex128_65536_1_fortran_,0.918484185132,0.908031330996,0.00308833464428,5,27,ok,
c222,layout,fft,complex128,65536,8,reverse,,layout_fft_complex128_65536_8_reverse_,7.66291300533,7.61344798957,0.0246209965553,5,4,ok,
c222,layout,fft,complex128,65536,8,stride2,,layout_fft_complex128_65536_8_stride2_,7.58992426563,7.52069274313,0.0375802337658,5,4,ok,
c222,layout,fft,complex128,65536,8,transpose,,layout_fft_complex128_65536_8_transpose_,7.73650026531,7.63821424334,0.0982860219665,5,4,ok,
c222,layout,fft,complex128,65536,8,fortran,,layout_fft_complex128_65536_8_fortran_,7.93418125249,7.85205324064,0.0821280118544,5,4,ok,
c222,layout,fft,complex128,65536,64,reverse,,layout_fft_complex128_65536_64_reverse_,65.064128954,64.9375320645,0.126596889459,5,1,ok,
c222,layout,fft,complex128,65536,64,stride2,,layout_fft_complex128_65536_64_stride2_,68.3750059688,67.6055100048,0.586915994063,5,1,ok,
c222,layout,fft,complex128,65536,64,transpose,,layout_fft_complex128_65536_64_transpose_,89.1959780129,89.0484130941,0.098473043181,5,1,ok,
c222,layout,fft,complex128,65536,64,fortran,,layout_fft_complex128_65536_64_fortran_,88.012830005,87.8017370123,0.211092992686,5,1,ok,
c222,staged,fft,complex128,1024,1,contiguous,pad,staged_fft_complex128_1024_1_contiguous_pad,0.0109403927232,0.0107746771591,3.41749671047e-06,7,601,ok,
c222,staged,fft,complex128,1024,1,contiguous,truncate,staged_fft_complex128_1024_1_contiguous_truncate,0.0120919461917,0.0120256042395,1.52271025166e-05,7,1079,ok,
c222,staged,fft,complex128,1024,8,contiguous,pad,staged_fft_complex128_1024_8_contiguous_pad,0.0543547503185,0.054197810241,0.000103794154711,7,200,ok,
c222,staged,fft,complex128,1024,8,contiguous,truncate,staged_fft_complex128_1024_8_contiguous_truncate,0.0393296201946,0.0388288352406,9.69303073362e-05,7,200,ok,
c222,staged,fft,complex128,1024,64,contiguous,pad,staged_fft_complex128_1024_64_contiguous_pad,0.395525919063,0.393720788716,0.000469273917617,7,62,ok,
c222,staged,fft,complex128,1024,64,contiguous,truncate,staged_fft_complex128_1024_64_contiguous_truncate,0.249566927475,0.248970917407,0.000524197578973,7,96,ok,
c222,staged,fft,complex128,1024,256,contiguous,pad,staged_fft_complex128_1024_256_contiguous_pad,1.56092545367,1.55706974911,0.00211945152842,7,20,ok,
c222,staged,fft,complex128,1024,256,contiguous,truncate,staged_fft_complex128_1024_256_contiguous_truncate,0.968628999544,0.960093096364,0.00221359659918,7,20,ok,
c222,staged,fft,complex128,4096,1,contiguous,pad,staged_fft_complex128_4096_1_contiguous_pad,0.036496503773,0.0363456789565,7.36196122972e-05,7,405,ok,
c222,staged,fft,complex128,4096,1,contiguous,truncate,staged_fft_complex128_4096_1_contiguous_truncate,0.0367389670632,0.036422275832,9.36683573866e-05,7,395,ok,
c222,staged,fft,complex128,4096,8,contiguous,pad,staged_fft_complex128_4096_8_contiguous_pad,0.229960651385,0.229117421032,0.000534945492282,7,109,ok,
c222,staged,fft,complex128,4096,8,contiguous,truncate,staged_fft_complex128_4096_8_contiguous_truncate,0.162657662506,0.161830208101,0.000168234502969,7,154,ok,
c222,staged,fft,complex128,4096,64,contiguous,pad,staged_fft_complex128_4096_64_contiguous_pad,1.79952862795,1.78254173922,0.0167786278517,7,19,ok,
c222,staged,fft,complex128,4096,64,contiguous,truncate,staged_fft_complex128_4096_64_contiguous_truncate,1.31809444865,1.31299394998,0.0024821551051,7,20,ok,
c222,staged,fft,complex128,4096,256,contiguous,pad,staged_fft_complex128_4096_256_contiguous_pad,7.54841425805,7.21051124856,0.0977525196504,7,4,ok,
c222,staged,fft,complex128,4096,256,contiguous,truncate,staged_fft_complex128_4096_256_contiguous_truncate,4.9175088255,4.89201115367,0.0202144922999,7,6,ok,
c222,staged,fft,complex128,4097,1,contiguous,pad,staged_fft_complex128_4097_1_contiguous_pad,0.119914655224,0.119737774949,0.000176880275831,5,200,ok,
c222,staged,fft,complex128,4097,1,contiguous,truncate,staged_fft_complex128_4097_1_contiguous_truncate,0.115117004607,0.114281395217,0.000184240634553,5,200,ok,
c222,staged,fft,complex128,4097,8,contiguous,pad,staged_fft_complex128_4097_8_contiguous_pad,0.892352110154,0.887207333343,0.00235737146189,5,27,ok,
c222,staged,fft,complex128,4097,8,contiguous,truncate,staged_fft_complex128_4097_8_contiguous_truncate,0.698288223551,0.696376887693,0.00149752789487,5,36,ok,
c222,staged,fft,complex128,4097,64,contiguous,pad,staged_fft_complex128_4097_64_contiguous_pad,7.01442573336,7.00101823895,0.0112684792839,5,4,ok,
c222,staged,fft,complex128,4097,64,contiguous,truncate,staged_fft_complex128_4097_64_contiguous_truncate,5.40527367654,5.3613751661,0.0376185053028,5,6,ok,
c222,staged,fft,complex128,4097,256,contiguous,pad,staged_fft_complex128_4097_256_contiguous_pad,28.6359610036,28.5803079605,0.0556530430913,5,1,ok,
c222,staged,fft,complex128,4097,256,contiguous,truncate,staged_fft_complex128_4097_256_contiguous_truncate,21.9953529304,21.8479780015,0.0842470908538,5,1,ok,
c222,staged,fft,complex128,8192,1,contiguous,pad,staged_fft_complex128_8192_1_contiguous_pad,0.0702588696731,0.0700265896739,0.000232279999182,5,200,ok,
c222,staged,fft,complex128,8192,1,contiguous,truncate,staged_fft_complex128_8192_1_contiguous_truncate,0.0721576600336,0.072119794786,3.78652475774e-05,5,200,ok,
c222,staged,fft,complex128,8192,8,contiguous,pad,staged_fft_complex128_8192_8_contiguous_pad,0.504051551356,0.503518917997,0.000532633358879,5,49,ok,
c222,staged,fft,complex128,8192,8,contiguous,truncate,staged_fft_complex128_8192_8_contiguous_truncate,0.391092920114,0.390378904292,0.000699556299618,5,63,ok,
c222,staged,fft,complex128,8192,64,contiguous,pad,staged_fft_complex128_8192_64_contiguous_pad,5.05411849978,5.04134816583,0.00864601073166,5,6,ok,
c222,staged,fft,complex128,8192,64,contiguous,truncate,staged_fft_complex128_8192_64_contiguous_truncate,3.16002710024,3.14427770209,0.0157293048687,5,10,ok,
c222,staged,fft,complex128,8192,256,contiguous,pad,staged_fft_complex128_8192_256_contiguous_pad,18.5496549821,18.2265129406,0.0283429399133,5,1,ok,
c222,staged,fft,complex128,8192,256,contiguous,truncate,staged_fft_complex128_8192_256_contiguous_truncate,14.2058664933,14.1456790152,0.0443074968643,5,2,ok,
c222,layout,ifft,complex64,1024,1,reverse,,layout_ifft_complex64_1024_1_reverse_,0.0144068913609,0.0142663006305,2.21398728345e-05,7,672,ok,
c222,layout,ifft,complex64,1024,1,stride2,,layout_ifft_complex64_1024_1_stride2_,0.0143165548491,0.0141372291725,2.19703284337e-05,7,912,ok,
c222,layout,ifft,complex64,1024,1,transpose,,layout_ifft_complex64_1024_1_transpose_,0.014429918956,0.0143666244629,4.75656189438e-05,7,900,ok,
c222,layout,ifft,complex64,1024,1,fortran,,layout_ifft_complex64_1024_1_fortran_,0.0143970406763,0.0142972722464,9.97684299067e-05,7,933,ok,
c222,layout,ifft,complex64,1024,8,reverse,,layout_ifft_complex64_1024_8_reverse_,0.0441941950703,0.0438774551731,9.66299558058e-05,7,200,ok,
c222,layout,ifft,complex64,1024,8,stride2,,layout_ifft_complex64_1024_8_stride2_,0.0442492001457,0.044193394715,5.58054307476e-05,7,200,ok,
c222,layout,ifft,complex64,1024,8,transpose,,layout_ifft_complex64_1024_8_transpose_,0.0440542848082,0.0439646653831,8.96194251254e-05,7,200,ok,
c222,layout,ifft,complex64,1024,8,fortran,,layout_ifft_complex64_1024_8_fortran_,0.0441236153711,0.0437704048818,0.000131395063363,7,200,ok,
c222,layout,ifft,complex64,1024,64,reverse,,layout_ifft_complex64_1024_64_reverse_,0.282212500513,0.28203751241,0.000174988103523,7,88,ok,
c222,layout,ifft,complex64,1024,64,stride2,,layout_ifft_complex64_1024_64_stride2_,0.276749886918,0.276167663808,0.000433270359056,7,89,ok,
c222,layout,ifft,complex64,1024,64,transpose,,layout_ifft_complex64_1024_64_transpose_,0.281115341667,0.279092124071,0.000973749344915,7,88,ok,
c222,layout,ifft,complex64,1024,64,fortran,,layout_ifft_complex64_1024_64_fortran_,0.292109079316,0.287182872644,0.00147642594516,7,87,ok,
c222,layout,ifft,complex64,4096,1,reverse,,layout_ifft_complex64_4096_1_reverse_,0.0402376267794,0.0397459302917,0.000351799644198,7,359,ok,
c222,layout,ifft,complex64,4096,1,stride2,,layout_ifft_complex64_4096_1_stride2_,0.0404560337161,0.0396846217711,0.000160019870858,7,357,ok,
c222,layout,ifft,complex64,4096,1,transpose,,layout_ifft_complex64_4096_1_transpose_,0.0402064572969,0.0399455616302,0.000206167388656,7,365,ok,
c222,layout,ifft,complex64,4096,1,fortran,,layout_ifft_complex64_4096_1_fortran_,0.0402697375512,0.0397881489113,0.000190439387045,7,362,ok,
c222,layout,ifft,complex64,4096,8,reverse,,layout_ifft_complex64_4096_8_reverse_,0.165127848863,0.164806993684,0.00032085517887,7,152,ok,
c222,layout,ifft,complex64,4096,8,stride2,,layout_ifft_complex64_4096_8_stride2_,0.167076622224,0.166520648604,0.000435007874527,7,148,ok,
c222,layout,ifft,complex64,4096,8,transpose,,layout_ifft_complex64_4096_8_transpose_,0.166822147506,0.166634415689,0.000140731279182,7,149,ok,
c222,layout,ifft,complex64,4096,8,fortran,,layout_ifft_complex64_4096_8_fortran_,0.165851751574,0.165336966927,0.000275006586523,7,149,ok,
c222,layout,ifft,complex64,4096,64,reverse,,layout_ifft_complex64_4096_64_reverse_,1.16646754905,1.16409664624,0.00176680041477,7,20,ok,
c222,layout,ifft,complex64,4096,64,stride2,,layout_ifft_complex64_4096_64_stride2_,1.17277685204,1.16978075239,0.00287540606223,7,20,ok,
c222,layout,ifft,complex64,4096,64,transpose,,layout_ifft_complex64_4096_64_transpose_,1.19614244904,1.18895004853,0.00203325180337,7,20,ok,
c222,layout,ifft,complex64,4096,64,fortran,,layout_ifft_complex64_4096_64_fortran_,1.18702590116,1.17974134628,0.00160904601216,7,20,ok,
c222,layout,ifft,complex64,65536,1,reverse,,layout_ifft_complex64_65536_1_reverse_,0.483433839399,0.482553618494,0.000325441360474,5,50,ok,
c222,layout,ifft,complex64,65536,1,stride2,,layout_ifft_complex64_65536_1_stride2_,0.48733756914,0.486749804159,0.000587764981331,5,51,ok,
c222,layout,ifft,complex64,65536,1,transpose,,layout_ifft_complex64_65536_1_transpose_,0.483423804718,0.482486570071,0.000937234646842,5,51,ok,
c222,layout,ifft,complex64,65536,1,fortran,,layout_ifft_complex64_65536_1_fortran_,0.49143739976,0.489779300988,0.000795281957835,5,50,ok,
c222,layout,ifft,complex64,65536,8,reverse,,layout_ifft_complex64_65536_8_reverse_,3.55519788961,3.546018438,0.00725466654532,5,9,ok,
c222,layout,ifft,complex64,65536,8,stride2,,layout_ifft_complex64_65536_8_stride2_,3.58388254729,3.57238888844,0.00443277207928,5,9,ok,
c222,layout,ifft,complex64,65536,8,transpose,,layout_ifft_complex64_65536_8_transpose_,3.54119167767,3.51646455884,0.021628013605,5,9,ok,
c222,layout,ifft,complex64,65536,8,fortran,,layout_ifft_complex64_65536_8_fortran_,3.5197873367,3.50874344197,0.00757412312345,5,9,ok,
c222,layout,ifft,complex64,65536,64,reverse,,layout_ifft_complex64_65536_64_reverse_,30.563215958,30.4562969832,0.0273609766737,5,1,ok,
c222,layout,ifft,complex64,65536,64,stride2,,layout_ifft_complex64_65536_64_stride2_,31.6912709968,31.2319840305,0.209280056879,5,1,ok,
c222,layout,ifft,complex64,65536,64,transpose,,layout_ifft_complex64_65536_64_transpose_,46.5102259768,46.4010619326,0.0802989816293,5,1,ok,
c222,layout,ifft,complex64,65536,64,fortran,,layout_ifft_complex64_65536_64_fortran_,46.586949029,46.4898779755,0.0970710534602,5,1,ok,
c222,staged,ifft,complex64,1024,1,contiguous,pad,staged_ifft_complex64_1024_1_contiguous_pad,0.0122062952743,0.0120995873344,5.04385689996e-05,7,928,ok,
c222,staged,ifft,complex64,1024,1,contiguous,truncate,staged_ifft_complex64_1024_1_contiguous_truncate,0.0139301958814,0.0138925156627,1.57233365722e-05,7,929,ok,
c222,staged,ifft,complex64,1024,8,contiguous,pad,staged_ifft_complex64_1024_8_contiguous_pad,0.0606154301204,0.0604957045289,0.000119725591503,7,200,ok,
c222,staged,ifft,complex64,1024,8,contiguous,truncate,staged_ifft_complex64_1024_8_contiguous_truncate,0.0436540902592,0.0435325101716,0.000101389596239,7,200,ok,
c222,staged,ifft,complex64,1024,64,contiguous,pad,staged_ifft_complex64_1024_64_contiguous_pad,0.446635563011,0.445976707322,0.000422981313684,7,55,ok,
c222,staged,ifft,complex64,1024,64,contiguous,truncate,staged_ifft_complex64_1024_64_contiguous_truncate,0.274431729543,0.273691596244,0.000382055465676,7,89,ok,
c222,staged,ifft,complex64,1024,256,contiguous,pad,staged_ifft_complex64_1024_256_contiguous_pad,1.76617010546,1.76371552516,0.00111889829369,7,19,ok,
c222,staged,ifft,complex64,1024,256,contiguous,truncate,staged_ifft_complex64_1024_256_contiguous_truncate,1.06002549874,1.05774524854,0.000762403942645,7,20,ok,
c222,staged,ifft,complex64,4096,1,contiguous,pad,staged_ifft_complex64_4096_1_contiguous_pad,0.0348105457508,0.0347094667822,8.40075957922e-05,7,405,ok,
c222,staged,ifft,complex64,4096,1,contiguous,truncate,staged_ifft_complex64_4096_1_contiguous_truncate,0.039515074554,0.0394353129671,5.80883432706e-05,7,361,ok,
c222,staged,ifft,complex64,4096,8,contiguous,pad,staged_ifft_complex64_4096_8_contiguous_pad,0.225230264054,0.224363009064,0.000253927216611,7,110,ok,
c222,staged,ifft,complex64,4096,8,contiguous,truncate,staged_ifft_complex64_4096_8_contiguous_truncate,0.165729644402,0.165566523878,0.000152228268851,7,149,ok,
c222,staged,ifft,complex64,4096,64,contiguous,pad,staged_ifft_complex64_4096_64_contiguous_pad,1.73727937018,1.73527142033,0.000953318943319,7,19,ok,
c222,staged,ifft,complex64,4096,64,contiguous,truncate,staged_ifft_complex64_4096_64_contiguous_truncate,1.16987344809,1.16773094633,0.00157644972205,7,20,ok,
c222,staged,ifft,complex64,4096,256,contiguous,pad,staged_ifft_complex64_4096_256_contiguous_pad,6.92993800621,6.90547239501,0.00780858099461,7,5,ok,
c222,staged,ifft,complex64,4096,256,contiguous,truncate,staged_ifft_complex64_4096_256_contiguous_truncate,4.66113399515,4.65012486425,0.00559756465788,7,7,ok,
c222,staged,ifft,complex64,4097,1,contiguous,pad,staged_ifft_complex64_4097_1_contiguous_pad,0.14862222697,0.148336662328,0.000189736262649,5,163,ok,
c222,staged,ifft,complex64,4097,1,contiguous,truncate,staged_ifft_complex64_4097_1_contiguous_truncate,0.148258915779,0.147761760313,0.000250526469669,5,167,ok,
c222,staged,ifft,complex64,4097,8,contiguous,pad,staged_ifft_complex64_4097_8_contiguous_pad,1.13711419094,1.13682556964,0.000288621300743,5,21,ok,
c222,staged,ifft,complex64,4097,8,contiguous,truncate,staged_ifft_complex64_4097_8_contiguous_truncate,0.430952568924,0.429519552513,0.000624447771958,5,58,ok,
c222,staged,ifft,complex64,4097,64,contiguous,pad,staged_ifft_complex64_4097_64_contiguous_pad,9.0531053332,9.0423253132,0.0107800199961,5,3,ok,
c222,staged,ifft,complex64,4097,64,contiguous,truncate,staged_ifft_complex64_4097_64_contiguous_truncate,3.31160890637,3.30716859316,0.00444031320512,5,10,ok,
c222,staged,ifft,complex64,4097,256,contiguous,pad,staged_ifft_complex64_4097_256_contiguous_pad,35.9753130469,35.937061999,0.0328510068357,5,1,ok,
c222,staged,ifft,complex64,4097,256,contiguous,truncate,staged_ifft_complex64_4097_256_contiguous_truncate,13.2556235185,13.2297005039,0.0216054613702,5,2,ok,
c222,staged,ifft,complex64,8192,1,contiguous,pad,staged_ifft_complex64_8192_1_contiguous_pad,0.0645705050556,0.0645186100155,5.18950400874e-05,5,200,ok,
c222,staged,ifft,complex64,8192,1,contiguous,truncate,staged_ifft_complex64_8192_1_contiguous_truncate,0.0739921850618,0.0736222951673,0.000189904822037,5,200,ok,
c222,staged,ifft,complex64,8192,8,contiguous,pad,staged_ifft_complex64_8192_8_contiguous_pad,0.455734445024,0.454559294869,0.000719315182694,5,54,ok,
c222,staged,ifft,complex64,8192,8,contiguous,truncate,staged_ifft_complex64_8192_8_contiguous_truncate,0.360633363016,0.358783810372,0.00063320318156,5,69,ok,
c222,staged,ifft,complex64,8192,64,contiguous,pad,staged_ifft_complex64_8192_64_contiguous_pad,3.6358227824,3.60677078263,0.00515399086806,5,9,ok,
c222,staged,ifft,complex64,8192,64,contiguous,truncate,staged_ifft_complex64_8192_64_contiguous_truncate,2.77367349675,2.75242142379,0.00396667746827,5,12,ok,
c222,staged,ifft,complex64,8192,256,contiguous,pad,staged_ifft_complex64_8192_256_contiguous_pad,15.1015174924,15.0252699968,0.0237089698203,5,2,ok,
c222,staged,ifft,complex64,8192,256,contiguous,truncate,staged_ifft_complex64_8192_256_contiguous_truncate,10.9151023595,10.75615567,0.0551426783204,5,3,ok,
c222,layout,ifft,complex128,1024,1,reverse,,layout_ifft_complex128_1024_1_reverse_,0.0134247103462,0.0133465185175,7.01550087926e-05,7,839,ok,
c222,layout,ifft,complex128,1024,1,stride2,,layout_ifft_complex128_1024_1_stride2_,0.0137223730675,0.0136818893264,1.56860257829e-05,7,930,ok,
c222,layout,ifft,complex128,1024,1,transpose,,layout_ifft_complex128_1024_1_transpose_,0.0136598413703,0.0136074232928,3.09401843306e-05,7,952,ok,
c222,layout,ifft,complex128,1024,1,fortran,,layout_ifft_complex128_1024_1_fortran_,0.0134547757935,0.0134281947279,1.27728624198e-05,7,986,ok,
c222,layout,ifft,complex128,1024,8,reverse,,layout_ifft_complex128_1024_8_reverse_,0.0426118948963,0.0423637300264,0.000140464981087,7,200,ok,
c222,layout,ifft,complex128,1024,8,stride2,,layout_ifft_complex128_1024_8_stride2_,0.0432428199565,0.0432037451537,3.90748027712e-05,7,200,ok,
c222,layout,ifft,complex128,1024,8,transpose,,layout_ifft_complex128_1024_8_transpose_,0.0448591349414,0.0447797897505,7.15849455446e-05,7,200,ok,
c222,layout,ifft,complex128,1024,8,fortran,,layout_ifft_complex128_1024_8_fortran_,0.0449790101266,0.0448206649162,0.000100639881566,7,200,ok,
c222,layout,ifft,complex128,1024,64,reverse,,layout_ifft_complex128_1024_64_reverse_,0.266627516217,0.266444150819,0.000163000227222,7,93,ok,
c222,layout,ifft,complex128,1024,64,stride2,,layout_ifft_complex128_1024_64_stride2_,0.270848722559,0.270458211243,0.000272955124577,7,90,ok,
c222,layout,ifft,complex128,1024,64,transpose,,layout_ifft_complex128_1024_64_transpose_,0.346169169192,0.345113252709,0.000859492681396,7,71,ok,
c222,layout,ifft,complex128,1024,64,fortran,,layout_ifft_complex128_1024_64_fortran_,0.350297295856,0.349939731933,0.000240323855214,7,71,ok,
c222,layout,ifft,complex128,4096,1,reverse,,layout_ifft_complex128_4096_1_reverse_,0.0391398021788,0.0390591567439,7.05166622628e-05,7,364,ok,
c222,layout,ifft,complex128,4096,1,stride2,,layout_ifft_complex128_4096_1_stride2_,0.0400026757424,0.0399431126745,5.42773645126e-05,7,364,ok,
c222,layout,ifft,complex128,4096,1,transpose,,layout_ifft_complex128_4096_1_transpose_,0.0395921186945,0.0394670223915,5.87566138261e-05,7,362,ok,
c222,layout,ifft,complex128,4096,1,fortran,,layout_ifft_complex128_4096_1_fortran_,0.0395337532989,0.0392256423245,0.000175398453909,7,369,ok,
c222,layout,ifft,complex128,4096,8,reverse,,layout_ifft_complex128_4096_8_reverse_,0.176177465055,0.174537859365,0.00147980352549,7,142,ok,
c222,layout,ifft,complex128,4096,8,stride2,,layout_ifft_complex128_4096_8_stride2_,0.177758985478,0.176646182463,0.000357313462309,7,137,ok,
c222,layout,ifft,complex128,4096,8,transpose,,layout_ifft_complex128_4096_8_transpose_,0.192473233134,0.190250000257,0.00222323287744,7,120,ok,
c222,layout,ifft,complex128,4096,8,fortran,,layout_ifft_complex128_4096_8_fortran_,0.193529669383,0.189674814465,0.00115860471382,7,124,ok,
c222,layout,ifft,complex128,4096,64,reverse,,layout_ifft_complex128_4096_64_reverse_,1.25306315022,1.2500159035,0.0025552988518,7,20,ok,
c222,layout,ifft,complex128,4096,64,stride2,,layout_ifft_complex128_4096_64_stride2_,1.30645924946,1.29093580181,0.0155234476551,7,20,ok,
c222,layout,ifft,complex128,4096,64,transpose,,layout_ifft_complex128_4096_64_transpose_,1.57728294726,1.55826450209,0.00705520506017,7,20,ok,
c222,layout,ifft,complex128,4096,64,fortran,,layout_ifft_complex128_4096_64_fortran_,1.6004371515,1.58298715251,0.00981329358183,7,20,ok,
c222,layout,ifft,complex128,65536,1,reverse,,layout_ifft_complex128_65536_1_reverse_,0.945665309421,0.934865961496,0.0107993479245,5,26,ok,
c222,layout,ifft,complex128,65536,1,stride2,,layout_ifft_complex128_65536_1_stride2_,0.952666377998,0.951018751948,0.00164762604982,5,24,ok,
c222,layout,ifft,complex128,65536,1,transpose,,layout_ifft_complex128_65536_1_transpose_,0.917447851626,0.914089739564,0.00335811206174,5,27,ok,
c222,layout,ifft,complex128,65536,1,fortran,,layout_ifft_complex128_65536_1_fortran_,0.925388963272,0.918441555566,0.00292803505781,5,27,ok,
c222,layout,ifft,complex128,65536,8,reverse,,layout_ifft_complex128_65536_8_reverse_,7.84713900066,7.7781577711,0.00193601590581,5,4,ok,
c222,layout,ifft,complex128,65536,8,stride2,,layout_ifft_complex128_65536_8_stride2_,7.94101672363,7.81325099524,0.0366107851733,5,4,ok,
c222,layout,ifft,complex128,65536,8,transpose,,layout_ifft_complex128_65536_8_transpose_,7.77297551394,7.75913224788,0.00779950642027,5,4,ok,
c222,layout,ifft,complex128,65536,8,fortran,,layout_ifft_complex128_65536_8_fortran_,8.0123647349,7.87694449537,0.0521275214851,5,4,ok,
c222,layout,ifft,complex128,65536,64,reverse,,layout_ifft_complex128_65536_64_reverse_,66.5943839122,66.1490228958,0.313944881782,5,1,ok,
c222,layout,ifft,complex128,65536,64,stride2,,layout_ifft_complex128_65536_64_stride2_,67.886875011,67.571968073,0.103573082015,5,1,ok,
c222,layout,ifft,complex128,65536,64,transpose,,layout_ifft_complex128_65536_64_transpose_,89.382797014,88.7604260352,0.14842802193,5,1,ok,
c222,layout,ifft,complex128,65536,64,fortran,,layout_ifft_complex128_65536_64_fortran_,89.3057830399,88.9214359922,0.299158971757,5,1,ok,
c222,staged,ifft,complex128,1024,1,contiguous,pad,staged_ifft_complex128_1024_1_contiguous_pad,0.0121352207395,0.0120725005811,2.4064407072e-05,7,933,ok,
c222,staged,ifft,complex128,1024,1,contiguous,truncate,staged_ifft_complex128_1024_1_contiguous_truncate,0.0133556210877,0.0133245726312,1.6304272178e-05,7,950,ok,
c222,staged,ifft,complex128,1024,8,contiguous,pad,staged_ifft_complex128_1024_8_contiguous_pad,0.0584565004101,0.0583526102128,0.000103890197352,7,200,ok,
c222,staged,ifft,complex128,1024,8,contiguous,truncate,staged_ifft_complex128_1024_8_contiguous_truncate,0.0424336153083,0.0422914500814,6.70744339004e-05,7,200,ok,
c222,staged,ifft,complex128,1024,64,contiguous,pad,staged_ifft_complex128_1024_64_contiguous_pad,0.421793983413,0.420388134228,0.000691100544596,7,59,ok,
c222,staged,ifft,complex128,1024,64,contiguous,truncate,staged_ifft_complex128_1024_64_contiguous_truncate,0.266298522626,0.265983152254,0.000187631129571,7,92,ok,
c222,staged,ifft,complex128,1024,256,contiguous,pad,staged_ifft_complex128_1024_256_contiguous_pad,1.66481524939,1.65997025324,0.00484499614686,7,20,ok,
c222,staged,ifft,complex128,1024,256,contiguous,truncate,staged_ifft_complex128_1024_256_contiguous_truncate,1.03199720033,1.02902365034,0.00113959540613,7,20,ok,
c222,staged,ifft,complex128,4096,1,contiguous,pad,staged_ifft_complex128_4096_1_contiguous_pad,0.0366968132587,0.0366020696705,6.85653817894e-05,7,359,ok,
c222,staged,ifft,complex128,4096,1,contiguous,truncate,staged_ifft_complex128_4096_1_contiguous_truncate,0.0389964312729,0.0388645384701,5.9151136736e-05,7,364,ok,
c222,staged,ifft,complex128,4096,8,contiguous,pad,staged_ifft_complex128_4096_8_contiguous_pad,0.231487120295,0.23050844471,0.000725879713341,7,108,ok,
c222,staged,ifft,complex128,4096,8,contiguous,truncate,staged_ifft_complex128_4096_8_contiguous_truncate,0.171143200313,0.170901724426,0.000159400675831,7,145,ok,
c222,staged,ifft,complex128,4096,64,contiguous,pad,staged_ifft_complex128_4096_64_contiguous_pad,1.8130913193,1.80870842336,0.00228057615459,7,19,ok,
c222,staged,ifft,complex128,4096,64,contiguous,truncate,staged_ifft_complex128_4096_64_contiguous_truncate,1.39838875039,1.38882640167,0.00803195289336,7,20,ok,
c222,staged,ifft,complex128,4096,256,contiguous,pad,staged_ifft_complex128_4096_256_contiguous_pad,7.66260974342,7.4792127416,0.134250498377,7,4,ok,
c222,staged,ifft,complex128,4096,256,contiguous,truncate,staged_ifft_complex128_4096_256_contiguous_truncate,5.22021516614,5.19711367087,0.0223650131375,7,6,ok,
c222,staged,ifft,complex128,4097,1,contiguous,pad,staged_ifft_complex128_4097_1_contiguous_pad,0.120616937541,0.120437437242,0.000179500299661,5,192,ok,
c222,staged,ifft,complex128,4097,1,contiguous,truncate,staged_ifft_complex128_4097_1_contiguous_truncate,0.117561414954,0.117087629624,0.000164055381902,5,200,ok,
c222,staged,ifft,complex128,4097,8,contiguous,pad,staged_ifft_complex128_4097_8_contiguous_pad,0.903069852265,0.900031257145,0.00210803571261,5,27,ok,
c222,staged,ifft,complex128,4097,8,contiguous,truncate,staged_ifft_complex128_4097_8_contiguous_truncate,0.70936008877,0.708159620819,0.00120046795072,5,34,ok,
c222,staged,ifft,complex128,4097,64,contiguous,pad,staged_ifft_complex128_4097_64_contiguous_pad,7.10095977411,7.06932050525,0.0121122284327,5,4,ok,
c222,staged,ifft,complex128,4097,64,contiguous,truncate,staged_ifft_complex128_4097_64_contiguous_truncate,5.54507115157,5.52389667913,0.00719499075785,5,6,ok,
c222,staged,ifft,complex128,4097,256,contiguous,pad,staged_ifft_complex128_4097_256_contiguous_pad,28.8703280967,28.769530938,0.0559649197385,5,1,ok,
c222,staged,ifft,complex128,4097,256,contiguous,truncate,staged_ifft_complex128_4097_256_contiguous_truncate,22.3813829944,22.3032480571,0.0305870780721,5,1,ok,
c222,staged,ifft,complex128,8192,1,contiguous,pad,staged_ifft_complex128_8192_1_contiguous_pad,0.0714249449084,0.0713398354128,3.42150451615e-05,5,200,ok,
c222,staged,ifft,complex128,8192,1,contiguous,truncate,staged_ifft_complex128_8192_1_contiguous_truncate,0.0748111651046,0.07466804469,3.13099008054e-05,5,200,ok,
c222,staged,ifft,complex128,8192,8,contiguous,pad,staged_ifft_complex128_8192_8_contiguous_pad,0.50585083806,0.505073245482,0.000777592578409,5,49,ok,
c222,staged,ifft,complex128,8192,8,contiguous,truncate,staged_ifft_complex128_8192_8_contiguous_truncate,0.398626064716,0.398171999897,0.000133160351505,5,62,ok,
c222,staged,ifft,complex128,8192,64,contiguous,pad,staged_ifft_complex128_8192_64_contiguous_pad,5.01904981987,5.0153079986,0.00374182127416,5,6,ok,
c222,staged,ifft,complex128,8192,64,contiguous,truncate,staged_ifft_complex128_8192_64_contiguous_truncate,3.20913670585,3.19627280114,0.010780186858,5,10,ok,
c222,staged,ifft,complex128,8192,256,contiguous,pad,staged_ifft_complex128_8192_256_contiguous_pad,17.8683239501,17.8434879053,0.0248360447586,5,1,ok,
c222,staged,ifft,complex128,8192,256,contiguous,truncate,staged_ifft_complex128_8192_256_contiguous_truncate,13.9363439521,13.9070389559,0.0293049961329,5,2,ok,
c222,layout,rfft,float32,1024,1,reverse,,layout_rfft_float32_1024_1_reverse_,0.00877171944368,0.00873450897476,3.72104689194e-05,7,941,ok,
c222,layout,rfft,float32,1024,1,stride2,,layout_rfft_float32_1024_1_stride2_,0.00885359912837,0.00881090642346,1.47861286821e-05,7,1347,ok,
c222,layout,rfft,float32,1024,1,transpose,,layout_rfft_float32_1024_1_transpose_,0.00887059671267,0.00882593445573,1.50203007432e-05,7,1282,ok,
c222,layout,rfft,float32,1024,1,fortran,,layout_rfft_float32_1024_1_fortran_,0.00867414096225,0.00863347884865,2.66936916322e-05,7,1397,ok,
c222,layout,rfft,float32,1024,8,reverse,,layout_rfft_float32_1024_8_reverse_,0.0210934499046,0.020986800082,7.86944292486e-05,7,200,ok,
c222,layout,rfft,float32,1024,8,stride2,,layout_rfft_float32_1024_8_stride2_,0.0210216204869,0.0209129153518,8.16554529592e-05,7,200,ok,
c222,layout,rfft,float32,1024,8,transpose,,layout_rfft_float32_1024_8_transpose_,0.0222462997772,0.0221229705494,8.10500932857e-05,7,200,ok,
c222,layout,rfft,float32,1024,8,fortran,,layout_rfft_float32_1024_8_fortran_,0.0221671053441,0.0219893699978,9.49250534177e-05,7,200,ok,
c222,layout,rfft,float32,1024,64,reverse,,layout_rfft_float32_1024_64_reverse_,0.115082944976,0.114913425059,0.000169519917108,7,200,ok,
c222,layout,rfft,float32,1024,64,stride2,,layout_rfft_float32_1024_64_stride2_,0.114038840402,0.113495429978,0.000435760593973,7,200,ok,
c222,layout,rfft,float32,1024,64,transpose,,layout_rfft_float32_1024_64_transpose_,0.150427620064,0.149929877428,0.000316416844726,7,163,ok,
c222,layout,rfft,float32,1024,64,fortran,,layout_rfft_float32_1024_64_fortran_,0.159666221441,0.159048291124,0.000154778591204,7,158,ok,
c222,layout,rfft,float32,4096,1,reverse,,layout_rfft_float32_4096_1_reverse_,0.022254306485,0.0221627644233,4.49226072599e-05,7,620,ok,
c222,layout,rfft,float32,4096,1,stride2,,layout_rfft_float32_4096_1_stride2_,0.0223465212511,0.0222670347026,1.60944640754e-05,7,635,ok,
c222,layout,rfft,float32,4096,1,transpose,,layout_rfft_float32_4096_1_transpose_,0.0216030324579,0.0215673642765,3.56681814509e-05,7,648,ok,
c222,layout,rfft,float32,4096,1,fortran,,layout_rfft_float32_4096_1_fortran_,0.0217798750569,0.0216964629398,2.58348594753e-05,7,648,ok,
c222,layout,rfft,float32,4096,8,reverse,,layout_rfft_float32_4096_8_reverse_,0.0776694447268,0.0774891546462,0.000133350258693,7,200,ok,
c222,layout,rfft,float32,4096,8,stride2,,layout_rfft_float32_4096_8_stride2_,0.0784654298332,0.0779754196992,0.000475440174341,7,200,ok,
c222,layout,rfft,float32,4096,8,transpose,,layout_rfft_float32_4096_8_transpose_,0.0845383101841,0.083544855006,0.000438869465142,7,200,ok,
c222,layout,rfft,float32,4096,8,fortran,,layout_rfft_float32_4096_8_fortran_,0.0854355847696,0.0850483600516,0.000197219778784,7,200,ok,
c222,layout,rfft,float32,4096,64,reverse,,layout_rfft_float32_4096_64_reverse_,0.550984847359,0.548359449022,0.00207684352063,7,20,ok,
c222,layout,rfft,float32,4096,64,stride2,,layout_rfft_float32_4096_64_stride2_,0.545190548291,0.542017648695,0.00154139706865,7,20,ok,
c222,layout,rfft,float32,4096,64,transpose,,layout_rfft_float32_4096_64_transpose_,0.720799702685,0.711736298399,0.00469830702059,7,20,ok,
c222,layout,rfft,float32,4096,64,fortran,,layout_rfft_float32_4096_64_fortran_,0.76239174814,0.757560750935,0.0021240033675,7,20,ok,
c222,layout,rfft,float32,65536,1,reverse,,layout_rfft_float32_65536_1_reverse_,0.518803809215,0.518201191493,0.00036004286735,5,47,ok,
c222,layout,rfft,float32,65536,1,stride2,,layout_rfft_float32_65536_1_stride2_,0.523044082608,0.5219875214,0.00105656120771,5,48,ok,
c222,layout,rfft,float32,65536,1,transpose,,layout_rfft_float32_65536_1_transpose_,0.515949395776,0.513876354186,0.000715915424128,5,48,ok,
c222,layout,rfft,float32,65536,1,fortran,,layout_rfft_float32_65536_1_fortran_,0.515206125177,0.51327504237,0.000761021510698,5,48,ok,
c222,layout,rfft,float32,65536,8,reverse,,layout_rfft_float32_65536_8_reverse_,2.19918933387,2.19866166978,0.000527664087713,5,15,ok,
c222,layout,rfft,float32,65536,8,stride2,,layout_rfft_float32_65536_8_stride2_,2.23565399647,2.22614900364,0.00335092966755,5,15,ok,
c222,layout,rfft,float32,65536,8,transpose,,layout_rfft_float32_65536_8_transpose_,2.34484942796,2.343301495,0.00154793295743,5,14,ok,
c222,layout,rfft,float32,65536,8,fortran,,layout_rfft_float32_65536_8_fortran_,2.33101214482,2.30598043085,0.0138150644489,5,14,ok,
c222,layout,rfft,float32,65536,64,reverse,,layout_rfft_float32_65536_64_reverse_,25.0635170378,24.5308729354,0.53264410235,5,1,ok,
c222,layout,rfft,float32,65536,64,stride2,,layout_rfft_float32_65536_64_stride2_,26.1352959787,26.0265130782,0.108782900497,5,1,ok,
c222,layout,rfft,float32,65536,64,transpose,,layout_rfft_float32_65536_64_transpose_,35.6183469994,34.5593609381,0.67609094549,5,1,ok,
c222,layout,rfft,float32,65536,64,fortran,,layout_rfft_float32_65536_64_fortran_,34.8746200325,34.6202049404,0.254415092058,5,1,ok,
c222,staged,rfft,float32,1024,1,contiguous,pad,staged_rfft_float32_1024_1_contiguous_pad,0.00995111715112,0.0099152843053,2.97747043384e-05,7,999,ok,
c222,staged,rfft,float32,1024,1,contiguous,truncate,staged_rfft_float32_1024_1_contiguous_truncate,0.00890635419637,0.00888598064693,3.07081221401e-06,7,1341,ok,
c222,staged,rfft,float32,1024,8,contiguous,pad,staged_rfft_float32_1024_8_contiguous_pad,0.0449913844932,0.0449203996686,6.06145476922e-05,7,200,ok,
c222,staged,rfft,float32,1024,8,contiguous,truncate,staged_rfft_float32_1024_8_contiguous_truncate,0.0213264347985,0.0212221447146,4.69398219138e-05,7,200,ok,
c222,staged,rfft,float32,1024,64,contiguous,pad,staged_rfft_float32_1024_64_contiguous_pad,0.323103158735,0.321152186953,0.00024873452882,7,75,ok,
c222,staged,rfft,float32,1024,64,contiguous,truncate,staged_rfft_float32_1024_64_contiguous_truncate,0.115439904621,0.115084745339,0.000208290293813,7,200,ok,
c222,staged,rfft,float32,1024,256,contiguous,pad,staged_rfft_float32_1024_256_contiguous_pad,1.2713937962,1.2695063022,0.0010600022506,7,20,ok,
c222,staged,rfft,float32,1024,256,contiguous,truncate,staged_rfft_float32_1024_256_contiguous_truncate,0.43391395011,0.431441853289,0.00247209682129,7,20,ok,
c222,staged,rfft,float32,4096,1,contiguous,pad,staged_rfft_float32_4096_1_contiguous_pad,0.0256349193979,0.0251621105586,0.000121593841592,7,534,ok,
c222,staged,rfft,float32,4096,1,contiguous,truncate,staged_rfft_float32_4096_1_contiguous_truncate,0.0224779423428,0.0224273830193,3.14375472207e-05,7,624,ok,
c222,staged,rfft,float32,4096,8,contiguous,pad,staged_rfft_float32_4096_8_contiguous_pad,0.157277769176,0.155919397142,0.000121128649857,7,156,ok,
c222,staged,rfft,float32,4096,8,contiguous,truncate,staged_rfft_float32_4096_8_contiguous_truncate,0.0786110502668,0.0779539247742,0.000297154765576,7,200,ok,
c222,staged,rfft,float32,4096,64,contiguous,pad,staged_rfft_float32_4096_64_contiguous_pad,1.19770285091,1.19509749929,0.000648701097816,7,20,ok,
c222,staged,rfft,float32,4096,64,contiguous,truncate,staged_rfft_float32_4096_64_contiguous_truncate,0.547494849889,0.543585047126,0.00192709849216,7,20,ok,
c222,staged,rfft,float32,4096,256,contiguous,pad,staged_rfft_float32_4096_256_contiguous_pad,4.89211627947,4.87135344052,0.0186218614025,7,7,ok,
c222,staged,rfft,float32,4096,256,contiguous,truncate,staged_rfft_float32_4096_256_contiguous_truncate,3.01102019148,2.78838180238,0.0188160105608,7,10,ok,
c222,staged,rfft,float32,4097,1,contiguous,pad,staged_rfft_float32_4097_1_contiguous_pad,0.118446042054,0.1180281464,0.000155266954598,5,191,ok,
c222,staged,rfft,float32,4097,1,contiguous,truncate,staged_rfft_float32_4097_1_contiguous_truncate,0.117339949938,0.116734875483,0.000192560255527,5,200,ok,
c222,staged,rfft,float32,4097,8,contiguous,pad,staged_rfft_float32_4097_8_contiguous_pad,0.883961665548,0.883369443559,0.000592221988848,5,27,ok,
c222,staged,rfft,float32,4097,8,contiguous,truncate,staged_rfft_float32_4097_8_contiguous_truncate,0.663815406025,0.662718484229,0.000512837809888,5,37,ok,
c222,staged,rfft,float32,4097,64,contiguous,pad,staged_rfft_float32_4097_64_contiguous_pad,6.98887050385,6.98176975129,0.00699548400007,5,4,ok,
c222,staged,rfft,float32,4097,64,contiguous,truncate,staged_rfft_float32_4097_64_contiguous_truncate,5.19270882554,5.18506284182,0.00126231073712,5,6,ok,
c222,staged,rfft,float32,4097,256,contiguous,pad,staged_rfft_float32_4097_256_contiguous_pad,28.1238949392,27.9098070459,0.168325030245,5,1,ok,
c222,staged,rfft,float32,4097,256,contiguous,truncate,staged_rfft_float32_4097_256_contiguous_truncate,21.7759939842,21.6988800094,0.0218111090362,5,1,ok,
c222,staged,rfft,float32,8192,1,contiguous,pad,staged_rfft_float32_8192_1_contiguous_pad,0.0460928399116,0.0459489697823,0.00014387012925,5,200,ok,
c222,staged,rfft,float32,8192,1,contiguous,truncate,staged_rfft_float32_8192_1_contiguous_truncate,0.0410823902348,0.040940924664,7.96996755525e-05,5,200,ok,
c222,staged,rfft,float32,8192,8,contiguous,pad,staged_rfft_float32_8192_8_contiguous_pad,0.314412494131,0.314078329107,0.000272923196324,5,79,ok,
c222,staged,rfft,float32,8192,8,contiguous,truncate,staged_rfft_float32_8192_8_contiguous_truncate,0.159052318682,0.158717368683,0.000227085010855,5,141,ok,
c222,staged,rfft,float32,8192,64,contiguous,pad,staged_rfft_float32_8192_64_contiguous_pad,2.48244178614,2.47992421334,0.0022292203669,5,14,ok,
c222,staged,rfft,float32,8192,64,contiguous,truncate,staged_rfft_float32_8192_64_contiguous_truncate,1.20010329993,1.19157090085,0.00457910355181,5,20,ok,
c222,staged,rfft,float32,8192,256,contiguous,pad,staged_rfft_float32_8192_256_contiguous_pad,10.659706352,10.6158443183,0.0438620336354,5,3,ok,
c222,staged,rfft,float32,8192,256,contiguous,truncate,staged_rfft_float32_8192_256_contiguous_truncate,8.41510198855,8.35054165994,0.0335259828717,5,3,ok,
c222,layout,rfft,float64,1024,1,reverse,,layout_rfft_float64_1024_1_reverse_,0.00757061638178,0.00752738056915,6.80396746941e-06,7,1306,ok,
c222,layout,rfft,float64,1024,1,stride2,,layout_rfft_float64_1024_1_stride2_,0.00759925188417,0.00754155653842,4.76891124602e-05,7,1592,ok,
c222,layout,rfft,float64,1024,1,transpose,,layout_rfft_float64_1024_1_transpose_,0.00772644733208,0.00765323178967,5.41233544805e-05,7,1549,ok,
c222,layout,rfft,float64,1024,1,fortran,,layout_rfft_float64_1024_1_fortran_,0.00753435097319,0.00752043394004,1.02593596125e-05,7,1627,ok,
c222,layout,rfft,float64,1024,8,reverse,,layout_rfft_float64_1024_8_reverse_,0.0164864549879,0.0162381900009,0.000179134658538,7,200,ok,
c222,layout,rfft,float64,1024,8,stride2,,layout_rfft_float64_1024_8_stride2_,0.0170505599817,0.0169901951449,4.7089997679e-05,7,200,ok,
c222,layout,rfft,float64,1024,8,transpose,,layout_rfft_float64_1024_8_transpose_,0.0175341096474,0.0172991200816,6.85802660882e-05,7,200,ok,
c222,layout,rfft,float64,1024,8,fortran,,layout_rfft_float64_1024_8_fortran_,0.01754848985,0.0174340751255,7.00348755345e-05,7,200,ok,
c222,layout,rfft,float64,1024,64,reverse,,layout_rfft_float64_1024_64_reverse_,0.089533830178,0.089030439849,0.000466525088996,7,200,ok,
c222,layout,rfft,float64,1024,64,stride2,,layout_rfft_float64_1024_64_stride2_,0.0927461200627,0.0912036403315,0.000148529652506,7,200,ok,
c222,layout,rfft,float64,1024,64,transpose,,layout_rfft_float64_1024_64_transpose_,0.134637841102,0.131048603358,0.00149765601332,7,189,ok,
c222,layout,rfft,float64,1024,64,fortran,,layout_rfft_float64_1024_64_fortran_,0.139677201135,0.134748337112,0.00148646738481,7,184,ok,
c222,layout,rfft,float64,4096,1,reverse,,layout_rfft_float64_4096_1_reverse_,0.0197192002815,0.0191962796883,0.000502757261116,7,704,ok,
c222,layout,rfft,float64,4096,1,stride2,,layout_rfft_float64_4096_1_stride2_,0.0195113710531,0.0193550616348,0.000101005635825,7,698,ok,
c222,layout,rfft,float64,4096,1,transpose,,layout_rfft_float64_4096_1_transpose_,0.0193804549635,0.019244793331,8.92372688229e-05,7,721,ok,
c222,layout,rfft,float64,4096,1,fortran,,layout_rfft_float64_4096_1_fortran_,0.0192955941854,0.0190843560042,0.000112649560274,7,722,ok,
c222,layout,rfft,float64,4096,8,reverse,,layout_rfft_float64_4096_8_reverse_,0.0656458147569,0.0651316548465,0.000150880077854,7,200,ok,
c222,layout,rfft,float64,4096,8,stride2,,layout_rfft_float64_4096_8_stride2_,0.0671095954021,0.0663949100999,0.000279119703919,7,200,ok,
c222,layout,rfft,float64,4096,8,transpose,,layout_rfft_float64_4096_8_transpose_,0.0738988100784,0.0738301302772,6.86798011884e-05,7,200,ok,
c222,layout,rfft,float64,4096,8,fortran,,layout_rfft_float64_4096_8_fortran_,0.0765767053235,0.0763204303803,0.00025627494324,7,200,ok,
c222,layout,rfft,float64,4096,64,reverse,,layout_rfft_float64_4096_64_reverse_,0.457026099321,0.455404049717,0.00105399521999,7,20,ok,
c222,layout,rfft,float64,4096,64,stride2,,layout_rfft_float64_4096_64_stride2_,0.466076500015,0.460570200812,0.000578048638999,7,20,ok,
c222,layout,rfft,float64,4096,64,transpose,,layout_rfft_float64_4096_64_transpose_,0.643265002873,0.635000597686,0.00824039452709,7,20,ok,
c222,layout,rfft,float64,4096,64,fortran,,layout_rfft_float64_4096_64_fortran_,0.656264799181,0.650754501112,0.00147874816321,7,20,ok,
c222,layout,rfft,float64,65536,1,reverse,,layout_rfft_float64_65536_1_reverse_,0.487400807637,0.483720673051,0.00305032545629,5,52,ok,
c222,layout,rfft,float64,65536,1,stride2,,layout_rfft_float64_65536_1_stride2_,0.487558372483,0.486384823864,0.00117354861954,5,51,ok,
c222,layout,rfft,float64,65536,1,transpose,,layout_rfft_float64_65536_1_transpose_,0.482174898498,0.480281380005,0.00189351849258,5,50,ok,
c222,layout,rfft,float64,65536,1,fortran,,layout_rfft_float64_65536_1_fortran_,0.485117549497,0.481597449192,0.00103074354211,5,51,ok,
c222,layout,rfft,float64,65536,8,reverse,,layout_rfft_float64_65536_8_reverse_,2.06126594276,2.03085300018,0.00488793011755,5,16,ok,
c222,layout,rfft,float64,65536,8,stride2,,layout_rfft_float64_65536_8_stride2_,2.09757979804,2.08341333394,0.012874067761,5,15,ok,
c222,layout,rfft,float64,65536,8,transpose,,layout_rfft_float64_65536_8_transpose_,2.22106546474,2.20243273458,0.00236240836481,5,15,ok,
c222,layout,rfft,float64,65536,8,fortran,,layout_rfft_float64_65536_8_fortran_,2.25984579884,2.24555580256,0.00566126933942,5,15,ok,
c222,layout,rfft,float64,65536,64,reverse,,layout_rfft_float64_65536_64_reverse_,19.3131089909,19.0962149063,0.102360965684,5,1,ok,
c222,layout,rfft,float64,65536,64,stride2,,layout_rfft_float64_65536_64_stride2_,20.7012989558,20.3324409667,0.368857989088,5,1,ok,
c222,layout,rfft,float64,65536,64,transpose,,layout_rfft_float64_65536_64_transpose_,27.9583770316,27.8839280363,0.0744489952922,5,1,ok,
c222,layout,rfft,float64,65536,64,fortran,,layout_rfft_float64_65536_64_fortran_,27.8461579001,27.4314540438,0.0842571025714,5,1,ok,
c222,staged,rfft,float64,1024,1,contiguous,pad,staged_rfft_float64_1024_1_contiguous_pad,0.00874639071466,0.00868582441982,2.26304475571e-06,7,1213,ok,
c222,staged,rfft,float64,1024,1,contiguous,truncate,staged_rfft_float64_1024_1_contiguous_truncate,0.00755791636062,0.0075436738971,1.02607551597e-05,7,1530,ok,
c222,staged,rfft,float64,1024,8,contiguous,pad,staged_rfft_float64_1024_8_contiguous_pad,0.0419653352583,0.041888745036,3.42645216733e-05,7,200,ok,
c222,staged,rfft,float64,1024,8,contiguous,truncate,staged_rfft_float64_1024_8_contiguous_truncate,0.0165984150954,0.0165299902437,6.03648368269e-05,7,200,ok,
c222,staged,rfft,float64,1024,64,contiguous,pad,staged_rfft_float64_1024_64_contiguous_pad,0.30560198793,0.304920338385,0.000460598676,7,80,ok,
c222,staged,rfft,float64,1024,64,contiguous,truncate,staged_rfft_float64_1024_64_contiguous_truncate,0.0898148550186,0.0893157202518,0.000222364906222,7,200,ok,
c222,staged,rfft,float64,1024,256,contiguous,pad,staged_rfft_float64_1024_256_contiguous_pad,1.20474299765,1.20225430001,0.00248869764619,7,20,ok,
c222,staged,rfft,float64,1024,256,contiguous,truncate,staged_rfft_float64_1024_256_contiguous_truncate,0.338835647563,0.338105746778,0.000367197208107,7,20,ok,
c222,staged,rfft,float64,4096,1,contiguous,pad,staged_rfft_float64_4096_1_contiguous_pad,0.0231485823343,0.0230701018049,7.26809117987e-05,7,589,ok,
c222,staged,rfft,float64,4096,1,contiguous,truncate,staged_rfft_float64_4096_1_contiguous_truncate,0.0191329075987,0.0190000661552,1.84207576616e-05,7,725,ok,
c222,staged,rfft,float64,4096,8,contiguous,pad,staged_rfft_float64_4096_8_contiguous_pad,0.148152745555,0.147663957834,8.62178928924e-05,7,165,ok,
c222,staged,rfft,float64,4096,8,contiguous,truncate,staged_rfft_float64_4096_8_contiguous_truncate,0.0645040848758,0.0641049904516,0.000167415128089,7,200,ok,
c222,staged,rfft,float64,4096,64,contiguous,pad,staged_rfft_float64_4096_64_contiguous_pad,1.14726825268,1.14363645553,0.000883196480572,7,20,ok,
c222,staged,rfft,float64,4096,64,contiguous,truncate,staged_rfft_float64_4096_64_contiguous_truncate,0.45318689663,0.450654252199,0.00117269810289,7,20,ok,
c222,staged,rfft,float64,4096,256,contiguous,pad,staged_rfft_float64_4096_256_contiguous_pad,4.61363256909,4.5706882707,0.031355568873,7,7,ok,
c222,staged,rfft,float64,4096,256,contiguous,truncate,staged_rfft_float64_4096_256_contiguous_truncate,1.80567029234,1.79568282329,0.00552564640256,7,17,ok,
c222,staged,rfft,float64,4097,1,contiguous,pad,staged_rfft_float64_4097_1_contiguous_pad,0.115095964866,0.114193130285,4.8290239647e-05,5,200,ok,
c222,staged,rfft,float64,4097,1,contiguous,truncate,staged_rfft_float64_4097_1_contiguous_truncate,0.111858624732,0.111683849827,0.000161149655469,5,200,ok,
c222,staged,rfft,float64,4097,8,contiguous,pad,staged_rfft_float64_4097_8_contiguous_pad,0.856689609853,0.854476180393,0.00198800366239,5,28,ok,
c222,staged,rfft,float64,4097,8,contiguous,truncate,staged_rfft_float64_4097_8_contiguous_truncate,0.645829815001,0.638164184669,0.00127999871773,5,38,ok,
c222,staged,rfft,float64,4097,64,contiguous,pad,staged_rfft_float64_4097_64_contiguous_pad,6.88733661082,6.87874259893,0.00859401188791,5,5,ok,
c222,staged,rfft,float64,4097,64,contiguous,truncate,staged_rfft_float64_4097_64_contiguous_truncate,5.11690417382,5.1058618313,0.010068838795,5,6,ok,
c222,staged,rfft,float64,4097,256,contiguous,pad,staged_rfft_float64_4097_256_contiguous_pad,28.0700059375,27.8604440391,0.106688938104,5,1,ok,
c222,staged,rfft,float64,4097,256,contiguous,truncate,staged_rfft_float64_4097_256_contiguous_truncate,21.0355529562,20.7523540594,0.166711048223,5,1,ok,
c222,staged,rfft,float64,8192,1,contiguous,pad,staged_rfft_float64_8192_1_contiguous_pad,0.0437042297563,0.0435568095418,0.000120875192806,5,200,ok,
c222,staged,rfft,float64,8192,1,contiguous,truncate,staged_rfft_float64_8192_1_contiguous_truncate,0.0376399146626,0.0373662600759,8.15553357825e-05,5,200,ok,
c222,staged,rfft,float64,8192,8,contiguous,pad,staged_rfft_float64_8192_8_contiguous_pad,0.304240733385,0.303019974322,0.000796049444264,5,79,ok,
c222,staged,rfft,float64,8192,8,contiguous,truncate,staged_rfft_float64_8192_8_contiguous_truncate,0.135375605249,0.133783411002,0.000199255818087,5,180,ok,
c222,staged,rfft,float64,8192,64,contiguous,pad,staged_rfft_float64_8192_64_contiguous_pad,2.34850049518,2.34731249345,0.00101256383849,5,14,ok,
c222,staged,rfft,float64,8192,64,contiguous,truncate,staged_rfft_float64_8192_64_contiguous_truncate,0.984278647229,0.981265102746,0.00174380256794,5,20,ok,
c222,staged,rfft,float64,8192,256,contiguous,pad,staged_rfft_float64_8192_256_contiguous_pad,9.70944669098,9.54923099683,0.0940453028306,5,3,ok,
c222,staged,rfft,float64,8192,256,contiguous,truncate,staged_rfft_float64_8192_256_contiguous_truncate,4.24136039801,4.17291079648,0.0483482144773,5,5,ok,
c222,layout,irfft,complex64,1024,1,reverse,,layout_irfft_complex64_1024_1_reverse_,0.00942135237075,0.00938905596061,2.47300282231e-05,7,948,ok,
c222,layout,irfft,complex64,1024,1,stride2,,layout_irfft_complex64_1024_1_stride2_,0.00935292774935,0.00931949483143,4.50662941642e-06,7,1356,ok,
c222,layout,irfft,complex64,1024,1,transpose,,layout_irfft_complex64_1024_1_transpose_,0.00939415005567,0.00932970684251,5.59409115678e-06,7,1286,ok,
c222,layout,irfft,complex64,1024,1,fortran,,layout_irfft_complex64_1024_1_fortran_,0.00934153490798,0.00932417752188,1.32273233608e-05,7,1346,ok,
c222,layout,irfft,complex64,1024,8,reverse,,layout_irfft_complex64_1024_8_reverse_,0.0162506150082,0.0161306402879,2.73500336334e-05,7,200,ok,
c222,layout,irfft,complex64,1024,8,stride2,,layout_irfft_complex64_1024_8_stride2_,0.0166100898059,0.0165081949672,2.52993777394e-05,7,200,ok,
c222,layout,irfft,complex64,1024,8,transpose,,layout_irfft_complex64_1024_8_transpose_,0.0167771999259,0.01675120031,2.47498974204e-05,7,200,ok,
c222,layout,irfft,complex64,1024,8,fortran,,layout_irfft_complex64_1024_8_fortran_,0.0166528194677,0.0165933551034,5.84055669606e-05,7,200,ok,
c222,layout,irfft,complex64,1024,64,reverse,,layout_irfft_complex64_1024_64_reverse_,0.0857331400039,0.0855361198774,0.000167510006577,7,200,ok,
c222,layout,irfft,complex64,1024,64,stride2,,layout_irfft_complex64_1024_64_stride2_,0.0867030001245,0.0865738553694,7.22799450159e-05,7,200,ok,
c222,layout,irfft,complex64,1024,64,transpose,,layout_irfft_complex64_1024_64_transpose_,0.092653449974,0.0922610150883,0.000122430501506,7,200,ok,
c222,layout,irfft,complex64,1024,64,fortran,,layout_irfft_complex64_1024_64_fortran_,0.0930306501687,0.0929297646508,5.42000634596e-05,7,200,ok,
c222,layout,irfft,complex64,4096,1,reverse,,layout_irfft_complex64_4096_1_reverse_,0.0248374511441,0.024758277941,5.10211578281e-05,7,421,ok,
c222,layout,irfft,complex64,4096,1,stride2,,layout_irfft_complex64_4096_1_stride2_,0.025010855461,0.024931421545,2.54752064523e-05,7,560,ok,
c222,layout,irfft,complex64,4096,1,transpose,,layout_irfft_complex64_4096_1_transpose_,0.0250223799989,0.0249249211806,4.19068036728e-05,7,558,ok,
c222,layout,irfft,complex64,4096,1,fortran,,layout_irfft_complex64_4096_1_fortran_,0.0247265460916,0.0246157818905,0.0001107642011,7,573,ok,
c222,layout,irfft,complex64,4096,8,reverse,,layout_irfft_complex64_4096_8_reverse_,0.0561028096126,0.0558521447238,0.000142114586197,7,200,ok,
c222,layout,irfft,complex64,4096,8,stride2,,layout_irfft_complex64_4096_8_stride2_,0.0569453352364,0.056756430422,0.000119830365293,7,200,ok,
c222,layout,irfft,complex64,4096,8,transpose,,layout_irfft_complex64_4096_8_transpose_,0.0576245546108,0.057187184575,8.06956086308e-05,7,200,ok,
c222,layout,irfft,complex64,4096,8,fortran,,layout_irfft_complex64_4096_8_fortran_,0.0574506295379,0.0572598696453,6.76797935739e-05,7,200,ok,
c222,layout,irfft,complex64,4096,64,reverse,,layout_irfft_complex64_4096_64_reverse_,0.380214798497,0.379989901558,0.000224896939471,7,20,ok,
c222,layout,irfft,complex64,4096,64,stride2,,layout_irfft_complex64_4096_64_stride2_,0.379654747667,0.37919190363,0.000455847475678,7,20,ok,
c222,layout,irfft,complex64,4096,64,transpose,,layout_irfft_complex64_4096_64_transpose_,0.445384398336,0.441229104763,0.00124730286188,7,20,ok,
c222,layout,irfft,complex64,4096,64,fortran,,layout_irfft_complex64_4096_64_fortran_,0.451624504058,0.447680201614,0.000939256278798,7,20,ok,
c222,layout,irfft,complex64,65536,1,reverse,,layout_irfft_complex64_65536_1_reverse_,0.341757986052,0.341214998756,0.000384100056975,5,71,ok,
c222,layout,irfft,complex64,65536,1,stride2,,layout_irfft_complex64_65536_1_stride2_,0.341599487001,0.341324944101,0.000274542900216,5,72,ok,
c222,layout,irfft,complex64,65536,1,transpose,,layout_irfft_complex64_65536_1_transpose_,0.342243384532,0.341567068922,0.000410231646814,5,73,ok,
c222,layout,irfft,complex64,65536,1,fortran,,layout_irfft_complex64_65536_1_fortran_,0.340928549839,0.340373858705,0.000407661862252,5,71,ok,
c222,layout,irfft,complex64,65536,8,reverse,,layout_irfft_complex64_65536_8_reverse_,1.33057120256,1.32765225135,0.00252569443546,5,20,ok,
c222,layout,irfft,complex64,65536,8,stride2,,layout_irfft_complex64_65536_8_stride2_,1.33768594824,1.33268564823,0.000807049218565,5,20,ok,
c222,layout,irfft,complex64,65536,8,transpose,,layout_irfft_complex64_65536_8_transpose_,1.33752314723,1.33275929838,0.00465514604002,5,20,ok,
c222,layout,irfft,complex64,65536,8,fortran,,layout_irfft_complex64_65536_8_fortran_,1.33742199978,1.33240409777,0.000587099930272,5,20,ok,
c222,layout,irfft,complex64,65536,64,reverse,,layout_irfft_complex64_65536_64_reverse_,10.2719693289,10.2490233257,0.0182840352257,5,3,ok,
c222,layout,irfft,complex64,65536,64,stride2,,layout_irfft_complex64_65536_64_stride2_,10.5213046772,10.4425910007,0.0568163425972,5,3,ok,
c222,layout,irfft,complex64,65536,64,transpose,,layout_irfft_complex64_65536_64_transpose_,15.7491205027,15.5516520026,0.197468500119,5,2,ok,
c222,layout,irfft,complex64,65536,64,fortran,,layout_irfft_complex64_65536_64_fortran_,15.7095920295,15.3840444982,0.101844489109,5,2,ok,
c222,staged,irfft,complex64,1024,1,contiguous,pad,staged_irfft_complex64_1024_1_contiguous_pad,0.0102069845551,0.010162500932,4.33585913582e-05,7,1104,ok,
c222,staged,irfft,complex64,1024,1,contiguous,truncate,staged_irfft_complex64_1024_1_contiguous_truncate,0.00921429473989,0.00914128789262,1.84801746599e-05,7,1306,ok,
c222,staged,irfft,complex64,1024,8,contiguous,pad,staged_irfft_complex64_1024_8_contiguous_pad,0.0474597897846,0.0473131152103,9.22702020034e-05,7,200,ok,
c222,staged,irfft,complex64,1024,8,contiguous,truncate,staged_irfft_complex64_1024_8_contiguous_truncate,0.0162506150082,0.0160117197083,0.000107999658212,7,200,ok,
c222,staged,irfft,complex64,1024,64,contiguous,pad,staged_irfft_complex64_1024_64_contiguous_pad,0.34644052019,0.344715887864,0.000375493521422,7,71,ok,
c222,staged,irfft,complex64,1024,64,contiguous,truncate,staged_irfft_complex64_1024_64_contiguous_truncate,0.0860769802239,0.0856977200601,0.000177230103873,7,200,ok,
c222,staged,irfft,complex64,1024,256,contiguous,pad,staged_irfft_complex64_1024_256_contiguous_pad,1.37668024981,1.37194140116,0.00473884865642,7,20,ok,
c222,staged,irfft,complex64,1024,256,contiguous,truncate,staged_irfft_complex64_1024_256_contiguous_truncate,0.319054699503,0.317720754538,0.00127889798023,7,20,ok,
c222,staged,irfft,complex64,4096,1,contiguous,pad,staged_irfft_complex64_4096_1_contiguous_pad,0.0248976572966,0.0248257540343,5.8040950704e-05,7,537,ok,
c222,staged,irfft,complex64,4096,1,contiguous,truncate,staged_irfft_complex64_4096_1_contiguous_truncate,0.0248798710345,0.0247652831149,2.96249709208e-05,7,512,ok,
c222,staged,irfft,complex64,4096,8,contiguous,pad,staged_irfft_complex64_4096_8_contiguous_pad,0.157739199543,0.157467693401,7.02667360504e-05,7,150,ok,
c222,staged,irfft,complex64,4096,8,contiguous,truncate,staged_irfft_complex64_4096_8_contiguous_truncate,0.0557862198912,0.0556793203577,0.000106899533421,7,200,ok,
c222,staged,irfft,complex64,4096,64,contiguous,pad,staged_irfft_complex64_4096_64_contiguous_pad,1.21823914815,1.21678845026,0.00121325138025,7,20,ok,
c222,staged,irfft,complex64,4096,64,contiguous,truncate,staged_irfft_complex64_4096_64_contiguous_truncate,0.376027496532,0.374799198471,0.000350148184225,7,20,ok,
c222,staged,irfft,complex64,4096,256,contiguous,pad,staged_irfft_complex64_4096_256_contiguous_pad,4.86255114499,4.85431156786,0.00444556852537,7,7,ok,
c222,staged,irfft,complex64,4096,256,contiguous,truncate,staged_irfft_complex64_4096_256_contiguous_truncate,1.48312785313,1.47918094881,0.00194659805857,7,20,ok,
c222,staged,irfft,complex64,4097,1,contiguous,pad,staged_irfft_complex64_4097_1_contiguous_pad,0.140487372085,0.14022379629,0.000263575794782,5,172,ok,
c222,staged,irfft,complex64,4097,1,contiguous,truncate,staged_irfft_complex64_4097_1_contiguous_truncate,0.138239234597,0.138068743383,0.000170491214363,5,179,ok,
c222,staged,irfft,complex64,4097,8,contiguous,pad,staged_irfft_complex64_4097_8_contiguous_pad,1.0741330005,1.07258399847,0.000885085445707,5,23,ok,
c222,staged,irfft,complex64,4097,8,contiguous,truncate,staged_irfft_complex64_4097_8_contiguous_truncate,0.357013872625,0.35556731413,0.000271798178021,5,70,ok,
c222,staged,irfft,complex64,4097,64,contiguous,pad,staged_irfft_complex64_4097_64_contiguous_pad,8.58830925426,8.55656751082,0.0122252386063,5,4,ok,
c222,staged,irfft,complex64,4097,64,contiguous,truncate,staged_irfft_complex64_4097_64_contiguous_truncate,2.70800766884,2.69811591716,0.0069261683772,5,12,ok,
c222,staged,irfft,complex64,4097,256,contiguous,pad,staged_irfft_complex64_4097_256_contiguous_pad,34.2741400236,34.2168830102,0.0255069462582,5,1,ok,
c222,staged,irfft,complex64,4097,256,contiguous,truncate,staged_irfft_complex64_4097_256_contiguous_truncate,11.0156900094,10.9934053229,0.00821865008523,5,3,ok,
c222,staged,irfft,complex64,8192,1,contiguous,pad,staged_irfft_complex64_8192_1_contiguous_pad,0.0450434803497,0.044495559996,0.000454995315522,5,200,ok,
c222,staged,irfft,complex64,8192,1,contiguous,truncate,staged_irfft_complex64_8192_1_contiguous_truncate,0.0483299599728,0.0482292752713,8.83103348315e-05,5,200,ok,
c222,staged,irfft,complex64,8192,8,contiguous,pad,staged_irfft_complex64_8192_8_contiguous_pad,0.309597038162,0.308963680604,0.00036939775619,5,78,ok,
c222,staged,irfft,complex64,8192,8,contiguous,truncate,staged_irfft_complex64_8192_8_contiguous_truncate,0.111418155138,0.111260559643,0.000127384555526,5,200,ok,
c222,staged,irfft,complex64,8192,64,contiguous,pad,staged_irfft_complex64_8192_64_contiguous_pad,2.42378521112,2.41934764199,0.004031071772,5,14,ok,
c222,staged,irfft,complex64,8192,64,contiguous,truncate,staged_irfft_complex64_8192_64_contiguous_truncate,0.787175999722,0.786369503476,0.000508950324729,5,20,ok,
c222,staged,irfft,complex64,8192,256,contiguous,pad,staged_irfft_complex64_8192_256_contiguous_pad,9.70000234277,9.6751023472,0.0248999955753,5,3,ok,
c222,staged,irfft,complex64,8192,256,contiguous,truncate,staged_irfft_complex64_8192_256_contiguous_truncate,3.1303338008,3.12484561,0.00225040130317,5,5,ok,
c222,layout,irfft,complex128,1024,1,reverse,,layout_irfft_complex128_1024_1_reverse_,0.00861408143023,0.00859006811561,2.33797742178e-05,7,1217,ok,
c222,layout,irfft,complex128,1024,1,stride2,,layout_irfft_complex128_1024_1_stride2_,0.00877150325418,0.00874359124329,1.58203172423e-05,7,1397,ok,
c222,layout,irfft,complex128,1024,1,transpose,,layout_irfft_complex128_1024_1_transpose_,0.00880709316926,0.0087482391856,1.32215600369e-05,7,1417,ok,
c222,layout,irfft,complex128,1024,1,fortran,,layout_irfft_complex128_1024_1_fortran_,0.00867045474688,0.00864523783188,1.39821771364e-05,7,1236,ok,
c222,layout,irfft,complex128,1024,8,reverse,,layout_irfft_complex128_1024_8_reverse_,0.019845974748,0.01979833527,4.7639477998e-05,7,200,ok,
c222,layout,irfft,complex128,1024,8,stride2,,layout_irfft_complex128_1024_8_stride2_,0.0200473947916,0.0199265195988,3.13651980832e-05,7,200,ok,
c222,layout,irfft,complex128,1024,8,transpose,,layout_irfft_complex128_1024_8_transpose_,0.020417390042,0.0203933450393,2.40450026467e-05,7,200,ok,
c222,layout,irfft,complex128,1024,8,fortran,,layout_irfft_complex128_1024_8_fortran_,0.0204604701139,0.0203765602782,3.55148222297e-05,7,200,ok,
c222,layout,irfft,complex128,1024,64,reverse,,layout_irfft_complex128_1024_64_reverse_,0.11012734496,0.109813514864,0.000221115187742,7,200,ok,
c222,layout,irfft,complex128,1024,64,stride2,,layout_irfft_complex128_1024_64_stride2_,0.110524735064,0.110258989735,0.000111859990284,7,200,ok,
c222,layout,irfft,complex128,1024,64,transpose,,layout_irfft_complex128_1024_64_transpose_,0.135725311055,0.135163149874,0.00028191651735,7,180,ok,
c222,layout,irfft,complex128,1024,64,fortran,,layout_irfft_complex128_1024_64_fortran_,0.13826889384,0.137956357722,0.000169306899832,7,179,ok,
c222,layout,irfft,complex128,4096,1,reverse,,layout_irfft_complex128_4096_1_reverse_,0.0222451883735,0.0222047853864,2.77230684019e-05,7,610,ok,
c222,layout,irfft,complex128,4096,1,stride2,,layout_irfft_complex128_4096_1_stride2_,0.0224084875326,0.0223195109317,8.89766009734e-05,7,597,ok,
c222,layout,irfft,complex128,4096,1,transpose,,layout_irfft_complex128_4096_1_transpose_,0.0226348108177,0.0225668334852,4.8799835964e-05,7,619,ok,
c222,layout,irfft,complex128,4096,1,fortran,,layout_irfft_complex128_4096_1_fortran_,0.0225628241942,0.0222479543081,8.36578704392e-05,7,614,ok,
c222,layout,irfft,complex128,4096,8,reverse,,layout_irfft_complex128_4096_8_reverse_,0.0760405551409,0.0756159651792,0.000173925072886,7,200,ok,
c222,layout,irfft,complex128,4096,8,stride2,,layout_irfft_complex128_4096_8_stride2_,0.0768959050765,0.0767757795984,0.000120125478134,7,200,ok,
c222,layout,irfft,complex128,4096,8,transpose,,layout_irfft_complex128_4096_8_transpose_,0.0841149198823,0.0839085847838,7.03299883753e-05,7,200,ok,
c222,layout,irfft,complex128,4096,8,fortran,,layout_irfft_complex128_4096_8_fortran_,0.0839466549223,0.0827999151079,6.82251993567e-05,7,200,ok,
c222,layout,irfft,complex128,4096,64,reverse,,layout_irfft_complex128_4096_64_reverse_,0.529813900357,0.528749404475,0.000748899765313,7,20,ok,
c222,layout,irfft,complex128,4096,64,stride2,,layout_irfft_complex128_4096_64_stride2_,0.533030345105,0.53279295098,0.000237394124269,7,20,ok,
c222,layout,irfft,complex128,4096,64,transpose,,layout_irfft_complex128_4096_64_transpose_,0.649531249655,0.644215801731,0.00180284841917,7,20,ok,
c222,layout,irfft,complex128,4096,64,fortran,,layout_irfft_complex128_4096_64_fortran_,0.667838344816,0.662370200735,0.00236995401792,7,20,ok,
c222,layout,irfft,complex128,65536,1,reverse,,layout_irfft_complex128_65536_1_reverse_,0.514162311447,0.51244993665,0.00101189652923,5,48,ok,
c222,layout,irfft,complex128,65536,1,stride2,,layout_irfft_complex128_65536_1_stride2_,0.517665916321,0.516596490497,0.000529508899025,5,47,ok,
c222,layout,irfft,complex128,65536,1,transpose,,layout_irfft_complex128_65536_1_transpose_,0.51141448057,0.509960499282,0.000654748873785,5,48,ok,
c222,layout,irfft,complex128,65536,1,fortran,,layout_irfft_complex128_65536_1_fortran_,0.513178425187,0.512900234676,0.000278190511497,5,47,ok,
c222,layout,irfft,complex128,65536,8,reverse,,layout_irfft_complex128_65536_8_reverse_,2.17956540485,2.17425213195,0.00212799447278,5,15,ok,
c222,layout,irfft,complex128,65536,8,stride2,,layout_irfft_complex128_65536_8_stride2_,2.15765913017,2.15071493294,0.00649214101334,5,15,ok,
c222,layout,irfft,complex128,65536,8,transpose,,layout_irfft_complex128_65536_8_transpose_,2.30365464397,2.29356442911,0.000466501140701,5,14,ok,
c222,layout,irfft,complex128,65536,8,fortran,,layout_irfft_complex128_65536_8_fortran_,2.30983306343,2.29636726435,0.00476019922644,5,15,ok,
c222,layout,irfft,complex128,65536,64,reverse,,layout_irfft_complex128_65536_64_reverse_,19.6707770228,19.6303910343,0.0403859885409,5,1,ok,
c222,layout,irfft,complex128,65536,64,stride2,,layout_irfft_complex128_65536_64_stride2_,20.8218039479,20.6494519953,0.0323200365528,5,1,ok,
c222,layout,irfft,complex128,65536,64,transpose,,layout_irfft_complex128_65536_64_transpose_,30.7210809551,29.8641020199,0.106960069388,5,1,ok,
c222,layout,irfft,complex128,65536,64,fortran,,layout_irfft_complex128_65536_64_fortran_,30.0339290407,29.2598350206,0.574221019633,5,1,ok,
c222,staged,irfft,complex128,1024,1,contiguous,pad,staged_irfft_complex128_1024_1_contiguous_pad,0.00965559561069,0.00961857725034,3.11515845276e-05,7,1088,ok,
c222,staged,irfft,complex128,1024,1,contiguous,truncate,staged_irfft_complex128_1024_1_contiguous_truncate,0.00863769100011,0.00861906880466,1.85296473537e-05,7,1395,ok,
c222,staged,irfft,complex128,1024,8,contiguous,pad,staged_irfft_complex128_1024_8_contiguous_pad,0.0455705152126,0.0454504898516,5.8154691942e-05,7,200,ok,
c222,staged,irfft,complex128,1024,8,contiguous,truncate,staged_irfft_complex128_1024_8_contiguous_truncate,0.0197227945318,0.0196897296701,3.30648617819e-05,7,200,ok,
c222,staged,irfft,complex128,1024,64,contiguous,pad,staged_irfft_complex128_1024_64_contiguous_pad,0.330830907139,0.329831040775,0.000810041092336,7,75,ok,
c222,staged,irfft,complex128,1024,64,contiguous,truncate,staged_irfft_complex128_1024_64_contiguous_truncate,0.112030644668,0.110048299539,0.0014409905998,7,200,ok,
c222,staged,irfft,complex128,1024,256,contiguous,pad,staged_irfft_complex128_1024_256_contiguous_pad,1.30751419929,1.30427315016,0.00267749419436,7,20,ok,
c222,staged,irfft,complex128,1024,256,contiguous,truncate,staged_irfft_complex128_1024_256_contiguous_truncate,0.414516299497,0.413242448121,0.000477395951748,7,20,ok,
c222,staged,irfft,complex128,4096,1,contiguous,pad,staged_irfft_complex128_4096_1_contiguous_pad,0.0251625204518,0.0251153993955,2.91585630334e-05,7,536,ok,
c222,staged,irfft,complex128,4096,1,contiguous,truncate,staged_irfft_complex128_4096_1_contiguous_truncate,0.0225160370446,0.0222805324161,7.7695210254e-05,7,620,ok,
c222,staged,irfft,complex128,4096,8,contiguous,pad,staged_irfft_complex128_4096_8_contiguous_pad,0.15963171161,0.159302634599,0.00023716636814,7,156,ok,
c222,staged,irfft,complex128,4096,8,contiguous,truncate,staged_irfft_complex128_4096_8_contiguous_truncate,0.0758349749958,0.0753361399984,6.53200550005e-05,7,200,ok,
c222,staged,irfft,complex128,4096,64,contiguous,pad,staged_irfft_complex128_4096_64_contiguous_pad,1.23292905046,1.2314794003,0.00144965015352,7,20,ok,
c222,staged,irfft,complex128,4096,64,contiguous,truncate,staged_irfft_complex128_4096_64_contiguous_truncate,0.533972150879,0.53266719915,0.000697304494679,7,20,ok,
c222,staged,irfft,complex128,4096,256,contiguous,pad,staged_irfft_complex128_4096_256_contiguous_pad,4.96673986449,4.92599243963,0.0230344178687,7,7,ok,
c222,staged,irfft,complex128,4096,256,contiguous,truncate,staged_irfft_complex128_4096_256_contiguous_truncate,2.10928306478,2.092832372,0.010229065083,7,16,ok,
c222,staged,irfft,complex128,4097,1,contiguous,pad,staged_irfft_complex128_4097_1_contiguous_pad,0.117959455238,0.117719760165,0.000207189586945,5,200,ok,
c222,staged,irfft,complex128,4097,1,contiguous,truncate,staged_irfft_complex128_4097_1_contiguous_truncate,0.115306304651,0.115028390428,0.000277914223261,5,200,ok,
c222,staged,irfft,complex128,4097,8,contiguous,pad,staged_irfft_complex128_4097_8_contiguous_pad,0.888947630301,0.887457410701,0.000541740855961,5,27,ok,
c222,staged,irfft,complex128,4097,8,contiguous,truncate,staged_irfft_complex128_4097_8_contiguous_truncate,0.665249164543,0.6614352696,0.00196040570233,5,37,ok,
c222,staged,irfft,complex128,4097,64,contiguous,pad,staged_irfft_complex128_4097_64_contiguous_pad,7.05478349118,7.02680874383,0.0279747473542,5,4,ok,
c222,staged,irfft,complex128,4097,64,contiguous,truncate,staged_irfft_complex128_4097_64_contiguous_truncate,5.23748400155,5.22987482448,0.00760917707036,5,6,ok,
c222,staged,irfft,complex128,4097,256,contiguous,pad,staged_irfft_complex128_4097_256_contiguous_pad,28.554368997,28.2880919985,0.128429965116,5,1,ok,
c222,staged,irfft,complex128,4097,256,contiguous,truncate,staged_irfft_complex128_4097_256_contiguous_truncate,21.0587449837,20.8706049016,0.0891470117494,5,1,ok,
c222,staged,irfft,complex128,8192,1,contiguous,pad,staged_irfft_complex128_8192_1_contiguous_pad,0.0459562352626,0.0457861146424,0.000145314843394,5,200,ok,
c222,staged,irfft,complex128,8192,1,contiguous,truncate,staged_irfft_complex128_8192_1_contiguous_truncate,0.041286170017,0.041050480213,0.000226675183512,5,200,ok,
c222,staged,irfft,complex128,8192,8,contiguous,pad,staged_irfft_complex128_8192_8_contiguous_pad,0.321868894767,0.321791740134,7.71546325126e-05,5,77,ok,
c222,staged,irfft,complex128,8192,8,contiguous,truncate,staged_irfft_complex128_8192_8_contiguous_truncate,0.153892372752,0.153721372383,0.00017100036931,5,161,ok,
c222,staged,irfft,complex128,8192,64,contiguous,pad,staged_irfft_complex128_8192_64_contiguous_pad,2.52099376387,2.52001961836,0.000974145502998,5,13,ok,
c222,staged,irfft,complex128,8192,64,contiguous,truncate,staged_irfft_complex128_8192_64_contiguous_truncate,2.08138662128,2.07873612089,0.00131625711219,5,16,ok,
c222,staged,irfft,complex128,8192,256,contiguous,pad,staged_irfft_complex128_8192_256_contiguous_pad,10.3775563184,10.3025800005,0.065295297342,5,3,ok,
c222,staged,irfft,complex128,8192,256,contiguous,truncate,staged_irfft_complex128_8192_256_contiguous_truncate,4.70338640735,4.67862000223,0.0217386055738,5,5,ok,
c222,out,fft,complex64,64,1,contiguous,separate,out_fft_complex64_64_1_contiguous_separate,0.00440962141653,0.00438692840141,1.24965241024e-05,7,1577,ok,
c222,out,fft,complex64,64,1,contiguous,noncontiguous,out_fft_complex64_64_1_contiguous_noncontiguous,0.0043509415118,0.0043425259646,6.60744262859e-06,7,2000,ok,
c222,out,fft,complex64,64,1,contiguous,negative,out_fft_complex64_64_1_contiguous_negative,0.00438088248484,0.00435743900016,1.71919818968e-05,7,2000,ok,
c222,out,fft,complex64,64,8,contiguous,separate,out_fft_complex64_64_8_contiguous_separate,0.00590152278414,0.00584178201352,2.70931715412e-05,7,1890,ok,
c222,out,fft,complex64,64,8,contiguous,noncontiguous,out_fft_complex64_64_8_contiguous_noncontiguous,0.00591854099184,0.00590149447089,1.05545041151e-05,7,2000,ok,
c222,out,fft,complex64,64,8,contiguous,negative,out_fft_complex64_64_8_contiguous_negative,0.00594087981044,0.00590426167987,2.26123740123e-05,7,1922,ok,
c222,out,fft,complex64,4096,1,contiguous,separate,out_fft_complex64_4096_1_contiguous_separate,0.0387643425636,0.038684468576,1.72084171886e-05,7,365,ok,
c222,out,fft,complex64,4096,1,contiguous,noncontiguous,out_fft_complex64_4096_1_contiguous_noncontiguous,0.0388480376162,0.0386924513551,6.13493098807e-05,7,372,ok,
c222,out,fft,complex64,4096,1,contiguous,negative,out_fft_complex64_4096_1_contiguous_negative,0.0387890267496,0.0385964295516,0.000166818810006,7,375,ok,
c222,out,fft,complex64,4096,8,contiguous,separate,out_fft_complex64_4096_8_contiguous_separate,0.179331382456,0.178284206092,0.000298419549568,7,136,ok,
c222,out,fft,complex64,4096,8,contiguous,noncontiguous,out_fft_complex64_4096_8_contiguous_noncontiguous,0.182177161332,0.18165164645,0.000135330125116,7,130,ok,
c222,out,fft,complex64,4096,8,contiguous,negative,out_fft_complex64_4096_8_contiguous_negative,0.179893582584,0.179328504286,8.78634172485e-05,7,139,ok,
c222,overlap,fft,complex64,64,1,contiguous,inplace,overlap_fft_complex64_64_1_contiguous_inplace,0.00428620603634,0.00427297147689,1.32345594466e-05,7,2000,ok,
c222,overlap,fft,complex64,64,1,contiguous,partial_overlap,overlap_fft_complex64_64_1_contiguous_partial_overlap,0.00464601776765,0.00462708478572,4.27617560619e-06,7,1687,ok,
c222,overlap,fft,complex64,64,8,contiguous,inplace,overlap_fft_complex64_64_8_contiguous_inplace,0.00593622681959,0.00590547593238,1.12123448828e-05,7,1931,ok,
c222,overlap,fft,complex64,64,8,contiguous,partial_overlap,overlap_fft_complex64_64_8_contiguous_partial_overlap,0.00629557764859,0.00628014646434,1.42010025237e-05,7,1816,ok,
c222,overlap,fft,complex64,4096,1,contiguous,inplace,overlap_fft_complex64_4096_1_contiguous_inplace,0.0387161113474,0.0386305435551,4.41302646599e-05,7,368,ok,
c222,overlap,fft,complex64,4096,1,contiguous,partial_overlap,overlap_fft_complex64_4096_1_contiguous_partial_overlap,0.0390180594263,0.038927999904,4.81188574151e-05,7,370,ok,
c222,overlap,fft,complex64,4096,8,contiguous,inplace,overlap_fft_complex64_4096_8_contiguous_inplace,0.178383365036,0.177929598505,0.000453766530556,7,137,ok,
c222,overlap,fft,complex64,4096,8,contiguous,partial_overlap,overlap_fft_complex64_4096_8_contiguous_partial_overlap,0.179407876862,0.179134470417,0.000175325692618,7,138,ok,
c222,out,fft,complex128,64,1,contiguous,separate,out_fft_complex128_64_1_contiguous_separate,0.00365927146049,0.00362108554691,3.25659639202e-05,7,2000,ok,
c222,out,fft,complex128,64,1,contiguous,noncontiguous,out_fft_complex128_64_1_contiguous_noncontiguous,0.00365477299783,0.00363540201215,9.63796628639e-06,7,2000,ok,
c222,out,fft,complex128,64,1,contiguous,negative,out_fft_complex128_64_1_contiguous_negative,0.00366963550914,0.00364187400555,6.97851646692e-06,7,2000,ok,
c222,out,fft,complex128,64,8,contiguous,separate,out_fft_complex128_64_8_contiguous_separate,0.00468580651795,0.00462337501813,4.36864793301e-05,7,2000,ok,
c222,out,fft,complex128,64,8,contiguous,noncontiguous,out_fft_complex128_64_8_contiguous_noncontiguous,0.00475388846826,0.00467150000622,6.0559832491e-06,7,2000,ok,
c222,out,fft,complex128,64,8,contiguous,negative,out_fft_complex128_64_8_contiguous_negative,0.00463708053576,0.00460956949973,7.42392148823e-06,7,2000,ok,
c222,out,fft,complex128,4096,1,contiguous,separate,out_fft_complex128_4096_1_contiguous_separate,0.0361830149579,0.0360663306262,8.7230379943e-05,7,399,ok,
c222,out,fft,complex128,4096,1,contiguous,noncontiguous,out_fft_complex128_4096_1_contiguous_noncontiguous,0.0369427415833,0.0368792895175,4.34418663729e-05,7,387,ok,
c222,out,fft,complex128,4096,1,contiguous,negative,out_fft_complex128_4096_1_contiguous_negative,0.0360603335049,0.0360071975278,5.31359771152e-05,7,405,ok,
c222,out,fft,complex128,4096,8,contiguous,separate,out_fft_complex128_4096_8_contiguous_separate,0.163193450568,0.162831443633,0.000362006935063,7,151,ok,
c222,out,fft,complex128,4096,8,contiguous,noncontiguous,out_fft_complex128_4096_8_contiguous_noncontiguous,0.165421033524,0.163710202606,0.000395398347865,7,148,ok,
c222,out,fft,complex128,4096,8,contiguous,negative,out_fft_complex128_4096_8_contiguous_negative,0.163093012958,0.162726182953,0.000320855844644,7,153,ok,
c222,overlap,fft,complex128,64,1,contiguous,inplace,overlap_fft_complex128_64_1_contiguous_inplace,0.00360966403969,0.00359174550977,1.68114202097e-05,7,2000,ok,
c222,overlap,fft,complex128,64,1,contiguous,partial_overlap,overlap_fft_complex128_64_1_contiguous_partial_overlap,0.00422650953988,0.00421402149368,1.24735524878e-05,7,2000,ok,
c222,overlap,fft,complex128,64,8,contiguous,inplace,overlap_fft_complex128_64_8_contiguous_inplace,0.00466659100493,0.0046432724921,8.56549013406e-06,7,2000,ok,
c222,overlap,fft,complex128,64,8,contiguous,partial_overlap,overlap_fft_complex128_64_8_contiguous_partial_overlap,0.00565195851959,0.00562383147189,1.53589644469e-05,7,2000,ok,
c222,overlap,fft,complex128,4096,1,contiguous,inplace,overlap_fft_complex128_4096_1_contiguous_inplace,0.0353917909451,0.0353481108692,4.36800758714e-05,7,378,ok,
c222,overlap,fft,complex128,4096,1,contiguous,partial_overlap,overlap_fft_complex128_4096_1_contiguous_partial_overlap,0.0375363282122,0.0374506198568,2.40285468559e-05,7,384,ok,
c222,overlap,fft,complex128,4096,8,contiguous,inplace,overlap_fft_complex128_4096_8_contiguous_inplace,0.161060271034,0.160950193212,7.36187963236e-05,7,155,ok,
c222,overlap,fft,complex128,4096,8,contiguous,partial_overlap,overlap_fft_complex128_4096_8_contiguous_partial_overlap,0.175109242887,0.174704414426,0.000121721365888,7,140,ok,
c222,out,ifft,complex64,64,1,contiguous,separate,out_ifft_complex64_64_1_contiguous_separate,0.00450903728493,0.00448604892804,2.29883568941e-05,7,1983,ok,
c222,out,ifft,complex64,64,1,contiguous,noncontiguous,out_ifft_complex64_64_1_contiguous_noncontiguous,0.00454284501029,0.00452825799584,1.10704568215e-05,7,2000,ok,
c222,out,ifft,complex64,64,1,contiguous,negative,out_ifft_complex64_64_1_contiguous_negative,0.00454222346889,0.00451408152003,9.79797914624e-06,7,2000,ok,
c222,out,ifft,complex64,64,8,contiguous,separate,out_ifft_complex64_64_8_contiguous_separate,0.00613645895862,0.00611493728954,1.54887124695e-05,7,1850,ok,
c222,out,ifft,complex64,64,8,contiguous,noncontiguous,out_ifft_complex64_64_8_contiguous_noncontiguous,0.00615206038087,0.00610574142974,1.80417397275e-05,7,1988,ok,
c222,out,ifft,complex64,64,8,contiguous,negative,out_ifft_complex64_64_8_contiguous_negative,0.00609700405039,0.00608000747161,1.36105227284e-05,7,2000,ok,
c222,out,ifft,complex64,4096,1,contiguous,separate,out_ifft_complex64_4096_1_contiguous_separate,0.0382003039122,0.038105807888,6.58559923371e-05,7,375,ok,
c222,out,ifft,complex64,4096,1,contiguous,noncontiguous,out_ifft_complex64_4096_1_contiguous_noncontiguous,0.0381747060859,0.0380167216331,0.000140417350109,7,381,ok,
c222,out,ifft,complex64,4096,1,contiguous,negative,out_ifft_complex64_4096_1_contiguous_negative,0.0376761097621,0.0373447075603,0.000153678863287,7,383,ok,
c222,out,ifft,complex64,4096,8,contiguous,separate,out_ifft_complex64_4096_8_contiguous_separate,0.163286946869,0.162864627006,9.74535942078e-05,7,150,ok,
c222,out,ifft,complex64,4096,8,contiguous,noncontiguous,out_ifft_complex64_4096_8_contiguous_noncontiguous,0.165365021126,0.164898110799,0.000387945167151,7,144,ok,
c222,out,ifft,complex64,4096,8,contiguous,negative,out_ifft_complex64_4096_8_contiguous_negative,0.163129427278,0.162958137787,0.000171289490215,7,145,ok,
c222,overlap,ifft,complex64,64,1,contiguous,inplace,overlap_ifft_complex64_64_1_contiguous_inplace,0.00453996949363,0.00452789652627,6.89801527187e-06,7,2000,ok,
c222,overlap,ifft,complex64,64,1,contiguous,partial_overlap,overlap_ifft_complex64_64_1_contiguous_partial_overlap,0.00526674999855,0.00521120202029,5.14659914188e-05,7,2000,ok,
c222,overlap,ifft,complex64,64,8,contiguous,inplace,overlap_ifft_complex64_64_8_contiguous_inplace,0.00620307265955,0.00615475723582,1.55661814209e-06,7,1899,ok,
c222,overlap,ifft,complex64,64,8,contiguous,partial_overlap,overlap_ifft_complex64_64_8_contiguous_partial_overlap,0.00709887569998,0.00707419369628,1.20829457098e-05,7,893,ok,
c222,overlap,ifft,complex64,4096,1,contiguous,inplace,overlap_ifft_complex64_4096_1_contiguous_inplace,0.0381061803569,0.0378972228829,0.000111639205692,7,377,ok,
c222,overlap,ifft,complex64,4096,1,contiguous,partial_overlap,overlap_ifft_complex64_4096_1_contiguous_partial_overlap,0.0393317690317,0.0391524429332,7.69400883102e-05,7,368,ok,
c222,overlap,ifft,complex64,4096,8,contiguous,inplace,overlap_ifft_complex64_4096_8_contiguous_inplace,0.163497758597,0.163004679599,0.000413849621135,7,153,ok,
c222,overlap,ifft,complex64,4096,8,contiguous,partial_overlap,overlap_ifft_complex64_4096_8_contiguous_partial_overlap,0.170498890228,0.17029358224,0.000202500465492,7,146,ok,
c222,out,ifft,complex128,64,1,contiguous,separate,out_ifft_complex128_64_1_contiguous_separate,0.00445030699484,0.00443080050172,1.95064931177e-05,7,2000,ok,
c222,out,ifft,complex128,64,1,contiguous,noncontiguous,out_ifft_complex128_64_1_contiguous_noncontiguous,0.0044434494921,0.00441621348727,2.72360048257e-05,7,2000,ok,
c222,out,ifft,complex128,64,1,contiguous,negative,out_ifft_complex128_64_1_contiguous_negative,0.00447286950657,0.00444739201339,2.08440469578e-05,7,2000,ok,
c222,out,ifft,complex128,64,8,contiguous,separate,out_ifft_complex128_64_8_contiguous_separate,0.00566988832072,0.00561671573959,3.38007904911e-05,7,1988,ok,
c222,out,ifft,complex128,64,8,contiguous,noncontiguous,out_ifft_complex128_64_8_contiguous_noncontiguous,0.00583131379728,0.00551345393862,0.00011120873687,7,1998,ok,
c222,out,ifft,complex128,64,8,contiguous,negative,out_ifft_complex128_64_8_contiguous_negative,0.0057428298709,0.00552733627424,6.30708545488e-05,7,1805,ok,
c222,out,ifft,complex128,4096,1,contiguous,separate,out_ifft_complex128_4096_1_contiguous_separate,0.0379523403968,0.0378526973765,3.39539444728e-05,7,370,ok,
c222,out,ifft,complex128,4096,1,contiguous,noncontiguous,out_ifft_complex128_4096_1_contiguous_noncontiguous,0.0392305288362,0.0389533535233,0.000158021838902,7,365,ok,
c222,out,ifft,complex128,4096,1,contiguous,negative,out_ifft_complex128_4096_1_contiguous_negative,0.0382887005288,0.0379431362757,0.000287031936634,7,374,ok,
c222,out,ifft,complex128,4096,8,contiguous,separate,out_ifft_complex128_4096_8_contiguous_separate,0.172247175454,0.171752087432,0.000395999888271,7,137,ok,
c222,out,ifft,complex128,4096,8,contiguous,noncontiguous,out_ifft_complex128_4096_8_contiguous_noncontiguous,0.175261456752,0.174648243202,0.000328114089955,7,140,ok,
c222,out,ifft,complex128,4096,8,contiguous,negative,out_ifft_complex128_4096_8_contiguous_negative,0.172254264018,0.171966153074,0.000279687002249,7,144,ok,
c222,overlap,ifft,complex128,64,1,contiguous,inplace,overlap_ifft_complex128_64_1_contiguous_inplace,0.00446776952595,0.0044313215185,1.02689955384e-05,7,2000,ok,
c222,overlap,ifft,complex128,64,1,contiguous,partial_overlap,overlap_ifft_complex128_64_1_contiguous_partial_overlap,0.00510007399134,0.0050746119814,7.77945388108e-06,7,2000,ok,
c222,overlap,ifft,complex128,64,8,contiguous,inplace,overlap_ifft_complex128_64_8_contiguous_inplace,0.00566201364537,0.0056140507767,1.32776278712e-05,7,1909,ok,
c222,overlap,ifft,complex128,64,8,contiguous,partial_overlap,overlap_ifft_complex128_64_8_contiguous_partial_overlap,0.00669766671088,0.00666963791571,2.80287951745e-05,7,1740,ok,
c222,overlap,ifft,complex128,4096,1,contiguous,inplace,overlap_ifft_complex128_4096_1_contiguous_inplace,0.0376113119225,0.037434338592,1.84321155151e-05,7,375,ok,
c222,overlap,ifft,complex128,4096,1,contiguous,partial_overlap,overlap_ifft_complex128_4096_1_contiguous_partial_overlap,0.0400379372421,0.0399639859843,7.39512577695e-05,7,351,ok,
c222,overlap,ifft,complex128,4096,8,contiguous,inplace,overlap_ifft_complex128_4096_8_contiguous_inplace,0.170534027721,0.170304759705,0.000130377186794,7,146,ok,
c222,overlap,ifft,complex128,4096,8,contiguous,partial_overlap,overlap_ifft_complex128_4096_8_contiguous_partial_overlap,0.188206819663,0.18636248148,0.00158408254077,7,133,ok,
c222,out,rfft,float32,64,1,contiguous,separate,out_rfft_float32_64_1_contiguous_separate,0.00414659100352,0.00412780547049,1.1035008356e-05,7,2000,ok,
c222,out,rfft,float32,64,1,contiguous,noncontiguous,out_rfft_float32_64_1_contiguous_noncontiguous,0.00415489601437,0.00413899653358,3.1454837881e-06,7,2000,ok,
c222,out,rfft,float32,64,1,contiguous,negative,out_rfft_float32_64_1_contiguous_negative,0.0041430190322,0.00412457948551,6.00650673732e-06,7,2000,ok,
c222,out,rfft,float32,64,8,contiguous,separate,out_rfft_float32_64_8_contiguous_separate,0.00516875751782,0.00513967854204,1.59394694492e-05,7,2000,ok,
c222,out,rfft,float32,64,8,contiguous,noncontiguous,out_rfft_float32_64_8_contiguous_noncontiguous,0.00516777049052,0.00512944947695,2.25320109166e-05,7,2000,ok,
c222,out,rfft,float32,64,8,contiguous,negative,out_rfft_float32_64_8_contiguous_negative,0.0052520725294,0.00522168650059,2.6133027859e-05,7,2000,ok,
c222,out,rfft,float32,4096,1,contiguous,separate,out_rfft_float32_4096_1_contiguous_separate,0.0203806838604,0.0203559471015,1.42769919041e-05,7,661,ok,
c222,out,rfft,float32,4096,1,contiguous,noncontiguous,out_rfft_float32_4096_1_contiguous_noncontiguous,0.0203564659664,0.0201317938572,2.33526770107e-05,7,689,ok,
c222,out,rfft,float32,4096,1,contiguous,negative,out_rfft_float32_4096_1_contiguous_negative,0.0206579137344,0.020523383462,4.95572932851e-05,7,673,ok,
c222,out,rfft,float32,4096,8,contiguous,separate,out_rfft_float32_4096_8_contiguous_separate,0.0729955249699,0.0728095299564,0.000133399735205,7,200,ok,
c222,out,rfft,float32,4096,8,contiguous,noncontiguous,out_rfft_float32_4096_8_contiguous_noncontiguous,0.0743326701922,0.0739925348898,0.000209740246646,7,200,ok,
c222,out,rfft,float32,4096,8,contiguous,negative,out_rfft_float32_4096_8_contiguous_negative,0.0734288850799,0.0731899350649,6.55197072774e-05,7,200,ok,
c222,overlap,rfft,float32,64,1,contiguous,real_partial_overlap,overlap_rfft_float32_64_1_contiguous_real_partial_overlap,0.00441803701688,0.00438497052528,2.5182031095e-05,7,2000,ok,
c222,overlap,rfft,float32,4096,1,contiguous,real_partial_overlap,overlap_rfft_float32_4096_1_contiguous_real_partial_overlap,0.0203986394252,0.020392264924,5.5578002026e-06,7,649,ok,
c222,out,rfft,float64,64,1,contiguous,separate,out_rfft_float64_64_1_contiguous_separate,0.00339676154545,0.00338615197688,5.59503678232e-06,7,2000,ok,
c222,out,rfft,float64,64,1,contiguous,noncontiguous,out_rfft_float64_64_1_contiguous_noncontiguous,0.00338751950767,0.00337822199799,7.25401332602e-06,7,2000,ok,
c222,out,rfft,float64,64,1,contiguous,negative,out_rfft_float64_64_1_contiguous_negative,0.003409189987,0.00339393148897,4.8239598982e-06,7,2000,ok,
c222,out,rfft,float64,64,8,contiguous,separate,out_rfft_float64_64_8_contiguous_separate,0.00402031000704,0.00400997098768,6.39201607555e-06,7,2000,ok,
c222,out,rfft,float64,64,8,contiguous,noncontiguous,out_rfft_float64_64_8_contiguous_noncontiguous,0.00401491997764,0.00398370699259,5.26499934494e-06,7,2000,ok,
c222,out,rfft,float64,64,8,contiguous,negative,out_rfft_float64_64_8_contiguous_negative,0.00400874851039,0.0039991454687,4.01749275625e-06,7,2000,ok,
c222,out,rfft,float64,4096,1,contiguous,separate,out_rfft_float64_4096_1_contiguous_separate,0.0179716070069,0.0179461663218,2.54406850833e-05,7,547,ok,
c222,out,rfft,float64,4096,1,contiguous,noncontiguous,out_rfft_float64_4096_1_contiguous_noncontiguous,0.0183586491204,0.0181354655521,7.72576693662e-05,7,741,ok,
c222,out,rfft,float64,4096,1,contiguous,negative,out_rfft_float64_4096_1_contiguous_negative,0.0179396550898,0.0179117223313,2.79327584984e-05,7,774,ok,
c222,out,rfft,float64,4096,8,contiguous,separate,out_rfft_float64_4096_8_contiguous_separate,0.0635399849853,0.0632594653871,6.79801451042e-05,7,200,ok,
c222,out,rfft,float64,4096,8,contiguous,noncontiguous,out_rfft_float64_4096_8_contiguous_noncontiguous,0.0653721549315,0.0651326548541,5.90551644564e-05,7,200,ok,
c222,out,rfft,float64,4096,8,contiguous,negative,out_rfft_float64_4096_8_contiguous_negative,0.0636026496068,0.0629268953344,9.54745337367e-05,7,200,ok,
c222,overlap,rfft,float64,64,1,contiguous,real_partial_overlap,overlap_rfft_float64_64_1_contiguous_real_partial_overlap,0.00410710700089,0.00403360498603,6.25697430223e-06,7,2000,ok,
c222,overlap,rfft,float64,4096,1,contiguous,real_partial_overlap,overlap_rfft_float64_4096_1_contiguous_real_partial_overlap,0.0192383214815,0.0192241706444,1.4150837121e-05,7,703,ok,
c222,out,irfft,complex64,64,1,contiguous,separate,out_irfft_complex64_64_1_contiguous_separate,0.00435852597002,0.00433370447718,8.99191945791e-06,7,2000,ok,
c222,out,irfft,complex64,64,1,contiguous,noncontiguous,out_irfft_complex64_64_1_contiguous_noncontiguous,0.00433023303049,0.0042925880407,2.0693987608e-05,7,2000,ok,
c222,out,irfft,complex64,64,1,contiguous,negative,out_irfft_complex64_64_1_contiguous_negative,0.00438596250024,0.00437376450282,1.05950166471e-05,7,2000,ok,
c222,out,irfft,complex64,64,8,contiguous,separate,out_irfft_complex64_64_8_contiguous_separate,0.00510131701594,0.00506111647701,9.5579889603e-06,7,2000,ok,
c222,out,irfft,complex64,64,8,contiguous,noncontiguous,out_irfft_complex64_64_8_contiguous_noncontiguous,0.00507871952141,0.00507037399802,8.34552338347e-06,7,2000,ok,
c222,out,irfft,complex64,64,8,contiguous,negative,out_irfft_complex64_64_8_contiguous_negative,0.00514144153567,0.00512586697005,8.97148856893e-06,7,2000,ok,
c222,out,irfft,complex64,4096,1,contiguous,separate,out_irfft_complex64_4096_1_contiguous_separate,0.0242805226472,0.0241196800228,0.000132590945862,7,572,ok,
c222,out,irfft,complex64,4096,1,contiguous,noncontiguous,out_irfft_complex64_4096_1_contiguous_noncontiguous,0.0241320102981,0.0240597645896,6.13830788413e-05,7,582,ok,
c222,out,irfft,complex64,4096,1,contiguous,negative,out_irfft_complex64_4096_1_contiguous_negative,0.0240673465606,0.0240191172985,3.40982484792e-05,7,580,ok,
c222,out,irfft,complex64,4096,8,contiguous,separate,out_irfft_complex64_4096_8_contiguous_separate,0.0551981752506,0.0545284250984,0.00015553960111,7,200,ok,
c222,out,irfft,complex64,4096,8,contiguous,noncontiguous,out_irfft_complex64_4096_8_contiguous_noncontiguous,0.056219479884,0.0561233505141,3.64199513569e-05,7,200,ok,
c222,out,irfft,complex64,4096,8,contiguous,negative,out_irfft_complex64_4096_8_contiguous_negative,0.0553341303021,0.0552087451797,3.86754982173e-05,7,200,ok,
c222,overlap,irfft,complex64,64,1,contiguous,real_partial_overlap,overlap_irfft_complex64_64_1_contiguous_real_partial_overlap,0.00504938885332,0.00501873038584,8.23700703703e-06,7,1962,ok,
c222,overlap,irfft,complex64,4096,1,contiguous,real_partial_overlap,overlap_irfft_complex64_4096_1_contiguous_real_partial_overlap,0.0256163149156,0.0251328913944,0.00038185254645,7,543,ok,
c222,out,irfft,complex128,64,1,contiguous,separate,out_irfft_complex128_64_1_contiguous_separate,0.00438141345512,0.00437479146058,3.94257949665e-06,7,2000,ok,
c222,out,irfft,complex128,64,1,contiguous,noncontiguous,out_irfft_complex128_64_1_contiguous_noncontiguous,0.00438504997874,0.00435956800357,1.16020091809e-05,7,2000,ok,
c222,out,irfft,complex128,64,1,contiguous,negative,out_irfft_complex128_64_1_contiguous_negative,0.00438321201364,0.00436432700371,7.37397931516e-06,7,2000,ok,
c222,out,irfft,complex128,64,8,contiguous,separate,out_irfft_complex128_64_8_contiguous_separate,0.00510630104691,0.00509927800158,7.02304532751e-06,7,2000,ok,
c222,out,irfft,complex128,64,8,contiguous,noncontiguous,out_irfft_complex128_64_8_contiguous_noncontiguous,0.00516186450841,0.00513228453929,7.28847226128e-06,7,2000,ok,
c222,out,irfft,complex128,64,8,contiguous,negative,out_irfft_complex128_64_8_contiguous_negative,0.00518411101075,0.00516300700838,1.95464817807e-05,7,2000,ok,
c222,out,irfft,complex128,4096,1,contiguous,separate,out_irfft_complex128_4096_1_contiguous_separate,0.0216957662802,0.021581366617,2.28229203919e-05,7,633,ok,
c222,out,irfft,complex128,4096,1,contiguous,noncontiguous,out_irfft_complex128_4096_1_contiguous_noncontiguous,0.0224145066668,0.0221774684408,6.63687230592e-05,7,602,ok,
c222,out,irfft,complex128,4096,1,contiguous,negative,out_irfft_complex128_4096_1_contiguous_negative,0.0219287188805,0.0217607189172,0.000122105391835,7,644,ok,
c222,out,irfft,complex128,4096,8,contiguous,separate,out_irfft_complex128_4096_8_contiguous_separate,0.0756418600213,0.0750568200601,0.000155890011229,7,200,ok,
c222,out,irfft,complex128,4096,8,contiguous,noncontiguous,out_irfft_complex128_4096_8_contiguous_noncontiguous,0.0765866751317,0.0758769002277,0.000333620118909,7,200,ok,
c222,out,irfft,complex128,4096,8,contiguous,negative,out_irfft_complex128_4096_8_contiguous_negative,0.0760186149273,0.0756819348317,4.37302514911e-05,7,200,ok,
c222,overlap,irfft,complex128,64,1,contiguous,real_partial_overlap,overlap_irfft_complex128_64_1_contiguous_real_partial_overlap,0.00513574019543,0.00510741614276,2.83240526722e-05,7,1932,ok,
c222,overlap,irfft,complex128,4096,1,contiguous,real_partial_overlap,overlap_irfft_complex128_4096_1_contiguous_real_partial_overlap,0.0230306140779,0.0229110859954,6.06770534685e-05,7,604,ok,
final,layout,fft,complex64,1024,1,reverse,,layout_fft_complex64_1024_1_reverse_,0.0108399391924,0.0106815367445,0.000128444905082,7,708,ok,
final,layout,fft,complex64,1024,1,stride2,,layout_fft_complex64_1024_1_stride2_,0.0108348957144,0.0108009743862,8.93639321152e-06,7,1055,ok,
final,layout,fft,complex64,1024,1,transpose,,layout_fft_complex64_1024_1_transpose_,0.011002689981,0.0109546817839,4.80081970719e-05,7,1100,ok,
final,layout,fft,complex64,1024,1,fortran,,layout_fft_complex64_1024_1_fortran_,0.0109023222983,0.0107302202721,3.46970709064e-05,7,1185,ok,
final,layout,fft,complex64,1024,8,reverse,,layout_fft_complex64_1024_8_reverse_,0.140129354482,0.139271507838,0.000546682655575,7,189,ok,
final,layout,fft,complex64,1024,8,stride2,,layout_fft_complex64_1024_8_stride2_,0.0464918802027,0.0459587399382,0.000250915181823,7,200,ok,
final,layout,fft,complex64,1024,8,transpose,,layout_fft_complex64_1024_8_transpose_,0.0499053002568,0.0496879452839,7.02298711985e-05,7,200,ok,
final,layout,fft,complex64,1024,8,fortran,,layout_fft_complex64_1024_8_fortran_,0.0503425649367,0.0501578202238,0.000132045242935,7,200,ok,
final,layout,fft,complex64,1024,64,reverse,,layout_fft_complex64_1024_64_reverse_,1.02807666796,1.0216045824,0.00393525018202,7,24,ok,
final,layout,fft,complex64,1024,64,stride2,,layout_fft_complex64_1024_64_stride2_,0.288842938818,0.287830324686,0.000535938271647,7,83,ok,
final,layout,fft,complex64,1024,64,transpose,,layout_fft_complex64_1024_64_transpose_,0.402734693771,0.401345661826,0.000744628074068,7,62,ok,
final,layout,fft,complex64,1024,64,fortran,,layout_fft_complex64_1024_64_fortran_,0.397439539758,0.396619111093,0.0006760163824,7,63,ok,
final,layout,fft,complex64,4096,1,reverse,,layout_fft_complex64_4096_1_reverse_,0.033501440744,0.0333528595247,0.000112743938131,7,406,ok,
final,layout,fft,complex64,4096,1,stride2,,layout_fft_complex64_4096_1_stride2_,0.0334602839121,0.0333347228824,8.38898100449e-05,7,426,ok,
final,layout,fft,complex64,4096,1,transpose,,layout_fft_complex64_4096_1_transpose_,0.0337348057518,0.0333467818978,0.000269910027119,7,422,ok,
final,layout,fft,complex64,4096,1,fortran,,layout_fft_complex64_4096_1_fortran_,0.0333946626982,0.0333271008817,6.18443816299e-05,7,347,ok,
final,layout,fft,complex64,4096,8,reverse,,layout_fft_complex64_4096_8_reverse_,0.184796599637,0.182316785126,0.000838162722411,7,135,ok,
final,layout,fft,complex64,4096,8,stride2,,layout_fft_complex64_4096_8_stride2_,0.183584227643,0.18320093196,0.000319226687266,7,132,ok,
final,layout,fft,complex64,4096,8,transpose,,layout_fft_complex64_4096_8_transpose_,0.207094547267,0.206367034091,0.000618675795312,7,117,ok,
final,layout,fft,complex64,4096,8,fortran,,layout_fft_complex64_4096_8_fortran_,0.201893474635,0.200960483441,0.00028719950933,7,120,ok,
final,layout,fft,complex64,4096,64,reverse,,layout_fft_complex64_4096_64_reverse_,3.03969344929,3.00445945256,0.0208615515889,7,11,ok,
final,layout,fft,complex64,4096,64,stride2,,layout_fft_complex64_4096_64_stride2_,1.36055714684,1.35749194887,0.00271904864348,7,20,ok,
final,layout,fft,complex64,4096,64,transpose,,layout_fft_complex64_4096_64_transpose_,1.8379615568,1.83204827934,0.00429410849594,7,18,ok,
final,layout,fft,complex64,4096,64,fortran,,layout_fft_complex64_4096_64_fortran_,1.82308822534,1.81001217182,0.00337466675167,7,18,ok,
final,layout,fft,complex64,65536,1,reverse,,layout_fft_complex64_65536_1_reverse_,0.927091459744,0.913646770641,0.00801380687895,5,26,ok,
final,layout,fft,complex64,65536,1,stride2,,layout_fft_complex64_65536_1_stride2_,0.963759520091,0.960851721466,0.00290779862553,5,25,ok,
final,layout,fft,complex64,65536,1,transpose,,layout_fft_complex64_65536_1_transpose_,0.9640741162,0.960311116651,0.00276156235486,5,25,ok,
final,layout,fft,complex64,65536,1,fortran,,layout_fft_complex64_65536_1_fortran_,0.926888001581,0.926360076007,0.000141766996911,5,26,ok,
final,layout,fft,complex64,65536,8,reverse,,layout_fft_complex64_65536_8_reverse_,9.94958763476,9.77618433535,0.159300281666,5,3,ok,
final,layout,fft,complex64,65536,8,stride2,,layout_fft_complex64_65536_8_stride2_,7.95898027718,7.93988225632,0.0190980208572,5,4,ok,
final,layout,fft,complex64,65536,8,transpose,,layout_fft_complex64_65536_8_transpose_,8.22898125625,8.17311473656,0.043481006287,5,4,ok,
final,layout,fft,complex64,65536,8,fortran,,layout_fft_complex64_65536_8_fortran_,8.31496533162,8.16337900081,0.151586330806,5,3,ok,
final,layout,fft,complex64,65536,64,reverse,,layout_fft_complex64_65536_64_reverse_,76.5323439846,76.1515320046,0.326999928802,5,1,ok,
final,layout,fft,complex64,65536,64,stride2,,layout_fft_complex64_65536_64_stride2_,78.2429549145,77.7981049614,0.444849953055,5,1,ok,
final,layout,fft,complex64,65536,64,transpose,,layout_fft_complex64_65536_64_transpose_,93.4217410395,92.7703259513,0.651415088214,5,1,ok,
final,layout,fft,complex64,65536,64,fortran,,layout_fft_complex64_65536_64_fortran_,94.9760710355,94.09684001,0.338592100888,5,1,ok,
final,staged,fft,complex64,1024,1,contiguous,pad,staged_fft_complex64_1024_1_contiguous_pad,0.010552852604,0.0104834549577,4.26755473391e-05,7,998,ok,
final,staged,fft,complex64,1024,1,contiguous,truncate,staged_fft_complex64_1024_1_contiguous_truncate,0.0110825212333,0.0110507562021,6.63783299233e-06,7,1132,ok,
final,staged,fft,complex64,1024,8,contiguous,pad,staged_fft_complex64_1024_8_contiguous_pad,0.0398930697702,0.039747300325,5.53048448637e-05,7,200,ok,
final,staged,fft,complex64,1024,8,contiguous,truncate,staged_fft_complex64_1024_8_contiguous_truncate,0.0483933795476,0.0481307395967,0.000189505517483,7,200,ok,
final,staged,fft,complex64,1024,64,contiguous,pad,staged_fft_complex64_1024_64_contiguous_pad,0.268808774012,0.267688819375,0.00111995463709,7,89,ok,
final,staged,fft,complex64,1024,64,contiguous,truncate,staged_fft_complex64_1024_64_contiguous_truncate,0.30432735092,0.303451284802,7.22077372786e-05,7,77,ok,
final,staged,fft,complex64,1024,256,contiguous,pad,staged_fft_complex64_1024_256_contiguous_pad,1.06597309932,1.05649894685,0.00476340064779,7,20,ok,
final,staged,fft,complex64,1024,256,contiguous,truncate,staged_fft_complex64_1024_256_contiguous_truncate,1.17646525032,1.17207705043,0.00438819988631,7,20,ok,
final,staged,fft,complex64,4096,1,contiguous,pad,staged_fft_complex64_4096_1_contiguous_pad,0.0327379651273,0.0322935638167,0.000347378188334,7,431,ok,
final,staged,fft,complex64,4096,1,contiguous,truncate,staged_fft_complex64_4096_1_contiguous_truncate,0.0344317926026,0.0343704854547,4.77731568603e-05,7,410,ok,
final,staged,fft,complex64,4096,8,contiguous,pad,staged_fft_complex64_4096_8_contiguous_pad,0.189122046308,0.188749661454,0.000335938798694,7,130,ok,
final,staged,fft,complex64,4096,8,contiguous,truncate,staged_fft_complex64_4096_8_contiguous_truncate,0.189177000609,0.187014577051,0.000216476977445,7,130,ok,
final,staged,fft,complex64,4096,64,contiguous,pad,staged_fft_complex64_4096_64_contiguous_pad,1.46033529891,1.44721679972,0.0131184991915,7,20,ok,
final,staged,fft,complex64,4096,64,contiguous,truncate,staged_fft_complex64_4096_64_contiguous_truncate,1.40674535069,1.39296359848,0.00665794941597,7,20,ok,
final,staged,fft,complex64,4096,256,contiguous,pad,staged_fft_complex64_4096_256_contiguous_pad,10.1510940197,9.75625733069,0.0822733078773,7,3,ok,
final,staged,fft,complex64,4096,256,contiguous,truncate,staged_fft_complex64_4096_256_contiguous_truncate,9.64437498866,9.47173300665,0.158789296014,7,3,ok,
final,staged,fft,complex64,4097,1,contiguous,pad,staged_fft_complex64_4097_1_contiguous_pad,0.119081113869,0.117278476294,0.00137821807396,5,193,ok,
final,staged,fft,complex64,4097,1,contiguous,truncate,staged_fft_complex64_4097_1_contiguous_truncate,0.122907040059,0.121568790055,0.000564155052416,5,200,ok,
final,staged,fft,complex64,4097,8,contiguous,pad,staged_fft_complex64_4097_8_contiguous_pad,0.847678623515,0.838764377163,0.00590690138653,5,29,ok,
final,staged,fft,complex64,4097,8,contiguous,truncate,staged_fft_complex64_4097_8_contiguous_truncate,0.743269407394,0.730113591999,0.0128477222461,5,32,ok,
final,staged,fft,complex64,4097,64,contiguous,pad,staged_fft_complex64_4097_64_contiguous_pad,6.4267917478,6.40938198194,0.0174097658601,5,4,ok,
final,staged,fft,complex64,4097,64,contiguous,truncate,staged_fft_complex64_4097_64_contiguous_truncate,5.71747098972,5.6511106668,0.0532076810487,5,6,ok,
final,staged,fft,complex64,4097,256,contiguous,pad,staged_fft_complex64_4097_256_contiguous_pad,29.8484730301,29.587336001,0.261137029156,5,1,ok,
final,staged,fft,complex64,4097,256,contiguous,truncate,staged_fft_complex64_4097_256_contiguous_truncate,26.8292910187,26.2042550603,0.625035958365,5,1,ok,
final,staged,fft,complex64,8192,1,contiguous,pad,staged_fft_complex64_8192_1_contiguous_pad,0.0649900949793,0.0648058002116,0.000184294767678,5,200,ok,
final,staged,fft,complex64,8192,1,contiguous,truncate,staged_fft_complex64_8192_1_contiguous_truncate,0.0682110502385,0.0679641403258,0.000246909912676,5,200,ok,
final,staged,fft,complex64,8192,8,contiguous,pad,staged_fft_complex64_8192_8_contiguous_pad,0.394499064881,0.393585885921,0.000865540283992,5,61,ok,
final,staged,fft,complex64,8192,8,contiguous,truncate,staged_fft_complex64_8192_8_contiguous_truncate,0.431954245933,0.431549104274,0.000319719363592,5,57,ok,
final,staged,fft,complex64,8192,64,contiguous,pad,staged_fft_complex64_8192_64_contiguous_pad,3.15724899992,3.14363759244,0.00815110979602,5,10,ok,
final,staged,fft,complex64,8192,64,contiguous,truncate,staged_fft_complex64_8192_64_contiguous_truncate,3.87544100522,3.84513687459,0.0169503618963,5,8,ok,
final,staged,fft,complex64,8192,256,contiguous,pad,staged_fft_complex64_8192_256_contiguous_pad,19.2691369448,19.1608050372,0.0972209963948,5,1,ok,
final,staged,fft,complex64,8192,256,contiguous,truncate,staged_fft_complex64_8192_256_contiguous_truncate,22.2587849712,22.1103769727,0.126936123706,5,1,ok,
final,layout,fft,complex128,1024,1,reverse,,layout_fft_complex128_1024_1_reverse_,0.00965280983207,0.00961375278767,2.42053863658e-05,7,983,ok,
final,layout,fft,complex128,1024,1,stride2,,layout_fft_complex128_1024_1_stride2_,0.00991384310961,0.00988185823055,3.19848790552e-05,7,1262,ok,
final,layout,fft,complex128,1024,1,transpose,,layout_fft_complex128_1024_1_transpose_,0.00937529062889,0.0092994946992,3.93057749775e-05,7,1328,ok,
final,layout,fft,complex128,1024,1,fortran,,layout_fft_complex128_1024_1_fortran_,0.00932053657872,0.00924646052484,2.63746482318e-05,7,1407,ok,
final,layout,fft,complex128,1024,8,reverse,,layout_fft_complex128_1024_8_reverse_,0.0397680402966,0.0394644204061,0.00021569954697,7,200,ok,
final,layout,fft,complex128,1024,8,stride2,,layout_fft_complex128_1024_8_stride2_,0.0409671250964,0.0402288499754,0.000405254540965,7,200,ok,
final,layout,fft,complex128,1024,8,transpose,,layout_fft_complex128_1024_8_transpose_,0.0431439350359,0.042948119808,7.14301131666e-05,7,200,ok,
final,layout,fft,complex128,1024,8,fortran,,layout_fft_complex128_1024_8_fortran_,0.0430610351032,0.0429215701297,6.65697734803e-05,7,200,ok,
final,layout,fft,complex128,1024,64,reverse,,layout_fft_complex128_1024_64_reverse_,0.250358550111,0.249811229296,0.000192259903997,7,100,ok,
final,layout,fft,complex128,1024,64,stride2,,layout_fft_complex128_1024_64_stride2_,0.251801185233,0.25133578318,0.000465402053189,7,97,ok,
final,layout,fft,complex128,1024,64,transpose,,layout_fft_complex128_1024_64_transpose_,0.345720578326,0.339573493529,0.00124132509907,7,71,ok,
final,layout,fft,complex128,1024,64,fortran,,layout_fft_complex128_1024_64_fortran_,0.342082599777,0.321938586421,0.00407804202821,7,70,ok,
final,layout,fft,complex128,4096,1,reverse,,layout_fft_complex128_4096_1_reverse_,0.0299067838926,0.0295630562145,0.000225148992472,7,463,ok,
final,layout,fft,complex128,4096,1,stride2,,layout_fft_complex128_4096_1_stride2_,0.0303981935866,0.0302138495489,4.53095943216e-05,7,465,ok,
final,layout,fft,complex128,4096,1,transpose,,layout_fft_complex128_4096_1_transpose_,0.0322031682696,0.032066981922,0.000136186347597,7,440,ok,
final,layout,fft,complex128,4096,1,fortran,,layout_fft_complex128_4096_1_fortran_,0.0299619319868,0.0294810785,0.000154480665638,7,472,ok,
final,layout,fft,complex128,4096,8,reverse,,layout_fft_complex128_4096_8_reverse_,0.165296999948,0.165100191873,0.000167780791805,7,146,ok,
final,layout,fft,complex128,4096,8,stride2,,layout_fft_complex128_4096_8_stride2_,0.167660445472,0.166404061019,0.000449404605243,7,146,ok,
final,layout,fft,complex128,4096,8,transpose,,layout_fft_complex128_4096_8_transpose_,0.185144556871,0.182781748843,0.000800427319553,7,131,ok,
final,layout,fft,complex128,4096,8,fortran,,layout_fft_complex128_4096_8_fortran_,0.185514590008,0.184732380691,0.000782209316463,7,134,ok,
final,layout,fft,complex128,4096,64,reverse,,layout_fft_complex128_4096_64_reverse_,1.17884669453,1.16823540302,0.00606529065408,7,20,ok,
final,layout,fft,complex128,4096,64,stride2,,layout_fft_complex128_4096_64_stride2_,1.21834385209,1.21696629794,0.00137755414471,7,20,ok,
final,layout,fft,complex128,4096,64,transpose,,layout_fft_complex128_4096_64_transpose_,1.5972978028,1.58638095018,0.00154490116984,7,20,ok,
final,layout,fft,complex128,4096,64,fortran,,layout_fft_complex128_4096_64_fortran_,1.56457779813,1.55177234556,0.0010855961591,7,20,ok,
final,layout,fft,complex128,65536,1,reverse,,layout_fft_complex128_65536_1_reverse_,0.875246395091,0.874914320385,0.000332074705511,5,28,ok,
final,layout,fft,complex128,65536,1,stride2,,layout_fft_complex128_65536_1_stride2_,0.898167409037,0.89393507396,0.00289874151349,5,27,ok,
final,layout,fft,complex128,65536,1,transpose,,layout_fft_complex128_65536_1_transpose_,0.899477628991,0.898159626457,0.00131800253358,5,27,ok,
final,layout,fft,complex128,65536,1,fortran,,layout_fft_complex128_65536_1_fortran_,0.891418519637,0.884248111914,0.00462229622321,5,27,ok,
final,layout,fft,complex128,65536,8,reverse,,layout_fft_complex128_65536_8_reverse_,7.51746425522,7.50276423059,0.0139107287396,5,4,ok,
final,layout,fft,complex128,65536,8,stride2,,layout_fft_complex128_65536_8_stride2_,7.54053724813,7.51398250577,0.0265547423624,5,4,ok,
final,layout,fft,complex128,65536,8,transpose,,layout_fft_complex128_65536_8_transpose_,7.6404659776,7.60372751392,0.0367384636775,5,4,ok,
final,layout,fft,complex128,65536,8,fortran,,layout_fft_complex128_65536_8_fortran_,7.86363749648,7.73572624894,0.127911247546,5,4,ok,
final,layout,fft,complex128,65536,64,reverse,,layout_fft_complex128_65536_64_reverse_,64.0438649571,63.7672299054,0.0842879526317,5,1,ok,
final,layout,fft,complex128,65536,64,stride2,,layout_fft_complex128_65536_64_stride2_,66.1981040612,66.1552948877,0.0386710744351,5,1,ok,
final,layout,fft,complex128,65536,64,transpose,,layout_fft_complex128_65536_64_transpose_,88.4948699968,87.8655660199,0.629303976893,5,1,ok,
final,layout,fft,complex128,65536,64,fortran,,layout_fft_complex128_65536_64_fortran_,89.9865429383,88.1280560279,1.14366412163,5,1,ok,
final,staged,fft,complex128,1024,1,contiguous,pad,staged_fft_complex128_1024_1_contiguous_pad,0.0092413447861,0.00914644198886,4.53410958528e-05,7,1111,ok,
final,staged,fft,complex128,1024,1,contiguous,truncate,staged_fft_complex128_1024_1_contiguous_truncate,0.00943247147645,0.00925691087602,7.19466194885e-05,7,1313,ok,
final,staged,fft,complex128,1024,8,contiguous,pad,staged_fft_complex128_1024_8_contiguous_pad,0.0360542099224,0.0355549802771,0.000219460343942,7,200,ok,
final,staged,fft,complex128,1024,8,contiguous,truncate,staged_fft_complex128_1024_8_contiguous_truncate,0.0401489500655,0.039782114909,0.000166359823197,7,200,ok,
final,staged,fft,complex128,1024,64,contiguous,pad,staged_fft_complex128_1024_64_contiguous_pad,0.243928097417,0.243065117484,0.000681069579122,7,102,ok,
final,staged,fft,complex128,1024,64,contiguous,truncate,staged_fft_complex128_1024_64_contiguous_truncate,0.255215692611,0.254770489459,0.000425585931999,7,94,ok,
final,staged,fft,complex128,1024,256,contiguous,pad,staged_fft_complex128_1024_256_contiguous_pad,0.941721803974,0.932466046652,0.0020653475076,7,20,ok,
final,staged,fft,complex128,1024,256,contiguous,truncate,staged_fft_complex128_1024_256_contiguous_truncate,0.977993500419,0.975632102927,0.00204534735531,7,20,ok,
final,staged,fft,complex128,4096,1,contiguous,pad,staged_fft_complex128_4096_1_contiguous_pad,0.0296236466656,0.0295310893017,8.73763867198e-05,7,470,ok,
final,staged,fft,complex128,4096,1,contiguous,truncate,staged_fft_complex128_4096_1_contiguous_truncate,0.0297091218204,0.0293856880662,4.84172285588e-05,7,484,ok,
final,staged,fft,complex128,4096,8,contiguous,pad,staged_fft_complex128_4096_8_contiguous_pad,0.16469474404,0.164276526591,0.000317630780812,7,152,ok,
final,staged,fft,complex128,4096,8,contiguous,truncate,staged_fft_complex128_4096_8_contiguous_truncate,0.165509225011,0.164555397273,0.000713052326776,7,151,ok,
final,staged,fft,complex128,4096,64,contiguous,pad,staged_fft_complex128_4096_64_contiguous_pad,1.2679984502,1.26376259723,0.00273605110124,7,20,ok,
final,staged,fft,complex128,4096,64,contiguous,truncate,staged_fft_complex128_4096_64_contiguous_truncate,1.19300609804,1.1837528029,0.007917243056,7,20,ok,
final,staged,fft,complex128,4096,256,contiguous,pad,staged_fft_complex128_4096_256_contiguous_pad,5.369291505,5.0408821747,0.130246335175,7,6,ok,
final,staged,fft,complex128,4096,256,contiguous,truncate,staged_fft_complex128_4096_256_contiguous_truncate,4.91541128473,4.86853371175,0.0041662881683,7,7,ok,
final,staged,fft,complex128,4097,1,contiguous,pad,staged_fft_complex128_4097_1_contiguous_pad,0.112239134614,0.111912474968,0.000326659646817,5,200,ok,
final,staged,fft,complex128,4097,1,contiguous,truncate,staged_fft_complex128_4097_1_contiguous_truncate,0.112498269882,0.112366974936,0.000131294946186,5,200,ok,
final,staged,fft,complex128,4097,8,contiguous,pad,staged_fft_complex128_4097_8_contiguous_pad,0.796224095769,0.794577772819,0.00162851891571,5,31,ok,
final,staged,fft,complex128,4097,8,contiguous,truncate,staged_fft_complex128_4097_8_contiguous_truncate,0.696868599126,0.694724887476,0.0012881155791,5,35,ok,
final,staged,fft,complex128,4097,64,contiguous,pad,staged_fft_complex128_4097_64_contiguous_pad,6.29768038634,6.28126179799,0.0164185883477,5,5,ok,
final,staged,fft,complex128,4097,64,contiguous,truncate,staged_fft_complex128_4097_64_contiguous_truncate,5.45127117463,5.42903134677,0.00888666060443,5,6,ok,
final,staged,fft,complex128,4097,256,contiguous,pad,staged_fft_complex128_4097_256_contiguous_pad,25.6866989657,25.5126550328,0.17404393293,5,1,ok,
final,staged,fft,complex128,4097,256,contiguous,truncate,staged_fft_complex128_4097_256_contiguous_truncate,21.7838480603,21.7400359688,0.0285239657387,5,1,ok,
final,staged,fft,complex128,8192,1,contiguous,pad,staged_fft_complex128_8192_1_contiguous_pad,0.0610926700756,0.0608651450602,5.96599420533e-05,5,200,ok,
final,staged,fft,complex128,8192,1,contiguous,truncate,staged_fft_complex128_8192_1_contiguous_truncate,0.060919149546,0.0606725399848,0.000246609561145,5,200,ok,
final,staged,fft,complex128,8192,8,contiguous,pad,staged_fft_complex128_8192_8_contiguous_pad,0.377361394578,0.375868772001,0.000733952743537,5,66,ok,
final,staged,fft,complex128,8192,8,contiguous,truncate,staged_fft_complex128_8192_8_contiguous_truncate,0.391398871978,0.389982371651,0.00031930657344,5,62,ok,
final,staged,fft,complex128,8192,64,contiguous,pad,staged_fft_complex128_8192_64_contiguous_pad,2.99389344979,2.9710480012,0.0135224545375,5,11,ok,
final,staged,fft,complex128,8192,64,contiguous,truncate,staged_fft_complex128_8192_64_contiguous_truncate,3.08770718984,3.0450336053,0.0416847877204,5,10,ok,
final,staged,fft,complex128,8192,256,contiguous,pad,staged_fft_complex128_8192_256_contiguous_pad,13.3063584799,13.2582940278,0.0480644521303,5,2,ok,
final,staged,fft,complex128,8192,256,contiguous,truncate,staged_fft_complex128_8192_256_contiguous_truncate,14.0339304926,13.8517710147,0.0818379921839,5,2,ok,
final,layout,ifft,complex64,1024,1,reverse,,layout_ifft_complex64_1024_1_reverse_,0.0119409891449,0.01185577518,2.86856502153e-05,7,738,ok,
final,layout,ifft,complex64,1024,1,stride2,,layout_ifft_complex64_1024_1_stride2_,0.0119260496257,0.0118722488567,1.6836499106e-05,7,1089,ok,
final,layout,ifft,complex64,1024,1,transpose,,layout_ifft_complex64_1024_1_transpose_,0.0111435260995,0.0110988458165,8.90881397272e-06,7,1129,ok,
final,layout,ifft,complex64,1024,1,fortran,,layout_ifft_complex64_1024_1_fortran_,0.0111025867367,0.0109986085877,7.60691556851e-05,7,1142,ok,
final,layout,ifft,complex64,1024,8,reverse,,layout_ifft_complex64_1024_8_reverse_,0.0408059248002,0.0404665950919,6.02146610618e-05,7,200,ok,
final,layout,ifft,complex64,1024,8,stride2,,layout_ifft_complex64_1024_8_stride2_,0.0404251151485,0.0402476801537,0.000100035103969,7,200,ok,
final,layout,ifft,complex64,1024,8,transpose,,layout_ifft_complex64_1024_8_transpose_,0.0405016547302,0.0402234401554,5.88106922805e-05,7,200,ok,
final,layout,ifft,complex64,1024,8,fortran,,layout_ifft_complex64_1024_8_fortran_,0.0406294502318,0.0405166845303,2.65002017841e-05,7,200,ok,
final,layout,ifft,complex64,1024,64,reverse,,layout_ifft_complex64_1024_64_reverse_,0.251608469514,0.250642377959,0.000411888099827,7,98,ok,
final,layout,ifft,complex64,1024,64,stride2,,layout_ifft_complex64_1024_64_stride2_,0.251143312198,0.25058789591,0.000307239436855,7,96,ok,
final,layout,ifft,complex64,1024,64,transpose,,layout_ifft_complex64_1024_64_transpose_,0.258235467667,0.25723679759,0.000143894291622,7,94,ok,
final,layout,ifft,complex64,1024,64,fortran,,layout_ifft_complex64_1024_64_fortran_,0.258688873146,0.257857733386,0.000111265801527,7,94,ok,
final,layout,ifft,complex64,4096,1,reverse,,layout_ifft_complex64_4096_1_reverse_,0.0326951381705,0.0325002109379,0.000179067757897,7,427,ok,
final,layout,ifft,complex64,4096,1,stride2,,layout_ifft_complex64_4096_1_stride2_,0.0330044799341,0.0327916479566,6.95651727365e-05,7,423,ok,
final,layout,ifft,complex64,4096,1,transpose,,layout_ifft_complex64_4096_1_transpose_,0.0305706645132,0.0301965031653,0.000211425746481,7,465,ok,
final,layout,ifft,complex64,4096,1,fortran,,layout_ifft_complex64_4096_1_fortran_,0.0295717645331,0.0294375860919,7.60441512934e-05,7,476,ok,
final,layout,ifft,complex64,4096,8,reverse,,layout_ifft_complex64_4096_8_reverse_,0.153091956752,0.152449704201,0.000231975494068,7,162,ok,
final,layout,ifft,complex64,4096,8,stride2,,layout_ifft_complex64_4096_8_stride2_,0.15235796736,0.151984244885,0.000373722474662,7,155,ok,
final,layout,ifft,complex64,4096,8,transpose,,layout_ifft_complex64_4096_8_transpose_,0.152342417135,0.15208593204,6.25771636063e-05,7,163,ok,
final,layout,ifft,complex64,4096,8,fortran,,layout_ifft_complex64_4096_8_fortran_,0.153060350567,0.152883830742,0.000171694409801,7,160,ok,
final,layout,ifft,complex64,4096,64,reverse,,layout_ifft_complex64_4096_64_reverse_,1.08047114918,1.07576340088,0.0019361032173,7,20,ok,
final,layout,ifft,complex64,4096,64,stride2,,layout_ifft_complex64_4096_64_stride2_,1.07266404666,1.06993049849,0.00184839591384,7,20,ok,
final,layout,ifft,complex64,4096,64,transpose,,layout_ifft_complex64_4096_64_transpose_,1.1211049452,1.11749024945,0.00236339401454,7,20,ok,
final,layout,ifft,complex64,4096,64,fortran,,layout_ifft_complex64_4096_64_fortran_,1.11907064565,1.11505715176,0.000836554681882,7,20,ok,
final,layout,ifft,complex64,65536,1,reverse,,layout_ifft_complex64_65536_1_reverse_,0.498684518971,0.493206100073,0.00320097897202,5,50,ok,
final,layout,ifft,complex64,65536,1,stride2,,layout_ifft_complex64_65536_1_stride2_,0.492513200734,0.491340821609,0.000742000993341,5,50,ok,
final,layout,ifft,complex64,65536,1,transpose,,layout_ifft_complex64_65536_1_transpose_,0.459534641057,0.458008565782,0.000266340684216,5,53,ok,
final,layout,ifft,complex64,65536,1,fortran,,layout_ifft_complex64_65536_1_fortran_,0.46345311286,0.46299205429,0.000461058570417,5,54,ok,
final,layout,ifft,complex64,65536,8,reverse,,layout_ifft_complex64_65536_8_reverse_,3.48454450723,3.43214479508,0.0259784050286,5,10,ok,
final,layout,ifft,complex64,65536,8,stride2,,layout_ifft_complex64_65536_8_stride2_,3.45995022346,3.4505659973,0.00938422615743,5,9,ok,
final,layout,ifft,complex64,65536,8,transpose,,layout_ifft_complex64_65536_8_transpose_,3.38861860801,3.38390379911,0.00232429010794,5,10,ok,
final,layout,ifft,complex64,65536,8,fortran,,layout_ifft_complex64_65536_8_fortran_,3.39216219727,3.38707759511,0.00260489759967,5,10,ok,
final,layout,ifft,complex64,65536,64,reverse,,layout_ifft_complex64_65536_64_reverse_,29.2693320662,29.1628950508,0.0597519101575,5,1,ok,
final,layout,ifft,complex64,65536,64,stride2,,layout_ifft_complex64_65536_64_stride2_,30.8835440082,30.7777170092,0.0525279901922,5,1,ok,
final,layout,ifft,complex64,65536,64,transpose,,layout_ifft_complex64_65536_64_transpose_,46.4602729771,45.7385870395,0.0881140585989,5,1,ok,
final,layout,ifft,complex64,65536,64,fortran,,layout_ifft_complex64_65536_64_fortran_,45.3069719952,45.0469659409,0.260006054305,5,1,ok,
final,staged,ifft,complex64,1024,1,contiguous,pad,staged_ifft_complex64_1024_1_contiguous_pad,0.0106663330039,0.0106384946913,1.69764552904e-05,7,1021,ok,
final,staged,ifft,complex64,1024,1,contiguous,truncate,staged_ifft_complex64_1024_1_contiguous_truncate,0.0109601257839,0.010936754759,1.16628213361e-05,7,1121,ok,
final,staged,ifft,complex64,1024,8,contiguous,pad,staged_ifft_complex64_1024_8_contiguous_pad,0.040355034871,0.0401855650125,8.08452023193e-05,7,200,ok,
final,staged,ifft,complex64,1024,8,contiguous,truncate,staged_ifft_complex64_1024_8_contiguous_truncate,0.0401101750322,0.0400456046918,4.77849971503e-05,7,200,ok,
final,staged,ifft,complex64,1024,64,contiguous,pad,staged_ifft_complex64_1024_64_contiguous_pad,0.274514899744,0.274339011715,0.000175888029238,7,90,ok,
final,staged,ifft,complex64,1024,64,contiguous,truncate,staged_ifft_complex64_1024_64_contiguous_truncate,0.251043070522,0.250900585223,0.000142485298442,7,99,ok,
final,staged,ifft,complex64,1024,256,contiguous,pad,staged_ifft_complex64_1024_256_contiguous_pad,1.07568470412,1.07287749997,0.00223115202971,7,20,ok,
final,staged,ifft,complex64,1024,256,contiguous,truncate,staged_ifft_complex64_1024_256_contiguous_truncate,0.965694000479,0.956702744588,0.00128445099108,7,20,ok,
final,staged,ifft,complex64,4096,1,contiguous,pad,staged_ifft_complex64_4096_1_contiguous_pad,0.0307375676867,0.0307076237781,2.99439085899e-05,7,444,ok,
final,staged,ifft,complex64,4096,1,contiguous,truncate,staged_ifft_complex64_4096_1_contiguous_truncate,0.0308255109479,0.0305293419443,0.000154258726214,7,456,ok,
final,staged,ifft,complex64,4096,8,contiguous,pad,staged_ifft_complex64_4096_8_contiguous_pad,0.163744079621,0.162720112038,0.000694337985571,7,151,ok,
final,staged,ifft,complex64,4096,8,contiguous,truncate,staged_ifft_complex64_4096_8_contiguous_truncate,0.152231301539,0.151331096183,0.000313596011927,7,156,ok,
final,staged,ifft,complex64,4096,64,contiguous,pad,staged_ifft_complex64_4096_64_contiguous_pad,1.21521250112,1.21071159956,0.00341735430993,7,20,ok,
final,staged,ifft,complex64,4096,64,contiguous,truncate,staged_ifft_complex64_4096_64_contiguous_truncate,1.07874240493,1.07410824858,0.000938202720135,7,20,ok,
final,staged,ifft,complex64,4096,256,contiguous,pad,staged_ifft_complex64_4096_256_contiguous_pad,4.85082655879,4.84784670906,0.00282827698227,7,7,ok,
final,staged,ifft,complex64,4096,256,contiguous,truncate,staged_ifft_complex64_4096_256_contiguous_truncate,4.29080713366,4.28220488538,0.00350024492946,7,8,ok,
final,staged,ifft,complex64,4097,1,contiguous,pad,staged_ifft_complex64_4097_1_contiguous_pad,0.14379950275,0.143563471769,0.000115993045132,5,161,ok,
final,staged,ifft,complex64,4097,1,contiguous,truncate,staged_ifft_complex64_4097_1_contiguous_truncate,0.143619203469,0.14345174409,0.000125348844111,5,172,ok,
final,staged,ifft,complex64,4097,8,contiguous,pad,staged_ifft_complex64_4097_8_contiguous_pad,1.03759482685,1.0363106545,0.00128417235354,5,23,ok,
final,staged,ifft,complex64,4097,8,contiguous,truncate,staged_ifft_complex64_4097_8_contiguous_truncate,0.418792998595,0.416082087182,0.000471724919846,5,58,ok,
final,staged,ifft,complex64,4097,64,contiguous,pad,staged_ifft_complex64_4097_64_contiguous_pad,8.26131398208,8.24447526247,0.013886281522,5,4,ok,
final,staged,ifft,complex64,4097,64,contiguous,truncate,staged_ifft_complex64_4097_64_contiguous_truncate,3.2443194068,3.22360179853,0.0125082908198,5,10,ok,
final,staged,ifft,complex64,4097,256,contiguous,pad,staged_ifft_complex64_4097_256_contiguous_pad,33.2234789385,32.6795139117,0.126206083223,5,1,ok,
final,staged,ifft,complex64,4097,256,contiguous,truncate,staged_ifft_complex64_4097_256_contiguous_truncate,12.8066359903,12.787790969,0.018845021259,5,2,ok,
final,staged,ifft,complex64,8192,1,contiguous,pad,staged_ifft_complex64_8192_1_contiguous_pad,0.0634393497603,0.0630413548788,0.000256325583905,5,200,ok,
final,staged,ifft,complex64,8192,1,contiguous,truncate,staged_ifft_complex64_8192_1_contiguous_truncate,0.0566006900044,0.0562046997948,0.000348199973814,5,200,ok,
final,staged,ifft,complex64,8192,8,contiguous,pad,staged_ifft_complex64_8192_8_contiguous_pad,0.389748365648,0.38737822361,0.00237014203791,5,63,ok,
final,staged,ifft,complex64,8192,8,contiguous,truncate,staged_ifft_complex64_8192_8_contiguous_truncate,0.347985185882,0.34750484296,0.000480342922466,5,70,ok,
final,staged,ifft,complex64,8192,64,contiguous,pad,staged_ifft_complex64_8192_64_contiguous_pad,2.9963534537,2.99041690728,0.00593654642051,5,11,ok,
final,staged,ifft,complex64,8192,64,contiguous,truncate,staged_ifft_complex64_8192_64_contiguous_truncate,2.5744303846,2.56068392012,0.00596960755782,5,13,ok,
final,staged,ifft,complex64,8192,256,contiguous,pad,staged_ifft_complex64_8192_256_contiguous_pad,12.2844169964,12.2203275096,0.0487109646201,5,2,ok,
final,staged,ifft,complex64,8192,256,contiguous,truncate,staged_ifft_complex64_8192_256_contiguous_truncate,10.3665790133,10.3041963109,0.0606396934018,5,3,ok,
final,layout,ifft,complex128,1024,1,reverse,,layout_ifft_complex128_1024_1_reverse_,0.011534543912,0.0113822691748,4.45719174336e-06,7,899,ok,
final,layout,ifft,complex128,1024,1,stride2,,layout_ifft_complex128_1024_1_stride2_,0.0116960669186,0.0116510938188,4.49730997358e-05,7,1076,ok,
final,layout,ifft,complex128,1024,1,transpose,,layout_ifft_complex128_1024_1_transpose_,0.0113141713906,0.0112481264083,1.70451181727e-05,7,1155,ok,
final,layout,ifft,complex128,1024,1,fortran,,layout_ifft_complex128_1024_1_fortran_,0.0109507597339,0.0107823225752,6.93056580622e-05,7,1178,ok,
final,layout,ifft,complex128,1024,8,reverse,,layout_ifft_complex128_1024_8_reverse_,0.0428212853149,0.0425381597597,0.000283125555143,7,200,ok,
final,layout,ifft,complex128,1024,8,stride2,,layout_ifft_complex128_1024_8_stride2_,0.0438409351045,0.0431872648187,0.000337624805979,7,200,ok,
final,layout,ifft,complex128,1024,8,transpose,,layout_ifft_complex128_1024_8_transpose_,0.0467442552326,0.0459915498504,0.000455600093119,7,200,ok,
final,layout,ifft,complex128,1024,8,fortran,,layout_ifft_complex128_1024_8_fortran_,0.0467028748244,0.0460110849235,0.000355615047738,7,200,ok,
final,layout,ifft,complex128,1024,64,reverse,,layout_ifft_complex128_1024_64_reverse_,0.268827270939,0.268094163165,0.000485358253607,7,92,ok,
final,layout,ifft,complex128,1024,64,stride2,,layout_ifft_complex128_1024_64_stride2_,0.273688688564,0.272488777733,0.000395845725305,7,90,ok,
final,layout,ifft,complex128,1024,64,transpose,,layout_ifft_complex128_1024_64_transpose_,0.364704253917,0.362857222321,0.000866253359883,7,67,ok,
final,layout,ifft,complex128,1024,64,fortran,,layout_ifft_complex128_1024_64_fortran_,0.356526114047,0.355311844032,0.000640628526786,7,70,ok,
final,layout,ifft,complex128,4096,1,reverse,,layout_ifft_complex128_4096_1_reverse_,0.0337366254108,0.0335814083703,8.05128365755e-05,7,355,ok,
final,layout,ifft,complex128,4096,1,stride2,,layout_ifft_complex128_4096_1_stride2_,0.0334062762951,0.032778784624,0.000627491671147,7,427,ok,
final,layout,ifft,complex128,4096,1,transpose,,layout_ifft_complex128_4096_1_transpose_,0.0355256019535,0.0339443787008,3.69064487535e-05,7,417,ok,
final,layout,ifft,complex128,4096,1,fortran,,layout_ifft_complex128_4096_1_fortran_,0.0327357445799,0.0326326731754,3.74091313386e-05,7,462,ok,
final,layout,ifft,complex128,4096,8,reverse,,layout_ifft_complex128_4096_8_reverse_,0.174051172455,0.173673633379,0.000164410260191,7,139,ok,
final,layout,ifft,complex128,4096,8,stride2,,layout_ifft_complex128_4096_8_stride2_,0.178743299967,0.178628350458,0.000114949508468,7,137,ok,
final,layout,ifft,complex128,4096,8,transpose,,layout_ifft_complex128_4096_8_transpose_,0.19424318023,0.191891090715,0.000442966979119,7,122,ok,
final,layout,ifft,complex128,4096,8,fortran,,layout_ifft_complex128_4096_8_fortran_,0.194468084747,0.194001401592,0.000466683155133,7,117,ok,
final,layout,ifft,complex128,4096,64,reverse,,layout_ifft_complex128_4096_64_reverse_,1.2447676505,1.23418085277,0.00627019908279,7,20,ok,
final,layout,ifft,complex128,4096,64,stride2,,layout_ifft_complex128_4096_64_stride2_,1.29015234997,1.28123670002,0.00232279999182,7,20,ok,
final,layout,ifft,complex128,4096,64,transpose,,layout_ifft_complex128_4096_64_transpose_,1.66645734571,1.65925085312,0.00610539573245,7,20,ok,
final,layout,ifft,complex128,4096,64,fortran,,layout_ifft_complex128_4096_64_fortran_,1.62080464652,1.61677814904,0.0021850457415,7,20,ok,
final,layout,ifft,complex128,65536,1,reverse,,layout_ifft_complex128_65536_1_reverse_,0.907134148292,0.903788259839,0.0029147076593,5,27,ok,
final,layout,ifft,complex128,65536,1,stride2,,layout_ifft_complex128_65536_1_stride2_,0.919703890018,0.913865963445,0.00328166600041,5,27,ok,
final,layout,ifft,complex128,65536,1,transpose,,layout_ifft_complex128_65536_1_transpose_,0.903770443983,0.902468036791,0.000677554419747,5,27,ok,
final,layout,ifft,complex128,65536,1,fortran,,layout_ifft_complex128_65536_1_fortran_,0.898119182912,0.89592733248,0.000475328070698,5,27,ok,
final,layout,ifft,complex128,65536,8,reverse,,layout_ifft_complex128_65536_8_reverse_,7.84609225229,7.8245170007,0.0181337527465,5,4,ok,
final,layout,ifft,complex128,65536,8,stride2,,layout_ifft_complex128_65536_8_stride2_,7.90146301733,7.84878450213,0.0526785152033,5,4,ok,
final,layout,ifft,complex128,65536,8,transpose,,layout_ifft_complex128_65536_8_transpose_,8.03910475224,7.87513150135,0.163973250892,5,4,ok,
final,layout,ifft,complex128,65536,8,fortran,,layout_ifft_complex128_65536_8_fortran_,8.20634397678,7.927861996,0.226098956773,5,4,ok,
final,layout,ifft,complex128,65536,64,reverse,,layout_ifft_complex128_65536_64_reverse_,65.0292841019,64.8139020195,0.0689188018441,5,1,ok,
final,layout,ifft,complex128,65536,64,stride2,,layout_ifft_complex128_65536_64_stride2_,67.6623559557,67.5048920093,0.128851039335,5,1,ok,
final,layout,ifft,complex128,65536,64,transpose,,layout_ifft_complex128_65536_64_transpose_,88.3351319935,87.9461260047,0.229047029279,5,1,ok,
final,layout,ifft,complex128,65536,64,fortran,,layout_ifft_complex128_65536_64_fortran_,88.4612170048,87.9551320104,0.166680896655,5,1,ok,
final,staged,ifft,complex128,1024,1,contiguous,pad,staged_ifft_complex128_1024_1_contiguous_pad,0.010698820847,0.0106459395905,2.72396868925e-05,7,1010,ok,
final,staged,ifft,complex128,1024,1,contiguous,truncate,staged_ifft_complex128_1024_1_contiguous_truncate,0.010952888595,0.0108842379394,5.88186203113e-05,7,1185,ok,
final,staged,ifft,complex128,1024,8,contiguous,pad,staged_ifft_complex128_1024_8_contiguous_pad,0.0396562350215,0.0394458899973,0.000111410045065,7,200,ok,
final,staged,ifft,complex128,1024,8,contiguous,truncate,staged_ifft_complex128_1024_8_contiguous_truncate,0.0426367903128,0.0424924195977,3.12045449391e-05,7,200,ok,
final,staged,ifft,complex128,1024,64,contiguous,pad,staged_ifft_complex128_1024_64_contiguous_pad,0.261043904329,0.258770723025,0.00050060569923,7,94,ok,
final,staged,ifft,complex128,1024,64,contiguous,truncate,staged_ifft_complex128_1024_64_contiguous_truncate,0.265000444969,0.263365337362,0.000712967923154,7,92,ok,
final,staged,ifft,complex128,1024,256,contiguous,pad,staged_ifft_complex128_1024_256_contiguous_pad,1.02143800468,1.01522139739,0.0055578944739,7,20,ok,
final,staged,ifft,complex128,1024,256,contiguous,truncate,staged_ifft_complex128_1024_256_contiguous_truncate,1.0284996999,1.02280059946,0.00169564737007,7,20,ok,
final,staged,ifft,complex128,4096,1,contiguous,pad,staged_ifft_complex128_4096_1_contiguous_pad,0.0306239072028,0.0304387505608,4.38564528956e-05,7,453,ok,
final,staged,ifft,complex128,4096,1,contiguous,truncate,staged_ifft_complex128_4096_1_contiguous_truncate,0.0314921981671,0.0306002759066,0.000383907122184,7,464,ok,
final,staged,ifft,complex128,4096,8,contiguous,pad,staged_ifft_complex128_4096_8_contiguous_pad,0.16954431285,0.168434829692,0.000952448391793,7,147,ok,
final,staged,ifft,complex128,4096,8,contiguous,truncate,staged_ifft_complex128_4096_8_contiguous_truncate,0.173375659668,0.173183076388,0.000146104462652,7,144,ok,
final,staged,ifft,complex128,4096,64,contiguous,pad,staged_ifft_complex128_4096_64_contiguous_pad,1.27577850362,1.27436934854,0.00140915508382,7,20,ok,
final,staged,ifft,complex128,4096,64,contiguous,truncate,staged_ifft_complex128_4096_64_contiguous_truncate,1.25121765304,1.25024834997,0.000969303073362,7,20,ok,
final,staged,ifft,complex128,4096,256,contiguous,pad,staged_ifft_complex128_4096_256_contiguous_pad,5.16559816121,5.07064099656,0.0664906692691,7,6,ok,
final,staged,ifft,complex128,4096,256,contiguous,truncate,staged_ifft_complex128_4096_256_contiguous_truncate,5.15079899924,5.123221005,0.0118220147366,7,6,ok,
final,staged,ifft,complex128,4097,1,contiguous,pad,staged_ifft_complex128_4097_1_contiguous_pad,0.113870929927,0.113452745136,0.000124780344777,5,200,ok,
final,staged,ifft,complex128,4097,1,contiguous,truncate,staged_ifft_complex128_4097_1_contiguous_truncate,0.113998265006,0.113786020083,0.000102944904938,5,200,ok,
final,staged,ifft,complex128,4097,8,contiguous,pad,staged_ifft_complex128_4097_8_contiguous_pad,0.795657228258,0.795204451518,0.000452776739915,5,31,ok,
final,staged,ifft,complex128,4097,8,contiguous,truncate,staged_ifft_complex128_4097_8_contiguous_truncate,0.705501257575,0.7046159124,0.000885345174798,5,35,ok,
final,staged,ifft,complex128,4097,64,contiguous,pad,staged_ifft_complex128_4097_64_contiguous_pad,6.24306860846,6.22746939771,0.0106940045953,5,5,ok,
final,staged,ifft,complex128,4097,64,contiguous,truncate,staged_ifft_complex128_4097_64_contiguous_truncate,5.48428933447,5.47182449372,0.00355683732778,5,6,ok,
final,staged,ifft,complex128,4097,256,contiguous,pad,staged_ifft_complex128_4097_256_contiguous_pad,25.4365629517,25.0874619232,0.128940097056,5,1,ok,
final,staged,ifft,complex128,4097,256,contiguous,truncate,staged_ifft_complex128_4097_256_contiguous_truncate,22.2900430672,22.2639039857,0.0205779215321,5,1,ok,
final,staged,ifft,complex128,8192,1,contiguous,pad,staged_ifft_complex128_8192_1_contiguous_pad,0.065247869934,0.0641490699491,0.000233235186897,5,200,ok,
final,staged,ifft,complex128,8192,1,contiguous,truncate,staged_ifft_complex128_8192_1_contiguous_truncate,0.065593214822,0.0655107601779,8.21548746899e-05,5,200,ok,
final,staged,ifft,complex128,8192,8,contiguous,pad,staged_ifft_complex128_8192_8_contiguous_pad,0.3840527188,0.383802078431,0.000229654688155,5,64,ok,
final,staged,ifft,complex128,8192,8,contiguous,truncate,staged_ifft_complex128_8192_8_contiguous_truncate,0.396255951482,0.395574179463,0.00068177201892,5,61,ok,
final,staged,ifft,complex128,8192,64,contiguous,pad,staged_ifft_complex128_8192_64_contiguous_pad,3.01458836872,3.01088782197,0.00370054675097,5,11,ok,
final,staged,ifft,complex128,8192,64,contiguous,truncate,staged_ifft_complex128_8192_64_contiguous_truncate,3.10541329673,3.08485690039,0.0105156097561,5,10,ok,
final,staged,ifft,complex128,8192,256,contiguous,pad,staged_ifft_complex128_8192_256_contiguous_pad,13.5792074725,13.4788654977,0.100341974758,5,2,ok,
final,staged,ifft,complex128,8192,256,contiguous,truncate,staged_ifft_complex128_8192_256_contiguous_truncate,14.1309369938,13.9719150029,0.0892464886419,5,2,ok,
final,layout,rfft,float32,1024,1,reverse,,layout_rfft_float32_1024_1_reverse_,0.00903523084579,0.0089896431203,1.42695598345e-05,7,905,ok,
final,layout,rfft,float32,1024,1,stride2,,layout_rfft_float32_1024_1_stride2_,0.00897841042639,0.00896178790243,1.66225239591e-05,7,1367,ok,
final,layout,rfft,float32,1024,1,transpose,,layout_rfft_float32_1024_1_transpose_,0.00918443684216,0.009163007428,2.14294141593e-05,7,1346,ok,
final,layout,rfft,float32,1024,1,fortran,,layout_rfft_float32_1024_1_fortran_,0.00891936512074,0.00887307971451,1.39836758852e-05,7,1405,ok,
final,layout,rfft,float32,1024,8,reverse,,layout_rfft_float32_1024_8_reverse_,0.0208812049823,0.0207091850461,4.99951420352e-05,7,200,ok,
final,layout,rfft,float32,1024,8,stride2,,layout_rfft_float32_1024_8_stride2_,0.0207574252272,0.0206089002313,6.45703403279e-05,7,200,ok,
final,layout,rfft,float32,1024,8,transpose,,layout_rfft_float32_1024_8_transpose_,0.0212983851088,0.0211698398925,2.47004209086e-05,7,200,ok,
final,layout,rfft,float32,1024,8,fortran,,layout_rfft_float32_1024_8_fortran_,0.0220630597323,0.0216104101855,0.000207939883694,7,200,ok,
final,layout,rfft,float32,1024,64,reverse,,layout_rfft_float32_1024_64_reverse_,0.117160271076,0.116894904398,0.000181196060911,7,199,ok,
final,layout,rfft,float32,1024,64,stride2,,layout_rfft_float32_1024_64_stride2_,0.115311765112,0.115170355421,8.00000270829e-05,7,200,ok,
final,layout,rfft,float32,1024,64,transpose,,layout_rfft_float32_1024_64_transpose_,0.158424262339,0.158206551509,0.000153621210932,7,156,ok,
final,layout,rfft,float32,1024,64,fortran,,layout_rfft_float32_1024_64_fortran_,0.155427078473,0.154668405147,0.000658620824563,7,153,ok,
final,layout,rfft,float32,4096,1,reverse,,layout_rfft_float32_4096_1_reverse_,0.0220980586492,0.0220338933061,3.53480359262e-05,7,477,ok,
final,layout,rfft,float32,4096,1,stride2,,layout_rfft_float32_4096_1_stride2_,0.0221491704182,0.0220213358285,8.85890939148e-05,7,628,ok,
final,layout,rfft,float32,4096,1,transpose,,layout_rfft_float32_4096_1_transpose_,0.0216333459515,0.0215157357252,0.000117610226262,7,636,ok,
final,layout,rfft,float32,4096,1,fortran,,layout_rfft_float32_4096_1_fortran_,0.0215046967781,0.0213684227494,4.01668515838e-05,7,653,ok,
final,layout,rfft,float32,4096,8,reverse,,layout_rfft_float32_4096_8_reverse_,0.0769001600565,0.0764450599672,0.00029735499993,7,200,ok,
final,layout,rfft,float32,4096,8,stride2,,layout_rfft_float32_4096_8_stride2_,0.077874630224,0.0777702295454,0.000104400678538,7,200,ok,
final,layout,rfft,float32,4096,8,transpose,,layout_rfft_float32_4096_8_transpose_,0.0861515197903,0.0847211445216,0.000776150263846,7,200,ok,
final,layout,rfft,float32,4096,8,fortran,,layout_rfft_float32_4096_8_fortran_,0.0846625404665,0.083717374946,0.00084012048319,7,200,ok,
final,layout,rfft,float32,4096,64,reverse,,layout_rfft_float32_4096_64_reverse_,0.552322849398,0.547262449982,0.00506039941683,7,20,ok,
final,layout,rfft,float32,4096,64,stride2,,layout_rfft_float32_4096_64_stride2_,0.548600452021,0.54084995063,0.00680519733578,7,20,ok,
final,layout,rfft,float32,4096,64,transpose,,layout_rfft_float32_4096_64_transpose_,0.747591652907,0.735915900441,0.0116757524665,7,20,ok,
final,layout,rfft,float32,4096,64,fortran,,layout_rfft_float32_4096_64_fortran_,0.752751750406,0.717142346548,0.0210763013456,7,20,ok,
final,layout,rfft,float32,65536,1,reverse,,layout_rfft_float32_65536_1_reverse_,0.549440106199,0.534503936193,0.00114021129272,5,47,ok,
final,layout,rfft,float32,65536,1,stride2,,layout_rfft_float32_65536_1_stride2_,0.546277878329,0.533058586326,0.00489522169185,5,41,ok,
final,layout,rfft,float32,65536,1,transpose,,layout_rfft_float32_65536_1_transpose_,0.54431811182,0.534237978152,0.00529700062341,5,45,ok,
final,layout,rfft,float32,65536,1,fortran,,layout_rfft_float32_65536_1_fortran_,0.538632915197,0.531617064088,0.00701585110832,5,47,ok,
final,layout,rfft,float32,65536,8,reverse,,layout_rfft_float32_65536_8_reverse_,2.34027199734,2.26495838545,0.0244648500274,5,13,ok,
final,layout,rfft,float32,65536,8,stride2,,layout_rfft_float32_65536_8_stride2_,2.27152764065,2.25715292618,0.0143747144778,5,14,ok,
final,layout,rfft,float32,65536,8,transpose,,layout_rfft_float32_65536_8_transpose_,2.40494078857,2.36384914024,0.0241700742793,5,14,ok,
final,layout,rfft,float32,65536,8,fortran,,layout_rfft_float32_65536_8_fortran_,2.40181635101,2.35934142256,0.0178626505658,5,14,ok,
final,layout,rfft,float32,65536,64,reverse,,layout_rfft_float32_65536_64_reverse_,25.1542259939,25.0449021114,0.109323882498,5,1,ok,
final,layout,rfft,float32,65536,64,stride2,,layout_rfft_float32_65536_64_stride2_,26.3529319782,26.2757079909,0.0733160413802,5,1,ok,
final,layout,rfft,float32,65536,64,transpose,,layout_rfft_float32_65536_64_transpose_,36.4231989952,35.7148268959,0.0440420117229,5,1,ok,
final,layout,rfft,float32,65536,64,fortran,,layout_rfft_float32_65536_64_fortran_,36.5557660116,36.0783749493,0.362365972251,5,1,ok,
final,staged,rfft,float32,1024,1,contiguous,pad,staged_rfft_float32_1024_1_contiguous_pad,0.00997255660761,0.00993451603557,3.80405720371e-05,7,936,ok,
final,staged,rfft,float32,1024,1,contiguous,truncate,staged_rfft_float32_1024_1_contiguous_truncate,0.00904952752341,0.0090174935306,2.91164515353e-05,7,1236,ok,
final,staged,rfft,float32,1024,8,contiguous,pad,staged_rfft_float32_1024_8_contiguous_pad,0.045465764706,0.0450203852961,0.00028868438676,7,200,ok,
final,staged,rfft,float32,1024,8,contiguous,truncate,staged_rfft_float32_1024_8_contiguous_truncate,0.0214667449472,0.0210891396273,0.000292445183732,7,200,ok,
final,staged,rfft,float32,1024,64,contiguous,pad,staged_rfft_float32_1024_64_contiguous_pad,0.327880213348,0.320897586644,0.00269517457734,7,75,ok,
final,staged,rfft,float32,1024,64,contiguous,truncate,staged_rfft_float32_1024_64_contiguous_truncate,0.116156581182,0.11542064654,0.00035714132853,7,184,ok,
final,staged,rfft,float32,1024,256,contiguous,pad,staged_rfft_float32_1024_256_contiguous_pad,1.25881534768,1.2550458021,0.00162704382092,7,20,ok,
final,staged,rfft,float32,1024,256,contiguous,truncate,staged_rfft_float32_1024_256_contiguous_truncate,0.434744503582,0.432246847777,0.00145770609379,7,20,ok,
final,staged,rfft,float32,4096,1,contiguous,pad,staged_rfft_float32_4096_1_contiguous_pad,0.0250666130282,0.0250441962244,2.24168038118e-05,7,535,ok,
final,staged,rfft,float32,4096,1,contiguous,truncate,staged_rfft_float32_4096_1_contiguous_truncate,0.0223958251461,0.0223481472322,3.29419569652e-05,7,618,ok,
final,staged,rfft,float32,4096,8,contiguous,pad,staged_rfft_float32_4096_8_contiguous_pad,0.156437801287,0.156036801248,0.000272755875276,7,156,ok,
final,staged,rfft,float32,4096,8,contiguous,truncate,staged_rfft_float32_4096_8_contiguous_truncate,0.0786381046055,0.0784979900345,7.29394378141e-05,7,200,ok,
final,staged,rfft,float32,4096,64,contiguous,pad,staged_rfft_float32_4096_64_contiguous_pad,1.19853789802,1.19637635071,0.00153185101226,7,20,ok,
final,staged,rfft,float32,4096,64,contiguous,truncate,staged_rfft_float32_4096_64_contiguous_truncate,0.545363349374,0.543115200708,0.00224814866669,7,20,ok,
final,staged,rfft,float32,4096,256,contiguous,pad,staged_rfft_float32_4096_256_contiguous_pad,4.81969271121,4.79716927345,0.0201189957027,7,7,ok,
final,staged,rfft,float32,4096,256,contiguous,truncate,staged_rfft_float32_4096_256_contiguous_truncate,2.7256423297,2.69810008467,0.0208239168084,7,12,ok,
final,staged,rfft,float32,4097,1,contiguous,pad,staged_rfft_float32_4097_1_contiguous_pad,0.115156839438,0.114968346652,0.000119924161527,5,199,ok,
final,staged,rfft,float32,4097,1,contiguous,truncate,staged_rfft_float32_4097_1_contiguous_truncate,0.113781464752,0.11367416475,0.000103440252133,5,200,ok,
final,staged,rfft,float32,4097,8,contiguous,pad,staged_rfft_float32_4097_8_contiguous_pad,0.875729073804,0.872086534011,0.00183200297345,5,28,ok,
final,staged,rfft,float32,4097,8,contiguous,truncate,staged_rfft_float32_4097_8_contiguous_truncate,0.671872277356,0.662856305199,0.00365597144183,5,36,ok,
final,staged,rfft,float32,4097,64,contiguous,pad,staged_rfft_float32_4097_64_contiguous_pad,6.88691274263,6.87000624021,0.0169065024238,5,4,ok,
final,staged,rfft,float32,4097,64,contiguous,truncate,staged_rfft_float32_4097_64_contiguous_truncate,5.22025034297,5.16002784328,0.045240817902,5,6,ok,
final,staged,rfft,float32,4097,256,contiguous,pad,staged_rfft_float32_4097_256_contiguous_pad,28.0256730039,27.9701990075,0.0554739963263,5,1,ok,
final,staged,rfft,float32,4097,256,contiguous,truncate,staged_rfft_float32_4097_256_contiguous_truncate,21.6373049188,21.4458679548,0.0433000968769,5,1,ok,
final,staged,rfft,float32,8192,1,contiguous,pad,staged_rfft_float32_8192_1_contiguous_pad,0.0461081648245,0.0456940953154,0.000107150408439,5,200,ok,
final,staged,rfft,float32,8192,1,contiguous,truncate,staged_rfft_float32_8192_1_contiguous_truncate,0.0412949849851,0.0409506948199,0.000171975116245,5,200,ok,
final,staged,rfft,float32,8192,8,contiguous,pad,staged_rfft_float32_8192_8_contiguous_pad,0.313987944288,0.313369520583,0.000618423705232,5,73,ok,
final,staged,rfft,float32,8192,8,contiguous,truncate,staged_rfft_float32_8192_8_contiguous_truncate,0.160263511121,0.159768120168,0.00036031285182,5,141,ok,
final,staged,rfft,float32,8192,64,contiguous,pad,staged_rfft_float32_8192_64_contiguous_pad,2.45130754327,2.44963907887,0.00156669053607,5,13,ok,
final,staged,rfft,float32,8192,64,contiguous,truncate,staged_rfft_float32_8192_64_contiguous_truncate,1.18419464561,1.18254505214,0.00164959346876,5,20,ok,
final,staged,rfft,float32,8192,256,contiguous,pad,staged_rfft_float32_8192_256_contiguous_pad,10.6388003333,10.5789819888,0.0388556315253,5,3,ok,
final,staged,rfft,float32,8192,256,contiguous,truncate,staged_rfft_float32_8192_256_contiguous_truncate,8.41182567334,8.28653535185,0.107049670381,5,3,ok,
final,layout,rfft,float64,1024,1,reverse,,layout_rfft_float64_1024_1_reverse_,0.0075593088927,0.00754902708406,1.02818086387e-05,7,1256,ok,
final,layout,rfft,float64,1024,1,stride2,,layout_rfft_float64_1024_1_stride2_,0.00762434271899,0.0075914235879,1.25357273144e-05,7,1596,ok,
final,layout,rfft,float64,1024,1,transpose,,layout_rfft_float64_1024_1_transpose_,0.00770888954406,0.00768977966419,1.22189997561e-05,7,1566,ok,
final,layout,rfft,float64,1024,1,fortran,,layout_rfft_float64_1024_1_fortran_,0.00759292592967,0.00757324771133,4.92711769192e-06,7,1647,ok,
final,layout,rfft,float64,1024,8,reverse,,layout_rfft_float64_1024_8_reverse_,0.0167658302234,0.0166952447034,3.12604242936e-05,7,200,ok,
final,layout,rfft,float64,1024,8,stride2,,layout_rfft_float64_1024_8_stride2_,0.017144784797,0.0170574750518,2.65002017841e-05,7,200,ok,
final,layout,rfft,float64,1024,8,transpose,,layout_rfft_float64_1024_8_transpose_,0.0181687955046,0.0180984148756,1.25245423988e-05,7,200,ok,
final,layout,rfft,float64,1024,8,fortran,,layout_rfft_float64_1024_8_fortran_,0.0184481148608,0.0183916598326,3.10543691739e-05,7,200,ok,
final,layout,rfft,float64,1024,64,reverse,,layout_rfft_float64_1024_64_reverse_,0.0903392303735,0.0903280603234,1.11700501293e-05,7,200,ok,
final,layout,rfft,float64,1024,64,stride2,,layout_rfft_float64_1024_64_stride2_,0.0927274354035,0.0926264945883,9.257462807e-05,7,200,ok,
final,layout,rfft,float64,1024,64,transpose,,layout_rfft_float64_1024_64_transpose_,0.136232477639,0.13561416094,0.000481233130106,7,180,ok,
final,layout,rfft,float64,1024,64,fortran,,layout_rfft_float64_1024_64_fortran_,0.129695691982,0.129528620644,0.000167071338293,7,182,ok,
final,layout,rfft,float64,4096,1,reverse,,layout_rfft_float64_4096_1_reverse_,0.0190096929767,0.0189727907628,8.62387386112e-06,7,726,ok,
final,layout,rfft,float64,4096,1,stride2,,layout_rfft_float64_4096_1_stride2_,0.0192709640183,0.0192151837133,2.29156486052e-05,7,724,ok,
final,layout,rfft,float64,4096,1,transpose,,layout_rfft_float64_4096_1_transpose_,0.0192912503263,0.0192246054361,3.56125501755e-05,7,707,ok,
final,layout,rfft,float64,4096,1,fortran,,layout_rfft_float64_4096_1_fortran_,0.0189699378058,0.0189435182833,9.558939057e-06,7,741,ok,
final,layout,rfft,float64,4096,8,reverse,,layout_rfft_float64_4096_8_reverse_,0.0651296501746,0.0650246045552,5.7959696278e-05,7,200,ok,
final,layout,rfft,float64,4096,8,stride2,,layout_rfft_float64_4096_8_stride2_,0.0657821702771,0.0656483200146,0.0001338502625,7,200,ok,
final,layout,rfft,float64,4096,8,transpose,,layout_rfft_float64_4096_8_transpose_,0.0759799400112,0.0748913100688,0.000630274880677,7,200,ok,
final,layout,rfft,float64,4096,8,fortran,,layout_rfft_float64_4096_8_fortran_,0.0740772951394,0.0727780652232,0.0011106650345,7,200,ok,
final,layout,rfft,float64,4096,64,reverse,,layout_rfft_float64_4096_64_reverse_,0.456516153645,0.451560894726,0.00307419686578,7,20,ok,
final,layout,rfft,float64,4096,64,stride2,,layout_rfft_float64_4096_64_stride2_,0.459118996514,0.457040098263,0.00207889825106,7,20,ok,
final,layout,rfft,float64,4096,64,transpose,,layout_rfft_float64_4096_64_transpose_,0.654846651014,0.648866500705,0.00456304987893,7,20,ok,
final,layout,rfft,float64,4096,64,fortran,,layout_rfft_float64_4096_64_fortran_,0.626437645406,0.624917296227,0.0010444491636,7,20,ok,
final,layout,rfft,float64,65536,1,reverse,,layout_rfft_float64_65536_1_reverse_,0.479730152829,0.479116095588,0.000186902560437,5,52,ok,
final,layout,rfft,float64,65536,1,stride2,,layout_rfft_float64_65536_1_stride2_,0.483282152205,0.48240146134,0.000356036113002,5,52,ok,
final,layout,rfft,float64,65536,1,transpose,,layout_rfft_float64_65536_1_transpose_,0.480756864372,0.48034788365,0.000255371845674,5,51,ok,
final,layout,rfft,float64,65536,1,fortran,,layout_rfft_float64_65536_1_fortran_,0.480834307382,0.479498172913,0.00106065551965,5,52,ok,
final,layout,rfft,float64,65536,8,reverse,,layout_rfft_float64_65536_8_reverse_,2.02647979992,2.02083187178,0.00265966324757,5,15,ok,
final,layout,rfft,float64,65536,8,stride2,,layout_rfft_float64_65536_8_stride2_,2.08171213356,2.07437179827,0.00234506248186,5,15,ok,
final,layout,rfft,float64,65536,8,transpose,,layout_rfft_float64_65536_8_transpose_,2.24179886281,2.23934553408,0.00245332873116,5,15,ok,
final,layout,rfft,float64,65536,8,fortran,,layout_rfft_float64_65536_8_fortran_,2.21637273207,2.21199853501,0.00264493282884,5,15,ok,
final,layout,rfft,float64,65536,64,reverse,,layout_rfft_float64_65536_64_reverse_,19.4683690788,19.2259269534,0.15965802595,5,1,ok,
final,layout,rfft,float64,65536,64,stride2,,layout_rfft_float64_65536_64_stride2_,20.3811120009,20.1707690721,0.122347963043,5,1,ok,
final,layout,rfft,float64,65536,64,transpose,,layout_rfft_float64_65536_64_transpose_,28.5080219619,27.9424169566,0.0867630587891,5,1,ok,
final,layout,rfft,float64,65536,64,fortran,,layout_rfft_float64_65536_64_fortran_,28.2512929989,27.7460709913,0.127519015223,5,1,ok,
final,staged,rfft,float64,1024,1,contiguous,pad,staged_rfft_float64_1024_1_contiguous_pad,0.00864680202857,0.00858604304874,2.57969139827e-05,7,1162,ok,
final,staged,rfft,float64,1024,1,contiguous,truncate,staged_rfft_float64_1024_1_contiguous_truncate,0.00751798034151,0.00750494365518,1.28795599569e-05,7,1527,ok,
final,staged,rfft,float64,1024,8,contiguous,pad,staged_rfft_float64_1024_8_contiguous_pad,0.0418368499959,0.0417945702793,3.49147012457e-05,7,200,ok,
final,staged,rfft,float64,1024,8,contiguous,truncate,staged_rfft_float64_1024_8_contiguous_truncate,0.0166246097069,0.0163078698097,2.3745233193e-05,7,200,ok,
final,staged,rfft,float64,1024,64,contiguous,pad,staged_rfft_float64_1024_64_contiguous_pad,0.305286924826,0.304522531762,0.000475579585282,7,81,ok,
final,staged,rfft,float64,1024,64,contiguous,truncate,staged_rfft_float64_1024_64_contiguous_truncate,0.0903424352873,0.0900692801224,0.000179839553311,7,200,ok,
final,staged,rfft,float64,1024,256,contiguous,pad,staged_rfft_float64_1024_256_contiguous_pad,1.20328324847,1.19854690274,0.00209740246646,7,20,ok,
final,staged,rfft,float64,1024,256,contiguous,truncate,staged_rfft_float64_1024_256_contiguous_truncate,0.340092449915,0.339691201225,0.000233948230743,7,20,ok,
final,staged,rfft,float64,4096,1,contiguous,pad,staged_rfft_float64_4096_1_contiguous_pad,0.0234233747749,0.0233504599122,5.44940716439e-05,7,587,ok,
final,staged,rfft,float64,4096,1,contiguous,truncate,staged_rfft_float64_4096_1_contiguous_truncate,0.0193335181089,0.0193228161684,8.51258666652e-06,7,718,ok,
final,staged,rfft,float64,4096,8,contiguous,pad,staged_rfft_float64_4096_8_contiguous_pad,0.148235321412,0.147884611435,0.000307060580588,7,165,ok,
final,staged,rfft,float64,4096,8,contiguous,truncate,staged_rfft_float64_4096_8_contiguous_truncate,0.0645123497816,0.0642305752262,8.78650462255e-05,7,200,ok,
final,staged,rfft,float64,4096,64,contiguous,pad,staged_rfft_float64_4096_64_contiguous_pad,1.14636255312,1.14430725225,0.00172520522028,7,20,ok,
final,staged,rfft,float64,4096,64,contiguous,truncate,staged_rfft_float64_4096_64_contiguous_truncate,0.448256201344,0.447335548233,0.000392796937376,7,20,ok,
final,staged,rfft,float64,4096,256,contiguous,pad,staged_rfft_float64_4096_256_contiguous_pad,4.57800756807,4.56602513857,0.00431801059416,7,7,ok,
final,staged,rfft,float64,4096,256,contiguous,truncate,staged_rfft_float64_4096_256_contiguous_truncate,1.80046778711,1.79232526448,0.00563205072754,7,19,ok,
final,staged,rfft,float64,4097,1,contiguous,pad,staged_rfft_float64_4097_1_contiguous_pad,0.114295720123,0.114082524669,0.00012353004422,5,200,ok,
final,staged,rfft,float64,4097,1,contiguous,truncate,staged_rfft_float64_4097_1_contiguous_truncate,0.112116860109,0.111980399815,8.57096165419e-05,5,200,ok,
final,staged,rfft,float64,4097,8,contiguous,pad,staged_rfft_float64_4097_8_contiguous_pad,0.868446896285,0.867986390533,0.000460505751627,5,28,ok,
final,staged,rfft,float64,4097,8,contiguous,truncate,staged_rfft_float64_4097_8_contiguous_truncate,0.650133367775,0.649256999359,0.00044663044575,5,38,ok,
final,staged,rfft,float64,4097,64,contiguous,pad,staged_rfft_float64_4097_64_contiguous_pad,6.92133998964,6.88705800567,0.00850199721754,5,5,ok,
final,staged,rfft,float64,4097,64,contiguous,truncate,staged_rfft_float64_4097_64_contiguous_truncate,5.068074679,5.06476349741,0.00331118159617,5,6,ok,
final,staged,rfft,float64,4097,256,contiguous,pad,staged_rfft_float64_4097_256_contiguous_pad,27.6714219945,27.6172599988,0.0541619956493,5,1,ok,
final,staged,rfft,float64,4097,256,contiguous,truncate,staged_rfft_float64_4097_256_contiguous_truncate,20.3575569903,20.329114981,0.0284420093521,5,1,ok,
final,staged,rfft,float64,8192,1,contiguous,pad,staged_rfft_float64_8192_1_contiguous_pad,0.0431607151404,0.0428560952423,0.000223319511861,5,200,ok,
final,staged,rfft,float64,8192,1,contiguous,truncate,staged_rfft_float64_8192_1_contiguous_truncate,0.0370140501764,0.0368901202455,0.000123929930851,5,200,ok,
final,staged,rfft,float64,8192,8,contiguous,pad,staged_rfft_float64_8192_8_contiguous_pad,0.299550913401,0.299057285129,0.000493628271844,5,81,ok,
final,staged,rfft,float64,8192,8,contiguous,truncate,staged_rfft_float64_8192_8_contiguous_truncate,0.135061636051,0.134598108201,0.000144619464307,5,184,ok,
final,staged,rfft,float64,8192,64,contiguous,pad,staged_rfft_float64_8192_64_contiguous_pad,2.35342614386,2.3504898584,0.00293628545478,5,14,ok,
final,staged,rfft,float64,8192,64,contiguous,truncate,staged_rfft_float64_8192_64_contiguous_truncate,0.992725999095,0.988948950544,0.00122375204228,5,20,ok,
final,staged,rfft,float64,8192,256,contiguous,pad,staged_rfft_float64_8192_256_contiguous_pad,10.3385969996,10.2885133432,0.0393366984402,5,3,ok,
final,staged,rfft,float64,8192,256,contiguous,truncate,staged_rfft_float64_8192_256_contiguous_truncate,4.15232819505,4.06382521614,0.0445030163974,5,5,ok,
final,layout,irfft,complex64,1024,1,reverse,,layout_irfft_complex64_1024_1_reverse_,0.00947860083828,0.00943140472051,3.06462674759e-05,7,882,ok,
final,layout,irfft,complex64,1024,1,stride2,,layout_irfft_complex64_1024_1_stride2_,0.00953932300909,0.00951635242309,2.25315048295e-05,7,1257,ok,
final,layout,irfft,complex64,1024,1,transpose,,layout_irfft_complex64_1024_1_transpose_,0.00974185161672,0.00954974115986,2.75650716607e-05,7,1267,ok,
final,layout,irfft,complex64,1024,1,fortran,,layout_irfft_complex64_1024_1_fortran_,0.00952712045046,0.00944299621941,1.84834116379e-05,7,1303,ok,
final,layout,irfft,complex64,1024,8,reverse,,layout_irfft_complex64_1024_8_reverse_,0.0164059101371,0.0162916450063,0.000114265130833,7,200,ok,
final,layout,irfft,complex64,1024,8,stride2,,layout_irfft_complex64_1024_8_stride2_,0.0167625700124,0.016477489844,0.000179034541361,7,200,ok,
final,layout,irfft,complex64,1024,8,transpose,,layout_irfft_complex64_1024_8_transpose_,0.0170382350916,0.0166302750586,0.000407960033044,7,200,ok,
final,layout,irfft,complex64,1024,8,fortran,,layout_irfft_complex64_1024_8_fortran_,0.0174295646138,0.0174078246346,7.86501914263e-06,7,200,ok,
final,layout,irfft,complex64,1024,64,reverse,,layout_irfft_complex64_1024_64_reverse_,0.0865987502038,0.0856170197949,0.000405259779654,7,200,ok,
final,layout,irfft,complex64,1024,64,stride2,,layout_irfft_complex64_1024_64_stride2_,0.0874928198755,0.0869067752501,0.000535899889655,7,200,ok,
final,layout,irfft,complex64,1024,64,transpose,,layout_irfft_complex64_1024_64_transpose_,0.0976289302344,0.0966997497017,0.000777450622991,7,200,ok,
final,layout,irfft,complex64,1024,64,fortran,,layout_irfft_complex64_1024_64_fortran_,0.0967393699102,0.0961491197813,0.000494520063512,7,200,ok,
final,layout,irfft,complex64,4096,1,reverse,,layout_irfft_complex64_4096_1_reverse_,0.0251553320293,0.0248954971347,0.000219204219435,7,539,ok,
final,layout,irfft,complex64,4096,1,stride2,,layout_irfft_complex64_4096_1_stride2_,0.0251216983925,0.0248911974925,0.000230500899991,7,567,ok,
final,layout,irfft,complex64,4096,1,transpose,,layout_irfft_complex64_4096_1_transpose_,0.0256508839792,0.0250670725493,0.000277833299823,7,551,ok,
final,layout,irfft,complex64,4096,1,fortran,,layout_irfft_complex64_4096_1_fortran_,0.0248131161192,0.0245997022902,0.000188067713951,7,517,ok,
final,layout,irfft,complex64,4096,8,reverse,,layout_irfft_complex64_4096_8_reverse_,0.0559307396179,0.0556606904138,6.67251879349e-05,7,200,ok,
final,layout,irfft,complex64,4096,8,stride2,,layout_irfft_complex64_4096_8_stride2_,0.0564111903077,0.0561372801894,5.82606298849e-05,7,200,ok,
final,layout,irfft,complex64,4096,8,transpose,,layout_irfft_complex64_4096_8_transpose_,0.0573494849959,0.0571328296792,0.000216655316763,7,200,ok,
final,layout,irfft,complex64,4096,8,fortran,,layout_irfft_complex64_4096_8_fortran_,0.0582573300926,0.0577226298628,0.000185800017789,7,200,ok,
final,layout,irfft,complex64,4096,64,reverse,,layout_irfft_complex64_4096_64_reverse_,0.385156500852,0.380996247986,0.000891654053703,7,20,ok,
final,layout,irfft,complex64,4096,64,stride2,,layout_irfft_complex64_4096_64_stride2_,0.386713951593,0.383000500733,0.00230430159718,7,20,ok,
final,layout,irfft,complex64,4096,64,transpose,,layout_irfft_complex64_4096_64_transpose_,0.454979296774,0.449296203442,0.00185245298781,7,20,ok,
final,layout,irfft,complex64,4096,64,fortran,,layout_irfft_complex64_4096_64_fortran_,0.446310604457,0.438835151726,0.00442124437541,7,20,ok,
final,layout,irfft,complex64,65536,1,reverse,,layout_irfft_complex64_65536_1_reverse_,0.346945831552,0.342906324823,0.00368898511458,5,71,ok,
final,layout,irfft,complex64,65536,1,stride2,,layout_irfft_complex64_65536_1_stride2_,0.343190792288,0.340020568627,0.00174631875577,5,72,ok,
final,layout,irfft,complex64,65536,1,transpose,,layout_irfft_complex64_65536_1_transpose_,0.344441192582,0.343475012389,0.000371232514002,5,73,ok,
final,layout,irfft,complex64,65536,1,fortran,,layout_irfft_complex64_65536_1_fortran_,0.344788083263,0.341794430925,0.00227061132642,5,72,ok,
final,layout,irfft,complex64,65536,8,reverse,,layout_irfft_complex64_65536_8_reverse_,1.35296700173,1.34289519629,0.00786570017226,5,20,ok,
final,layout,irfft,complex64,65536,8,stride2,,layout_irfft_complex64_65536_8_stride2_,1.34635565337,1.3370082539,0.00380609999411,5,20,ok,
final,layout,irfft,complex64,65536,8,transpose,,layout_irfft_complex64_65536_8_transpose_,1.36811124976,1.35800390271,0.0039818987716,5,20,ok,
final,layout,irfft,complex64,65536,8,fortran,,layout_irfft_complex64_65536_8_fortran_,1.36337639997,1.35027949582,0.00290544703603,5,20,ok,
final,layout,irfft,complex64,65536,64,reverse,,layout_irfft_complex64_65536_64_reverse_,10.4862690205,10.4198519839,0.0463066389784,5,3,ok,
final,layout,irfft,complex64,65536,64,stride2,,layout_irfft_complex64_65536_64_stride2_,10.5565736691,10.5063800002,0.0323703279719,5,3,ok,
final,layout,irfft,complex64,65536,64,transpose,,layout_irfft_complex64_65536_64_transpose_,17.506644479,17.181993986,0.192945008166,5,2,ok,
final,layout,irfft,complex64,65536,64,fortran,,layout_irfft_complex64_65536_64_fortran_,16.9228999875,16.6309904889,0.291909498628,5,2,ok,
final,staged,irfft,complex64,1024,1,contiguous,pad,staged_irfft_complex64_1024_1_contiguous_pad,0.0103027632029,0.0101760328709,5.88223425657e-05,7,1064,ok,
final,staged,irfft,complex64,1024,1,contiguous,truncate,staged_irfft_complex64_1024_1_contiguous_truncate,0.00962345023919,0.00952108031913,4.45174682737e-05,7,1308,ok,
final,staged,irfft,complex64,1024,8,contiguous,pad,staged_irfft_complex64_1024_8_contiguous_pad,0.0481834850507,0.0479063700186,0.000187905388884,7,200,ok,
final,staged,irfft,complex64,1024,8,contiguous,truncate,staged_irfft_complex64_1024_8_contiguous_truncate,0.0162019248819,0.0161381548969,3.17598460242e-05,7,200,ok,
final,staged,irfft,complex64,1024,64,contiguous,pad,staged_irfft_complex64_1024_64_contiguous_pad,0.34702188683,0.345537986633,0.000287576998309,7,71,ok,
final,staged,irfft,complex64,1024,64,contiguous,truncate,staged_irfft_complex64_1024_64_contiguous_truncate,0.0854118401185,0.0849866500357,0.000425190082751,7,200,ok,
final,staged,irfft,complex64,1024,256,contiguous,pad,staged_irfft_complex64_1024_256_contiguous_pad,1.39065380208,1.38488904922,0.00558890169486,7,20,ok,
final,staged,irfft,complex64,1024,256,contiguous,truncate,staged_irfft_complex64_1024_256_contiguous_truncate,0.324696250027,0.31960074557,0.00111504923552,7,20,ok,
final,staged,irfft,complex64,4096,1,contiguous,pad,staged_irfft_complex64_4096_1_contiguous_pad,0.0259608050995,0.0256655059492,0.00018031677073,7,518,ok,
final,staged,irfft,complex64,4096,1,contiguous,truncate,staged_irfft_complex64_4096_1_contiguous_truncate,0.0254797363832,0.0253420613962,0.000127223664928,7,554,ok,
final,staged,irfft,complex64,4096,8,contiguous,pad,staged_irfft_complex64_4096_8_contiguous_pad,0.16007005934,0.159427019907,0.000155058360713,7,153,ok,
final,staged,irfft,complex64,4096,8,contiguous,truncate,staged_irfft_complex64_4096_8_contiguous_truncate,0.0559811847052,0.0557617249433,5.87553950027e-05,7,200,ok,
final,staged,irfft,complex64,4096,64,contiguous,pad,staged_irfft_complex64_4096_64_contiguous_pad,1.22139205341,1.21911024908,0.00213600578718,7,20,ok,
final,staged,irfft,complex64,4096,64,contiguous,truncate,staged_irfft_complex64_4096_64_contiguous_truncate,0.379398750374,0.378504605033,0.000665202969685,7,20,ok,
final,staged,irfft,complex64,4096,256,contiguous,pad,staged_irfft_complex64_4096_256_contiguous_pad,4.85504144204,4.83814572051,0.0140161552866,7,7,ok,
final,staged,irfft,complex64,4096,256,contiguous,truncate,staged_irfft_complex64_4096_256_contiguous_truncate,1.48999660159,1.48324954789,0.00189755228348,7,20,ok,
final,staged,irfft,complex64,4097,1,contiguous,pad,staged_irfft_complex64_4097_1_contiguous_pad,0.140889981611,0.14053764594,0.000352335671507,5,161,ok,
final,staged,irfft,complex64,4097,1,contiguous,truncate,staged_irfft_complex64_4097_1_contiguous_truncate,0.137968401235,0.137403277196,0.000352073476602,5,177,ok,
final,staged,irfft,complex64,4097,8,contiguous,pad,staged_irfft_complex64_4097_8_contiguous_pad,1.08436465203,1.0758191752,0.00106504328711,5,23,ok,
final,staged,irfft,complex64,4097,8,contiguous,truncate,staged_irfft_complex64_4097_8_contiguous_truncate,0.353555478693,0.352011619687,0.000431789347613,5,71,ok,
final,staged,irfft,complex64,4097,64,contiguous,pad,staged_irfft_complex64_4097_64_contiguous_pad,8.58665624401,8.54657648597,0.0325959990732,5,4,ok,
final,staged,irfft,complex64,4097,64,contiguous,truncate,staged_irfft_complex64_4097_64_contiguous_truncate,2.71028783754,2.70482433067,0.00468791889337,5,12,ok,
final,staged,irfft,complex64,4097,256,contiguous,pad,staged_irfft_complex64_4097_256_contiguous_pad,34.1057049809,33.997462946,0.068046967499,5,1,ok,
final,staged,irfft,complex64,4097,256,contiguous,truncate,staged_irfft_complex64_4097_256_contiguous_truncate,10.7863119726,10.7543793274,0.0260683009401,5,3,ok,
final,staged,irfft,complex64,8192,1,contiguous,pad,staged_irfft_complex64_8192_1_contiguous_pad,0.0448039296316,0.0442847650265,0.000339429825544,5,200,ok,
final,staged,irfft,complex64,8192,1,contiguous,truncate,staged_irfft_complex64_8192_1_contiguous_truncate,0.048249210231,0.048070125049,0.000179085182026,5,200,ok,
final,staged,irfft,complex64,8192,8,contiguous,pad,staged_irfft_complex64_8192_8_contiguous_pad,0.308947619994,0.308537481447,0.000198720954359,5,79,ok,
final,staged,irfft,complex64,8192,8,contiguous,truncate,staged_irfft_complex64_8192_8_contiguous_truncate,0.111213769997,0.111190779717,2.2990279831e-05,5,200,ok,
final,staged,irfft,complex64,8192,64,contiguous,pad,staged_irfft_complex64_8192_64_contiguous_pad,2.42635785669,2.42243271454,0.00352657765948,5,14,ok,
final,staged,irfft,complex64,8192,64,contiguous,truncate,staged_irfft_complex64_8192_64_contiguous_truncate,0.790601898916,0.787810701877,0.00166260288097,5,20,ok,
final,staged,irfft,complex64,8192,256,contiguous,pad,staged_irfft_complex64_8192_256_contiguous_pad,9.65842468819,9.64064166571,0.0177830224857,5,3,ok,
final,staged,irfft,complex64,8192,256,contiguous,truncate,staged_irfft_complex64_8192_256_contiguous_truncate,3.12485739123,3.12268941198,0.00216797925532,5,5,ok,
final,layout,irfft,complex128,1024,1,reverse,,layout_irfft_complex128_1024_1_reverse_,0.00879574091045,0.00876679210831,2.37153955234e-05,7,1212,ok,
final,layout,irfft,complex128,1024,1,stride2,,layout_irfft_complex128_1024_1_stride2_,0.00886091863629,0.00873234746107,6.07827845827e-05,7,1390,ok,
final,layout,irfft,complex128,1024,1,transpose,,layout_irfft_complex128_1024_1_transpose_,0.00886079672265,0.00884810303596,1.14030349378e-05,7,1397,ok,
final,layout,irfft,complex128,1024,1,fortran,,layout_irfft_complex128_1024_1_fortran_,0.0087747408213,0.00876173511921,1.12386131474e-05,7,1412,ok,
final,layout,irfft,complex128,1024,8,reverse,,layout_irfft_complex128_1024_8_reverse_,0.0194121652748,0.0192892854102,3.62645369023e-05,7,200,ok,
final,layout,irfft,complex128,1024,8,stride2,,layout_irfft_complex128_1024_8_stride2_,0.0196986499941,0.0196061300812,4.51848609373e-05,7,200,ok,
final,layout,irfft,complex128,1024,8,transpose,,layout_irfft_complex128_1024_8_transpose_,0.0198997702682,0.0198686646763,1.92894367501e-05,7,200,ok,
final,layout,irfft,complex128,1024,8,fortran,,layout_irfft_complex128_1024_8_fortran_,0.0200147903524,0.0199701549718,3.28099122271e-05,7,200,ok,
final,layout,irfft,complex128,1024,64,reverse,,layout_irfft_complex128_1024_64_reverse_,0.109605775215,0.109369234997,5.73048600927e-05,7,200,ok,
final,layout,irfft,complex128,1024,64,stride2,,layout_irfft_complex128_1024_64_stride2_,0.109754099976,0.109646749916,4.88950172439e-05,7,200,ok,
final,layout,irfft,complex128,1024,64,transpose,,layout_irfft_complex128_1024_64_transpose_,0.140406165405,0.140093119948,0.000313045457006,7,175,ok,
final,layout,irfft,complex128,1024,64,fortran,,layout_irfft_complex128_1024_64_fortran_,0.137971541106,0.137228355234,0.000620229663378,7,183,ok,
final,layout,irfft,complex128,4096,1,reverse,,layout_irfft_complex128_4096_1_reverse_,0.0222101912216,0.0221240996182,3.77501409769e-05,7,612,ok,
final,layout,irfft,complex128,4096,1,stride2,,layout_irfft_complex128_4096_1_stride2_,0.0223267569357,0.0222094095317,4.63196245094e-05,7,613,ok,
final,layout,irfft,complex128,4096,1,transpose,,layout_irfft_complex128_4096_1_transpose_,0.0221119349495,0.0220711905348,2.65309380835e-05,7,614,ok,
final,layout,irfft,complex128,4096,1,fortran,,layout_irfft_complex128_4096_1_fortran_,0.0221211241505,0.02204611153,3.87675997914e-05,7,628,ok,
final,layout,irfft,complex128,4096,8,reverse,,layout_irfft_complex128_4096_8_reverse_,0.0753304798855,0.0750368350418,0.000139710027725,7,200,ok,
final,layout,irfft,complex128,4096,8,stride2,,layout_irfft_complex128_4096_8_stride2_,0.0758845650125,0.0756717647891,0.000146524980664,7,200,ok,
final,layout,irfft,complex128,4096,8,transpose,,layout_irfft_complex128_4096_8_transpose_,0.0838564848527,0.0830042950111,0.000401050201617,7,200,ok,
final,layout,irfft,complex128,4096,8,fortran,,layout_irfft_complex128_4096_8_fortran_,0.0823375000618,0.0821838149568,0.000127634848468,7,200,ok,
final,layout,irfft,complex128,4096,64,reverse,,layout_irfft_complex128_4096_64_reverse_,0.528964301338,0.527721998515,0.000663253013045,7,20,ok,
final,layout,irfft,complex128,4096,64,stride2,,layout_irfft_complex128_4096_64_stride2_,0.530588353286,0.529994699173,0.000568543327972,7,20,ok,
final,layout,irfft,complex128,4096,64,transpose,,layout_irfft_complex128_4096_64_transpose_,0.662872602697,0.661297648912,0.00157495378517,7,20,ok,
final,layout,irfft,complex128,4096,64,fortran,,layout_irfft_complex128_4096_64_fortran_,0.650342251174,0.648337946041,0.000732345506549,7,20,ok,
final,layout,irfft,complex128,65536,1,reverse,,layout_irfft_complex128_65536_1_reverse_,0.5114371627,0.509153939879,0.00228322282129,5,49,ok,
final,layout,irfft,complex128,65536,1,stride2,,layout_irfft_complex128_65536_1_stride2_,0.510772229366,0.51021285617,0.000559373196059,5,48,ok,
final,layout,irfft,complex128,65536,1,transpose,,layout_irfft_complex128_65536_1_transpose_,0.510797203918,0.510353305168,0.000443898749595,5,49,ok,
final,layout,irfft,complex128,65536,1,fortran,,layout_irfft_complex128_65536_1_fortran_,0.513218665825,0.51166160362,0.000271955893065,5,48,ok,
final,layout,irfft,complex128,65536,8,reverse,,layout_irfft_complex128_65536_8_reverse_,2.19143686506,2.18729713621,0.00195166406532,5,15,ok,
final,layout,irfft,complex128,65536,8,stride2,,layout_irfft_complex128_65536_8_stride2_,2.17410453285,2.16869240006,0.00404286353538,5,15,ok,
final,layout,irfft,complex128,65536,8,transpose,,layout_irfft_complex128_65536_8_transpose_,2.30825479763,2.30275386324,0.00108066791048,5,15,ok,
final,layout,irfft,complex128,65536,8,fortran,,layout_irfft_complex128_65536_8_fortran_,2.30810913878,2.30426799972,0.00102853712936,5,15,ok,
final,layout,irfft,complex128,65536,64,reverse,,layout_irfft_complex128_65536_64_reverse_,19.6377949324,19.5198049769,0.0597711186856,5,1,ok,
final,layout,irfft,complex128,65536,64,stride2,,layout_irfft_complex128_65536_64_stride2_,20.6714830128,20.5867749173,0.0642889644951,5,1,ok,
final,layout,irfft,complex128,65536,64,transpose,,layout_irfft_complex128_65536_64_transpose_,29.35905091,28.9715570398,0.173012027517,5,1,ok,
final,layout,irfft,complex128,65536,64,fortran,,layout_irfft_complex128_65536_64_fortran_,29.0316699538,28.8257950451,0.205874908715,5,1,ok,
final,staged,irfft,complex128,1024,1,contiguous,pad,staged_irfft_complex128_1024_1_contiguous_pad,0.00974474678245,0.00970842671392,2.06503286225e-05,7,1078,ok,
final,staged,irfft,complex128,1024,1,contiguous,truncate,staged_irfft_complex128_1024_1_contiguous_truncate,0.00871261066225,0.00865702143139,1.61808150421e-05,7,1400,ok,
final,staged,irfft,complex128,1024,8,contiguous,pad,staged_irfft_complex128_1024_8_contiguous_pad,0.0452405499527,0.0448343897006,8.87701753527e-05,7,200,ok,
final,staged,irfft,complex128,1024,8,contiguous,truncate,staged_irfft_complex128_1024_8_contiguous_truncate,0.0193223950919,0.0191815855214,9.00152372196e-05,7,200,ok,
final,staged,irfft,complex128,1024,64,contiguous,pad,staged_irfft_complex128_1024_64_contiguous_pad,0.327589229454,0.325702066294,0.00120075797108,7,74,ok,
final,staged,irfft,complex128,1024,64,contiguous,truncate,staged_irfft_complex128_1024_64_contiguous_truncate,0.109874475165,0.109544409788,0.000161550124176,7,200,ok,
final,staged,irfft,complex128,1024,256,contiguous,pad,staged_irfft_complex128_1024_256_contiguous_pad,1.29892765544,1.2948140502,0.00148379476741,7,20,ok,
final,staged,irfft,complex128,1024,256,contiguous,truncate,staged_irfft_complex128_1024_256_contiguous_truncate,0.414354499662,0.413640146144,0.000337598612532,7,20,ok,
final,staged,irfft,complex128,4096,1,contiguous,pad,staged_irfft_complex128_4096_1_contiguous_pad,0.0253761689502,0.0253051535929,5.0305272676e-05,7,521,ok,
final,staged,irfft,complex128,4096,1,contiguous,truncate,staged_irfft_complex128_4096_1_contiguous_truncate,0.022205188002,0.0221676897285,3.7112530812e-05,7,622,ok,
final,staged,irfft,complex128,4096,8,contiguous,pad,staged_irfft_complex128_4096_8_contiguous_pad,0.158921602773,0.158603442684,0.000298050835203,7,156,ok,
final,staged,irfft,complex128,4096,8,contiguous,truncate,staged_irfft_complex128_4096_8_contiguous_truncate,0.0752300402382,0.074907989474,0.000166915124282,7,200,ok,
final,staged,irfft,complex128,4096,64,contiguous,pad,staged_irfft_complex128_4096_64_contiguous_pad,1.22673499864,1.22507189517,0.00101990299299,7,20,ok,
final,staged,irfft,complex128,4096,64,contiguous,truncate,staged_irfft_complex128_4096_64_contiguous_truncate,0.531984452391,0.531231000787,0.0004232453648,7,20,ok,
final,staged,irfft,complex128,4096,256,contiguous,pad,staged_irfft_complex128_4096_256_contiguous_pad,4.90335729306,4.88756929657,0.0143895823775,7,7,ok,
final,staged,irfft,complex128,4096,256,contiguous,truncate,staged_irfft_complex128_4096_256_contiguous_truncate,2.08813112113,2.08518368163,0.0029474394978,7,16,ok,
final,staged,irfft,complex128,4097,1,contiguous,pad,staged_irfft_complex128_4097_1_contiguous_pad,0.117686900194,0.117384030018,0.000159144983627,5,200,ok,
final,staged,irfft,complex128,4097,1,contiguous,truncate,staged_irfft_complex128_4097_1_contiguous_truncate,0.115242739557,0.115168549819,3.22103733197e-05,5,200,ok,
final,staged,irfft,complex128,4097,8,contiguous,pad,staged_irfft_complex128_4097_8_contiguous_pad,0.892463442007,0.891441147326,0.000530965971174,5,27,ok,
final,staged,irfft,complex128,4097,8,contiguous,truncate,staged_irfft_complex128_4097_8_contiguous_truncate,0.678421444415,0.67556889068,0.00157294562086,5,36,ok,
final,staged,irfft,complex128,4097,64,contiguous,pad,staged_irfft_complex128_4097_64_contiguous_pad,7.17794324737,7.17147349496,0.00261250534095,5,4,ok,
final,staged,irfft,complex128,4097,64,contiguous,truncate,staged_irfft_complex128_4097_64_contiguous_truncate,5.34576765494,5.29895365859,0.00950614533698,5,6,ok,
final,staged,irfft,complex128,4097,256,contiguous,pad,staged_irfft_complex128_4097_256_contiguous_pad,29.0558849229,28.8937320001,0.0813810620457,5,1,ok,
final,staged,irfft,complex128,4097,256,contiguous,truncate,staged_irfft_complex128_4097_256_contiguous_truncate,21.0910459282,21.0175790126,0.0233730534092,5,1,ok,
final,staged,irfft,complex128,8192,1,contiguous,pad,staged_irfft_complex128_8192_1_contiguous_pad,0.0461089151213,0.0459865399171,6.98753865436e-05,5,200,ok,
final,staged,irfft,complex128,8192,1,contiguous,truncate,staged_irfft_complex128_8192_1_contiguous_truncate,0.0415617297404,0.0414750247728,4.59904549643e-05,5,200,ok,
final,staged,irfft,complex128,8192,8,contiguous,pad,staged_irfft_complex128_8192_8_contiguous_pad,0.322181297551,0.320682013347,0.00149928420395,5,77,ok,
final,staged,irfft,complex128,8192,8,contiguous,truncate,staged_irfft_complex128_8192_8_contiguous_truncate,0.157551496634,0.156584344092,0.000741191143111,5,157,ok,
final,staged,irfft,complex128,8192,64,contiguous,pad,staged_irfft_complex128_8192_64_contiguous_pad,2.52924222822,2.50851977258,0.0207224556317,5,13,ok,
final,staged,irfft,complex128,8192,64,contiguous,truncate,staged_irfft_complex128_8192_64_contiguous_truncate,1.15932775079,1.15661519812,0.00177284819074,5,20,ok,
final,staged,irfft,complex128,8192,256,contiguous,pad,staged_irfft_complex128_8192_256_contiguous_pad,10.4060830005,10.3787786405,0.00733331156274,5,3,ok,
final,staged,irfft,complex128,8192,256,contiguous,truncate,staged_irfft_complex128_8192_256_contiguous_truncate,4.63224761188,4.63058459572,0.00166301615536,5,5,ok,
final,out,fft,complex64,64,1,contiguous,separate,out_fft_complex64_64_1_contiguous_separate,0.00408314416541,0.00405205470746,1.0698004241e-05,7,1755,ok,
final,out,fft,complex64,64,1,contiguous,noncontiguous,out_fft_complex64_64_1_contiguous_noncontiguous,0.00401312648319,0.00400722550694,5.90097624809e-06,7,2000,ok,
final,out,fft,complex64,64,1,contiguous,negative,out_fft_complex64_64_1_contiguous_negative,0.00407774205087,0.00406614551321,1.12260458991e-05,7,2000,ok,
final,out,fft,complex64,64,8,contiguous,separate,out_fft_complex64_64_8_contiguous_separate,0.00609254261927,0.00599976574468,1.75356312483e-05,7,1878,ok,
final,out,fft,complex64,64,8,contiguous,noncontiguous,out_fft_complex64_64_8_contiguous_noncontiguous,0.00607731429867,0.00605421216896,2.04468358673e-05,7,1909,ok,
final,out,fft,complex64,64,8,contiguous,negative,out_fft_complex64_64_8_contiguous_negative,0.00614954052736,0.00610902078496,4.02100225869e-05,7,1776,ok,
final,out,fft,complex64,4096,1,contiguous,separate,out_fft_complex64_4096_1_contiguous_separate,0.0325449157021,0.0324310891182,2.76338820621e-05,7,426,ok,
final,out,fft,complex64,4096,1,contiguous,noncontiguous,out_fft_complex64_4096_1_contiguous_noncontiguous,0.0327525236781,0.0326245869184,2.54649975869e-05,7,443,ok,
final,out,fft,complex64,4096,1,contiguous,negative,out_fft_complex64_4096_1_contiguous_negative,0.032643595543,0.0324722852956,7.59642675854e-05,7,445,ok,
final,out,fft,complex64,4096,8,contiguous,separate,out_fft_complex64_4096_8_contiguous_separate,0.1828717523,0.182548518594,0.0002439102312,7,133,ok,
final,out,fft,complex64,4096,8,contiguous,noncontiguous,out_fft_complex64_4096_8_contiguous_noncontiguous,0.184254151448,0.183748924604,0.000273621985454,7,119,ok,
final,out,fft,complex64,4096,8,contiguous,negative,out_fft_complex64_4096_8_contiguous_negative,0.182779883136,0.182450518699,0.000259240776518,7,137,ok,
final,overlap,fft,complex64,64,1,contiguous,inplace,overlap_fft_complex64_64_1_contiguous_inplace,0.00412153353682,0.00410127098439,8.38557025418e-06,7,2000,ok,
final,overlap,fft,complex64,64,1,contiguous,partial_overlap,overlap_fft_complex64_64_1_contiguous_partial_overlap,0.00431954849046,0.00427034648601,2.80775129795e-05,7,2000,ok,
final,overlap,fft,complex64,64,8,contiguous,inplace,overlap_fft_complex64_64_8_contiguous_inplace,0.00623506974615,0.00618695109348,2.18149271519e-05,7,1821,ok,
final,overlap,fft,complex64,64,8,contiguous,partial_overlap,overlap_fft_complex64_64_8_contiguous_partial_overlap,0.00661521105669,0.0065748916698,1.48433827443e-05,7,1763,ok,
final,overlap,fft,complex64,4096,1,contiguous,inplace,overlap_fft_complex64_4096_1_contiguous_inplace,0.0322289311502,0.0320783052102,3.64219752747e-05,7,436,ok,
final,overlap,fft,complex64,4096,1,contiguous,partial_overlap,overlap_fft_complex64_4096_1_contiguous_partial_overlap,0.0327805332818,0.0325280391536,0.000205556273289,7,435,ok,
final,overlap,fft,complex64,4096,8,contiguous,inplace,overlap_fft_complex64_4096_8_contiguous_inplace,0.190360984561,0.184293257917,0.00239047676587,7,128,ok,
final,overlap,fft,complex64,4096,8,contiguous,partial_overlap,overlap_fft_complex64_4096_8_contiguous_partial_overlap,0.191145094376,0.190289873505,0.000384503308185,7,127,ok,
final,out,fft,complex128,64,1,contiguous,separate,out_fft_complex128_64_1_contiguous_separate,0.00328856502892,0.00324075052049,2.98610539176e-05,7,2000,ok,
final,out,fft,complex128,64,1,contiguous,noncontiguous,out_fft_complex128_64_1_contiguous_noncontiguous,0.0034892145195,0.00344735104591,2.57384963334e-05,7,2000,ok,
final,out,fft,complex128,64,1,contiguous,negative,out_fft_complex128_64_1_contiguous_negative,0.0034590929863,0.00344434048748,1.47524988279e-05,7,2000,ok,
final,out,fft,complex128,64,8,contiguous,separate,out_fft_complex128_64_8_contiguous_separate,0.00475853699027,0.0046321314876,4.02599689551e-05,7,2000,ok,
final,out,fft,complex128,64,8,contiguous,noncontiguous,out_fft_complex128_64_8_contiguous_noncontiguous,0.00470251298975,0.00467369897524,4.6489876695e-06,7,2000,ok,
final,out,fft,complex128,64,8,contiguous,negative,out_fft_complex128_64_8_contiguous_negative,0.00472825049656,0.00470621947898,9.94349829853e-06,7,2000,ok,
final,out,fft,complex128,4096,1,contiguous,separate,out_fft_complex128_4096_1_contiguous_separate,0.0317333153109,0.031395279594,6.55147407446e-05,7,447,ok,
final,out,fft,complex128,4096,1,contiguous,noncontiguous,out_fft_complex128_4096_1_contiguous_noncontiguous,0.0302646985879,0.030167999968,9.66986198366e-05,7,471,ok,
final,out,fft,complex128,4096,1,contiguous,negative,out_fft_complex128_4096_1_contiguous_negative,0.0292382575666,0.0290682635688,8.61846477277e-05,7,493,ok,
final,out,fft,complex128,4096,8,contiguous,separate,out_fft_complex128_4096_8_contiguous_separate,0.164367826656,0.163986120218,0.000118946967026,7,150,ok,
final,out,fft,complex128,4096,8,contiguous,noncontiguous,out_fft_complex128_4096_8_contiguous_noncontiguous,0.167450328574,0.166811671727,0.000293144146108,7,146,ok,
final,out,fft,complex128,4096,8,contiguous,negative,out_fft_complex128_4096_8_contiguous_negative,0.164912113299,0.164772386973,9.2766713351e-05,7,150,ok,
final,overlap,fft,complex128,64,1,contiguous,inplace,overlap_fft_complex128_64_1_contiguous_inplace,0.00334739504615,0.00331963301869,2.37894710153e-06,7,2000,ok,
final,overlap,fft,complex128,64,1,contiguous,partial_overlap,overlap_fft_complex128_64_1_contiguous_partial_overlap,0.00388275348814,0.00387195299845,4.89898957312e-06,7,2000,ok,
final,overlap,fft,complex128,64,8,contiguous,inplace,overlap_fft_complex128_64_8_contiguous_inplace,0.0046752365306,0.00465500395512,1.66810350493e-05,7,2000,ok,
final,overlap,fft,complex128,64,8,contiguous,partial_overlap,overlap_fft_complex128_64_8_contiguous_partial_overlap,0.00587458452712,0.00586077087709,7.39717417892e-06,7,1964,ok,
final,overlap,fft,complex128,4096,1,contiguous,inplace,overlap_fft_complex128_4096_1_contiguous_inplace,0.0278258088951,0.0276307161434,0.000101388081491,7,518,ok,
final,overlap,fft,complex128,4096,1,contiguous,partial_overlap,overlap_fft_complex128_4096_1_contiguous_partial_overlap,0.0305056128591,0.0304433234789,3.43405384016e-05,7,470,ok,
final,overlap,fft,complex128,4096,8,contiguous,inplace,overlap_fft_complex128_4096_8_contiguous_inplace,0.164312842045,0.163947230536,0.000186204009591,7,152,ok,
final,overlap,fft,complex128,4096,8,contiguous,partial_overlap,overlap_fft_complex128_4096_8_contiguous_partial_overlap,0.177120350566,0.176347963797,0.000575744295425,7,137,ok,
final,out,ifft,complex64,64,1,contiguous,separate,out_ifft_complex64_64_1_contiguous_separate,0.00421379465661,0.00420497880974,7.81985563644e-06,7,1982,ok,
final,out,ifft,complex64,64,1,contiguous,noncontiguous,out_ifft_complex64_64_1_contiguous_noncontiguous,0.00441530701937,0.00439623650163,1.44919613376e-05,7,2000,ok,
final,out,ifft,complex64,64,1,contiguous,negative,out_ifft_complex64_64_1_contiguous_negative,0.00444469146896,0.00442721904255,5.91046409681e-06,7,2000,ok,
final,out,ifft,complex64,64,8,contiguous,separate,out_ifft_complex64_64_8_contiguous_separate,0.00610620687845,0.00609035168405,8.77663262192e-06,7,1871,ok,
final,out,ifft,complex64,64,8,contiguous,noncontiguous,out_ifft_complex64_64_8_contiguous_noncontiguous,0.00613655076271,0.00611916647224,6.82639885602e-06,7,1952,ok,
final,out,ifft,complex64,64,8,contiguous,negative,out_ifft_complex64_64_8_contiguous_negative,0.00615156110318,0.0061039118337,2.06497801143e-05,7,1996,ok,
final,out,ifft,complex64,4096,1,contiguous,separate,out_ifft_complex64_4096_1_contiguous_separate,0.0294993075659,0.0294605325325,3.67924803868e-05,7,400,ok,
final,out,ifft,complex64,4096,1,contiguous,noncontiguous,out_ifft_complex64_4096_1_contiguous_noncontiguous,0.0325016529023,0.0324006484876,7.98321369182e-05,7,441,ok,
final,out,ifft,complex64,4096,1,contiguous,negative,out_ifft_complex64_4096_1_contiguous_negative,0.0320400455608,0.0318066370642,9.84123918542e-05,7,441,ok,
final,out,ifft,complex64,4096,8,contiguous,separate,out_ifft_complex64_4096_8_contiguous_separate,0.152994317099,0.152436390281,0.000170018188883,7,164,ok,
final,out,ifft,complex64,4096,8,contiguous,noncontiguous,out_ifft_complex64_4096_8_contiguous_noncontiguous,0.153449074423,0.153018399578,9.78114258032e-05,7,160,ok,
final,out,ifft,complex64,4096,8,contiguous,negative,out_ifft_complex64_4096_8_contiguous_negative,0.152894864175,0.152595783871,0.000144598608906,7,162,ok,
final,overlap,ifft,complex64,64,1,contiguous,inplace,overlap_ifft_complex64_64_1_contiguous_inplace,0.00429248297587,0.00426420499571,1.63550139405e-05,7,2000,ok,
final,overlap,ifft,complex64,64,1,contiguous,partial_overlap,overlap_ifft_complex64_64_1_contiguous_partial_overlap,0.00479595200159,0.00477109552594,9.6180010587e-06,7,2000,ok,
final,overlap,ifft,complex64,64,8,contiguous,inplace,overlap_ifft_complex64_64_8_contiguous_inplace,0.00617657766029,0.00616012270091,1.03665422599e-05,7,1899,ok,
final,overlap,ifft,complex64,64,8,contiguous,partial_overlap,overlap_ifft_complex64_64_8_contiguous_partial_overlap,0.00707101162027,0.00703101105842,1.73369499165e-05,7,1629,ok,
final,overlap,ifft,complex64,4096,1,contiguous,inplace,overlap_ifft_complex64_4096_1_contiguous_inplace,0.0285403332626,0.0282545472881,2.99354356648e-05,7,495,ok,
final,overlap,ifft,complex64,4096,1,contiguous,partial_overlap,overlap_ifft_complex64_4096_1_contiguous_partial_overlap,0.0307193341573,0.0306303966148,4.9489307426e-05,7,464,ok,
final,overlap,ifft,complex64,4096,8,contiguous,inplace,overlap_ifft_complex64_4096_8_contiguous_inplace,0.152779209864,0.152497821097,0.000281388767891,7,162,ok,
final,overlap,ifft,complex64,4096,8,contiguous,partial_overlap,overlap_ifft_complex64_4096_8_contiguous_partial_overlap,0.160078559611,0.159291146727,0.000782013818674,7,143,ok,
final,out,ifft,complex128,64,1,contiguous,separate,out_ifft_complex128_64_1_contiguous_separate,0.00433252751827,0.00431678298628,6.68747816235e-06,7,2000,ok,
final,out,ifft,complex128,64,1,contiguous,noncontiguous,out_ifft_complex128_64_1_contiguous_noncontiguous,0.00455653050449,0.00454038497992,6.08596019447e-06,7,2000,ok,
final,out,ifft,complex128,64,1,contiguous,negative,out_ifft_complex128_64_1_contiguous_negative,0.00453586201183,0.00450292549795,4.20247670263e-06,7,2000,ok,
final,out,ifft,complex128,64,8,contiguous,separate,out_ifft_complex128_64_8_contiguous_separate,0.00599701728818,0.00595849899095,2.16802198045e-05,7,1964,ok,
final,out,ifft,complex128,64,8,contiguous,noncontiguous,out_ifft_complex128_64_8_contiguous_noncontiguous,0.00592786353081,0.00591710396111,1.07595697045e-05,7,2000,ok,
final,out,ifft,complex128,64,8,contiguous,negative,out_ifft_complex128_64_8_contiguous_negative,0.00601047248347,0.00599163246807,1.76079920493e-05,7,2000,ok,
final,out,ifft,complex128,4096,1,contiguous,separate,out_ifft_complex128_4096_1_contiguous_separate,0.0325188426309,0.0324105535759,6.94005035186e-05,7,439,ok,
final,out,ifft,complex128,4096,1,contiguous,noncontiguous,out_ifft_complex128_4096_1_contiguous_noncontiguous,0.0329653664526,0.0328637738038,8.5296347417e-05,7,442,ok,
final,out,ifft,complex128,4096,1,contiguous,negative,out_ifft_complex128_4096_1_contiguous_negative,0.0320346180502,0.0316754284687,0.000210128113973,7,453,ok,
final,out,ifft,complex128,4096,8,contiguous,separate,out_ifft_complex128_4096_8_contiguous_separate,0.174396712393,0.173854835084,7.43089886985e-05,7,139,ok,
final,out,ifft,complex128,4096,8,contiguous,noncontiguous,out_ifft_complex128_4096_8_contiguous_noncontiguous,0.177050073101,0.176641576835,0.00025836468749,7,137,ok,
final,out,ifft,complex128,4096,8,contiguous,negative,out_ifft_complex128_4096_8_contiguous_negative,0.174502366629,0.174421239907,7.02746828992e-05,7,142,ok,
final,overlap,ifft,complex128,64,1,contiguous,inplace,overlap_ifft_complex128_64_1_contiguous_inplace,0.00427510053851,0.00425383599941,9.021430742e-06,7,2000,ok,
final,overlap,ifft,complex128,64,1,contiguous,partial_overlap,overlap_ifft_complex128_64_1_contiguous_partial_overlap,0.00482538196957,0.00481857953127,2.47452408075e-06,7,2000,ok,
final,overlap,ifft,complex128,64,8,contiguous,inplace,overlap_ifft_complex128_64_8_contiguous_inplace,0.005909400618,0.0058861049118,1.35308724637e-05,7,1897,ok,
final,overlap,ifft,complex128,64,8,contiguous,partial_overlap,overlap_ifft_complex128_64_8_contiguous_partial_overlap,0.006984472907,0.00696414996616,7.64117499147e-06,7,1753,ok,
final,overlap,ifft,complex128,4096,1,contiguous,inplace,overlap_ifft_complex128_4096_1_contiguous_inplace,0.0287159057391,0.0286647049447,3.57643136236e-05,7,488,ok,
final,overlap,ifft,complex128,4096,1,contiguous,partial_overlap,overlap_ifft_complex128_4096_1_contiguous_partial_overlap,0.0316619217691,0.0315417008616,9.08639776753e-05,7,448,ok,
final,overlap,ifft,complex128,4096,8,contiguous,inplace,overlap_ifft_complex128_4096_8_contiguous_inplace,0.177618676082,0.174589436272,0.00160863347561,7,142,ok,
final,overlap,ifft,complex128,4096,8,contiguous,partial_overlap,overlap_ifft_complex128_4096_8_contiguous_partial_overlap,0.189338101421,0.188673216517,0.000402913428843,7,129,ok,
final,out,rfft,float32,64,1,contiguous,separate,out_rfft_float32_64_1_contiguous_separate,0.00441988551756,0.00439983850811,1.61449424922e-05,7,2000,ok,
final,out,rfft,float32,64,1,contiguous,noncontiguous,out_rfft_float32_64_1_contiguous_noncontiguous,0.00448652950581,0.00441744545242,4.95025306009e-05,7,2000,ok,
final,out,rfft,float32,64,1,contiguous,negative,out_rfft_float32_64_1_contiguous_negative,0.00448320852593,0.00447659101337,4.64357435703e-06,7,2000,ok,
final,out,rfft,float32,64,8,contiguous,separate,out_rfft_float32_64_8_contiguous_separate,0.00562972249463,0.00560349354055,7.17851798981e-06,7,2000,ok,
final,out,rfft,float32,64,8,contiguous,noncontiguous,out_rfft_float32_64_8_contiguous_noncontiguous,0.00559788296232,0.00556340353796,1.10355904326e-05,7,2000,ok,
final,out,rfft,float32,64,8,contiguous,negative,out_rfft_float32_64_8_contiguous_negative,0.00568790599937,0.0056235404918,3.31670162268e-05,7,2000,ok,
final,out,rfft,float32,4096,1,contiguous,separate,out_rfft_float32_4096_1_contiguous_separate,0.0207802377915,0.0206656228005,5.17991045776e-05,7,652,ok,
final,out,rfft,float32,4096,1,contiguous,noncontiguous,out_rfft_float32_4096_1_contiguous_noncontiguous,0.0205825655539,0.0205619061689,7.33519732582e-06,7,564,ok,
final,out,rfft,float32,4096,1,contiguous,negative,out_rfft_float32_4096_1_contiguous_negative,0.0208104186109,0.0207826809134,2.77376975073e-05,7,683,ok,
final,out,rfft,float32,4096,8,contiguous,separate,out_rfft_float32_4096_8_contiguous_separate,0.0749581400305,0.0748388102511,0.000119329779409,7,200,ok,
final,out,rfft,float32,4096,8,contiguous,noncontiguous,out_rfft_float32_4096_8_contiguous_noncontiguous,0.07468132535,0.0745696097147,0.000111715635285,7,200,ok,
final,out,rfft,float32,4096,8,contiguous,negative,out_rfft_float32_4096_8_contiguous_negative,0.0739433447598,0.0738044804893,9.5529248938e-05,7,200,ok,
final,overlap,rfft,float32,64,1,contiguous,real_partial_overlap,overlap_rfft_float32_64_1_contiguous_real_partial_overlap,0.00461481400998,0.00459617399611,8.42049485072e-06,7,2000,ok,
final,overlap,rfft,float32,4096,1,contiguous,real_partial_overlap,overlap_rfft_float32_4096_1_contiguous_real_partial_overlap,0.0205941188422,0.0205420811934,3.08857726535e-05,7,665,ok,
final,out,rfft,float64,64,1,contiguous,separate,out_rfft_float64_64_1_contiguous_separate,0.00358366547152,0.00356470997212,8.99197766557e-06,7,2000,ok,
final,out,rfft,float64,64,1,contiguous,noncontiguous,out_rfft_float64_64_1_contiguous_noncontiguous,0.00358842901187,0.00355992099503,1.27684907056e-05,7,2000,ok,
final,out,rfft,float64,64,1,contiguous,negative,out_rfft_float64_64_1_contiguous_negative,0.00357234448893,0.00356467498932,3.5020057112e-06,7,2000,ok,
final,out,rfft,float64,64,8,contiguous,separate,out_rfft_float64_64_8_contiguous_separate,0.00425382546382,0.00424545496935,7.86007149145e-06,7,2000,ok,
final,out,rfft,float64,64,8,contiguous,noncontiguous,out_rfft_float64_64_8_contiguous_noncontiguous,0.00421453197487,0.00419963948661,1.25030055642e-05,7,2000,ok,
final,out,rfft,float64,64,8,contiguous,negative,out_rfft_float64_64_8_contiguous_negative,0.00419993000105,0.00418233702658,8.95152334124e-06,7,2000,ok,
final,out,rfft,float64,4096,1,contiguous,separate,out_rfft_float64_4096_1_contiguous_separate,0.0183932210539,0.0183662894415,9.33298571525e-06,7,760,ok,
final,out,rfft,float64,4096,1,contiguous,noncontiguous,out_rfft_float64_4096_1_contiguous_noncontiguous,0.0186335513131,0.0185902457217,1.43302870994e-05,7,769,ok,
final,out,rfft,float64,4096,1,contiguous,negative,out_rfft_float64_4096_1_contiguous_negative,0.0183922750513,0.018358657598,2.62619980675e-05,7,771,ok,
final,out,rfft,float64,4096,8,contiguous,separate,out_rfft_float64_4096_8_contiguous_separate,0.0640544999624,0.0638588797301,0.000190155114979,7,200,ok,
final,out,rfft,float64,4096,8,contiguous,noncontiguous,out_rfft_float64_4096_8_contiguous_noncontiguous,0.0658310053404,0.0657789601246,5.20452158526e-05,7,200,ok,
final,out,rfft,float64,4096,8,contiguous,negative,out_rfft_float64_4096_8_contiguous_negative,0.0640165247023,0.0637592450948,0.000119474716485,7,200,ok,
final,overlap,rfft,float64,64,1,contiguous,real_partial_overlap,overlap_rfft_float64_64_1_contiguous_real_partial_overlap,0.00413008499891,0.00411735597299,6.35150354356e-06,7,2000,ok,
final,overlap,rfft,float64,4096,1,contiguous,real_partial_overlap,overlap_rfft_float64_4096_1_contiguous_real_partial_overlap,0.0193584922465,0.019302796825,7.07785727169e-06,7,719,ok,
final,out,irfft,complex64,64,1,contiguous,separate,out_irfft_complex64_64_1_contiguous_separate,0.00449902802939,0.0044969994924,2.02853698283e-06,7,2000,ok,
final,out,irfft,complex64,64,1,contiguous,noncontiguous,out_irfft_complex64_64_1_contiguous_noncontiguous,0.0044964235276,0.00448536250042,1.0559509974e-05,7,2000,ok,
final,out,irfft,complex64,64,1,contiguous,negative,out_irfft_complex64_64_1_contiguous_negative,0.00453586148797,0.00452336849412,8.77148704603e-06,7,2000,ok,
final,out,irfft,complex64,64,8,contiguous,separate,out_irfft_complex64_64_8_contiguous_separate,0.00547078100499,0.00542107352521,7.26350117475e-06,7,2000,ok,
final,out,irfft,complex64,64,8,contiguous,noncontiguous,out_irfft_complex64_64_8_contiguous_noncontiguous,0.00546663801651,0.00543852598639,1.66159588844e-05,7,2000,ok,
final,out,irfft,complex64,64,8,contiguous,negative,out_irfft_complex64_64_8_contiguous_negative,0.00545052299276,0.005447161966,3.36102675647e-06,7,2000,ok,
final,out,irfft,complex64,4096,1,contiguous,separate,out_irfft_complex64_4096_1_contiguous_separate,0.0247720244583,0.0244888430705,5.79616243433e-05,7,573,ok,
final,out,irfft,complex64,4096,1,contiguous,noncontiguous,out_irfft_complex64_4096_1_contiguous_noncontiguous,0.0247163162007,0.024647716572,4.96631363388e-05,7,582,ok,
final,out,irfft,complex64,4096,1,contiguous,negative,out_irfft_complex64_4096_1_contiguous_negative,0.0247242822426,0.0245590860957,6.55265980225e-05,7,581,ok,
final,out,irfft,complex64,4096,8,contiguous,separate,out_irfft_complex64_4096_8_contiguous_separate,0.0556439050706,0.0555550347781,7.0434762165e-05,7,200,ok,
final,out,irfft,complex64,4096,8,contiguous,noncontiguous,out_irfft_complex64_4096_8_contiguous_noncontiguous,0.056882915087,0.0567751150811,6.05103559792e-05,7,200,ok,
final,out,irfft,complex64,4096,8,contiguous,negative,out_irfft_complex64_4096_8_contiguous_negative,0.0558360648574,0.0556883850368,4.80900052935e-05,7,200,ok,
final,overlap,irfft,complex64,64,1,contiguous,real_partial_overlap,overlap_irfft_complex64_64_1_contiguous_real_partial_overlap,0.00512741751579,0.00509288631871,8.11364432381e-06,7,1988,ok,
final,overlap,irfft,complex64,4096,1,contiguous,real_partial_overlap,overlap_irfft_complex64_4096_1_contiguous_real_partial_overlap,0.0253922339628,0.0253425246203,4.58080457758e-05,7,547,ok,
final,out,irfft,complex128,64,1,contiguous,separate,out_irfft_complex128_64_1_contiguous_separate,0.00461013545282,0.00458849949064,1.04494392872e-05,7,2000,ok,
final,out,irfft,complex128,64,1,contiguous,noncontiguous,out_irfft_complex128_64_1_contiguous_noncontiguous,0.00462288403651,0.0046172234579,4.81901224703e-06,7,2000,ok,
final,out,irfft,complex128,64,1,contiguous,negative,out_irfft_complex128_64_1_contiguous_negative,0.00462659099139,0.00459089904325,7.50453909859e-06,7,2000,ok,
final,out,irfft,complex128,64,8,contiguous,separate,out_irfft_complex128_64_8_contiguous_separate,0.00548123050248,0.00547534949146,5.88101102039e-06,7,2000,ok,
final,out,irfft,complex128,64,8,contiguous,noncontiguous,out_irfft_complex128_64_8_contiguous_noncontiguous,0.0054613340223,0.00543850097073,1.09470709248e-05,7,1964,ok,
final,out,irfft,complex128,64,8,contiguous,negative,out_irfft_complex128_64_8_contiguous_negative,0.00545628397958,0.00544061447727,1.5183002688e-05,7,2000,ok,
final,out,irfft,complex128,4096,1,contiguous,separate,out_irfft_complex128_4096_1_contiguous_separate,0.0216983704377,0.0216383672523,2.54529368249e-05,7,640,ok,
final,out,irfft,complex128,4096,1,contiguous,noncontiguous,out_irfft_complex128_4096_1_contiguous_noncontiguous,0.0221932792378,0.0221177113715,1.11088494562e-05,7,634,ok,
final,out,irfft,complex128,4096,1,contiguous,negative,out_irfft_complex128_4096_1_contiguous_negative,0.0218052484146,0.0217671687403,2.35954207623e-05,7,628,ok,
final,out,irfft,complex128,4096,8,contiguous,separate,out_irfft_complex128_4096_8_contiguous_separate,0.0751837546704,0.0750197999878,0.000113609712571,7,200,ok,
final,out,irfft,complex128,4096,8,contiguous,noncontiguous,out_irfft_complex128_4096_8_contiguous_noncontiguous,0.0754990952555,0.0753618398448,1.86846591532e-05,7,200,ok,
final,out,irfft,complex128,4096,8,contiguous,negative,out_irfft_complex128_4096_8_contiguous_negative,0.0750390847679,0.07492892968,7.40849645808e-05,7,200,ok,
final,overlap,irfft,complex128,64,1,contiguous,real_partial_overlap,overlap_irfft_complex128_64_1_contiguous_real_partial_overlap,0.00522049400024,0.00519717548741,9.44751081988e-06,7,2000,ok,
final,overlap,irfft,complex128,4096,1,contiguous,real_partial_overlap,overlap_irfft_complex128_4096_1_contiguous_real_partial_overlap,0.0229222496032,0.0228782330663,3.66132921916e-05,7,605,ok,
