candidate,operation,dtype,n,batch,case_id,median_ms,best_ms,mad_ms,samples,loops,status,notes
current_final,fft,complex64,64,1,fft_complex64_n64_b1,0.00378532415449,0.00370857241596,1.08759207972e-05,9,725,ok,
current_final,fft,complex64,64,2,fft_complex64_n64_b2,0.00445341486657,0.00439061611695,1.11226009741e-05,9,1615,ok,
current_final,fft,complex64,64,4,fft_complex64_n64_b4,0.00484866695315,0.00479464676568,4.98325094214e-06,9,1138,ok,
current_final,fft,complex64,64,8,fft_complex64_n64_b8,0.00572657497833,0.00568874401506,2.24269460887e-05,9,2000,ok,
current_final,fft,complex64,64,16,fft_complex64_n64_b16,0.00716006146661,0.00713900112727,2.10603393375e-05,9,1773,ok,
current_final,fft,complex64,64,32,fft_complex64_n64_b32,0.0101023449612,0.00984536640289,4.2820665701e-05,9,1310,ok,
current_final,fft,complex64,64,64,fft_complex64_n64_b64,0.0154532964691,0.0153500760286,5.21318295751e-05,9,644,ok,
current_final,fft,complex64,64,256,fft_complex64_n64_b256,0.0501293101115,0.0498175248504,0.000243710237555,7,200,ok,
current_final,fft,complex64,256,1,fft_complex64_n256_b1,0.00464013358385,0.0045980464984,6.89207688283e-06,9,1205,ok,
current_final,fft,complex64,256,2,fft_complex64_n256_b2,0.005992623736,0.00593479685514,8.43738420068e-06,9,1964,ok,
current_final,fft,complex64,256,4,fft_complex64_n256_b4,0.00766323473435,0.00762265525506,1.99868646518e-05,9,1372,ok,
current_final,fft,complex64,256,8,fft_complex64_n256_b8,0.010920474302,0.0108687773832,6.94290123928e-06,9,1244,ok,
current_final,fft,complex64,256,16,fft_complex64_n256_b16,0.0175471942916,0.0175016263378,4.55679537931e-05,9,808,ok,
current_final,fft,complex64,256,32,fft_complex64_n256_b32,0.0304032000713,0.0300825951854,0.000121924676932,9,200,ok,
current_final,fft,complex64,256,64,fft_complex64_n256_b64,0.0562902697129,0.055886709597,0.000200225622393,9,200,ok,
current_final,fft,complex64,256,256,fft_complex64_n256_b256,0.209619132495,0.208472812569,0.00077639680847,7,91,ok,
current_final,fft,complex64,1024,1,fft_complex64_n1024_b1,0.00954070567973,0.00949420879031,3.09445019897e-05,9,1298,ok,
current_final,fft,complex64,1024,2,fft_complex64_n1024_b2,0.0170161044108,0.0169024565521,7.37862274894e-05,9,795,ok,
current_final,fft,complex64,1024,4,fft_complex64_n1024_b4,0.022705876575,0.0225675491406,9.36295737201e-05,9,559,ok,
current_final,fft,complex64,1024,8,fft_complex64_n1024_b8,0.03760886495,0.0371911353432,4.53350367025e-05,9,200,ok,
current_final,fft,complex64,1024,16,fft_complex64_n1024_b16,0.0670842750696,0.0668756297091,8.78149876371e-05,9,200,ok,
current_final,fft,complex64,1024,32,fft_complex64_n1024_b32,0.124173305812,0.123432599503,0.00045905544539,9,160,ok,
current_final,fft,complex64,1024,64,fft_complex64_n1024_b64,0.238241666617,0.237277476117,0.000964190500478,9,84,ok,
current_final,fft,complex64,1024,256,fft_complex64_n1024_b256,0.929622266752,0.92285326682,0.00160633353516,7,30,ok,
current_final,fft,complex64,2048,1,fft_complex64_n2048_b1,0.0155711576671,0.0154532777036,4.76071556263e-05,9,850,ok,
current_final,fft,complex64,2048,2,fft_complex64_n2048_b2,0.0301113717346,0.0299471517543,7.4692368985e-05,9,468,ok,
current_final,fft,complex64,2048,4,fft_complex64_n2048_b4,0.0437453849008,0.0436417851597,4.08798223361e-05,9,200,ok,
current_final,fft,complex64,2048,8,fft_complex64_n2048_b8,0.0754707102897,0.074929195107,0.000159299816005,9,200,ok,
current_final,fft,complex64,2048,16,fft_complex64_n2048_b16,0.139339945809,0.13861515757,0.000151718666854,9,146,ok,
current_final,fft,complex64,2048,32,fft_complex64_n2048_b32,0.265765427188,0.261803181818,0.00180820662335,9,77,ok,
current_final,fft,complex64,2048,64,fft_complex64_n2048_b64,0.51297286603,0.50927856549,0.00208226653437,9,30,ok,
current_final,fft,complex64,2048,256,fft_complex64_n2048_b256,2.01083366604,2.00510286571,0.00194633224358,7,15,ok,
current_final,fft,complex64,3072,1,fft_complex64_n3072_b1,0.0228789713005,0.0224703435256,8.70674895593e-05,9,594,ok,
current_final,fft,complex64,3072,2,fft_complex64_n3072_b2,0.0452242599567,0.0449882645626,4.45399200544e-05,9,200,ok,
current_final,fft,complex64,3072,4,fft_complex64_n3072_b4,0.065176745411,0.0650005100761,0.000158700859174,9,200,ok,
current_final,fft,complex64,3072,8,fft_complex64_n3072_b8,0.114706506038,0.114492451624,0.000175383941429,9,164,ok,
current_final,fft,complex64,3072,16,fft_complex64_n3072_b16,0.212213191689,0.211809552522,0.000403639166913,9,94,ok,
current_final,fft,complex64,3072,32,fft_complex64_n3072_b32,0.405860866886,0.405197966999,0.000615833171954,9,30,ok,
current_final,fft,complex64,3072,64,fft_complex64_n3072_b64,0.797948198548,0.792221802597,0.00141800070802,9,30,ok,
current_final,fft,complex64,3072,256,fft_complex64_n3072_b256,3.11646977853,3.10868288701,0.00778689152665,7,9,ok,
current_final,fft,complex64,3584,1,fft_complex64_n3584_b1,0.02515852007,0.0250134461715,5.96554315393e-05,9,502,ok,
current_final,fft,complex64,3584,2,fft_complex64_n3584_b2,0.0511339452351,0.05076320027,0.000200630165637,9,200,ok,
current_final,fft,complex64,3584,4,fft_complex64_n3584_b4,0.07327223022,0.0728711800184,0.000155744492076,9,200,ok,
current_final,fft,complex64,3584,8,fft_complex64_n3584_b8,0.130070237087,0.129134276281,0.00024651327342,9,152,ok,
current_final,fft,complex64,3584,16,fft_complex64_n3584_b16,0.243143462285,0.240145961288,0.000586612441111,9,80,ok,
current_final,fft,complex64,3584,32,fft_complex64_n3584_b32,0.467126133541,0.46461543534,0.000608801686515,9,30,ok,
current_final,fft,complex64,3584,64,fft_complex64_n3584_b64,0.91019650378,0.903616465318,0.00370496418327,9,30,ok,
current_final,fft,complex64,3584,256,fft_complex64_n3584_b256,3.6264481314,3.61756024358,0.00888788781594,7,8,ok,
current_final,fft,complex64,4095,1,fft_complex64_n4095_b1,0.0477613632452,0.0473173081632,0.000109726225013,9,292,ok,
current_final,fft,complex64,4095,2,fft_complex64_n4095_b2,0.0875962601276,0.0870351545746,0.000264045083895,9,200,ok,
current_final,fft,complex64,4095,4,fft_complex64_n4095_b4,0.0958456422584,0.0951483784186,0.000464238969542,9,193,ok,
current_final,fft,complex64,4095,8,fft_complex64_n4095_b8,0.181066856074,0.180254792081,0.0002302516772,9,111,ok,
current_final,fft,complex64,4095,16,fft_complex64_n4095_b16,0.348658595038,0.345621823758,0.00141212398088,9,57,ok,
current_final,fft,complex64,4095,32,fft_complex64_n4095_b32,0.704498200988,0.689775900294,0.00733979977667,9,30,ok,
current_final,fft,complex64,4095,64,fft_complex64_n4095_b64,1.36189246961,1.35572376551,0.000840409056229,9,17,ok,
current_final,fft,complex64,4095,256,fft_complex64_n4095_b256,5.47013580799,5.42543779593,0.0106659950688,7,5,ok,
current_final,fft,complex64,4096,1,fft_complex64_n4096_b1,0.0281114273411,0.0279398970473,0.000106371309967,9,447,ok,
current_final,fft,complex64,4096,2,fft_complex64_n4096_b2,0.0577918399358,0.0573436997365,0.000244159600697,9,200,ok,
current_final,fft,complex64,4096,4,fft_complex64_n4096_b4,0.0828145397827,0.0821661250666,0.000120425247587,9,200,ok,
current_final,fft,complex64,4096,8,fft_complex64_n4096_b8,0.148848023465,0.147466935838,0.000503403873789,9,126,ok,
current_final,fft,complex64,4096,16,fft_complex64_n4096_b16,0.278027222117,0.275572624459,0.00041966591703,9,72,ok,
current_final,fft,complex64,4096,32,fft_complex64_n4096_b32,0.538772899502,0.536294933408,0.000353367067873,9,30,ok,
current_final,fft,complex64,4096,64,fft_complex64_n4096_b64,1.05689947959,1.05084975716,0.00217807944864,9,25,ok,
current_final,fft,complex64,4096,256,fft_complex64_n4096_b256,4.62461585578,4.60294100256,0.0216748532174,7,7,ok,
current_final,fft,complex64,4097,1,fft_complex64_n4097_b1,0.142773237428,0.141911389029,0.000861848398816,7,131,ok,
current_final,fft,complex64,4097,2,fft_complex64_n4097_b2,0.275663029322,0.27376904483,0.000662840160447,7,69,ok,
current_final,fft,complex64,4097,4,fft_complex64_n4097_b4,0.218000763687,0.216813805583,0.000343118513864,7,93,ok,
current_final,fft,complex64,4097,8,fft_complex64_n4097_b8,0.417372044783,0.410651608431,0.00238862728862,7,46,ok,
current_final,fft,complex64,4097,16,fft_complex64_n4097_b16,0.815924598525,0.810322766968,0.00240483786911,7,30,ok,
current_final,fft,complex64,4097,32,fft_complex64_n4097_b32,1.62529349715,1.61810388737,0.00596566436191,7,18,ok,
current_final,fft,complex64,4097,64,fft_complex64_n4097_b64,3.19279177994,3.15753899566,0.00218177835147,7,9,ok,
current_final,fft,complex64,4097,256,fft_complex64_n4097_b256,12.6788030223,12.6376893216,0.028306307892,7,3,ok,
current_final,fft,complex64,4608,1,fft_complex64_n4608_b1,0.0327032100176,0.0326236651745,3.71201895177e-05,7,200,ok,
current_final,fft,complex64,4608,2,fft_complex64_n4608_b2,0.0673608900979,0.066789619741,9.13703115657e-05,7,200,ok,
current_final,fft,complex64,4608,4,fft_complex64_n4608_b4,0.0980323948897,0.0978282099823,0.000101039768197,7,200,ok,
current_final,fft,complex64,4608,8,fft_complex64_n4608_b8,0.175177794258,0.17426188424,0.000222392762745,7,112,ok,
current_final,fft,complex64,4608,16,fft_complex64_n4608_b16,0.332572334446,0.331030436791,0.00111776559303,7,30,ok,
current_final,fft,complex64,4608,32,fft_complex64_n4608_b32,0.640547201814,0.638800599457,0.00024646675835,7,30,ok,
current_final,fft,complex64,4608,64,fft_complex64_n4608_b64,1.25256982511,1.24284852316,0.0041796086842,7,23,ok,
current_final,fft,complex64,4608,256,fft_complex64_n4608_b256,5.02885179594,4.97505280655,0.053309998475,7,5,ok,
current_final,fft,complex64,8192,1,fft_complex64_n8192_b1,0.0544089399045,0.0539834902156,0.000179035123438,7,200,ok,
current_final,fft,complex64,8192,2,fft_complex64_n8192_b2,0.105805516053,0.105685666479,7.92368996127e-05,7,186,ok,
current_final,fft,complex64,8192,4,fft_complex64_n8192_b4,0.180657870024,0.180312861361,8.42221736632e-05,7,108,ok,
current_final,fft,complex64,8192,8,fft_complex64_n8192_b8,0.329498603041,0.328405156073,0.000966311400307,7,58,ok,
current_final,fft,complex64,8192,16,fft_complex64_n8192_b16,0.634037668351,0.624864098306,0.00183276521663,7,30,ok,
current_final,fft,complex64,8192,32,fft_complex64_n8192_b32,1.24011904447,1.23550865354,0.00343295624075,7,23,ok,
current_final,fft,complex64,8192,64,fft_complex64_n8192_b64,2.44074458412,2.43738415884,0.0033604252773,7,12,ok,
current_final,fft,complex64,8192,256,fft_complex64_n8192_b256,10.2072990267,10.1415756702,0.0343143474311,7,3,ok,
current_final,fft,complex64,16384,1,fft_complex64_n16384_b1,0.106450988982,0.106086717848,0.0003642711343,7,184,ok,
current_final,fft,complex64,16384,2,fft_complex64_n16384_b2,0.190234440379,0.189463599818,8.80612060428e-05,7,100,ok,
current_final,fft,complex64,16384,4,fft_complex64_n16384_b4,0.348003500091,0.346812338518,0.000596643076278,7,56,ok,
current_final,fft,complex64,16384,8,fft_complex64_n16384_b8,0.666488567367,0.663343634612,0.00232773600146,7,30,ok,
current_final,fft,complex64,16384,16,fft_complex64_n16384_b16,1.29784186526,1.29714452972,0.000595798095067,7,15,ok,
current_final,fft,complex64,16384,32,fft_complex64_n16384_b32,2.6004064553,2.5609024504,0.0309753549201,7,11,ok,
current_final,fft,complex64,16384,64,fft_complex64_n16384_b64,7.75767599698,7.6745639788,0.00955781433731,7,5,ok,
current_final,fft,complex64,16384,256,fft_complex64_n16384_b256,23.3715529321,23.2232949929,0.148257939145,7,1,ok,
current_final,fft,complex64,32768,1,fft_complex64_n32768_b1,0.214254220969,0.213928964682,0.000123140337162,7,86,ok,
current_final,fft,complex64,32768,2,fft_complex64_n32768_b2,0.38970905977,0.388162628309,0.000602312331252,7,51,ok,
current_final,fft,complex64,32768,4,fft_complex64_n32768_b4,0.727186433505,0.720951399611,0.00278390167902,7,30,ok,
current_final,fft,complex64,32768,8,fft_complex64_n32768_b8,1.39296164853,1.38677405193,0.00387830077671,7,20,ok,
current_final,fft,complex64,32768,16,fft_complex64_n32768_b16,2.77834209846,2.76162079535,0.0143919955008,7,10,ok,
current_final,fft,complex64,32768,32,fft_complex64_n32768_b32,5.67635879852,5.64092439599,0.0350575894117,7,5,ok,
current_final,fft,complex64,32768,64,fft_complex64_n32768_b64,11.4468683411,11.4227263257,0.0241420154149,7,3,ok,
current_final,fft,complex64,32768,256,fft_complex64_n32768_b256,47.6315519772,47.3242159933,0.174809014425,7,1,ok,
current_final,fft,complex64,65536,1,fft_complex64_n65536_b1,0.455308486274,0.452035629234,0.0010272812878,7,43,ok,
current_final,fft,complex64,65536,2,fft_complex64_n65536_b2,0.85551723217,0.850476797981,0.00156726843367,7,30,ok,
current_final,fft,complex64,65536,4,fft_complex64_n65536_b4,1.63516867259,1.62623688811,0.00787365974651,7,18,ok,
current_final,fft,complex64,65536,8,fft_complex64_n65536_b8,3.18948345052,3.16411700462,0.0136501233404,7,9,ok,
current_final,fft,complex64,65536,16,fft_complex64_n65536_b16,6.34218749474,6.32704925374,0.0118244788609,7,4,ok,
current_final,fft,complex64,65536,32,fft_complex64_n65536_b32,13.0172913584,12.9888916466,0.0203013575325,7,3,ok,
current_final,fft,complex64,65536,64,fft_complex64_n65536_b64,27.4106919533,27.3834710242,0.0135950976983,7,1,ok,
current_final,fft,complex64,65536,256,fft_complex64_n65536_b256,109.605476027,106.906402973,0.54027303122,7,1,ok,
current_final,fft,complex128,64,1,fft_complex128_n64_b1,0.00364960299339,0.00357386551332,2.39895307459e-05,9,2000,ok,
current_final,fft,complex128,64,2,fft_complex128_n64_b2,0.00418296852149,0.00416216946905,8.30594217405e-06,9,2000,ok,
current_final,fft,complex128,64,4,fft_complex128_n64_b4,0.00448034645524,0.00443799700588,6.97793439031e-06,9,2000,ok,
current_final,fft,complex128,64,8,fft_complex128_n64_b8,0.00509207946016,0.00501436350169,2.13204766624e-05,9,2000,ok,
current_final,fft,complex128,64,16,fft_complex128_n64_b16,0.00633520202246,0.00630695896689,1.05199869722e-05,9,2000,ok,
current_final,fft,complex128,64,32,fft_complex128_n64_b32,0.00866767046117,0.0085907723531,2.17480420731e-05,9,1599,ok,
current_final,fft,complex128,64,64,fft_complex128_n64_b64,0.0133157430782,0.0132730369725,2.13763910518e-05,9,1055,ok,
current_final,fft,complex128,64,256,fft_complex128_n64_b256,0.044400760089,0.0443415500922,5.92099968344e-05,7,200,ok,
current_final,fft,complex128,256,1,fft_complex128_n256_b1,0.0046655240003,0.00460982497316,4.04454767704e-05,9,2000,ok,
current_final,fft,complex128,256,2,fft_complex128_n256_b2,0.00595973746385,0.00595213798806,7.59947579354e-06,9,2000,ok,
current_final,fft,complex128,256,4,fft_complex128_n256_b4,0.00760005734189,0.00755289566592,1.31723639501e-05,9,1763,ok,
current_final,fft,complex128,256,8,fft_complex128_n256_b8,0.0107944715995,0.0106824841977,6.80231164486e-05,9,1041,ok,
current_final,fft,complex128,256,16,fft_complex128_n256_b16,0.016750244096,0.0167339218127,1.33898310028e-05,9,844,ok,
current_final,fft,complex128,256,32,fft_complex128_n256_b32,0.0289788749069,0.0286290654913,0.000141110504046,9,200,ok,
current_final,fft,complex128,256,64,fft_complex128_n256_b64,0.0542004499584,0.0537929800339,9.8385498859e-05,9,200,ok,
current_final,fft,complex128,256,256,fft_complex128_n256_b256,0.19932490075,0.197387060616,0.00044482992962,7,100,ok,
current_final,fft,complex128,1024,1,fft_complex128_n1024_b1,0.00895975647614,0.00886832537559,2.985513789e-05,9,842,ok,
current_final,fft,complex128,1024,2,fft_complex128_n1024_b2,0.015778538432,0.0157069115997,2.74798968629e-05,9,871,ok,
current_final,fft,complex128,1024,4,fft_complex128_n1024_b4,0.0233826677221,0.0231981369233,0.00011998210527,9,614,ok,
current_final,fft,complex128,1024,8,fft_complex128_n1024_b8,0.0388999900315,0.0386615900788,0.000130095286295,9,200,ok,
current_final,fft,complex128,1024,16,fft_complex128_n1024_b16,0.069611009676,0.069387194817,0.000118525349535,9,200,ok,
current_final,fft,complex128,1024,32,fft_complex128_n1024_b32,0.129523032321,0.129034853196,0.000245362715974,9,157,ok,
current_final,fft,complex128,1024,64,fft_complex128_n1024_b64,0.249266037897,0.24880800032,0.000221448807189,9,78,ok,
current_final,fft,complex128,1024,256,fft_complex128_n1024_b256,0.975029799156,0.965440133587,0.00291346417119,7,30,ok,
current_final,fft,complex128,2048,1,fft_complex128_n2048_b1,0.0158270479969,0.0157769314666,3.52020796439e-05,9,876,ok,
current_final,fft,complex128,2048,2,fft_complex128_n2048_b2,0.0296549756325,0.0292930422784,7.7620092215e-05,9,495,ok,
current_final,fft,complex128,2048,4,fft_complex128_n2048_b4,0.0474730250426,0.0472693948541,6.33700983599e-05,9,200,ok,
current_final,fft,complex128,2048,8,fft_complex128_n2048_b8,0.0828101305524,0.0822038401384,0.000169164850377,9,200,ok,
current_final,fft,complex128,2048,16,fft_complex128_n2048_b16,0.152340319939,0.151912160218,0.000313623808324,9,125,ok,
current_final,fft,complex128,2048,32,fft_complex128_n2048_b32,0.294164146694,0.292294470402,0.000657999942846,9,68,ok,
current_final,fft,complex128,2048,64,fft_complex128_n2048_b64,0.575188233051,0.573015166447,0.00107436596105,9,30,ok,
current_final,fft,complex128,2048,256,fft_complex128_n2048_b256,2.30055815504,2.28342907324,0.00376246260622,7,13,ok,
current_final,fft,complex128,3072,1,fft_complex128_n3072_b1,0.0215345272334,0.0214899798151,1.7217699363e-05,9,643,ok,
current_final,fft,complex128,3072,2,fft_complex128_n3072_b2,0.0427586800652,0.0426106050145,0.000125634833239,9,200,ok,
current_final,fft,complex128,3072,4,fft_complex128_n3072_b4,0.0707801553654,0.07068673498,5.2695395425e-05,9,200,ok,
current_final,fft,complex128,3072,8,fft_complex128_n3072_b8,0.127309379964,0.126925753164,0.000311531822044,9,158,ok,
current_final,fft,complex128,3072,16,fft_complex128_n3072_b16,0.244315518683,0.241630975752,0.000511555573398,9,83,ok,
current_final,fft,complex128,3072,32,fft_complex128_n3072_b32,0.464531267062,0.462809732805,0.000989169348031,9,30,ok,
current_final,fft,complex128,3072,64,fft_complex128_n3072_b64,0.910391200644,0.904769000287,0.00196970067918,9,30,ok,
current_final,fft,complex128,3072,256,fft_complex128_n3072_b256,3.82485242361,3.77883028705,0.0392150000802,7,7,ok,
current_final,fft,complex128,3584,1,fft_complex128_n3584_b1,0.0241949678647,0.0241267728521,4.81951102108e-05,9,559,ok,
current_final,fft,complex128,3584,2,fft_complex128_n3584_b2,0.0477906200103,0.0475280248793,9.77353192866e-05,9,200,ok,
current_final,fft,complex128,3584,4,fft_complex128_n3584_b4,0.080919280299,0.080533704604,0.00015438941773,9,200,ok,
current_final,fft,complex128,3584,8,fft_complex128_n3584_b8,0.142158735876,0.141814300358,0.000344435518075,9,140,ok,
current_final,fft,complex128,3584,16,fft_complex128_n3584_b16,0.267514583862,0.265733610528,0.000276762875728,9,72,ok,
current_final,fft,complex128,3584,32,fft_complex128_n3584_b32,0.522627600003,0.512860300175,0.00166679965332,9,30,ok,
current_final,fft,complex128,3584,64,fft_complex128_n3584_b64,1.02172848158,1.0122862797,0.00330483027059,9,29,ok,
current_final,fft,complex128,3584,256,fft_complex128_n3584_b256,4.65955857986,4.58266872114,0.0379641507087,7,7,ok,
current_final,fft,complex128,4095,1,fft_complex128_n4095_b1,0.0405131521967,0.039324663751,0.000243847890163,9,342,ok,
current_final,fft,complex128,4095,2,fft_complex128_n4095_b2,0.0694870302686,0.0689180154586,0.000268604489975,9,200,ok,
current_final,fft,complex128,4095,4,fft_complex128_n4095_b4,0.128622102635,0.127109077323,0.000540685738461,9,156,ok,
current_final,fft,complex128,4095,8,fft_complex128_n4095_b8,0.241634864245,0.23944174043,0.00104020970563,9,81,ok,
current_final,fft,complex128,4095,16,fft_complex128_n4095_b16,0.468558238243,0.467715929041,0.00048450116689,9,42,ok,
current_final,fft,complex128,4095,32,fft_complex128_n4095_b32,0.932957530798,0.928126799408,0.00421726920952,9,30,ok,
current_final,fft,complex128,4095,64,fft_complex128_n4095_b64,1.80516774708,1.78281825356,0.0113212518045,9,16,ok,
current_final,fft,complex128,4095,256,fft_complex128_n4095_b256,7.58106226567,7.52924999688,0.0518122687936,7,4,ok,
current_final,fft,complex128,4096,1,fft_complex128_n4096_b1,0.030655872204,0.0305486855111,6.45680789414e-05,9,461,ok,
current_final,fft,complex128,4096,2,fft_complex128_n4096_b2,0.053907649708,0.0534645147854,0.0001966196578,9,200,ok,
current_final,fft,complex128,4096,4,fft_complex128_n4096_b4,0.0905770546524,0.0903006352019,0.000175384921022,9,200,ok,
current_final,fft,complex128,4096,8,fft_complex128_n4096_b8,0.16499212256,0.162914204488,0.00155627819114,9,122,ok,
current_final,fft,complex128,4096,16,fft_complex128_n4096_b16,0.312938763287,0.312319032789,0.000410447163241,9,63,ok,
current_final,fft,complex128,4096,32,fft_complex128_n4096_b32,0.718462769873,0.71686776743,0.000781135167927,9,30,ok,
current_final,fft,complex128,4096,64,fft_complex128_n4096_b64,1.21679353955,1.20875508583,0.0029067111124,9,24,ok,
current_final,fft,complex128,4096,256,fft_complex128_n4096_b256,5.34599279054,5.26670599356,0.0284913927317,7,5,ok,
current_final,fft,complex128,4097,1,fft_complex128_n4097_b1,0.11427987889,0.114158502865,3.2121456708e-05,7,165,ok,
current_final,fft,complex128,4097,2,fft_complex128_n4097_b2,0.187338180175,0.186558237432,0.000779942742416,7,105,ok,
current_final,fft,complex128,4097,4,fft_complex128_n4097_b4,0.35374829207,0.351566745138,0.00172450884499,7,55,ok,
current_final,fft,complex128,4097,8,fft_complex128_n4097_b8,0.691639533865,0.690822643394,0.000682355935818,7,28,ok,
current_final,fft,complex128,4097,16,fft_complex128_n4097_b16,1.35601386534,1.34937231831,0.00321649713442,7,22,ok,
current_final,fft,complex128,4097,32,fft_complex128_n4097_b32,2.69318530336,2.68174780067,0.00402359291911,7,10,ok,
current_final,fft,complex128,4097,64,fft_complex128_n4097_b64,5.39749560412,5.35557898693,0.0154949957505,7,5,ok,
current_final,fft,complex128,4097,256,fft_complex128_n4097_b256,21.9943190459,21.6012919554,0.153609085828,7,1,ok,
current_final,fft,complex128,4608,1,fft_complex128_n4608_b1,0.030353955226,0.0297888403293,0.000565114896744,7,200,ok,
current_final,fft,complex128,4608,2,fft_complex128_n4608_b2,0.0671356148086,0.0647047098028,0.000650120200589,7,200,ok,
current_final,fft,complex128,4608,4,fft_complex128_n4608_b4,0.111361943175,0.111218797053,0.000107718373801,7,177,ok,
current_final,fft,complex128,4608,8,fft_complex128_n4608_b8,0.201979907448,0.201168581748,0.000363743236783,7,98,ok,
current_final,fft,complex128,4608,16,fft_complex128_n4608_b16,0.385027797893,0.381653433821,0.000675934522102,7,30,ok,
current_final,fft,complex128,4608,32,fft_complex128_n4608_b32,0.75352153508,0.749562769973,0.000798500453432,7,30,ok,
current_final,fft,complex128,4608,64,fft_complex128_n4608_b64,1.48613374117,1.47995320884,0.00375757410534,7,19,ok,
current_final,fft,complex128,4608,256,fft_complex128_n4608_b256,6.50825561024,6.48304440547,0.00996061135083,7,5,ok,
current_final,fft,complex128,8192,1,fft_complex128_n8192_b1,0.0604762200965,0.0603034999222,9.62853664532e-05,7,200,ok,
current_final,fft,complex128,8192,2,fft_complex128_n8192_b2,0.116484041514,0.116251696627,0.000187017749773,7,168,ok,
current_final,fft,complex128,8192,4,fft_complex128_n8192_b4,0.204871010189,0.204143041178,0.000675916959791,7,97,ok,
current_final,fft,complex128,8192,8,fft_complex128_n8192_b8,0.382430461916,0.379488384799,0.00201242241579,7,52,ok,
current_final,fft,complex128,8192,16,fft_complex128_n8192_b16,1.0105678346,1.00272280009,0.00394773669541,7,30,ok,
current_final,fft,complex128,8192,32,fft_complex128_n8192_b32,1.46362725063,1.44695900381,0.0115667004138,7,20,ok,
current_final,fft,complex128,8192,64,fft_complex128_n8192_b64,2.99828076095,2.91613549052,0.0249506119872,7,8,ok,
current_final,fft,complex128,8192,256,fft_complex128_n8192_b256,14.1032860071,13.93912135,0.021140013511,7,3,ok,
current_final,fft,complex128,16384,1,fft_complex128_n16384_b1,0.180349161937,0.179522085403,0.000463733227835,7,105,ok,
current_final,fft,complex128,16384,2,fft_complex128_n16384_b2,0.360372546129,0.359394344163,0.000696400688453,7,55,ok,
current_final,fft,complex128,16384,4,fft_complex128_n16384_b4,0.704098889535,0.698228258881,0.00317855220702,7,27,ok,
current_final,fft,complex128,16384,8,fft_complex128_n16384_b8,1.39765438092,1.38893181325,0.00691866790432,7,21,ok,
current_final,fft,complex128,16384,16,fft_complex128_n16384_b16,2.77567110024,2.76232099859,0.00634089810774,7,10,ok,
current_final,fft,complex128,16384,32,fft_complex128_n16384_b32,5.71609719191,5.6963883806,0.00684480182827,7,5,ok,
current_final,fft,complex128,16384,64,fft_complex128_n16384_b64,11.6545929923,11.473553488,0.0618464546278,7,2,ok,
current_final,fft,complex128,16384,256,fft_complex128_n16384_b256,49.531518016,49.0032669622,0.138419913128,7,1,ok,
current_final,fft,complex128,32768,1,fft_complex128_n32768_b1,0.42702413371,0.424999223712,0.00155937806186,7,45,ok,
current_final,fft,complex128,32768,2,fft_complex128_n32768_b2,0.8513687796,0.844275001841,0.00150065423678,7,23,ok,
current_final,fft,complex128,32768,4,fft_complex128_n32768_b4,1.72415982439,1.71630152309,0.00702552771305,7,17,ok,
current_final,fft,complex128,32768,8,fft_complex128_n32768_b8,3.33974149544,3.31349601038,0.0202730007004,7,8,ok,
current_final,fft,complex128,32768,16,fft_complex128_n32768_b16,6.76439976087,6.69067623676,0.0737235241104,7,4,ok,
current_final,fft,complex128,32768,32,fft_complex128_n32768_b32,14.2184784636,14.1650279984,0.0362329883501,7,2,ok,
current_final,fft,complex128,32768,64,fft_complex128_n32768_b64,29.5004720101,29.471068061,0.0264589907601,7,1,ok,
current_final,fft,complex128,32768,256,fft_complex128_n32768_b256,117.205296061,116.857514018,0.250820070505,7,1,ok,
current_final,fft,complex128,65536,1,fft_complex128_n65536_b1,1.04241971193,1.03225828415,0.00679466895582,7,21,ok,
current_final,fft,complex128,65536,2,fft_complex128_n65536_b2,1.86131868395,1.85507887363,0.0014952456695,7,16,ok,
current_final,fft,complex128,65536,4,fft_complex128_n65536_b4,3.72338200188,3.71073114885,0.0126508530229,7,7,ok,
current_final,fft,complex128,65536,8,fft_complex128_n65536_b8,7.61251031266,7.49481267606,0.061178036655,7,3,ok,
current_final,fft,complex128,65536,16,fft_complex128_n65536_b16,15.5928770546,15.2657229919,0.303850043565,7,1,ok,
current_final,fft,complex128,65536,32,fft_complex128_n65536_b32,33.8956799824,33.8404759532,0.0506150536239,7,1,ok,
current_final,fft,complex128,65536,64,fft_complex128_n65536_b64,65.2802069671,65.0381030282,0.242103938945,7,1,ok,
current_final,fft,complex128,65536,256,fft_complex128_n65536_b256,880.035409937,475.679453928,19.632367068,7,1,ok,
current_final,ifft,complex64,64,1,ifft_complex64_n64_b1,0.00425937902399,0.00422203988743,1.74473342131e-05,9,1377,ok,
current_final,ifft,complex64,64,2,ifft_complex64_n64_b2,0.00493922141948,0.00491355616706,7.63096169271e-06,9,1951,ok,
current_final,ifft,complex64,64,4,ifft_complex64_n64_b4,0.00540280749556,0.00536821753485,1.0414456483e-05,9,2000,ok,
current_final,ifft,complex64,64,8,ifft_complex64_n64_b8,0.00626040989434,0.00621977879119,9.64813829363e-06,9,1998,ok,
current_final,ifft,complex64,64,16,ifft_complex64_n64_b16,0.00784270167171,0.00779701186047,1.45252380928e-05,9,1763,ok,
current_final,ifft,complex64,64,32,ifft_complex64_n64_b32,0.0106217530915,0.0105826784534,1.36501540916e-05,9,1272,ok,
current_final,ifft,complex64,64,64,ifft_complex64_n64_b64,0.016544946218,0.016427025793,0.00010281064108,9,856,ok,
current_final,ifft,complex64,64,256,ifft_complex64_n64_b256,0.0526171299862,0.0523344503017,9.44751081988e-05,7,200,ok,
current_final,ifft,complex64,256,1,ifft_complex64_n256_b1,0.00564140995266,0.00560227647657,1.95170287043e-05,9,2000,ok,
current_final,ifft,complex64,256,2,ifft_complex64_n256_b2,0.00697107128873,0.00692862594615,2.06043919518e-05,9,1767,ok,
current_final,ifft,complex64,256,4,ifft_complex64_n256_b4,0.00865923770725,0.00861188959682,2.72356977166e-05,9,1485,ok,
current_final,ifft,complex64,256,8,ifft_complex64_n256_b8,0.011921281555,0.0118161114556,5.03177098501e-05,9,1076,ok,
current_final,ifft,complex64,256,16,ifft_complex64_n256_b16,0.0186663737782,0.0185949041969,5.50430808493e-05,9,741,ok,
current_final,ifft,complex64,256,32,ifft_complex64_n256_b32,0.0318839249667,0.0314712000545,5.61046181247e-05,9,200,ok,
current_final,ifft,complex64,256,64,ifft_complex64_n256_b64,0.0582252501044,0.0580705050379,0.000118769821711,9,200,ok,
current_final,ifft,complex64,256,256,ifft_complex64_n256_b256,0.217585554903,0.215278174121,0.000451838233225,7,92,ok,
current_final,ifft,complex64,1024,1,ifft_complex64_n1024_b1,0.0102645697374,0.0102369290293,2.3008224229e-05,9,1211,ok,
current_final,ifft,complex64,1024,2,ifft_complex64_n1024_b2,0.0176835105764,0.0175976358467,8.58747297136e-05,9,758,ok,
current_final,ifft,complex64,1024,4,ifft_complex64_n1024_b4,0.0240696041497,0.0239402392764,5.55439340832e-05,9,581,ok,
current_final,ifft,complex64,1024,8,ifft_complex64_n1024_b8,0.0390661001438,0.0388290046249,9.86852683127e-05,9,200,ok,
current_final,ifft,complex64,1024,16,ifft_complex64_n1024_b16,0.0697374501033,0.0687641248805,0.000667850254104,9,200,ok,
current_final,ifft,complex64,1024,32,ifft_complex64_n1024_b32,0.12885893399,0.128235185321,0.00021245025271,9,151,ok,
current_final,ifft,complex64,1024,64,ifft_complex64_n1024_b64,0.24883953738,0.247257687442,0.000714599445928,9,80,ok,
current_final,ifft,complex64,1024,256,ifft_complex64_n1024_b256,0.963330866459,0.962963832232,0.000367034226656,7,30,ok,
current_final,ifft,complex64,2048,1,ifft_complex64_n2048_b1,0.0162944957687,0.0162690400909,1.47905595483e-05,9,821,ok,
current_final,ifft,complex64,2048,2,ifft_complex64_n2048_b2,0.0314602731831,0.0313481533279,3.21709861358e-05,9,450,ok,
current_final,ifft,complex64,2048,4,ifft_complex64_n2048_b4,0.0457275001099,0.0455015798798,0.000160000054166,9,200,ok,
current_final,ifft,complex64,2048,8,ifft_complex64_n2048_b8,0.07903670019,0.0786549801705,0.000292899785563,9,200,ok,
current_final,ifft,complex64,2048,16,ifft_complex64_n2048_b16,0.145940627006,0.143363178749,0.00105070909346,9,134,ok,
current_final,ifft,complex64,2048,32,ifft_complex64_n2048_b32,0.278813869058,0.276070231558,0.00152576957708,9,69,ok,
current_final,ifft,complex64,2048,64,ifft_complex64_n2048_b64,0.547845797458,0.543170298139,0.000752737590422,9,30,ok,
current_final,ifft,complex64,2048,256,ifft_complex64_n2048_b256,2.07649720999,2.07325678119,0.002177706587,7,14,ok,
current_final,ifft,complex64,3072,1,ifft_complex64_n3072_b1,0.0233705669834,0.023293733464,5.8752184193e-05,9,589,ok,
current_final,ifft,complex64,3072,2,ifft_complex64_n3072_b2,0.046252530301,0.0461196748074,4.79450682178e-05,9,200,ok,
current_final,ifft,complex64,3072,4,ifft_complex64_n3072_b4,0.0668223295361,0.0665194052272,7.57956877351e-05,9,200,ok,
current_final,ifft,complex64,3072,8,ifft_complex64_n3072_b8,0.118530322855,0.118063788815,0.000187434452754,9,161,ok,
current_final,ifft,complex64,3072,16,ifft_complex64_n3072_b16,0.216799234877,0.215997281118,0.000681954415076,9,89,ok,
current_final,ifft,complex64,3072,32,ifft_complex64_n3072_b32,0.417771465921,0.416949263308,0.000725030743827,9,30,ok,
current_final,ifft,complex64,3072,64,ifft_complex64_n3072_b64,0.818378132923,0.813100467591,0.00167019898072,9,30,ok,
current_final,ifft,complex64,3072,256,ifft_complex64_n3072_b256,3.23148265791,3.20840577802,0.00894700901376,7,9,ok,
current_final,ifft,complex64,3584,1,ifft_complex64_n3584_b1,0.0259375617307,0.0259012456394,1.78918227817e-05,9,509,ok,
current_final,ifft,complex64,3584,2,ifft_complex64_n3584_b2,0.0520570995286,0.0516604050063,0.000204029493034,9,200,ok,
current_final,ifft,complex64,3584,4,ifft_complex64_n3584_b4,0.075846494874,0.0754173350288,0.000103645143099,9,200,ok,
current_final,ifft,complex64,3584,8,ifft_complex64_n3584_b8,0.134066523631,0.132544744952,0.000347489298418,9,145,ok,
current_final,ifft,complex64,3584,16,ifft_complex64_n3584_b16,0.249289680654,0.248519641061,0.00059753895188,9,78,ok,
current_final,ifft,complex64,3584,32,ifft_complex64_n3584_b32,0.479573333481,0.476731266826,0.00224693212658,9,30,ok,
current_final,ifft,complex64,3584,64,ifft_complex64_n3584_b64,0.941720034461,0.936655832144,0.00423096741239,9,30,ok,
current_final,ifft,complex64,3584,256,ifft_complex64_n3584_b256,3.67682387878,3.66612862854,0.00238575739786,7,8,ok,
current_final,ifft,complex64,4095,1,ifft_complex64_n4095_b1,0.0468653118107,0.0465505908012,0.000253869392503,9,298,ok,
current_final,ifft,complex64,4095,2,ifft_complex64_n4095_b2,0.0862279802095,0.0861105049262,7.35896173865e-05,9,200,ok,
current_final,ifft,complex64,4095,4,ifft_complex64_n4095_b4,0.0990718702087,0.0985323049827,0.000100890174508,9,200,ok,
current_final,ifft,complex64,4095,8,ifft_complex64_n4095_b8,0.185276578598,0.184992392478,0.000120036164734,9,107,ok,
current_final,ifft,complex64,4095,16,ifft_complex64_n4095_b16,0.357660535623,0.356220498881,0.000456215015479,9,56,ok,
current_final,ifft,complex64,4095,32,ifft_complex64_n4095_b32,0.70237670249,0.700510169069,0.000874965917319,9,30,ok,
current_final,ifft,complex64,4095,64,ifft_complex64_n4095_b64,1.38756185992,1.38454952477,0.000917469151318,9,21,ok,
current_final,ifft,complex64,4095,256,ifft_complex64_n4095_b256,5.57596560102,5.54384498391,0.00417798291892,7,5,ok,
current_final,ifft,complex64,4096,1,ifft_complex64_n4096_b1,0.0292627717487,0.0288387717808,0.000135400655452,9,447,ok,
current_final,ifft,complex64,4096,2,ifft_complex64_n4096_b2,0.0596183550078,0.0585908599896,0.000608749687672,9,200,ok,
current_final,ifft,complex64,4096,4,ifft_complex64_n4096_b4,0.0867554248543,0.0862988649169,0.000456559937447,9,200,ok,
current_final,ifft,complex64,4096,8,ifft_complex64_n4096_b8,0.152535096277,0.152018799018,0.000355507983195,9,124,ok,
current_final,ifft,complex64,4096,16,ifft_complex64_n4096_b16,0.286474550629,0.285518681293,0.000368363385939,9,69,ok,
current_final,ifft,complex64,4096,32,ifft_complex64_n4096_b32,0.54918200088,0.54712073179,0.00199143153926,9,30,ok,
current_final,ifft,complex64,4096,64,ifft_complex64_n4096_b64,1.07713529616,1.0746494841,0.00188877823314,9,27,ok,
current_final,ifft,complex64,4096,256,ifft_complex64_n4096_b256,4.3341019967,4.30066198654,0.00600483811771,7,6,ok,
current_final,ifft,complex64,4097,1,ifft_complex64_n4097_b1,0.143010844477,0.142409185086,0.000415674272787,7,135,ok,
current_final,ifft,complex64,4097,2,ifft_complex64_n4097_b2,0.274012342083,0.271752041331,0.00044302727823,7,73,ok,
current_final,ifft,complex64,4097,4,ifft_complex64_n4097_b4,0.21614549441,0.213691516994,0.000512615040682,7,91,ok,
current_final,ifft,complex64,4097,8,ifft_complex64_n4097_b8,0.413092314072,0.411650209571,0.000888561771717,7,48,ok,
current_final,ifft,complex64,4097,16,ifft_complex64_n4097_b16,0.811162466804,0.808008833944,0.0011331634596,7,30,ok,
current_final,ifft,complex64,4097,32,ifft_complex64_n4097_b32,1.60471549801,1.60377038669,0.000775946925084,7,18,ok,
current_final,ifft,complex64,4097,64,ifft_complex64_n4097_b64,3.19771666545,3.19287188662,0.000430878976153,7,9,ok,
current_final,ifft,complex64,4097,256,ifft_complex64_n4097_b256,12.6904180118,12.6759136717,0.0047089997679,7,3,ok,
current_final,ifft,complex64,4608,1,ifft_complex64_n4608_b1,0.0333891494665,0.0332535902271,8.79156868905e-05,7,200,ok,
current_final,ifft,complex64,4608,2,ifft_complex64_n4608_b2,0.0681854103459,0.0680424901657,0.000142920180224,7,200,ok,
current_final,ifft,complex64,4608,4,ifft_complex64_n4608_b4,0.100270356947,0.100081588223,0.000173731318133,7,182,ok,
current_final,ifft,complex64,4608,8,ifft_complex64_n4608_b8,0.179706720283,0.178838324909,0.000868395373628,7,111,ok,
current_final,ifft,complex64,4608,16,ifft_complex64_n4608_b16,0.342713835804,0.341516900032,0.000692329679926,7,30,ok,
current_final,ifft,complex64,4608,32,ifft_complex64_n4608_b32,0.662768465312,0.659018401833,0.00193196659287,7,30,ok,
current_final,ifft,complex64,4608,64,ifft_complex64_n4608_b64,1.27587130334,1.27243912657,0.00321651991133,7,23,ok,
current_final,ifft,complex64,4608,256,ifft_complex64_n4608_b256,5.10624740273,5.0682793837,0.00684878323227,7,5,ok,
current_final,ifft,complex64,8192,1,ifft_complex64_n8192_b1,0.0547228998039,0.0544617051492,0.000101485056803,7,200,ok,
current_final,ifft,complex64,8192,2,ifft_complex64_n8192_b2,0.107162347969,0.106608962043,0.000532695633845,7,184,ok,
current_final,ifft,complex64,8192,4,ifft_complex64_n8192_b4,0.181652336799,0.180858505072,0.000755252560305,7,107,ok,
current_final,ifft,complex64,8192,8,ifft_complex64_n8192_b8,0.335135914642,0.333276862311,0.00113282746089,7,58,ok,
current_final,ifft,complex64,8192,16,ifft_complex64_n8192_b16,0.633555899064,0.631008068255,0.00144973552475,7,30,ok,
current_final,ifft,complex64,8192,32,ifft_complex64_n8192_b32,1.24351313317,1.23335826008,0.000839870747017,7,23,ok,
current_final,ifft,complex64,8192,64,ifft_complex64_n8192_b64,2.55509782371,2.54902636251,0.00330353875391,7,11,ok,
current_final,ifft,complex64,8192,256,ifft_complex64_n8192_b256,10.7201513213,10.5936456627,0.0612393487245,7,3,ok,
current_final,ifft,complex64,16384,1,ifft_complex64_n16384_b1,0.111257615528,0.110532402731,0.000189628491814,7,164,ok,
current_final,ifft,complex64,16384,2,ifft_complex64_n16384_b2,0.191919470672,0.19171347958,0.000205991091207,7,100,ok,
current_final,ifft,complex64,16384,4,ifft_complex64_n16384_b4,0.352351213223,0.351439481684,0.000586284191481,7,56,ok,
current_final,ifft,complex64,16384,8,ifft_complex64_n16384_b8,0.672165898141,0.66746303346,0.00286139935876,7,30,ok,
current_final,ifft,complex64,16384,16,ifft_complex64_n16384_b16,1.29023012705,1.28861446865,0.00161565840244,7,15,ok,
current_final,ifft,complex64,16384,32,ifft_complex64_n16384_b32,2.57172200575,2.56303563418,0.00696864233098,7,11,ok,
current_final,ifft,complex64,16384,64,ifft_complex64_n16384_b64,7.92467179708,7.73901659995,0.0755068147555,7,5,ok,
current_final,ifft,complex64,16384,256,ifft_complex64_n16384_b256,23.3691680478,23.2640190516,0.0692820176482,7,1,ok,
current_final,ifft,complex64,32768,1,ifft_complex64_n32768_b1,0.218345454248,0.217852705232,0.000492749016055,7,88,ok,
current_final,ifft,complex64,32768,2,ifft_complex64_n32768_b2,0.391683920159,0.390580058664,0.000718821241867,7,51,ok,
current_final,ifft,complex64,32768,4,ifft_complex64_n32768_b4,0.724886633301,0.720059165421,0.00221986556426,7,30,ok,
current_final,ifft,complex64,32768,8,ifft_complex64_n32768_b8,1.39572769986,1.38681934914,0.00380264827982,7,20,ok,
current_final,ifft,complex64,32768,16,ifft_complex64_n32768_b16,2.74248279165,2.7359985048,0.00542320776731,7,10,ok,
current_final,ifft,complex64,32768,32,ifft_complex64_n32768_b32,5.62570760958,5.59997300152,0.00243640970439,7,5,ok,
current_final,ifft,complex64,32768,64,ifft_complex64_n32768_b64,11.3913873599,11.2609606391,0.101198325865,7,3,ok,
current_final,ifft,complex64,32768,256,ifft_complex64_n32768_b256,47.7566509508,47.6800460601,0.0766048906371,7,1,ok,
current_final,ifft,complex64,65536,1,ifft_complex64_n65536_b1,0.456961231891,0.455505209217,0.00145602267409,7,43,ok,
current_final,ifft,complex64,65536,2,ifft_complex64_n65536_b2,0.855653965846,0.854549199964,0.000819932514181,7,30,ok,
current_final,ifft,complex64,65536,4,ifft_complex64_n65536_b4,1.63549989358,1.63299900143,0.00101589830592,7,18,ok,
current_final,ifft,complex64,65536,8,ifft_complex64_n65536_b8,3.16851244618,3.15515499096,0.00688632846706,7,9,ok,
current_final,ifft,complex64,65536,16,ifft_complex64_n65536_b16,6.36059950921,6.33215851849,0.0217637571041,7,4,ok,
current_final,ifft,complex64,65536,32,ifft_complex64_n65536_b32,12.9256193371,12.87036133,0.031092010128,7,3,ok,
current_final,ifft,complex64,65536,64,ifft_complex64_n65536_b64,27.6370689971,27.455505915,0.110788969323,7,1,ok,
current_final,ifft,complex64,65536,256,ifft_complex64_n65536_b256,107.226604945,106.702434015,0.479697016999,7,1,ok,
current_final,ifft,complex128,64,1,ifft_complex128_n64_b1,0.00438161463261,0.00434488922718,2.36970254943e-05,9,1941,ok,
current_final,ifft,complex128,64,2,ifft_complex128_n64_b2,0.00497133197496,0.00494412553962,6.64201797917e-06,9,2000,ok,
current_final,ifft,complex128,64,4,ifft_complex128_n64_b4,0.00536159001058,0.00533236499177,2.92250188068e-05,9,2000,ok,
current_final,ifft,complex128,64,8,ifft_complex128_n64_b8,0.00610671448521,0.00609003799036,4.18303534389e-06,9,2000,ok,
current_final,ifft,complex128,64,16,ifft_complex128_n64_b16,0.0073847014648,0.00736440685803,9.70492516233e-06,9,1755,ok,
current_final,ifft,complex128,64,32,ifft_complex128_n64_b32,0.00992168851378,0.00987380632612,6.93519847997e-06,9,1358,ok,
current_final,ifft,complex128,64,64,ifft_complex128_n64_b64,0.0150110807884,0.0149831776458,2.79031426428e-05,9,940,ok,
current_final,ifft,complex128,64,256,ifft_complex128_n64_b256,0.0469109701226,0.04625503032,0.000293854973279,7,200,ok,
current_final,ifft,complex128,256,1,ifft_complex128_n256_b1,0.00559947500005,0.00556640751893,2.15210020542e-05,9,2000,ok,
current_final,ifft,complex128,256,2,ifft_complex128_n256_b2,0.00696578784917,0.00693055441586,1.48005981712e-05,9,1645,ok,
current_final,ifft,complex128,256,4,ifft_complex128_n256_b4,0.00859983052908,0.0085735286348,2.63018942787e-05,9,1534,ok,
current_final,ifft,complex128,256,8,ifft_complex128_n256_b8,0.0117046813444,0.0116498605525,4.89087041628e-05,9,1183,ok,
current_final,ifft,complex128,256,16,ifft_complex128_n256_b16,0.0182961453357,0.0182071859373,7.01339286604e-05,9,785,ok,
current_final,ifft,complex128,256,32,ifft_complex128_n256_b32,0.0310891499976,0.030874744989,0.000209794961847,9,200,ok,
current_final,ifft,complex128,256,64,ifft_complex128_n256_b64,0.0572117499541,0.0567208754364,0.000196425244212,9,200,ok,
current_final,ifft,complex128,256,256,ifft_complex128_n256_b256,0.210767753312,0.208918355726,0.00111986156954,7,93,ok,
current_final,ifft,complex128,1024,1,ifft_complex128_n1024_b1,0.0100717981836,0.0100262379618,2.53207068232e-05,9,1244,ok,
current_final,ifft,complex128,1024,2,ifft_complex128_n1024_b2,0.0168906710703,0.0168249756719,2.65049714215e-05,9,824,ok,
current_final,ifft,complex128,1024,4,ifft_complex128_n1024_b4,0.0250688087645,0.0248773258324,0.000148505406005,9,580,ok,
current_final,ifft,complex128,1024,8,ifft_complex128_n1024_b8,0.0412064354168,0.0407518201973,0.000202329829335,9,200,ok,
current_final,ifft,complex128,1024,16,ifft_complex128_n1024_b16,0.0737936148653,0.0732173246797,0.000386580359191,9,200,ok,
current_final,ifft,complex128,1024,32,ifft_complex128_n1024_b32,0.138613299766,0.137622785821,5.61071958925e-05,9,140,ok,
current_final,ifft,complex128,1024,64,ifft_complex128_n1024_b64,0.266040039777,0.265536798366,0.000503241411738,9,74,ok,
current_final,ifft,complex128,1024,256,ifft_complex128_n1024_b256,1.05972635876,1.05472978404,0.00203239531921,7,28,ok,
current_final,ifft,complex128,2048,1,ifft_complex128_n2048_b1,0.0171485725535,0.0166720362354,0.000127819801049,9,772,ok,
current_final,ifft,complex128,2048,2,ifft_complex128_n2048_b2,0.0320759952792,0.0315740046873,0.000304817519994,9,422,ok,
current_final,ifft,complex128,2048,4,ifft_complex128_n2048_b4,0.0515345146414,0.0510307651712,0.000503749470226,9,200,ok,
current_final,ifft,complex128,2048,8,ifft_complex128_n2048_b8,0.0888436753303,0.0875957700191,0.00110328546725,9,200,ok,
current_final,ifft,complex128,2048,16,ifft_complex128_n2048_b16,0.16246530319,0.160869819753,0.000833377211553,9,122,ok,
current_final,ifft,complex128,2048,32,ifft_complex128_n2048_b32,0.310295570036,0.308757444607,0.000821888476374,9,63,ok,
current_final,ifft,complex128,2048,64,ifft_complex128_n2048_b64,0.62910883377,0.624501767258,0.00383556665232,9,30,ok,
current_final,ifft,complex128,2048,256,ifft_complex128_n2048_b256,2.43380041987,2.42298832745,0.0108120924172,7,12,ok,
current_final,ifft,complex128,3072,1,ifft_complex128_n3072_b1,0.0234181907498,0.0233117507409,2.4548030852e-05,9,582,ok,
current_final,ifft,complex128,3072,2,ifft_complex128_n3072_b2,0.0452878052602,0.0446360144997,0.000107699306682,9,200,ok,
current_final,ifft,complex128,3072,4,ifft_complex128_n3072_b4,0.0746510847239,0.0740749953547,0.000380065175705,9,200,ok,
current_final,ifft,complex128,3072,8,ifft_complex128_n3072_b8,0.133950449214,0.133697556851,4.61278133244e-05,9,149,ok,
current_final,ifft,complex128,3072,16,ifft_complex128_n3072_b16,0.258017077365,0.257282688694,0.000612715005197,9,77,ok,
current_final,ifft,complex128,3072,32,ifft_complex128_n3072_b32,0.494403368793,0.490598202062,0.00116723046328,9,30,ok,
current_final,ifft,complex128,3072,64,ifft_complex128_n3072_b64,0.961562932935,0.957948101374,0.000742066185921,9,30,ok,
current_final,ifft,complex128,3072,256,ifft_complex128_n3072_b256,4.03982184694,3.98905442229,0.0298278506047,7,7,ok,
current_final,ifft,complex128,3584,1,ifft_complex128_n3584_b1,0.0259299179106,0.0256652012922,0.000106000015876,9,512,ok,
current_final,ifft,complex128,3584,2,ifft_complex128_n3584_b2,0.0499845849117,0.0497448799433,7.40902032703e-05,9,200,ok,
current_final,ifft,complex128,3584,4,ifft_complex128_n3584_b4,0.0854274153244,0.0848196697189,0.000197524786927,9,200,ok,
current_final,ifft,complex128,3584,8,ifft_complex128_n3584_b8,0.149498307636,0.14737496219,9.32565505119e-05,9,133,ok,
current_final,ifft,complex128,3584,16,ifft_complex128_n3584_b16,0.280812243,0.278462943554,0.000330469837146,9,70,ok,
current_final,ifft,complex128,3584,32,ifft_complex128_n3584_b32,0.549565034453,0.546992201513,0.00105699679504,9,30,ok,
current_final,ifft,complex128,3584,64,ifft_complex128_n3584_b64,1.07720951739,1.07485174063,0.00235777675968,9,27,ok,
current_final,ifft,complex128,3584,256,ifft_complex128_n3584_b256,4.76340049257,4.67624233958,0.0385815122475,7,6,ok,
current_final,ifft,complex128,4095,1,ifft_complex128_n4095_b1,0.0423427910848,0.0419805675827,0.000252897574843,9,273,ok,
current_final,ifft,complex128,4095,2,ifft_complex128_n4095_b2,0.0726810097694,0.0723747804295,0.000266605638899,9,200,ok,
current_final,ifft,complex128,4095,4,ifft_complex128_n4095_b4,0.132857914554,0.132137210274,0.000523750235229,9,152,ok,
current_final,ifft,complex128,4095,8,ifft_complex128_n4095_b8,0.25094296235,0.250130417297,0.000287380800406,9,79,ok,
current_final,ifft,complex128,4095,16,ifft_complex128_n4095_b16,0.490104177152,0.485814051353,0.00259664957412,9,40,ok,
current_final,ifft,complex128,4095,32,ifft_complex128_n4095_b32,0.96228896485,0.955734898647,0.00333063459645,9,30,ok,
current_final,ifft,complex128,4095,64,ifft_complex128_n4095_b64,1.86493768706,1.84775143134,0.0107671876322,9,16,ok,
current_final,ifft,complex128,4095,256,ifft_complex128_n4095_b256,7.86273065023,7.7601733307,0.0737430139755,7,3,ok,
current_final,ifft,complex128,4096,1,ifft_complex128_n4096_b1,0.0329110464013,0.0324951001491,0.000355146713737,9,409,ok,
current_final,ifft,complex128,4096,2,ifft_complex128_n4096_b2,0.0572715152521,0.0568548304727,9.56299481913e-05,9,200,ok,
current_final,ifft,complex128,4096,4,ifft_complex128_n4096_b4,0.0970720901387,0.0967326998943,0.000296009820886,9,200,ok,
current_final,ifft,complex128,4096,8,ifft_complex128_n4096_b8,0.174617373547,0.173784590974,0.000491529784125,9,115,ok,
current_final,ifft,complex128,4096,16,ifft_complex128_n4096_b16,0.330912795754,0.329615423945,0.000671083028665,9,59,ok,
current_final,ifft,complex128,4096,32,ifft_complex128_n4096_b32,0.758673200229,0.755289767403,0.00149816429863,9,30,ok,
current_final,ifft,complex128,4096,64,ifft_complex128_n4096_b64,1.25912312702,1.25480621405,0.00219674193827,9,23,ok,
current_final,ifft,complex128,4096,256,ifft_complex128_n4096_b256,5.48250898719,5.38608459756,0.063167582266,7,5,ok,
current_final,ifft,complex128,4097,1,ifft_complex128_n4097_b1,0.113752666274,0.112314265147,0.00014880321414,7,162,ok,
current_final,ifft,complex128,4097,2,ifft_complex128_n4097_b2,0.191095644438,0.190202519521,0.000342000231075,7,104,ok,
current_final,ifft,complex128,4097,4,ifft_complex128_n4097_b4,0.36192394543,0.361225203421,0.00069874200832,7,54,ok,
current_final,ifft,complex128,4097,8,ifft_complex128_n4097_b8,0.707837287337,0.705154716603,0.00166389093335,7,28,ok,
current_final,ifft,complex128,4097,16,ifft_complex128_n4097_b16,1.4005049542,1.39305609766,0.00231771264225,7,21,ok,
current_final,ifft,complex128,4097,32,ifft_complex128_n4097_b32,2.75739800418,2.74706140626,0.00847700284794,7,10,ok,
current_final,ifft,complex128,4097,64,ifft_complex128_n4097_b64,5.61677101068,5.61114221346,0.00562879722565,7,5,ok,
current_final,ifft,complex128,4097,256,ifft_complex128_n4097_b256,22.4062469788,22.2187120235,0.154282897711,7,1,ok,
current_final,ifft,complex128,4608,1,ifft_complex128_n4608_b1,0.0338596402435,0.0335377798183,9.24698542804e-05,7,200,ok,
current_final,ifft,complex128,4608,2,ifft_complex128_n4608_b2,0.0682413647883,0.0674435001565,0.000338290119544,7,200,ok,
current_final,ifft,complex128,4608,4,ifft_complex128_n4608_b4,0.115979353418,0.11531126401,0.00036932935124,7,167,ok,
current_final,ifft,complex128,4608,8,ifft_complex128_n4608_b8,0.212211351336,0.210358691897,0.000276797243017,7,94,ok,
current_final,ifft,complex128,4608,16,ifft_complex128_n4608_b16,0.403802702203,0.401064866067,0.00162373762578,7,30,ok,
current_final,ifft,complex128,4608,32,ifft_complex128_n4608_b32,0.784095931643,0.780836768293,0.00150486982117,7,30,ok,
current_final,ifft,complex128,4608,64,ifft_complex128_n4608_b64,1.57239966211,1.56562516349,0.00134758496036,7,12,ok,
current_final,ifft,complex128,4608,256,ifft_complex128_n4608_b256,6.68267880101,6.63390860427,0.0487701967359,7,5,ok,
current_final,ifft,complex128,8192,1,ifft_complex128_n8192_b1,0.0626697245752,0.0623643503059,0.000177884940058,7,200,ok,
current_final,ifft,complex128,8192,2,ifft_complex128_n8192_b2,0.120075932766,0.119808847624,0.000170682608036,7,164,ok,
current_final,ifft,complex128,8192,4,ifft_complex128_n8192_b4,0.20964852128,0.209270680492,0.00037784078852,7,94,ok,
current_final,ifft,complex128,8192,8,ifft_complex128_n8192_b8,0.394858746315,0.39342388182,0.000872236092155,7,51,ok,
current_final,ifft,complex128,8192,16,ifft_complex128_n8192_b16,1.01832493286,1.01409626659,0.00328253178547,7,30,ok,
current_final,ifft,complex128,8192,32,ifft_complex128_n8192_b32,1.48103731733,1.47691957873,0.00411773860258,7,19,ok,
current_final,ifft,complex128,8192,64,ifft_complex128_n8192_b64,3.092705374,3.06637687027,0.0129069958348,7,8,ok,
current_final,ifft,complex128,8192,256,ifft_complex128_n8192_b256,14.6794930333,14.601720497,0.0362285063602,7,2,ok,
current_final,ifft,complex128,16384,1,ifft_complex128_n16384_b1,0.188745949085,0.188199407659,0.000179429272456,7,98,ok,
current_final,ifft,complex128,16384,2,ifft_complex128_n16384_b2,0.373423750996,0.371339614503,0.00139378915684,7,52,ok,
current_final,ifft,complex128,16384,4,ifft_complex128_n16384_b4,0.723198517571,0.720206924059,0.00147688788948,7,27,ok,
current_final,ifft,complex128,16384,8,ifft_complex128_n16384_b8,1.44209589926,1.43544334569,0.00201534712687,7,20,ok,
current_final,ifft,complex128,16384,16,ifft_complex128_n16384_b16,2.85153209697,2.84346980043,0.00642120139673,7,10,ok,
current_final,ifft,complex128,16384,32,ifft_complex128_n16384_b32,5.77136520296,5.75763720553,0.00184939708561,7,5,ok,
current_final,ifft,complex128,16384,64,ifft_complex128_n16384_b64,12.0579450158,11.9839149993,0.0740300165489,7,2,ok,
current_final,ifft,complex128,16384,256,ifft_complex128_n16384_b256,50.6019620225,50.3354379907,0.150684965774,7,1,ok,
current_final,ifft,complex128,32768,1,ifft_complex128_n32768_b1,0.428286021472,0.425142512864,0.00111857791328,7,45,ok,
current_final,ifft,complex128,32768,2,ifft_complex128_n32768_b2,0.8603968283,0.857503958168,0.00214665298067,7,23,ok,
current_final,ifft,complex128,32768,4,ifft_complex128_n32768_b4,1.70075070962,1.69544006177,0.0019831213114,7,17,ok,
current_final,ifft,complex128,32768,8,ifft_complex128_n32768_b8,3.32818324387,3.31173087761,0.0164173688972,7,8,ok,
current_final,ifft,complex128,32768,16,ifft_complex128_n32768_b16,6.84142147657,6.76220926107,0.0792122154962,7,4,ok,
current_final,ifft,complex128,32768,32,ifft_complex128_n32768_b32,14.2670380301,14.2148440355,0.0425704638474,7,2,ok,
current_final,ifft,complex128,32768,64,ifft_complex128_n32768_b64,30.191169004,30.1218889654,0.0692800385877,7,1,ok,
current_final,ifft,complex128,32768,256,ifft_complex128_n32768_b256,118.255624082,117.174739949,0.601025880314,7,1,ok,
current_final,ifft,complex128,65536,1,ifft_complex128_n65536_b1,1.04009280802,1.03350319079,0.00258295109407,7,21,ok,
current_final,ifft,complex128,65536,2,ifft_complex128_n65536_b2,1.90503826986,1.88257713647,0.00783213569472,7,15,ok,
current_final,ifft,complex128,65536,4,ifft_complex128_n65536_b4,3.69678013625,3.6642244252,0.0146619942305,7,7,ok,
current_final,ifft,complex128,65536,8,ifft_complex128_n65536_b8,7.52519897651,7.48012370119,0.0387536128983,7,3,ok,
current_final,ifft,complex128,65536,16,ifft_complex128_n65536_b16,15.5012669275,15.2425069828,0.143119948916,7,1,ok,
current_final,ifft,complex128,65536,32,ifft_complex128_n65536_b32,33.0834999913,33.0140789738,0.034945900552,7,1,ok,
current_final,ifft,complex128,65536,64,ifft_complex128_n65536_b64,65.537409042,65.2539540315,0.223262002692,7,1,ok,
current_final,ifft,complex128,65536,256,ifft_complex128_n65536_b256,761.787430034,563.286539982,104.973442969,7,1,ok,
cpudispatch_v2,fft,complex64,64,1,fft_complex64_n64_b1,0.00378173236409,0.00372636897657,2.51519420749e-05,9,1046,ok,
cpudispatch_v2,fft,complex64,64,2,fft_complex64_n64_b2,0.00441099090238,0.00440440020449,6.59069789634e-06,9,1654,ok,
cpudispatch_v2,fft,complex64,64,4,fft_complex64_n64_b4,0.00483261334309,0.00475675067486,4.61944397469e-05,9,1857,ok,
cpudispatch_v2,fft,complex64,64,8,fft_complex64_n64_b8,0.00551367300795,0.00539383600699,1.99979403988e-05,9,2000,ok,
cpudispatch_v2,fft,complex64,64,16,fft_complex64_n64_b16,0.00693908193389,0.00685275904005,7.54059693093e-05,9,1685,ok,
cpudispatch_v2,fft,complex64,64,32,fft_complex64_n64_b32,0.00986309379336,0.00978570798505,5.31187614936e-05,9,1322,ok,
cpudispatch_v2,fft,complex64,64,64,fft_complex64_n64_b64,0.0156424977311,0.0156018950292,3.54697736579e-05,9,896,ok,
cpudispatch_v2,fft,complex64,64,256,fft_complex64_n64_b256,0.0504469551379,0.0502941699233,9.49751120061e-05,7,200,ok,
cpudispatch_v2,fft,complex64,256,1,fft_complex64_n256_b1,0.004727003579,0.00469691114332,2.04503143742e-05,9,1699,ok,
cpudispatch_v2,fft,complex64,256,2,fft_complex64_n256_b2,0.00605738599552,0.00596660451265,7.79724796303e-05,9,2000,ok,
cpudispatch_v2,fft,complex64,256,4,fft_complex64_n256_b4,0.00770858426499,0.00765282817379,4.17508586246e-05,9,1513,ok,
cpudispatch_v2,fft,complex64,256,8,fft_complex64_n256_b8,0.0110038349848,0.0109100477205,4.46658484775e-05,9,1194,ok,
cpudispatch_v2,fft,complex64,256,16,fft_complex64_n256_b16,0.0176274823787,0.0174907367484,9.36649235374e-05,9,794,ok,
cpudispatch_v2,fft,complex64,256,32,fft_complex64_n256_b32,0.0302424450638,0.0300853000954,8.26548784971e-05,9,200,ok,
cpudispatch_v2,fft,complex64,256,64,fft_complex64_n256_b64,0.0560738053173,0.0556015101029,0.000249175354838,9,200,ok,
cpudispatch_v2,fft,complex64,256,256,fft_complex64_n256_b256,0.227185404399,0.226471460623,0.000527617783191,7,89,ok,
cpudispatch_v2,fft,complex64,1024,1,fft_complex64_n1024_b1,0.00957533667697,0.00955628260088,5.28521369724e-06,9,1111,ok,
cpudispatch_v2,fft,complex64,1024,2,fft_complex64_n1024_b2,0.0172240972842,0.0170221570542,5.81272443445e-05,9,802,ok,
cpudispatch_v2,fft,complex64,1024,4,fft_complex64_n1024_b4,0.0233440596785,0.0230754322708,2.74466488773e-05,9,553,ok,
cpudispatch_v2,fft,complex64,1024,8,fft_complex64_n1024_b8,0.0374658044893,0.0373227853561,0.000114370486699,9,200,ok,
cpudispatch_v2,fft,complex64,1024,16,fft_complex64_n1024_b16,0.0674795248779,0.0670851749601,9.77847957984e-05,9,200,ok,
cpudispatch_v2,fft,complex64,1024,32,fft_complex64_n1024_b32,0.125719411181,0.124127671117,0.000129361000336,9,158,ok,
cpudispatch_v2,fft,complex64,1024,64,fft_complex64_n1024_b64,0.242907603002,0.242124916144,0.000333396650581,9,83,ok,
cpudispatch_v2,fft,complex64,1024,256,fft_complex64_n1024_b256,0.935126235709,0.926743067491,0.00838316821804,7,30,ok,
cpudispatch_v2,fft,complex64,2048,1,fft_complex64_n2048_b1,0.0154572225819,0.0151780632136,0.000187640571745,9,840,ok,
cpudispatch_v2,fft,complex64,2048,2,fft_complex64_n2048_b2,0.0305230290706,0.0302502101546,0.000133742713755,9,447,ok,
cpudispatch_v2,fft,complex64,2048,4,fft_complex64_n2048_b4,0.0442151201423,0.0438530399697,0.000305974972434,9,200,ok,
cpudispatch_v2,fft,complex64,2048,8,fft_complex64_n2048_b8,0.0752843345981,0.0744907348417,0.000256085186265,9,200,ok,
cpudispatch_v2,fft,complex64,2048,16,fft_complex64_n2048_b16,0.138441678544,0.136606751289,0.000736285272958,9,137,ok,
cpudispatch_v2,fft,complex64,2048,32,fft_complex64_n2048_b32,0.26400637192,0.26240281295,0.000657921967407,9,75,ok,
cpudispatch_v2,fft,complex64,2048,64,fft_complex64_n2048_b64,0.519527234913,0.518434832338,0.00109240257492,9,30,ok,
cpudispatch_v2,fft,complex64,2048,256,fft_complex64_n2048_b256,2.01123021543,2.00776221131,0.000875210389495,7,14,ok,
cpudispatch_v2,fft,complex64,3072,1,fft_complex64_n3072_b1,0.0225937007652,0.0224908409805,2.17352239705e-05,9,578,ok,
cpudispatch_v2,fft,complex64,3072,2,fft_complex64_n3072_b2,0.0452211801894,0.0450008601183,6.09701965004e-05,9,200,ok,
cpudispatch_v2,fft,complex64,3072,4,fft_complex64_n3072_b4,0.0644595100312,0.0635761901503,0.000214354950003,9,200,ok,
cpudispatch_v2,fft,complex64,3072,8,fft_complex64_n3072_b8,0.113613519418,0.112425847674,0.000204683128892,9,177,ok,
cpudispatch_v2,fft,complex64,3072,16,fft_complex64_n3072_b16,0.21081178776,0.2105527872,0.000130777752542,9,94,ok,
cpudispatch_v2,fft,complex64,3072,32,fft_complex64_n3072_b32,0.409348196505,0.406107065889,0.000394395707796,9,30,ok,
cpudispatch_v2,fft,complex64,3072,64,fft_complex64_n3072_b64,0.800003332552,0.796008800777,0.00045649940148,9,30,ok,
cpudispatch_v2,fft,complex64,3072,256,fft_complex64_n3072_b256,3.13974822509,3.12679478278,0.00667711719871,7,9,ok,
cpudispatch_v2,fft,complex64,3584,1,fft_complex64_n3584_b1,0.0251706012271,0.0250775310257,6.89525064851e-05,9,484,ok,
cpudispatch_v2,fft,complex64,3584,2,fft_complex64_n3584_b2,0.0511008949252,0.0510031101294,6.02152431384e-05,9,200,ok,
cpudispatch_v2,fft,complex64,3584,4,fft_complex64_n3584_b4,0.0736006500665,0.073389900499,0.000121080083773,9,200,ok,
cpudispatch_v2,fft,complex64,3584,8,fft_complex64_n3584_b8,0.130387132568,0.129254588808,0.000718914724837,9,151,ok,
cpudispatch_v2,fft,complex64,3584,16,fft_complex64_n3584_b16,0.245114076659,0.242787531188,0.000401265930997,9,79,ok,
cpudispatch_v2,fft,complex64,3584,32,fft_complex64_n3584_b32,0.476148165762,0.473973733218,0.000742066185921,9,30,ok,
cpudispatch_v2,fft,complex64,3584,64,fft_complex64_n3584_b64,0.934048202665,0.931008466675,0.00216843327507,9,30,ok,
cpudispatch_v2,fft,complex64,3584,256,fft_complex64_n3584_b256,3.62992275041,3.62022424815,0.0035429984564,7,8,ok,
cpudispatch_v2,fft,complex64,4095,1,fft_complex64_n4095_b1,0.0477015506476,0.0472276704386,0.000133235089219,9,285,ok,
cpudispatch_v2,fft,complex64,4095,2,fft_complex64_n4095_b2,0.0885957601713,0.0874297547853,0.000180084607564,9,200,ok,
cpudispatch_v2,fft,complex64,4095,4,fft_complex64_n4095_b4,0.0970588147175,0.0967635598499,0.00016831967514,9,200,ok,
cpudispatch_v2,fft,complex64,4095,8,fft_complex64_n4095_b8,0.182941808916,0.182198136198,0.000356763220308,9,110,ok,
cpudispatch_v2,fft,complex64,4095,16,fft_complex64_n4095_b16,0.350963947232,0.349999491223,0.000496560364569,9,57,ok,
cpudispatch_v2,fft,complex64,4095,32,fft_complex64_n4095_b32,0.69234976545,0.691356866931,0.000835896935314,9,30,ok,
cpudispatch_v2,fft,complex64,4095,64,fft_complex64_n4095_b64,1.35162859012,1.34451149709,0.00259354816411,9,22,ok,
cpudispatch_v2,fft,complex64,4095,256,fft_complex64_n4095_b256,5.39767439477,5.34011360724,0.0569138210267,7,5,ok,
cpudispatch_v2,fft,complex64,4096,1,fft_complex64_n4096_b1,0.0279734794291,0.0276540839743,8.17951227187e-05,9,488,ok,
cpudispatch_v2,fft,complex64,4096,2,fft_complex64_n4096_b2,0.0579530047253,0.0577333854744,0.000148785184138,9,200,ok,
cpudispatch_v2,fft,complex64,4096,4,fft_complex64_n4096_b4,0.0831179501256,0.0824825448217,0.000473845284432,9,200,ok,
cpudispatch_v2,fft,complex64,4096,8,fft_complex64_n4096_b8,0.146329601617,0.145210796981,0.000377563773689,9,133,ok,
cpudispatch_v2,fft,complex64,4096,16,fft_complex64_n4096_b16,0.274519745956,0.273521520643,0.000744774399824,9,71,ok,
cpudispatch_v2,fft,complex64,4096,32,fft_complex64_n4096_b32,0.542161396394,0.53762109795,0.00131649818892,9,30,ok,
cpudispatch_v2,fft,complex64,4096,64,fft_complex64_n4096_b64,1.04080167616,1.03689103603,0.00206070918856,9,28,ok,
cpudispatch_v2,fft,complex64,4096,256,fft_complex64_n4096_b256,4.14273498713,4.11445299895,0.00913426213499,7,7,ok,
cpudispatch_v2,fft,complex64,4097,1,fft_complex64_n4097_b1,0.141275859507,0.140073659174,0.000488852081751,7,135,ok,
cpudispatch_v2,fft,complex64,4097,2,fft_complex64_n4097_b2,0.272245297359,0.270482377665,0.00100636483497,7,74,ok,
cpudispatch_v2,fft,complex64,4097,4,fft_complex64_n4097_b4,0.215168392254,0.214402134834,0.000582773793028,7,89,ok,
cpudispatch_v2,fft,complex64,4097,8,fft_complex64_n4097_b8,0.433183624409,0.430071500887,0.0010417716112,7,48,ok,
cpudispatch_v2,fft,complex64,4097,16,fft_complex64_n4097_b16,0.818080532675,0.813992135227,0.00329256678621,7,30,ok,
cpudispatch_v2,fft,complex64,4097,32,fft_complex64_n4097_b32,1.66340182563,1.65596246884,0.00503540778642,7,17,ok,
cpudispatch_v2,fft,complex64,4097,64,fft_complex64_n4097_b64,3.36005032942,3.31820789466,0.0284360074956,7,9,ok,
cpudispatch_v2,fft,complex64,4097,256,fft_complex64_n4097_b256,12.9091579777,12.8428626728,0.064862659201,7,3,ok,
cpudispatch_v2,fft,complex64,4608,1,fft_complex64_n4608_b1,0.0321105797775,0.0319959101034,0.000114669674076,7,200,ok,
cpudispatch_v2,fft,complex64,4608,2,fft_complex64_n4608_b2,0.0688363349764,0.068484370131,0.000351964845322,7,200,ok,
cpudispatch_v2,fft,complex64,4608,4,fft_complex64_n4608_b4,0.0984386249911,0.0978179997765,0.00036749523133,7,200,ok,
cpudispatch_v2,fft,complex64,4608,8,fft_complex64_n4608_b8,0.175174044453,0.173893309017,0.000460158860459,7,113,ok,
cpudispatch_v2,fft,complex64,4608,16,fft_complex64_n4608_b16,0.330652366392,0.328354033021,0.000668930200239,7,30,ok,
cpudispatch_v2,fft,complex64,4608,32,fft_complex64_n4608_b32,0.643330032472,0.636752935437,0.000761135015637,7,30,ok,
cpudispatch_v2,fft,complex64,4608,64,fft_complex64_n4608_b64,1.25908082776,1.25552147991,0.00189182490272,7,23,ok,
cpudispatch_v2,fft,complex64,4608,256,fft_complex64_n4608_b256,4.9924261868,4.97830118984,0.0120589742437,7,5,ok,
cpudispatch_v2,fft,complex64,8192,1,fft_complex64_n8192_b1,0.0549667101586,0.0543067103717,0.00014076475054,7,200,ok,
cpudispatch_v2,fft,complex64,8192,2,fft_complex64_n8192_b2,0.106403374432,0.106060695038,0.000226904045452,7,187,ok,
cpudispatch_v2,fft,complex64,8192,4,fft_complex64_n8192_b4,0.184982581149,0.18474467268,0.000191999557005,7,110,ok,
cpudispatch_v2,fft,complex64,8192,8,fft_complex64_n8192_b8,0.335489762789,0.334064525521,0.0013284408882,7,59,ok,
cpudispatch_v2,fft,complex64,8192,16,fft_complex64_n8192_b16,0.640263567523,0.6339509661,0.00157496736695,7,30,ok,
cpudispatch_v2,fft,complex64,8192,32,fft_complex64_n8192_b32,1.24476375155,1.23489762579,0.0054995471146,7,24,ok,
cpudispatch_v2,fft,complex64,8192,64,fft_complex64_n8192_b64,2.48144892006,2.47859191343,0.00285700662062,7,12,ok,
cpudispatch_v2,fft,complex64,8192,256,fft_complex64_n8192_b256,10.3583236535,10.2820193473,0.0763043062761,7,3,ok,
cpudispatch_v2,fft,complex64,16384,1,fft_complex64_n16384_b1,0.107124046762,0.106784040674,0.000179879168167,7,173,ok,
cpudispatch_v2,fft,complex64,16384,2,fft_complex64_n16384_b2,0.191581554177,0.190949874469,0.000247367865686,7,103,ok,
cpudispatch_v2,fft,complex64,16384,4,fft_complex64_n16384_b4,0.34718082507,0.345401490401,0.000931753515544,7,57,ok,
cpudispatch_v2,fft,complex64,16384,8,fft_complex64_n16384_b8,0.663346230673,0.659372731267,0.000977170808862,7,30,ok,
cpudispatch_v2,fft,complex64,16384,16,fft_complex64_n16384_b16,1.30151331806,1.29950454522,0.000872088342228,7,22,ok,
cpudispatch_v2,fft,complex64,16384,32,fft_complex64_n16384_b32,2.59049654811,2.57590626874,0.0125800936737,7,11,ok,
cpudispatch_v2,fft,complex64,16384,64,fft_complex64_n16384_b64,5.16766759101,5.13669098727,0.0234723789617,7,5,ok,
cpudispatch_v2,fft,complex64,16384,256,fft_complex64_n16384_b256,23.2115489198,23.1110190507,0.0901200110093,7,1,ok,
cpudispatch_v2,fft,complex64,32768,1,fft_complex64_n32768_b1,0.216097727863,0.215375923764,0.000151914402681,7,92,ok,
cpudispatch_v2,fft,complex64,32768,2,fft_complex64_n32768_b2,0.389107687892,0.38543268673,0.000817018707155,7,51,ok,
cpudispatch_v2,fft,complex64,32768,4,fft_complex64_n32768_b4,0.730609133219,0.727508566342,0.0024035340175,7,30,ok,
cpudispatch_v2,fft,complex64,32768,8,fft_complex64_n32768_b8,1.40729395207,1.40341038128,0.00123709573277,7,21,ok,
cpudispatch_v2,fft,complex64,32768,16,fft_complex64_n32768_b16,2.77388719842,2.74964829441,0.0148399965838,7,10,ok,
cpudispatch_v2,fft,complex64,32768,32,fft_complex64_n32768_b32,5.54651799612,5.52800300065,0.0103516038507,7,5,ok,
cpudispatch_v2,fft,complex64,32768,64,fft_complex64_n32768_b64,11.39724534,11.3644999995,0.0242959940806,7,3,ok,
cpudispatch_v2,fft,complex64,32768,256,fft_complex64_n32768_b256,49.1887390381,48.7400009297,0.198995927349,7,1,ok,
cpudispatch_v2,fft,complex64,65536,1,fft_complex64_n65536_b1,0.46337270689,0.462868341767,0.000504365122718,7,41,ok,
cpudispatch_v2,fft,complex64,65536,2,fft_complex64_n65536_b2,0.857982000646,0.854358833749,0.00362316689764,7,30,ok,
cpudispatch_v2,fft,complex64,65536,4,fft_complex64_n65536_b4,1.64077033211,1.62484472255,0.0021964402145,7,18,ok,
cpudispatch_v2,fft,complex64,65536,8,fft_complex64_n65536_b8,3.18660678911,3.17164400541,0.00516977161169,7,9,ok,
cpudispatch_v2,fft,complex64,65536,16,fft_complex64_n65536_b16,6.35386447539,6.33900624234,0.00939526944421,7,4,ok,
cpudispatch_v2,fft,complex64,65536,32,fft_complex64_n65536_b32,12.8994163436,12.860379337,0.0138630081589,7,3,ok,
cpudispatch_v2,fft,complex64,65536,64,fft_complex64_n65536_b64,27.3912639823,27.3247190053,0.0665449770167,7,1,ok,
cpudispatch_v2,fft,complex64,65536,256,fft_complex64_n65536_b256,106.086108019,105.912229046,0.173878972419,7,1,ok,
cpudispatch_v2,fft,complex128,64,1,fft_complex128_n64_b1,0.00351706209282,0.00348766304883,4.44427244882e-06,9,1659,ok,
cpudispatch_v2,fft,complex128,64,2,fft_complex128_n64_b2,0.0040435050582,0.00402221131716,9.37492648497e-06,9,1883,ok,
cpudispatch_v2,fft,complex128,64,4,fft_complex128_n64_b4,0.00434169650543,0.00433384650387,6.72298483551e-06,9,2000,ok,
cpudispatch_v2,fft,complex128,64,8,fft_complex128_n64_b8,0.00501975900261,0.00499286298873,1.75585155375e-05,9,2000,ok,
cpudispatch_v2,fft,complex128,64,16,fft_complex128_n64_b16,0.00618001300609,0.0061453524977,8.00500856712e-06,9,2000,ok,
cpudispatch_v2,fft,complex128,64,32,fft_complex128_n64_b32,0.00831269352679,0.00829971283293,1.29806938649e-05,9,1661,ok,
cpudispatch_v2,fft,complex128,64,64,fft_complex128_n64_b64,0.0131165553298,0.0130670226139,4.37781715806e-05,9,1104,ok,
cpudispatch_v2,fft,complex128,64,256,fft_complex128_n64_b256,0.0407318846555,0.0406723702326,5.9514422901e-05,7,200,ok,
cpudispatch_v2,fft,complex128,256,1,fft_complex128_n256_b1,0.00458763496979,0.00456230740208,4.71221324795e-06,9,1786,ok,
cpudispatch_v2,fft,complex128,256,2,fft_complex128_n256_b2,0.00590400304645,0.00587241333016,5.77612252568e-06,9,1974,ok,
cpudispatch_v2,fft,complex128,256,4,fft_complex128_n256_b4,0.00731793483901,0.00727527462268,2.57198089179e-05,9,1795,ok,
cpudispatch_v2,fft,complex128,256,8,fft_complex128_n256_b8,0.0102361994414,0.0102134326689,1.30488523937e-05,9,1329,ok,
cpudispatch_v2,fft,complex128,256,16,fft_complex128_n256_b16,0.0163954461419,0.0163409629619,5.44831799915e-05,9,863,ok,
cpudispatch_v2,fft,complex128,256,32,fft_complex128_n256_b32,0.0281945249299,0.0280201947317,0.000118624884635,9,200,ok,
cpudispatch_v2,fft,complex128,256,64,fft_complex128_n256_b64,0.0525143701816,0.052399149863,0.000102394842543,9,200,ok,
cpudispatch_v2,fft,complex128,256,256,fft_complex128_n256_b256,0.19185888373,0.19077604831,0.000182388901928,7,103,ok,
cpudispatch_v2,fft,complex128,1024,1,fft_complex128_n1024_b1,0.00874946422296,0.00869931227274,3.31355121075e-05,9,1217,ok,
cpudispatch_v2,fft,complex128,1024,2,fft_complex128_n1024_b2,0.0151245614009,0.0150266547893,5.58802826173e-05,9,878,ok,
cpudispatch_v2,fft,complex128,1024,4,fft_complex128_n1024_b4,0.0228878490887,0.022654387988,0.000152186575261,9,616,ok,
cpudispatch_v2,fft,complex128,1024,8,fft_complex128_n1024_b8,0.0382876646472,0.0380682997638,3.71207715943e-05,9,200,ok,
cpudispatch_v2,fft,complex128,1024,16,fft_complex128_n1024_b16,0.0689376296941,0.0686230853898,0.00025923945941,9,200,ok,
cpudispatch_v2,fft,complex128,1024,32,fft_complex128_n1024_b32,0.129745320533,0.129670274499,3.62150565861e-05,9,153,ok,
cpudispatch_v2,fft,complex128,1024,64,fft_complex128_n1024_b64,0.248828876971,0.246900406862,0.000403729773322,9,81,ok,
cpudispatch_v2,fft,complex128,1024,256,fft_complex128_n1024_b256,0.969071100311,0.962859698726,0.00333233426015,7,30,ok,
cpudispatch_v2,fft,complex128,2048,1,fft_complex128_n2048_b1,0.0153269918866,0.015302875091,2.41167956553e-05,9,872,ok,
cpudispatch_v2,fft,complex128,2048,2,fft_complex128_n2048_b2,0.0291092525003,0.028915037401,0.000126215163618,9,400,ok,
cpudispatch_v2,fft,complex128,2048,4,fft_complex128_n2048_b4,0.0471731647849,0.0468142400496,0.000147235114127,9,200,ok,
cpudispatch_v2,fft,complex128,2048,8,fft_complex128_n2048_b8,0.0824864546303,0.0818717398215,8.53149686009e-05,9,200,ok,
cpudispatch_v2,fft,complex128,2048,16,fft_complex128_n2048_b16,0.152307681591,0.151323848651,0.000498666794914,9,132,ok,
cpudispatch_v2,fft,complex128,2048,32,fft_complex128_n2048_b32,0.293391895717,0.291675970361,0.000643762829366,9,67,ok,
cpudispatch_v2,fft,complex128,2048,64,fft_complex128_n2048_b64,0.569757566943,0.564240132614,0.00203119901319,9,30,ok,
cpudispatch_v2,fft,complex128,2048,256,fft_complex128_n2048_b256,2.27909533229,2.24774691742,0.0313484148743,7,12,ok,
cpudispatch_v2,fft,complex128,3072,1,fft_complex128_n3072_b1,0.0211422636132,0.0210474950078,2.09591136042e-05,9,588,ok,
cpudispatch_v2,fft,complex128,3072,2,fft_complex128_n3072_b2,0.0424156151712,0.0420102552744,0.000100344768725,9,200,ok,
cpudispatch_v2,fft,complex128,3072,4,fft_complex128_n3072_b4,0.0703142851125,0.0697385449894,0.000219864887185,9,200,ok,
cpudispatch_v2,fft,complex128,3072,8,fft_complex128_n3072_b8,0.126186246937,0.124810740228,0.00016252463094,9,158,ok,
cpudispatch_v2,fft,complex128,3072,16,fft_complex128_n3072_b16,0.236126087839,0.235189049272,0.000339761027135,9,80,ok,
cpudispatch_v2,fft,complex128,3072,32,fft_complex128_n3072_b32,0.459507065049,0.455848798932,0.0011939361381,9,30,ok,
cpudispatch_v2,fft,complex128,3072,64,fft_complex128_n3072_b64,0.895594134151,0.893891598874,0.00122796433667,9,30,ok,
cpudispatch_v2,fft,complex128,3072,256,fft_complex128_n3072_b256,3.74138100597,3.72790551046,0.00559937325306,7,8,ok,
cpudispatch_v2,fft,complex128,3584,1,fft_complex128_n3584_b1,0.0242077787922,0.024011529075,0.000153086905786,9,461,ok,
cpudispatch_v2,fft,complex128,3584,2,fft_complex128_n3584_b2,0.0473670352949,0.0471726653632,0.000154739827849,9,200,ok,
cpudispatch_v2,fft,complex128,3584,4,fft_complex128_n3584_b4,0.0789694546256,0.0782764452742,6.55750045553e-05,9,200,ok,
cpudispatch_v2,fft,complex128,3584,8,fft_complex128_n3584_b8,0.141098726836,0.1400540216,0.000581028871238,9,139,ok,
cpudispatch_v2,fft,complex128,3584,16,fft_complex128_n3584_b16,0.270043638819,0.267286209338,0.00079386033273,9,72,ok,
cpudispatch_v2,fft,complex128,3584,32,fft_complex128_n3584_b32,0.512633530889,0.510923630403,0.000913732219487,9,30,ok,
cpudispatch_v2,fft,complex128,3584,64,fft_complex128_n3584_b64,1.01768472312,1.01472289655,0.00296182657496,9,29,ok,
cpudispatch_v2,fft,complex128,3584,256,fft_complex128_n3584_b256,4.43273850639,4.39183283985,0.0239384826273,7,6,ok,
cpudispatch_v2,fft,complex128,4095,1,fft_complex128_n4095_b1,0.0398036424127,0.0392384516696,9.20213730724e-05,9,330,ok,
cpudispatch_v2,fft,complex128,4095,2,fft_complex128_n4095_b2,0.0688651448581,0.0685469899327,0.000293454504572,9,200,ok,
cpudispatch_v2,fft,complex128,4095,4,fft_complex128_n4095_b4,0.124794264096,0.124121603919,0.000225899172888,9,159,ok,
cpudispatch_v2,fft,complex128,4095,8,fft_complex128_n4095_b8,0.238259111939,0.23554423824,0.000370825000573,9,80,ok,
cpudispatch_v2,fft,complex128,4095,16,fft_complex128_n4095_b16,0.465182346552,0.461447604954,0.000769142494645,9,43,ok,
cpudispatch_v2,fft,complex128,4095,32,fft_complex128_n4095_b32,0.917955468564,0.910171032107,0.00382019594933,9,30,ok,
cpudispatch_v2,fft,complex128,4095,64,fft_complex128_n4095_b64,1.78428713116,1.77653430728,0.00449718208984,9,16,ok,
cpudispatch_v2,fft,complex128,4095,256,fft_complex128_n4095_b256,7.51693648635,7.44239799678,0.0465632765554,7,4,ok,
cpudispatch_v2,fft,complex128,4096,1,fft_complex128_n4096_b1,0.0292330596204,0.0290723523469,9.63609906867e-05,9,471,ok,
cpudispatch_v2,fft,complex128,4096,2,fft_complex128_n4096_b2,0.0542414351366,0.0537914800225,0.000362134887837,9,200,ok,
cpudispatch_v2,fft,complex128,4096,4,fft_complex128_n4096_b4,0.0905272649834,0.0891603250057,0.0003596796887,9,200,ok,
cpudispatch_v2,fft,complex128,4096,8,fft_complex128_n4096_b8,0.162671836376,0.161485984105,0.000662238100452,9,122,ok,
cpudispatch_v2,fft,complex128,4096,16,fft_complex128_n4096_b16,0.307401374812,0.306467733026,0.000386342435377,9,64,ok,
cpudispatch_v2,fft,complex128,4096,32,fft_complex128_n4096_b32,0.596826768015,0.595446800192,0.00137996782238,9,30,ok,
cpudispatch_v2,fft,complex128,4096,64,fft_complex128_n4096_b64,1.17828220633,1.17369308039,0.00421132911773,9,24,ok,
cpudispatch_v2,fft,complex128,4096,256,fft_complex128_n4096_b256,5.20361983217,5.04123433105,0.0787321672154,7,6,ok,
cpudispatch_v2,fft,complex128,4097,1,fft_complex128_n4097_b1,0.112404136979,0.111272410279,0.000275934802457,7,168,ok,
cpudispatch_v2,fft,complex128,4097,2,fft_complex128_n4097_b2,0.182928314305,0.181727921682,0.000557332646613,7,102,ok,
cpudispatch_v2,fft,complex128,4097,4,fft_complex128_n4097_b4,0.348864891566,0.348151365126,0.000413509339771,7,55,ok,
cpudispatch_v2,fft,complex128,4097,8,fft_complex128_n4097_b8,0.684698413383,0.680086206934,0.00298875865751,7,29,ok,
cpudispatch_v2,fft,complex128,4097,16,fft_complex128_n4097_b16,1.35277618591,1.3434454079,0.00904250720685,7,22,ok,
cpudispatch_v2,fft,complex128,4097,32,fft_complex128_n4097_b32,2.69688964313,2.68013427161,0.0124408186159,7,11,ok,
cpudispatch_v2,fft,complex128,4097,64,fft_complex128_n4097_b64,5.3943380015,5.35405799747,0.0236227875575,7,5,ok,
cpudispatch_v2,fft,complex128,4097,256,fft_complex128_n4097_b256,21.9746000366,21.6960440157,0.136057962663,7,1,ok,
cpudispatch_v2,fft,complex128,4608,1,fft_complex128_n4608_b1,0.0303100747988,0.030212290003,8.30047065392e-05,7,200,ok,
cpudispatch_v2,fft,complex128,4608,2,fft_complex128_n4608_b2,0.0651622400619,0.0647577748168,0.000118425232358,7,200,ok,
cpudispatch_v2,fft,complex128,4608,4,fft_complex128_n4608_b4,0.111551750322,0.11106483289,0.000328955421638,7,180,ok,
cpudispatch_v2,fft,complex128,4608,8,fft_complex128_n4608_b8,0.203821141357,0.201859454991,0.00113609124615,7,99,ok,
cpudispatch_v2,fft,complex128,4608,16,fft_complex128_n4608_b16,0.385910532592,0.38117323614,0.000705333271374,7,30,ok,
cpudispatch_v2,fft,complex128,4608,32,fft_complex128_n4608_b32,0.747742531045,0.744997663423,0.00159903041398,7,30,ok,
cpudispatch_v2,fft,complex128,4608,64,fft_complex128_n4608_b64,1.48690814967,1.47823275183,0.00610155402683,7,20,ok,
cpudispatch_v2,fft,complex128,4608,256,fft_complex128_n4608_b256,6.28770960029,6.1964411987,0.0465459888801,7,5,ok,
cpudispatch_v2,fft,complex128,8192,1,fft_complex128_n8192_b1,0.0597217003815,0.0593718397431,0.000238455249928,7,200,ok,
cpudispatch_v2,fft,complex128,8192,2,fft_complex128_n8192_b2,0.117647118547,0.116974485283,0.000186679890302,7,169,ok,
cpudispatch_v2,fft,complex128,8192,4,fft_complex128_n8192_b4,0.205241567359,0.204785339313,0.000354289029216,7,97,ok,
cpudispatch_v2,fft,complex128,8192,8,fft_complex128_n8192_b8,0.386137132361,0.384026813615,0.00211031874642,7,38,ok,
cpudispatch_v2,fft,complex128,8192,16,fft_complex128_n8192_b16,0.743393964755,0.740584300365,0.00148749677464,7,30,ok,
cpudispatch_v2,fft,complex128,8192,32,fft_complex128_n8192_b32,1.47702145041,1.45520014921,0.0143531535286,7,20,ok,
cpudispatch_v2,fft,complex128,8192,64,fft_complex128_n8192_b64,3.00980239408,2.97276829369,0.0326046952978,7,10,ok,
cpudispatch_v2,fft,complex128,8192,256,fft_complex128_n8192_b256,14.368073976,14.2822216731,0.0858523029213,7,3,ok,
cpudispatch_v2,fft,complex128,16384,1,fft_complex128_n16384_b1,0.178979797056,0.177913055436,0.000390926962373,7,108,ok,
cpudispatch_v2,fft,complex128,16384,2,fft_complex128_n16384_b2,0.357538612594,0.35598751856,0.000769220706489,7,54,ok,
cpudispatch_v2,fft,complex128,16384,4,fft_complex128_n16384_b4,0.699017392305,0.697780429618,0.00123696268669,7,28,ok,
cpudispatch_v2,fft,complex128,16384,8,fft_complex128_n16384_b8,1.39401980587,1.37932819226,0.00666208853502,7,21,ok,
cpudispatch_v2,fft,complex128,16384,16,fft_complex128_n16384_b16,2.7336865473,2.71147999659,0.00821554567665,7,11,ok,
cpudispatch_v2,fft,complex128,16384,32,fft_complex128_n16384_b32,5.57895139791,5.49254978541,0.0532226171345,7,5,ok,
cpudispatch_v2,fft,complex128,16384,64,fft_complex128_n16384_b64,11.5476449719,11.4724625018,0.0491575337946,7,2,ok,
cpudispatch_v2,fft,complex128,16384,256,fft_complex128_n16384_b256,49.7344220057,49.4775250554,0.256896950305,7,1,ok,
cpudispatch_v2,fft,complex128,32768,1,fft_complex128_n32768_b1,0.413254341804,0.411193213485,0.00139176746474,7,47,ok,
cpudispatch_v2,fft,complex128,32768,2,fft_complex128_n32768_b2,0.825841045614,0.819610998682,0.00291025650728,7,23,ok,
cpudispatch_v2,fft,complex128,32768,4,fft_complex128_n32768_b4,1.64285983192,1.63781699828,0.0026645591586,7,18,ok,
cpudispatch_v2,fft,complex128,32768,8,fft_complex128_n32768_b8,3.28534800145,3.27027378242,0.0150742190373,7,9,ok,
cpudispatch_v2,fft,complex128,32768,16,fft_complex128_n32768_b16,6.9628485071,6.88410474686,0.0487722572871,7,4,ok,
cpudispatch_v2,fft,complex128,32768,32,fft_complex128_n32768_b32,14.5897130133,14.5197010133,0.0700119999237,7,2,ok,
cpudispatch_v2,fft,complex128,32768,64,fft_complex128_n32768_b64,29.5420420589,29.4224359095,0.104748061858,7,1,ok,
cpudispatch_v2,fft,complex128,32768,256,fft_complex128_n32768_b256,114.993944997,114.557098947,0.341405975632,7,1,ok,
cpudispatch_v2,fft,complex128,65536,1,fft_complex128_n65536_b1,0.878855771258,0.874767138157,0.00179981791668,7,22,ok,
cpudispatch_v2,fft,complex128,65536,2,fft_complex128_n65536_b2,1.75486305756,1.74468911856,0.00634199857493,7,17,ok,
cpudispatch_v2,fft,complex128,65536,4,fft_complex128_n65536_b4,3.5835061135,3.54682061879,0.0162932410603,7,8,ok,
cpudispatch_v2,fft,complex128,65536,8,fft_complex128_n65536_b8,7.30572198518,7.24027349497,0.0654484902043,7,4,ok,
cpudispatch_v2,fft,complex128,65536,16,fft_complex128_n65536_b16,15.5416929629,14.9982059374,0.284107052721,7,1,ok,
cpudispatch_v2,fft,complex128,65536,32,fft_complex128_n65536_b32,32.9820780316,32.6950349845,0.151867978275,7,1,ok,
cpudispatch_v2,fft,complex128,65536,64,fft_complex128_n65536_b64,64.4008499803,63.7682240922,0.137079972774,7,1,ok,
cpudispatch_v2,fft,complex128,65536,256,fft_complex128_n65536_b256,851.201115991,379.906408023,106.034621014,7,1,ok,
cpudispatch_v2,ifft,complex64,64,1,ifft_complex64_n64_b1,0.00445038323746,0.00442014339462,8.14982152352e-06,9,1088,ok,
cpudispatch_v2,ifft,complex64,64,2,ifft_complex64_n64_b2,0.00515793573694,0.00508784692864,2.48889110106e-05,9,1836,ok,
cpudispatch_v2,ifft,complex64,64,4,ifft_complex64_n64_b4,0.00565022321371,0.00558927179305,2.3674916394e-05,9,1317,ok,
cpudispatch_v2,ifft,complex64,64,8,ifft_complex64_n64_b8,0.00656580176591,0.00649987616754,1.63372874155e-05,9,1841,ok,
cpudispatch_v2,ifft,complex64,64,16,ifft_complex64_n64_b16,0.00795648598688,0.00786967923963,3.20254233057e-05,9,1537,ok,
cpudispatch_v2,ifft,complex64,64,32,ifft_complex64_n64_b32,0.0108258641828,0.0107661398461,2.09495539327e-05,9,1208,ok,
cpudispatch_v2,ifft,complex64,64,64,ifft_complex64_n64_b64,0.0166770747161,0.0166309905634,1.26602353789e-05,9,842,ok,
cpudispatch_v2,ifft,complex64,64,256,ifft_complex64_n64_b256,0.0525158201344,0.0522934499895,0.000157500035129,7,200,ok,
cpudispatch_v2,ifft,complex64,256,1,ifft_complex64_n256_b1,0.00565067201387,0.00562174699735,1.50535488501e-05,9,2000,ok,
cpudispatch_v2,ifft,complex64,256,2,ifft_complex64_n256_b2,0.00697337510716,0.0068621843474,3.22723784022e-05,9,1714,ok,
cpudispatch_v2,ifft,complex64,256,4,ifft_complex64_n256_b4,0.00869035811353,0.00858477624591,9.82057737723e-06,9,1466,ok,
cpudispatch_v2,ifft,complex64,256,8,ifft_complex64_n256_b8,0.0120303176421,0.011989712948,1.12805368931e-05,9,1080,ok,
cpudispatch_v2,ifft,complex64,256,16,ifft_complex64_n256_b16,0.0186499734168,0.0184494474838,3.13744703394e-05,9,753,ok,
cpudispatch_v2,ifft,complex64,256,32,ifft_complex64_n256_b32,0.032014750177,0.031844775076,0.00013425538782,9,200,ok,
cpudispatch_v2,ifft,complex64,256,64,ifft_complex64_n256_b64,0.0584481901024,0.058214449673,0.000179240014404,9,200,ok,
cpudispatch_v2,ifft,complex64,256,256,ifft_complex64_n256_b256,0.21690991201,0.216154129821,0.000152023225699,7,92,ok,
cpudispatch_v2,ifft,complex64,1024,1,ifft_complex64_n1024_b1,0.0103882589723,0.0102739890605,3.72952981355e-05,9,1189,ok,
cpudispatch_v2,ifft,complex64,1024,2,ifft_complex64_n1024_b2,0.0180360944703,0.0178301997556,8.86828670034e-05,9,741,ok,
cpudispatch_v2,ifft,complex64,1024,4,ifft_complex64_n1024_b4,0.0242098345984,0.0241344029137,5.40613072837e-05,9,556,ok,
cpudispatch_v2,ifft,complex64,1024,8,ifft_complex64_n1024_b8,0.0395588151878,0.0392753799679,7.74447107688e-05,9,200,ok,
cpudispatch_v2,ifft,complex64,1024,16,ifft_complex64_n1024_b16,0.0697694998235,0.0696076446911,7.01798126101e-05,9,200,ok,
cpudispatch_v2,ifft,complex64,1024,32,ifft_complex64_n1024_b32,0.130487836477,0.130123548587,8.59084204326e-05,9,153,ok,
cpudispatch_v2,ifft,complex64,1024,64,ifft_complex64_n1024_b64,0.24880426906,0.248080462767,0.000204474557764,9,78,ok,
cpudispatch_v2,ifft,complex64,1024,256,ifft_complex64_n1024_b256,0.965997307754,0.964133446265,0.00049645113277,7,29,ok,
cpudispatch_v2,ifft,complex64,2048,1,ifft_complex64_n2048_b1,0.0164532704391,0.0163082653209,7.12740059023e-05,9,799,ok,
cpudispatch_v2,ifft,complex64,2048,2,ifft_complex64_n2048_b2,0.0315721507108,0.0313622414954,7.2734021559e-05,9,451,ok,
cpudispatch_v2,ifft,complex64,2048,4,ifft_complex64_n2048_b4,0.0459582149051,0.0458752154373,3.83303267881e-05,9,200,ok,
cpudispatch_v2,ifft,complex64,2048,8,ifft_complex64_n2048_b8,0.0779529300053,0.0772694399348,0.00020288513042,9,200,ok,
cpudispatch_v2,ifft,complex64,2048,16,ifft_complex64_n2048_b16,0.142001518444,0.14159787721,0.000278806320573,9,139,ok,
cpudispatch_v2,ifft,complex64,2048,32,ifft_complex64_n2048_b32,0.270404749446,0.267324333739,0.000355529159101,9,72,ok,
cpudispatch_v2,ifft,complex64,2048,64,ifft_complex64_n2048_b64,0.525779734987,0.524168364548,0.000940100289881,9,30,ok,
cpudispatch_v2,ifft,complex64,2048,256,ifft_complex64_n2048_b256,2.05903707371,2.05251550402,0.00603357329965,7,14,ok,
cpudispatch_v2,ifft,complex64,3072,1,ifft_complex64_n3072_b1,0.023593195494,0.0234029794969,7.54378398391e-05,9,491,ok,
cpudispatch_v2,ifft,complex64,3072,2,ifft_complex64_n3072_b2,0.0462626450462,0.04606076458,9.62300691754e-05,9,200,ok,
cpudispatch_v2,ifft,complex64,3072,4,ifft_complex64_n3072_b4,0.0667546049226,0.0665267196018,0.000107960077003,9,200,ok,
cpudispatch_v2,ifft,complex64,3072,8,ifft_complex64_n3072_b8,0.117081256954,0.115928490652,0.000366420969803,9,171,ok,
cpudispatch_v2,ifft,complex64,3072,16,ifft_complex64_n3072_b16,0.216389032361,0.215309140052,0.000839119136173,9,93,ok,
cpudispatch_v2,ifft,complex64,3072,32,ifft_complex64_n3072_b32,0.416584867829,0.413457967807,0.0020625651814,9,30,ok,
cpudispatch_v2,ifft,complex64,3072,64,ifft_complex64_n3072_b64,0.823506468441,0.819406367373,0.000700994860381,9,30,ok,
cpudispatch_v2,ifft,complex64,3072,256,ifft_complex64_n3072_b256,3.22905366516,3.22322600469,0.0036557774163,7,9,ok,
cpudispatch_v2,ifft,complex64,3584,1,ifft_complex64_n3584_b1,0.0258466621773,0.0255971335969,3.78329211696e-05,9,509,ok,
cpudispatch_v2,ifft,complex64,3584,2,ifft_complex64_n3584_b2,0.0521678599762,0.0516362546477,0.000221219961531,9,200,ok,
cpudispatch_v2,ifft,complex64,3584,4,ifft_complex64_n3584_b4,0.0760655599879,0.0750843045535,0.000288895098493,9,200,ok,
cpudispatch_v2,ifft,complex64,3584,8,ifft_complex64_n3584_b8,0.133717433394,0.132997067024,0.000471486710012,9,150,ok,
cpudispatch_v2,ifft,complex64,3584,16,ifft_complex64_n3584_b16,0.253365852261,0.25240315935,0.000357346172318,9,81,ok,
cpudispatch_v2,ifft,complex64,3584,32,ifft_complex64_n3584_b32,0.475770467892,0.47477260232,0.000844930764288,9,30,ok,
cpudispatch_v2,ifft,complex64,3584,64,ifft_complex64_n3584_b64,0.934554834384,0.933532234437,0.00028086360544,9,30,ok,
cpudispatch_v2,ifft,complex64,3584,256,ifft_complex64_n3584_b256,3.741062872,3.71237738,0.00863638706505,7,8,ok,
cpudispatch_v2,ifft,complex64,4095,1,ifft_complex64_n4095_b1,0.0470478516302,0.0469914876918,5.63639383961e-05,9,283,ok,
cpudispatch_v2,ifft,complex64,4095,2,ifft_complex64_n4095_b2,0.0874834548449,0.086223219987,0.000229334691539,9,200,ok,
cpudispatch_v2,ifft,complex64,4095,4,ifft_complex64_n4095_b4,0.0995209997971,0.0993376715353,7.46410358885e-05,9,198,ok,
cpudispatch_v2,ifft,complex64,4095,8,ifft_complex64_n4095_b8,0.185456541454,0.184539664171,0.000850392166073,9,107,ok,
cpudispatch_v2,ifft,complex64,4095,16,ifft_complex64_n4095_b16,0.355581388619,0.354259999262,0.000768295851433,9,54,ok,
cpudispatch_v2,ifft,complex64,4095,32,ifft_complex64_n4095_b32,0.702421165382,0.697407999542,0.000817534358551,9,30,ok,
cpudispatch_v2,ifft,complex64,4095,64,ifft_complex64_n4095_b64,1.3822456212,1.36852490028,0.00390547349872,9,21,ok,
cpudispatch_v2,ifft,complex64,4095,256,ifft_complex64_n4095_b256,5.62919441145,5.58310919441,0.0450032064691,7,5,ok,
cpudispatch_v2,ifft,complex64,4096,1,ifft_complex64_n4096_b1,0.0293131372211,0.0292157431842,5.73407273443e-05,9,452,ok,
cpudispatch_v2,ifft,complex64,4096,2,ifft_complex64_n4096_b2,0.0592697953107,0.0590655603446,0.000160955823958,9,200,ok,
cpudispatch_v2,ifft,complex64,4096,4,ifft_complex64_n4096_b4,0.0860173796536,0.085396359791,0.000333885545842,9,200,ok,
cpudispatch_v2,ifft,complex64,4096,8,ifft_complex64_n4096_b8,0.153350960572,0.1520671315,0.000362388262626,9,129,ok,
cpudispatch_v2,ifft,complex64,4096,16,ifft_complex64_n4096_b16,0.286310618428,0.283469807233,0.000565338482642,9,68,ok,
cpudispatch_v2,ifft,complex64,4096,32,ifft_complex64_n4096_b32,0.554882797102,0.554167432711,0.000449502840638,9,30,ok,
cpudispatch_v2,ifft,complex64,4096,64,ifft_complex64_n4096_b64,1.08131915072,1.06889933468,0.00338493070255,9,27,ok,
cpudispatch_v2,ifft,complex64,4096,256,ifft_complex64_n4096_b256,4.2211761299,4.21783427841,0.00334185148988,7,7,ok,
cpudispatch_v2,ifft,complex64,4097,1,ifft_complex64_n4097_b1,0.14267027248,0.141347176395,0.0003746827133,7,136,ok,
cpudispatch_v2,ifft,complex64,4097,2,ifft_complex64_n4097_b2,0.272484245863,0.27099678178,0.0011239038168,7,73,ok,
cpudispatch_v2,ifft,complex64,4097,4,ifft_complex64_n4097_b4,0.225235190075,0.222683405462,0.00135209986919,7,89,ok,
cpudispatch_v2,ifft,complex64,4097,8,ifft_complex64_n4097_b8,0.430338239075,0.429767588882,0.000570650192221,7,46,ok,
cpudispatch_v2,ifft,complex64,4097,16,ifft_complex64_n4097_b16,0.846640901485,0.845819335276,0.00060413343211,7,30,ok,
cpudispatch_v2,ifft,complex64,4097,32,ifft_complex64_n4097_b32,1.63276083509,1.62723644947,0.00109310753437,7,18,ok,
cpudispatch_v2,ifft,complex64,4097,64,ifft_complex64_n4097_b64,3.4155096364,3.39817686472,0.00526873918716,7,8,ok,
cpudispatch_v2,ifft,complex64,4097,256,ifft_complex64_n4097_b256,13.7259263235,13.6335616698,0.0180306766803,7,3,ok,
cpudispatch_v2,ifft,complex64,4608,1,ifft_complex64_n4608_b1,0.0344382302137,0.0340457900893,9.8334858194e-05,7,200,ok,
cpudispatch_v2,ifft,complex64,4608,2,ifft_complex64_n4608_b2,0.0713279499905,0.0698358297814,0.000298065133393,7,200,ok,
cpudispatch_v2,ifft,complex64,4608,4,ifft_complex64_n4608_b4,0.101183877231,0.100843338535,0.000218051867798,7,195,ok,
cpudispatch_v2,ifft,complex64,4608,8,ifft_complex64_n4608_b8,0.179711053869,0.179144846452,0.00027122462655,7,111,ok,
cpudispatch_v2,ifft,complex64,4608,16,ifft_complex64_n4608_b16,0.338545934452,0.33662096442,0.000289233867079,7,30,ok,
cpudispatch_v2,ifft,complex64,4608,32,ifft_complex64_n4608_b32,0.655876100063,0.653946465657,0.00111210004737,7,30,ok,
cpudispatch_v2,ifft,complex64,4608,64,ifft_complex64_n4608_b64,1.28315808758,1.28174021982,0.00141786775835,7,23,ok,
cpudispatch_v2,ifft,complex64,4608,256,ifft_complex64_n4608_b256,5.08378280792,5.05523900501,0.0121689867228,7,5,ok,
cpudispatch_v2,ifft,complex64,8192,1,ifft_complex64_n8192_b1,0.0558657100191,0.055160674965,0.00023529981263,7,200,ok,
cpudispatch_v2,ifft,complex64,8192,2,ifft_complex64_n8192_b2,0.107226533186,0.106930588167,0.000176433816675,7,182,ok,
cpudispatch_v2,ifft,complex64,8192,4,ifft_complex64_n8192_b4,0.184795193357,0.184256916678,8.5100668286e-05,7,109,ok,
cpudispatch_v2,ifft,complex64,8192,8,ifft_complex64_n8192_b8,0.336201806357,0.335318404005,0.000465089422569,7,57,ok,
cpudispatch_v2,ifft,complex64,8192,16,ifft_complex64_n8192_b16,0.641427767308,0.637023131518,0.00165650077785,7,30,ok,
cpudispatch_v2,ifft,complex64,8192,32,ifft_complex64_n8192_b32,1.24933116604,1.24634508393,0.00297816586681,7,24,ok,
cpudispatch_v2,ifft,complex64,8192,64,ifft_complex64_n8192_b64,2.47091483713,2.46260408312,0.00494183041155,7,12,ok,
cpudispatch_v2,ifft,complex64,8192,256,ifft_complex64_n8192_b256,10.3700793503,10.2925726678,0.0273953191936,7,3,ok,
cpudispatch_v2,ifft,complex64,16384,1,ifft_complex64_n16384_b1,0.108529761201,0.107542389176,0.000194755719147,7,180,ok,
cpudispatch_v2,ifft,complex64,16384,2,ifft_complex64_n16384_b2,0.194307490864,0.194149842833,0.000157648030961,7,102,ok,
cpudispatch_v2,ifft,complex64,16384,4,ifft_complex64_n16384_b4,0.351791945702,0.350722947457,0.000658035527782,7,56,ok,
cpudispatch_v2,ifft,complex64,16384,8,ifft_complex64_n16384_b8,0.667087000329,0.664053900012,0.00140899792314,7,30,ok,
cpudispatch_v2,ifft,complex64,16384,16,ifft_complex64_n16384_b16,1.29889743403,1.29567221333,0.00155686765261,7,23,ok,
cpudispatch_v2,ifft,complex64,16384,32,ifft_complex64_n16384_b32,2.59304691148,2.57662954656,0.00223791523075,7,11,ok,
cpudispatch_v2,ifft,complex64,16384,64,ifft_complex64_n16384_b64,5.1579169929,5.11760658119,0.0152088003233,7,5,ok,
cpudispatch_v2,ifft,complex64,16384,256,ifft_complex64_n16384_b256,23.3877829742,23.2092150254,0.101802987047,7,1,ok,
cpudispatch_v2,ifft,complex64,32768,1,ifft_complex64_n32768_b1,0.219805611091,0.2195125989,0.000142166391015,7,90,ok,
cpudispatch_v2,ifft,complex64,32768,2,ifft_complex64_n32768_b2,0.394628796612,0.39168875617,0.00294004044286,7,49,ok,
cpudispatch_v2,ifft,complex64,32768,4,ifft_complex64_n32768_b4,0.732369100054,0.729899768097,0.00221716472879,7,30,ok,
cpudispatch_v2,ifft,complex64,32768,8,ifft_complex64_n32768_b8,1.40000875884,1.39800924253,0.00178051691148,7,21,ok,
cpudispatch_v2,ifft,complex64,32768,16,ifft_complex64_n32768_b16,2.78063999722,2.76294149226,0.00465970952064,7,10,ok,
cpudispatch_v2,ifft,complex64,32768,32,ifft_complex64_n32768_b32,5.52185939159,5.4958161898,0.0147297745571,7,5,ok,
cpudispatch_v2,ifft,complex64,32768,64,ifft_complex64_n32768_b64,11.2413739941,11.1798443055,0.0190426750729,7,3,ok,
cpudispatch_v2,ifft,complex64,32768,256,ifft_complex64_n32768_b256,47.9229760822,47.7365129627,0.10471814312,7,1,ok,
cpudispatch_v2,ifft,complex64,65536,1,ifft_complex64_n65536_b1,0.456985232399,0.455785047285,0.000747464878788,7,43,ok,
cpudispatch_v2,ifft,complex64,65536,2,ifft_complex64_n65536_b2,0.862587363614,0.861085897001,0.000236396833012,7,30,ok,
cpudispatch_v2,ifft,complex64,65536,4,ifft_complex64_n65536_b4,1.65399928879,1.64618635523,0.00572383321603,7,17,ok,
cpudispatch_v2,ifft,complex64,65536,8,ifft_complex64_n65536_b8,3.2079282165,3.19382144759,0.00483699194673,7,9,ok,
cpudispatch_v2,ifft,complex64,65536,16,ifft_complex64_n65536_b16,6.36997976108,6.33042250411,0.0104272330645,7,4,ok,
cpudispatch_v2,ifft,complex64,65536,32,ifft_complex64_n65536_b32,13.108882665,13.0441669996,0.0262726874401,7,3,ok,
cpudispatch_v2,ifft,complex64,65536,64,ifft_complex64_n65536_b64,27.8284420492,27.66423102,0.164211029187,7,1,ok,
cpudispatch_v2,ifft,complex64,65536,256,ifft_complex64_n65536_b256,108.065402019,107.640337083,0.279198982753,7,1,ok,
cpudispatch_v2,ifft,complex128,64,1,ifft_complex128_n64_b1,0.00435611981066,0.00434969604807,3.01717780014e-06,9,1803,ok,
cpudispatch_v2,ifft,complex128,64,2,ifft_complex128_n64_b2,0.00498097052332,0.00495754100848,9.84402140602e-06,9,2000,ok,
cpudispatch_v2,ifft,complex128,64,4,ifft_complex128_n64_b4,0.00541417999193,0.00537751551019,1.37210008688e-05,9,2000,ok,
cpudispatch_v2,ifft,complex128,64,8,ifft_complex128_n64_b8,0.00611899251817,0.00608231849037,2.0848994609e-05,9,2000,ok,
cpudispatch_v2,ifft,complex128,64,16,ifft_complex128_n64_b16,0.00742945330096,0.00735523781553,1.82202625068e-05,9,1703,ok,
cpudispatch_v2,ifft,complex128,64,32,ifft_complex128_n64_b32,0.00996480354088,0.00988669860249,5.26390454554e-05,9,1410,ok,
cpudispatch_v2,ifft,complex128,64,64,ifft_complex128_n64_b64,0.0150977578542,0.0150761145067,1.7939893084e-05,9,917,ok,
cpudispatch_v2,ifft,complex128,64,256,ifft_complex128_n64_b256,0.0458876352059,0.0457995198667,8.81153391674e-05,7,200,ok,
cpudispatch_v2,ifft,complex128,256,1,ifft_complex128_n256_b1,0.00564073800342,0.00560850248439,1.92215084098e-05,9,2000,ok,
cpudispatch_v2,ifft,complex128,256,2,ifft_complex128_n256_b2,0.00680978709912,0.00674947667753,1.66448198853e-05,9,1630,ok,
cpudispatch_v2,ifft,complex128,256,4,ifft_complex128_n256_b4,0.00841194408548,0.00838716707437,1.64640144443e-05,9,1556,ok,
cpudispatch_v2,ifft,complex128,256,8,ifft_complex128_n256_b8,0.011582943434,0.0115188145126,2.29441619215e-05,9,1148,ok,
cpudispatch_v2,ifft,complex128,256,16,ifft_complex128_n256_b16,0.0181166587936,0.0180274934489,2.52436317775e-05,9,768,ok,
cpudispatch_v2,ifft,complex128,256,32,ifft_complex128_n256_b32,0.0314758298919,0.0312562147155,0.000123484642245,9,200,ok,
cpudispatch_v2,ifft,complex128,256,64,ifft_complex128_n256_b64,0.057362090447,0.0571390648838,8.96194251254e-05,9,200,ok,
cpudispatch_v2,ifft,complex128,256,256,ifft_complex128_n256_b256,0.209866124682,0.207359557283,0.000359875478104,7,88,ok,
cpudispatch_v2,ifft,complex128,1024,1,ifft_complex128_n1024_b1,0.0101303556479,0.0100821864072,1.89793474431e-05,9,1212,ok,
cpudispatch_v2,ifft,complex128,1024,2,ifft_complex128_n1024_b2,0.0167309837381,0.0167053880052,2.44366475358e-05,9,804,ok,
cpudispatch_v2,ifft,complex128,1024,4,ifft_complex128_n1024_b4,0.0251685892614,0.0249773951528,2.43431096009e-05,9,577,ok,
cpudispatch_v2,ifft,complex128,1024,8,ifft_complex128_n1024_b8,0.0414306099992,0.0408155447803,0.000179284834303,9,200,ok,
cpudispatch_v2,ifft,complex128,1024,16,ifft_complex128_n1024_b16,0.0743644899921,0.0738819799153,0.00010279007256,9,200,ok,
cpudispatch_v2,ifft,complex128,1024,32,ifft_complex128_n1024_b32,0.138655916898,0.138408924007,0.00011988110297,9,144,ok,
cpudispatch_v2,ifft,complex128,1024,64,ifft_complex128_n1024_b64,0.266698445508,0.266050473107,0.000422027566143,9,74,ok,
cpudispatch_v2,ifft,complex128,1024,256,ifft_complex128_n1024_b256,1.03441117219,1.03028889762,0.0014465165742,7,29,ok,
cpudispatch_v2,ifft,complex128,2048,1,ifft_complex128_n2048_b1,0.0162356047064,0.016204668967,3.09357394129e-05,9,731,ok,
cpudispatch_v2,ifft,complex128,2048,2,ifft_complex128_n2048_b2,0.0309169260493,0.0305300718478,7.76624619506e-05,9,459,ok,
cpudispatch_v2,ifft,complex128,2048,4,ifft_complex128_n2048_b4,0.0494282797445,0.0491650350159,0.000151384738274,9,200,ok,
cpudispatch_v2,ifft,complex128,2048,8,ifft_complex128_n2048_b8,0.0861511850962,0.0857258297037,0.000197674962692,9,200,ok,
cpudispatch_v2,ifft,complex128,2048,16,ifft_complex128_n2048_b16,0.160466739529,0.159763381816,0.000611722764627,9,123,ok,
cpudispatch_v2,ifft,complex128,2048,32,ifft_complex128_n2048_b32,0.311282938128,0.308359751216,0.00056998396758,9,64,ok,
cpudispatch_v2,ifft,complex128,2048,64,ifft_complex128_n2048_b64,0.604045767492,0.602647797981,0.000548700336367,9,30,ok,
cpudispatch_v2,ifft,complex128,2048,256,ifft_complex128_n2048_b256,2.42398274713,2.40563974755,0.0106559988732,7,12,ok,
cpudispatch_v2,ifft,complex128,3072,1,ifft_complex128_n3072_b1,0.0233870759021,0.0231668004246,2.80213325084e-05,9,566,ok,
cpudispatch_v2,ifft,complex128,3072,2,ifft_complex128_n3072_b2,0.0446724845096,0.044351585093,6.43753446639e-05,9,200,ok,
cpudispatch_v2,ifft,complex128,3072,4,ifft_complex128_n3072_b4,0.0746360549238,0.0745416799327,8.22549918666e-05,9,200,ok,
cpudispatch_v2,ifft,complex128,3072,8,ifft_complex128_n3072_b8,0.132669963242,0.132401358255,0.0001735327575,9,137,ok,
cpudispatch_v2,ifft,complex128,3072,16,ifft_complex128_n3072_b16,0.249436949138,0.249154988205,0.000173439174987,9,77,ok,
cpudispatch_v2,ifft,complex128,3072,32,ifft_complex128_n3072_b32,0.483587601533,0.482399668545,0.000195698036502,9,30,ok,
cpudispatch_v2,ifft,complex128,3072,64,ifft_complex128_n3072_b64,0.947452899224,0.945046334527,0.00163040434321,9,30,ok,
cpudispatch_v2,ifft,complex128,3072,256,ifft_complex128_n3072_b256,3.98362271621,3.92963486125,0.0152674370578,7,7,ok,
cpudispatch_v2,ifft,complex128,3584,1,ifft_complex128_n3584_b1,0.025752697649,0.0256933023713,5.01337168782e-05,9,516,ok,
cpudispatch_v2,ifft,complex128,3584,2,ifft_complex128_n3584_b2,0.0498890050221,0.0494454154978,0.000242504756898,9,200,ok,
cpudispatch_v2,ifft,complex128,3584,4,ifft_complex128_n3584_b4,0.0829778349726,0.0825333897956,0.000263599795289,9,200,ok,
cpudispatch_v2,ifft,complex128,3584,8,ifft_complex128_n3584_b8,0.147577481241,0.147029036587,0.000396977972101,9,135,ok,
cpudispatch_v2,ifft,complex128,3584,16,ifft_complex128_n3584_b16,0.281047792264,0.280799971531,0.000118279583856,9,72,ok,
cpudispatch_v2,ifft,complex128,3584,32,ifft_complex128_n3584_b32,0.538692134432,0.536243865887,0.00161036538581,9,30,ok,
cpudispatch_v2,ifft,complex128,3584,64,ifft_complex128_n3584_b64,1.06736978549,1.06456375215,0.00176407463316,9,28,ok,
cpudispatch_v2,ifft,complex128,3584,256,ifft_complex128_n3584_b256,4.56334716485,4.5255641647,0.0260610055799,7,6,ok,
cpudispatch_v2,ifft,complex128,4095,1,ifft_complex128_n4095_b1,0.0421185109147,0.0418895356726,0.000142315748629,9,323,ok,
cpudispatch_v2,ifft,complex128,4095,2,ifft_complex128_n4095_b2,0.0711152498843,0.0704034551745,0.000479859882034,9,200,ok,
cpudispatch_v2,ifft,complex128,4095,4,ifft_complex128_n4095_b4,0.128625668343,0.127994999677,0.000213526110709,9,154,ok,
cpudispatch_v2,ifft,complex128,4095,8,ifft_complex128_n4095_b8,0.24531655485,0.242402518375,0.000486357344521,9,81,ok,
cpudispatch_v2,ifft,complex128,4095,16,ifft_complex128_n4095_b16,0.477891575429,0.474157277495,0.000866124173626,9,40,ok,
cpudispatch_v2,ifft,complex128,4095,32,ifft_complex128_n4095_b32,0.94095293122,0.93517866917,0.000589430176963,9,30,ok,
cpudispatch_v2,ifft,complex128,4095,64,ifft_complex128_n4095_b64,1.84093237476,1.83804750122,0.00182968506124,9,16,ok,
cpudispatch_v2,ifft,complex128,4095,256,ifft_complex128_n4095_b256,7.6517383568,7.5930536647,0.0343783758581,7,3,ok,
cpudispatch_v2,ifft,complex128,4096,1,ifft_complex128_n4096_b1,0.0305766295591,0.0302739592386,6.22723637306e-05,9,367,ok,
cpudispatch_v2,ifft,complex128,4096,2,ifft_complex128_n4096_b2,0.0568101450335,0.0563295849133,0.000120180193335,9,200,ok,
cpudispatch_v2,ifft,complex128,4096,4,ifft_complex128_n4096_b4,0.0959191098809,0.0956160848727,8.72154487297e-05,9,200,ok,
cpudispatch_v2,ifft,complex128,4096,8,ifft_complex128_n4096_b8,0.171206061445,0.170173583066,0.000449809569704,9,115,ok,
cpudispatch_v2,ifft,complex128,4096,16,ifft_complex128_n4096_b16,0.325422016446,0.323154459723,0.000752737654037,9,61,ok,
cpudispatch_v2,ifft,complex128,4096,32,ifft_complex128_n4096_b32,0.628528736221,0.625488965306,0.00102060148492,9,30,ok,
cpudispatch_v2,ifft,complex128,4096,64,ifft_complex128_n4096_b64,1.23735799697,1.23417982832,0.000865132871853,9,23,ok,
cpudispatch_v2,ifft,complex128,4096,256,ifft_complex128_n4096_b256,5.33754481003,5.29259180184,0.0376392155886,7,5,ok,
cpudispatch_v2,ifft,complex128,4097,1,ifft_complex128_n4097_b1,0.113799809783,0.113209166947,0.000413041561842,7,168,ok,
cpudispatch_v2,ifft,complex128,4097,2,ifft_complex128_n4097_b2,0.18536453458,0.184888089315,0.000476445265041,7,101,ok,
cpudispatch_v2,ifft,complex128,4097,4,ifft_complex128_n4097_b4,0.362914364616,0.361093836413,0.00124707479369,7,55,ok,
cpudispatch_v2,ifft,complex128,4097,8,ifft_complex128_n4097_b8,0.710845148812,0.707222743788,0.00209022416837,7,27,ok,
cpudispatch_v2,ifft,complex128,4097,16,ifft_complex128_n4097_b16,1.40771428899,1.40040328482,0.00344557754163,7,21,ok,
cpudispatch_v2,ifft,complex128,4097,32,ifft_complex128_n4097_b32,2.78918209951,2.7651387034,0.0013476004824,7,10,ok,
cpudispatch_v2,ifft,complex128,4097,64,ifft_complex128_n4097_b64,5.47996219248,5.47338179313,0.00658039934933,7,5,ok,
cpudispatch_v2,ifft,complex128,4097,256,ifft_complex128_n4097_b256,22.2006079275,21.9847389963,0.0298368977383,7,1,ok,
cpudispatch_v2,ifft,complex128,4608,1,ifft_complex128_n4608_b1,0.0342509301845,0.034126995015,2.08400888368e-05,7,200,ok,
cpudispatch_v2,ifft,complex128,4608,2,ifft_complex128_n4608_b2,0.0685895700008,0.0680872250814,0.000299015082419,7,200,ok,
cpudispatch_v2,ifft,complex128,4608,4,ifft_complex128_n4608_b4,0.118700450965,0.117207162023,0.000534537436731,7,173,ok,
cpudispatch_v2,ifft,complex128,4608,8,ifft_complex128_n4608_b8,0.213669714068,0.212658790278,9.86485527112e-05,7,91,ok,
cpudispatch_v2,ifft,complex128,4608,16,ifft_complex128_n4608_b16,0.407972935742,0.407138668622,0.00038902896146,7,30,ok,
cpudispatch_v2,ifft,complex128,4608,32,ifft_complex128_n4608_b32,0.786954335247,0.779887001651,0.00177866701658,7,30,ok,
cpudispatch_v2,ifft,complex128,4608,64,ifft_complex128_n4608_b64,1.56018658124,1.54111468184,0.00878879310269,7,19,ok,
cpudispatch_v2,ifft,complex128,4608,256,ifft_complex128_n4608_b256,6.50892418344,6.44629581366,0.0130507862195,7,5,ok,
cpudispatch_v2,ifft,complex128,8192,1,ifft_complex128_n8192_b1,0.0621717347531,0.0615068752086,0.000299019739032,7,200,ok,
cpudispatch_v2,ifft,complex128,8192,2,ifft_complex128_n8192_b2,0.12013318284,0.119480176647,0.000305639909262,7,164,ok,
cpudispatch_v2,ifft,complex128,8192,4,ifft_complex128_n8192_b4,0.211805947076,0.211096189818,0.000126863290605,7,95,ok,
cpudispatch_v2,ifft,complex128,8192,8,ifft_complex128_n8192_b8,0.399582391587,0.393307980095,0.00252319709854,7,51,ok,
cpudispatch_v2,ifft,complex128,8192,16,ifft_complex128_n8192_b16,0.772316334769,0.768137765893,0.00397919987639,7,30,ok,
cpudispatch_v2,ifft,complex128,8192,32,ifft_complex128_n8192_b32,1.49877147602,1.49112805038,0.0037154195046,7,19,ok,
cpudispatch_v2,ifft,complex128,8192,64,ifft_complex128_n8192_b64,3.00868133652,2.99028877635,0.0173716754135,7,9,ok,
cpudispatch_v2,ifft,complex128,8192,256,ifft_complex128_n8192_b256,14.3140970031,14.2496449989,0.0120830372907,7,2,ok,
cpudispatch_v2,ifft,complex128,16384,1,ifft_complex128_n16384_b1,0.184065274273,0.18322721635,0.000102744510799,7,102,ok,
cpudispatch_v2,ifft,complex128,16384,2,ifft_complex128_n16384_b2,0.363270872781,0.358670162545,0.00271676319905,7,55,ok,
cpudispatch_v2,ifft,complex128,16384,4,ifft_complex128_n16384_b4,0.713194932489,0.709619963475,0.00357496901415,7,28,ok,
cpudispatch_v2,ifft,complex128,16384,8,ifft_complex128_n16384_b8,1.4100033801,1.40345623783,0.00216457105818,7,21,ok,
cpudispatch_v2,ifft,complex128,16384,16,ifft_complex128_n16384_b16,2.80823920621,2.79876129935,0.00947790686041,7,10,ok,
cpudispatch_v2,ifft,complex128,16384,32,ifft_complex128_n16384_b32,5.68207821343,5.60761759989,0.0334790209308,7,5,ok,
cpudispatch_v2,ifft,complex128,16384,64,ifft_complex128_n16384_b64,11.7923974758,11.738846486,0.0252624740824,7,2,ok,
cpudispatch_v2,ifft,complex128,16384,256,ifft_complex128_n16384_b256,50.8678350598,50.5673269508,0.052047893405,7,1,ok,
cpudispatch_v2,ifft,complex128,32768,1,ifft_complex128_n32768_b1,0.421772693264,0.421437715767,0.000264191919047,7,46,ok,
cpudispatch_v2,ifft,complex128,32768,2,ifft_complex128_n32768_b2,0.836516555864,0.834550055313,0.00150111089978,7,18,ok,
cpudispatch_v2,ifft,complex128,32768,4,ifft_complex128_n32768_b4,1.66622011731,1.66235164986,0.000613529289908,7,17,ok,
cpudispatch_v2,ifft,complex128,32768,8,ifft_complex128_n32768_b8,3.33631612011,3.32940051157,0.00523238850292,7,8,ok,
cpudispatch_v2,ifft,complex128,32768,16,ifft_complex128_n32768_b16,6.78815576248,6.75390326069,0.0107177475002,7,4,ok,
cpudispatch_v2,ifft,complex128,32768,32,ifft_complex128_n32768_b32,14.066038013,14.0370475128,0.0289905001409,7,2,ok,
cpudispatch_v2,ifft,complex128,32768,64,ifft_complex128_n32768_b64,29.9172420055,29.8483819934,0.0688600121066,7,1,ok,
cpudispatch_v2,ifft,complex128,32768,256,ifft_complex128_n32768_b256,116.564084892,115.91125105,0.428600935265,7,1,ok,
cpudispatch_v2,ifft,complex128,65536,1,ifft_complex128_n65536_b1,0.926858191157,0.919815330278,0.00155914486164,7,21,ok,
cpudispatch_v2,ifft,complex128,65536,2,ifft_complex128_n65536_b2,1.85652860285,1.84603266728,0.00176193037381,7,15,ok,
cpudispatch_v2,ifft,complex128,65536,4,ifft_complex128_n65536_b4,3.70705737441,3.69487174612,0.00905213528313,7,8,ok,
cpudispatch_v2,ifft,complex128,65536,8,ifft_complex128_n65536_b8,7.45446101064,7.35893275123,0.0194967433345,7,4,ok,
cpudispatch_v2,ifft,complex128,65536,16,ifft_complex128_n65536_b16,15.7148409635,15.3320169775,0.257065985352,7,1,ok,
cpudispatch_v2,ifft,complex128,65536,32,ifft_complex128_n65536_b32,33.1097100861,33.0093000084,0.100410077721,7,1,ok,
cpudispatch_v2,ifft,complex128,65536,64,ifft_complex128_n65536_b64,65.3492239071,65.0271840859,0.0956000294536,7,1,ok,
cpudispatch_v2,ifft,complex128,65536,256,ifft_complex128_n65536_b256,860.374224954,363.900986966,102.02252306,7,1,ok,
cpudispatch_v3,fft,complex64,64,1,fft_complex64_n64_b1,0.00364259226685,0.0036181576029,7.47843396794e-06,9,1187,ok,
cpudispatch_v3,fft,complex64,64,2,fft_complex64_n64_b2,0.00435464478792,0.00434104824245,1.12561030766e-05,9,1554,ok,
cpudispatch_v3,fft,complex64,64,4,fft_complex64_n64_b4,0.00483159571371,0.00477767394319,1.35962736636e-05,9,1843,ok,
cpudispatch_v3,fft,complex64,64,8,fft_complex64_n64_b8,0.00568673550151,0.0056460435153,1.97219778784e-05,9,2000,ok,
cpudispatch_v3,fft,complex64,64,16,fft_complex64_n64_b16,0.00728109826971,0.00722807953243,1.76479500767e-05,9,1710,ok,
cpudispatch_v3,fft,complex64,64,32,fft_complex64_n64_b32,0.0105758419673,0.0104687408626,3.29681959937e-05,9,822,ok,
cpudispatch_v3,fft,complex64,64,64,fft_complex64_n64_b64,0.0171182053691,0.0170402102537,2.77022644419e-05,9,813,ok,
cpudispatch_v3,fft,complex64,64,256,fft_complex64_n64_b256,0.0558437651489,0.055729294545,8.16053943709e-05,7,200,ok,
cpudispatch_v3,fft,complex64,256,1,fft_complex64_n256_b1,0.00473375042325,0.00456632896811,6.87721352929e-06,9,1751,ok,
cpudispatch_v3,fft,complex64,256,2,fft_complex64_n256_b2,0.00603281486023,0.00599121607012,2.2759348033e-05,9,1907,ok,
cpudispatch_v3,fft,complex64,256,4,fft_complex64_n256_b4,0.00801089783369,0.0079697446625,3.10266353531e-05,9,1312,ok,
cpudispatch_v3,fft,complex64,256,8,fft_complex64_n256_b8,0.0117085551461,0.0116205008511,3.82102683858e-05,9,1198,ok,
cpudispatch_v3,fft,complex64,256,16,fft_complex64_n256_b16,0.0186640687321,0.0186023385838,3.51586590999e-05,9,756,ok,
cpudispatch_v3,fft,complex64,256,32,fft_complex64_n256_b32,0.0328389555216,0.0327756401384,3.14106000587e-05,9,200,ok,
cpudispatch_v3,fft,complex64,256,64,fft_complex64_n256_b64,0.0620577653171,0.0616623199312,0.000154644367285,9,200,ok,
cpudispatch_v3,fft,complex64,256,256,fft_complex64_n256_b256,0.230941468746,0.229825406554,0.000290678998018,7,81,ok,
cpudispatch_v3,fft,complex64,1024,1,fft_complex64_n1024_b1,0.00965565445118,0.00963950712633,1.61473248487e-05,9,1120,ok,
cpudispatch_v3,fft,complex64,1024,2,fft_complex64_n1024_b2,0.0164869603341,0.0164414665807,1.47067994746e-05,9,808,ok,
cpudispatch_v3,fft,complex64,1024,4,fft_complex64_n1024_b4,0.0241063837264,0.0239060793139,9.87982226385e-05,9,555,ok,
cpudispatch_v3,fft,complex64,1024,8,fft_complex64_n1024_b8,0.040087614907,0.0399396847934,9.0264948085e-05,9,200,ok,
cpudispatch_v3,fft,complex64,1024,16,fft_complex64_n1024_b16,0.0718865601812,0.0717103749048,8.69698124006e-05,9,200,ok,
cpudispatch_v3,fft,complex64,1024,32,fft_complex64_n1024_b32,0.134868544945,0.13420020379,3.80345487169e-05,9,147,ok,
cpudispatch_v3,fft,complex64,1024,64,fft_complex64_n1024_b64,0.260447184126,0.259379906837,0.0003010929121,9,76,ok,
cpudispatch_v3,fft,complex64,1024,256,fft_complex64_n1024_b256,1.00675334447,1.00356110388,0.000647068473286,7,29,ok,
cpudispatch_v3,fft,complex64,2048,1,fft_complex64_n2048_b1,0.0157721442255,0.015667558817,3.20593685363e-05,9,825,ok,
cpudispatch_v3,fft,complex64,2048,2,fft_complex64_n2048_b2,0.0290833085806,0.0289237701795,6.16063616445e-05,9,483,ok,
cpudispatch_v3,fft,complex64,2048,4,fft_complex64_n2048_b4,0.0457330950303,0.0456615601433,6.39702193439e-05,9,200,ok,
cpudispatch_v3,fft,complex64,2048,8,fft_complex64_n2048_b8,0.0799649854889,0.0796364148846,0.000248420401476,9,200,ok,
cpudispatch_v3,fft,complex64,2048,16,fft_complex64_n2048_b16,0.150110294378,0.149567058543,7.30069587007e-05,9,136,ok,
cpudispatch_v3,fft,complex64,2048,32,fft_complex64_n2048_b32,0.282640781497,0.282061001137,0.000277621860521,9,69,ok,
cpudispatch_v3,fft,complex64,2048,64,fft_complex64_n2048_b64,0.557761235783,0.556616364823,0.000569100181262,9,30,ok,
cpudispatch_v3,fft,complex64,2048,256,fft_complex64_n2048_b256,2.17411953669,2.1708626121,0.00244146212935,7,13,ok,
cpudispatch_v3,fft,complex64,3072,1,fft_complex64_n3072_b1,0.0230560534159,0.0229444439243,3.41362740097e-05,9,543,ok,
cpudispatch_v3,fft,complex64,3072,2,fft_complex64_n3072_b2,0.0436060701031,0.0432676804485,0.000265655107796,9,200,ok,
cpudispatch_v3,fft,complex64,3072,4,fft_complex64_n3072_b4,0.0678886997048,0.0676435296191,0.000218519708142,9,200,ok,
cpudispatch_v3,fft,complex64,3072,8,fft_complex64_n3072_b8,0.123386835628,0.120492639991,0.000856926795322,9,164,ok,
cpudispatch_v3,fft,complex64,3072,16,fft_complex64_n3072_b16,0.231690723056,0.229953590455,0.000778818503022,9,83,ok,
cpudispatch_v3,fft,complex64,3072,32,fft_complex64_n3072_b32,0.452453697411,0.445472499511,0.00104929398124,9,30,ok,
cpudispatch_v3,fft,complex64,3072,64,fft_complex64_n3072_b64,0.87843403453,0.872528502562,0.00133952902009,9,30,ok,
cpudispatch_v3,fft,complex64,3072,256,fft_complex64_n3072_b256,3.38500700309,3.37185086391,0.00521363108419,7,8,ok,
cpudispatch_v3,fft,complex64,3584,1,fft_complex64_n3584_b1,0.025785346122,0.025750895385,2.78410638572e-05,9,497,ok,
cpudispatch_v3,fft,complex64,3584,2,fft_complex64_n3584_b2,0.0490313803311,0.0489189696964,7.90995545685e-05,9,200,ok,
cpudispatch_v3,fft,complex64,3584,4,fft_complex64_n3584_b4,0.0777868647128,0.0769141648198,0.000132099958137,9,200,ok,
cpudispatch_v3,fft,complex64,3584,8,fft_complex64_n3584_b8,0.139252733687,0.138299048787,0.000427384255128,9,143,ok,
cpudispatch_v3,fft,complex64,3584,16,fft_complex64_n3584_b16,0.259501052297,0.259269421038,0.000223710422257,9,76,ok,
cpudispatch_v3,fft,complex64,3584,32,fft_complex64_n3584_b32,0.500784434068,0.500067769705,0.000451198623826,9,30,ok,
cpudispatch_v3,fft,complex64,3584,64,fft_complex64_n3584_b64,0.983757564488,0.978729365549,0.0014848037002,9,30,ok,
cpudispatch_v3,fft,complex64,3584,256,fft_complex64_n3584_b256,3.89625898762,3.85114643723,0.00559330718326,7,7,ok,
cpudispatch_v3,fft,complex64,4095,1,fft_complex64_n4095_b1,0.0472130961174,0.0469838591988,2.78934300558e-05,9,292,ok,
cpudispatch_v3,fft,complex64,4095,2,fft_complex64_n4095_b2,0.087898389902,0.0869556103135,0.000802715076134,9,200,ok,
cpudispatch_v3,fft,complex64,4095,4,fft_complex64_n4095_b4,0.101800872919,0.101258801374,0.000442944863266,9,181,ok,
cpudispatch_v3,fft,complex64,4095,8,fft_complex64_n4095_b8,0.190791500434,0.189798302017,0.000404915552727,9,106,ok,
cpudispatch_v3,fft,complex64,4095,16,fft_complex64_n4095_b16,0.367861804918,0.365170255285,0.00049466696367,9,51,ok,
cpudispatch_v3,fft,complex64,4095,32,fft_complex64_n4095_b32,0.722155463882,0.720008066855,0.00102526197831,9,30,ok,
cpudispatch_v3,fft,complex64,4095,64,fft_complex64_n4095_b64,1.44806620083,1.43118475098,0.00733589404263,9,20,ok,
cpudispatch_v3,fft,complex64,4095,256,fft_complex64_n4095_b256,5.72095001116,5.67214959301,0.029804604128,7,5,ok,
cpudispatch_v3,fft,complex64,4096,1,fft_complex64_n4096_b1,0.0288129793345,0.0285503028938,5.9053724964e-05,9,482,ok,
cpudispatch_v3,fft,complex64,4096,2,fft_complex64_n4096_b2,0.0555198546499,0.0551854248624,0.000137409660965,9,200,ok,
cpudispatch_v3,fft,complex64,4096,4,fft_complex64_n4096_b4,0.0874704803573,0.0869614700787,0.000321505358443,9,200,ok,
cpudispatch_v3,fft,complex64,4096,8,fft_complex64_n4096_b8,0.156421039261,0.155664488167,0.000407149296577,9,127,ok,
cpudispatch_v3,fft,complex64,4096,16,fft_complex64_n4096_b16,0.294052601984,0.292024662485,0.00134725226363,9,68,ok,
cpudispatch_v3,fft,complex64,4096,32,fft_complex64_n4096_b32,0.569114667208,0.567009699686,0.00102563450734,9,30,ok,
cpudispatch_v3,fft,complex64,4096,64,fft_complex64_n4096_b64,1.13668673349,1.13412342482,0.00128545798361,9,26,ok,
cpudispatch_v3,fft,complex64,4096,256,fft_complex64_n4096_b256,4.4865218224,4.41579483838,0.0470590118008,7,6,ok,
cpudispatch_v3,fft,complex64,4097,1,fft_complex64_n4097_b1,0.144399587911,0.141845900523,0.00222672562591,7,131,ok,
cpudispatch_v3,fft,complex64,4097,2,fft_complex64_n4097_b2,0.274189247125,0.272817343588,0.00128639727984,7,73,ok,
cpudispatch_v3,fft,complex64,4097,4,fft_complex64_n4097_b4,0.21766500023,0.216007953906,0.000948229558423,7,87,ok,
cpudispatch_v3,fft,complex64,4097,8,fft_complex64_n4097_b8,0.421504849231,0.418202423966,0.000859043521291,7,47,ok,
cpudispatch_v3,fft,complex64,4097,16,fft_complex64_n4097_b16,0.819483868933,0.815276933524,0.00342080214371,7,30,ok,
cpudispatch_v3,fft,complex64,4097,32,fft_complex64_n4097_b32,1.63070633102,1.62662255267,0.00408377834699,7,18,ok,
cpudispatch_v3,fft,complex64,4097,64,fft_complex64_n4097_b64,3.25335855854,3.24874200548,0.0037704465083,7,9,ok,
cpudispatch_v3,fft,complex64,4097,256,fft_complex64_n4097_b256,12.9630333589,12.8850389738,0.0508393083389,7,3,ok,
cpudispatch_v3,fft,complex64,4608,1,fft_complex64_n4608_b1,0.0335677404655,0.0333084946033,0.000129900290631,7,200,ok,
cpudispatch_v3,fft,complex64,4608,2,fft_complex64_n4608_b2,0.0642049801536,0.064076234703,5.53549034521e-05,7,200,ok,
cpudispatch_v3,fft,complex64,4608,4,fft_complex64_n4608_b4,0.102682633408,0.102167628481,0.000135439779629,7,191,ok,
cpudispatch_v3,fft,complex64,4608,8,fft_complex64_n4608_b8,0.18683325485,0.185682102135,0.00038378567872,7,98,ok,
cpudispatch_v3,fft,complex64,4608,16,fft_complex64_n4608_b16,0.351131067146,0.348229263909,0.00134389847517,7,30,ok,
cpudispatch_v3,fft,complex64,4608,32,fft_complex64_n4608_b32,0.683069900454,0.676347501576,0.00121300108731,7,30,ok,
cpudispatch_v3,fft,complex64,4608,64,fft_complex64_n4608_b64,1.35569809407,1.35190181688,0.000990043521266,7,22,ok,
cpudispatch_v3,fft,complex64,4608,256,fft_complex64_n4608_b256,5.6179311825,5.42145939544,0.145254610106,7,5,ok,
cpudispatch_v3,fft,complex64,8192,1,fft_complex64_n8192_b1,0.0559540197719,0.0553798896726,0.000207584816962,7,200,ok,
cpudispatch_v3,fft,complex64,8192,2,fft_complex64_n8192_b2,0.109343502707,0.10864704967,0.000400927214358,7,179,ok,
cpudispatch_v3,fft,complex64,8192,4,fft_complex64_n8192_b4,0.190197523417,0.189726542504,0.000470980913157,7,105,ok,
cpudispatch_v3,fft,complex64,8192,8,fft_complex64_n8192_b8,0.350636299373,0.347696369301,0.0029399300713,7,57,ok,
cpudispatch_v3,fft,complex64,8192,16,fft_complex64_n8192_b16,0.692124668664,0.666365601743,0.00722000064949,7,30,ok,
cpudispatch_v3,fft,complex64,8192,32,fft_complex64_n8192_b32,1.30693395825,1.29996861189,0.0023287822209,7,23,ok,
cpudispatch_v3,fft,complex64,8192,64,fft_complex64_n8192_b64,2.60138446042,2.59145845617,0.00293653416024,7,11,ok,
cpudispatch_v3,fft,complex64,8192,256,fft_complex64_n8192_b256,10.6929099808,10.6496280059,0.0297497026622,7,3,ok,
cpudispatch_v3,fft,complex64,16384,1,fft_complex64_n16384_b1,0.109447280777,0.108669286337,0.000300910062251,7,178,ok,
cpudispatch_v3,fft,complex64,16384,2,fft_complex64_n16384_b2,0.195956841978,0.195318109144,0.000321702791913,7,101,ok,
cpudispatch_v3,fft,complex64,16384,4,fft_complex64_n16384_b4,0.364394636232,0.362175889313,0.000223528001119,7,55,ok,
cpudispatch_v3,fft,complex64,16384,8,fft_complex64_n16384_b8,0.69066156866,0.688295066357,0.00222153030336,7,30,ok,
cpudispatch_v3,fft,complex64,16384,16,fft_complex64_n16384_b16,1.38385272691,1.34627981408,0.0035457725806,7,22,ok,
cpudispatch_v3,fft,complex64,16384,32,fft_complex64_n16384_b32,2.77452239534,2.74026159896,0.0180721981451,7,10,ok,
cpudispatch_v3,fft,complex64,16384,64,fft_complex64_n16384_b64,5.56024999823,5.53143559955,0.00770059414208,7,5,ok,
cpudispatch_v3,fft,complex64,16384,256,fft_complex64_n16384_b256,24.623530102,24.4035839569,0.113393878564,7,1,ok,
cpudispatch_v3,fft,complex64,32768,1,fft_complex64_n32768_b1,0.225877305969,0.223323500408,0.000630967075598,7,88,ok,
cpudispatch_v3,fft,complex64,32768,2,fft_complex64_n32768_b2,0.408422021309,0.402900573265,0.00264051094727,7,49,ok,
cpudispatch_v3,fft,complex64,32768,4,fft_complex64_n32768_b4,0.753625998429,0.75096093351,0.00101790064946,7,30,ok,
cpudispatch_v3,fft,complex64,32768,8,fft_complex64_n32768_b8,1.45024830126,1.44608794944,0.00309685128741,7,20,ok,
cpudispatch_v3,fft,complex64,32768,16,fft_complex64_n32768_b16,2.86218220135,2.83608980244,0.00963730271906,7,10,ok,
cpudispatch_v3,fft,complex64,32768,32,fft_complex64_n32768_b32,5.74223820586,5.70495359134,0.0264480011538,7,5,ok,
cpudispatch_v3,fft,complex64,32768,64,fft_complex64_n32768_b64,11.8890920033,11.8546636465,0.0157029911255,7,3,ok,
cpudispatch_v3,fft,complex64,32768,256,fft_complex64_n32768_b256,49.2585409665,49.0709770238,0.0807929318398,7,1,ok,
cpudispatch_v3,fft,complex64,65536,1,fft_complex64_n65536_b1,0.464625954411,0.46431839596,0.000307558450934,7,43,ok,
cpudispatch_v3,fft,complex64,65536,2,fft_complex64_n65536_b2,0.877961465934,0.87511773454,0.00128339743242,7,30,ok,
cpudispatch_v3,fft,complex64,65536,4,fft_complex64_n65536_b4,1.67755329954,1.67445447433,0.000711345552083,7,17,ok,
cpudispatch_v3,fft,complex64,65536,8,fft_complex64_n65536_b8,3.30150955253,3.29658577943,0.00492377310163,7,9,ok,
cpudispatch_v3,fft,complex64,65536,16,fft_complex64_n65536_b16,6.48972624913,6.45151649951,0.0259439984802,7,4,ok,
cpudispatch_v3,fft,complex64,65536,32,fft_complex64_n65536_b32,13.3363693409,13.2826176705,0.0183646722386,7,3,ok,
cpudispatch_v3,fft,complex64,65536,64,fft_complex64_n65536_b64,28.4721690696,28.3652569633,0.063159968704,7,1,ok,
cpudispatch_v3,fft,complex64,65536,256,fft_complex64_n65536_b256,111.125609954,110.582622001,0.54298795294,7,1,ok,
cpudispatch_v3,fft,complex128,64,1,fft_complex128_n64_b1,0.00356162025218,0.00353210509958,1.23004393056e-05,9,1941,ok,
cpudispatch_v3,fft,complex128,64,2,fft_complex128_n64_b2,0.00404720609486,0.00402687244367,1.17200833751e-05,9,1897,ok,
cpudispatch_v3,fft,complex128,64,4,fft_complex128_n64_b4,0.00437421299284,0.00436335249105,4.94444975629e-06,9,2000,ok,
cpudispatch_v3,fft,complex128,64,8,fft_complex128_n64_b8,0.00503892998677,0.0050069144927,5.43001806363e-06,9,2000,ok,
cpudispatch_v3,fft,complex128,64,16,fft_complex128_n64_b16,0.0061797525268,0.00615209550597,9.89850377664e-06,9,2000,ok,
cpudispatch_v3,fft,complex128,64,32,fft_complex128_n64_b32,0.00814386994972,0.00813254788623,1.13220634947e-05,9,1599,ok,
cpudispatch_v3,fft,complex128,64,64,fft_complex128_n64_b64,0.0126824976313,0.0126480799558,1.80241240318e-05,9,1075,ok,
cpudispatch_v3,fft,complex128,64,256,fft_complex128_n64_b256,0.0401558500016,0.0398619897896,5.96599420533e-05,7,200,ok,
cpudispatch_v3,fft,complex128,256,1,fft_complex128_n256_b1,0.00465525801875,0.00464077621867,7.02747195062e-06,9,1926,ok,
cpudispatch_v3,fft,complex128,256,2,fft_complex128_n256_b2,0.00578390900046,0.00577310845256,1.00139877759e-05,9,2000,ok,
cpudispatch_v3,fft,complex128,256,4,fft_complex128_n256_b4,0.00720787516831,0.00718273923511,4.22375369302e-06,9,1810,ok,
cpudispatch_v3,fft,complex128,256,8,fft_complex128_n256_b8,0.0101219563856,0.01009629042,1.4411503185e-05,9,1305,ok,
cpudispatch_v3,fft,complex128,256,16,fft_complex128_n256_b16,0.0162314684146,0.0161752865679,3.3226861941e-05,9,869,ok,
cpudispatch_v3,fft,complex128,256,32,fft_complex128_n256_b32,0.0285061099567,0.0283690996002,7.74447107688e-05,9,200,ok,
cpudispatch_v3,fft,complex128,256,64,fft_complex128_n256_b64,0.0528102798853,0.0526673049899,0.000124835059978,9,200,ok,
cpudispatch_v3,fft,complex128,256,256,fft_complex128_n256_b256,0.193960230099,0.192749639973,0.000443939352408,7,100,ok,
cpudispatch_v3,fft,complex128,1024,1,fft_complex128_n1024_b1,0.00870697292421,0.00862336400795,3.52158977599e-05,9,1107,ok,
cpudispatch_v3,fft,complex128,1024,2,fft_complex128_n1024_b2,0.0150526045048,0.0149385694488,1.47175275337e-05,9,885,ok,
cpudispatch_v3,fft,complex128,1024,4,fft_complex128_n1024_b4,0.022654053375,0.0224816249216,5.6872813958e-05,9,637,ok,
cpudispatch_v3,fft,complex128,1024,8,fft_complex128_n1024_b8,0.0374710204778,0.0371073797578,0.000101589248516,9,200,ok,
cpudispatch_v3,fft,complex128,1024,16,fft_complex128_n1024_b16,0.0681027997052,0.067644380033,5.75598096475e-05,9,200,ok,
cpudispatch_v3,fft,complex128,1024,32,fft_complex128_n1024_b32,0.12818429101,0.127717841028,0.000414496367884,9,151,ok,
cpudispatch_v3,fft,complex128,1024,64,fft_complex128_n1024_b64,0.246674431787,0.245867344482,0.000731381415217,9,81,ok,
cpudispatch_v3,fft,complex128,1024,256,fft_complex128_n1024_b256,0.958504131995,0.953404131966,0.000843933473031,7,30,ok,
cpudispatch_v3,fft,complex128,2048,1,fft_complex128_n2048_b1,0.0151322509417,0.015078001135,4.41272744113e-05,9,873,ok,
cpudispatch_v3,fft,complex128,2048,2,fft_complex128_n2048_b2,0.0292289891325,0.0291348870603,6.69544572712e-05,9,372,ok,
cpudispatch_v3,fft,complex128,2048,4,fft_complex128_n2048_b4,0.0465452298522,0.0464854150778,2.77551589534e-05,9,200,ok,
cpudispatch_v3,fft,complex128,2048,8,fft_complex128_n2048_b8,0.0817781145452,0.0815392599907,5.45493094251e-05,9,200,ok,
cpudispatch_v3,fft,complex128,2048,16,fft_complex128_n2048_b16,0.149919067608,0.149270568121,0.000243938605612,9,132,ok,
cpudispatch_v3,fft,complex128,2048,32,fft_complex128_n2048_b32,0.288402600147,0.287792570556,0.000431814364025,9,70,ok,
cpudispatch_v3,fft,complex128,2048,64,fft_complex128_n2048_b64,0.562160865714,0.560270630134,0.00136456607531,9,30,ok,
cpudispatch_v3,fft,complex128,2048,256,fft_complex128_n2048_b256,2.28651131217,2.27380500068,0.00388045401241,7,13,ok,
cpudispatch_v3,fft,complex128,3072,1,fft_complex128_n3072_b1,0.021602834667,0.0210301637366,7.12041014042e-05,9,617,ok,
cpudispatch_v3,fft,complex128,3072,2,fft_complex128_n3072_b2,0.0424589548493,0.0415971252369,0.000333430361934,9,200,ok,
cpudispatch_v3,fft,complex128,3072,4,fft_complex128_n3072_b4,0.0712178397225,0.0709512399044,0.000215454492718,9,200,ok,
cpudispatch_v3,fft,complex128,3072,8,fft_complex128_n3072_b8,0.127368670729,0.125140917658,0.000704753306942,9,158,ok,
cpudispatch_v3,fft,complex128,3072,16,fft_complex128_n3072_b16,0.235421481707,0.234075400102,0.000718894743306,9,85,ok,
cpudispatch_v3,fft,complex128,3072,32,fft_complex128_n3072_b32,0.449951664389,0.449286067548,0.000665596841524,9,30,ok,
cpudispatch_v3,fft,complex128,3072,64,fft_complex128_n3072_b64,0.889396764493,0.886369364647,0.00113816931844,9,30,ok,
cpudispatch_v3,fft,complex128,3072,256,fft_complex128_n3072_b256,3.73204587959,3.69197374675,0.00850988726597,7,8,ok,
cpudispatch_v3,fft,complex128,3584,1,fft_complex128_n3584_b1,0.0235502435226,0.0234684238376,4.32910545185e-05,9,505,ok,
cpudispatch_v3,fft,complex128,3584,2,fft_complex128_n3584_b2,0.0469247950241,0.0465954747051,0.000202684896067,9,200,ok,
cpudispatch_v3,fft,complex128,3584,4,fft_complex128_n3584_b4,0.0783902098192,0.0780695001595,0.000291899777949,9,200,ok,
cpudispatch_v3,fft,complex128,3584,8,fft_complex128_n3584_b8,0.139363859387,0.138786710753,0.000204753235612,9,142,ok,
cpudispatch_v3,fft,complex128,3584,16,fft_complex128_n3584_b16,0.264562255816,0.26182112177,0.000510825712637,9,74,ok,
cpudispatch_v3,fft,complex128,3584,32,fft_complex128_n3584_b32,0.51354826428,0.509482563939,0.00108003150672,9,30,ok,
cpudispatch_v3,fft,complex128,3584,64,fft_complex128_n3584_b64,1.0119315004,1.00741330146,0.0034815670612,9,30,ok,
cpudispatch_v3,fft,complex128,3584,256,fft_complex128_n3584_b256,4.27085157883,4.24492257714,0.0102150120905,7,7,ok,
cpudispatch_v3,fft,complex128,4095,1,fft_complex128_n4095_b1,0.0385335365304,0.0382205326939,0.000183007010279,9,274,ok,
cpudispatch_v3,fft,complex128,4095,2,fft_complex128_n4095_b2,0.0670655351132,0.0666702451417,3.07650770992e-05,9,200,ok,
cpudispatch_v3,fft,complex128,4095,4,fft_complex128_n4095_b4,0.122152074142,0.121666771722,0.000144222055642,9,162,ok,
cpudispatch_v3,fft,complex128,4095,8,fft_complex128_n4095_b8,0.235351252774,0.234349372696,0.000642048733601,9,83,ok,
cpudispatch_v3,fft,complex128,4095,16,fft_complex128_n4095_b16,0.460707047577,0.456943974963,0.000652688045409,9,42,ok,
cpudispatch_v3,fft,complex128,4095,32,fft_complex128_n4095_b32,0.911176934217,0.90870159911,0.000591801169018,9,30,ok,
cpudispatch_v3,fft,complex128,4095,64,fft_complex128_n4095_b64,1.79518268851,1.7859483778,0.00408275082009,9,16,ok,
cpudispatch_v3,fft,complex128,4095,256,fft_complex128_n4095_b256,7.48389924411,7.44434676017,0.0374057563022,7,4,ok,
cpudispatch_v3,fft,complex128,4096,1,fft_complex128_n4096_b1,0.0301410166717,0.0298315135902,0.000121767038243,9,481,ok,
cpudispatch_v3,fft,complex128,4096,2,fft_complex128_n4096_b2,0.0533055700362,0.0529090646887,0.000146419624798,9,200,ok,
cpudispatch_v3,fft,complex128,4096,4,fft_complex128_n4096_b4,0.0900349800941,0.0894354446791,0.000313540222123,9,200,ok,
cpudispatch_v3,fft,complex128,4096,8,fft_complex128_n4096_b8,0.161481959188,0.160691451442,0.000225270327303,9,122,ok,
cpudispatch_v3,fft,complex128,4096,16,fft_complex128_n4096_b16,0.306133445925,0.305579167504,0.000366846171136,9,65,ok,
cpudispatch_v3,fft,complex128,4096,32,fft_complex128_n4096_b32,0.59490413405,0.591270932152,0.00230899701516,9,30,ok,
cpudispatch_v3,fft,complex128,4096,64,fft_complex128_n4096_b64,1.17694596294,1.17248307914,0.00267100054771,9,25,ok,
cpudispatch_v3,fft,complex128,4096,256,fft_complex128_n4096_b256,5.07597683463,5.06368015582,0.008239003364,7,6,ok,
cpudispatch_v3,fft,complex128,4097,1,fft_complex128_n4097_b1,0.110852437717,0.110225213317,0.000627224399714,7,169,ok,
cpudispatch_v3,fft,complex128,4097,2,fft_complex128_n4097_b2,0.183174029539,0.181206941936,0.000416366114783,7,104,ok,
cpudispatch_v3,fft,complex128,4097,4,fft_complex128_n4097_b4,0.352603526328,0.34984989345,0.00118682357041,7,57,ok,
cpudispatch_v3,fft,complex128,4097,8,fft_complex128_n4097_b8,0.692663926332,0.690861251704,0.000467320205644,7,28,ok,
cpudispatch_v3,fft,complex128,4097,16,fft_complex128_n4097_b16,1.36650490597,1.36525061957,0.000515287475926,7,21,ok,
cpudispatch_v3,fft,complex128,4097,32,fft_complex128_n4097_b32,2.70408963446,2.69995909184,0.00413054261695,7,11,ok,
cpudispatch_v3,fft,complex128,4097,64,fft_complex128_n4097_b64,5.34618899692,5.33315041102,0.00524579081684,7,5,ok,
cpudispatch_v3,fft,complex128,4097,256,fft_complex128_n4097_b256,21.890631062,21.8047689414,0.0538419699296,7,1,ok,
cpudispatch_v3,fft,complex128,4608,1,fft_complex128_n4608_b1,0.0295090599684,0.0293064804282,0.000202579540201,7,200,ok,
cpudispatch_v3,fft,complex128,4608,2,fft_complex128_n4608_b2,0.0640916149132,0.0639594148379,0.000132200075313,7,200,ok,
cpudispatch_v3,fft,complex128,4608,4,fft_complex128_n4608_b4,0.110733632781,0.110054775775,0.000278101049187,7,169,ok,
cpudispatch_v3,fft,complex128,4608,8,fft_complex128_n4608_b8,0.199427887588,0.198237367488,0.000166642593638,7,98,ok,
cpudispatch_v3,fft,complex128,4608,16,fft_complex128_n4608_b16,0.384164232916,0.383783500486,0.000373700944086,7,30,ok,
cpudispatch_v3,fft,complex128,4608,32,fft_complex128_n4608_b32,0.739606465989,0.738552135105,0.000401434954256,7,30,ok,
cpudispatch_v3,fft,complex128,4608,64,fft_complex128_n4608_b64,1.49308929686,1.48982469691,0.00212005106732,7,20,ok,
cpudispatch_v3,fft,complex128,4608,256,fft_complex128_n4608_b256,6.24901060946,6.20395939332,0.0167476246133,7,5,ok,
cpudispatch_v3,fft,complex128,8192,1,fft_complex128_n8192_b1,0.0608720752643,0.0604551902507,0.000220214715227,7,200,ok,
cpudispatch_v3,fft,complex128,8192,2,fft_complex128_n8192_b2,0.123459885054,0.123083505903,0.000312036542918,7,166,ok,
cpudispatch_v3,fft,complex128,8192,4,fft_complex128_n8192_b4,0.243443861903,0.241804667267,0.00103044821399,7,87,ok,
cpudispatch_v3,fft,complex128,8192,8,fft_complex128_n8192_b8,0.452057347107,0.450248501021,0.00136538975589,7,46,ok,
cpudispatch_v3,fft,complex128,8192,16,fft_complex128_n8192_b16,0.881971733179,0.876980600879,0.00258589861915,7,30,ok,
cpudispatch_v3,fft,complex128,8192,32,fft_complex128_n8192_b32,1.74588188788,1.74008822715,0.00567577727553,7,18,ok,
cpudispatch_v3,fft,complex128,8192,64,fft_complex128_n8192_b64,3.54759388655,3.48024211255,0.0382578905879,7,9,ok,
cpudispatch_v3,fft,complex128,8192,256,fft_complex128_n8192_b256,14.0946303339,14.0431930001,0.0432253194352,7,3,ok,
cpudispatch_v3,fft,complex128,16384,1,fft_complex128_n16384_b1,0.179328688833,0.178514783192,0.000300670025062,7,106,ok,
cpudispatch_v3,fft,complex128,16384,2,fft_complex128_n16384_b2,0.351911349418,0.350865860176,0.00104548924259,7,57,ok,
cpudispatch_v3,fft,complex128,16384,4,fft_complex128_n16384_b4,0.68950334339,0.686899827119,0.00209986344622,7,29,ok,
cpudispatch_v3,fft,complex128,16384,8,fft_complex128_n16384_b8,1.372223853,1.3690687594,0.00252048041494,7,21,ok,
cpudispatch_v3,fft,complex128,16384,16,fft_complex128_n16384_b16,2.74011230795,2.73629310541,0.00327820889652,7,10,ok,
cpudispatch_v3,fft,complex128,16384,32,fft_complex128_n16384_b32,5.715383403,5.67994839512,0.0108965905383,7,5,ok,
cpudispatch_v3,fft,complex128,16384,64,fft_complex128_n16384_b64,11.8851030129,11.7792530218,0.0604895176366,7,2,ok,
cpudispatch_v3,fft,complex128,16384,256,fft_complex128_n16384_b256,49.3773160269,49.2339449702,0.0646020052955,7,1,ok,
cpudispatch_v3,fft,complex128,32768,1,fft_complex128_n32768_b1,0.415858852261,0.415000618693,0.00053738303324,7,47,ok,
cpudispatch_v3,fft,complex128,32768,2,fft_complex128_n32768_b2,0.820269289155,0.812775542727,0.00131416406172,7,24,ok,
cpudispatch_v3,fft,complex128,32768,4,fft_complex128_n32768_b4,1.63514806061,1.63120172349,0.00229428082498,7,18,ok,
cpudispatch_v3,fft,complex128,32768,8,fft_complex128_n32768_b8,3.2782812163,3.2563687742,0.00352112369405,7,9,ok,
cpudispatch_v3,fft,complex128,32768,16,fft_complex128_n32768_b16,6.69466651743,6.68149648118,0.00990871922113,7,4,ok,
cpudispatch_v3,fft,complex128,32768,32,fft_complex128_n32768_b32,14.2481719959,14.186696033,0.0375754898414,7,2,ok,
cpudispatch_v3,fft,complex128,32768,64,fft_complex128_n32768_b64,29.5189479366,29.3773200829,0.00613206066191,7,1,ok,
cpudispatch_v3,fft,complex128,32768,256,fft_complex128_n32768_b256,114.889848046,114.326443058,0.0560260377824,7,1,ok,
cpudispatch_v3,fft,complex128,65536,1,fft_complex128_n65536_b1,0.884160817474,0.880356317132,0.00139259182933,7,22,ok,
cpudispatch_v3,fft,complex128,65536,2,fft_complex128_n65536_b2,1.76517968794,1.7525076255,0.00551724951947,7,16,ok,
cpudispatch_v3,fft,complex128,65536,4,fft_complex128_n65536_b4,3.60865749826,3.57627373887,0.00485786586069,7,8,ok,
cpudispatch_v3,fft,complex128,65536,8,fft_complex128_n65536_b8,7.43317574961,7.39361075102,0.0206415134016,7,4,ok,
cpudispatch_v3,fft,complex128,65536,16,fft_complex128_n65536_b16,15.4135614866,15.3346824809,0.0286740250885,7,2,ok,
cpudispatch_v3,fft,complex128,65536,32,fft_complex128_n65536_b32,32.8089509858,32.5431979727,0.175772001967,7,1,ok,
cpudispatch_v3,fft,complex128,65536,64,fft_complex128_n65536_b64,64.5103170536,63.7769700261,0.733347027563,7,1,ok,
cpudispatch_v3,fft,complex128,65536,256,fft_complex128_n65536_b256,836.725868983,287.466158043,135.663948022,7,1,ok,
cpudispatch_v3,ifft,complex64,64,1,ifft_complex64_n64_b1,0.00436800793493,0.00435454003929,7.69070450816e-06,9,1261,ok,
cpudispatch_v3,ifft,complex64,64,2,ifft_complex64_n64_b2,0.00513907967433,0.00511684283352,1.18601658359e-05,9,1845,ok,
cpudispatch_v3,ifft,complex64,64,4,ifft_complex64_n64_b4,0.00565503778134,0.00563332284382,8.69481055953e-06,9,1589,ok,
cpudispatch_v3,ifft,complex64,64,8,ifft_complex64_n64_b8,0.0064993035603,0.00645690910224,3.25846120855e-05,9,1914,ok,
cpudispatch_v3,ifft,complex64,64,16,ifft_complex64_n64_b16,0.00822045647877,0.00810806452003,1.38897985295e-05,9,1597,ok,
cpudispatch_v3,ifft,complex64,64,32,ifft_complex64_n64_b32,0.0115127797399,0.0114939492955,1.76974514179e-05,9,1203,ok,
cpudispatch_v3,ifft,complex64,64,64,ifft_complex64_n64_b64,0.0181831555635,0.0180470501911,2.44151958884e-05,9,778,ok,
cpudispatch_v3,ifft,complex64,64,256,ifft_complex64_n64_b256,0.0578795152251,0.0575557549018,0.000104950158857,7,200,ok,
cpudispatch_v3,ifft,complex64,256,1,ifft_complex64_n256_b1,0.00561220266882,0.0055681794854,2.96436997573e-05,9,1939,ok,
cpudispatch_v3,ifft,complex64,256,2,ifft_complex64_n256_b2,0.00700540971584,0.00695803784696,1.47827470299e-05,9,1689,ok,
cpudispatch_v3,ifft,complex64,256,4,ifft_complex64_n256_b4,0.00894518776591,0.00887558384598,2.42479039765e-05,9,1497,ok,
cpudispatch_v3,ifft,complex64,256,8,ifft_complex64_n256_b8,0.0125804594204,0.0125067527037,5.84388983856e-05,9,1023,ok,
cpudispatch_v3,ifft,complex64,256,16,ifft_complex64_n256_b16,0.0201197138701,0.0199892968298,2.00999112656e-05,9,650,ok,
cpudispatch_v3,ifft,complex64,256,32,ifft_complex64_n256_b32,0.0348056299845,0.0345158303389,8.6865038611e-05,9,200,ok,
cpudispatch_v3,ifft,complex64,256,64,ifft_complex64_n256_b64,0.0643112801481,0.0636961200507,0.000227330019698,9,200,ok,
cpudispatch_v3,ifft,complex64,256,256,ifft_complex64_n256_b256,0.240052780477,0.239290365177,0.000728951574008,7,82,ok,
cpudispatch_v3,ifft,complex64,1024,1,ifft_complex64_n1024_b1,0.0105424780259,0.0104649792352,1.70024336003e-05,9,1205,ok,
cpudispatch_v3,ifft,complex64,1024,2,ifft_complex64_n1024_b2,0.0174815614707,0.0173851695842,2.69845595528e-05,9,773,ok,
cpudispatch_v3,ifft,complex64,1024,4,ifft_complex64_n1024_b4,0.0253528102282,0.0252498525605,4.72358920188e-05,9,543,ok,
cpudispatch_v3,ifft,complex64,1024,8,ifft_complex64_n1024_b8,0.0419423251878,0.0414711795747,0.000124890357256,9,200,ok,
cpudispatch_v3,ifft,complex64,1024,16,ifft_complex64_n1024_b16,0.0744284648681,0.074345205212,8.3259656094e-05,9,200,ok,
cpudispatch_v3,ifft,complex64,1024,32,ifft_complex64_n1024_b32,0.139705493266,0.139361176095,0.000192823124603,9,142,ok,
cpudispatch_v3,ifft,complex64,1024,64,ifft_complex64_n1024_b64,0.268933208038,0.268391904279,0.000541303759544,9,72,ok,
cpudispatch_v3,ifft,complex64,1024,256,ifft_complex64_n1024_b256,1.04242971533,1.0401518583,0.0010927864683,7,28,ok,
cpudispatch_v3,ifft,complex64,2048,1,ifft_complex64_n2048_b1,0.0167244661416,0.0165320830574,4.89296719889e-05,9,783,ok,
cpudispatch_v3,ifft,complex64,2048,2,ifft_complex64_n2048_b2,0.0307966584734,0.0303650725149,0.00031239641338,9,454,ok,
cpudispatch_v3,ifft,complex64,2048,4,ifft_complex64_n2048_b4,0.048314324813,0.0481546751689,0.000150534906425,9,200,ok,
cpudispatch_v3,ifft,complex64,2048,8,ifft_complex64_n2048_b8,0.0833001954015,0.0831734045641,0.000126790837385,9,200,ok,
cpudispatch_v3,ifft,complex64,2048,16,ifft_complex64_n2048_b16,0.152747651252,0.152028232539,0.000180186552191,9,129,ok,
cpudispatch_v3,ifft,complex64,2048,32,ifft_complex64_n2048_b32,0.297024620302,0.295836016338,0.000254577378545,9,66,ok,
cpudispatch_v3,ifft,complex64,2048,64,ifft_complex64_n2048_b64,0.565134497204,0.562318499821,0.00146276239927,9,30,ok,
cpudispatch_v3,ifft,complex64,2048,256,ifft_complex64_n2048_b256,2.23557038519,2.21771814932,0.00870030803176,7,13,ok,
cpudispatch_v3,ifft,complex64,3072,1,ifft_complex64_n3072_b1,0.0239921263453,0.0239318320343,5.97527906272e-05,9,554,ok,
cpudispatch_v3,ifft,complex64,3072,2,ifft_complex64_n3072_b2,0.0460353650851,0.0445366301574,0.00134143512696,9,200,ok,
cpudispatch_v3,ifft,complex64,3072,4,ifft_complex64_n3072_b4,0.070010710042,0.0695325550623,0.000280329841189,9,200,ok,
cpudispatch_v3,ifft,complex64,3072,8,ifft_complex64_n3072_b8,0.124662355219,0.123292148384,0.000999052257788,9,155,ok,
cpudispatch_v3,ifft,complex64,3072,16,ifft_complex64_n3072_b16,0.232534494032,0.231436294887,0.000611976172556,9,85,ok,
cpudispatch_v3,ifft,complex64,3072,32,ifft_complex64_n3072_b32,0.449043267872,0.446479065189,0.000784837175161,9,30,ok,
cpudispatch_v3,ifft,complex64,3072,64,ifft_complex64_n3072_b64,0.878305434405,0.875511501605,0.00126103404909,9,30,ok,
cpudispatch_v3,ifft,complex64,3072,256,ifft_complex64_n3072_b256,3.52363286947,3.50752373924,0.00368437031284,7,8,ok,
cpudispatch_v3,ifft,complex64,3584,1,ifft_complex64_n3584_b1,0.0268533177342,0.026524416878,8.64393190907e-05,9,494,ok,
cpudispatch_v3,ifft,complex64,3584,2,ifft_complex64_n3584_b2,0.0520330102881,0.0514937401749,0.000144669902511,9,200,ok,
cpudispatch_v3,ifft,complex64,3584,4,ifft_complex64_n3584_b4,0.0804993498605,0.0796385703143,0.000349504989572,9,200,ok,
cpudispatch_v3,ifft,complex64,3584,8,ifft_complex64_n3584_b8,0.143508131983,0.142579583832,0.000584313992656,9,137,ok,
cpudispatch_v3,ifft,complex64,3584,16,ifft_complex64_n3584_b16,0.266214451523,0.265379028063,0.000706684061211,9,73,ok,
cpudispatch_v3,ifft,complex64,3584,32,ifft_complex64_n3584_b32,0.511838701398,0.509913731366,0.00148013544579,9,30,ok,
cpudispatch_v3,ifft,complex64,3584,64,ifft_complex64_n3584_b64,1.01134272549,1.00931196457,0.000954934813339,9,29,ok,
cpudispatch_v3,ifft,complex64,3584,256,ifft_complex64_n3584_b256,4.01736942253,3.94884415437,0.0318531445893,7,7,ok,
cpudispatch_v3,ifft,complex64,4095,1,ifft_complex64_n4095_b1,0.0468299525941,0.0465897669405,0.000179121491021,9,296,ok,
cpudispatch_v3,ifft,complex64,4095,2,ifft_complex64_n4095_b2,0.0867892446695,0.0862332404358,0.000157204922289,9,200,ok,
cpudispatch_v3,ifft,complex64,4095,4,ifft_complex64_n4095_b4,0.104337489527,0.104115173637,0.000185505364482,9,190,ok,
cpudispatch_v3,ifft,complex64,4095,8,ifft_complex64_n4095_b8,0.194586562535,0.193976864978,0.000393166188693,9,103,ok,
cpudispatch_v3,ifft,complex64,4095,16,ifft_complex64_n4095_b16,0.391545244229,0.375581830564,0.0131055471083,9,53,ok,
cpudispatch_v3,ifft,complex64,4095,32,ifft_complex64_n4095_b32,0.741492033315,0.738792264989,0.00177436741069,9,30,ok,
cpudispatch_v3,ifft,complex64,4095,64,ifft_complex64_n4095_b64,1.47460890003,1.4709314506,0.00336290104315,9,20,ok,
cpudispatch_v3,ifft,complex64,4095,256,ifft_complex64_n4095_b256,5.97400059924,5.89033418801,0.0352405942976,7,5,ok,
cpudispatch_v3,ifft,complex64,4096,1,ifft_complex64_n4096_b1,0.0304884248389,0.0303047375758,2.8525087938e-05,9,419,ok,
cpudispatch_v3,ifft,complex64,4096,2,ifft_complex64_n4096_b2,0.0594584003557,0.0586514250608,0.000412279623561,9,200,ok,
cpudispatch_v3,ifft,complex64,4096,4,ifft_complex64_n4096_b4,0.0927499152021,0.0920314050745,0.000329475151375,9,200,ok,
cpudispatch_v3,ifft,complex64,4096,8,ifft_complex64_n4096_b8,0.165534742215,0.163776658398,0.000249382962162,9,120,ok,
cpudispatch_v3,ifft,complex64,4096,16,ifft_complex64_n4096_b16,0.306051047075,0.305061237813,0.00024093721535,9,63,ok,
cpudispatch_v3,ifft,complex64,4096,32,ifft_complex64_n4096_b32,0.590587298696,0.587800366338,0.000811197484533,9,30,ok,
cpudispatch_v3,ifft,complex64,4096,64,ifft_complex64_n4096_b64,1.16772000015,1.16553088614,0.00146080632336,9,26,ok,
cpudispatch_v3,ifft,complex64,4096,256,ifft_complex64_n4096_b256,4.57560866683,4.54890149801,0.0101393282724,7,6,ok,
cpudispatch_v3,ifft,complex64,4097,1,ifft_complex64_n4097_b1,0.14340818463,0.14267962219,0.000604400756182,7,135,ok,
cpudispatch_v3,ifft,complex64,4097,2,ifft_complex64_n4097_b2,0.276377713973,0.273968299319,0.000722656425621,7,70,ok,
cpudispatch_v3,ifft,complex64,4097,4,ifft_complex64_n4097_b4,0.219796131284,0.219495130612,0.000243402926413,7,92,ok,
cpudispatch_v3,ifft,complex64,4097,8,ifft_complex64_n4097_b8,0.425788325905,0.423901261377,0.00135256382434,7,46,ok,
cpudispatch_v3,ifft,complex64,4097,16,ifft_complex64_n4097_b16,0.835140130948,0.833189797898,0.00195033305014,7,30,ok,
cpudispatch_v3,ifft,complex64,4097,32,ifft_complex64_n4097_b32,1.65300183128,1.64938111427,0.00182122716473,7,18,ok,
cpudispatch_v3,ifft,complex64,4097,64,ifft_complex64_n4097_b64,3.29632754438,3.28778811834,0.00401546195563,7,9,ok,
cpudispatch_v3,ifft,complex64,4097,256,ifft_complex64_n4097_b256,13.077079008,12.9965466913,0.0259956577793,7,3,ok,
cpudispatch_v3,ifft,complex64,4608,1,ifft_complex64_n4608_b1,0.0348013150506,0.0347070902353,6.85302074999e-05,7,200,ok,
cpudispatch_v3,ifft,complex64,4608,2,ifft_complex64_n4608_b2,0.0664362945827,0.066354345181,5.60493208468e-05,7,200,ok,
cpudispatch_v3,ifft,complex64,4608,4,ifft_complex64_n4608_b4,0.107515178545,0.107296383814,0.000141296737097,7,185,ok,
cpudispatch_v3,ifft,complex64,4608,8,ifft_complex64_n4608_b8,0.192914659935,0.192780717891,7.14959612894e-05,7,103,ok,
cpudispatch_v3,ifft,complex64,4608,16,ifft_complex64_n4608_b16,0.363196234684,0.362456869334,0.000563069867591,7,30,ok,
cpudispatch_v3,ifft,complex64,4608,32,ifft_complex64_n4608_b32,0.708285199168,0.70659336634,0.000492300993453,7,30,ok,
cpudispatch_v3,ifft,complex64,4608,64,ifft_complex64_n4608_b64,1.37783494955,1.37360166714,0.00146614010668,7,21,ok,
cpudispatch_v3,ifft,complex64,4608,256,ifft_complex64_n4608_b256,5.48092599493,5.44114680961,0.0258187996224,7,5,ok,
cpudispatch_v3,ifft,complex64,8192,1,ifft_complex64_n8192_b1,0.0572645047214,0.0570363702718,0.000151089625433,7,200,ok,
cpudispatch_v3,ifft,complex64,8192,2,ifft_complex64_n8192_b2,0.111620653611,0.111221312678,0.000233625707386,7,176,ok,
cpudispatch_v3,ifft,complex64,8192,4,ifft_complex64_n8192_b4,0.191693815846,0.190573145446,0.000578951479379,7,103,ok,
cpudispatch_v3,ifft,complex64,8192,8,ifft_complex64_n8192_b8,0.353569226143,0.352751000033,0.000448738175787,7,57,ok,
cpudispatch_v3,ifft,complex64,8192,16,ifft_complex64_n8192_b16,0.675664197964,0.670749267253,0.000865963132431,7,30,ok,
cpudispatch_v3,ifft,complex64,8192,32,ifft_complex64_n8192_b32,1.31881335983,1.31185017844,0.00355222304775,7,22,ok,
cpudispatch_v3,ifft,complex64,8192,64,ifft_complex64_n8192_b64,2.63078555211,2.61424054307,0.0132095407356,7,11,ok,
cpudispatch_v3,ifft,complex64,8192,256,ifft_complex64_n8192_b256,11.0923116639,10.9538733571,0.118146999739,7,3,ok,
cpudispatch_v3,ifft,complex64,16384,1,ifft_complex64_n16384_b1,0.11257488933,0.111846354124,0.000113418980956,7,172,ok,
cpudispatch_v3,ifft,complex64,16384,2,ifft_complex64_n16384_b2,0.199634122023,0.198769060932,0.000377393779204,7,99,ok,
cpudispatch_v3,ifft,complex64,16384,4,ifft_complex64_n16384_b4,0.365079018626,0.363918819295,0.00116019933061,7,55,ok,
cpudispatch_v3,ifft,complex64,16384,8,ifft_complex64_n16384_b8,0.691069666451,0.689266932507,0.00109806812058,7,30,ok,
cpudispatch_v3,ifft,complex64,16384,16,ifft_complex64_n16384_b16,1.35186082281,1.34885831821,0.00179064227268,7,22,ok,
cpudispatch_v3,ifft,complex64,16384,32,ifft_complex64_n16384_b32,2.68029099838,2.66439545984,0.00278527890755,7,11,ok,
cpudispatch_v3,ifft,complex64,16384,64,ifft_complex64_n16384_b64,5.37515399046,5.35487558227,0.017869612202,7,5,ok,
cpudispatch_v3,ifft,complex64,16384,256,ifft_complex64_n16384_b256,24.4424379198,24.3510439759,0.0457769492641,7,1,ok,
cpudispatch_v3,ifft,complex64,32768,1,ifft_complex64_n32768_b1,0.22707036326,0.225650510401,0.000607738250189,7,88,ok,
cpudispatch_v3,ifft,complex64,32768,2,ifft_complex64_n32768_b2,0.408789373372,0.405526125784,0.0015460633828,7,48,ok,
cpudispatch_v3,ifft,complex64,32768,4,ifft_complex64_n32768_b4,0.757950167948,0.749743663861,0.00296026701108,7,30,ok,
cpudispatch_v3,ifft,complex64,32768,8,ifft_complex64_n32768_b8,1.45381305483,1.44981095218,0.00150739215314,7,20,ok,
cpudispatch_v3,ifft,complex64,32768,16,ifft_complex64_n32768_b16,2.86389839603,2.85873170942,0.00237850472331,7,10,ok,
cpudispatch_v3,ifft,complex64,32768,32,ifft_complex64_n32768_b32,5.79102439806,5.74009402189,0.0111571978778,7,5,ok,
cpudispatch_v3,ifft,complex64,32768,64,ifft_complex64_n32768_b64,11.9600630132,11.9310850278,0.0174996675923,7,3,ok,
cpudispatch_v3,ifft,complex64,32768,256,ifft_complex64_n32768_b256,49.9019980198,49.8374070739,0.0645909458399,7,1,ok,
cpudispatch_v3,ifft,complex64,65536,1,ifft_complex64_n65536_b1,0.476553903094,0.475260024402,0.000565359923279,7,42,ok,
cpudispatch_v3,ifft,complex64,65536,2,ifft_complex64_n65536_b2,0.897649031443,0.887455434228,0.00113816931844,7,30,ok,
cpudispatch_v3,ifft,complex64,65536,4,ifft_complex64_n65536_b4,1.70839282081,1.70068176436,0.00300858279361,7,17,ok,
cpudispatch_v3,ifft,complex64,65536,8,ifft_complex64_n65536_b8,3.33542366409,3.3214462326,0.0110217758144,7,9,ok,
cpudispatch_v3,ifft,complex64,65536,16,ifft_complex64_n65536_b16,6.67894925573,6.64219199098,0.027787493309,7,4,ok,
cpudispatch_v3,ifft,complex64,65536,32,ifft_complex64_n65536_b32,13.5733810021,13.5334753043,0.00472199947884,7,3,ok,
cpudispatch_v3,ifft,complex64,65536,64,ifft_complex64_n65536_b64,29.1758700041,28.8661939558,0.260352971964,7,1,ok,
cpudispatch_v3,ifft,complex64,65536,256,ifft_complex64_n65536_b256,113.036405994,112.406182918,0.263468013145,7,1,ok,
cpudispatch_v3,ifft,complex128,64,1,ifft_complex128_n64_b1,0.00452626539773,0.00446424165969,3.35777496754e-05,9,1767,ok,
cpudispatch_v3,ifft,complex128,64,2,ifft_complex128_n64_b2,0.00510939936494,0.00510139043428,2.1117369807e-06,9,1575,ok,
cpudispatch_v3,ifft,complex128,64,4,ifft_complex128_n64_b4,0.00542665499961,0.00539462000597,6.25697430223e-06,9,2000,ok,
cpudispatch_v3,ifft,complex128,64,8,ifft_complex128_n64_b8,0.00611983149001,0.00607616801454,1.91302932574e-05,9,1988,ok,
cpudispatch_v3,ifft,complex128,64,16,ifft_complex128_n64_b16,0.00724575641858,0.00719699085524,2.48332367441e-05,9,1757,ok,
cpudispatch_v3,ifft,complex128,64,32,ifft_complex128_n64_b32,0.00963443318173,0.00955578668683,2.46580530911e-05,9,1392,ok,
cpudispatch_v3,ifft,complex128,64,64,ifft_complex128_n64_b64,0.0145850294504,0.0144755279256,2.48202117851e-05,9,951,ok,
cpudispatch_v3,ifft,complex128,64,256,ifft_complex128_n64_b256,0.0449705054052,0.0447663199157,0.00020113075152,7,200,ok,
cpudispatch_v3,ifft,complex128,256,1,ifft_complex128_n256_b1,0.00578144968579,0.00568850903343,1.47761376968e-05,9,1988,ok,
cpudispatch_v3,ifft,complex128,256,2,ifft_complex128_n256_b2,0.00690592646812,0.00686044537114,2.43611492207e-05,9,1592,ok,
cpudispatch_v3,ifft,complex128,256,4,ifft_complex128_n256_b4,0.00849566904914,0.00846639005957,2.49808899274e-05,9,1520,ok,
cpudispatch_v3,ifft,complex128,256,8,ifft_complex128_n256_b8,0.0116860264056,0.0116029392738,1.19058236572e-05,9,1136,ok,
cpudispatch_v3,ifft,complex128,256,16,ifft_complex128_n256_b16,0.0183427422259,0.0181966269729,5.84507457565e-05,9,772,ok,
cpudispatch_v3,ifft,complex128,256,32,ifft_complex128_n256_b32,0.0314872001763,0.0310687150341,9.15193231776e-05,9,200,ok,
cpudispatch_v3,ifft,complex128,256,64,ifft_complex128_n256_b64,0.0574090000009,0.0568413350265,0.000263545080088,9,200,ok,
cpudispatch_v3,ifft,complex128,256,256,ifft_complex128_n256_b256,0.21089561112,0.209470621408,0.000731474229772,7,95,ok,
cpudispatch_v3,ifft,complex128,1024,1,ifft_complex128_n1024_b1,0.0102373788739,0.0101948767426,3.95372975227e-05,9,1193,ok,
cpudispatch_v3,ifft,complex128,1024,2,ifft_complex128_n1024_b2,0.0167896112092,0.0166750112433,4.4082071609e-05,9,805,ok,
cpudispatch_v3,ifft,complex128,1024,4,ifft_complex128_n1024_b4,0.0248203305412,0.024690793197,6.11042633468e-05,9,566,ok,
cpudispatch_v3,ifft,complex128,1024,8,ifft_complex128_n1024_b8,0.0408308848273,0.040628554998,0.000202329829335,9,200,ok,
cpudispatch_v3,ifft,complex128,1024,16,ifft_complex128_n1024_b16,0.0730061752256,0.0725594349205,0.000142770004459,9,200,ok,
cpudispatch_v3,ifft,complex128,1024,32,ifft_complex128_n1024_b32,0.136019564876,0.135427702957,0.000157745972533,9,145,ok,
cpudispatch_v3,ifft,complex128,1024,64,ifft_complex128_n1024_b64,0.262043027518,0.260748200429,0.000922799420853,9,75,ok,
cpudispatch_v3,ifft,complex128,1024,256,ifft_complex128_n1024_b256,1.01991807078,1.01813365272,0.00178441806728,7,29,ok,
cpudispatch_v3,ifft,complex128,2048,1,ifft_complex128_n2048_b1,0.0166794030628,0.0165850597385,4.43881196873e-05,9,804,ok,
cpudispatch_v3,ifft,complex128,2048,2,ifft_complex128_n2048_b2,0.031528160815,0.0313634008255,0.000164759989483,9,454,ok,
cpudispatch_v3,ifft,complex128,2048,4,ifft_complex128_n2048_b4,0.0497581897071,0.0494180002715,0.000192910665646,9,200,ok,
cpudispatch_v3,ifft,complex128,2048,8,ifft_complex128_n2048_b8,0.0865725352196,0.0862136099022,0.000358925317414,9,200,ok,
cpudispatch_v3,ifft,complex128,2048,16,ifft_complex128_n2048_b16,0.159341444646,0.158357540227,0.000460785702758,9,126,ok,
cpudispatch_v3,ifft,complex128,2048,32,ifft_complex128_n2048_b32,0.30577375037,0.305253875922,0.000203343006433,9,64,ok,
cpudispatch_v3,ifft,complex128,2048,64,ifft_complex128_n2048_b64,0.597343465779,0.591078035844,0.00104097028573,9,30,ok,
cpudispatch_v3,ifft,complex128,2048,256,ifft_complex128_n2048_b256,2.36298082746,2.35147591836,0.00724690229011,7,12,ok,
cpudispatch_v3,ifft,complex128,3072,1,ifft_complex128_n3072_b1,0.0235530658827,0.0234764643938,5.00391167837e-05,9,562,ok,
cpudispatch_v3,ifft,complex128,3072,2,ifft_complex128_n3072_b2,0.0449200597359,0.0446759501938,0.000126835075207,9,200,ok,
cpudispatch_v3,ifft,complex128,3072,4,ifft_complex128_n3072_b4,0.0739456847077,0.0730619748356,0.000324910506606,9,200,ok,
cpudispatch_v3,ifft,complex128,3072,8,ifft_complex128_n3072_b8,0.13181171616,0.131162054163,0.00028486514615,9,148,ok,
cpudispatch_v3,ifft,complex128,3072,16,ifft_complex128_n3072_b16,0.248799211113,0.248151374399,0.000405499304179,9,80,ok,
cpudispatch_v3,ifft,complex128,3072,32,ifft_complex128_n3072_b32,0.480314802068,0.475599298564,0.00101492817824,9,30,ok,
cpudispatch_v3,ifft,complex128,3072,64,ifft_complex128_n3072_b64,0.946230965201,0.943842169363,0.000902032479644,9,30,ok,
cpudispatch_v3,ifft,complex128,3072,256,ifft_complex128_n3072_b256,3.9749534335,3.95595771261,0.00881656472172,7,7,ok,
cpudispatch_v3,ifft,complex128,3584,1,ifft_complex128_n3584_b1,0.0259436151282,0.025678781185,5.49882770429e-05,9,512,ok,
cpudispatch_v3,ifft,complex128,3584,2,ifft_complex128_n3584_b2,0.0500224897405,0.0497185147833,0.000107304658741,9,200,ok,
cpudispatch_v3,ifft,complex128,3584,4,ifft_complex128_n3584_b4,0.0834686600138,0.082562059979,0.000159099581651,9,200,ok,
cpudispatch_v3,ifft,complex128,3584,8,ifft_complex128_n3584_b8,0.148532284014,0.148222746098,0.000197978155104,9,134,ok,
cpudispatch_v3,ifft,complex128,3584,16,ifft_complex128_n3584_b16,0.279625957566,0.276588557088,0.000593686542873,9,70,ok,
cpudispatch_v3,ifft,complex128,3584,32,ifft_complex128_n3584_b32,0.538815600642,0.536986867276,0.00140326640879,9,30,ok,
cpudispatch_v3,ifft,complex128,3584,64,ifft_complex128_n3584_b64,1.05620810895,1.0528095341,0.00128917495853,9,28,ok,
cpudispatch_v3,ifft,complex128,3584,256,ifft_complex128_n3584_b256,4.61888916713,4.54144199224,0.0216691599538,7,6,ok,
cpudispatch_v3,ifft,complex128,4095,1,ifft_complex128_n4095_b1,0.0420889970948,0.0417914580281,0.000132305831924,9,321,ok,
cpudispatch_v3,ifft,complex128,4095,2,ifft_complex128_n4095_b2,0.0707527948543,0.0702236051438,5.22000482306e-05,9,200,ok,
cpudispatch_v3,ifft,complex128,4095,4,ifft_complex128_n4095_b4,0.127616704842,0.126985262912,0.000401840318376,9,156,ok,
cpudispatch_v3,ifft,complex128,4095,8,ifft_complex128_n4095_b8,0.244924760294,0.244053505078,0.000601377974771,9,79,ok,
cpudispatch_v3,ifft,complex128,4095,16,ifft_complex128_n4095_b16,0.474131648662,0.472538149916,0.00136582239065,9,40,ok,
cpudispatch_v3,ifft,complex128,4095,32,ifft_complex128_n4095_b32,0.932943363053,0.931780831888,0.000689295120537,9,30,ok,
cpudispatch_v3,ifft,complex128,4095,64,ifft_complex128_n4095_b64,1.83192144323,1.82804349606,0.00291549804388,9,16,ok,
cpudispatch_v3,ifft,complex128,4095,256,ifft_complex128_n4095_b256,7.86791369319,7.83943365483,0.0283166688556,7,3,ok,
cpudispatch_v3,ifft,complex128,4096,1,ifft_complex128_n4096_b1,0.0321932889113,0.031778629886,8.0828498166e-05,9,443,ok,
cpudispatch_v3,ifft,complex128,4096,2,ifft_complex128_n4096_b2,0.0578413601033,0.0576779048424,6.28200359643e-05,9,200,ok,
cpudispatch_v3,ifft,complex128,4096,4,ifft_complex128_n4096_b4,0.0982731999829,0.097868689918,0.000250320299529,9,200,ok,
cpudispatch_v3,ifft,complex128,4096,8,ifft_complex128_n4096_b8,0.173478633639,0.172729910576,0.000592365852624,9,112,ok,
cpudispatch_v3,ifft,complex128,4096,16,ifft_complex128_n4096_b16,0.327336493131,0.32406347445,0.000925165921694,9,61,ok,
cpudispatch_v3,ifft,complex128,4096,32,ifft_complex128_n4096_b32,0.629900232889,0.624546199106,0.000747064283738,9,30,ok,
cpudispatch_v3,ifft,complex128,4096,64,ifft_complex128_n4096_b64,1.26700591742,1.25844237724,0.00422416390696,9,24,ok,
cpudispatch_v3,ifft,complex128,4096,256,ifft_complex128_n4096_b256,5.39503379259,5.34136900678,0.0390754081309,7,5,ok,
cpudispatch_v3,ifft,complex128,4097,1,ifft_complex128_n4097_b1,0.113045288633,0.112842088428,0.000193893142483,7,170,ok,
cpudispatch_v3,ifft,complex128,4097,2,ifft_complex128_n4097_b2,0.186561377289,0.185589179757,0.000369933846776,7,106,ok,
cpudispatch_v3,ifft,complex128,4097,4,ifft_complex128_n4097_b4,0.354187722594,0.35278937193,0.00116775778157,7,54,ok,
cpudispatch_v3,ifft,complex128,4097,8,ifft_complex128_n4097_b8,0.705360680253,0.702322464869,0.000724211401705,7,28,ok,
cpudispatch_v3,ifft,complex128,4097,16,ifft_complex128_n4097_b16,1.39159899915,1.38600418965,0.00116404789012,7,21,ok,
cpudispatch_v3,ifft,complex128,4097,32,ifft_complex128_n4097_b32,2.74622429861,2.74253340904,0.00369088957086,7,10,ok,
cpudispatch_v3,ifft,complex128,4097,64,ifft_complex128_n4097_b64,5.45188239776,5.42026718613,0.0154132023454,7,5,ok,
cpudispatch_v3,ifft,complex128,4097,256,ifft_complex128_n4097_b256,22.1415570704,22.1023129998,0.0392440706491,7,1,ok,
cpudispatch_v3,ifft,complex128,4608,1,ifft_complex128_n4608_b1,0.0342577445554,0.0339867902221,8.45547765493e-05,7,200,ok,
cpudispatch_v3,ifft,complex128,4608,2,ifft_complex128_n4608_b2,0.0684954546159,0.0681743497262,0.000128789688461,7,200,ok,
cpudispatch_v3,ifft,complex128,4608,4,ifft_complex128_n4608_b4,0.11819182991,0.117886670427,0.000131481518859,7,170,ok,
cpudispatch_v3,ifft,complex128,4608,8,ifft_complex128_n4608_b8,0.21228081491,0.211603891449,0.000430043260364,7,92,ok,
cpudispatch_v3,ifft,complex128,4608,16,ifft_complex128_n4608_b16,0.408005101296,0.407048299288,0.000711666264882,7,30,ok,
cpudispatch_v3,ifft,complex128,4608,32,ifft_complex128_n4608_b32,0.787263600311,0.786579633132,0.000516965519637,7,30,ok,
cpudispatch_v3,ifft,complex128,4608,64,ifft_complex128_n4608_b64,1.56927483745,1.56629973361,0.00183242005541,7,19,ok,
cpudispatch_v3,ifft,complex128,4608,256,ifft_complex128_n4608_b256,6.50298739783,6.48718180601,0.0106120016426,7,5,ok,
cpudispatch_v3,ifft,complex128,8192,1,ifft_complex128_n8192_b1,0.0631188700208,0.0629136303905,0.0001204299042,7,200,ok,
cpudispatch_v3,ifft,complex128,8192,2,ifft_complex128_n8192_b2,0.125699870599,0.125111981128,0.000426105229345,7,162,ok,
cpudispatch_v3,ifft,complex128,8192,4,ifft_complex128_n8192_b4,0.241933728787,0.240831541391,0.000383669291349,7,85,ok,
cpudispatch_v3,ifft,complex128,8192,8,ifft_complex128_n8192_b8,0.456447346116,0.45443138958,0.000541890546194,7,46,ok,
cpudispatch_v3,ifft,complex128,8192,16,ifft_complex128_n8192_b16,0.88236409938,0.87936646305,0.00175696720059,7,30,ok,
cpudispatch_v3,ifft,complex128,8192,32,ifft_complex128_n8192_b32,1.7607853321,1.74070488558,0.0166657264344,7,18,ok,
cpudispatch_v3,ifft,complex128,8192,64,ifft_complex128_n8192_b64,3.45112287646,3.41422588099,0.0262425488068,7,9,ok,
cpudispatch_v3,ifft,complex128,8192,256,ifft_complex128_n8192_b256,14.3791830051,14.3153034733,0.0269404845312,7,2,ok,
cpudispatch_v3,ifft,complex128,16384,1,ifft_complex128_n16384_b1,0.184373222197,0.183402505383,0.000478879717941,7,99,ok,
cpudispatch_v3,ifft,complex128,16384,2,ifft_complex128_n16384_b2,0.365330396167,0.363857621538,0.000585243984495,7,53,ok,
cpudispatch_v3,ifft,complex128,16384,4,ifft_complex128_n16384_b4,0.71942955428,0.712727334488,0.00078181511964,7,27,ok,
cpudispatch_v3,ifft,complex128,16384,8,ifft_complex128_n16384_b8,1.41054166791,1.40121085791,0.00424799509346,7,21,ok,
cpudispatch_v3,ifft,complex128,16384,16,ifft_complex128_n16384_b16,2.80781389447,2.78553009266,0.00271521275863,7,10,ok,
cpudispatch_v3,ifft,complex128,16384,32,ifft_complex128_n16384_b32,5.68270778749,5.62102000695,0.0307979760692,7,5,ok,
cpudispatch_v3,ifft,complex128,16384,64,ifft_complex128_n16384_b64,11.8648384814,11.7374095134,0.075382005889,7,2,ok,
cpudispatch_v3,ifft,complex128,16384,256,ifft_complex128_n16384_b256,49.7494040756,49.7007019585,0.0210200669244,7,1,ok,
cpudispatch_v3,ifft,complex128,32768,1,ifft_complex128_n32768_b1,0.423962978567,0.421310554536,0.00182682886086,7,47,ok,
cpudispatch_v3,ifft,complex128,32768,2,ifft_complex128_n32768_b2,0.832425825217,0.831267133396,0.000855521015499,7,23,ok,
cpudispatch_v3,ifft,complex128,32768,4,ifft_complex128_n32768_b4,1.65598366746,1.64904838635,0.00222478087785,7,18,ok,
cpudispatch_v3,ifft,complex128,32768,8,ifft_complex128_n32768_b8,3.31657724746,3.29093050095,0.00621800427325,7,8,ok,
cpudispatch_v3,ifft,complex128,32768,16,ifft_complex128_n32768_b16,6.68519476312,6.66835575248,0.016839010641,7,4,ok,
cpudispatch_v3,ifft,complex128,32768,32,ifft_complex128_n32768_b32,14.2381784972,14.0196380089,0.181094976142,7,2,ok,
cpudispatch_v3,ifft,complex128,32768,64,ifft_complex128_n32768_b64,29.8261999851,29.746481101,0.0732869375497,7,1,ok,
cpudispatch_v3,ifft,complex128,32768,256,ifft_complex128_n32768_b256,116.966612055,116.034712992,0.870884978212,7,1,ok,
cpudispatch_v3,ifft,complex128,65536,1,ifft_complex128_n65536_b1,0.921850192494,0.918088381046,0.003761811448,7,21,ok,
cpudispatch_v3,ifft,complex128,65536,2,ifft_complex128_n65536_b2,1.85095337656,1.84676556819,0.00265493872575,7,16,ok,
cpudispatch_v3,ifft,complex128,65536,4,ifft_complex128_n65536_b4,3.7160407519,3.65165874246,0.0255254999502,7,8,ok,
cpudispatch_v3,ifft,complex128,65536,8,ifft_complex128_n65536_b8,7.43396524922,7.42596024065,0.00800500856712,7,4,ok,
cpudispatch_v3,ifft,complex128,65536,16,ifft_complex128_n65536_b16,15.528304968,15.4821679462,0.0461370218545,7,1,ok,
cpudispatch_v3,ifft,complex128,65536,32,ifft_complex128_n65536_b32,32.7262929641,32.4401770486,0.0514769926667,7,1,ok,
cpudispatch_v3,ifft,complex128,65536,64,ifft_complex128_n65536_b64,64.3253310118,63.8393890113,0.279334024526,7,1,ok,
cpudispatch_v3,ifft,complex128,65536,256,ifft_complex128_n65536_b256,776.272952091,281.097776024,185.926409904,7,1,ok,
