candidate,operation,dtype,n,batch,case_id,median_ms,best_ms,mad_ms,samples,loops,status,notes
c222,fft,complex64,64,1,fft_complex64_n64_b1,0.00452134760082,0.00450643886339,8.20561711277e-06,9,1260,ok,
c222,fft,complex64,64,2,fft_complex64_n64_b2,0.00515516932876,0.00510770310927,4.31698605156e-05,9,1819,ok,
c222,fft,complex64,64,4,fft_complex64_n64_b4,0.00549327296903,0.00545044301543,1.24630169012e-05,9,2000,ok,
c222,fft,complex64,64,8,fft_complex64_n64_b8,0.00634260132791,0.00631283101381,2.08279102768e-05,9,1964,ok,
c222,fft,complex64,64,16,fft_complex64_n64_b16,0.00768219463117,0.00764640121599,1.7139245756e-05,9,1680,ok,
c222,fft,complex64,64,32,fft_complex64_n64_b32,0.0102364688904,0.0101354397779,1.62635122034e-05,9,1237,ok,
c222,fft,complex64,64,64,fft_complex64_n64_b64,0.0161434296252,0.0159306217517,0.000148447895689,9,875,ok,
c222,fft,complex64,64,256,fft_complex64_n64_b256,0.202718704302,0.20184581119,0.000468348643105,7,95,ok,
c222,fft,complex64,256,1,fft_complex64_n256_b1,0.0058898515265,0.00585086625718,1.55971209808e-05,9,1839,ok,
c222,fft,complex64,256,2,fft_complex64_n256_b2,0.00715210097521,0.00707000653556,1.52773679524e-05,9,1684,ok,
c222,fft,complex64,256,4,fft_complex64_n256_b4,0.00895171410016,0.00889603699407,3.31458413949e-05,9,1378,ok,
c222,fft,complex64,256,8,fft_complex64_n256_b8,0.0124599019384,0.012385128228,2.79460736847e-05,9,1092,ok,
c222,fft,complex64,256,16,fft_complex64_n256_b16,0.0197542372266,0.0196942330154,3.4414766846e-05,9,738,ok,
c222,fft,complex64,256,32,fft_complex64_n256_b32,0.0342936249217,0.0340203149244,0.000122524797916,9,200,ok,
c222,fft,complex64,256,64,fft_complex64_n256_b64,0.216701955811,0.214510065104,0.00149498765285,9,91,ok,
c222,fft,complex64,256,256,fft_complex64_n256_b256,0.938537525057,0.933644095702,0.00438819240247,7,21,ok,
c222,fft,complex64,1024,1,fft_complex64_n1024_b1,0.0127915645767,0.0127520797489,2.25288689856e-05,9,953,ok,
c222,fft,complex64,1024,2,fft_complex64_n1024_b2,0.0176978473522,0.0176068669545,3.0279382042e-05,9,766,ok,
c222,fft,complex64,1024,4,fft_complex64_n1024_b4,0.0266489396329,0.026385156818,0.000186151180536,9,529,ok,
c222,fft,complex64,1024,8,fft_complex64_n1024_b8,0.0441795651568,0.0440871453611,6.71751331538e-05,9,200,ok,
c222,fft,complex64,1024,16,fft_complex64_n1024_b16,0.0786474149209,0.0785006448859,6.98800431564e-05,9,200,ok,
c222,fft,complex64,1024,32,fft_complex64_n1024_b32,0.147856128598,0.146780292595,0.000232014861098,9,133,ok,
c222,fft,complex64,1024,64,fft_complex64_n1024_b64,0.983290686762,0.981198838226,0.00130353299411,9,19,ok,
c222,fft,complex64,1024,256,fft_complex64_n1024_b256,2.63869254427,2.62818290767,0.00940208238634,7,11,ok,
c222,fft,complex64,2048,1,fft_complex64_n2048_b1,0.0214229614193,0.0213733026923,4.34476603272e-05,9,621,ok,
c222,fft,complex64,2048,2,fft_complex64_n2048_b2,0.0324798145841,0.0323031006543,0.000133887743172,9,437,ok,
c222,fft,complex64,2048,4,fft_complex64_n2048_b4,0.0539816048695,0.0537838850869,9.68301901594e-05,9,200,ok,
c222,fft,complex64,2048,8,fft_complex64_n2048_b8,0.0919388147304,0.0915023498237,0.000243454705924,9,200,ok,
c222,fft,complex64,2048,16,fft_complex64_n2048_b16,0.170067096693,0.169882096407,0.000115579990833,9,114,ok,
c222,fft,complex64,2048,32,fft_complex64_n2048_b32,0.327953465361,0.325135384143,0.00032878597267,9,60,ok,
c222,fft,complex64,2048,64,fft_complex64_n2048_b64,0.636915198993,0.633982700917,0.000286897799621,9,30,ok,
c222,fft,complex64,2048,256,fft_complex64_n2048_b256,4.34401384943,4.31109916341,0.0163523169855,7,6,ok,
c222,fft,complex64,3072,1,fft_complex64_n3072_b1,0.0294204033085,0.0291809008083,3.28763161559e-05,9,444,ok,
c222,fft,complex64,3072,2,fft_complex64_n3072_b2,0.0468022149289,0.0466507300735,9.31246904656e-05,9,200,ok,
c222,fft,complex64,3072,4,fft_complex64_n3072_b4,0.0784897251287,0.0784064654727,8.17503314465e-05,9,200,ok,
c222,fft,complex64,3072,8,fft_complex64_n3072_b8,0.139488640958,0.139168762642,0.000269425255682,9,139,ok,
c222,fft,complex64,3072,16,fft_complex64_n3072_b16,0.260738601704,0.260416218973,0.000322382731287,9,73,ok,
c222,fft,complex64,3072,32,fft_complex64_n3072_b32,0.513175999125,0.508696966184,0.00182073563337,9,30,ok,
c222,fft,complex64,3072,64,fft_complex64_n3072_b64,1.00173220713,0.9993792086,0.00100258480886,9,29,ok,
c222,fft,complex64,3072,256,fft_complex64_n3072_b256,6.56407800852,6.48048950825,0.0835885002743,7,4,ok,
c222,fft,complex64,3584,1,fft_complex64_n3584_b1,0.0332899300516,0.0331623485342,9.00854843471e-05,9,373,ok,
c222,fft,complex64,3584,2,fft_complex64_n3584_b2,0.0533188646659,0.0530072348192,0.000109849497676,9,200,ok,
c222,fft,complex64,3584,4,fft_complex64_n3584_b4,0.0885279499926,0.0883833353873,0.00013109005522,9,200,ok,
c222,fft,complex64,3584,8,fft_complex64_n3584_b8,0.158337446137,0.157674057756,0.000473190760933,9,121,ok,
c222,fft,complex64,3584,16,fft_complex64_n3584_b16,0.303250273591,0.30226236435,0.000691607552157,9,66,ok,
c222,fft,complex64,3584,32,fft_complex64_n3584_b32,0.582212799539,0.575759766313,0.00377569813281,9,30,ok,
c222,fft,complex64,3584,64,fft_complex64_n3584_b64,1.16211195942,1.15433543921,0.0027711968869,9,25,ok,
c222,fft,complex64,3584,256,fft_complex64_n3584_b256,7.5937063278,7.45106701894,0.07937499322,7,3,ok,
c222,fft,complex64,4095,1,fft_complex64_n4095_b1,0.044775381245,0.0444578415415,0.000246988504,9,265,ok,
c222,fft,complex64,4095,2,fft_complex64_n4095_b2,0.0740172801306,0.0734554848168,0.000275160418823,9,200,ok,
c222,fft,complex64,4095,4,fft_complex64_n4095_b4,0.133069616436,0.132478445079,0.000549794480919,9,146,ok,
c222,fft,complex64,4095,8,fft_complex64_n4095_b8,0.257631507407,0.256394646189,0.000305632954534,9,79,ok,
c222,fft,complex64,4095,16,fft_complex64_n4095_b16,0.501017898205,0.496788276359,0.000772424391471,9,40,ok,
c222,fft,complex64,4095,32,fft_complex64_n4095_b32,1.00197024033,0.995921725728,0.00156327712767,9,29,ok,
c222,fft,complex64,4095,64,fft_complex64_n4095_b64,1.98268021424,1.97031357259,0.00802785091634,9,14,ok,
c222,fft,complex64,4095,256,fft_complex64_n4095_b256,11.3243709784,11.2403894891,0.083981489297,7,2,ok,
c222,fft,complex64,4096,1,fft_complex64_n4096_b1,0.0392761218021,0.0391122273122,6.83335551562e-05,9,312,ok,
c222,fft,complex64,4096,2,fft_complex64_n4096_b2,0.0597670499701,0.059630239848,5.74596924707e-05,9,200,ok,
c222,fft,complex64,4096,4,fft_complex64_n4096_b4,0.100666980068,0.100576759388,6.88456333219e-05,9,195,ok,
c222,fft,complex64,4096,8,fft_complex64_n4096_b8,0.182285019257,0.181979486701,5.74961130586e-05,9,107,ok,
c222,fft,complex64,4096,16,fft_complex64_n4096_b16,0.342823545956,0.341997454366,0.000419874082912,9,55,ok,
c222,fft,complex64,4096,32,fft_complex64_n4096_b32,0.673843066519,0.670422698992,0.00164773470412,9,30,ok,
c222,fft,complex64,4096,64,fft_complex64_n4096_b64,1.32573595461,1.31596635964,0.00387722816826,9,22,ok,
c222,fft,complex64,4096,256,fft_complex64_n4096_b256,8.71314802983,8.62372468691,0.0894233429184,7,3,ok,
c222,fft,complex64,4097,1,fft_complex64_n4097_b1,0.117469143471,0.117241956876,0.000227186594346,7,139,ok,
c222,fft,complex64,4097,2,fft_complex64_n4097_b2,0.202238641101,0.201979427128,0.000259213972367,7,103,ok,
c222,fft,complex64,4097,4,fft_complex64_n4097_b4,0.3645278134,0.363306832258,0.000289794385295,7,54,ok,
c222,fft,complex64,4097,8,fft_complex64_n4097_b8,0.712691405271,0.711157775691,0.00134359665767,7,27,ok,
c222,fft,complex64,4097,16,fft_complex64_n4097_b16,1.40454114548,1.40162904946,0.00278805271678,7,21,ok,
c222,fft,complex64,4097,32,fft_complex64_n4097_b32,2.81762739178,2.79845660552,0.0130834057927,7,10,ok,
c222,fft,complex64,4097,64,fft_complex64_n4097_b64,5.62982261181,5.61578839552,0.0140342162922,7,5,ok,
c222,fft,complex64,4097,256,fft_complex64_n4097_b256,26.6118959989,26.1004309868,0.413952977397,7,1,ok,
c222,fft,complex64,4608,1,fft_complex64_n4608_b1,0.0423286651494,0.0420014047995,0.000174274900928,7,200,ok,
c222,fft,complex64,4608,2,fft_complex64_n4608_b2,0.0715193204815,0.0713715452002,0.000144015066326,7,200,ok,
c222,fft,complex64,4608,4,fft_complex64_n4608_b4,0.124520550162,0.123153937602,0.000459924922325,7,160,ok,
c222,fft,complex64,4608,8,fft_complex64_n4608_b8,0.223343550956,0.222800931112,0.000542619843678,7,87,ok,
c222,fft,complex64,4608,16,fft_complex64_n4608_b16,0.442596664652,0.421968866916,0.0136093663362,7,30,ok,
c222,fft,complex64,4608,32,fft_complex64_n4608_b32,0.842559131949,0.836556300055,0.00541573002314,7,30,ok,
c222,fft,complex64,4608,64,fft_complex64_n4608_b64,1.70654362591,1.6457689344,0.045818000217,7,16,ok,
c222,fft,complex64,4608,256,fft_complex64_n4608_b256,10.5795029861,10.2910916709,0.23006562454,7,3,ok,
c222,fft,complex64,8192,1,fft_complex64_n8192_b1,0.0774334551534,0.0773788499646,5.46051887795e-05,7,200,ok,
c222,fft,complex64,8192,2,fft_complex64_n8192_b2,0.127119746954,0.126507434867,0.000504513011108,7,154,ok,
c222,fft,complex64,8192,4,fft_complex64_n8192_b4,0.229852403411,0.22900611091,0.000846292500177,7,72,ok,
c222,fft,complex64,8192,8,fft_complex64_n8192_b8,0.432505194719,0.424482442516,0.00516324911991,7,36,ok,
c222,fft,complex64,8192,16,fft_complex64_n8192_b16,0.833677575709,0.824898884345,0.00228422980469,7,26,ok,
c222,fft,complex64,8192,32,fft_complex64_n8192_b32,1.66059578104,1.6514680049,0.00900391855144,7,14,ok,
c222,fft,complex64,8192,64,fft_complex64_n8192_b64,3.51290333007,3.43800050905,0.0216188297297,7,6,ok,
c222,fft,complex64,8192,256,fft_complex64_n8192_b256,19.415064482,18.9709310071,0.418019539211,7,2,ok,
c222,fft,complex64,16384,1,fft_complex64_n16384_b1,0.199036565703,0.194905818478,0.00400454596137,7,99,ok,
c222,fft,complex64,16384,2,fft_complex64_n16384_b2,0.386084481411,0.381643886123,0.00108434379889,7,52,ok,
c222,fft,complex64,16384,4,fft_complex64_n16384_b4,0.766030230667,0.761212382573,0.00141457600806,7,26,ok,
c222,fft,complex64,16384,8,fft_complex64_n16384_b8,1.50626450195,1.49694764987,0.00501730246469,7,20,ok,
c222,fft,complex64,16384,16,fft_complex64_n16384_b16,2.99888349837,2.97263159882,0.0028021982871,7,10,ok,
c222,fft,complex64,16384,32,fft_complex64_n16384_b32,5.96714176936,5.92025701189,0.0351232301909,7,4,ok,
c222,fft,complex64,16384,64,fft_complex64_n16384_b64,14.1759359976,13.7132919626,0.462644034997,7,1,ok,
c222,fft,complex64,16384,256,fft_complex64_n16384_b256,61.8732570438,61.2454150105,0.318513950333,7,1,ok,
c222,fft,complex64,32768,1,fft_complex64_n32768_b1,0.456246120545,0.454271974463,0.000969880992281,7,42,ok,
c222,fft,complex64,32768,2,fft_complex64_n32768_b2,0.905796589161,0.902852958957,0.00241863414307,7,22,ok,
c222,fft,complex64,32768,4,fft_complex64_n32768_b4,1.71480664764,1.70423517771,0.00406405888498,7,17,ok,
c222,fft,complex64,32768,8,fft_complex64_n32768_b8,3.51110874908,3.49834750523,0.00994112633634,7,8,ok,
c222,fft,complex64,32768,16,fft_complex64_n32768_b16,7.03825024539,7.01105198823,0.0170190178324,7,4,ok,
c222,fft,complex64,32768,32,fft_complex64_n32768_b32,16.4040820673,15.7996440539,0.604438013397,7,1,ok,
c222,fft,complex64,32768,64,fft_complex64_n32768_b64,34.4379050657,34.386659041,0.0512460246682,7,1,ok,
c222,fft,complex64,32768,256,fft_complex64_n32768_b256,137.488780078,136.657950003,0.616400036961,7,1,ok,
c222,fft,complex64,65536,1,fft_complex64_n65536_b1,0.986967424286,0.984198901625,0.00180286310968,7,21,ok,
c222,fft,complex64,65536,2,fft_complex64_n65536_b2,1.94227406755,1.93045733031,0.00318859238178,7,15,ok,
c222,fft,complex64,65536,4,fft_complex64_n65536_b4,3.78119543062,3.75893813491,0.0107600021043,7,7,ok,
c222,fft,complex64,65536,8,fft_complex64_n65536_b8,7.70384500114,7.63861334417,0.0305633293465,7,3,ok,
c222,fft,complex64,65536,16,fft_complex64_n65536_b16,17.9680000292,17.5508919638,0.417108065449,7,1,ok,
c222,fft,complex64,65536,32,fft_complex64_n65536_b32,37.3662279453,37.3109549982,0.0552729470655,7,1,ok,
c222,fft,complex64,65536,64,fft_complex64_n65536_b64,75.5050670123,75.2086540451,0.237433006987,7,1,ok,
c222,fft,complex64,65536,256,fft_complex64_n65536_b256,833.844611887,732.882965007,16.2210310809,7,1,ok,
c222,fft,complex128,64,1,fft_complex128_n64_b1,0.00377572719067,0.00375304165139,1.04618691822e-05,9,1899,ok,
c222,fft,complex128,64,2,fft_complex128_n64_b2,0.00412049196893,0.00409585598391,1.41564523801e-05,9,2000,ok,
c222,fft,complex128,64,4,fft_complex128_n64_b4,0.00437428045552,0.00435242452659,1.60199706443e-05,9,2000,ok,
c222,fft,complex128,64,8,fft_complex128_n64_b8,0.00504620897118,0.00503252301132,1.05145154521e-05,9,2000,ok,
c222,fft,complex128,64,16,fft_complex128_n64_b16,0.00612614350393,0.00611060450319,1.19674950838e-05,9,2000,ok,
c222,fft,complex128,64,32,fft_complex128_n64_b32,0.00838698454887,0.00834334012735,6.02099467461e-06,9,1614,ok,
c222,fft,complex128,64,64,fft_complex128_n64_b64,0.0135890219537,0.0135417342948,1.83135992269e-05,9,1046,ok,
c222,fft,complex128,64,256,fft_complex128_n64_b256,0.0436504295794,0.0434447446605,0.000165110104717,7,200,ok,
c222,fft,complex128,256,1,fft_complex128_n256_b1,0.00488789350493,0.00486691453261,2.06285039894e-05,9,2000,ok,
c222,fft,complex128,256,2,fft_complex128_n256_b2,0.00586302747251,0.00584891153267,6.81245001033e-06,9,2000,ok,
c222,fft,complex128,256,4,fft_complex128_n256_b4,0.00736808366919,0.00733643985635,4.66203053902e-06,9,1805,ok,
c222,fft,complex128,256,8,fft_complex128_n256_b8,0.0103685106489,0.0103294659891,1.77942844793e-05,9,1322,ok,
c222,fft,complex128,256,16,fft_complex128_n256_b16,0.0162398682985,0.0161509146251,4.21916818629e-05,9,866,ok,
c222,fft,complex128,256,32,fft_complex128_n256_b32,0.0287022447446,0.0282796553802,0.000269600423053,9,200,ok,
c222,fft,complex128,256,64,fft_complex128_n256_b64,0.0524467398645,0.0522740202723,4.96895518154e-05,9,200,ok,
c222,fft,complex128,256,256,fft_complex128_n256_b256,0.192810669406,0.192372961359,0.000402786841309,7,103,ok,
c222,fft,complex128,1024,1,fft_complex128_n1024_b1,0.0112994066092,0.011278959045,1.53843262084e-05,9,1124,ok,
c222,fft,complex128,1024,2,fft_complex128_n1024_b2,0.0152756837708,0.0152145494131,1.3432918626e-05,9,892,ok,
c222,fft,complex128,1024,4,fft_complex128_n1024_b4,0.0230252379016,0.0229790816441,3.52394386245e-05,9,626,ok,
c222,fft,complex128,1024,8,fft_complex128_n1024_b8,0.0382229045499,0.0381869898411,3.03104752675e-05,9,200,ok,
c222,fft,complex128,1024,16,fft_complex128_n1024_b16,0.0688788451953,0.0687751499936,5.0290254876e-05,9,200,ok,
c222,fft,complex128,1024,32,fft_complex128_n1024_b32,0.128758787328,0.12852311615,0.000138386272855,9,155,ok,
c222,fft,complex128,1024,64,fft_complex128_n1024_b64,0.247537663381,0.247287061939,0.000250601442531,9,80,ok,
c222,fft,complex128,1024,256,fft_complex128_n1024_b256,0.964904398036,0.962442799937,0.00233003326381,7,30,ok,
c222,fft,complex128,2048,1,fft_complex128_n2048_b1,0.0192887257973,0.0190966657794,0.000139321145927,9,682,ok,
c222,fft,complex128,2048,2,fft_complex128_n2048_b2,0.0291442272818,0.0288217403108,0.000301983706185,9,493,ok,
c222,fft,complex128,2048,4,fft_complex128_n2048_b4,0.0478410499636,0.0477182195755,7.28346640244e-05,9,200,ok,
c222,fft,complex128,2048,8,fft_complex128_n2048_b8,0.0818391249049,0.0812881003367,0.000155185116455,9,200,ok,
c222,fft,complex128,2048,16,fft_complex128_n2048_b16,0.151326809654,0.150785641034,0.000229587899308,9,131,ok,
c222,fft,complex128,2048,32,fft_complex128_n2048_b32,0.2888673056,0.288487609435,0.00030071089935,9,69,ok,
c222,fft,complex128,2048,64,fft_complex128_n2048_b64,0.565642199945,0.562949866677,0.00100719820087,9,30,ok,
c222,fft,complex128,2048,256,fft_complex128_n2048_b256,2.27338561896,2.25993215393,0.00817992258817,7,13,ok,
c222,fft,complex128,3072,1,fft_complex128_n3072_b1,0.0267093585891,0.0266098947451,4.25555868543e-05,9,513,ok,
c222,fft,complex128,3072,2,fft_complex128_n3072_b2,0.0424407748505,0.0423575699097,3.08098969981e-05,9,200,ok,
c222,fft,complex128,3072,4,fft_complex128_n3072_b4,0.0701036799001,0.0699336599791,8.37049447e-05,9,200,ok,
c222,fft,complex128,3072,8,fft_complex128_n3072_b8,0.125096961617,0.124858763182,8.43906607956e-05,9,156,ok,
c222,fft,complex128,3072,16,fft_complex128_n3072_b16,0.234718595277,0.234621262366,8.17027674722e-05,9,84,ok,
c222,fft,complex128,3072,32,fft_complex128_n3072_b32,0.45968623211,0.458965535897,0.000720696213345,9,30,ok,
c222,fft,complex128,3072,64,fft_complex128_n3072_b64,0.896965634699,0.894842669368,0.00117217035343,9,30,ok,
c222,fft,complex128,3072,256,fft_complex128_n3072_b256,3.74449549417,3.70949137141,0.0286021386273,7,8,ok,
c222,fft,complex128,3584,1,fft_complex128_n3584_b1,0.0302700960792,0.0299695124996,0.000165136566415,9,447,ok,
c222,fft,complex128,3584,2,fft_complex128_n3584_b2,0.0478298746748,0.0474200100871,0.000134905567393,9,200,ok,
c222,fft,complex128,3584,4,fft_complex128_n3584_b4,0.0791785598267,0.0789250346133,0.000106350053102,9,200,ok,
c222,fft,complex128,3584,8,fft_complex128_n3584_b8,0.141389978983,0.141164199782,0.000177406972008,9,140,ok,
c222,fft,complex128,3584,16,fft_complex128_n3584_b16,0.26577767916,0.265507053894,0.000207467625539,9,75,ok,
c222,fft,complex128,3584,32,fft_complex128_n3584_b32,0.514111768765,0.513247132767,0.000525630700091,9,30,ok,
c222,fft,complex128,3584,64,fft_complex128_n3584_b64,1.01414396717,1.0091684847,0.0033185913645,9,29,ok,
c222,fft,complex128,3584,256,fft_complex128_n3584_b256,4.41145685701,4.35297500475,0.0373125741524,7,7,ok,
c222,fft,complex128,4095,1,fft_complex128_n4095_b1,0.0408034259867,0.0407105296597,4.93518302779e-05,9,338,ok,
c222,fft,complex128,4095,2,fft_complex128_n4095_b2,0.0690330850193,0.0687206996372,0.000219760113396,9,200,ok,
c222,fft,complex128,4095,4,fft_complex128_n4095_b4,0.124789112306,0.124276399583,0.000345081207342,9,160,ok,
c222,fft,complex128,4095,8,fft_complex128_n4095_b8,0.239571371047,0.238970012611,0.000414358061037,9,81,ok,
c222,fft,complex128,4095,16,fft_complex128_n4095_b16,0.471301834166,0.469869426784,0.00132602595148,9,42,ok,
c222,fft,complex128,4095,32,fft_complex128_n4095_b32,0.918913601587,0.917659932747,0.00124433621143,9,30,ok,
c222,fft,complex128,4095,64,fft_complex128_n4095_b64,1.83173337427,1.82575974759,0.00275387719739,9,16,ok,
c222,fft,complex128,4095,256,fft_complex128_n4095_b256,7.69842167695,7.67729536165,0.0178799964488,7,3,ok,
c222,fft,complex128,4096,1,fft_complex128_n4096_b1,0.0358245718204,0.0356590744366,7.64709337555e-05,9,376,ok,
c222,fft,complex128,4096,2,fft_complex128_n4096_b2,0.0540451699635,0.0537340395385,0.000246055424213,9,200,ok,
c222,fft,complex128,4096,4,fft_complex128_n4096_b4,0.0900317600463,0.0893741851905,0.000341289560311,9,200,ok,
c222,fft,complex128,4096,8,fft_complex128_n4096_b8,0.162338815481,0.161945058753,0.000299891738706,9,119,ok,
c222,fft,complex128,4096,16,fft_complex128_n4096_b16,0.310746784537,0.309148722758,0.00106321576123,9,65,ok,
c222,fft,complex128,4096,32,fft_complex128_n4096_b32,0.606241298374,0.603488467944,0.000509297630439,9,30,ok,
c222,fft,complex128,4096,64,fft_complex128_n4096_b64,1.2211152399,1.19176807813,0.0252563180402,9,25,ok,
c222,fft,complex128,4096,256,fft_complex128_n4096_b256,5.11370133609,5.06831682287,0.0453845132142,7,6,ok,
c222,fft,complex128,4097,1,fft_complex128_n4097_b1,0.116695549914,0.11645926822,0.000236281693832,7,149,ok,
c222,fft,complex128,4097,2,fft_complex128_n4097_b2,0.186738460728,0.185885326713,0.000396316933732,7,104,ok,
c222,fft,complex128,4097,4,fft_complex128_n4097_b4,0.362511381338,0.361647926779,0.000863454558633,7,55,ok,
c222,fft,complex128,4097,8,fft_complex128_n4097_b8,0.716328462918,0.706104071079,0.000976462615654,7,28,ok,
c222,fft,complex128,4097,16,fft_complex128_n4097_b16,1.4365732814,1.42612190185,0.0027790055832,7,21,ok,
c222,fft,complex128,4097,32,fft_complex128_n4097_b32,2.85498155022,2.80026721561,0.0120213307026,7,9,ok,
c222,fft,complex128,4097,64,fft_complex128_n4097_b64,5.56149301119,5.44849839061,0.0321218045428,7,5,ok,
c222,fft,complex128,4097,256,fft_complex128_n4097_b256,22.0226329984,21.9595560338,0.0630769645795,7,1,ok,
c222,fft,complex128,4608,1,fft_complex128_n4608_b1,0.0390926247928,0.0388794305036,0.000184189993888,7,200,ok,
c222,fft,complex128,4608,2,fft_complex128_n4608_b2,0.0654614699306,0.0653452548431,0.000116215087473,7,200,ok,
c222,fft,complex128,4608,4,fft_complex128_n4608_b4,0.111741149759,0.111661484733,6.5329908477e-05,7,167,ok,
c222,fft,complex128,4608,8,fft_complex128_n4608_b8,0.204775989654,0.204205346693,0.000106530710675,7,98,ok,
c222,fft,complex128,4608,16,fft_complex128_n4608_b16,0.384975535174,0.382513269627,0.000389397609979,7,30,ok,
c222,fft,complex128,4608,32,fft_complex128_n4608_b32,0.765925867017,0.762148500265,0.00377736675243,7,30,ok,
c222,fft,complex128,4608,64,fft_complex128_n4608_b64,1.50640283736,1.49794289303,0.00640884728024,7,19,ok,
c222,fft,complex128,4608,256,fft_complex128_n4608_b256,6.5016791923,6.41730979551,0.048963399604,7,5,ok,
c222,fft,complex128,8192,1,fft_complex128_n8192_b1,0.0735455047106,0.0733584049158,8.86194175109e-05,7,200,ok,
c222,fft,complex128,8192,2,fft_complex128_n8192_b2,0.124391809712,0.123948036647,0.00025870555589,7,163,ok,
c222,fft,complex128,8192,4,fft_complex128_n8192_b4,0.242493558852,0.242253356624,6.25011688542e-05,7,84,ok,
c222,fft,complex128,8192,8,fft_complex128_n8192_b8,0.45884054144,0.458027957432,0.000812584007888,7,46,ok,
c222,fft,complex128,8192,16,fft_complex128_n8192_b16,0.887121298971,0.885843233361,0.00113910064101,7,30,ok,
c222,fft,complex128,8192,32,fft_complex128_n8192_b32,1.76016065319,1.73003093668,0.0144888181239,7,17,ok,
c222,fft,complex128,8192,64,fft_complex128_n8192_b64,3.60715822575,3.5160192185,0.0295015569362,7,9,ok,
c222,fft,complex128,8192,256,fft_complex128_n8192_b256,13.9789216919,13.8719386887,0.0328442935521,7,3,ok,
c222,fft,complex128,16384,1,fft_complex128_n16384_b1,0.184935009516,0.183714971503,0.00104420518102,7,107,ok,
c222,fft,complex128,16384,2,fft_complex128_n16384_b2,0.358299707825,0.357775800777,0.000463798642159,7,55,ok,
c222,fft,complex128,16384,4,fft_complex128_n16384_b4,0.706442536154,0.704537569878,0.000710607439812,7,28,ok,
c222,fft,complex128,16384,8,fft_complex128_n16384_b8,1.40667275991,1.40503685855,0.000928378930049,7,21,ok,
c222,fft,complex128,16384,16,fft_complex128_n16384_b16,2.8021325008,2.78308999259,0.00583380460739,7,10,ok,
c222,fft,complex128,16384,32,fft_complex128_n16384_b32,5.63546118792,5.59335059952,0.0393574126065,7,5,ok,
c222,fft,complex128,16384,64,fft_complex128_n16384_b64,11.7256795056,11.6053805104,0.10226550512,7,2,ok,
c222,fft,complex128,16384,256,fft_complex128_n16384_b256,50.1033189939,49.8979360564,0.0842480221763,7,1,ok,
c222,fft,complex128,32768,1,fft_complex128_n32768_b1,0.421769595011,0.421278468492,0.000491126519727,7,47,ok,
c222,fft,complex128,32768,2,fft_complex128_n32768_b2,0.839585457773,0.834194584362,0.00205258644807,7,24,ok,
c222,fft,complex128,32768,4,fft_complex128_n32768_b4,1.65436793921,1.65108400526,0.00194533883284,7,18,ok,
c222,fft,complex128,32768,8,fft_complex128_n32768_b8,3.3317243344,3.3148061096,0.00765422979991,7,9,ok,
c222,fft,complex128,32768,16,fft_complex128_n32768_b16,6.8826697534,6.83319001109,0.0162277719937,7,4,ok,
c222,fft,complex128,32768,32,fft_complex128_n32768_b32,14.2373704584,14.1428284696,0.0717335497029,7,2,ok,
c222,fft,complex128,32768,64,fft_complex128_n32768_b64,30.2470660536,30.0559499301,0.123949954286,7,1,ok,
c222,fft,complex128,32768,256,fft_complex128_n32768_b256,117.997288005,117.326617008,0.367144006304,7,1,ok,
c222,fft,complex128,65536,1,fft_complex128_n65536_b1,0.899447498589,0.89642732002,0.00168722842566,7,22,ok,
c222,fft,complex128,65536,2,fft_complex128_n65536_b2,1.786415065,1.77798312507,0.00843193993205,7,16,ok,
c222,fft,complex128,65536,4,fft_complex128_n65536_b4,3.62525174569,3.61743713438,0.000700121745467,7,8,ok,
c222,fft,complex128,65536,8,fft_complex128_n65536_b8,7.5015592447,7.42721324787,0.0743459968362,7,4,ok,
c222,fft,complex128,65536,16,fft_complex128_n65536_b16,15.3866839828,15.2376859915,0.112982001156,7,1,ok,
c222,fft,complex128,65536,32,fft_complex128_n65536_b32,32.7901510755,32.6144230785,0.075721880421,7,1,ok,
c222,fft,complex128,65536,64,fft_complex128_n65536_b64,65.8556760754,65.3648099396,0.460560084321,7,1,ok,
c222,fft,complex128,65536,256,fft_complex128_n65536_b256,658.446550951,267.755095032,122.928096098,7,1,ok,
c222,ifft,complex64,64,1,ifft_complex64_n64_b1,0.00493383487374,0.00490885402693,2.07506518303e-05,9,1151,ok,
c222,ifft,complex64,64,2,ifft_complex64_n64_b2,0.00519152497873,0.00514308002312,1.28085375763e-05,9,2000,ok,
c222,ifft,complex64,64,4,ifft_complex64_n64_b4,0.00568797692238,0.00567524337592,3.5689795101e-06,9,1993,ok,
c222,ifft,complex64,64,8,ifft_complex64_n64_b8,0.00664518981762,0.0066253384901,1.58986560579e-05,9,1944,ok,
c222,ifft,complex64,64,16,ifft_complex64_n64_b16,0.00827757518884,0.00823782188402,1.32221870401e-05,9,1589,ok,
c222,ifft,complex64,64,32,ifft_complex64_n64_b32,0.0116550481563,0.011618667788,3.51312240753e-05,9,1204,ok,
c222,ifft,complex64,64,64,ifft_complex64_n64_b64,0.0183170101238,0.0182309430518,2.80113855356e-05,9,789,ok,
c222,ifft,complex64,64,256,ifft_complex64_n64_b256,0.0588822946884,0.0587535550585,3.84199665859e-05,7,200,ok,
c222,ifft,complex64,256,1,ifft_complex64_n256_b1,0.00607949504498,0.00605964577715,9.56913297943e-06,9,1917,ok,
c222,ifft,complex64,256,2,ifft_complex64_n256_b2,0.00710098618927,0.00707703457408,1.29816480307e-05,9,1738,ok,
c222,ifft,complex64,256,4,ifft_complex64_n256_b4,0.00910881501318,0.00909203129156,1.03115802307e-05,9,1438,ok,
c222,ifft,complex64,256,8,ifft_complex64_n256_b8,0.0128974916456,0.0128555849914,2.39774354e-05,9,1017,ok,
c222,ifft,complex64,256,16,ifft_complex64_n256_b16,0.0201243908542,0.0199917175763,7.22895970252e-05,9,701,ok,
c222,ifft,complex64,256,32,ifft_complex64_n256_b32,0.0349423848093,0.0348273699638,1.41753116623e-05,9,200,ok,
c222,ifft,complex64,256,64,ifft_complex64_n256_b64,0.0647023547208,0.0643152854173,9.16206045076e-05,9,200,ok,
c222,ifft,complex64,256,256,ifft_complex64_n256_b256,0.242085890311,0.241440537715,0.000546755916553,7,82,ok,
c222,ifft,complex64,1024,1,ifft_complex64_n1024_b1,0.0132686717627,0.0132362614983,1.49723237906e-05,9,975,ok,
c222,ifft,complex64,1024,2,ifft_complex64_n1024_b2,0.0176862627877,0.0175331790743,1.67883068226e-05,9,765,ok,
c222,ifft,complex64,1024,4,ifft_complex64_n1024_b4,0.0256181151435,0.0254958363421,5.96618055359e-05,9,556,ok,
c222,ifft,complex64,1024,8,ifft_complex64_n1024_b8,0.0424497452332,0.0424245954491,2.51497840509e-05,9,200,ok,
c222,ifft,complex64,1024,16,ifft_complex64_n1024_b16,0.0757351896027,0.0755457347259,0.000162359210663,9,200,ok,
c222,ifft,complex64,1024,32,ifft_complex64_n1024_b32,0.141737000219,0.141500734067,0.000130452999591,9,139,ok,
c222,ifft,complex64,1024,64,ifft_complex64_n1024_b64,0.272595384222,0.271272355984,0.000274891658903,9,73,ok,
c222,ifft,complex64,1024,256,ifft_complex64_n1024_b256,1.05880374192,1.0581254847,0.000181814862622,7,27,ok,
c222,ifft,complex64,2048,1,ifft_complex64_n2048_b1,0.0214169760662,0.0213286750446,5.309391399e-05,9,628,ok,
c222,ifft,complex64,2048,2,ifft_complex64_n2048_b2,0.0304881415366,0.0304025108227,2.44249837561e-05,9,466,ok,
c222,ifft,complex64,2048,4,ifft_complex64_n2048_b4,0.0480496848468,0.0479130801978,3.72651265934e-05,9,200,ok,
c222,ifft,complex64,2048,8,ifft_complex64_n2048_b8,0.0837029999821,0.0834902550559,0.000147575046867,9,200,ok,
c222,ifft,complex64,2048,16,ifft_complex64_n2048_b16,0.15578099956,0.1551299383,0.00020596938742,9,129,ok,
c222,ifft,complex64,2048,32,ifft_complex64_n2048_b32,0.293312253736,0.292579553076,0.000481790890778,9,67,ok,
c222,ifft,complex64,2048,64,ifft_complex64_n2048_b64,0.579581564913,0.577603532777,0.000588436766217,9,30,ok,
c222,ifft,complex64,2048,256,ifft_complex64_n2048_b256,2.25421530195,2.2474141487,0.00354584055738,7,13,ok,
c222,ifft,complex64,3072,1,ifft_complex64_n3072_b1,0.0299797454653,0.0299215875872,3.76560165661e-05,9,456,ok,
c222,ifft,complex64,3072,2,ifft_complex64_n3072_b2,0.0451502250507,0.0450978352455,5.12896804139e-05,9,200,ok,
c222,ifft,complex64,3072,4,ifft_complex64_n3072_b4,0.071964954841,0.0716941995779,0.000202180235647,9,200,ok,
c222,ifft,complex64,3072,8,ifft_complex64_n3072_b8,0.126981698812,0.126229974483,0.000545769207514,9,156,ok,
c222,ifft,complex64,3072,16,ifft_complex64_n3072_b16,0.238560762401,0.236781725627,0.00153619025479,9,84,ok,
c222,ifft,complex64,3072,32,ifft_complex64_n3072_b32,0.460748533563,0.459155902111,0.00159263145179,9,30,ok,
c222,ifft,complex64,3072,64,ifft_complex64_n3072_b64,0.918672132927,0.91524310022,0.00185749959201,9,30,ok,
c222,ifft,complex64,3072,256,ifft_complex64_n3072_b256,3.59238537203,3.53421688487,0.0150118721649,7,8,ok,
c222,ifft,complex64,3584,1,ifft_complex64_n3584_b1,0.0336608454538,0.0335917796327,5.2785064695e-05,9,395,ok,
c222,ifft,complex64,3584,2,ifft_complex64_n3584_b2,0.0504441547673,0.0502785446588,8.96694837138e-05,9,200,ok,
c222,ifft,complex64,3584,4,ifft_complex64_n3584_b4,0.0811709248228,0.0804134598002,0.000428700004704,9,200,ok,
c222,ifft,complex64,3584,8,ifft_complex64_n3584_b8,0.14470095672,0.144262093733,0.000289963571814,9,138,ok,
c222,ifft,complex64,3584,16,ifft_complex64_n3584_b16,0.271286905076,0.267940798359,0.00250318899398,9,74,ok,
c222,ifft,complex64,3584,32,ifft_complex64_n3584_b32,0.515569133374,0.509842097138,0.00509783470382,9,30,ok,
c222,ifft,complex64,3584,64,ifft_complex64_n3584_b64,1.01382820466,1.01271958957,0.000492272224149,9,29,ok,
c222,ifft,complex64,3584,256,ifft_complex64_n3584_b256,4.00491127013,3.98730413456,0.0013940235866,7,7,ok,
c222,ifft,complex64,4095,1,ifft_complex64_n4095_b1,0.0494587081037,0.0493845478151,6.46051178517e-05,9,281,ok,
c222,ifft,complex64,4095,2,ifft_complex64_n4095_b2,0.0881952850614,0.0869615300326,0.0009757647058,9,200,ok,
c222,ifft,complex64,4095,4,ifft_complex64_n4095_b4,0.105563207515,0.104711723558,0.000152835359876,9,188,ok,
c222,ifft,complex64,4095,8,ifft_complex64_n4095_b8,0.197546387909,0.197374836865,0.000134938425023,9,98,ok,
c222,ifft,complex64,4095,16,ifft_complex64_n4095_b16,0.377434899565,0.373978058342,0.00143787823617,9,50,ok,
c222,ifft,complex64,4095,32,ifft_complex64_n4095_b32,0.740388866204,0.735205869811,0.00362140126526,9,30,ok,
c222,ifft,complex64,4095,64,ifft_complex64_n4095_b64,1.48277300238,1.48166405454,0.00110894784723,9,19,ok,
c222,ifft,complex64,4095,256,ifft_complex64_n4095_b256,5.98329200875,5.96535461955,0.0144829973578,7,5,ok,
c222,ifft,complex64,4096,1,ifft_complex64_n4096_b1,0.0377591687785,0.037576925416,7.33924638583e-05,9,362,ok,
c222,ifft,complex64,4096,2,ifft_complex64_n4096_b2,0.056906415266,0.0567095453152,8.6659565568e-05,9,200,ok,
c222,ifft,complex64,4096,4,ifft_complex64_n4096_b4,0.0919576996239,0.0914902251679,0.000162650248967,9,200,ok,
c222,ifft,complex64,4096,8,ifft_complex64_n4096_b8,0.164239619251,0.163845992108,0.00039362714218,9,121,ok,
c222,ifft,complex64,4096,16,ifft_complex64_n4096_b16,0.30715968312,0.30621236545,0.000365285409821,9,63,ok,
c222,ifft,complex64,4096,32,ifft_complex64_n4096_b32,0.595484899047,0.593684532214,0.00126936550563,9,30,ok,
c222,ifft,complex64,4096,64,ifft_complex64_n4096_b64,1.17076008115,1.16359032225,0.00250787939876,9,25,ok,
c222,ifft,complex64,4096,256,ifft_complex64_n4096_b256,4.68038633699,4.64555966513,0.0223333481699,7,6,ok,
c222,ifft,complex64,4097,1,ifft_complex64_n4097_b1,0.147428712808,0.146228800528,0.000527223572135,7,125,ok,
c222,ifft,complex64,4097,2,ifft_complex64_n4097_b2,0.277026225222,0.276068112367,0.000898450822897,7,71,ok,
c222,ifft,complex64,4097,4,ifft_complex64_n4097_b4,0.225829574729,0.221144263472,0.000883138674343,7,87,ok,
c222,ifft,complex64,4097,8,ifft_complex64_n4097_b8,0.43079053414,0.428035622463,0.000963779166341,7,45,ok,
c222,ifft,complex64,4097,16,ifft_complex64_n4097_b16,0.840853965686,0.838740034184,0.00187683229645,7,30,ok,
c222,ifft,complex64,4097,32,ifft_complex64_n4097_b32,1.65712964201,1.6509351211,0.00409588820356,7,17,ok,
c222,ifft,complex64,4097,64,ifft_complex64_n4097_b64,3.32771343852,3.29669555908,0.0153142156907,7,9,ok,
c222,ifft,complex64,4097,256,ifft_complex64_n4097_b256,13.4486956522,13.2897856723,0.0102559958274,7,3,ok,
c222,ifft,complex64,4608,1,ifft_complex64_n4608_b1,0.0435606652172,0.042805254925,0.000510300160386,7,200,ok,
c222,ifft,complex64,4608,2,ifft_complex64_n4608_b2,0.0669584650313,0.0658681301866,0.000629025162198,7,200,ok,
c222,ifft,complex64,4608,4,ifft_complex64_n4608_b4,0.107858959192,0.107031282592,0.00061774007287,7,173,ok,
c222,ifft,complex64,4608,8,ifft_complex64_n4608_b8,0.193916000144,0.193094767658,0.000114151690569,7,99,ok,
c222,ifft,complex64,4608,16,ifft_complex64_n4608_b16,0.36420643252,0.363258334498,0.000285198135922,7,30,ok,
c222,ifft,complex64,4608,32,ifft_complex64_n4608_b32,0.721206733336,0.718324367578,0.00154083051408,7,30,ok,
c222,ifft,complex64,4608,64,ifft_complex64_n4608_b64,1.39018152619,1.38353576351,0.00265257300011,7,21,ok,
c222,ifft,complex64,4608,256,ifft_complex64_n4608_b256,5.51051401999,5.47586739995,0.0346466200426,7,5,ok,
c222,ifft,complex64,8192,1,ifft_complex64_n8192_b1,0.0747935305117,0.0725290551782,0.000596415484324,7,200,ok,
c222,ifft,complex64,8192,2,ifft_complex64_n8192_b2,0.112219235255,0.11209993096,0.000119304295158,7,174,ok,
c222,ifft,complex64,8192,4,ifft_complex64_n8192_b4,0.192198859295,0.191436529858,0.000175520544872,7,100,ok,
c222,ifft,complex64,8192,8,ifft_complex64_n8192_b8,0.352726965375,0.351311526621,0.00104228067293,7,57,ok,
c222,ifft,complex64,8192,16,ifft_complex64_n8192_b16,0.672648532782,0.67080106819,0.000360635264466,7,30,ok,
c222,ifft,complex64,8192,32,ifft_complex64_n8192_b32,1.31248163631,1.30802922649,0.00148595691743,7,22,ok,
c222,ifft,complex64,8192,64,ifft_complex64_n8192_b64,2.6022044582,2.56478109143,0.00236073339527,7,11,ok,
c222,ifft,complex64,8192,256,ifft_complex64_n8192_b256,10.8661210009,10.7545226735,0.0994386694704,7,3,ok,
c222,ifft,complex64,16384,1,ifft_complex64_n16384_b1,0.115678951172,0.114665848598,9.2411893561e-05,7,165,ok,
c222,ifft,complex64,16384,2,ifft_complex64_n16384_b2,0.200279677908,0.199915968551,0.000257886616358,7,96,ok,
c222,ifft,complex64,16384,4,ifft_complex64_n16384_b4,0.364502204185,0.364409998939,9.22052465656e-05,7,54,ok,
c222,ifft,complex64,16384,8,ifft_complex64_n16384_b8,0.701754132751,0.700878534311,0.000316269385318,7,30,ok,
c222,ifft,complex64,16384,16,ifft_complex64_n16384_b16,1.39789542715,1.37393166577,0.00930642930879,7,21,ok,
c222,ifft,complex64,16384,32,ifft_complex64_n16384_b32,2.77181989513,2.75399970124,0.00288740266114,7,10,ok,
c222,ifft,complex64,16384,64,ifft_complex64_n16384_b64,5.67140618805,5.653384584,0.0180216040462,7,5,ok,
c222,ifft,complex64,16384,256,ifft_complex64_n16384_b256,24.581928039,24.5356920641,0.020508072339,7,1,ok,
c222,ifft,complex64,32768,1,ifft_complex64_n32768_b1,0.231658046901,0.23107896422,0.000579082680976,7,85,ok,
c222,ifft,complex64,32768,2,ifft_complex64_n32768_b2,0.407420685709,0.406624812361,0.000403667703116,7,48,ok,
c222,ifft,complex64,32768,4,ifft_complex64_n32768_b4,0.766495265998,0.763113598805,0.000992502706746,7,30,ok,
c222,ifft,complex64,32768,8,ifft_complex64_n32768_b8,1.4571513515,1.45447434625,0.00119170290418,7,20,ok,
c222,ifft,complex64,32768,16,ifft_complex64_n32768_b16,2.88617919432,2.88025919581,0.00447429483756,7,10,ok,
c222,ifft,complex64,32768,32,ifft_complex64_n32768_b32,5.83528578281,5.79728898592,0.0170375686139,7,5,ok,
c222,ifft,complex64,32768,64,ifft_complex64_n32768_b64,12.0498259785,11.9943659908,0.0197870346407,7,3,ok,
c222,ifft,complex64,32768,256,ifft_complex64_n32768_b256,50.4444250837,50.3985000541,0.0459250295535,7,1,ok,
c222,ifft,complex64,65536,1,ifft_complex64_n65536_b1,0.481181926443,0.479377273587,0.00139785115607,7,40,ok,
c222,ifft,complex64,65536,2,ifft_complex64_n65536_b2,0.895270165832,0.891522500509,0.0036501364472,7,30,ok,
c222,ifft,complex64,65536,4,ifft_complex64_n65536_b4,1.72810205806,1.70630670618,0.00259658896967,7,17,ok,
c222,ifft,complex64,65536,8,ifft_complex64_n65536_b8,3.40123887872,3.37563363428,0.0154876324814,7,8,ok,
c222,ifft,complex64,65536,16,ifft_complex64_n65536_b16,6.88457599608,6.80600924534,0.077422009781,7,4,ok,
c222,ifft,complex64,65536,32,ifft_complex64_n65536_b32,13.9290000079,13.9081010129,0.0205780379474,7,2,ok,
c222,ifft,complex64,65536,64,ifft_complex64_n65536_b64,29.7179300105,29.5201609842,0.0884339679033,7,1,ok,
c222,ifft,complex64,65536,256,ifft_complex64_n65536_b256,113.183317007,112.418560078,0.279281055555,7,1,ok,
c222,ifft,complex128,64,1,ifft_complex128_n64_b1,0.00477179522992,0.0047536170398,5.36823682004e-06,9,1773,ok,
c222,ifft,complex128,64,2,ifft_complex128_n64_b2,0.00516120850807,0.00514357548673,4.8489891924e-06,9,2000,ok,
c222,ifft,complex128,64,4,ifft_complex128_n64_b4,0.00541238696314,0.00539290549932,9.55298310146e-06,9,2000,ok,
c222,ifft,complex128,64,8,ifft_complex128_n64_b8,0.00618516351096,0.00616743555292,1.26684899442e-05,9,2000,ok,
c222,ifft,complex128,64,16,ifft_complex128_n64_b16,0.00748123540079,0.00745897889023,7.24262668314e-06,9,1797,ok,
c222,ifft,complex128,64,32,ifft_complex128_n64_b32,0.00990907590927,0.00988034045567,1.40280033858e-05,9,1357,ok,
c222,ifft,complex128,64,64,ifft_complex128_n64_b64,0.0156375335691,0.0155763520026,3.95677621068e-05,9,909,ok,
c222,ifft,complex128,64,256,ifft_complex128_n64_b256,0.0481423101155,0.0480262952624,0.00011601485312,7,200,ok,
c222,ifft,complex128,256,1,ifft_complex128_n256_b1,0.00600225166636,0.00599066236516,9.00666106775e-06,9,1792,ok,
c222,ifft,complex128,256,2,ifft_complex128_n256_b2,0.00696479583899,0.00693775443173,9.97486257523e-06,9,1592,ok,
c222,ifft,complex128,256,4,ifft_complex128_n256_b4,0.00861570536898,0.00857971952405,1.91392493509e-05,9,1551,ok,
c222,ifft,complex128,256,8,ifft_complex128_n256_b8,0.0118225262123,0.0117838246192,1.88315496902e-05,9,1146,ok,
c222,ifft,complex128,256,16,ifft_complex128_n256_b16,0.0182722586997,0.0182341839974,2.26924476361e-05,9,777,ok,
c222,ifft,complex128,256,32,ifft_complex128_n256_b32,0.031512985006,0.0313811399974,3.33145726472e-05,9,200,ok,
c222,ifft,complex128,256,64,ifft_complex128_n256_b64,0.0575846753782,0.0574302405585,9.11206007004e-05,9,200,ok,
c222,ifft,complex128,256,256,ifft_complex128_n256_b256,0.210709360854,0.210078500033,0.000527895184511,7,94,ok,
c222,ifft,complex128,1024,1,ifft_complex128_n1024_b1,0.0127939175015,0.0127549184844,2.82832528751e-05,9,1006,ok,
c222,ifft,complex128,1024,2,ifft_complex128_n1024_b2,0.017012029252,0.0169367292479,4.75998139518e-05,9,787,ok,
c222,ifft,complex128,1024,4,ifft_complex128_n1024_b4,0.0252811698833,0.0252435331638,1.71161761544e-05,9,559,ok,
c222,ifft,complex128,1024,8,ifft_complex128_n1024_b8,0.0413615099387,0.041189789772,3.30153852701e-05,9,200,ok,
c222,ifft,complex128,1024,16,ifft_complex128_n1024_b16,0.0739128398709,0.0737979699625,6.50703441352e-05,9,200,ok,
c222,ifft,complex128,1024,32,ifft_complex128_n1024_b32,0.13773342723,0.137513634299,4.48407733749e-05,9,145,ok,
c222,ifft,complex128,1024,64,ifft_complex128_n1024_b64,0.26496717936,0.264849151765,0.000118027594298,9,73,ok,
c222,ifft,complex128,1024,256,ifft_complex128_n1024_b256,1.0297109678,1.02775386165,0.00142265946187,7,29,ok,
c222,ifft,complex128,2048,1,ifft_complex128_n2048_b1,0.0213505032393,0.0212120485629,3.33212400702e-05,9,638,ok,
c222,ifft,complex128,2048,2,ifft_complex128_n2048_b2,0.0315086923301,0.0313569691683,4.06750498455e-05,9,452,ok,
c222,ifft,complex128,2048,4,ifft_complex128_n2048_b4,0.0510978751117,0.0509907252854,4.60853334516e-05,9,200,ok,
c222,ifft,complex128,2048,8,ifft_complex128_n2048_b8,0.0878563500009,0.0875696650473,0.000100284814835,9,200,ok,
c222,ifft,complex128,2048,16,ifft_complex128_n2048_b16,0.161443536011,0.161006049124,0.000238243482886,9,123,ok,
c222,ifft,complex128,2048,32,ifft_complex128_n2048_b32,0.307932924121,0.305659599746,0.00109387597499,9,65,ok,
c222,ifft,complex128,2048,64,ifft_complex128_n2048_b64,0.603290135041,0.602189765777,0.000515304661045,9,30,ok,
c222,ifft,complex128,2048,256,ifft_complex128_n2048_b256,2.43657883645,2.38725349967,0.0133290886879,7,12,ok,
c222,ifft,complex128,3072,1,ifft_complex128_n3072_b1,0.0296656149985,0.0296164643522,1.61191382325e-05,9,478,ok,
c222,ifft,complex128,3072,2,ifft_complex128_n3072_b2,0.0455500750104,0.0454160751542,0.000133244902827,9,200,ok,
c222,ifft,complex128,3072,4,ifft_complex128_n3072_b4,0.0748537445907,0.0744655146264,0.000333224306814,9,200,ok,
c222,ifft,complex128,3072,8,ifft_complex128_n3072_b8,0.132487160154,0.131113599831,0.000477486755699,9,150,ok,
c222,ifft,complex128,3072,16,ifft_complex128_n3072_b16,0.247066234263,0.244665662637,0.000873583598764,9,77,ok,
c222,ifft,complex128,3072,32,ifft_complex128_n3072_b32,0.490480366473,0.486767431721,0.00134213284279,9,30,ok,
c222,ifft,complex128,3072,64,ifft_complex128_n3072_b64,0.961805266949,0.953387566066,0.00265663256869,9,30,ok,
c222,ifft,complex128,3072,256,ifft_complex128_n3072_b256,4.10209751378,4.07679367345,0.0228908417436,7,6,ok,
c222,ifft,complex128,3584,1,ifft_complex128_n3584_b1,0.0338275624755,0.033564578102,5.11563509031e-05,9,377,ok,
c222,ifft,complex128,3584,2,ifft_complex128_n3584_b2,0.0520511501236,0.0514565949561,0.000594555167481,9,200,ok,
c222,ifft,complex128,3584,4,ifft_complex128_n3584_b4,0.086144155357,0.0845268846024,0.00114448543172,9,200,ok,
c222,ifft,complex128,3584,8,ifft_complex128_n3584_b8,0.150828426666,0.149662975703,0.00116545096284,9,122,ok,
c222,ifft,complex128,3584,16,ifft_complex128_n3584_b16,0.284506116008,0.282928681649,0.00127207190878,9,69,ok,
c222,ifft,complex128,3584,32,ifft_complex128_n3584_b32,0.548686234591,0.544992368668,0.00369386592259,9,30,ok,
c222,ifft,complex128,3584,64,ifft_complex128_n3584_b64,1.08954777803,1.08252988732,0.00363681465387,9,27,ok,
c222,ifft,complex128,3584,256,ifft_complex128_n3584_b256,4.69606049592,4.61603299482,0.00571215059608,7,6,ok,
c222,ifft,complex128,4095,1,ifft_complex128_n4095_b1,0.0446461634923,0.0442344839137,3.33598376635e-05,9,306,ok,
c222,ifft,complex128,4095,2,ifft_complex128_n4095_b2,0.0720483553596,0.0714620650979,0.000175325549208,9,200,ok,
c222,ifft,complex128,4095,4,ifft_complex128_n4095_b4,0.130092300584,0.129497660251,0.000206921767029,9,153,ok,
c222,ifft,complex128,4095,8,ifft_complex128_n4095_b8,0.248605350649,0.24810153235,0.000234351602274,9,77,ok,
c222,ifft,complex128,4095,16,ifft_complex128_n4095_b16,0.489191850647,0.48517837713,0.00350102491211,9,40,ok,
c222,ifft,complex128,4095,32,ifft_complex128_n4095_b32,0.961172766984,0.958442668586,0.00267063345139,9,30,ok,
c222,ifft,complex128,4095,64,ifft_complex128_n4095_b64,1.85235437675,1.84875706327,0.00288418959826,9,16,ok,
c222,ifft,complex128,4095,256,ifft_complex128_n4095_b256,7.80726464776,7.76751700323,0.0182639729852,7,3,ok,
c222,ifft,complex128,4096,1,ifft_complex128_n4096_b1,0.038307361793,0.0380889172308,8.09487804473e-05,9,351,ok,
c222,ifft,complex128,4096,2,ifft_complex128_n4096_b2,0.0573189801071,0.0568988954183,0.000166860409081,9,200,ok,
c222,ifft,complex128,4096,4,ifft_complex128_n4096_b4,0.095404079766,0.0953200203367,5.34002901986e-05,9,200,ok,
c222,ifft,complex128,4096,8,ifft_complex128_n4096_b8,0.171740904675,0.171298965017,0.000280344152245,9,116,ok,
c222,ifft,complex128,4096,16,ifft_complex128_n4096_b16,0.326428145561,0.323886162556,6.06129516757e-05,9,62,ok,
c222,ifft,complex128,4096,32,ifft_complex128_n4096_b32,0.636504400366,0.634406530298,0.000970799010247,9,30,ok,
c222,ifft,complex128,4096,64,ifft_complex128_n4096_b64,1.23770145971,1.23663241781,0.000869544843833,9,24,ok,
c222,ifft,complex128,4096,256,ifft_complex128_n4096_b256,5.27425720356,5.22878039628,0.0114052090794,7,5,ok,
c222,ifft,complex128,4097,1,ifft_complex128_n4097_b1,0.115454721152,0.115045163583,0.000192363266692,7,165,ok,
c222,ifft,complex128,4097,2,ifft_complex128_n4097_b2,0.190143000024,0.188072666615,0.00161864750442,7,105,ok,
c222,ifft,complex128,4097,4,ifft_complex128_n4097_b4,0.363178628807,0.361323315667,0.000348982953087,7,54,ok,
c222,ifft,complex128,4097,8,ifft_complex128_n4097_b8,0.707949640595,0.703572536752,0.00205421071899,7,28,ok,
c222,ifft,complex128,4097,16,ifft_complex128_n4097_b16,1.3944967151,1.39126161646,0.00104004894162,7,21,ok,
c222,ifft,complex128,4097,32,ifft_complex128_n4097_b32,2.76450630045,2.74018890923,0.00383119331673,7,10,ok,
c222,ifft,complex128,4097,64,ifft_complex128_n4097_b64,5.48322719987,5.45884158928,0.0119643984362,7,5,ok,
c222,ifft,complex128,4097,256,ifft_complex128_n4097_b256,22.4081029883,22.3128349753,0.0292640179396,7,1,ok,
c222,ifft,complex128,4608,1,ifft_complex128_n4608_b1,0.0430592801422,0.0425784353865,0.000162355136126,7,200,ok,
c222,ifft,complex128,4608,2,ifft_complex128_n4608_b2,0.0679383904207,0.0676041148836,0.000107799423859,7,200,ok,
c222,ifft,complex128,4608,4,ifft_complex128_n4608_b4,0.116153155868,0.114907838291,0.000260723216427,7,173,ok,
c222,ifft,complex128,4608,8,ifft_complex128_n4608_b8,0.214527128264,0.213946776831,0.000286713599208,7,94,ok,
c222,ifft,complex128,4608,16,ifft_complex128_n4608_b16,0.405112068014,0.404498268229,0.000613799784333,7,30,ok,
c222,ifft,complex128,4608,32,ifft_complex128_n4608_b32,0.800039498912,0.796652864665,0.0014847687756,7,30,ok,
c222,ifft,complex128,4608,64,ifft_complex128_n4608_b64,1.57661857941,1.57311836282,0.00350021659152,7,19,ok,
c222,ifft,complex128,4608,256,ifft_complex128_n4608_b256,6.64402879775,6.60844040103,0.0196347944438,7,5,ok,
c222,ifft,complex128,8192,1,ifft_complex128_n8192_b1,0.0753128499491,0.0751912250416,0.000121624907479,7,200,ok,
c222,ifft,complex128,8192,2,ifft_complex128_n8192_b2,0.126706565871,0.126335370858,8.44962906631e-05,7,159,ok,
c222,ifft,complex128,8192,4,ifft_complex128_n8192_b4,0.246655954005,0.240022534515,0.00663341948936,7,86,ok,
c222,ifft,complex128,8192,8,ifft_complex128_n8192_b8,0.461536133662,0.459482955436,0.00119313287238,7,45,ok,
c222,ifft,complex128,8192,16,ifft_complex128_n8192_b16,0.88825673253,0.886842433829,0.00116416874031,7,30,ok,
c222,ifft,complex128,8192,32,ifft_complex128_n8192_b32,1.75334700099,1.74921877786,0.00225916867041,7,18,ok,
c222,ifft,complex128,8192,64,ifft_complex128_n8192_b64,3.57802155324,3.56349778465,0.0145237685906,7,9,ok,
c222,ifft,complex128,8192,256,ifft_complex128_n8192_b256,14.4633370219,14.3757034675,0.0495879794471,7,2,ok,
c222,ifft,complex128,16384,1,ifft_complex128_n16384_b1,0.188979086278,0.188125567197,0.00015027986732,7,104,ok,
c222,ifft,complex128,16384,2,ifft_complex128_n16384_b2,0.366023390261,0.36458848303,0.000202612244283,7,54,ok,
c222,ifft,complex128,16384,4,ifft_complex128_n16384_b4,0.720236592719,0.718281444818,0.000174407398811,7,27,ok,
c222,ifft,complex128,16384,8,ifft_complex128_n16384_b8,1.42513714964,1.42370095127,0.00123380450532,7,20,ok,
c222,ifft,complex128,16384,16,ifft_complex128_n16384_b16,2.85995829618,2.84339240752,0.00560650369152,7,10,ok,
c222,ifft,complex128,16384,32,ifft_complex128_n16384_b32,5.88811440393,5.86037680041,0.0265514012426,7,5,ok,
c222,ifft,complex128,16384,64,ifft_complex128_n16384_b64,12.3092380236,12.2168110101,0.0530339893885,7,2,ok,
c222,ifft,complex128,16384,256,ifft_complex128_n16384_b256,50.630753045,50.5675050663,0.0558739993721,7,1,ok,
c222,ifft,complex128,32768,1,ifft_complex128_n32768_b1,0.430346086986,0.430050326268,0.000263759157742,7,46,ok,
c222,ifft,complex128,32768,2,ifft_complex128_n32768_b2,0.847545042432,0.845482522298,0.00175760815973,7,23,ok,
c222,ifft,complex128,32768,4,ifft_complex128_n32768_b4,1.67648994145,1.6739115886,0.00198605908629,7,17,ok,
c222,ifft,complex128,32768,8,ifft_complex128_n32768_b8,3.37130800472,3.36962987785,0.00149913830683,7,8,ok,
c222,ifft,complex128,32768,16,ifft_complex128_n32768_b16,6.85132402577,6.83782875421,0.0032837560866,7,4,ok,
c222,ifft,complex128,32768,32,ifft_complex128_n32768_b32,14.357454027,14.3042800482,0.045555003453,7,2,ok,
c222,ifft,complex128,32768,64,ifft_complex128_n32768_b64,29.9734959844,29.8091000877,0.0637690536678,7,1,ok,
c222,ifft,complex128,32768,256,ifft_complex128_n32768_b256,117.544282926,117.114310036,0.429972889833,7,1,ok,
c222,ifft,complex128,65536,1,ifft_complex128_n65536_b1,0.917469666872,0.912414525547,0.00361576011138,7,21,ok,
c222,ifft,complex128,65536,2,ifft_complex128_n65536_b2,1.82761068572,1.81805037573,0.00774881482357,7,16,ok,
c222,ifft,complex128,65536,4,ifft_complex128_n65536_b4,3.72774674906,3.71859462757,0.00861237640493,7,8,ok,
c222,ifft,complex128,65536,8,ifft_complex128_n65536_b8,7.84817599924,7.65435450012,0.0199749774765,7,4,ok,
c222,ifft,complex128,65536,16,ifft_complex128_n65536_b16,15.9766350407,15.6367400195,0.320859020576,7,1,ok,
c222,ifft,complex128,65536,32,ifft_complex128_n65536_b32,33.5303919856,33.2086220151,0.208148034289,7,1,ok,
c222,ifft,complex128,65536,64,ifft_complex128_n65536_b64,65.6055390136,65.4451400042,0.0917910365388,7,1,ok,
c222,ifft,complex128,65536,256,ifft_complex128_n65536_b256,430.051103001,261.832737015,25.8172029862,7,1,ok,
final,fft,complex64,64,1,fft_complex64_n64_b1,0.0044067688708,0.00431100077415,8.06891771614e-05,9,1281,ok,
final,fft,complex64,64,2,fft_complex64_n64_b2,0.00515208079445,0.00510218964292,2.65364871725e-05,9,1782,ok,
final,fft,complex64,64,4,fft_complex64_n64_b4,0.00554778450169,0.00546248554019,3.63779836334e-05,9,2000,ok,
final,fft,complex64,64,8,fft_complex64_n64_b8,0.00640169807115,0.00629555377071,5.32603075579e-05,9,1759,ok,
final,fft,complex64,64,16,fft_complex64_n64_b16,0.00771630320276,0.00764415147455,5.10993439018e-05,9,917,ok,
final,fft,complex64,64,32,fft_complex64_n64_b32,0.0109442321859,0.0106065560324,0.000169951250994,9,1232,ok,
final,fft,complex64,64,64,fft_complex64_n64_b64,0.0164524763544,0.0163449189031,3.63279672855e-05,9,802,ok,
final,fft,complex64,64,256,fft_complex64_n64_b256,0.209068922981,0.20661137251,0.00245755047097,7,91,ok,
final,fft,complex64,256,1,fft_complex64_n256_b1,0.00565138943592,0.00563079051466,1.60302050293e-05,9,1890,ok,
final,fft,complex64,256,2,fft_complex64_n256_b2,0.00730640535681,0.00727733569172,2.73465099113e-05,9,1564,ok,
final,fft,complex64,256,4,fft_complex64_n256_b4,0.00912991420525,0.00894983742711,8.31411899524e-05,9,1353,ok,
final,fft,complex64,256,8,fft_complex64_n256_b8,0.0126481386039,0.0126105655313,2.08596287262e-05,9,1061,ok,
final,fft,complex64,256,16,fft_complex64_n256_b16,0.0197633038979,0.0196803526299,6.39851807877e-05,9,533,ok,
final,fft,complex64,256,32,fft_complex64_n256_b32,0.0341752549866,0.0339453748893,0.000148229883052,9,200,ok,
final,fft,complex64,256,64,fft_complex64_n256_b64,0.217690146947,0.215520034544,0.000615640846866,9,89,ok,
final,fft,complex64,256,256,fft_complex64_n256_b256,0.952146248892,0.948716851417,0.00176730100065,7,20,ok,
final,fft,complex64,1024,1,fft_complex64_n1024_b1,0.0102634191708,0.0102275077257,1.60822456378e-05,9,1107,ok,
final,fft,complex64,1024,2,fft_complex64_n1024_b2,0.0177057589472,0.0173188118412,0.000158493986834,9,755,ok,
final,fft,complex64,1024,4,fft_complex64_n1024_b4,0.0266346494378,0.0265432718849,8.72318739949e-05,9,522,ok,
final,fft,complex64,1024,8,fft_complex64_n1024_b8,0.0444190646522,0.0436911097495,0.000356364180334,9,200,ok,
final,fft,complex64,1024,16,fft_complex64_n1024_b16,0.0789434200851,0.0778747303411,0.000692895264365,9,200,ok,
final,fft,complex64,1024,32,fft_complex64_n1024_b32,0.147841907288,0.146004576552,0.000690950585876,9,118,ok,
final,fft,complex64,1024,64,fft_complex64_n1024_b64,0.988357528848,0.984049947491,0.00430758135687,9,19,ok,
final,fft,complex64,1024,256,fft_complex64_n1024_b256,2.65400910284,2.64142160304,0.00596310710534,7,10,ok,
final,fft,complex64,2048,1,fft_complex64_n2048_b1,0.0179171270223,0.0176442526206,5.43542826339e-05,9,748,ok,
final,fft,complex64,2048,2,fft_complex64_n2048_b2,0.0327047558117,0.0326228979092,6.09668695602e-05,9,422,ok,
final,fft,complex64,2048,4,fft_complex64_n2048_b4,0.052807215252,0.0526146549964,0.00013790500816,9,200,ok,
final,fft,complex64,2048,8,fft_complex64_n2048_b8,0.0933125659805,0.0930807624962,0.00019941474264,9,198,ok,
final,fft,complex64,2048,16,fft_complex64_n2048_b16,0.17043956281,0.16966768765,0.000423919118475,9,112,ok,
final,fft,complex64,2048,32,fft_complex64_n2048_b32,0.328937373755,0.32535950669,0.00283632316958,9,59,ok,
final,fft,complex64,2048,64,fft_complex64_n2048_b64,0.636921869591,0.63552656599,0.000599430253108,9,30,ok,
final,fft,complex64,2048,256,fft_complex64_n2048_b256,4.45452850545,4.43258066662,0.00992867474755,7,6,ok,
final,fft,complex64,3072,1,fft_complex64_n3072_b1,0.0244756058146,0.0238912904011,0.000564277791301,9,558,ok,
final,fft,complex64,3072,2,fft_complex64_n3072_b2,0.0464245054172,0.045767580159,0.000231985468417,9,200,ok,
final,fft,complex64,3072,4,fft_complex64_n3072_b4,0.0772596301977,0.0770235899836,0.000230679870583,9,200,ok,
final,fft,complex64,3072,8,fft_complex64_n3072_b8,0.14001056007,0.139037035703,0.000806822580226,9,141,ok,
final,fft,complex64,3072,16,fft_complex64_n3072_b16,0.264083730636,0.262935649025,0.000681147621189,9,74,ok,
final,fft,complex64,3072,32,fft_complex64_n3072_b32,0.510933168698,0.506097466374,0.00240683633213,9,30,ok,
final,fft,complex64,3072,64,fft_complex64_n3072_b64,1.03655744654,1.02873429811,0.00310096355086,9,27,ok,
final,fft,complex64,3072,256,fft_complex64_n3072_b256,6.79430749733,6.58615425345,0.0928054796532,7,4,ok,
final,fft,complex64,3584,1,fft_complex64_n3584_b1,0.0268556420446,0.0267503335539,4.24315992948e-05,9,489,ok,
final,fft,complex64,3584,2,fft_complex64_n3584_b2,0.05211216514,0.0520603702171,3.90748027712e-05,9,200,ok,
final,fft,complex64,3584,4,fft_complex64_n3584_b4,0.0879693601746,0.0874031998683,0.000537949963473,9,200,ok,
final,fft,complex64,3584,8,fft_complex64_n3584_b8,0.157243999668,0.156025254343,0.000334639659487,9,122,ok,
final,fft,complex64,3584,16,fft_complex64_n3584_b16,0.297628461312,0.296209815245,0.00116616809884,9,65,ok,
final,fft,complex64,3584,32,fft_complex64_n3584_b32,0.585120567121,0.58348349994,0.00163706718013,9,30,ok,
final,fft,complex64,3584,64,fft_complex64_n3584_b64,1.14686592016,1.14068916067,0.00214320141822,9,25,ok,
final,fft,complex64,3584,256,fft_complex64_n3584_b256,7.86153564695,7.58816934346,0.273366303494,7,3,ok,
final,fft,complex64,4095,1,fft_complex64_n4095_b1,0.0420048064183,0.041770653814,9.30635169858e-05,9,315,ok,
final,fft,complex64,4095,2,fft_complex64_n4095_b2,0.0737769849366,0.0732123304624,7.73405190557e-05,9,200,ok,
final,fft,complex64,4095,4,fft_complex64_n4095_b4,0.134472353511,0.134124428503,0.000347925007951,9,147,ok,
final,fft,complex64,4095,8,fft_complex64_n4095_b8,0.256626414704,0.253567441863,0.00138492202507,9,77,ok,
final,fft,complex64,4095,16,fft_complex64_n4095_b16,0.500536332719,0.495976792314,0.00294933441835,9,39,ok,
final,fft,complex64,4095,32,fft_complex64_n4095_b32,0.991437564759,0.98249023237,0.00291073617215,9,30,ok,
final,fft,complex64,4095,64,fft_complex64_n4095_b64,1.97445546898,1.96395046854,0.00888266755889,9,15,ok,
final,fft,complex64,4095,256,fft_complex64_n4095_b256,11.3288040156,11.2209829967,0.107821018901,7,2,ok,
final,fft,complex64,4096,1,fft_complex64_n4096_b1,0.0328308025973,0.0323057010839,0.000293239560208,9,405,ok,
final,fft,complex64,4096,2,fft_complex64_n4096_b2,0.0597500696313,0.0594070798252,0.000342989806086,9,200,ok,
final,fft,complex64,4096,4,fft_complex64_n4096_b4,0.100585959296,0.100145545878,0.00014526553319,9,196,ok,
final,fft,complex64,4096,8,fft_complex64_n4096_b8,0.182588383442,0.181616187122,0.000617981487972,9,107,ok,
final,fft,complex64,4096,16,fft_complex64_n4096_b16,0.345650536474,0.343979928792,0.000451392095004,9,56,ok,
final,fft,complex64,4096,32,fft_complex64_n4096_b32,0.671456932711,0.668541198441,0.00196063192561,9,30,ok,
final,fft,complex64,4096,64,fft_complex64_n4096_b64,1.32258913734,1.31627417762,0.00379163644869,9,22,ok,
final,fft,complex64,4096,256,fft_complex64_n4096_b256,8.66098732998,8.51937301923,0.0513489746178,7,3,ok,
final,fft,complex64,4097,1,fft_complex64_n4097_b1,0.114614675161,0.114387040033,0.000134290855945,7,151,ok,
final,fft,complex64,4097,2,fft_complex64_n4097_b2,0.188661242995,0.187781838126,0.000389312826699,7,99,ok,
final,fft,complex64,4097,4,fft_complex64_n4097_b4,0.367158527468,0.363435736805,0.00103722756975,7,53,ok,
final,fft,complex64,4097,8,fft_complex64_n4097_b8,0.72172974426,0.718271075231,0.00257369699991,7,27,ok,
final,fft,complex64,4097,16,fft_complex64_n4097_b16,1.42593259807,1.42246414907,0.00141920172609,7,20,ok,
final,fft,complex64,4097,32,fft_complex64_n4097_b32,3.01342059392,3.00415529637,0.00631480943412,7,10,ok,
final,fft,complex64,4097,64,fft_complex64_n4097_b64,5.59214639943,5.57071638759,0.00154478475451,7,5,ok,
final,fft,complex64,4097,256,fft_complex64_n4097_b256,26.7605929403,26.3018769911,0.377353862859,7,1,ok,
final,fft,complex64,4608,1,fft_complex64_n4608_b1,0.034475964494,0.0340720597887,9.37253935263e-05,7,200,ok,
final,fft,complex64,4608,2,fft_complex64_n4608_b2,0.0728839152725,0.0721583649283,0.000602275249548,7,200,ok,
final,fft,complex64,4608,4,fft_complex64_n4608_b4,0.125892235124,0.124664065653,0.000334484046142,7,153,ok,
final,fft,complex64,4608,8,fft_complex64_n4608_b8,0.227760413833,0.224852574529,0.000789287853344,7,87,ok,
final,fft,complex64,4608,16,fft_complex64_n4608_b16,0.452178534276,0.429533297817,0.0135926684986,7,30,ok,
final,fft,complex64,4608,32,fft_complex64_n4608_b32,0.841675830695,0.835925100061,0.00323170097545,7,30,ok,
final,fft,complex64,4608,64,fft_complex64_n4608_b64,1.67621824949,1.66621462267,0.00651718437439,7,16,ok,
final,fft,complex64,4608,256,fft_complex64_n4608_b256,10.7754786732,10.4096626552,0.122992981536,7,3,ok,
final,fft,complex64,8192,1,fft_complex64_n8192_b1,0.0663664098829,0.0657187995967,6.98299845681e-05,7,200,ok,
final,fft,complex64,8192,2,fft_complex64_n8192_b2,0.127311500255,0.127000253803,0.000311246452232,7,150,ok,
final,fft,complex64,8192,4,fft_complex64_n8192_b4,0.22458964438,0.222839934347,0.000566987038933,7,76,ok,
final,fft,complex64,8192,8,fft_complex64_n8192_b8,0.415414245231,0.414755706471,0.00065853876039,7,41,ok,
final,fft,complex64,8192,16,fft_complex64_n8192_b16,0.804522198935,0.802347467591,0.00144200166687,7,30,ok,
final,fft,complex64,8192,32,fft_complex64_n8192_b32,1.59591781266,1.59251900186,0.00280956010101,7,16,ok,
final,fft,complex64,8192,64,fft_complex64_n8192_b64,3.27637599548,3.26005174429,0.0135677546496,7,8,ok,
final,fft,complex64,8192,256,fft_complex64_n8192_b256,18.3948060148,18.2348579983,0.0781005364843,7,2,ok,
final,fft,complex64,16384,1,fft_complex64_n16384_b1,0.193022289313,0.192393419566,0.000233741011471,7,100,ok,
final,fft,complex64,16384,2,fft_complex64_n16384_b2,0.38629082533,0.384925595986,0.000749094537101,7,52,ok,
final,fft,complex64,16384,4,fft_complex64_n16384_b4,0.759307963394,0.758582182849,0.00061447887371,7,27,ok,
final,fft,complex64,16384,8,fft_complex64_n16384_b8,1.50545545039,1.49903849815,0.00641695223749,7,20,ok,
final,fft,complex64,16384,16,fft_complex64_n16384_b16,3.00368850585,2.98587420257,0.0116707989946,7,10,ok,
final,fft,complex64,16384,32,fft_complex64_n16384_b32,6.00627679378,5.97797001246,0.0231611775234,7,5,ok,
final,fft,complex64,16384,64,fft_complex64_n16384_b64,14.1846720362,13.7661009794,0.418571056798,7,1,ok,
final,fft,complex64,16384,256,fft_complex64_n16384_b256,61.5585390478,60.6663550716,0.509800971486,7,1,ok,
final,fft,complex64,32768,1,fft_complex64_n32768_b1,0.451983429403,0.448509332879,0.00167047671442,7,42,ok,
final,fft,complex64,32768,2,fft_complex64_n32768_b2,0.913303334355,0.910387429897,0.00231000151308,7,21,ok,
final,fft,complex64,32768,4,fft_complex64_n32768_b4,1.75496581505,1.74754637555,0.00307506707031,7,16,ok,
final,fft,complex64,32768,8,fft_complex64_n32768_b8,3.53881799674,3.49928549258,0.0137593597174,7,8,ok,
final,fft,complex64,32768,16,fft_complex64_n32768_b16,7.34789523995,7.17285624705,0.0991399865597,7,4,ok,
final,fft,complex64,32768,32,fft_complex64_n32768_b32,16.5438029217,16.1811060971,0.362696824595,7,1,ok,
final,fft,complex64,32768,64,fft_complex64_n32768_b64,34.5235549612,34.2271010159,0.296453945339,7,1,ok,
final,fft,complex64,32768,256,fft_complex64_n32768_b256,142.778487061,140.320492093,0.220000976697,7,1,ok,
final,fft,complex64,65536,1,fft_complex64_n65536_b1,0.969275203533,0.964385096449,0.00239599612541,7,20,ok,
final,fft,complex64,65536,2,fft_complex64_n65536_b2,1.85073387547,1.84992168943,0.000278691004496,7,16,ok,
final,fft,complex64,65536,4,fft_complex64_n65536_b4,3.7936308654,3.7847267522,0.00890411320142,7,8,ok,
final,fft,complex64,65536,8,fft_complex64_n65536_b8,7.71236765043,7.69276466841,0.0196029820169,7,3,ok,
final,fft,complex64,65536,16,fft_complex64_n65536_b16,17.8751569474,17.4226730596,0.452483887784,7,1,ok,
final,fft,complex64,65536,32,fft_complex64_n65536_b32,37.3482839204,37.2347930679,0.0752510968596,7,1,ok,
final,fft,complex64,65536,64,fft_complex64_n65536_b64,76.0979529005,75.7845580811,0.0897072022781,7,1,ok,
final,fft,complex64,65536,256,fft_complex64_n65536_b256,495.584667893,472.021830967,8.24001210276,7,1,ok,
final,fft,complex128,64,1,fft_complex128_n64_b1,0.00355671503348,0.00354613550007,8.77655111253e-06,9,2000,ok,
final,fft,complex128,64,2,fft_complex128_n64_b2,0.00400803697994,0.00396167550934,1.30844418891e-05,9,2000,ok,
final,fft,complex128,64,4,fft_complex128_n64_b4,0.00433960044757,0.00431570602814,2.04079551622e-05,9,2000,ok,
final,fft,complex128,64,8,fft_complex128_n64_b8,0.00495413702447,0.00490901299054,3.36274388246e-05,9,2000,ok,
final,fft,complex128,64,16,fft_complex128_n64_b16,0.00613190449076,0.00610482902266,2.70754680969e-05,9,2000,ok,
final,fft,complex128,64,32,fft_complex128_n64_b32,0.00841850554801,0.00836273856967,5.00924887581e-06,9,1614,ok,
final,fft,complex128,64,64,fft_complex128_n64_b64,0.0130220881766,0.0129376994329,2.53663851832e-05,9,1111,ok,
final,fft,complex128,64,256,fft_complex128_n64_b256,0.0411679496756,0.041008205153,0.000159744522534,7,200,ok,
final,fft,complex128,256,1,fft_complex128_n256_b1,0.00462645600783,0.0046058325097,5.37501182407e-06,9,2000,ok,
final,fft,complex128,256,2,fft_complex128_n256_b2,0.00580696269517,0.00579055946169,1.64032334814e-05,9,1850,ok,
final,fft,complex128,256,4,fft_complex128_n256_b4,0.00734432778577,0.00733219129315,9.56493806952e-06,9,1788,ok,
final,fft,complex128,256,8,fft_complex128_n256_b8,0.010288510728,0.0102279302121,1.42675725903e-05,9,1304,ok,
final,fft,complex128,256,16,fft_complex128_n256_b16,0.0165793495554,0.0164050219748,4.48247327576e-05,9,867,ok,
final,fft,complex128,256,32,fft_complex128_n256_b32,0.0287739798659,0.0287043501157,5.71098644286e-05,9,200,ok,
final,fft,complex128,256,64,fft_complex128_n256_b64,0.0528063153615,0.0525497301714,5.09445089847e-05,9,200,ok,
final,fft,complex128,256,256,fft_complex128_n256_b256,0.19444001938,0.193199058045,0.000133650440687,7,103,ok,
final,fft,complex128,1024,1,fft_complex128_n1024_b1,0.00885774703765,0.00877713828585,1.85546121554e-05,9,1439,ok,
final,fft,complex128,1024,2,fft_complex128_n1024_b2,0.015394871347,0.0153573070396,3.75643074008e-05,9,886,ok,
final,fft,complex128,1024,4,fft_complex128_n1024_b4,0.0232735458662,0.0230832722401,6.07406783507e-05,9,621,ok,
final,fft,complex128,1024,8,fft_complex128_n1024_b8,0.0386235548649,0.0381628953619,0.000213295570575,9,200,ok,
final,fft,complex128,1024,16,fft_complex128_n1024_b16,0.068286290043,0.0676985399332,0.000206734985113,9,200,ok,
final,fft,complex128,1024,32,fft_complex128_n1024_b32,0.127679150877,0.126629726553,0.000429637124124,9,146,ok,
final,fft,complex128,1024,64,fft_complex128_n1024_b64,0.246962127932,0.246013819168,0.000709526013965,9,78,ok,
final,fft,complex128,1024,256,fft_complex128_n1024_b256,0.965640100185,0.962233764585,0.000548032888522,7,30,ok,
final,fft,complex128,2048,1,fft_complex128_n2048_b1,0.0153982678875,0.015343205629,5.50035719971e-05,9,851,ok,
final,fft,complex128,2048,2,fft_complex128_n2048_b2,0.029508847967,0.0294007822772,9.69361938398e-05,9,487,ok,
final,fft,complex128,2048,4,fft_complex128_n2048_b4,0.0476429797709,0.0474082899746,0.000151685089804,9,200,ok,
final,fft,complex128,2048,8,fft_complex128_n2048_b8,0.0830779847456,0.0829364696983,0.000119224423543,9,200,ok,
final,fft,complex128,2048,16,fft_complex128_n2048_b16,0.152893441137,0.15246613193,0.000215604785801,9,129,ok,
final,fft,complex128,2048,32,fft_complex128_n2048_b32,0.293433606258,0.292120272096,0.000409727252907,9,66,ok,
final,fft,complex128,2048,64,fft_complex128_n2048_b64,0.574083668956,0.572112633381,0.000764134650429,9,30,ok,
final,fft,complex128,2048,256,fft_complex128_n2048_b256,2.32394208433,2.29059233485,0.0224151687386,7,12,ok,
final,fft,complex128,3072,1,fft_complex128_n3072_b1,0.0215844858758,0.021470224965,2.61125023826e-05,9,640,ok,
final,fft,complex128,3072,2,fft_complex128_n3072_b2,0.0430183997378,0.0429402553709,4.28355997428e-05,9,200,ok,
final,fft,complex128,3072,4,fft_complex128_n3072_b4,0.0707896100357,0.0705078849569,0.000133449793793,9,200,ok,
final,fft,complex128,3072,8,fft_complex128_n3072_b8,0.126093582551,0.125578195711,0.000227133660943,9,158,ok,
final,fft,complex128,3072,16,fft_complex128_n3072_b16,0.237154819251,0.235914687503,0.000128781995231,9,83,ok,
final,fft,complex128,3072,32,fft_complex128_n3072_b32,0.461661567291,0.459334234862,0.00216703629121,9,30,ok,
final,fft,complex128,3072,64,fft_complex128_n3072_b64,0.903223330776,0.90082216775,0.00166109918306,9,30,ok,
final,fft,complex128,3072,256,fft_complex128_n3072_b256,3.87559142629,3.80015501287,0.0218150006341,7,7,ok,
final,fft,complex128,3584,1,fft_complex128_n3584_b1,0.0242064990974,0.0241111991736,6.9441197499e-05,9,537,ok,
final,fft,complex128,3584,2,fft_complex128_n3584_b2,0.0477470754413,0.0476110202726,7.69452890381e-05,9,200,ok,
final,fft,complex128,3584,4,fft_complex128_n3584_b4,0.0792093150085,0.0789774849545,0.000231830053963,9,200,ok,
final,fft,complex128,3584,8,fft_complex128_n3584_b8,0.146355291312,0.14562934321,0.0002942783894,9,137,ok,
final,fft,complex128,3584,16,fft_complex128_n3584_b16,0.270709597519,0.265281000692,0.00123551419367,9,72,ok,
final,fft,complex128,3584,32,fft_complex128_n3584_b32,0.527029531077,0.516964064445,0.00254006978745,9,30,ok,
final,fft,complex128,3584,64,fft_complex128_n3584_b64,1.05703422853,1.02439411701,0.0284577343756,9,26,ok,
final,fft,complex128,3584,256,fft_complex128_n3584_b256,4.45316043416,4.36975900084,0.0279491401411,7,7,ok,
final,fft,complex128,4095,1,fft_complex128_n4095_b1,0.0396495393943,0.0392683964622,0.000128453081873,9,280,ok,
final,fft,complex128,4095,2,fft_complex128_n4095_b2,0.0688626646297,0.0680375297088,0.000314690405503,9,200,ok,
final,fft,complex128,4095,4,fft_complex128_n4095_b4,0.12635640669,0.125428237516,0.000127862585941,9,160,ok,
final,fft,complex128,4095,8,fft_complex128_n4095_b8,0.240206225135,0.238817399077,0.000742624979466,9,80,ok,
final,fft,complex128,4095,16,fft_complex128_n4095_b16,0.470541568624,0.467552243405,0.00135197518142,9,37,ok,
final,fft,complex128,4095,32,fft_complex128_n4095_b32,0.922753735601,0.907543068752,0.00733602792025,9,30,ok,
final,fft,complex128,4095,64,fft_complex128_n4095_b64,1.78908193629,1.77569325024,0.00704875128577,9,16,ok,
final,fft,complex128,4095,256,fft_complex128_n4095_b256,7.73752699024,7.65933125513,0.0181840150617,7,4,ok,
final,fft,complex128,4096,1,fft_complex128_n4096_b1,0.0297672991686,0.0294069782424,0.000140065679075,9,458,ok,
final,fft,complex128,4096,2,fft_complex128_n4096_b2,0.054750390118,0.0536909652874,0.000331470509991,9,200,ok,
final,fft,complex128,4096,4,fft_complex128_n4096_b4,0.0909266254166,0.0907149852719,0.000147020327859,9,200,ok,
final,fft,complex128,4096,8,fft_complex128_n4096_b8,0.163095174745,0.162796283257,0.000155708403327,9,120,ok,
final,fft,complex128,4096,16,fft_complex128_n4096_b16,0.308583214736,0.308175830959,0.000376539089932,9,65,ok,
final,fft,complex128,4096,32,fft_complex128_n4096_b32,0.60619857007,0.605409735969,0.000301527325064,9,30,ok,
final,fft,complex128,4096,64,fft_complex128_n4096_b64,1.19185549556,1.18922937448,0.00174445449375,9,24,ok,
final,fft,complex128,4096,256,fft_complex128_n4096_b256,5.10688717865,5.0884593317,0.00617965512598,7,6,ok,
final,fft,complex128,4097,1,fft_complex128_n4097_b1,0.111985853784,0.111800286278,9.67448399325e-05,7,157,ok,
final,fft,complex128,4097,2,fft_complex128_n4097_b2,0.187193981381,0.186613738041,0.000123225074157,7,107,ok,
final,fft,complex128,4097,4,fft_complex128_n4097_b4,0.354787035446,0.353121248606,0.00133821491285,7,56,ok,
final,fft,complex128,4097,8,fft_complex128_n4097_b8,0.693378175908,0.692677214309,0.00068628495293,7,28,ok,
final,fft,complex128,4097,16,fft_complex128_n4097_b16,1.36999433328,1.36843142987,0.00037976341056,7,21,ok,
final,fft,complex128,4097,32,fft_complex128_n4097_b32,2.73566708942,2.72769581484,0.00797127458182,7,11,ok,
final,fft,complex128,4097,64,fft_complex128_n4097_b64,5.48325921409,5.45087680221,0.0206004129723,7,5,ok,
final,fft,complex128,4097,256,fft_complex128_n4097_b256,22.1172200982,21.9882900128,0.0700309174135,7,1,ok,
final,fft,complex128,4608,1,fft_complex128_n4608_b1,0.0303412048379,0.0302467797883,8.76100966707e-05,7,200,ok,
final,fft,complex128,4608,2,fft_complex128_n4608_b2,0.0652132049436,0.0650551600847,8.6459913291e-05,7,200,ok,
final,fft,complex128,4608,4,fft_complex128_n4608_b4,0.112718687557,0.112561289412,0.000106789891354,7,176,ok,
final,fft,complex128,4608,8,fft_complex128_n4608_b8,0.202781392367,0.202569031617,0.000140578101975,7,97,ok,
final,fft,complex128,4608,16,fft_complex128_n4608_b16,0.386270267578,0.384851964191,0.000710331369191,7,30,ok,
final,fft,complex128,4608,32,fft_complex128_n4608_b32,0.77185726647,0.770179131844,0.00131980050355,7,30,ok,
final,fft,complex128,4608,64,fft_complex128_n4608_b64,1.49782157601,1.49426494701,0.00107404775918,7,19,ok,
final,fft,complex128,4608,256,fft_complex128_n4608_b256,6.31426142063,6.29877860192,0.0133307650685,7,5,ok,
final,fft,complex128,8192,1,fft_complex128_n8192_b1,0.0610886601498,0.0605608749902,0.000173124717548,7,200,ok,
final,fft,complex128,8192,2,fft_complex128_n8192_b2,0.11850935698,0.11815852347,3.93629306927e-05,7,168,ok,
final,fft,complex128,8192,4,fft_complex128_n8192_b4,0.211970800975,0.211303663979,0.000249728021261,7,95,ok,
final,fft,complex128,8192,8,fft_complex128_n8192_b8,0.395852278452,0.395041359589,0.000582698266953,7,50,ok,
final,fft,complex128,8192,16,fft_complex128_n8192_b16,0.765401567332,0.763847636214,0.00107066395382,7,30,ok,
final,fft,complex128,8192,32,fft_complex128_n8192_b32,1.53484805119,1.52184010336,0.00276252945983,7,19,ok,
final,fft,complex128,8192,64,fft_complex128_n8192_b64,3.03662044462,3.01660977614,0.00779343665474,7,9,ok,
final,fft,complex128,8192,256,fft_complex128_n8192_b256,13.9944775146,13.9652975486,0.0291799660772,7,2,ok,
final,fft,complex128,16384,1,fft_complex128_n16384_b1,0.184263558297,0.182985789322,0.000597461341665,7,104,ok,
final,fft,complex128,16384,2,fft_complex128_n16384_b2,0.353064472702,0.35107547248,0.000297271815891,7,55,ok,
final,fft,complex128,16384,4,fft_complex128_n16384_b4,0.693132356641,0.689166394295,0.00197975064761,7,28,ok,
final,fft,complex128,16384,8,fft_complex128_n16384_b8,1.38604000122,1.3800444791,0.00257813926077,7,21,ok,
final,fft,complex128,16384,16,fft_complex128_n16384_b16,2.77361129411,2.76772920042,0.00226310221478,7,10,ok,
final,fft,complex128,16384,32,fft_complex128_n16384_b32,5.60955458786,5.58373280801,0.0209067715332,7,5,ok,
final,fft,complex128,16384,64,fft_complex128_n16384_b64,11.5311765112,11.5051784669,0.020372972358,7,2,ok,
final,fft,complex128,16384,256,fft_complex128_n16384_b256,49.3965300266,49.3118530139,0.0440320000052,7,1,ok,
final,fft,complex128,32768,1,fft_complex128_n32768_b1,0.424958297369,0.418646744096,0.000771447183921,7,47,ok,
final,fft,complex128,32768,2,fft_complex128_n32768_b2,0.843422563301,0.840088524653,0.00142482736998,7,23,ok,
final,fft,complex128,32768,4,fft_complex128_n32768_b4,1.67896982063,1.67386029053,0.00231199459556,7,17,ok,
final,fft,complex128,32768,8,fft_complex128_n32768_b8,3.37354338262,3.3620432514,0.00177325273398,7,8,ok,
final,fft,complex128,32768,16,fft_complex128_n32768_b16,6.79407449206,6.76022897824,0.0113387359306,7,4,ok,
final,fft,complex128,32768,32,fft_complex128_n32768_b32,14.228383021,14.1803589649,0.0367585453205,7,2,ok,
final,fft,complex128,32768,64,fft_complex128_n32768_b64,30.0915560219,29.93780002,0.108240987174,7,1,ok,
final,fft,complex128,32768,256,fft_complex128_n32768_b256,118.189314962,117.698039045,0.3236529883,7,1,ok,
final,fft,complex128,65536,1,fft_complex128_n65536_b1,0.891102821862,0.885479591406,0.00123959034681,7,22,ok,
final,fft,complex128,65536,2,fft_complex128_n65536_b2,1.77628368692,1.76947725413,0.0061458122218,7,16,ok,
final,fft,complex128,65536,4,fft_complex128_n65536_b4,3.61197323946,3.60363388609,0.00253098551184,7,8,ok,
final,fft,complex128,65536,8,fft_complex128_n65536_b8,7.49775726581,7.39266624441,0.105091021396,7,4,ok,
final,fft,complex128,65536,16,fft_complex128_n65536_b16,15.5951239867,15.3189980192,0.221724971198,7,1,ok,
final,fft,complex128,65536,32,fft_complex128_n65536_b32,32.6796040172,32.4672790011,0.0760529655963,7,1,ok,
final,fft,complex128,65536,64,fft_complex128_n65536_b64,64.5948339952,64.2854659818,0.113600981422,7,1,ok,
final,fft,complex128,65536,256,fft_complex128_n65536_b256,419.866423006,263.978138915,33.2983989501,7,1,ok,
final,ifft,complex64,64,1,ifft_complex64_n64_b1,0.00445924485848,0.00441383045559,7.61222793155e-06,9,1274,ok,
final,ifft,complex64,64,2,ifft_complex64_n64_b2,0.00518156537929,0.00515483431728,8.46099545313e-06,9,1859,ok,
final,ifft,complex64,64,4,ifft_complex64_n64_b4,0.00561395299155,0.00556337903254,3.48300090991e-05,9,2000,ok,
final,ifft,complex64,64,8,ifft_complex64_n64_b8,0.00643967679529,0.00640630814629,2.84400260493e-05,9,1866,ok,
final,ifft,complex64,64,16,ifft_complex64_n64_b16,0.00802062091215,0.00780879076101,0.00010338161995,9,1596,ok,
final,ifft,complex64,64,32,ifft_complex64_n64_b32,0.0110171450069,0.0107210425388,0.000141706744519,9,1200,ok,
final,ifft,complex64,64,64,ifft_complex64_n64_b64,0.0170902838086,0.0166191449423,0.000145836517473,9,807,ok,
final,ifft,complex64,64,256,ifft_complex64_n64_b256,0.0526873400668,0.0524785002926,0.000169565319084,7,200,ok,
final,ifft,complex64,256,1,ifft_complex64_n256_b1,0.00560564364237,0.00554287770238,6.44779883008e-06,9,1880,ok,
final,ifft,complex64,256,2,ifft_complex64_n256_b2,0.00695881253689,0.00691183554675,1.77327177797e-05,9,1691,ok,
final,ifft,complex64,256,4,ifft_complex64_n256_b4,0.00867643838422,0.00856919469286,6.14772779731e-05,9,1387,ok,
final,ifft,complex64,256,8,ifft_complex64_n256_b8,0.0120179379667,0.0119508809382,3.12013347838e-05,9,1033,ok,
final,ifft,complex64,256,16,ifft_complex64_n256_b16,0.0187320821306,0.018664011062,4.9105418004e-05,9,730,ok,
final,ifft,complex64,256,32,ifft_complex64_n256_b32,0.0322169502033,0.0320539949462,0.000114614958875,9,200,ok,
final,ifft,complex64,256,64,ifft_complex64_n256_b64,0.0587007100694,0.0581901049009,0.000169714912772,9,200,ok,
final,ifft,complex64,256,256,ifft_complex64_n256_b256,0.217707011515,0.217156521419,0.000159750925377,7,92,ok,
final,ifft,complex64,1024,1,ifft_complex64_n1024_b1,0.0103173202278,0.0102945429244,2.27773033884e-05,9,1199,ok,
final,ifft,complex64,1024,2,ifft_complex64_n1024_b2,0.0179910284295,0.0178690948953,3.27587667802e-05,9,738,ok,
final,ifft,complex64,1024,4,ifft_complex64_n1024_b4,0.0242166635292,0.0240584919888,9.9281252947e-05,9,565,ok,
final,ifft,complex64,1024,8,ifft_complex64_n1024_b8,0.0395688699791,0.0392815296073,0.000177579931915,9,200,ok,
final,ifft,complex64,1024,16,ifft_complex64_n1024_b16,0.0699857098516,0.0693240796681,0.000192454899661,9,200,ok,
final,ifft,complex64,1024,32,ifft_complex64_n1024_b32,0.129971078805,0.129597098413,0.000207815135486,9,152,ok,
final,ifft,complex64,1024,64,ifft_complex64_n1024_b64,0.24761991204,0.246483493667,0.00068393706851,9,79,ok,
final,ifft,complex64,1024,256,ifft_complex64_n1024_b256,0.98266286465,0.957967469003,0.00753003405407,7,30,ok,
final,ifft,complex64,2048,1,ifft_complex64_n2048_b1,0.0165424734063,0.0164066521431,0.000102399286651,9,756,ok,
final,ifft,complex64,2048,2,ifft_complex64_n2048_b2,0.0323339838595,0.0316624310777,0.000201389386666,9,434,ok,
final,ifft,complex64,2048,4,ifft_complex64_n2048_b4,0.0465084146708,0.0459764199331,0.000105849467218,9,200,ok,
final,ifft,complex64,2048,8,ifft_complex64_n2048_b8,0.0794844795018,0.079152410035,0.000135255395435,9,200,ok,
final,ifft,complex64,2048,16,ifft_complex64_n2048_b16,0.143869250314,0.142146821599,0.00138944264368,9,140,ok,
final,ifft,complex64,2048,32,ifft_complex64_n2048_b32,0.270660534463,0.270048850088,0.000454260559421,9,73,ok,
final,ifft,complex64,2048,64,ifft_complex64_n2048_b64,0.526192299246,0.525496997094,0.00050530070439,9,30,ok,
final,ifft,complex64,2048,256,ifft_complex64_n2048_b256,2.06254914104,2.05893027929,0.00248464389837,7,14,ok,
final,ifft,complex64,3072,1,ifft_complex64_n3072_b1,0.023623003506,0.023570053137,3.2053218636e-05,9,582,ok,
final,ifft,complex64,3072,2,ifft_complex64_n3072_b2,0.0462344498374,0.0461198348785,0.000114614958875,9,200,ok,
final,ifft,complex64,3072,4,ifft_complex64_n3072_b4,0.0668272696203,0.0667087500915,5.74096338823e-05,9,200,ok,
final,ifft,complex64,3072,8,ifft_complex64_n3072_b8,0.117177821396,0.116686548045,0.000152434776759,9,168,ok,
final,ifft,complex64,3072,16,ifft_complex64_n3072_b16,0.217466120055,0.216674208027,0.000262594587364,9,91,ok,
final,ifft,complex64,3072,32,ifft_complex64_n3072_b32,0.417184600762,0.414269165291,0.000619166530669,9,30,ok,
final,ifft,complex64,3072,64,ifft_complex64_n3072_b64,0.818265167375,0.816609729857,0.000277499202639,9,30,ok,
final,ifft,complex64,3072,256,ifft_complex64_n3072_b256,3.25711066317,3.25018211475,0.00310354193466,7,9,ok,
final,ifft,complex64,3584,1,ifft_complex64_n3584_b1,0.026103973272,0.0259967925299,5.93079888937e-05,9,487,ok,
final,ifft,complex64,3584,2,ifft_complex64_n3584_b2,0.0524778501131,0.0523893849459,8.28999327496e-05,9,200,ok,
final,ifft,complex64,3584,4,ifft_complex64_n3584_b4,0.076146555366,0.0757914897986,6.76745548844e-05,9,200,ok,
final,ifft,complex64,3584,8,ifft_complex64_n3584_b8,0.134839788637,0.134678006592,8.24081108079e-05,9,142,ok,
final,ifft,complex64,3584,16,ifft_complex64_n3584_b16,0.249745161273,0.24934666144,0.000246848503593,9,80,ok,
final,ifft,complex64,3584,32,ifft_complex64_n3584_b32,0.484286434948,0.48338509708,0.000420437815289,9,30,ok,
final,ifft,complex64,3584,64,ifft_complex64_n3584_b64,0.948460400105,0.94710853106,0.000973833569636,9,30,ok,
final,ifft,complex64,3584,256,ifft_complex64_n3584_b256,3.70813261543,3.70531488443,0.00104075297713,7,8,ok,
final,ifft,complex64,4095,1,ifft_complex64_n4095_b1,0.0474858405542,0.0473189862224,0.000139311650547,9,295,ok,
final,ifft,complex64,4095,2,ifft_complex64_n4095_b2,0.0866781000514,0.0865238154074,6.57251803204e-05,9,200,ok,
final,ifft,complex64,4095,4,ifft_complex64_n4095_b4,0.0995569803925,0.0991197841139,0.000163065690791,9,199,ok,
final,ifft,complex64,4095,8,ifft_complex64_n4095_b8,0.186129757116,0.185641279514,0.000212541737846,9,107,ok,
final,ifft,complex64,4095,16,ifft_complex64_n4095_b16,0.35831166107,0.357664732811,0.000646928258772,9,56,ok,
final,ifft,complex64,4095,32,ifft_complex64_n4095_b32,0.699853598295,0.697710597888,0.000473236044248,9,30,ok,
final,ifft,complex64,4095,64,ifft_complex64_n4095_b64,1.4020169564,1.39958481304,0.00116357114166,9,21,ok,
final,ifft,complex64,4095,256,ifft_complex64_n4095_b256,5.59210018255,5.57731061708,0.00419376883656,7,5,ok,
final,ifft,complex64,4096,1,ifft_complex64_n4096_b1,0.028936491495,0.0288413375922,4.9854987563e-05,9,462,ok,
final,ifft,complex64,4096,2,ifft_complex64_n4096_b2,0.0588960753521,0.0587579648709,0.000134999281727,9,200,ok,
final,ifft,complex64,4096,4,ifft_complex64_n4096_b4,0.0860739749623,0.0854726502439,3.23599670082e-05,9,200,ok,
final,ifft,complex64,4096,8,ifft_complex64_n4096_b8,0.151671054883,0.150696086646,0.000711164701231,9,127,ok,
final,ifft,complex64,4096,16,ifft_complex64_n4096_b16,0.285968985881,0.285364680694,0.000180767687119,9,69,ok,
final,ifft,complex64,4096,32,ifft_complex64_n4096_b32,0.550409468512,0.549748233364,0.000181999833634,9,30,ok,
final,ifft,complex64,4096,64,ifft_complex64_n4096_b64,1.09414748106,1.0909296279,0.000989219794671,9,27,ok,
final,ifft,complex64,4096,256,ifft_complex64_n4096_b256,4.27398742509,4.26592400098,0.00376142894051,7,7,ok,
final,ifft,complex64,4097,1,ifft_complex64_n4097_b1,0.143263679269,0.142955492292,7.7164245408e-05,7,134,ok,
final,ifft,complex64,4097,2,ifft_complex64_n4097_b2,0.275380805963,0.274878069629,0.000474069060551,7,72,ok,
final,ifft,complex64,4097,4,ifft_complex64_n4097_b4,0.216745424752,0.216264314393,0.000143422411107,7,92,ok,
final,ifft,complex64,4097,8,ifft_complex64_n4097_b8,0.435701531774,0.434958447821,0.000208044087792,7,47,ok,
final,ifft,complex64,4097,16,ifft_complex64_n4097_b16,0.824762597525,0.822676368989,0.000455831953635,7,30,ok,
final,ifft,complex64,4097,32,ifft_complex64_n4097_b32,1.62644194077,1.62433633684,0.00130022332693,7,18,ok,
final,ifft,complex64,4097,64,ifft_complex64_n4097_b64,3.2078676676,3.20190878119,0.00260265854498,7,9,ok,
final,ifft,complex64,4097,256,ifft_complex64_n4097_b256,13.3824804798,13.2889259839,0.0276265200227,7,2,ok,
final,ifft,complex64,4608,1,ifft_complex64_n4608_b1,0.0334986951202,0.0333823252004,0.000112704583444,7,200,ok,
final,ifft,complex64,4608,2,ifft_complex64_n4608_b2,0.0690821750322,0.068889670074,7.72450584918e-05,7,200,ok,
final,ifft,complex64,4608,4,ifft_complex64_n4608_b4,0.102063363246,0.101636815556,0.00010472045972,7,179,ok,
final,ifft,complex64,4608,8,ifft_complex64_n4608_b8,0.183799853036,0.181053540832,0.00117430271188,7,109,ok,
final,ifft,complex64,4608,16,ifft_complex64_n4608_b16,0.340443100625,0.339340399175,7.97988226017e-05,7,30,ok,
final,ifft,complex64,4608,32,ifft_complex64_n4608_b32,0.663639702058,0.661536430319,0.00124433233092,7,30,ok,
final,ifft,complex64,4608,64,ifft_complex64_n4608_b64,1.30449095741,1.30251856298,0.00145795512135,7,23,ok,
final,ifft,complex64,4608,256,ifft_complex64_n4608_b256,5.11414860375,5.10453258175,0.00440620351583,7,5,ok,
final,ifft,complex64,8192,1,ifft_complex64_n8192_b1,0.0557749497239,0.0556858850177,1.95356551558e-05,7,200,ok,
final,ifft,complex64,8192,2,ifft_complex64_n8192_b2,0.107514032976,0.107266154053,0.0002263568004,7,182,ok,
final,ifft,complex64,8192,4,ifft_complex64_n8192_b4,0.183792779213,0.183536912888,0.000248153810389,7,104,ok,
final,ifft,complex64,8192,8,ifft_complex64_n8192_b8,0.342446981172,0.336799831761,0.00541077895185,7,59,ok,
final,ifft,complex64,8192,16,ifft_complex64_n8192_b16,0.666413867536,0.661450965951,0.00228460412472,7,30,ok,
final,ifft,complex64,8192,32,ifft_complex64_n8192_b32,1.30880030844,1.2899307362,0.00455717900363,7,23,ok,
final,ifft,complex64,8192,64,ifft_complex64_n8192_b64,2.57886182093,2.55729526874,0.00512772451409,7,11,ok,
final,ifft,complex64,8192,256,ifft_complex64_n8192_b256,10.5717083206,10.4400929995,0.0717136620854,7,3,ok,
final,ifft,complex64,16384,1,ifft_complex64_n16384_b1,0.110093541912,0.108735754243,0.000193877036387,7,179,ok,
final,ifft,complex64,16384,2,ifft_complex64_n16384_b2,0.194491951916,0.193745028951,0.000425447140215,7,103,ok,
final,ifft,complex64,16384,4,ifft_complex64_n16384_b4,0.354463192007,0.351418846269,0.00266594221242,7,52,ok,
final,ifft,complex64,16384,8,ifft_complex64_n16384_b8,0.672344265816,0.664827600121,0.00138589724277,7,30,ok,
final,ifft,complex64,16384,16,ifft_complex64_n16384_b16,1.30220654484,1.29734613636,0.00486040847715,7,22,ok,
final,ifft,complex64,16384,32,ifft_complex64_n16384_b32,2.61406844947,2.60507809633,0.006938459013,7,11,ok,
final,ifft,complex64,16384,64,ifft_complex64_n16384_b64,5.3572379984,5.32146140467,0.0242811860517,7,5,ok,
final,ifft,complex64,16384,256,ifft_complex64_n16384_b256,24.147778051,23.7240380375,0.353359035216,7,1,ok,
final,ifft,complex64,32768,1,ifft_complex64_n32768_b1,0.223300577555,0.221770167506,0.000421111730652,7,90,ok,
final,ifft,complex64,32768,2,ifft_complex64_n32768_b2,0.397099911546,0.395894777547,0.00073448754847,7,45,ok,
final,ifft,complex64,32768,4,ifft_complex64_n32768_b4,0.736530699457,0.733964230555,0.00256646890193,7,30,ok,
final,ifft,complex64,32768,8,ifft_complex64_n32768_b8,1.42017271303,1.40453828499,0.00529271727871,7,21,ok,
final,ifft,complex64,32768,16,ifft_complex64_n32768_b16,2.81298259506,2.8014332056,0.0115493894555,7,10,ok,
final,ifft,complex64,32768,32,ifft_complex64_n32768_b32,5.68413801957,5.63027940225,0.030284607783,7,5,ok,
final,ifft,complex64,32768,64,ifft_complex64_n32768_b64,12.0045083265,11.4687953222,0.207383690091,7,3,ok,
final,ifft,complex64,32768,256,ifft_complex64_n32768_b256,48.6875880742,48.3376450138,0.22289599292,7,1,ok,
final,ifft,complex64,65536,1,ifft_complex64_n65536_b1,0.45756078975,0.453670046206,0.00044918445827,7,43,ok,
final,ifft,complex64,65536,2,ifft_complex64_n65536_b2,0.859925531161,0.85872830047,0.000679636529336,7,30,ok,
final,ifft,complex64,65536,4,ifft_complex64_n65536_b4,1.67944805516,1.63514711635,0.024832390611,7,18,ok,
final,ifft,complex64,65536,8,ifft_complex64_n65536_b8,3.20032255776,3.19513611289,0.00153956676109,7,9,ok,
final,ifft,complex64,65536,16,ifft_complex64_n65536_b16,6.41324400203,6.37054198887,0.0113162386697,7,4,ok,
final,ifft,complex64,65536,32,ifft_complex64_n65536_b32,13.0703766675,13.0293433322,0.0287673513715,7,3,ok,
final,ifft,complex64,65536,64,ifft_complex64_n65536_b64,27.6955569861,27.4816179881,0.145882018842,7,1,ok,
final,ifft,complex64,65536,256,ifft_complex64_n65536_b256,108.078854042,107.471772004,0.230740988627,7,1,ok,
final,ifft,complex128,64,1,ifft_complex128_n64_b1,0.00449410957331,0.00445648441738,1.79841623282e-05,9,1771,ok,
final,ifft,complex128,64,2,ifft_complex128_n64_b2,0.00510746851796,0.00504971551709,1.51525018737e-05,9,2000,ok,
final,ifft,complex128,64,4,ifft_complex128_n64_b4,0.00546964351088,0.00541392451851,2.48214928433e-05,9,2000,ok,
final,ifft,complex128,64,8,ifft_complex128_n64_b8,0.00619618915178,0.00616659026104,2.04436993888e-05,9,1972,ok,
final,ifft,complex128,64,16,ifft_complex128_n64_b16,0.00746366590096,0.00744044959269,1.62971009722e-05,9,1784,ok,
final,ifft,complex128,64,32,ifft_complex128_n64_b32,0.0099345138651,0.00989837773106,3.61361340408e-05,9,1366,ok,
final,ifft,complex128,64,64,ifft_complex128_n64_b64,0.0149860277152,0.0149152771101,3.84732781014e-05,9,938,ok,
final,ifft,complex128,64,256,ifft_complex128_n64_b256,0.0459549302468,0.045526479953,3.01050022244e-05,7,200,ok,
final,ifft,complex128,256,1,ifft_complex128_n256_b1,0.00580942747183,0.0058016985422,6.21099025011e-06,9,2000,ok,
final,ifft,complex128,256,2,ifft_complex128_n256_b2,0.00705395250475,0.00702650655645,6.15801422541e-06,9,1601,ok,
final,ifft,complex128,256,4,ifft_complex128_n256_b4,0.00862687312323,0.00858572753275,8.81577103302e-06,9,1450,ok,
final,ifft,complex128,256,8,ifft_complex128_n256_b8,0.0118634800964,0.0118210124024,2.93858940118e-05,9,1135,ok,
final,ifft,complex128,256,16,ifft_complex128_n256_b16,0.018534295992,0.0184699646108,1.53313320959e-05,9,679,ok,
final,ifft,complex128,256,32,ifft_complex128_n256_b32,0.0318514654646,0.0317787850508,6.37746416032e-05,9,200,ok,
final,ifft,complex128,256,64,ifft_complex128_n256_b64,0.0583242048742,0.05758938496,3.15596116707e-05,9,200,ok,
final,ifft,complex128,256,256,ifft_complex128_n256_b256,0.211952531591,0.211186745412,0.000339042286369,7,94,ok,
final,ifft,complex128,1024,1,ifft_complex128_n1024_b1,0.0103381027094,0.0102876718534,2.0184888728e-05,9,1158,ok,
final,ifft,complex128,1024,2,ifft_complex128_n1024_b2,0.0170975999711,0.0170567840407,2.89802290039e-05,9,810,ok,
final,ifft,complex128,1024,4,ifft_complex128_n1024_b4,0.0254353014534,0.025286721881,1.75957346086e-05,9,554,ok,
final,ifft,complex128,1024,8,ifft_complex128_n1024_b8,0.0416329648579,0.0414993200684,0.000133644789457,9,200,ok,
final,ifft,complex128,1024,16,ifft_complex128_n1024_b16,0.074102540384,0.0735749048181,0.000128889805637,9,200,ok,
final,ifft,complex128,1024,32,ifft_complex128_n1024_b32,0.139494216512,0.138525413089,0.000355559257934,9,143,ok,
final,ifft,complex128,1024,64,ifft_complex128_n1024_b64,0.269407239205,0.267577478924,0.000754366366481,9,71,ok,
final,ifft,complex128,1024,256,ifft_complex128_n1024_b256,1.04694846336,1.04371206752,0.00228353642992,7,28,ok,
final,ifft,complex128,2048,1,ifft_complex128_n2048_b1,0.017245040704,0.0170577014262,8.01250725814e-05,9,784,ok,
final,ifft,complex128,2048,2,ifft_complex128_n2048_b2,0.0315271793017,0.0314241841085,0.000102995193225,9,446,ok,
final,ifft,complex128,2048,4,ifft_complex128_n2048_b4,0.0504359399201,0.0502164801583,9.03202453628e-05,9,200,ok,
final,ifft,complex128,2048,8,ifft_complex128_n2048_b8,0.0877035153098,0.0876021251315,3.8625439629e-05,9,200,ok,
final,ifft,complex128,2048,16,ifft_complex128_n2048_b16,0.161610105514,0.161316878034,6.69511141089e-05,9,123,ok,
final,ifft,complex128,2048,32,ifft_complex128_n2048_b32,0.308755048536,0.308369015329,0.000181904397323,9,64,ok,
final,ifft,complex128,2048,64,ifft_complex128_n2048_b64,0.603948331748,0.602784834336,0.000152302285035,9,30,ok,
final,ifft,complex128,2048,256,ifft_complex128_n2048_b256,2.40918024792,2.40146332847,0.00573824703073,7,12,ok,
final,ifft,complex128,3072,1,ifft_complex128_n3072_b1,0.0235101344578,0.0233989774956,3.52551759189e-05,9,580,ok,
final,ifft,complex128,3072,2,ifft_complex128_n3072_b2,0.0455140596023,0.0454669701867,2.12393933907e-05,9,200,ok,
final,ifft,complex128,3072,4,ifft_complex128_n3072_b4,0.0748397648567,0.0747958803549,3.9174919948e-05,9,200,ok,
final,ifft,complex128,3072,8,ifft_complex128_n3072_b8,0.132994915372,0.132933737056,3.60218728793e-05,9,141,ok,
final,ifft,complex128,3072,16,ifft_complex128_n3072_b16,0.24954388596,0.248034355007,8.47076195516e-05,9,79,ok,
final,ifft,complex128,3072,32,ifft_complex128_n3072_b32,0.484358899606,0.482851433723,0.0006929350396,9,30,ok,
final,ifft,complex128,3072,64,ifft_complex128_n3072_b64,0.948401268882,0.946479364454,0.000369700137526,9,30,ok,
final,ifft,complex128,3072,256,ifft_complex128_n3072_b256,4.00634529069,3.97452743657,0.0174852819847,7,7,ok,
final,ifft,complex128,3584,1,ifft_complex128_n3584_b1,0.0260352297744,0.0258672703327,9.52162715143e-05,9,518,ok,
final,ifft,complex128,3584,2,ifft_complex128_n3584_b2,0.0507172651123,0.0506293500075,4.39351424575e-05,9,200,ok,
final,ifft,complex128,3584,4,ifft_complex128_n3584_b4,0.0840142800007,0.0838257296709,0.000117819872685,9,200,ok,
final,ifft,complex128,3584,8,ifft_complex128_n3584_b8,0.151795436649,0.150982789429,0.000134156841813,9,133,ok,
final,ifft,complex128,3584,16,ifft_complex128_n3584_b16,0.281728030397,0.280721229501,0.000407845856479,9,65,ok,
final,ifft,complex128,3584,32,ifft_complex128_n3584_b32,0.54491723422,0.543837233757,0.000768399331719,9,30,ok,
final,ifft,complex128,3584,64,ifft_complex128_n3584_b64,1.07240133608,1.06978981273,0.00261152335615,9,27,ok,
final,ifft,complex128,3584,256,ifft_complex128_n3584_b256,4.57354071217,4.54078528232,0.0167885695451,7,7,ok,
final,ifft,complex128,4095,1,ifft_complex128_n4095_b1,0.0423255932044,0.0421873681868,6.89370688378e-05,9,285,ok,
final,ifft,complex128,4095,2,ifft_complex128_n4095_b2,0.0709821702912,0.0708226696588,6.43206294626e-05,9,200,ok,
final,ifft,complex128,4095,4,ifft_complex128_n4095_b4,0.128184032116,0.127889354894,0.000114599993873,9,155,ok,
final,ifft,complex128,4095,8,ifft_complex128_n4095_b8,0.245433914429,0.244554987373,0.000434023627069,9,81,ok,
final,ifft,complex128,4095,16,ifft_complex128_n4095_b16,0.477995391276,0.4767462208,0.000784874939155,9,41,ok,
final,ifft,complex128,4095,32,ifft_complex128_n4095_b32,0.95575566714,0.94715829861,0.00114580228304,9,30,ok,
final,ifft,complex128,4095,64,ifft_complex128_n4095_b64,1.85831362614,1.85636562674,0.00133874709718,9,16,ok,
final,ifft,complex128,4095,256,ifft_complex128_n4095_b256,7.78381099614,7.74214001528,0.0293113213653,7,3,ok,
final,ifft,complex128,4096,1,ifft_complex128_n4096_b1,0.0308389614904,0.0305070492546,6.05823415854e-05,9,364,ok,
final,ifft,complex128,4096,2,ifft_complex128_n4096_b2,0.0574670603964,0.057316274615,5.23397466168e-05,9,200,ok,
final,ifft,complex128,4096,4,ifft_complex128_n4096_b4,0.0959725904977,0.09584215004,0.000120775075629,9,200,ok,
final,ifft,complex128,4096,8,ifft_complex128_n4096_b8,0.17365103651,0.173345926768,0.000172872519629,9,110,ok,
final,ifft,complex128,4096,16,ifft_complex128_n4096_b16,0.327976590374,0.327425426804,7.91471512592e-05,9,61,ok,
final,ifft,complex128,4096,32,ifft_complex128_n4096_b32,0.636919533523,0.636139065803,0.000528331535558,9,30,ok,
final,ifft,complex128,4096,64,ifft_complex128_n4096_b64,1.26099852217,1.25924391551,0.00120003950661,9,23,ok,
final,ifft,complex128,4096,256,ifft_complex128_n4096_b256,5.44197219424,5.41709181853,0.0167513964698,7,5,ok,
final,ifft,complex128,4097,1,ifft_complex128_n4097_b1,0.113722030214,0.113504879872,0.00021715034136,7,166,ok,
final,ifft,complex128,4097,2,ifft_complex128_n4097_b2,0.19109044639,0.190271296317,0.000444988922981,7,101,ok,
final,ifft,complex128,4097,4,ifft_complex128_n4097_b4,0.362925000782,0.362111813889,0.000561611226725,7,54,ok,
final,ifft,complex128,4097,8,ifft_complex128_n4097_b8,0.708802663549,0.704531001651,0.00231063286601,7,27,ok,
final,ifft,complex128,4097,16,ifft_complex128_n4097_b16,1.39962195507,1.39868695156,0.000736570828372,7,21,ok,
final,ifft,complex128,4097,32,ifft_complex128_n4097_b32,2.77895430336,2.76533580618,0.00258790096268,7,10,ok,
final,ifft,complex128,4097,64,ifft_complex128_n4097_b64,5.57422700804,5.5548727978,0.0120364129543,7,5,ok,
final,ifft,complex128,4097,256,ifft_complex128_n4097_b256,22.5002549123,22.4311460042,0.051976996474,7,1,ok,
final,ifft,complex128,4608,1,ifft_complex128_n4608_b1,0.0344445102382,0.0343623501249,4.58903377876e-05,7,200,ok,
final,ifft,complex128,4608,2,ifft_complex128_n4608_b2,0.0687073747395,0.0685257848818,5.9959711507e-05,7,200,ok,
final,ifft,complex128,4608,4,ifft_complex128_n4608_b4,0.11793867665,0.116572591828,0.000165981274643,7,164,ok,
final,ifft,complex128,4608,8,ifft_complex128_n4608_b8,0.212314428639,0.212116374194,0.00013563792211,7,91,ok,
final,ifft,complex128,4608,16,ifft_complex128_n4608_b16,0.405476766173,0.404931065471,0.000380701385438,7,30,ok,
final,ifft,complex128,4608,32,ifft_complex128_n4608_b32,0.795483333059,0.793748100599,0.00173523246,7,30,ok,
final,ifft,complex128,4608,64,ifft_complex128_n4608_b64,1.61860066388,1.59385561063,0.0159135541051,7,18,ok,
final,ifft,complex128,4608,256,ifft_complex128_n4608_b256,6.59327600151,6.55180260073,0.0205643940717,7,5,ok,
final,ifft,complex128,8192,1,ifft_complex128_n8192_b1,0.0616904854542,0.0613407848869,0.000228930148296,7,200,ok,
final,ifft,complex128,8192,2,ifft_complex128_n8192_b2,0.120311685933,0.1196661279,0.000435558225339,7,156,ok,
final,ifft,complex128,8192,4,ifft_complex128_n8192_b4,0.214743183836,0.213534698912,0.000444269658978,7,93,ok,
final,ifft,complex128,8192,8,ifft_complex128_n8192_b8,0.403352258727,0.40180338081,0.000335818622261,7,50,ok,
final,ifft,complex128,8192,16,ifft_complex128_n8192_b16,0.784307799768,0.780453633827,0.00258079962805,7,30,ok,
final,ifft,complex128,8192,32,ifft_complex128_n8192_b32,1.54601778884,1.53661657762,0.00940121122097,7,19,ok,
final,ifft,complex128,8192,64,ifft_complex128_n8192_b64,3.25120866506,3.15499577361,0.0820153315241,7,9,ok,
final,ifft,complex128,8192,256,ifft_complex128_n8192_b256,14.8975969641,14.6279339679,0.0807355390862,7,2,ok,
final,ifft,complex128,16384,1,ifft_complex128_n16384_b1,0.193770117738,0.191714607782,0.000718500529069,7,102,ok,
final,ifft,complex128,16384,2,ifft_complex128_n16384_b2,0.365932278025,0.365564573763,0.000367704261508,7,54,ok,
final,ifft,complex128,16384,4,ifft_complex128_n16384_b4,0.719711555306,0.71828959389,0.000959555445998,7,27,ok,
final,ifft,complex128,16384,8,ifft_complex128_n16384_b8,1.43142835004,1.42813925049,0.00218654749915,7,20,ok,
final,ifft,complex128,16384,16,ifft_complex128_n16384_b16,2.83469620626,2.82803679584,0.00522270565853,7,10,ok,
final,ifft,complex128,16384,32,ifft_complex128_n16384_b32,5.78158760909,5.74744800106,0.034139608033,7,5,ok,
final,ifft,complex128,16384,64,ifft_complex128_n16384_b64,12.3649069574,12.0536860195,0.278624531347,7,2,ok,
final,ifft,complex128,16384,256,ifft_complex128_n16384_b256,50.8723040111,50.3579039359,0.0710730673745,7,1,ok,
final,ifft,complex128,32768,1,ifft_complex128_n32768_b1,0.427588779065,0.42695671113,0.000632067935334,7,45,ok,
final,ifft,complex128,32768,2,ifft_complex128_n32768_b2,0.845675042871,0.843716132374,0.00194452055123,7,23,ok,
final,ifft,complex128,32768,4,ifft_complex128_n32768_b4,1.67861382943,1.67115470942,0.00154523535029,7,17,ok,
final,ifft,complex128,32768,8,ifft_complex128_n32768_b8,3.37345700245,3.35457800247,0.00529737735633,7,8,ok,
final,ifft,complex128,32768,16,ifft_complex128_n32768_b16,6.93818324362,6.86420549755,0.00749624450691,7,4,ok,
final,ifft,complex128,32768,32,ifft_complex128_n32768_b32,14.5546625135,14.3065640004,0.0378399854526,7,2,ok,
final,ifft,complex128,32768,64,ifft_complex128_n32768_b64,30.4885270307,30.3316749632,0.0873230164871,7,1,ok,
final,ifft,complex128,32768,256,ifft_complex128_n32768_b256,119.686207967,118.653410929,1.03279703762,7,1,ok,
final,ifft,complex128,65536,1,ifft_complex128_n65536_b1,0.931745051946,0.922719788689,0.007199736214,7,19,ok,
final,ifft,complex128,65536,2,ifft_complex128_n65536_b2,1.87294531497,1.85220537242,0.00649968569633,7,16,ok,
final,ifft,complex128,65536,4,ifft_complex128_n65536_b4,3.71584075037,3.68935636652,0.00966549851,7,8,ok,
final,ifft,complex128,65536,8,ifft_complex128_n65536_b8,7.59654899593,7.57586551481,0.0183189986274,7,4,ok,
final,ifft,complex128,65536,16,ifft_complex128_n65536_b16,15.7910379348,15.6463290332,0.130464090034,7,1,ok,
final,ifft,complex128,65536,32,ifft_complex128_n65536_b32,32.8401840525,32.7376030618,0.0806701136753,7,1,ok,
final,ifft,complex128,65536,64,ifft_complex128_n65536_b64,65.0168299908,64.5055969944,0.203749979846,7,1,ok,
final,ifft,complex128,65536,256,ifft_complex128_n65536_b256,429.191448959,260.708028101,138.535082107,7,1,ok,
final_fct,fft,complex64,64,1,fft_complex64_n64_b1,0.00386323040561,0.00362225993018,0.000185926865192,9,1285,ok,
final_fct,fft,complex64,64,2,fft_complex64_n64_b2,0.00436069577274,0.00433633468356,1.30874167896e-05,9,1476,ok,
final_fct,fft,complex64,64,4,fft_complex64_n64_b4,0.00486155948602,0.00479197950335,1.74975139089e-05,9,2000,ok,
final_fct,fft,complex64,64,8,fft_complex64_n64_b8,0.00564648897853,0.00562508398434,5.75056765229e-06,9,2000,ok,
final_fct,fft,complex64,64,16,fft_complex64_n64_b16,0.0070973041289,0.00708082361244,1.06147087272e-05,9,1848,ok,
final_fct,fft,complex64,64,32,fft_complex64_n64_b32,0.00988532861903,0.00984327669575,2.98914643087e-05,9,1272,ok,
final_fct,fft,complex64,64,64,fft_complex64_n64_b64,0.0156994445212,0.0156221669094,1.55722766214e-05,9,893,ok,
final_fct,fft,complex64,64,256,fft_complex64_n64_b256,0.0495815998875,0.0492797850166,7.82404094934e-05,7,200,ok,
final_fct,fft,complex64,256,1,fft_complex64_n256_b1,0.00475890901481,0.00472317528964,7.07087643452e-06,9,1934,ok,
final_fct,fft,complex64,256,2,fft_complex64_n256_b2,0.00610418354237,0.00609486783089,7.36452676981e-06,9,1967,ok,
final_fct,fft,complex64,256,4,fft_complex64_n256_b4,0.00785316582337,0.00784540624986,7.75957350336e-06,9,1206,ok,
final_fct,fft,complex64,256,8,fft_complex64_n256_b8,0.0110895686221,0.0110678864587,1.04036682827e-05,9,1224,ok,
final_fct,fft,complex64,256,16,fft_complex64_n256_b16,0.0174378419344,0.0174222039105,1.20995193257e-05,9,804,ok,
final_fct,fft,complex64,256,32,fft_complex64_n256_b32,0.0303549249656,0.0302795850439,3.66201857105e-05,9,200,ok,
final_fct,fft,complex64,256,64,fft_complex64_n256_b64,0.0564868800575,0.0563301349757,6.31151488051e-05,9,200,ok,
final_fct,fft,complex64,256,256,fft_complex64_n256_b256,0.212074637382,0.211419692457,0.000336220242329,7,91,ok,
final_fct,fft,complex64,1024,1,fft_complex64_n1024_b1,0.00953080626453,0.00951120573907,1.43768694297e-05,9,1239,ok,
final_fct,fft,complex64,1024,2,fft_complex64_n1024_b2,0.0170900561085,0.0169599309474,3.82464553923e-05,9,767,ok,
final_fct,fft,complex64,1024,4,fft_complex64_n1024_b4,0.0229457022894,0.0229115318202,2.23991843687e-05,9,611,ok,
final_fct,fft,complex64,1024,8,fft_complex64_n1024_b8,0.0375211454229,0.037417205167,8.42555891722e-05,9,200,ok,
final_fct,fft,complex64,1024,16,fft_complex64_n1024_b16,0.0665164849488,0.0663762248587,5.81052154303e-05,9,200,ok,
final_fct,fft,complex64,1024,32,fft_complex64_n1024_b32,0.125530766046,0.124422810482,9.92337465758e-05,9,158,ok,
final_fct,fft,complex64,1024,64,fft_complex64_n1024_b64,0.241374792872,0.240963415197,0.000364695130507,9,82,ok,
final_fct,fft,complex64,1024,256,fft_complex64_n1024_b256,0.937981465055,0.935079099145,0.00290236591051,7,30,ok,
final_fct,fft,complex64,2048,1,fft_complex64_n2048_b1,0.015407755204,0.0153562599136,5.12128805413e-05,9,850,ok,
final_fct,fft,complex64,2048,2,fft_complex64_n2048_b2,0.0301759014481,0.0300632822338,3.42189719497e-05,9,457,ok,
final_fct,fft,complex64,2048,4,fft_complex64_n2048_b4,0.043329729815,0.0432257400826,3.37098026648e-05,9,200,ok,
final_fct,fft,complex64,2048,8,fft_complex64_n2048_b8,0.0769160350319,0.076853975188,6.20598439127e-05,9,200,ok,
final_fct,fft,complex64,2048,16,fft_complex64_n2048_b16,0.139304667149,0.138073763487,0.000134555092599,9,144,ok,
final_fct,fft,complex64,2048,32,fft_complex64_n2048_b32,0.262219578297,0.261757539671,0.000304645111196,9,76,ok,
final_fct,fft,complex64,2048,64,fft_complex64_n2048_b64,0.511089797753,0.510057197729,0.000161638793846,9,30,ok,
final_fct,fft,complex64,2048,256,fft_complex64_n2048_b256,2.00635364412,2.00520571421,0.00114792991163,7,14,ok,
final_fct,fft,complex64,3072,1,fft_complex64_n3072_b1,0.0222316695726,0.0221802160792,4.93943973977e-05,9,560,ok,
final_fct,fft,complex64,3072,2,fft_complex64_n3072_b2,0.0457779999124,0.0448246701853,0.000324005377479,9,200,ok,
final_fct,fft,complex64,3072,4,fft_complex64_n3072_b4,0.0643471395597,0.0640668702545,0.000192260486074,9,200,ok,
final_fct,fft,complex64,3072,8,fft_complex64_n3072_b8,0.113462011463,0.113171125496,8.68458300829e-05,9,175,ok,
final_fct,fft,complex64,3072,16,fft_complex64_n3072_b16,0.211317935572,0.211139628168,0.000127893377175,9,94,ok,
final_fct,fft,complex64,3072,32,fft_complex64_n3072_b32,0.407302833628,0.405451034506,0.00129743323972,9,30,ok,
final_fct,fft,complex64,3072,64,fft_complex64_n3072_b64,0.793445867021,0.791178969666,0.00127473225196,9,30,ok,
final_fct,fft,complex64,3072,256,fft_complex64_n3072_b256,3.13374167308,3.13223100319,0.00127023344653,7,9,ok,
final_fct,fft,complex64,3584,1,fft_complex64_n3584_b1,0.0250008425233,0.024824432389,0.000143945546388,9,495,ok,
final_fct,fft,complex64,3584,2,fft_complex64_n3584_b2,0.0509200902889,0.050877314643,4.27756458521e-05,9,200,ok,
final_fct,fft,complex64,3584,4,fft_complex64_n3584_b4,0.0733372650575,0.0731129449559,0.000124124926515,9,200,ok,
final_fct,fft,complex64,3584,8,fft_complex64_n3584_b8,0.129833319483,0.129657854106,8.60624519798e-05,9,144,ok,
final_fct,fft,complex64,3584,16,fft_complex64_n3584_b16,0.242719024976,0.242173975538,0.000140865378809,9,82,ok,
final_fct,fft,complex64,3584,32,fft_complex64_n3584_b32,0.466619497941,0.465507401774,0.00037436451142,9,30,ok,
final_fct,fft,complex64,3584,64,fft_complex64_n3584_b64,0.922456197441,0.919333402999,0.00110840192065,9,30,ok,
final_fct,fft,complex64,3584,256,fft_complex64_n3584_b256,3.60177175025,3.59918312461,0.00161924981512,7,8,ok,
final_fct,fft,complex64,4095,1,fft_complex64_n4095_b1,0.0476449753427,0.0473660389027,0.000217056367546,9,284,ok,
final_fct,fft,complex64,4095,2,fft_complex64_n4095_b2,0.0879331398755,0.08781387005,5.63549110666e-05,9,200,ok,
final_fct,fft,complex64,4095,4,fft_complex64_n4095_b4,0.107679373714,0.107478457699,0.000133017829833,9,166,ok,
final_fct,fft,complex64,4095,8,fft_complex64_n4095_b8,0.180267936296,0.179369708481,0.000415508508344,9,110,ok,
final_fct,fft,complex64,4095,16,fft_complex64_n4095_b16,0.346394104622,0.345153368503,0.000420263396543,9,57,ok,
final_fct,fft,complex64,4095,32,fft_complex64_n4095_b32,0.682773064667,0.68022866811,0.000800495035946,9,30,ok,
final_fct,fft,complex64,4095,64,fft_complex64_n4095_b64,1.35698831979,1.35272495787,0.00084567793899,9,22,ok,
final_fct,fft,complex64,4095,256,fft_complex64_n4095_b256,5.44285580982,5.43965180404,0.00320400577039,7,5,ok,
final_fct,fft,complex64,4096,1,fft_complex64_n4096_b1,0.0279330907053,0.0278524371173,5.72184231787e-05,9,398,ok,
final_fct,fft,complex64,4096,2,fft_complex64_n4096_b2,0.0586400949396,0.0585109501844,0.000127640087157,9,200,ok,
final_fct,fft,complex64,4096,4,fft_complex64_n4096_b4,0.105148771005,0.104706640069,0.000150607947528,9,153,ok,
final_fct,fft,complex64,4096,8,fft_complex64_n4096_b8,0.146986430304,0.146405274669,0.000201554589525,9,135,ok,
final_fct,fft,complex64,4096,16,fft_complex64_n4096_b16,0.27470122182,0.272703458904,0.000369722127087,9,72,ok,
final_fct,fft,complex64,4096,32,fft_complex64_n4096_b32,0.537393199435,0.536754998999,0.000638200435787,9,30,ok,
final_fct,fft,complex64,4096,64,fft_complex64_n4096_b64,1.07120277998,1.06399266601,0.00139440978981,9,27,ok,
final_fct,fft,complex64,4096,256,fft_complex64_n4096_b256,4.28087329159,4.25659214878,0.00675686169416,7,7,ok,
final_fct,fft,complex64,4097,1,fft_complex64_n4097_b1,0.1450770611,0.142378358433,0.000355618593518,7,131,ok,
final_fct,fft,complex64,4097,2,fft_complex64_n4097_b2,0.271676972338,0.271343521144,0.000333451193718,7,71,ok,
final_fct,fft,complex64,4097,4,fft_complex64_n4097_b4,0.21262885066,0.211578965101,0.000564390846967,7,87,ok,
final_fct,fft,complex64,4097,8,fft_complex64_n4097_b8,0.408137852598,0.406089854854,0.000912332325242,7,48,ok,
final_fct,fft,complex64,4097,16,fft_complex64_n4097_b16,0.798790498326,0.797800300643,0.000878299276034,7,30,ok,
final_fct,fft,complex64,4097,32,fft_complex64_n4097_b32,1.59563894461,1.59024494416,0.00356216656251,7,18,ok,
final_fct,fft,complex64,4097,64,fft_complex64_n4097_b64,3.19800933357,3.19136022073,0.00333399253173,7,9,ok,
final_fct,fft,complex64,4097,256,fft_complex64_n4097_b256,12.646291987,12.6381800122,0.00811197484533,7,3,ok,
final_fct,fft,complex64,4608,1,fft_complex64_n4608_b1,0.0320431753062,0.0318516202969,9.14745032787e-05,7,200,ok,
final_fct,fft,complex64,4608,2,fft_complex64_n4608_b2,0.0676914298674,0.0672396901064,0.000291594769806,7,200,ok,
final_fct,fft,complex64,4608,4,fft_complex64_n4608_b4,0.0986214302247,0.0980659452034,0.000283980043605,7,200,ok,
final_fct,fft,complex64,4608,8,fft_complex64_n4608_b8,0.176136080492,0.175729525966,0.000406554525918,7,112,ok,
final_fct,fft,complex64,4608,16,fft_complex64_n4608_b16,0.333301800614,0.332873632821,0.000428167792658,7,30,ok,
final_fct,fft,complex64,4608,32,fft_complex64_n4608_b32,0.639507364637,0.634383099775,0.00109303509817,7,30,ok,
final_fct,fft,complex64,4608,64,fft_complex64_n4608_b64,1.24892529372,1.24390762358,0.00153116707224,7,24,ok,
final_fct,fft,complex64,4608,256,fft_complex64_n4608_b256,5.03218178637,4.98644639738,0.0123331788927,7,5,ok,
final_fct,fft,complex64,8192,1,fft_complex64_n8192_b1,0.0579894299153,0.0576182350051,0.000238645006903,7,200,ok,
final_fct,fft,complex64,8192,2,fft_complex64_n8192_b2,0.106700664017,0.105836369322,0.00060696682999,7,149,ok,
final_fct,fft,complex64,8192,4,fft_complex64_n8192_b4,0.183497367581,0.182221588089,0.00044679880108,7,109,ok,
final_fct,fft,complex64,8192,8,fft_complex64_n8192_b8,0.334619683328,0.333584422295,0.000918543440077,7,57,ok,
final_fct,fft,complex64,8192,16,fft_complex64_n8192_b16,0.651454300775,0.639819932015,0.00946200064694,7,30,ok,
final_fct,fft,complex64,8192,32,fft_complex64_n8192_b32,1.24985030245,1.24152130245,0.00438513234258,7,23,ok,
final_fct,fft,complex64,8192,64,fft_complex64_n8192_b64,2.48890399764,2.47922055,0.00255654396659,7,11,ok,
final_fct,fft,complex64,8192,256,fft_complex64_n8192_b256,10.5315399899,10.4818910283,0.0317490193993,7,3,ok,
final_fct,fft,complex64,16384,1,fft_complex64_n16384_b1,0.108759763912,0.108189962083,0.000342120963998,7,182,ok,
final_fct,fft,complex64,16384,2,fft_complex64_n16384_b2,0.191989431258,0.190891411073,0.000823588183551,7,102,ok,
final_fct,fft,complex64,16384,4,fft_complex64_n16384_b4,0.356036406528,0.35310686885,0.0014530938912,7,54,ok,
final_fct,fft,complex64,16384,8,fft_complex64_n16384_b8,0.673684132441,0.669490301516,0.00223913230002,7,30,ok,
final_fct,fft,complex64,16384,16,fft_complex64_n16384_b16,1.30493122957,1.30308186106,0.00152286057445,7,22,ok,
final_fct,fft,complex64,16384,32,fft_complex64_n16384_b32,2.60065609208,2.59071037131,0.00994572077285,7,11,ok,
final_fct,fft,complex64,16384,64,fft_complex64_n16384_b64,5.39558159653,5.32250320539,0.0592726049945,7,5,ok,
final_fct,fft,complex64,16384,256,fft_complex64_n16384_b256,23.4480929794,23.083082051,0.361173064448,7,1,ok,
final_fct,fft,complex64,32768,1,fft_complex64_n32768_b1,0.216159811761,0.215833755727,0.000326056033373,7,90,ok,
final_fct,fft,complex64,32768,2,fft_complex64_n32768_b2,0.392488599755,0.391291561536,0.00110146123916,7,50,ok,
final_fct,fft,complex64,32768,4,fft_complex64_n32768_b4,0.727055702979,0.72561466756,0.000728736631572,7,30,ok,
final_fct,fft,complex64,32768,8,fft_complex64_n32768_b8,1.39359928601,1.39229638236,0.000992285398146,7,21,ok,
final_fct,fft,complex64,32768,16,fft_complex64_n32768_b16,2.74019989884,2.73604618851,0.00380109995604,7,10,ok,
final_fct,fft,complex64,32768,32,fft_complex64_n32768_b32,5.54676379543,5.52589679137,0.00764599535614,7,5,ok,
final_fct,fft,complex64,32768,64,fft_complex64_n32768_b64,11.4019406416,11.3834726702,0.0126203134035,7,3,ok,
final_fct,fft,complex64,32768,256,fft_complex64_n32768_b256,48.4514279524,48.2204069849,0.100888079032,7,1,ok,
final_fct,fft,complex64,65536,1,fft_complex64_n65536_b1,0.453409581813,0.452925185781,0.000484396032123,7,43,ok,
final_fct,fft,complex64,65536,2,fft_complex64_n65536_b2,0.857160065789,0.854369536197,0.000605134603878,7,30,ok,
final_fct,fft,complex64,65536,4,fft_complex64_n65536_b4,1.6281613304,1.62639966907,0.00165983025605,7,18,ok,
final_fct,fft,complex64,65536,8,fft_complex64_n65536_b8,3.14787577372,3.13757211229,0.00399634397278,7,9,ok,
final_fct,fft,complex64,65536,16,fft_complex64_n65536_b16,6.27408450237,6.2186885043,0.0553959980607,7,4,ok,
final_fct,fft,complex64,65536,32,fft_complex64_n65536_b32,13.1234520037,13.0604213336,0.0499863332758,7,3,ok,
final_fct,fft,complex64,65536,64,fft_complex64_n65536_b64,27.6016719872,27.459395933,0.0546609517187,7,1,ok,
final_fct,fft,complex64,65536,256,fft_complex64_n65536_b256,108.114600996,107.338221977,0.776379019953,7,1,ok,
final_fct,fft,complex128,64,1,fft_complex128_n64_b1,0.00365439249435,0.00364667800022,5.32995909452e-06,9,2000,ok,
final_fct,fft,complex128,64,2,fft_complex128_n64_b2,0.0042066094837,0.00420011355332,2.97895441903e-06,9,1567,ok,
final_fct,fft,complex128,64,4,fft_complex128_n64_b4,0.00451877998421,0.0044316619751,1.74925080501e-05,9,2000,ok,
final_fct,fft,complex128,64,8,fft_complex128_n64_b8,0.00517097651027,0.00515806750627,4.94951382279e-06,9,2000,ok,
final_fct,fft,complex128,64,16,fft_complex128_n64_b16,0.00633193698013,0.00632025551749,9.80350887403e-06,9,2000,ok,
final_fct,fft,complex128,64,32,fft_complex128_n64_b32,0.00859808762356,0.00855212943318,4.59581903792e-05,9,1553,ok,
final_fct,fft,complex128,64,64,fft_complex128_n64_b64,0.0131818645894,0.0131486568136,1.3208755419e-05,9,1049,ok,
final_fct,fft,complex128,64,256,fft_complex128_n64_b256,0.0411786197219,0.0409580097767,0.000105499639176,7,200,ok,
final_fct,fft,complex128,256,1,fft_complex128_n256_b1,0.00474264080927,0.00473110203013,7.15337838067e-06,9,1832,ok,
final_fct,fft,complex128,256,2,fft_complex128_n256_b2,0.00595333951129,0.005941737156,9.80237922715e-06,9,1670,ok,
final_fct,fft,complex128,256,4,fft_complex128_n256_b4,0.00751984427191,0.00751401192385,5.83234805912e-06,9,1759,ok,
final_fct,fft,complex128,256,8,fft_complex128_n256_b8,0.0105089783471,0.0104669141806,1.73887065173e-05,9,1294,ok,
final_fct,fft,complex128,256,16,fft_complex128_n256_b16,0.0165621800732,0.0165247681605,1.35905985885e-05,9,850,ok,
final_fct,fft,complex128,256,32,fft_complex128_n256_b32,0.0289814651478,0.0288816296961,4.26301266998e-05,9,200,ok,
final_fct,fft,complex128,256,64,fft_complex128_n256_b64,0.0533359497786,0.053092445014,0.000151635031216,9,200,ok,
final_fct,fft,complex128,256,256,fft_complex128_n256_b256,0.196868235328,0.196268107496,0.000491029555526,7,102,ok,
final_fct,fft,complex128,1024,1,fft_complex128_n1024_b1,0.00889592464613,0.00886721328938,2.30119279449e-05,9,1088,ok,
final_fct,fft,complex128,1024,2,fft_complex128_n1024_b2,0.0156212845638,0.0155799308153,1.31264409657e-05,9,854,ok,
final_fct,fft,complex128,1024,4,fft_complex128_n1024_b4,0.0232280904217,0.0231998612083,2.30096761257e-05,9,620,ok,
final_fct,fft,complex128,1024,8,fft_complex128_n1024_b8,0.03857365984,0.0385084899608,2.34448816627e-05,9,200,ok,
final_fct,fft,complex128,1024,16,fft_complex128_n1024_b16,0.0688909151359,0.0688409252325,2.67999712378e-05,9,200,ok,
final_fct,fft,complex128,1024,32,fft_complex128_n1024_b32,0.129047952288,0.128969645958,7.83063306594e-05,9,147,ok,
final_fct,fft,complex128,1024,64,fft_complex128_n1024_b64,0.24883121223,0.248469025246,0.000140775227919,9,80,ok,
final_fct,fft,complex128,1024,256,fft_complex128_n1024_b256,1.01400633187,1.01229180194,0.000905699562281,7,30,ok,
final_fct,fft,complex128,2048,1,fft_complex128_n2048_b1,0.0157553456304,0.01570792718,2.46589185099e-05,9,865,ok,
final_fct,fft,complex128,2048,2,fft_complex128_n2048_b2,0.0323389820339,0.0323041872041,1.73784417646e-05,9,497,ok,
final_fct,fft,complex128,2048,4,fft_complex128_n2048_b4,0.0516133848578,0.0514606997604,5.38950553164e-05,9,200,ok,
final_fct,fft,complex128,2048,8,fft_complex128_n2048_b8,0.0832799100317,0.0830618047621,8.00000270829e-05,9,200,ok,
final_fct,fft,complex128,2048,16,fft_complex128_n2048_b16,0.153497122945,0.153221684293,0.000116761881285,9,130,ok,
final_fct,fft,complex128,2048,32,fft_complex128_n2048_b32,0.295007705812,0.294305206112,0.000702499699615,9,68,ok,
final_fct,fft,complex128,2048,64,fft_complex128_n2048_b64,0.578213331755,0.574680732097,0.00157023314387,9,30,ok,
final_fct,fft,complex128,2048,256,fft_complex128_n2048_b256,2.2670323065,2.23813531025,0.0130366175794,7,13,ok,
final_fct,fft,complex128,3072,1,fft_complex128_n3072_b1,0.0212950680285,0.0211258571703,2.187915102e-05,9,588,ok,
final_fct,fft,complex128,3072,2,fft_complex128_n3072_b2,0.0424067600397,0.0421615550295,8.06502066553e-05,9,200,ok,
final_fct,fft,complex128,3072,4,fft_complex128_n3072_b4,0.0707749801222,0.070548109943,4.49299113825e-05,9,200,ok,
final_fct,fft,complex128,3072,8,fft_complex128_n3072_b8,0.127071798205,0.126655825093,8.03500063137e-05,9,154,ok,
final_fct,fft,complex128,3072,16,fft_complex128_n3072_b16,0.243093132558,0.242653638068,0.000411734344011,9,83,ok,
final_fct,fft,complex128,3072,32,fft_complex128_n3072_b32,0.474139202076,0.461822201032,0.0123170010435,9,30,ok,
final_fct,fft,complex128,3072,64,fft_complex128_n3072_b64,0.90958183088,0.908755332542,0.00039073638618,9,30,ok,
final_fct,fft,complex128,3072,256,fft_complex128_n3072_b256,3.95902700257,3.94561199937,0.00789914546268,7,7,ok,
final_fct,fft,complex128,3584,1,fft_complex128_n3584_b1,0.0240719519805,0.0239889620303,8.28881738726e-05,9,501,ok,
final_fct,fft,complex128,3584,2,fft_complex128_n3584_b2,0.0492810847936,0.0489459600067,0.000139509793371,9,200,ok,
final_fct,fft,complex128,3584,4,fft_complex128_n3584_b4,0.0819304946344,0.0816396047594,9.07696085051e-05,9,200,ok,
final_fct,fft,complex128,3584,8,fft_complex128_n3584_b8,0.147862413931,0.146506814885,0.000492493355913,9,140,ok,
final_fct,fft,complex128,3584,16,fft_complex128_n3584_b16,0.275448040181,0.268621662808,0.000580539612251,9,74,ok,
final_fct,fft,complex128,3584,32,fft_complex128_n3584_b32,0.52977730132,0.528523298757,0.000809532745431,9,30,ok,
final_fct,fft,complex128,3584,64,fft_complex128_n3584_b64,1.03140124702,1.03036325059,0.00103799642862,9,28,ok,
final_fct,fft,complex128,3584,256,fft_complex128_n3584_b256,4.41590372273,4.3258185698,0.0503768678755,7,7,ok,
final_fct,fft,complex128,4095,1,fft_complex128_n4095_b1,0.0397435490329,0.039330136462,0.000126231517035,9,337,ok,
final_fct,fft,complex128,4095,2,fft_complex128_n4095_b2,0.0700852950104,0.0698020204436,0.000283080153167,9,200,ok,
final_fct,fft,complex128,4095,4,fft_complex128_n4095_b4,0.128282729026,0.127555181332,0.000150993676676,9,155,ok,
final_fct,fft,complex128,4095,8,fft_complex128_n4095_b8,0.245026866793,0.243305939766,0.000593868218901,9,83,ok,
final_fct,fft,complex128,4095,16,fft_complex128_n4095_b16,0.478683706805,0.476359903653,0.00110300110153,9,41,ok,
final_fct,fft,complex128,4095,32,fft_complex128_n4095_b32,0.944533400858,0.939330334465,0.00219310168177,9,30,ok,
final_fct,fft,complex128,4095,64,fft_complex128_n4095_b64,1.82329956442,1.81486381189,0.00624349922873,9,16,ok,
final_fct,fft,complex128,4095,256,fft_complex128_n4095_b256,7.84024968743,7.74435733911,0.0958923483267,7,3,ok,
final_fct,fft,complex128,4096,1,fft_complex128_n4096_b1,0.0301641255264,0.0298071368789,0.000191566196258,9,438,ok,
final_fct,fft,complex128,4096,2,fft_complex128_n4096_b2,0.0543680752162,0.0540152197937,0.000236394698732,9,200,ok,
final_fct,fft,complex128,4096,4,fft_complex128_n4096_b4,0.091971224756,0.0912112550577,0.000350355403498,9,200,ok,
final_fct,fft,complex128,4096,8,fft_complex128_n4096_b8,0.166402821246,0.164887769363,0.00070353758991,9,117,ok,
final_fct,fft,complex128,4096,16,fft_complex128_n4096_b16,0.314107843224,0.313011123581,0.000917953002499,9,64,ok,
final_fct,fft,complex128,4096,32,fft_complex128_n4096_b32,0.612153966601,0.610257467876,0.000868597999215,9,30,ok,
final_fct,fft,complex128,4096,64,fft_complex128_n4096_b64,1.19221787221,1.17526791776,0.00748020344569,9,24,ok,
final_fct,fft,complex128,4096,256,fft_complex128_n4096_b256,5.30922116013,5.13609149493,0.0934060080908,7,6,ok,
final_fct,fft,complex128,4097,1,fft_complex128_n4097_b1,0.115169173417,0.113963468552,0.000554302212909,7,162,ok,
final_fct,fft,complex128,4097,2,fft_complex128_n4097_b2,0.189796310524,0.188293602336,0.000421270881825,7,103,ok,
final_fct,fft,complex128,4097,4,fft_complex128_n4097_b4,0.362116454,0.358354162679,0.00346081797034,7,55,ok,
final_fct,fft,complex128,4097,8,fft_complex128_n4097_b8,0.704361142458,0.700123608112,0.00126310624182,7,28,ok,
final_fct,fft,complex128,4097,16,fft_complex128_n4097_b16,1.38869352217,1.37492400106,0.00254666277518,7,21,ok,
final_fct,fft,complex128,4097,32,fft_complex128_n4097_b32,2.74004070088,2.726767899,0.00549519900233,7,10,ok,
final_fct,fft,complex128,4097,64,fft_complex128_n4097_b64,5.41328859981,5.36299899686,0.0148496124893,7,5,ok,
final_fct,fft,complex128,4097,256,fft_complex128_n4097_b256,22.1485780785,22.1400229493,0.00855512917042,7,1,ok,
final_fct,fft,complex128,4608,1,fft_complex128_n4608_b1,0.030182004557,0.0300888798665,4.76854620501e-05,7,200,ok,
final_fct,fft,complex128,4608,2,fft_complex128_n4608_b2,0.0650095252786,0.064924765029,5.93648292124e-05,7,200,ok,
final_fct,fft,complex128,4608,4,fft_complex128_n4608_b4,0.111210255206,0.111066744218,7.62732022188e-05,7,176,ok,
final_fct,fft,complex128,4608,8,fft_complex128_n4608_b8,0.203764417722,0.203581623096,0.000100490180966,7,98,ok,
final_fct,fft,complex128,4608,16,fft_complex128_n4608_b16,0.387799464321,0.387116866962,0.000441497347007,7,30,ok,
final_fct,fft,complex128,4608,32,fft_complex128_n4608_b32,0.756785801301,0.755242266071,0.000871632558604,7,30,ok,
final_fct,fft,complex128,4608,64,fft_complex128_n4608_b64,1.50447515189,1.50308054872,0.00139460316859,7,20,ok,
final_fct,fft,complex128,4608,256,fft_complex128_n4608_b256,6.43640540075,6.40275240876,0.015559210442,7,5,ok,
final_fct,fft,complex128,8192,1,fft_complex128_n8192_b1,0.061658975319,0.061605629744,5.33455749974e-05,7,200,ok,
final_fct,fft,complex128,8192,2,fft_complex128_n8192_b2,0.117786458716,0.117398297464,3.27979380797e-05,7,168,ok,
final_fct,fft,complex128,8192,4,fft_complex128_n8192_b4,0.208173021826,0.20766839051,0.000304685470284,7,92,ok,
final_fct,fft,complex128,8192,8,fft_complex128_n8192_b8,0.391529798508,0.390889220871,0.000478501897305,7,50,ok,
final_fct,fft,complex128,8192,16,fft_complex128_n8192_b16,0.756471530379,0.754773034714,0.00158559608584,7,30,ok,
final_fct,fft,complex128,8192,32,fft_complex128_n8192_b32,1.48011170095,1.47755844519,0.000756897497922,7,20,ok,
final_fct,fft,complex128,8192,64,fft_complex128_n8192_b64,3.00568819512,2.99346339889,0.0111767905764,7,10,ok,
final_fct,fft,complex128,8192,256,fft_complex128_n8192_b256,14.2321354942,14.2042134539,0.0183340162039,7,2,ok,
final_fct,fft,complex128,16384,1,fft_complex128_n16384_b1,0.182960684797,0.182562648226,0.000296775167724,7,111,ok,
final_fct,fft,complex128,16384,2,fft_complex128_n16384_b2,0.3723927881,0.371572017544,0.000794174131722,7,52,ok,
final_fct,fft,complex128,16384,4,fft_complex128_n16384_b4,0.738291742487,0.736556666972,0.00034988840559,7,27,ok,
final_fct,fft,complex128,16384,8,fft_complex128_n16384_b8,1.45574724884,1.45535600022,0.000190403079614,7,20,ok,
final_fct,fft,complex128,16384,16,fft_complex128_n16384_b16,2.909133106,2.90001200046,0.00311279436573,7,10,ok,
final_fct,fft,complex128,16384,32,fft_complex128_n16384_b32,5.91789199971,5.85880777799,0.027343002148,7,5,ok,
final_fct,fft,complex128,16384,64,fft_complex128_n16384_b64,12.5622000196,12.212592992,0.16447697999,7,2,ok,
final_fct,fft,complex128,16384,256,fft_complex128_n16384_b256,51.7093460076,51.2300210539,0.280171982013,7,1,ok,
final_fct,fft,complex128,32768,1,fft_complex128_n32768_b1,0.420228850612,0.415662021198,0.00207642578777,7,47,ok,
final_fct,fft,complex128,32768,2,fft_complex128_n32768_b2,0.871647392278,0.862160130687,0.00525852564074,7,23,ok,
final_fct,fft,complex128,32768,4,fft_complex128_n32768_b4,1.74294447061,1.734537004,0.00840746660662,7,17,ok,
final_fct,fft,complex128,32768,8,fft_complex128_n32768_b8,3.45059963001,3.44089663122,0.0074312556535,7,8,ok,
final_fct,fft,complex128,32768,16,fft_complex128_n32768_b16,7.07429726026,7.04881999991,0.0134402362164,7,4,ok,
final_fct,fft,complex128,32768,32,fft_complex128_n32768_b32,14.8523174576,14.7615334718,0.0650914735161,7,2,ok,
final_fct,fft,complex128,32768,64,fft_complex128_n32768_b64,30.9405199951,30.8621650329,0.0783549621701,7,1,ok,
final_fct,fft,complex128,32768,256,fft_complex128_n32768_b256,120.585125056,120.140475919,0.0874829711393,7,1,ok,
final_fct,fft,complex128,65536,1,fft_complex128_n65536_b1,0.882841503798,0.881168864329,0.00128149986267,7,22,ok,
final_fct,fft,complex128,65536,2,fft_complex128_n65536_b2,1.8679471832,1.86412943731,0.0027245041565,7,16,ok,
final_fct,fft,complex128,65536,4,fft_complex128_n65536_b4,3.75447415614,3.75023771942,0.00237300992012,7,7,ok,
final_fct,fft,complex128,65536,8,fft_complex128_n65536_b8,7.74141831789,7.644154015,0.041040009819,7,3,ok,
final_fct,fft,complex128,65536,16,fft_complex128_n65536_b16,16.3332700031,16.1427849671,0.121497083455,7,1,ok,
final_fct,fft,complex128,65536,32,fft_complex128_n65536_b32,33.8811060647,33.7016220437,0.179484020919,7,1,ok,
final_fct,fft,complex128,65536,64,fft_complex128_n65536_b64,68.4315509861,67.3763029044,0.160018098541,7,1,ok,
final_fct,fft,complex128,65536,256,fft_complex128_n65536_b256,433.13344405,272.05361391,29.2427228997,7,1,ok,
final_fct,ifft,complex64,64,1,ifft_complex64_n64_b1,0.004384772595,0.00431175245318,5.00779759797e-05,9,1297,ok,
final_fct,ifft,complex64,64,2,ifft_complex64_n64_b2,0.00527018027749,0.00518763717831,1.80536469e-05,9,1808,ok,
final_fct,ifft,complex64,64,4,ifft_complex64_n64_b4,0.00575873566771,0.00568175872154,4.86134126448e-05,9,1604,ok,
final_fct,ifft,complex64,64,8,ifft_complex64_n64_b8,0.00661624242263,0.0064104578065,0.000167186791942,9,1885,ok,
final_fct,ifft,complex64,64,16,ifft_complex64_n64_b16,0.00811403081378,0.00808466621924,1.86131870119e-05,9,1492,ok,
final_fct,ifft,complex64,64,32,ifft_complex64_n64_b32,0.0111302833948,0.0110338737806,3.52043535633e-05,9,1228,ok,
final_fct,ifft,complex64,64,64,ifft_complex64_n64_b64,0.0172204234281,0.0170744834992,0.00013204532558,9,817,ok,
final_fct,ifft,complex64,64,256,ifft_complex64_n64_b256,0.0533645000542,0.0532204849878,0.000144015066326,7,200,ok,
final_fct,ifft,complex64,256,1,ifft_complex64_n256_b1,0.00579113248365,0.00572246987341,3.48017258654e-05,9,1064,ok,
final_fct,ifft,complex64,256,2,ifft_complex64_n256_b2,0.00724186372311,0.00721340228335,2.6062146656e-05,9,1658,ok,
final_fct,ifft,complex64,256,4,ifft_complex64_n256_b4,0.00888608262917,0.00880164295236,3.0470211917e-05,9,1476,ok,
final_fct,ifft,complex64,256,8,ifft_complex64_n256_b8,0.0123579816532,0.0122232743359,4.14831825569e-05,9,1039,ok,
final_fct,ifft,complex64,256,16,ifft_complex64_n256_b16,0.0191505119365,0.0190604395774,7.42167859608e-06,9,721,ok,
final_fct,ifft,complex64,256,32,ifft_complex64_n256_b32,0.0323705899063,0.0321569450898,8.19546403363e-05,9,200,ok,
final_fct,ifft,complex64,256,64,ifft_complex64_n256_b64,0.0591841596179,0.0587519549299,0.000297955120914,9,200,ok,
final_fct,ifft,complex64,256,256,ifft_complex64_n256_b256,0.218007774536,0.217139833174,0.000571298490589,7,84,ok,
final_fct,ifft,complex64,1024,1,ifft_complex64_n1024_b1,0.0103413973071,0.0103099357466,3.1461560546e-05,9,1183,ok,
final_fct,ifft,complex64,1024,2,ifft_complex64_n1024_b2,0.0181873756498,0.0181439321812,2.12402056671e-05,9,708,ok,
final_fct,ifft,complex64,1024,4,ifft_complex64_n1024_b4,0.0243938304838,0.024303539727,2.17890005984e-05,9,578,ok,
final_fct,ifft,complex64,1024,8,ifft_complex64_n1024_b8,0.0394959800178,0.0393611798063,7.01798126101e-05,9,200,ok,
final_fct,ifft,complex64,1024,16,ifft_complex64_n1024_b16,0.0702891749097,0.070119809825,0.000110504915938,9,200,ok,
final_fct,ifft,complex64,1024,32,ifft_complex64_n1024_b32,0.130140210355,0.129944650995,0.000135243202462,9,152,ok,
final_fct,ifft,complex64,1024,64,ifft_complex64_n1024_b64,0.250758571466,0.250147558845,0.000424039030036,9,77,ok,
final_fct,ifft,complex64,1024,256,ifft_complex64_n1024_b256,0.9718370003,0.968050265995,0.00113313241551,7,30,ok,
final_fct,ifft,complex64,2048,1,ifft_complex64_n2048_b1,0.016317283122,0.0162392294205,2.87755917674e-05,9,798,ok,
final_fct,ifft,complex64,2048,2,ifft_complex64_n2048_b2,0.0314248979769,0.0313874014019,3.4121821269e-05,9,451,ok,
final_fct,ifft,complex64,2048,4,ifft_complex64_n2048_b4,0.0513617153047,0.0511594902491,9.72294947132e-05,9,200,ok,
final_fct,ifft,complex64,2048,8,ifft_complex64_n2048_b8,0.0783070345642,0.0780004600529,5.23997005075e-05,9,200,ok,
final_fct,ifft,complex64,2048,16,ifft_complex64_n2048_b16,0.143366870032,0.143146246969,0.00011086197354,9,138,ok,
final_fct,ifft,complex64,2048,32,ifft_complex64_n2048_b32,0.272183459149,0.271000000389,0.000320598095035,9,72,ok,
final_fct,ifft,complex64,2048,64,ifft_complex64_n2048_b64,0.53043186587,0.526143199143,0.00106130028144,9,30,ok,
final_fct,ifft,complex64,2048,256,ifft_complex64_n2048_b256,2.06489856854,2.05796700071,0.0069315678307,7,14,ok,
final_fct,ifft,complex64,3072,1,ifft_complex64_n3072_b1,0.0236712650766,0.0235379671119,4.10294402358e-05,9,577,ok,
final_fct,ifft,complex64,3072,2,ifft_complex64_n3072_b2,0.046383679728,0.0461349647958,0.000102289486676,9,200,ok,
final_fct,ifft,complex64,3072,4,ifft_complex64_n3072_b4,0.0670084048761,0.0664155499544,6.66250707582e-05,9,200,ok,
final_fct,ifft,complex64,3072,8,ifft_complex64_n3072_b8,0.118004619515,0.117526858891,8.16871314967e-05,9,163,ok,
final_fct,ifft,complex64,3072,16,ifft_complex64_n3072_b16,0.218480439079,0.218139472673,0.000263790722814,9,91,ok,
final_fct,ifft,complex64,3072,32,ifft_complex64_n3072_b32,0.418506066004,0.415917233719,0.000749400351197,9,30,ok,
final_fct,ifft,complex64,3072,64,ifft_complex64_n3072_b64,0.820958866583,0.816372296928,0.00140460130448,9,30,ok,
final_fct,ifft,complex64,3072,256,ifft_complex64_n3072_b256,3.23134144613,3.20886511407,0.00570288911048,7,9,ok,
final_fct,ifft,complex64,3584,1,ifft_complex64_n3584_b1,0.0260129884387,0.0258839402634,3.00000045592e-05,9,520,ok,
final_fct,ifft,complex64,3584,2,ifft_complex64_n3584_b2,0.0528628699249,0.0524911750108,0.000371694914065,9,200,ok,
final_fct,ifft,complex64,3584,4,ifft_complex64_n3584_b4,0.0766528997337,0.075510215247,0.000821235007606,9,200,ok,
final_fct,ifft,complex64,3584,8,ifft_complex64_n3584_b8,0.13709831371,0.136135430687,0.000367766198614,9,137,ok,
final_fct,ifft,complex64,3584,16,ifft_complex64_n3584_b16,0.256106592899,0.25334908002,0.00186769849327,9,76,ok,
final_fct,ifft,complex64,3584,32,ifft_complex64_n3584_b32,0.491845530147,0.486789802865,0.00114109522353,9,30,ok,
final_fct,ifft,complex64,3584,64,ifft_complex64_n3584_b64,0.951934532107,0.94789499805,0.00403953405718,9,30,ok,
final_fct,ifft,complex64,3584,256,ifft_complex64_n3584_b256,3.71071750124,3.69097675139,0.000995496520773,7,8,ok,
final_fct,ifft,complex64,4095,1,ifft_complex64_n4095_b1,0.0475681597544,0.0473161257303,0.000130445347959,9,294,ok,
final_fct,ifft,complex64,4095,2,ifft_complex64_n4095_b2,0.129011780373,0.128872065106,7.59342219681e-05,9,200,ok,
final_fct,ifft,complex64,4095,4,ifft_complex64_n4095_b4,0.0997726805508,0.0993940746412,0.000169065315276,9,200,ok,
final_fct,ifft,complex64,4095,8,ifft_complex64_n4095_b8,0.186383121464,0.185961504336,0.000313579357255,9,107,ok,
final_fct,ifft,complex64,4095,16,ifft_complex64_n4095_b16,0.356406889941,0.355671509169,0.000402217053554,9,55,ok,
final_fct,ifft,complex64,4095,32,ifft_complex64_n4095_b32,0.699944433291,0.695033301599,0.00161200296134,9,30,ok,
final_fct,ifft,complex64,4095,64,ifft_complex64_n4095_b64,1.38459776506,1.38052304586,0.00197033486551,9,21,ok,
final_fct,ifft,complex64,4095,256,ifft_complex64_n4095_b256,5.57010718621,5.54683578666,0.0153867760673,7,5,ok,
final_fct,ifft,complex64,4096,1,ifft_complex64_n4096_b1,0.029087485433,0.0290096444713,5.36802247733e-05,9,447,ok,
final_fct,ifft,complex64,4096,2,ifft_complex64_n4096_b2,0.0598464452196,0.0596321950434,0.000119725009426,9,200,ok,
final_fct,ifft,complex64,4096,4,ifft_complex64_n4096_b4,0.0859103153925,0.0858655350748,2.78506195173e-05,9,200,ok,
final_fct,ifft,complex64,4096,8,ifft_complex64_n4096_b8,0.151823384938,0.150746299634,0.000149892786374,9,130,ok,
final_fct,ifft,complex64,4096,16,ifft_complex64_n4096_b16,0.284117456925,0.283527642023,0.000176613684744,9,70,ok,
final_fct,ifft,complex64,4096,32,ifft_complex64_n4096_b32,0.551710898678,0.550460233353,0.000862633654227,9,30,ok,
final_fct,ifft,complex64,4096,64,ifft_complex64_n4096_b64,1.07645485291,1.0714020399,0.00206274152906,9,27,ok,
final_fct,ifft,complex64,4096,256,ifft_complex64_n4096_b256,4.26333515982,4.25725366222,0.00319416479518,7,6,ok,
final_fct,ifft,complex64,4097,1,ifft_complex64_n4097_b1,0.14301619573,0.142833450809,0.000175963071896,7,133,ok,
final_fct,ifft,complex64,4097,2,ifft_complex64_n4097_b2,0.280740944112,0.278362777964,0.00102093003483,7,72,ok,
final_fct,ifft,complex64,4097,4,ifft_complex64_n4097_b4,0.215189261919,0.214909402016,0.000182086217177,7,92,ok,
final_fct,ifft,complex64,4097,8,ifft_complex64_n4097_b8,0.413424999958,0.412703874948,0.00072112500978,7,48,ok,
final_fct,ifft,complex64,4097,16,ifft_complex64_n4097_b16,0.808884669095,0.803090197345,0.00155423379814,7,30,ok,
final_fct,ifft,complex64,4097,32,ifft_complex64_n4097_b32,1.61717855372,1.61207683333,0.00510172038856,7,18,ok,
final_fct,ifft,complex64,4097,64,ifft_complex64_n4097_b64,3.22614400648,3.21510677329,0.00404190116872,7,9,ok,
final_fct,ifft,complex64,4097,256,ifft_complex64_n4097_b256,12.7867943374,12.7370180174,0.0313153335204,7,3,ok,
final_fct,ifft,complex64,4608,1,ifft_complex64_n4608_b1,0.0331432302482,0.0330087251496,5.34998252988e-05,7,200,ok,
final_fct,ifft,complex64,4608,2,ifft_complex64_n4608_b2,0.0682326901006,0.0676184898475,0.000208935234696,7,200,ok,
final_fct,ifft,complex64,4608,4,ifft_complex64_n4608_b4,0.101220770264,0.101048510037,0.000103969573594,7,196,ok,
final_fct,ifft,complex64,4608,8,ifft_complex64_n4608_b8,0.180489367617,0.179990000356,8.34601734756e-05,7,109,ok,
final_fct,ifft,complex64,4608,16,ifft_complex64_n4608_b16,0.341347131568,0.340981467161,0.000295198212067,7,30,ok,
final_fct,ifft,complex64,4608,32,ifft_complex64_n4608_b32,0.656945200171,0.655721601409,0.000551032523314,7,30,ok,
final_fct,ifft,complex64,4608,64,ifft_complex64_n4608_b64,1.28999173783,1.28425843508,0.000839825193195,7,23,ok,
final_fct,ifft,complex64,4608,256,ifft_complex64_n4608_b256,5.12844920158,5.12100940105,0.00651199370623,7,5,ok,
final_fct,ifft,complex64,8192,1,ifft_complex64_n8192_b1,0.0557513552485,0.0557171949185,3.41603299603e-05,7,200,ok,
final_fct,ifft,complex64,8192,2,ifft_complex64_n8192_b2,0.108427830362,0.108093578826,9.52045863483e-05,7,171,ok,
final_fct,ifft,complex64,8192,4,ifft_complex64_n8192_b4,0.18516506491,0.184801332782,0.000191463321378,7,108,ok,
final_fct,ifft,complex64,8192,8,ifft_complex64_n8192_b8,0.338970614074,0.338784982695,0.000185631378962,7,57,ok,
final_fct,ifft,complex64,8192,16,ifft_complex64_n8192_b16,0.647379364818,0.64596576849,0.00104530093571,7,30,ok,
final_fct,ifft,complex64,8192,32,ifft_complex64_n8192_b32,1.26687599771,1.26412912758,0.00167525697338,7,23,ok,
final_fct,ifft,complex64,8192,64,ifft_complex64_n8192_b64,2.50305399426,2.49425763137,0.00414218414914,7,11,ok,
final_fct,ifft,complex64,8192,256,ifft_complex64_n8192_b256,10.4620706988,10.4234753332,0.0267196446657,7,3,ok,
final_fct,ifft,complex64,16384,1,ifft_complex64_n16384_b1,0.108635883468,0.108487999791,7.47502781451e-05,7,180,ok,
final_fct,ifft,complex64,16384,2,ifft_complex64_n16384_b2,0.192200060701,0.191136969952,0.00055092968978,7,100,ok,
final_fct,ifft,complex64,16384,4,ifft_complex64_n16384_b4,0.351300001577,0.350393839264,0.000559088740764,7,56,ok,
final_fct,ifft,complex64,16384,8,ifft_complex64_n16384_b8,0.667133566458,0.666099297814,0.000405400836219,7,30,ok,
final_fct,ifft,complex64,16384,16,ifft_complex64_n16384_b16,1.3075947698,1.30464245608,0.00191353981129,7,22,ok,
final_fct,ifft,complex64,16384,32,ifft_complex64_n16384_b32,2.58309519003,2.58207155011,0.000898916782303,7,11,ok,
final_fct,ifft,complex64,16384,64,ifft_complex64_n16384_b64,5.22774660494,5.20399219822,0.0237544067204,7,5,ok,
final_fct,ifft,complex64,16384,256,ifft_complex64_n16384_b256,23.7895100145,23.5135350376,0.0400649150833,7,1,ok,
final_fct,ifft,complex64,32768,1,ifft_complex64_n32768_b1,0.219814840503,0.219198352583,0.000406317254105,7,88,ok,
final_fct,ifft,complex64,32768,2,ifft_complex64_n32768_b2,0.397451859899,0.39546896005,0.000732159242034,7,50,ok,
final_fct,ifft,complex64,32768,4,ifft_complex64_n32768_b4,0.736706331372,0.735147099476,0.000426134405037,7,30,ok,
final_fct,ifft,complex64,32768,8,ifft_complex64_n32768_b8,1.39969881136,1.39389514169,0.000676955096424,7,21,ok,
final_fct,ifft,complex64,32768,16,ifft_complex64_n32768_b16,2.7667635004,2.72496140096,0.0082373037003,7,10,ok,
final_fct,ifft,complex64,32768,32,ifft_complex64_n32768_b32,5.6454898091,5.62933960464,0.00484301708639,7,5,ok,
final_fct,ifft,complex64,32768,64,ifft_complex64_n32768_b64,11.8810809993,11.6127940128,0.183121999726,7,3,ok,
final_fct,ifft,complex64,32768,256,ifft_complex64_n32768_b256,51.1072319932,50.3137819469,0.0895269913599,7,1,ok,
final_fct,ifft,complex64,65536,1,ifft_complex64_n65536_b1,0.462216571794,0.460071381115,0.00195219070606,7,42,ok,
final_fct,ifft,complex64,65536,2,ifft_complex64_n65536_b2,0.866161868908,0.864406931214,0.000939727760851,7,30,ok,
final_fct,ifft,complex64,65536,4,ifft_complex64_n65536_b4,1.64925670662,1.6451078289,0.00262141282506,7,17,ok,
final_fct,ifft,complex64,65536,8,ifft_complex64_n65536_b8,3.20633822897,3.19449500077,0.0067971025904,7,9,ok,
final_fct,ifft,complex64,65536,16,ifft_complex64_n65536_b16,6.46812649211,6.41110999277,0.0526030198671,7,4,ok,
final_fct,ifft,complex64,65536,32,ifft_complex64_n65536_b32,13.2751016645,13.1161116684,0.0240346804882,7,3,ok,
final_fct,ifft,complex64,65536,64,ifft_complex64_n65536_b64,27.9040361056,27.6284610154,0.120214070193,7,1,ok,
final_fct,ifft,complex64,65536,256,ifft_complex64_n65536_b256,107.378919027,106.809305958,0.381081015803,7,1,ok,
final_fct,ifft,complex128,64,1,ifft_complex128_n64_b1,0.00456235906149,0.00454590163578,1.21320873124e-05,9,1749,ok,
final_fct,ifft,complex128,64,2,ifft_complex128_n64_b2,0.00530096399598,0.00521893100813,2.26375414059e-05,9,2000,ok,
final_fct,ifft,complex128,64,4,ifft_complex128_n64_b4,0.00555655598873,0.00553083303384,1.63104850799e-05,9,2000,ok,
final_fct,ifft,complex128,64,8,ifft_complex128_n64_b8,0.00631419958226,0.00626558343572,2.06479314665e-05,9,1954,ok,
final_fct,ifft,complex128,64,16,ifft_complex128_n64_b16,0.00765732219187,0.0075675901509,5.26163219152e-05,9,1676,ok,
final_fct,ifft,complex128,64,32,ifft_complex128_n64_b32,0.0101495671515,0.010137661684,1.19054675451e-05,9,1280,ok,
final_fct,ifft,complex128,64,64,ifft_complex128_n64_b64,0.0153221819416,0.0152309721573,5.19067751008e-05,9,934,ok,
final_fct,ifft,complex128,64,256,ifft_complex128_n64_b256,0.0464176450623,0.0461191899376,0.000111359986477,7,200,ok,
final_fct,ifft,complex128,256,1,ifft_complex128_n256_b1,0.00576542407487,0.00575732519977,6.77119454447e-06,9,1962,ok,
final_fct,ifft,complex128,256,2,ifft_complex128_n256_b2,0.00720397002486,0.00714386340709,2.67129952666e-05,9,1603,ok,
final_fct,ifft,complex128,256,4,ifft_complex128_n256_b4,0.00884383988275,0.00883120520963,1.04014352269e-05,9,1467,ok,
final_fct,ifft,complex128,256,8,ifft_complex128_n256_b8,0.0122645751463,0.0122505040197,8.53567663054e-06,9,885,ok,
final_fct,ifft,complex128,256,16,ifft_complex128_n256_b16,0.0187026793199,0.0185739350758,3.00292937171e-05,9,755,ok,
final_fct,ifft,complex128,256,32,ifft_complex128_n256_b32,0.0318794703344,0.0315425399458,0.000131445121951,9,200,ok,
final_fct,ifft,complex128,256,64,ifft_complex128_n256_b64,0.0578495697118,0.0573304499267,0.000356864766218,9,200,ok,
final_fct,ifft,complex128,256,256,ifft_complex128_n256_b256,0.212331578185,0.210948368093,0.000380401156451,7,95,ok,
final_fct,ifft,complex128,1024,1,ifft_complex128_n1024_b1,0.0102307217774,0.0101782482479,2.13770051966e-05,9,1204,ok,
final_fct,ifft,complex128,1024,2,ifft_complex128_n1024_b2,0.0169413050753,0.0168180248875,5.45775401406e-05,9,800,ok,
final_fct,ifft,complex128,1024,4,ifft_complex128_n1024_b4,0.0250302045729,0.0248637920528,3.32362664045e-05,9,567,ok,
final_fct,ifft,complex128,1024,8,ifft_complex128_n1024_b8,0.0414711196208,0.0413878099062,2.09896825254e-05,9,200,ok,
final_fct,ifft,complex128,1024,16,ifft_complex128_n1024_b16,0.0736810005037,0.0736103201052,4.02290606871e-05,9,200,ok,
final_fct,ifft,complex128,1024,32,ifft_complex128_n1024_b32,0.137581972502,0.137400530793,0.000141503225113,9,145,ok,
final_fct,ifft,complex128,1024,64,ifft_complex128_n1024_b64,0.265093746906,0.264284239771,0.000405545967321,9,75,ok,
final_fct,ifft,complex128,1024,256,ifft_complex128_n1024_b256,1.07855350195,1.0772467857,0.00020646257326,7,28,ok,
final_fct,ifft,complex128,2048,1,ifft_complex128_n2048_b1,0.017083890645,0.0170207103868,3.29188669299e-05,9,777,ok,
final_fct,ifft,complex128,2048,2,ifft_complex128_n2048_b2,0.0364077657041,0.0362860745011,4.61926826437e-05,9,457,ok,
final_fct,ifft,complex128,2048,4,ifft_complex128_n2048_b4,0.0542936899001,0.0541581294965,5.17949229106e-05,9,200,ok,
final_fct,ifft,complex128,2048,8,ifft_complex128_n2048_b8,0.0875729747349,0.0873768550809,2.9859947972e-05,9,200,ok,
final_fct,ifft,complex128,2048,16,ifft_complex128_n2048_b16,0.160787290248,0.160658992113,4.3862288998e-05,9,124,ok,
final_fct,ifft,complex128,2048,32,ifft_complex128_n2048_b32,0.314852600702,0.313280277456,0.000234585828506,9,65,ok,
final_fct,ifft,complex128,2048,64,ifft_complex128_n2048_b64,0.60230330176,0.600589431512,0.000393394536028,9,30,ok,
final_fct,ifft,complex128,2048,256,ifft_complex128_n2048_b256,2.41942274927,2.40421350463,0.00501933391206,7,12,ok,
final_fct,ifft,complex128,3072,1,ifft_complex128_n3072_b1,0.0230770157814,0.0230344279931,3.98279282085e-05,9,570,ok,
final_fct,ifft,complex128,3072,2,ifft_complex128_n3072_b2,0.0447017903207,0.0445315247634,0.000101690529846,9,200,ok,
final_fct,ifft,complex128,3072,4,ifft_complex128_n3072_b4,0.0741683098022,0.0740021001548,8.35052924231e-05,9,200,ok,
final_fct,ifft,complex128,3072,8,ifft_complex128_n3072_b8,0.131608201066,0.131197704234,0.000234529994828,9,149,ok,
final_fct,ifft,complex128,3072,16,ifft_complex128_n3072_b16,0.251313518214,0.25002959426,0.000360924337955,9,79,ok,
final_fct,ifft,complex128,3072,32,ifft_complex128_n3072_b32,0.480541132856,0.479250734982,0.000197700380037,9,30,ok,
final_fct,ifft,complex128,3072,64,ifft_complex128_n3072_b64,0.946092302911,0.944501332318,0.00123930318902,9,30,ok,
final_fct,ifft,complex128,3072,256,ifft_complex128_n3072_b256,3.97722386489,3.95425114714,0.0092256980549,7,7,ok,
final_fct,ifft,complex128,3584,1,ifft_complex128_n3584_b1,0.0256589044056,0.0255936445228,2.87614057015e-05,9,512,ok,
final_fct,ifft,complex128,3584,2,ifft_complex128_n3584_b2,0.049883609754,0.0495181250153,0.000111554982141,9,200,ok,
final_fct,ifft,complex128,3584,4,ifft_complex128_n3584_b4,0.0831739604473,0.0828419451136,0.000112355337478,9,200,ok,
final_fct,ifft,complex128,3584,8,ifft_complex128_n3584_b8,0.148680948117,0.148344275875,0.000143477540296,9,134,ok,
final_fct,ifft,complex128,3584,16,ifft_complex128_n3584_b16,0.280906716821,0.279870845089,0.00103587173188,9,71,ok,
final_fct,ifft,complex128,3584,32,ifft_complex128_n3584_b32,0.560835232803,0.554771601067,0.00254506788527,9,30,ok,
final_fct,ifft,complex128,3584,64,ifft_complex128_n3584_b64,1.08842825931,1.08124188975,0.00551507670294,9,27,ok,
final_fct,ifft,complex128,3584,256,ifft_complex128_n3584_b256,4.64397016913,4.52538566121,0.028631669314,7,6,ok,
final_fct,ifft,complex128,4095,1,ifft_complex128_n4095_b1,0.0422134450296,0.0420419663253,3.43932741799e-05,9,328,ok,
final_fct,ifft,complex128,4095,2,ifft_complex128_n4095_b2,0.0718561001122,0.0716471095802,6.60249497741e-05,9,200,ok,
final_fct,ifft,complex128,4095,4,ifft_complex128_n4095_b4,0.131751578393,0.130656638679,0.000167085856542,9,152,ok,
final_fct,ifft,complex128,4095,8,ifft_complex128_n4095_b8,0.24922368757,0.249013425491,0.000210262078326,9,80,ok,
final_fct,ifft,complex128,4095,16,ifft_complex128_n4095_b16,0.484909001942,0.483736097699,0.000623100232787,9,41,ok,
final_fct,ifft,complex128,4095,32,ifft_complex128_n4095_b32,0.955008598976,0.945115465826,0.00257346934328,9,30,ok,
final_fct,ifft,complex128,4095,64,ifft_complex128_n4095_b64,1.85181650158,1.83397193905,0.0170130006154,9,16,ok,
final_fct,ifft,complex128,4095,256,ifft_complex128_n4095_b256,7.7009696591,7.63991265558,0.0420453337332,7,3,ok,
final_fct,ifft,complex128,4096,1,ifft_complex128_n4096_b1,0.0318809594562,0.0317227201198,4.07228036895e-05,9,418,ok,
final_fct,ifft,complex128,4096,2,ifft_complex128_n4096_b2,0.0570057448931,0.0567773700459,3.48652247339e-05,9,200,ok,
final_fct,ifft,complex128,4096,4,ifft_complex128_n4096_b4,0.0957961466056,0.0954897067368,0.000149701570809,9,191,ok,
final_fct,ifft,complex128,4096,8,ifft_complex128_n4096_b8,0.173098920925,0.172779017695,0.000231651305828,9,115,ok,
final_fct,ifft,complex128,4096,16,ifft_complex128_n4096_b16,0.328786700265,0.327426317381,0.000515801366419,9,60,ok,
final_fct,ifft,complex128,4096,32,ifft_complex128_n4096_b32,0.642178335693,0.641330766181,0.000709303033849,9,30,ok,
final_fct,ifft,complex128,4096,64,ifft_complex128_n4096_b64,1.25474904401,1.2495680864,0.00225373483061,9,23,ok,
final_fct,ifft,complex128,4096,256,ifft_complex128_n4096_b256,5.30223560054,5.28481700458,0.00601320061833,7,5,ok,
final_fct,ifft,complex128,4097,1,ifft_complex128_n4097_b1,0.113380753079,0.113226935569,9.21112266095e-05,7,170,ok,
final_fct,ifft,complex128,4097,2,ifft_complex128_n4097_b2,0.189598657501,0.188823304849,0.000100285701808,7,105,ok,
final_fct,ifft,complex128,4097,4,ifft_complex128_n4097_b4,0.362400437536,0.361924819564,0.000199292447757,7,55,ok,
final_fct,ifft,complex128,4097,8,ifft_complex128_n4097_b8,0.705556960643,0.704266713001,0.00051488833768,7,28,ok,
final_fct,ifft,complex128,4097,16,ifft_complex128_n4097_b16,1.39363652228,1.39130314346,0.000850668930936,7,21,ok,
final_fct,ifft,complex128,4097,32,ifft_complex128_n4097_b32,2.77270459337,2.76499410393,0.00686479033902,7,10,ok,
final_fct,ifft,complex128,4097,64,ifft_complex128_n4097_b64,5.5017516017,5.49047058448,0.0075361924246,7,5,ok,
final_fct,ifft,complex128,4097,256,ifft_complex128_n4097_b256,22.2239600262,22.1916990122,0.0322610139847,7,1,ok,
final_fct,ifft,complex128,4608,1,ifft_complex128_n4608_b1,0.0338999397354,0.0338443845976,3.33599746227e-05,7,200,ok,
final_fct,ifft,complex128,4608,2,ifft_complex128_n4608_b2,0.0679264200153,0.0677916151471,0.000134555157274,7,200,ok,
final_fct,ifft,complex128,4608,4,ifft_complex128_n4608_b4,0.115923527831,0.115703366211,5.13348184665e-05,7,161,ok,
final_fct,ifft,complex128,4608,8,ifft_complex128_n4608_b8,0.211920457932,0.210829477936,0.000635744072497,7,94,ok,
final_fct,ifft,complex128,4608,16,ifft_complex128_n4608_b16,0.402057066094,0.401481299195,0.000441163623085,7,30,ok,
final_fct,ifft,complex128,4608,32,ifft_complex128_n4608_b32,0.784589365746,0.783127635562,0.00146173018341,7,30,ok,
final_fct,ifft,complex128,4608,64,ifft_complex128_n4608_b64,1.55814305119,1.54496215921,0.00265021318276,7,19,ok,
final_fct,ifft,complex128,4608,256,ifft_complex128_n4608_b256,6.67767140549,6.65299741086,0.0195926055312,7,5,ok,
final_fct,ifft,complex128,8192,1,ifft_complex128_n8192_b1,0.063290069811,0.0629447749816,0.000248764990829,7,200,ok,
final_fct,ifft,complex128,8192,2,ifft_complex128_n8192_b2,0.119834156505,0.118528951397,0.000201765285154,7,166,ok,
final_fct,ifft,complex128,8192,4,ifft_complex128_n8192_b4,0.211527664214,0.211241757987,0.000285906227011,7,95,ok,
final_fct,ifft,complex128,8192,8,ifft_complex128_n8192_b8,0.394191692716,0.392854102051,0.00108653033266,7,49,ok,
final_fct,ifft,complex128,8192,16,ifft_complex128_n8192_b16,0.772435334511,0.769101432525,0.00205383015176,7,30,ok,
final_fct,ifft,complex128,8192,32,ifft_complex128_n8192_b32,1.4997847366,1.48939694842,0.00479473658886,7,19,ok,
final_fct,ifft,complex128,8192,64,ifft_complex128_n8192_b64,3.03705911049,3.017199769,0.0198593414906,7,9,ok,
final_fct,ifft,complex128,8192,256,ifft_complex128_n8192_b256,14.4035299891,14.3540879944,0.0290789757855,7,2,ok,
final_fct,ifft,complex128,16384,1,ifft_complex128_n16384_b1,0.18584923427,0.185093242962,0.000359737488363,7,107,ok,
final_fct,ifft,complex128,16384,2,ifft_complex128_n16384_b2,0.374272566746,0.372124207645,0.000918321399334,7,53,ok,
final_fct,ifft,complex128,16384,4,ifft_complex128_n16384_b4,0.732052700456,0.726273408401,0.00269762757752,7,27,ok,
final_fct,ifft,complex128,16384,8,ifft_complex128_n16384_b8,1.46228144877,1.45516465418,0.0025823013857,7,20,ok,
final_fct,ifft,complex128,16384,16,ifft_complex128_n16384_b16,2.91195429163,2.90864610579,0.00330818584189,7,10,ok,
final_fct,ifft,complex128,16384,32,ifft_complex128_n16384_b32,5.93753678259,5.90364739764,0.0212357845157,7,5,ok,
final_fct,ifft,complex128,16384,64,ifft_complex128_n16384_b64,12.4145544833,12.2240089695,0.0698454678059,7,2,ok,
final_fct,ifft,complex128,16384,256,ifft_complex128_n16384_b256,52.8272510273,52.1535540465,0.257140025496,7,1,ok,
final_fct,ifft,complex128,32768,1,ifft_complex128_n32768_b1,0.428510511604,0.424942757106,0.00146537656999,7,45,ok,
final_fct,ifft,complex128,32768,2,ifft_complex128_n32768_b2,0.879047261349,0.877900352783,0.00114690856603,7,23,ok,
final_fct,ifft,complex128,32768,4,ifft_complex128_n32768_b4,1.76310724783,1.75207856228,0.00383274891647,7,16,ok,
final_fct,ifft,complex128,32768,8,ifft_complex128_n32768_b8,3.56344899046,3.50208200689,0.0545203947695,7,8,ok,
final_fct,ifft,complex128,32768,16,ifft_complex128_n32768_b16,7.332787005,7.26514324197,0.0385745079257,7,4,ok,
final_fct,ifft,complex128,32768,32,ifft_complex128_n32768_b32,15.0197100011,14.9298475008,0.0313479686156,7,2,ok,
final_fct,ifft,complex128,32768,64,ifft_complex128_n32768_b64,31.9878750015,31.6385030746,0.14895806089,7,1,ok,
final_fct,ifft,complex128,32768,256,ifft_complex128_n32768_b256,124.07324207,122.034508968,0.195574946702,7,1,ok,
final_fct,ifft,complex128,65536,1,ifft_complex128_n65536_b1,0.912391619446,0.910805333184,0.00112976634964,7,21,ok,
final_fct,ifft,complex128,65536,2,ifft_complex128_n65536_b2,1.87889313481,1.87392320173,0.00257479647795,7,15,ok,
final_fct,ifft,complex128,65536,4,ifft_complex128_n65536_b4,3.70472500799,3.69861988293,0.00251963501796,7,8,ok,
final_fct,ifft,complex128,65536,8,ifft_complex128_n65536_b8,7.95398501214,7.91000633035,0.0290306828295,7,3,ok,
final_fct,ifft,complex128,65536,16,ifft_complex128_n65536_b16,16.0705499584,15.9570979886,0.0830349745229,7,1,ok,
final_fct,ifft,complex128,65536,32,ifft_complex128_n65536_b32,34.6514029661,34.1782600153,0.210743048228,7,1,ok,
final_fct,ifft,complex128,65536,64,ifft_complex128_n65536_b64,67.4191719154,67.0578079298,0.0911798560992,7,1,ok,
final_fct,ifft,complex128,65536,256,ifft_complex128_n65536_b256,437.84459203,270.554548013,29.7381379642,7,1,ok,
