candidate,operation,dtype,n,batch,case_id,median_ms,best_ms,mad_ms,samples,loops,status,notes
old,fft,complex64,64,1,fft_complex64_n64_b1,0.0040069478062,0.00393992376006,5.09154862395e-05,9,1206,ok,
old,fft,complex64,64,2,fft_complex64_n64_b2,0.00470206434253,0.00465070357557,5.13607669555e-05,9,1336,ok,
old,fft,complex64,64,4,fft_complex64_n64_b4,0.00512090348639,0.00506276951637,5.60050248168e-05,9,2000,ok,
old,fft,complex64,64,8,fft_complex64_n64_b8,0.00595066900132,0.00586219853722,2.89285089821e-05,9,2000,ok,
old,fft,complex64,64,16,fft_complex64_n64_b16,0.00706339758091,0.00700814884817,4.08460389816e-05,9,1753,ok,
old,fft,complex64,64,32,fft_complex64_n64_b32,0.00938594233147,0.00934802102141,3.79213100571e-05,9,1335,ok,
old,fft,complex64,64,64,fft_complex64_n64_b64,0.0146731798853,0.0145923369488,4.2407465685e-05,9,923,ok,
old,fft,complex64,64,256,fft_complex64_n64_b256,0.199589458988,0.197609132203,0.00109696019517,7,98,ok,
old,fft,complex64,256,1,fft_complex64_n256_b1,0.00507739698514,0.00505122850882,1.1961965356e-05,9,2000,ok,
old,fft,complex64,256,2,fft_complex64_n256_b2,0.00609540968242,0.00605492677265,1.2491763932e-05,9,1572,ok,
old,fft,complex64,256,4,fft_complex64_n256_b4,0.00753941757468,0.00748516931771,5.42482569719e-05,9,1724,ok,
old,fft,complex64,256,8,fft_complex64_n256_b8,0.0104665095104,0.0103495725766,4.52596318007e-05,9,1109,ok,
old,fft,complex64,256,16,fft_complex64_n256_b16,0.0163313187489,0.0159229755791,4.47080155649e-05,9,822,ok,
old,fft,complex64,256,32,fft_complex64_n256_b32,0.0282026454806,0.0276945502264,1.47242099047e-05,9,200,ok,
old,fft,complex64,256,64,fft_complex64_n256_b64,0.215806566282,0.2124724444,0.000715110864904,9,90,ok,
old,fft,complex64,256,256,fft_complex64_n256_b256,0.935909250984,0.931008596672,0.00244004768319,7,20,ok,
old,fft,complex64,1024,1,fft_complex64_n1024_b1,0.0103272080417,0.0100624431336,4.94983520024e-05,9,1178,ok,
old,fft,complex64,1024,2,fft_complex64_n1024_b2,0.0125103278641,0.0124187528854,3.10962115271e-05,9,1040,ok,
old,fft,complex64,1024,4,fft_complex64_n1024_b4,0.0197129584396,0.0195698013865,0.000109662424721,9,720,ok,
old,fft,complex64,1024,8,fft_complex64_n1024_b8,0.0337508652592,0.0334943353664,3.66702442989e-05,9,200,ok,
old,fft,complex64,1024,16,fft_complex64_n1024_b16,0.0616579095367,0.0613669102313,0.000290999305435,9,200,ok,
old,fft,complex64,1024,32,fft_complex64_n1024_b32,0.115584636418,0.115449291259,0.000135345158703,9,165,ok,
old,fft,complex64,1024,64,fft_complex64_n1024_b64,0.967746153229,0.962373475838,0.00284368932051,9,19,ok,
old,fft,complex64,1024,256,fft_complex64_n1024_b256,2.49599917284,2.45010708882,0.00645664774559,7,11,ok,
old,fft,complex64,2048,1,fft_complex64_n2048_b1,0.0182451784865,0.0181387740706,9.18297697186e-05,9,717,ok,
old,fft,complex64,2048,2,fft_complex64_n2048_b2,0.0249774400178,0.0245329767319,0.000133450902759,9,559,ok,
old,fft,complex64,2048,4,fft_complex64_n2048_b4,0.0415790401166,0.0410931848455,0.000372945214622,9,200,ok,
old,fft,complex64,2048,8,fft_complex64_n2048_b8,0.0753610651009,0.0746197748231,0.000376750249416,9,200,ok,
old,fft,complex64,2048,16,fft_complex64_n2048_b16,0.142989962019,0.141907405437,0.0005035785454,9,133,ok,
old,fft,complex64,2048,32,fft_complex64_n2048_b32,0.277749566442,0.275983942497,0.00150936345259,9,69,ok,
old,fft,complex64,2048,64,fft_complex64_n2048_b64,0.56010823464,0.552063532329,0.00293750005464,9,30,ok,
old,fft,complex64,2048,256,fft_complex64_n2048_b256,4.1754116537,4.10552784645,0.0698838072519,7,6,ok,
old,fft,complex64,3072,1,fft_complex64_n3072_b1,0.0248431170452,0.024555785038,0.000117245646848,9,521,ok,
old,fft,complex64,3072,2,fft_complex64_n3072_b2,0.0335966801504,0.0329783203779,0.00016170553863,9,200,ok,
old,fft,complex64,3072,4,fft_complex64_n3072_b4,0.0579829898197,0.0572479201946,0.000353965442628,9,200,ok,
old,fft,complex64,3072,8,fft_complex64_n3072_b8,0.106023660757,0.105277155267,0.000449838504816,9,180,ok,
old,fft,complex64,3072,16,fft_complex64_n3072_b16,0.207220242163,0.200267463285,0.000922251982908,9,95,ok,
old,fft,complex64,3072,32,fft_complex64_n3072_b32,0.396330868049,0.394654402044,0.00167646600554,9,30,ok,
old,fft,complex64,3072,64,fft_complex64_n3072_b64,0.773968799816,0.76689759735,0.00293212942779,9,30,ok,
old,fft,complex64,3072,256,fft_complex64_n3072_b256,5.66410520114,5.63536579721,0.0287394039333,7,5,ok,
old,fft,complex64,3584,1,fft_complex64_n3584_b1,0.0274665148742,0.0272893653307,7.88034716e-05,9,468,ok,
old,fft,complex64,3584,2,fft_complex64_n3584_b2,0.0363488652511,0.0347352551762,0.000139859621413,9,200,ok,
old,fft,complex64,3584,4,fft_complex64_n3584_b4,0.0637988100061,0.0629935547477,0.000434459652752,9,200,ok,
old,fft,complex64,3584,8,fft_complex64_n3584_b8,0.114284658476,0.110386435271,0.000942935345366,9,170,ok,
old,fft,complex64,3584,16,fft_complex64_n3584_b16,0.223334830326,0.214914800241,0.0058873072983,9,65,ok,
old,fft,complex64,3584,32,fft_complex64_n3584_b32,0.407570868265,0.405811231273,0.00153886309514,9,30,ok,
old,fft,complex64,3584,64,fft_complex64_n3584_b64,0.816654899002,0.808874032615,0.00687216330941,9,30,ok,
old,fft,complex64,3584,256,fft_complex64_n3584_b256,6.21108774794,6.0492779885,0.0749600003473,7,4,ok,
old,fft,complex64,4095,1,fft_complex64_n4095_b1,0.0394308317982,0.0390947279478,0.000262171220866,9,327,ok,
old,fft,complex64,4095,2,fft_complex64_n4095_b2,0.0546422501793,0.0542478094576,0.000207740231417,9,200,ok,
old,fft,complex64,4095,4,fft_complex64_n4095_b4,0.0988341026151,0.0983645638021,0.000314384651108,9,195,ok,
old,fft,complex64,4095,8,fft_complex64_n4095_b8,0.189272591898,0.187307756702,0.0005643588753,9,103,ok,
old,fft,complex64,4095,16,fft_complex64_n4095_b16,0.36946284728,0.364437672453,0.000977382744448,9,52,ok,
old,fft,complex64,4095,32,fft_complex64_n4095_b32,0.736323798386,0.72393300167,0.00594742984201,9,30,ok,
old,fft,complex64,4095,64,fft_complex64_n4095_b64,1.43046230078,1.42009395058,0.00567105016671,9,20,ok,
old,fft,complex64,4095,256,fft_complex64_n4095_b256,9.40150336828,9.29979999394,0.0954146962613,7,3,ok,
old,fft,complex64,4096,1,fft_complex64_n4096_b1,0.0342049780989,0.0340763496647,0.000110286977549,9,366,ok,
old,fft,complex64,4096,2,fft_complex64_n4096_b2,0.0469526299275,0.0463872752152,0.000204980024137,9,200,ok,
old,fft,complex64,4096,4,fft_complex64_n4096_b4,0.0814883096609,0.0806125247618,0.000202225055546,9,200,ok,
old,fft,complex64,4096,8,fft_complex64_n4096_b8,0.153062552214,0.152096992359,0.000360751524568,9,125,ok,
old,fft,complex64,4096,16,fft_complex64_n4096_b16,0.299646999807,0.298626856097,0.00102014370984,9,62,ok,
old,fft,complex64,4096,32,fft_complex64_n4096_b32,0.581754666443,0.575110599554,0.005053767624,9,30,ok,
old,fft,complex64,4096,64,fft_complex64_n4096_b64,1.24025158584,1.22656016417,0.0021732072734,9,24,ok,
old,fft,complex64,4096,256,fft_complex64_n4096_b256,8.7246549859,8.55972369512,0.0663943355903,7,3,ok,
old,fft,complex64,4097,1,fft_complex64_n4097_b1,0.18667997069,0.185819630945,0.000851874203575,7,103,ok,
old,fft,complex64,4097,2,fft_complex64_n4097_b2,0.215288976588,0.213774897433,0.00147162460383,7,88,ok,
old,fft,complex64,4097,4,fft_complex64_n4097_b4,0.359193642258,0.357068786148,0.00162698311864,7,56,ok,
old,fft,complex64,4097,8,fft_complex64_n4097_b8,0.655007533108,0.651726766955,0.00155289890245,7,30,ok,
old,fft,complex64,4097,16,fft_complex64_n4097_b16,1.23323470568,1.23083103972,0.00129699765239,7,24,ok,
old,fft,complex64,4097,32,fft_complex64_n4097_b32,2.39656124419,2.38009800281,0.00808091135696,7,12,ok,
old,fft,complex64,4097,64,fft_complex64_n4097_b64,4.76894417079,4.71870350884,0.0153888443795,7,6,ok,
old,fft,complex64,4097,256,fft_complex64_n4097_b256,22.8698019637,22.3534969846,0.27462397702,7,1,ok,
old,fft,complex64,4608,1,fft_complex64_n4608_b1,0.0371030252427,0.0365761952708,0.000192109728232,7,200,ok,
old,fft,complex64,4608,2,fft_complex64_n4608_b2,0.0469670549501,0.0464271998499,0.000224224640988,7,200,ok,
old,fft,complex64,4608,4,fft_complex64_n4608_b4,0.0820348848356,0.0811871996848,0.000630979775451,7,200,ok,
old,fft,complex64,4608,8,fft_complex64_n4608_b8,0.155894468272,0.153553587133,0.0015132374958,7,126,ok,
old,fft,complex64,4608,16,fft_complex64_n4608_b16,0.297539265982,0.295747932978,0.00177330027024,7,30,ok,
old,fft,complex64,4608,32,fft_complex64_n4608_b32,0.586568001503,0.578683599209,0.00788440229371,7,30,ok,
old,fft,complex64,4608,64,fft_complex64_n4608_b64,1.23587617165,1.21626430495,0.00999825905361,7,23,ok,
old,fft,complex64,4608,256,fft_complex64_n4608_b256,8.87289876118,8.47931101453,0.112780515337,7,4,ok,
old,fft,complex64,8192,1,fft_complex64_n8192_b1,0.0726242997916,0.0724684097804,9.49797686189e-05,7,200,ok,
old,fft,complex64,8192,2,fft_complex64_n8192_b2,0.091098115081,0.0905585597502,0.000476840068586,7,200,ok,
old,fft,complex64,8192,4,fft_complex64_n8192_b4,0.16946172296,0.168625973207,0.000503882932078,7,112,ok,
old,fft,complex64,8192,8,fft_complex64_n8192_b8,0.323121084754,0.319588650018,0.00235190188202,7,60,ok,
old,fft,complex64,8192,16,fft_complex64_n8192_b16,0.64423706693,0.636971501323,0.00559746598204,7,30,ok,
old,fft,complex64,8192,32,fft_complex64_n8192_b32,1.28818314434,1.27844019083,0.00422500029561,7,21,ok,
old,fft,complex64,8192,64,fft_complex64_n8192_b64,2.65555008611,2.5866394545,0.0689106316052,7,11,ok,
old,fft,complex64,8192,256,fft_complex64_n8192_b256,16.3286100142,16.0207850276,0.143512967043,7,2,ok,
old,fft,complex64,16384,1,fft_complex64_n16384_b1,0.163038649286,0.161266367301,0.000636401769315,7,117,ok,
old,fft,complex64,16384,2,fft_complex64_n16384_b2,0.339117051274,0.284210499989,0.0089243158551,7,38,ok,
old,fft,complex64,16384,4,fft_complex64_n16384_b4,0.639448798029,0.54820535006,0.0177957525011,7,20,ok,
old,fft,complex64,16384,8,fft_complex64_n16384_b8,1.10517966095,1.04584146757,0.0408630585298,7,15,ok,
old,fft,complex64,16384,16,fft_complex64_n16384_b16,2.47816615073,2.08791543264,0.0963028453823,7,7,ok,
old,fft,complex64,16384,32,fft_complex64_n16384_b32,2.67173433935,2.61422355349,0.0181694437439,7,9,ok,
old,fft,complex64,16384,64,fft_complex64_n16384_b64,8.59498447971,7.69310450414,0.0939199817367,7,2,ok,
old,fft,complex64,16384,256,fft_complex64_n16384_b256,38.4960699594,38.1207780447,0.290864030831,7,1,ok,
old,fft,complex64,32768,1,fft_complex64_n32768_b1,0.574919441715,0.542354201898,0.0169003987685,7,25,ok,
old,fft,complex64,32768,2,fft_complex64_n32768_b2,0.433298888513,0.426272779738,0.00563496292603,7,27,ok,
old,fft,complex64,32768,4,fft_complex64_n32768_b4,1.04430968579,0.991703531901,0.0121543171669,7,19,ok,
old,fft,complex64,32768,8,fft_complex64_n32768_b8,2.10689111716,2.06532911398,0.0155044512616,7,9,ok,
old,fft,complex64,32768,16,fft_complex64_n32768_b16,2.93773578273,2.81529922763,0.0507759913388,7,9,ok,
old,fft,complex64,32768,32,fft_complex64_n32768_b32,9.16972849518,8.99341900367,0.102005491499,7,2,ok,
old,fft,complex64,32768,64,fft_complex64_n32768_b64,20.336930058,19.8177589336,0.289910938591,7,1,ok,
old,fft,complex64,32768,256,fft_complex64_n32768_b256,121.076739975,120.692323078,0.280864071101,7,1,ok,
old,fft,complex64,65536,1,fft_complex64_n65536_b1,0.778651277704,0.767755909527,0.00734418228438,7,22,ok,
old,fft,complex64,65536,2,fft_complex64_n65536_b2,0.856459618482,0.851751136561,0.00206796966236,7,29,ok,
old,fft,complex64,65536,4,fft_complex64_n65536_b4,1.87504019899,1.85475553541,0.0100547991072,7,15,ok,
old,fft,complex64,65536,8,fft_complex64_n65536_b8,3.33479599794,3.26087675057,0.0152722495841,7,8,ok,
old,fft,complex64,65536,16,fft_complex64_n65536_b16,11.7458319874,11.5607860498,0.0435714609921,7,2,ok,
old,fft,complex64,65536,32,fft_complex64_n65536_b32,20.4077314702,19.7949315188,0.40157494368,7,2,ok,
old,fft,complex64,65536,64,fft_complex64_n65536_b64,37.0261730859,36.7458190303,0.280354055576,7,1,ok,
old,fft,complex64,65536,256,fft_complex64_n65536_b256,623.771613115,588.11945701,21.7958848225,7,1,ok,
old,fft,complex128,64,1,fft_complex128_n64_b1,0.00322506052908,0.0032165950397,8.46548937261e-06,9,2000,ok,
old,fft,complex128,64,2,fft_complex128_n64_b2,0.00365499901818,0.00364076753613,4.46802005172e-06,9,2000,ok,
old,fft,complex128,64,4,fft_complex128_n64_b4,0.00384350150125,0.0038409520057,2.54949554801e-06,9,2000,ok,
old,fft,complex128,64,8,fft_complex128_n64_b8,0.00445482396754,0.00442013400607,5.56552549824e-06,9,2000,ok,
old,fft,complex128,64,16,fft_complex128_n64_b16,0.00542274245527,0.00541458203224,6.81303208694e-06,9,2000,ok,
old,fft,complex128,64,32,fft_complex128_n64_b32,0.00747812761688,0.00743410359205,9.67133648418e-06,9,1786,ok,
old,fft,complex128,64,64,fft_complex128_n64_b64,0.0114771539379,0.0114480277344,1.53623668459e-05,9,1228,ok,
old,fft,complex128,64,256,fft_complex128_n64_b256,0.0365089147817,0.0364006648306,0.000108249951154,7,200,ok,
old,fft,complex128,256,1,fft_complex128_n256_b1,0.00427089049481,0.0042430429603,1.10400142148e-05,9,2000,ok,
old,fft,complex128,256,2,fft_complex128_n256_b2,0.00483564496972,0.00481884396868,5.57495513931e-06,9,2000,ok,
old,fft,complex128,256,4,fft_complex128_n256_b4,0.00599038298242,0.00597114203265,1.43719953485e-05,9,2000,ok,
old,fft,complex128,256,8,fft_complex128_n256_b8,0.00839651647193,0.00831353567243,4.08559816375e-05,9,1667,ok,
old,fft,complex128,256,16,fft_complex128_n256_b16,0.0130759945023,0.0129153915409,3.58032754294e-05,9,1088,ok,
old,fft,complex128,256,32,fft_complex128_n256_b32,0.0223377853399,0.0221833499381,0.000107254600152,9,200,ok,
old,fft,complex128,256,64,fft_complex128_n256_b64,0.0419317453634,0.0411970750429,0.000232539605349,9,200,ok,
old,fft,complex128,256,256,fft_complex128_n256_b256,0.149617576771,0.148501611467,0.00111596530368,7,116,ok,
old,fft,complex128,1024,1,fft_complex128_n1024_b1,0.00872833559574,0.00869492471408,3.34108816618e-05,9,1475,ok,
old,fft,complex128,1024,2,fft_complex128_n1024_b2,0.0107848958205,0.0106798750214,5.46281696118e-05,9,1248,ok,
old,fft,complex128,1024,4,fft_complex128_n1024_b4,0.0170009282003,0.0168832799344,0.000102247605011,9,836,ok,
old,fft,complex128,1024,8,fft_complex128_n1024_b8,0.0290168653009,0.02877045481,6.59201759845e-05,9,200,ok,
old,fft,complex128,1024,16,fft_complex128_n1024_b16,0.0529791950248,0.0525710248621,0.000206130207516,9,200,ok,
old,fft,complex128,1024,32,fft_complex128_n1024_b32,0.1002447051,0.0993745803135,0.000323154963553,9,200,ok,
old,fft,complex128,1024,64,fft_complex128_n1024_b64,0.191325653221,0.190247509543,0.000529152778338,9,98,ok,
old,fft,complex128,1024,256,fft_complex128_n1024_b256,0.743964430876,0.739079298607,0.00355700418974,7,30,ok,
old,fft,complex128,2048,1,fft_complex128_n2048_b1,0.0163098602242,0.0162168192756,3.94469811525e-05,9,830,ok,
old,fft,complex128,2048,2,fft_complex128_n2048_b2,0.0212541142541,0.021164935902,8.9178352116e-05,9,718,ok,
old,fft,complex128,2048,4,fft_complex128_n2048_b4,0.0367226649541,0.0361578603042,0.000189809943549,9,200,ok,
old,fft,complex128,2048,8,fft_complex128_n2048_b8,0.0671818753472,0.0665210396983,0.00011631520465,9,200,ok,
old,fft,complex128,2048,16,fft_complex128_n2048_b16,0.123592999545,0.122697748811,0.000474681198472,9,179,ok,
old,fft,complex128,2048,32,fft_complex128_n2048_b32,0.243997662265,0.241556609163,0.00102231216088,9,74,ok,
old,fft,complex128,2048,64,fft_complex128_n2048_b64,0.482339563314,0.480415966983,0.0018901967754,9,30,ok,
old,fft,complex128,2048,256,fft_complex128_n2048_b256,1.9833517658,1.9535360625,0.0157930600621,7,17,ok,
old,fft,complex128,3072,1,fft_complex128_n3072_b1,0.0223286284908,0.0222005482013,4.54680902697e-05,9,611,ok,
old,fft,complex128,3072,2,fft_complex128_n3072_b2,0.0290651095565,0.0287582853343,7.34394416213e-05,9,200,ok,
old,fft,complex128,3072,4,fft_complex128_n3072_b4,0.0505135353887,0.0502846599557,0.000160249765031,9,200,ok,
old,fft,complex128,3072,8,fft_complex128_n3072_b8,0.0927049649181,0.0923606753349,0.000193960149772,9,200,ok,
old,fft,complex128,3072,16,fft_complex128_n3072_b16,0.176772841849,0.176436157505,0.000253367736086,9,114,ok,
old,fft,complex128,3072,32,fft_complex128_n3072_b32,0.345073434679,0.343719268373,0.00100453229,9,30,ok,
old,fft,complex128,3072,64,fft_complex128_n3072_b64,0.675348235139,0.671855034307,0.000855563363681,9,30,ok,
old,fft,complex128,3072,256,fft_complex128_n3072_b256,2.94223759556,2.89155190112,0.0240599038079,7,10,ok,
old,fft,complex128,3584,1,fft_complex128_n3584_b1,0.02486911531,0.0247141423946,8.5491846475e-05,9,555,ok,
old,fft,complex128,3584,2,fft_complex128_n3584_b2,0.0301613548072,0.0300416850951,3.00048850477e-05,9,200,ok,
old,fft,complex128,3584,4,fft_complex128_n3584_b4,0.0523778150091,0.0521670700982,7.80948903412e-05,9,200,ok,
old,fft,complex128,3584,8,fft_complex128_n3584_b8,0.0963416649029,0.0960258749546,7.67403980717e-05,9,200,ok,
old,fft,complex128,3584,16,fft_complex128_n3584_b16,0.182132934063,0.181706523236,0.000168627049669,9,107,ok,
old,fft,complex128,3584,32,fft_complex128_n3584_b32,0.359399535228,0.358168563495,0.00100456333409,9,30,ok,
old,fft,complex128,3584,64,fft_complex128_n3584_b64,0.704714733486,0.701176802007,0.00215873199825,9,30,ok,
old,fft,complex128,3584,256,fft_complex128_n3584_b256,3.17506360589,3.14819830237,0.00916220014915,7,10,ok,
old,fft,complex128,4095,1,fft_complex128_n4095_b1,0.0372665422168,0.0367580646168,0.000152025329933,9,356,ok,
old,fft,complex128,4095,2,fft_complex128_n4095_b2,0.050185819855,0.0495784403756,0.000212949817069,9,200,ok,
old,fft,complex128,4095,4,fft_complex128_n4095_b4,0.0916584598599,0.0910834397655,0.000537454616278,9,200,ok,
old,fft,complex128,4095,8,fft_complex128_n4095_b8,0.17249653445,0.171061267008,0.00103226770518,9,116,ok,
old,fft,complex128,4095,16,fft_complex128_n4095_b16,0.334392439858,0.329839016342,0.00274564352644,9,59,ok,
old,fft,complex128,4095,32,fft_complex128_n4095_b32,0.66272096786,0.651900400408,0.00325606670231,9,30,ok,
old,fft,complex128,4095,64,fft_complex128_n4095_b64,1.3363216671,1.32763352511,0.00292885427674,9,21,ok,
old,fft,complex128,4095,256,fft_complex128_n4095_b256,5.77504481189,5.69253859576,0.0600662082434,7,5,ok,
old,fft,complex128,4096,1,fft_complex128_n4096_b1,0.032415522781,0.0320054590702,0.000174075036987,9,440,ok,
old,fft,complex128,4096,2,fft_complex128_n4096_b2,0.0424713047687,0.0418981851544,0.000154290464707,9,200,ok,
old,fft,complex128,4096,4,fft_complex128_n4096_b4,0.0760498497402,0.0749883649405,0.000161355128512,9,200,ok,
old,fft,complex128,4096,8,fft_complex128_n4096_b8,0.139822215846,0.138004508405,0.000922802646092,9,167,ok,
old,fft,complex128,4096,16,fft_complex128_n4096_b16,0.266389313984,0.263750518066,0.000831915110529,9,83,ok,
old,fft,complex128,4096,32,fft_complex128_n4096_b32,0.542869030808,0.533975734531,0.001807398318,9,30,ok,
old,fft,complex128,4096,64,fft_complex128_n4096_b64,1.03027006456,1.02434066357,0.00560949944581,9,30,ok,
old,fft,complex128,4096,256,fft_complex128_n4096_b256,4.41252185764,4.37741344129,0.0351084163412,7,7,ok,
old,fft,complex128,4097,1,fft_complex128_n4097_b1,0.181526747515,0.18096588787,0.000359822351868,7,107,ok,
old,fft,complex128,4097,2,fft_complex128_n4097_b2,0.20860031157,0.207859677293,0.000570645375598,7,93,ok,
old,fft,complex128,4097,4,fft_complex128_n4097_b4,0.348974310327,0.345657242398,0.00166017281148,7,58,ok,
old,fft,complex128,4097,8,fft_complex128_n4097_b8,0.638437419829,0.635908837731,0.000954034828371,7,31,ok,
old,fft,complex128,4097,16,fft_complex128_n4097_b16,1.18771925433,1.18262387211,0.0038112969681,7,24,ok,
old,fft,complex128,4097,32,fft_complex128_n4097_b32,2.29257107518,2.28307507738,0.00251965442051,7,12,ok,
old,fft,complex128,4097,64,fft_complex128_n4097_b64,4.47619551172,4.45600100405,0.00194551345582,7,6,ok,
old,fft,complex128,4097,256,fft_complex128_n4097_b256,18.0422865087,17.9175084922,0.0699710217305,7,2,ok,
old,fft,complex128,4608,1,fft_complex128_n4608_b1,0.0329370400868,0.0325144053204,0.000166310346685,7,200,ok,
old,fft,complex128,4608,2,fft_complex128_n4608_b2,0.0410281599034,0.0405852351105,0.000128090614453,7,200,ok,
old,fft,complex128,4608,4,fft_complex128_n4608_b4,0.0713700550841,0.071174390032,8.81147570908e-05,7,200,ok,
old,fft,complex128,4608,8,fft_complex128_n4608_b8,0.133644113258,0.132584049373,0.000261695863983,7,141,ok,
old,fft,complex128,4608,16,fft_complex128_n4608_b16,0.255763565656,0.255257935108,0.000466534402221,7,30,ok,
old,fft,complex128,4608,32,fft_complex128_n4608_b32,0.49204203533,0.488656367331,0.00312050106004,7,30,ok,
old,fft,complex128,4608,64,fft_complex128_n4608_b64,1.01750890026,0.986343633849,0.02366056821,7,30,ok,
old,fft,complex128,4608,256,fft_complex128_n4608_b256,4.44835380185,4.35525181238,0.018975418061,7,5,ok,
old,fft,complex128,8192,1,fft_complex128_n8192_b1,0.0668970448896,0.0664174003759,0.000453694956377,7,200,ok,
old,fft,complex128,8192,2,fft_complex128_n8192_b2,0.0785698049003,0.0772776902886,0.000658485223539,7,200,ok,
old,fft,complex128,8192,4,fft_complex128_n8192_b4,0.144880702221,0.143366809828,0.00133791597176,7,131,ok,
old,fft,complex128,8192,8,fft_complex128_n8192_b8,0.29110803029,0.272614682079,0.00494089379737,7,66,ok,
old,fft,complex128,8192,16,fft_complex128_n8192_b16,0.561531198521,0.555194367189,0.00464700084801,7,30,ok,
old,fft,complex128,8192,32,fft_complex128_n8192_b32,1.04877503607,1.03951038685,0.00834907405078,7,26,ok,
old,fft,complex128,8192,64,fft_complex128_n8192_b64,2.15274400155,2.09111308019,0.0366493380473,7,12,ok,
old,fft,complex128,8192,256,fft_complex128_n8192_b256,11.8572320013,11.7368370217,0.0162733097871,7,3,ok,
old,fft,complex128,16384,1,fft_complex128_n16384_b1,0.13964789262,0.13801552091,0.0013710751601,7,148,ok,
old,fft,complex128,16384,2,fft_complex128_n16384_b2,0.18821808722,0.185740940969,0.00176105865286,7,103,ok,
old,fft,complex128,16384,4,fft_complex128_n16384_b4,0.355771935099,0.351196650983,0.00296595617724,7,46,ok,
old,fft,complex128,16384,8,fft_complex128_n16384_b8,0.683715532068,0.680709234439,0.00300629762933,7,30,ok,
old,fft,complex128,16384,16,fft_complex128_n16384_b16,1.3643974782,1.34679409564,0.00677314320845,7,21,ok,
old,fft,complex128,16384,32,fft_complex128_n16384_b32,2.81723389635,2.71207049955,0.0431214924902,7,10,ok,
old,fft,complex128,16384,64,fft_complex128_n16384_b64,5.96643819008,5.82305439748,0.0802779803053,7,5,ok,
old,fft,complex128,16384,256,fft_complex128_n16384_b256,27.5507780025,27.2654950386,0.215111998841,7,1,ok,
old,fft,complex128,32768,1,fft_complex128_n32768_b1,0.306588915688,0.304106677043,0.00128084564136,7,71,ok,
old,fft,complex128,32768,2,fft_complex128_n32768_b2,0.41056864033,0.40090142779,0.0063356834444,7,47,ok,
old,fft,complex128,32768,4,fft_complex128_n32768_b4,0.777520468303,0.753708633905,0.00885353268435,7,30,ok,
old,fft,complex128,32768,8,fft_complex128_n32768_b8,1.48917650222,1.47115934524,0.0180171569809,7,20,ok,
old,fft,complex128,32768,16,fft_complex128_n32768_b16,3.09619730106,3.03851750214,0.0366923981346,7,10,ok,
old,fft,complex128,32768,32,fft_complex128_n32768_b32,6.42311651609,6.36100050178,0.0220412330236,7,4,ok,
old,fft,complex128,32768,64,fft_complex128_n32768_b64,14.9386629928,14.7342710407,0.111653993372,7,2,ok,
old,fft,complex128,32768,256,fft_complex128_n32768_b256,56.0313549358,55.3637570702,0.393714057282,7,1,ok,
old,fft,complex128,65536,1,fft_complex128_n65536_b1,0.603245634755,0.598440303072,0.0014830571176,7,33,ok,
old,fft,complex128,65536,2,fft_complex128_n65536_b2,0.748380700437,0.741432700306,0.00165173551068,7,30,ok,
old,fft,complex128,65536,4,fft_complex128_n65536_b4,1.73869700191,1.68929204507,0.0193535613463,7,23,ok,
old,fft,complex128,65536,8,fft_complex128_n65536_b8,2.97431977621,2.9372426733,0.0262001089545,7,9,ok,
old,fft,complex128,65536,16,fft_complex128_n65536_b16,6.43868260086,6.1934044119,0.129640405066,7,5,ok,
old,fft,complex128,65536,32,fft_complex128_n65536_b32,15.0540685281,14.7606999963,0.23114704527,7,2,ok,
old,fft,complex128,65536,64,fft_complex128_n65536_b64,24.8592999997,24.6753459796,0.101338024251,7,1,ok,
old,fft,complex128,65536,256,fft_complex128_n65536_b256,96.6297920095,96.0894429591,0.208279001527,7,1,ok,
old,ifft,complex64,64,1,ifft_complex64_n64_b1,0.00409121580359,0.00405660984049,1.37577454834e-05,9,1061,ok,
old,ifft,complex64,64,2,ifft_complex64_n64_b2,0.0045107480255,0.00449297501473,1.37255410664e-05,9,2000,ok,
old,ifft,complex64,64,4,ifft_complex64_n64_b4,0.00480923794528,0.00479757444193,5.37688491348e-06,9,1828,ok,
old,ifft,complex64,64,8,ifft_complex64_n64_b8,0.00551061145961,0.00547828653362,2.18509812839e-05,9,2000,ok,
old,ifft,complex64,64,16,ifft_complex64_n64_b16,0.00635312101804,0.00632892549038,1.86699908227e-05,9,2000,ok,
old,ifft,complex64,64,32,ifft_complex64_n64_b32,0.00909061970686,0.00890361907844,7.14445589406e-05,9,1541,ok,
old,ifft,complex64,64,64,ifft_complex64_n64_b64,0.0125385769245,0.0118988284026,8.52151516417e-05,9,1078,ok,
old,ifft,complex64,64,256,ifft_complex64_n64_b256,0.036431819899,0.0352781201946,0.00115369970445,7,200,ok,
old,ifft,complex64,256,1,ifft_complex64_n256_b1,0.00560254951194,0.00557541412103,1.10114954481e-05,9,1403,ok,
old,ifft,complex64,256,2,ifft_complex64_n256_b2,0.00710938892395,0.00704367890508,2.94798693616e-05,9,1738,ok,
old,ifft,complex64,256,4,ifft_complex64_n256_b4,0.00679707299364,0.00673067353263,2.25399570489e-05,9,1850,ok,
old,ifft,complex64,256,8,ifft_complex64_n256_b8,0.00880711929493,0.00875954979264,1.60211965379e-05,9,1417,ok,
old,ifft,complex64,256,16,ifft_complex64_n256_b16,0.0127856132014,0.0127231769219,4.6869811596e-05,9,1091,ok,
old,ifft,complex64,256,32,ifft_complex64_n256_b32,0.0205711903982,0.0204586802283,2.44000693783e-05,9,200,ok,
old,ifft,complex64,256,64,ifft_complex64_n256_b64,0.0364965450717,0.0361404300202,0.000194964814,9,200,ok,
old,ifft,complex64,256,256,ifft_complex64_n256_b256,0.131327884643,0.131065372025,0.00026251261777,7,148,ok,
old,ifft,complex64,1024,1,ifft_complex64_n1024_b1,0.0117004985963,0.0115832736941,3.20229807192e-05,9,1049,ok,
old,ifft,complex64,1024,2,ifft_complex64_n1024_b2,0.018325848419,0.0181046852287,0.000157751043589,9,759,ok,
old,ifft,complex64,1024,4,ifft_complex64_n1024_b4,0.015401196149,0.0153483098493,4.3727905015e-05,9,897,ok,
old,ifft,complex64,1024,8,ifft_complex64_n1024_b8,0.0248448195634,0.0245525297942,0.000229474389926,9,200,ok,
old,ifft,complex64,1024,16,ifft_complex64_n1024_b16,0.0433233997319,0.0424888904672,0.000138005125336,9,200,ok,
old,ifft,complex64,1024,32,ifft_complex64_n1024_b32,0.0804619845719,0.0798017234327,0.00035943558965,9,195,ok,
old,ifft,complex64,1024,64,ifft_complex64_n1024_b64,0.155112640641,0.151847242705,0.00169207032741,9,128,ok,
old,ifft,complex64,1024,256,ifft_complex64_n1024_b256,0.593730364926,0.590055835589,0.00196836578349,7,30,ok,
old,ifft,complex64,2048,1,ifft_complex64_n2048_b1,0.0207779874895,0.0206141611706,0.000155750344428,9,645,ok,
old,ifft,complex64,2048,2,ifft_complex64_n2048_b2,0.0348781123,0.0346306651278,0.00010991639471,9,418,ok,
old,ifft,complex64,2048,4,ifft_complex64_n2048_b4,0.0282701250399,0.0276877352735,0.000551679986529,9,200,ok,
old,ifft,complex64,2048,8,ifft_complex64_n2048_b8,0.0476123654516,0.0470995047363,0.000203179079108,9,200,ok,
old,ifft,complex64,2048,16,ifft_complex64_n2048_b16,0.086374640232,0.0860962702427,0.000181689974852,9,200,ok,
old,ifft,complex64,2048,32,ifft_complex64_n2048_b32,0.164955999935,0.163833250688,0.000387944358711,9,108,ok,
old,ifft,complex64,2048,64,ifft_complex64_n2048_b64,0.319442199543,0.318229268305,0.00112709822133,9,30,ok,
old,ifft,complex64,2048,256,ifft_complex64_n2048_b256,1.26094895504,1.25426738079,0.0032937608748,7,21,ok,
old,ifft,complex64,3072,1,ifft_complex64_n3072_b1,0.0320107151142,0.0317290067431,0.000101948831731,9,432,ok,
old,ifft,complex64,3072,2,ifft_complex64_n3072_b2,0.055978189921,0.0556445197435,0.000227180426009,9,200,ok,
old,ifft,complex64,3072,4,ifft_complex64_n3072_b4,0.0393540295772,0.0391337199835,8.16944520921e-05,9,200,ok,
old,ifft,complex64,3072,8,ifft_complex64_n3072_b8,0.0694782700157,0.0691624300089,0.000122530036606,9,200,ok,
old,ifft,complex64,3072,16,ifft_complex64_n3072_b16,0.128749516044,0.128457535764,0.000263555158003,9,153,ok,
old,ifft,complex64,3072,32,ifft_complex64_n3072_b32,0.249253733394,0.248438566147,0.000182333557556,9,30,ok,
old,ifft,complex64,3072,64,ifft_complex64_n3072_b64,0.48396026638,0.481839633236,0.00095513338844,9,30,ok,
old,ifft,complex64,3072,256,ifft_complex64_n3072_b256,1.92997079963,1.92723633566,0.00273446397235,7,15,ok,
old,ifft,complex64,3584,1,ifft_complex64_n3584_b1,0.0360039736102,0.0358601690499,0.000141348473551,9,379,ok,
old,ifft,complex64,3584,2,ifft_complex64_n3584_b2,0.0637866847683,0.0634973950218,0.000195765169337,9,200,ok,
old,ifft,complex64,3584,4,ifft_complex64_n3584_b4,0.0453144701896,0.0448590150336,9.97900497168e-05,9,200,ok,
old,ifft,complex64,3584,8,ifft_complex64_n3584_b8,0.0791351601947,0.0786214054096,0.000457710120827,9,200,ok,
old,ifft,complex64,3584,16,ifft_complex64_n3584_b16,0.146909649032,0.146666582528,0.000115439691928,9,134,ok,
old,ifft,complex64,3584,32,ifft_complex64_n3584_b32,0.281828269362,0.279861902042,0.000385730527341,9,30,ok,
old,ifft,complex64,3584,64,ifft_complex64_n3584_b64,0.553576667638,0.55119189977,0.000762400062134,9,30,ok,
old,ifft,complex64,3584,256,ifft_complex64_n3584_b256,2.20155977429,2.17969192622,0.00390653999952,7,13,ok,
old,ifft,complex64,4095,1,ifft_complex64_n4095_b1,0.0517013969339,0.0513983970641,0.000120337253736,9,267,ok,
old,ifft,complex64,4095,2,ifft_complex64_n4095_b2,0.0945206097094,0.0938381353626,0.000682474346831,9,200,ok,
old,ifft,complex64,4095,4,ifft_complex64_n4095_b4,0.0657708401559,0.0652523746248,0.00023873988539,9,200,ok,
old,ifft,complex64,4095,8,ifft_complex64_n4095_b8,0.121720298477,0.120914585196,0.000620182751246,9,164,ok,
old,ifft,complex64,4095,16,ifft_complex64_n4095_b16,0.232238233154,0.228463163123,0.000686046320858,9,86,ok,
old,ifft,complex64,4095,32,ifft_complex64_n4095_b32,0.449938699603,0.446519632048,0.000422467322399,9,30,ok,
old,ifft,complex64,4095,64,ifft_complex64_n4095_b64,0.904776229678,0.899428901418,0.00110439723358,9,30,ok,
old,ifft,complex64,4095,256,ifft_complex64_n4095_b256,3.57763351349,3.54310775583,0.026215260732,7,8,ok,
old,ifft,complex64,4096,1,ifft_complex64_n4096_b1,0.0419499363662,0.0417565272766,9.59269643303e-05,9,315,ok,
old,ifft,complex64,4096,2,ifft_complex64_n4096_b2,0.0742558948696,0.0740002200473,0.000154639710672,9,200,ok,
old,ifft,complex64,4096,4,ifft_complex64_n4096_b4,0.0569960451685,0.0566251552664,7.60453986004e-05,9,200,ok,
old,ifft,complex64,4096,8,ifft_complex64_n4096_b8,0.102768136504,0.101484419458,0.00128371704539,9,198,ok,
old,ifft,complex64,4096,16,ifft_complex64_n4096_b16,0.197616240475,0.192071589408,0.00299028120935,9,100,ok,
old,ifft,complex64,4096,32,ifft_complex64_n4096_b32,0.369278000047,0.365412099442,0.00245256815106,9,30,ok,
old,ifft,complex64,4096,64,ifft_complex64_n4096_b64,0.742374131611,0.740633866129,0.00170286512002,9,30,ok,
old,ifft,complex64,4096,256,ifft_complex64_n4096_b256,3.4666554071,3.43699700898,0.00722949625924,7,10,ok,
old,ifft,complex64,4097,1,ifft_complex64_n4097_b1,0.273531985894,0.267318013357,0.00363664687885,7,68,ok,
old,ifft,complex64,4097,2,ifft_complex64_n4097_b2,0.437012555388,0.436474,0.000538555387821,7,45,ok,
old,ifft,complex64,4097,4,ifft_complex64_n4097_b4,0.260772320131,0.258926732155,0.00115069405486,7,75,ok,
old,ifft,complex64,4097,8,ifft_complex64_n4097_b8,0.418165708349,0.413200604574,0.00187537564974,7,48,ok,
old,ifft,complex64,4097,16,ifft_complex64_n4097_b16,0.725308568993,0.720866932534,0.00416443217546,7,30,ok,
old,ifft,complex64,4097,32,ifft_complex64_n4097_b32,1.35076163464,1.34100841189,0.0032505909489,7,22,ok,
old,ifft,complex64,4097,64,ifft_complex64_n4097_b64,2.65720681372,2.6341519128,0.0155271792954,7,11,ok,
old,ifft,complex64,4097,256,ifft_complex64_n4097_b256,10.1022860035,10.0195146709,0.0522709839667,7,3,ok,
old,ifft,complex64,4608,1,ifft_complex64_n4608_b1,0.049717350048,0.0490336702205,0.000240295194089,7,200,ok,
old,ifft,complex64,4608,2,ifft_complex64_n4608_b2,0.0891519797733,0.0885152898263,0.000373744987883,7,200,ok,
old,ifft,complex64,4608,4,ifft_complex64_n4608_b4,0.056605765771,0.0561748321899,0.00022834982573,7,149,ok,
old,ifft,complex64,4608,8,ifft_complex64_n4608_b8,0.102673912846,0.102368505474,0.000248293635314,7,184,ok,
old,ifft,complex64,4608,16,ifft_complex64_n4608_b16,0.194460367008,0.190812865427,0.000817200634629,7,30,ok,
old,ifft,complex64,4608,32,ifft_complex64_n4608_b32,0.374454667326,0.373240734916,0.000773766078055,7,30,ok,
old,ifft,complex64,4608,64,ifft_complex64_n4608_b64,0.73005813562,0.727170034467,0.00162706710398,7,30,ok,
old,ifft,complex64,4608,256,ifft_complex64_n4608_b256,2.88934879936,2.86081940867,0.0186468008906,7,5,ok,
old,ifft,complex64,8192,1,ifft_complex64_n8192_b1,0.0840611423233,0.082997143239,0.000314344159234,7,189,ok,
old,ifft,complex64,8192,2,ifft_complex64_n8192_b2,0.152434412898,0.15200906691,0.000425345987882,7,121,ok,
old,ifft,complex64,8192,4,ifft_complex64_n8192_b4,0.111259475523,0.110193929263,0.000838338539941,7,183,ok,
old,ifft,complex64,8192,8,ifft_complex64_n8192_b8,0.204722319019,0.200679298903,0.00114957609972,7,97,ok,
old,ifft,complex64,8192,16,ifft_complex64_n8192_b16,0.388775765896,0.38371530051,0.00324473561098,7,30,ok,
old,ifft,complex64,8192,32,ifft_complex64_n8192_b32,0.766623734186,0.759270697987,0.00373193373283,7,30,ok,
old,ifft,complex64,8192,64,ifft_complex64_n8192_b64,1.51157489439,1.504060316,0.00697826525491,7,19,ok,
old,ifft,complex64,8192,256,ifft_complex64_n8192_b256,6.12864720169,5.91916400008,0.165581400506,7,5,ok,
old,ifft,complex64,16384,1,ifft_complex64_n16384_b1,0.18232458787,0.180560019205,0.000274342977825,7,102,ok,
old,ifft,complex64,16384,2,ifft_complex64_n16384_b2,0.336809691296,0.336437907324,0.000371783971786,7,55,ok,
old,ifft,complex64,16384,4,ifft_complex64_n16384_b4,0.235742805582,0.233935890719,0.00167301310817,7,82,ok,
old,ifft,complex64,16384,8,ifft_complex64_n16384_b8,0.44679416654,0.443991265881,0.00266133574769,7,30,ok,
old,ifft,complex64,16384,16,ifft_complex64_n16384_b16,1.72363223586,1.69484613386,0.016131104591,7,30,ok,
old,ifft,complex64,16384,32,ifft_complex64_n16384_b32,3.44308399979,3.3731733531,0.0280282350586,7,17,ok,
old,ifft,complex64,16384,64,ifft_complex64_n16384_b64,6.8200432579,6.77206102409,0.0420862634201,7,4,ok,
old,ifft,complex64,16384,256,ifft_complex64_n16384_b256,16.3140830118,15.9538995358,0.148136983626,7,2,ok,
old,ifft,complex64,32768,1,ifft_complex64_n32768_b1,0.394877187015,0.393829623742,0.000854083433903,7,48,ok,
old,ifft,complex64,32768,2,ifft_complex64_n32768_b2,0.746449958533,0.745230880566,0.000863564200699,7,25,ok,
old,ifft,complex64,32768,4,ifft_complex64_n32768_b4,0.438951165415,0.43806550093,0.000585433250914,7,30,ok,
old,ifft,complex64,32768,8,ifft_complex64_n32768_b8,0.831891666166,0.828180803607,0.00247066685309,7,15,ok,
old,ifft,complex64,32768,16,ifft_complex64_n32768_b16,2.73549272346,2.70886714238,0.0156462691458,7,7,ok,
old,ifft,complex64,32768,32,ifft_complex64_n32768_b32,5.47276899063,5.35933401746,0.0388356468951,7,3,ok,
old,ifft,complex64,32768,64,ifft_complex64_n32768_b64,6.8033860065,6.41126739793,0.208607804962,7,5,ok,
old,ifft,complex64,32768,256,ifft_complex64_n32768_b256,65.7246559858,65.4550520703,0.201266026124,7,1,ok,
old,ifft,complex64,65536,1,ifft_complex64_n65536_b1,0.877842545213,0.869866227731,0.00561731444164,7,22,ok,
old,ifft,complex64,65536,2,ifft_complex64_n65536_b2,1.74831552431,1.73241640989,0.00917599947356,7,17,ok,
old,ifft,complex64,65536,4,ifft_complex64_n65536_b4,1.04288399702,1.0358240023,0.00289832158679,7,28,ok,
old,ifft,complex64,65536,8,ifft_complex64_n65536_b8,2.05728478198,2.04560578901,0.00316157404866,7,14,ok,
old,ifft,complex64,65536,16,ifft_complex64_n65536_b16,4.01433642089,3.98948286394,0.0129798593532,7,7,ok,
old,ifft,complex64,65536,32,ifft_complex64_n65536_b32,7.31927200686,7.28557701223,0.0132068060338,7,5,ok,
old,ifft,complex64,65536,64,ifft_complex64_n65536_b64,17.1738389763,17.0971709886,0.0373999937437,7,2,ok,
old,ifft,complex64,65536,256,ifft_complex64_n65536_b256,67.1733929776,66.6763139889,0.206095050089,7,1,ok,
old,ifft,complex128,64,1,ifft_complex128_n64_b1,0.00420233787686,0.00419044235963,6.50821806845e-06,9,1761,ok,
old,ifft,complex128,64,2,ifft_complex128_n64_b2,0.00476394646103,0.00469187146518,8.77148704603e-06,9,2000,ok,
old,ifft,complex128,64,4,ifft_complex128_n64_b4,0.00501585198799,0.00497329252539,8.84645851329e-06,9,2000,ok,
old,ifft,complex128,64,8,ifft_complex128_n64_b8,0.0056396824657,0.00560797349317,1.26534723677e-05,9,2000,ok,
old,ifft,complex128,64,16,ifft_complex128_n64_b16,0.00664079352282,0.00660464045359,2.93200137094e-05,9,2000,ok,
old,ifft,complex128,64,32,ifft_complex128_n64_b32,0.0088079253339,0.0087755439082,2.56059663265e-05,9,1594,ok,
old,ifft,complex128,64,64,ifft_complex128_n64_b64,0.0135233617066,0.0132368168158,7.70420279946e-05,9,1070,ok,
old,ifft,complex128,64,256,ifft_complex128_n64_b256,0.0409224152099,0.0404199754121,0.000344439758919,7,200,ok,
old,ifft,complex128,256,1,ifft_complex128_n256_b1,0.00526977150002,0.00521879148437,2.81175016426e-05,9,2000,ok,
old,ifft,complex128,256,2,ifft_complex128_n256_b2,0.00592040906259,0.00587391631383,3.47981291747e-05,9,1853,ok,
old,ifft,complex128,256,4,ifft_complex128_n256_b4,0.00714295249015,0.00704970163322,3.24871552976e-05,9,1599,ok,
old,ifft,complex128,256,8,ifft_complex128_n256_b8,0.00952967517369,0.00946670085557,2.1582838034e-05,9,1407,ok,
old,ifft,complex128,256,16,ifft_complex128_n256_b16,0.0144944990467,0.0143322986898,5.34907874122e-05,9,964,ok,
old,ifft,complex128,256,32,ifft_complex128_n256_b32,0.0241461204132,0.0240740802838,3.25596192852e-05,9,200,ok,
old,ifft,complex128,256,64,ifft_complex128_n256_b64,0.0435802305583,0.0429201446241,0.000142364297062,9,200,ok,
old,ifft,complex128,256,256,ifft_complex128_n256_b256,0.15864661725,0.157808140791,0.000585103407502,7,107,ok,
old,ifft,complex128,1024,1,ifft_complex128_n1024_b1,0.0103210504269,0.0102201375718,3.55508143614e-05,9,1229,ok,
old,ifft,complex128,1024,2,ifft_complex128_n1024_b2,0.0123996255366,0.0123103634442,3.51661261226e-05,9,1084,ok,
old,ifft,complex128,1024,4,ifft_complex128_n1024_b4,0.0188802513688,0.0186826731633,0.000101115176375,9,756,ok,
old,ifft,complex128,1024,8,ifft_complex128_n1024_b8,0.0317230750807,0.0314019701909,8.45099566504e-05,9,200,ok,
old,ifft,complex128,1024,16,ifft_complex128_n1024_b16,0.0571582495468,0.0569173000986,9.45298234001e-05,9,200,ok,
old,ifft,complex128,1024,32,ifft_complex128_n1024_b32,0.107759400271,0.107419524166,0.000177680615436,9,185,ok,
old,ifft,complex128,1024,64,ifft_complex128_n1024_b64,0.211637670254,0.210697723037,0.000553798832079,9,94,ok,
old,ifft,complex128,1024,256,ifft_complex128_n1024_b256,0.821028735178,0.81226103163,0.00231833352397,7,30,ok,
old,ifft,complex128,2048,1,ifft_complex128_n2048_b1,0.0190640125632,0.0188757860838,6.70895801037e-05,9,715,ok,
old,ifft,complex128,2048,2,ifft_complex128_n2048_b2,0.0235395623315,0.0233805127428,0.000151169759438,9,665,ok,
old,ifft,complex128,2048,4,ifft_complex128_n2048_b4,0.0391571148066,0.0389112549601,0.000158395268954,9,200,ok,
old,ifft,complex128,2048,8,ifft_complex128_n2048_b8,0.0717750599142,0.0707207899541,0.000998814939521,9,200,ok,
old,ifft,complex128,2048,16,ifft_complex128_n2048_b16,0.134790053418,0.134642472948,0.000147580470288,9,167,ok,
old,ifft,complex128,2048,32,ifft_complex128_n2048_b32,0.256792460194,0.255007977897,0.000891666431194,9,87,ok,
old,ifft,complex128,2048,64,ifft_complex128_n2048_b64,0.51636750189,0.511200167239,0.00237309917187,9,30,ok,
old,ifft,complex128,2048,256,ifft_complex128_n2048_b256,2.1096371758,2.06803176415,0.0364027081934,7,17,ok,
old,ifft,complex128,3072,1,ifft_complex128_n3072_b1,0.0238594269225,0.0237373979271,0.000115489740824,9,588,ok,
old,ifft,complex128,3072,2,ifft_complex128_n3072_b2,0.0300879700808,0.0297072599642,0.000240200315602,9,200,ok,
old,ifft,complex128,3072,4,ifft_complex128_n3072_b4,0.0514796399511,0.0510490848683,0.000270355376415,9,200,ok,
old,ifft,complex128,3072,8,ifft_complex128_n3072_b8,0.0951401697239,0.0937166548101,0.00076282536611,9,200,ok,
old,ifft,complex128,3072,16,ifft_complex128_n3072_b16,0.181951413442,0.176714711975,0.00398649046054,9,104,ok,
old,ifft,complex128,3072,32,ifft_complex128_n3072_b32,0.346282035268,0.343717902433,0.00188783354436,9,30,ok,
old,ifft,complex128,3072,64,ifft_complex128_n3072_b64,0.69449999913,0.689849335079,0.00191826450949,9,30,ok,
old,ifft,complex128,3072,256,ifft_complex128_n3072_b256,3.00452690572,2.92907289695,0.0603046035394,7,10,ok,
old,ifft,complex128,3584,1,ifft_complex128_n3584_b1,0.0270531419856,0.026933347745,4.88992259213e-05,9,486,ok,
old,ifft,complex128,3584,2,ifft_complex128_n3584_b2,0.0327959249262,0.032684970065,6.96850474924e-05,9,200,ok,
old,ifft,complex128,3584,4,ifft_complex128_n3584_b4,0.0564541353378,0.0562813598663,0.000107949599624,9,200,ok,
old,ifft,complex128,3584,8,ifft_complex128_n3584_b8,0.103451487116,0.10289085445,0.000143326563191,9,193,ok,
old,ifft,complex128,3584,16,ifft_complex128_n3584_b16,0.195114062006,0.194607704061,0.000382246145484,9,98,ok,
old,ifft,complex128,3584,32,ifft_complex128_n3584_b32,0.388696265873,0.387317698915,0.000671898790946,9,30,ok,
old,ifft,complex128,3584,64,ifft_complex128_n3584_b64,0.759456364904,0.753827167985,0.00246627023444,9,30,ok,
old,ifft,complex128,3584,256,ifft_complex128_n3584_b256,3.37291332997,3.33367222144,0.027147328688,7,9,ok,
old,ifft,complex128,4095,1,ifft_complex128_n4095_b1,0.0406059019345,0.0404818302264,6.60740105169e-05,9,336,ok,
old,ifft,complex128,4095,2,ifft_complex128_n4095_b2,0.0526234251447,0.0521372648655,0.000175479799509,9,200,ok,
old,ifft,complex128,4095,4,ifft_complex128_n4095_b4,0.095193819725,0.0948785798391,0.000154389999807,9,200,ok,
old,ifft,complex128,4095,8,ifft_complex128_n4095_b8,0.180476582186,0.179911072535,0.000418690879914,9,110,ok,
old,ifft,complex128,4095,16,ifft_complex128_n4095_b16,0.351985309019,0.350701472383,0.000547744672407,9,55,ok,
old,ifft,complex128,4095,32,ifft_complex128_n4095_b32,0.685602702045,0.684184398657,0.0013251362058,9,30,ok,
old,ifft,complex128,4095,64,ifft_complex128_n4095_b64,1.36685300441,1.36299343181,0.0038595726004,9,21,ok,
old,ifft,complex128,4095,256,ifft_complex128_n4095_b256,5.99195980467,5.95570220612,0.0261668115854,7,5,ok,
old,ifft,complex128,4096,1,ifft_complex128_n4096_b1,0.0358653730949,0.0354684279166,9.79999900822e-05,9,311,ok,
old,ifft,complex128,4096,2,ifft_complex128_n4096_b2,0.0440704450011,0.0436448497931,3.78699041903e-05,9,200,ok,
old,ifft,complex128,4096,4,ifft_complex128_n4096_b4,0.0779671297641,0.0775534100831,9.92848072201e-05,9,200,ok,
old,ifft,complex128,4096,8,ifft_complex128_n4096_b8,0.144578469605,0.144252215275,0.000309106900088,9,149,ok,
old,ifft,complex128,4096,16,ifft_complex128_n4096_b16,0.278708296483,0.278301975391,0.000285851355228,9,81,ok,
old,ifft,complex128,4096,32,ifft_complex128_n4096_b32,0.574375867533,0.57071003442,0.00269200342397,9,30,ok,
old,ifft,complex128,4096,64,ifft_complex128_n4096_b64,1.10180539778,1.09895136363,0.000479200389236,9,30,ok,
old,ifft,complex128,4096,256,ifft_complex128_n4096_b256,4.70850784664,4.6875128589,0.0140835597579,7,7,ok,
old,ifft,complex128,4097,1,ifft_complex128_n4097_b1,0.182555821496,0.181850065688,0.000303585899396,7,106,ok,
old,ifft,complex128,4097,2,ifft_complex128_n4097_b2,0.214620466189,0.212402533119,0.000391389605486,7,90,ok,
old,ifft,complex128,4097,4,ifft_complex128_n4097_b4,0.355670268099,0.354024357096,0.00164591100266,7,56,ok,
old,ifft,complex128,4097,8,ifft_complex128_n4097_b8,0.634714675647,0.628641385946,0.00607328970105,7,31,ok,
old,ifft,complex128,4097,16,ifft_complex128_n4097_b16,1.20689507574,1.19639907964,0.00142668373883,7,25,ok,
old,ifft,complex128,4097,32,ifft_complex128_n4097_b32,2.26910484101,2.2628523293,0.0062525117149,7,12,ok,
old,ifft,complex128,4097,64,ifft_complex128_n4097_b64,4.50727333858,4.49326065912,0.00796800789734,7,6,ok,
old,ifft,complex128,4097,256,ifft_complex128_n4097_b256,19.3354479852,18.751351512,0.194157531951,7,2,ok,
old,ifft,complex128,4608,1,ifft_complex128_n4608_b1,0.0357383303344,0.0343741255347,0.00136420479976,7,200,ok,
old,ifft,complex128,4608,2,ifft_complex128_n4608_b2,0.0417485105572,0.0408297398826,0.000772445346229,7,200,ok,
old,ifft,complex128,4608,4,ifft_complex128_n4608_b4,0.0715769897215,0.071327475016,0.000149579718709,7,200,ok,
old,ifft,complex128,4608,8,ifft_complex128_n4608_b8,0.132526486026,0.132189460564,0.000220947743704,7,150,ok,
old,ifft,complex128,4608,16,ifft_complex128_n4608_b16,0.253335665911,0.252902531065,0.000433134846389,7,30,ok,
old,ifft,complex128,4608,32,ifft_complex128_n4608_b32,0.495608701992,0.494366732892,0.000286866755535,7,30,ok,
old,ifft,complex128,4608,64,ifft_complex128_n4608_b64,0.994380414968,0.991075962043,0.0011939635693,7,29,ok,
old,ifft,complex128,4608,256,ifft_complex128_n4608_b256,4.34180658776,4.31624881458,0.0100548146293,7,5,ok,
old,ifft,complex128,8192,1,ifft_complex128_n8192_b1,0.0744647352258,0.0713625899516,0.00137727474794,7,200,ok,
old,ifft,complex128,8192,2,ifft_complex128_n8192_b2,0.0788898050087,0.0785576849012,0.000238395296037,7,200,ok,
old,ifft,complex128,8192,4,ifft_complex128_n8192_b4,0.142291551456,0.141509528272,0.000356423668563,7,125,ok,
old,ifft,complex128,8192,8,ifft_complex128_n8192_b8,0.270003137165,0.268803773603,0.00105378972931,7,66,ok,
old,ifft,complex128,8192,16,ifft_complex128_n8192_b16,0.558521598577,0.551648065448,0.00687353312969,7,30,ok,
old,ifft,complex128,8192,32,ifft_complex128_n8192_b32,1.1272704578,1.06131054054,0.0331648722446,7,24,ok,
old,ifft,complex128,8192,64,ifft_complex128_n8192_b64,2.19476840963,2.13697625441,0.0322469083282,7,12,ok,
old,ifft,complex128,8192,256,ifft_complex128_n8192_b256,12.4003033464,11.9421340059,0.307725005162,7,3,ok,
old,ifft,complex128,16384,1,ifft_complex128_n16384_b1,0.148728106197,0.148541915467,0.000186190730564,7,142,ok,
old,ifft,complex128,16384,2,ifft_complex128_n16384_b2,0.197769526035,0.189275687767,0.00381369538831,7,99,ok,
old,ifft,complex128,16384,4,ifft_complex128_n16384_b4,0.359571079331,0.348051921097,0.0115191582345,7,38,ok,
old,ifft,complex128,16384,8,ifft_complex128_n16384_b8,0.677866566305,0.67435936459,0.00164106798669,7,30,ok,
old,ifft,complex128,16384,16,ifft_complex128_n16384_b16,1.41362817852,1.35247617833,0.0388403105634,7,22,ok,
old,ifft,complex128,16384,32,ifft_complex128_n16384_b32,2.83534509468,2.80846218282,0.026882911863,7,11,ok,
old,ifft,complex128,16384,64,ifft_complex128_n16384_b64,6.09096479602,6.02060158271,0.0670671928674,7,5,ok,
old,ifft,complex128,16384,256,ifft_complex128_n16384_b256,60.9871239867,60.4511930142,0.428501050919,7,1,ok,
old,ifft,complex128,32768,1,ifft_complex128_n32768_b1,0.543235878771,0.534901540959,0.0083343378113,7,24,ok,
old,ifft,complex128,32768,2,ifft_complex128_n32768_b2,0.403144820713,0.395438612964,0.0077062077486,7,39,ok,
old,ifft,complex128,32768,4,ifft_complex128_n32768_b4,0.757405868111,0.748963432852,0.00353530049324,7,30,ok,
old,ifft,complex128,32768,8,ifft_complex128_n32768_b8,1.53410378966,1.50218526343,0.0308186281472,7,19,ok,
old,ifft,complex128,32768,16,ifft_complex128_n32768_b16,3.1221487443,3.06170825206,0.0604404922342,7,8,ok,
old,ifft,complex128,32768,32,ifft_complex128_n32768_b32,6.50021823822,6.35437076562,0.130381260533,7,4,ok,
old,ifft,complex128,32768,64,ifft_complex128_n32768_b64,15.1024535298,14.9535405217,0.0731570180506,7,2,ok,
old,ifft,complex128,32768,256,ifft_complex128_n32768_b256,100.594880991,99.9962920323,0.303206034005,7,1,ok,
old,ifft,complex128,65536,1,ifft_complex128_n65536_b1,0.698197530309,0.692216350752,0.0025371212841,7,17,ok,
old,ifft,complex128,65536,2,ifft_complex128_n65536_b2,0.778525031637,0.772039565103,0.00160496759539,7,30,ok,
old,ifft,complex128,65536,4,ifft_complex128_n65536_b4,1.83351454325,1.81382186499,0.0196926782585,7,22,ok,
old,ifft,complex128,65536,8,ifft_complex128_n65536_b8,3.18491655505,3.12380233987,0.020554004651,7,9,ok,
old,ifft,complex128,65536,16,ifft_complex128_n65536_b16,6.4561131876,6.3954178011,0.0408523948863,7,5,ok,
old,ifft,complex128,65536,32,ifft_complex128_n65536_b32,15.2819239884,15.1484295493,0.0993554713205,7,2,ok,
old,ifft,complex128,65536,64,ifft_complex128_n65536_b64,26.1434789281,25.8953649318,0.176108907908,7,1,ok,
old,ifft,complex128,65536,256,ifft_complex128_n65536_b256,102.095926064,101.290830993,0.805095070973,7,1,ok,
c222,fft,complex64,64,1,fft_complex64_n64_b1,0.00451956461582,0.00448849073162,1.15577830539e-05,9,866,ok,
c222,fft,complex64,64,2,fft_complex64_n64_b2,0.0051519202819,0.00513347472309,5.78918533915e-06,9,1504,ok,
c222,fft,complex64,64,4,fft_complex64_n64_b4,0.0056130879675,0.00554292695597,3.39130638167e-05,9,2000,ok,
c222,fft,complex64,64,8,fft_complex64_n64_b8,0.00686676579513,0.0068460260006,1.87876276707e-05,9,1883,ok,
c222,fft,complex64,64,16,fft_complex64_n64_b16,0.00775020996116,0.00773007674484,1.22423944676e-05,9,1667,ok,
c222,fft,complex64,64,32,fft_complex64_n64_b32,0.0104818985243,0.0104571216665,1.58880179107e-05,9,1241,ok,
c222,fft,complex64,64,64,fft_complex64_n64_b64,0.0162041717318,0.016176190556,1.94353325402e-05,9,850,ok,
c222,fft,complex64,64,256,fft_complex64_n64_b256,0.211309829452,0.210130351744,0.00114213617053,7,88,ok,
c222,fft,complex64,256,1,fft_complex64_n256_b1,0.00586988315665,0.005847811605,1.30146339028e-05,9,1438,ok,
c222,fft,complex64,256,2,fft_complex64_n256_b2,0.00727958948389,0.0072581498183,1.9454477995e-05,9,1615,ok,
c222,fft,complex64,256,4,fft_complex64_n256_b4,0.00911831434384,0.00910353985803,9.8584630862e-06,9,1441,ok,
c222,fft,complex64,256,8,fft_complex64_n256_b8,0.0127083540131,0.0126556460202,2.54042450012e-05,9,1096,ok,
c222,fft,complex64,256,16,fft_complex64_n256_b16,0.0200939468429,0.0200272240697,6.67227732138e-05,9,714,ok,
c222,fft,complex64,256,32,fft_complex64_n256_b32,0.0349552102853,0.0347867998062,8.49599018693e-05,9,200,ok,
c222,fft,complex64,256,64,fft_complex64_n256_b64,0.22263494239,0.220157289986,0.000516651198268,9,86,ok,
c222,fft,complex64,256,256,fft_complex64_n256_b256,0.966997890684,0.961541369753,0.00323341718238,7,19,ok,
c222,fft,complex64,1024,1,fft_complex64_n1024_b1,0.0127557191019,0.0126522559656,1.68476660693e-05,9,801,ok,
c222,fft,complex64,1024,2,fft_complex64_n1024_b2,0.018104370317,0.0176690244008,0.000183450486486,9,737,ok,
c222,fft,complex64,1024,4,fft_complex64_n1024_b4,0.0267529034894,0.0264653958502,0.00017844221436,9,518,ok,
c222,fft,complex64,1024,8,fft_complex64_n1024_b8,0.0443449104205,0.0441563595086,0.000159700284712,9,200,ok,
c222,fft,complex64,1024,16,fft_complex64_n1024_b16,0.0795112655032,0.0785116449697,0.000391534413211,9,200,ok,
c222,fft,complex64,1024,32,fft_complex64_n1024_b32,0.149663596887,0.149168887161,0.000208700751706,9,124,ok,
c222,fft,complex64,1024,64,fft_complex64_n1024_b64,0.998268418602,0.99519847304,0.00203378792656,9,19,ok,
c222,fft,complex64,1024,256,fft_complex64_n1024_b256,2.65443880344,2.64682850102,0.00761030241847,7,10,ok,
c222,fft,complex64,2048,1,fft_complex64_n2048_b1,0.0217369375659,0.0215618324822,6.09507805657e-05,9,609,ok,
c222,fft,complex64,2048,2,fft_complex64_n2048_b2,0.0329905788358,0.0328367244004,6.39632128662e-05,9,432,ok,
c222,fft,complex64,2048,4,fft_complex64_n2048_b4,0.0531052751467,0.0528272049269,0.000120574841276,9,200,ok,
c222,fft,complex64,2048,8,fft_complex64_n2048_b8,0.093069599825,0.0926257198444,0.000239299843088,9,200,ok,
c222,fft,complex64,2048,16,fft_complex64_n2048_b16,0.173804034949,0.173138814105,0.000286813355587,9,113,ok,
c222,fft,complex64,2048,32,fft_complex64_n2048_b32,0.329547966199,0.327863458197,0.000632711354706,9,59,ok,
c222,fft,complex64,2048,64,fft_complex64_n2048_b64,0.645650399383,0.641269566646,0.00206119924163,9,30,ok,
c222,fft,complex64,2048,256,fft_complex64_n2048_b256,4.54083282966,4.36035566963,0.0785200002914,7,6,ok,
c222,fft,complex64,3072,1,fft_complex64_n3072_b1,0.0297659694542,0.0296010468395,0.000164922614706,9,427,ok,
c222,fft,complex64,3072,2,fft_complex64_n3072_b2,0.0478048750665,0.0474832253531,0.000164805096574,9,200,ok,
c222,fft,complex64,3072,4,fft_complex64_n3072_b4,0.0790983450133,0.0785572850145,0.000359425321221,9,200,ok,
c222,fft,complex64,3072,8,fft_complex64_n3072_b8,0.142813356983,0.140350000651,0.00141582148539,9,129,ok,
c222,fft,complex64,3072,16,fft_complex64_n3072_b16,0.267883458744,0.265553973602,0.00157112501458,9,72,ok,
c222,fft,complex64,3072,32,fft_complex64_n3072_b32,0.524332366573,0.520228699315,0.00296020104239,9,30,ok,
c222,fft,complex64,3072,64,fft_complex64_n3072_b64,1.02953144556,1.01778281559,0.0074105164795,9,27,ok,
c222,fft,complex64,3072,256,fft_complex64_n3072_b256,6.71919973684,6.60567000159,0.101271754829,7,4,ok,
c222,fft,complex64,3584,1,fft_complex64_n3584_b1,0.0340354291454,0.0338535111313,0.000109923358922,9,354,ok,
c222,fft,complex64,3584,2,fft_complex64_n3584_b2,0.0536358199315,0.0530407601036,0.000232079764828,9,200,ok,
c222,fft,complex64,3584,4,fft_complex64_n3584_b4,0.0896178994412,0.0889752459146,0.000247150898242,9,199,ok,
c222,fft,complex64,3584,8,fft_complex64_n3584_b8,0.160737528874,0.158851693985,0.000735338823485,9,121,ok,
c222,fft,complex64,3584,16,fft_complex64_n3584_b16,0.307841199593,0.304855307779,0.00224233998989,9,65,ok,
c222,fft,complex64,3584,32,fft_complex64_n3584_b32,0.596143534252,0.587134067124,0.00258246436715,9,30,ok,
c222,fft,complex64,3584,64,fft_complex64_n3584_b64,1.14782748278,1.14238855895,0.00543892383575,9,25,ok,
c222,fft,complex64,3584,256,fft_complex64_n3584_b256,7.77536498693,7.6757989979,0.038334983401,7,3,ok,
c222,fft,complex64,4095,1,fft_complex64_n4095_b1,0.0450712611906,0.0446733977173,0.000258477291826,9,264,ok,
c222,fft,complex64,4095,2,fft_complex64_n4095_b2,0.0746554951183,0.0740856298944,0.00021715532057,9,200,ok,
c222,fft,complex64,4095,4,fft_complex64_n4095_b4,0.136409427746,0.135722834264,0.000468800486676,9,145,ok,
c222,fft,complex64,4095,8,fft_complex64_n4095_b8,0.259744933185,0.258851653586,0.000813920050859,9,75,ok,
c222,fft,complex64,4095,16,fft_complex64_n4095_b16,0.501074585676,0.500025389354,0.000756967993867,9,36,ok,
c222,fft,complex64,4095,32,fft_complex64_n4095_b32,0.988511680459,0.97815375193,0.00557293034425,9,28,ok,
c222,fft,complex64,4095,64,fft_complex64_n4095_b64,2.02411921262,1.99105885778,0.02133486227,9,14,ok,
c222,fft,complex64,4095,256,fft_complex64_n4095_b256,11.9008115144,11.4795440459,0.143437995575,7,2,ok,
c222,fft,complex64,4096,1,fft_complex64_n4096_b1,0.0401928954855,0.0395972686542,0.000181048413488,9,268,ok,
c222,fft,complex64,4096,2,fft_complex64_n4096_b2,0.0608173350338,0.0603788648732,0.000388825428672,9,200,ok,
c222,fft,complex64,4096,4,fft_complex64_n4096_b4,0.103148073446,0.101624440075,0.000748727885099,9,191,ok,
c222,fft,complex64,4096,8,fft_complex64_n4096_b8,0.187521461425,0.184633803335,0.00105943078833,9,102,ok,
c222,fft,complex64,4096,16,fft_complex64_n4096_b16,0.350425320783,0.348462811056,0.00143400173775,9,53,ok,
c222,fft,complex64,4096,32,fft_complex64_n4096_b32,0.682350632269,0.673264668634,0.00643399932111,9,30,ok,
c222,fft,complex64,4096,64,fft_complex64_n4096_b64,1.35993754957,1.35042775073,0.00400600256398,9,20,ok,
c222,fft,complex64,4096,256,fft_complex64_n4096_b256,8.84902768303,8.70564335492,0.143384328112,7,3,ok,
c222,fft,complex64,4097,1,fft_complex64_n4097_b1,0.11781199292,0.11710527353,0.000340840779245,7,150,ok,
c222,fft,complex64,4097,2,fft_complex64_n4097_b2,0.19665180226,0.19254075308,0.000239555069273,7,101,ok,
c222,fft,complex64,4097,4,fft_complex64_n4097_b4,0.374687210961,0.373834672456,0.0007174788222,7,52,ok,
c222,fft,complex64,4097,8,fft_complex64_n4097_b8,0.754860109063,0.749664070706,0.00495707219536,7,27,ok,
c222,fft,complex64,4097,16,fft_complex64_n4097_b16,1.4736661565,1.44481220846,0.0287283726625,7,19,ok,
c222,fft,complex64,4097,32,fft_complex64_n4097_b32,3.03861559369,2.92770039523,0.0308135990053,7,10,ok,
c222,fft,complex64,4097,64,fft_complex64_n4097_b64,5.85969081149,5.79777320381,0.0378085998818,7,5,ok,
c222,fft,complex64,4097,256,fft_complex64_n4097_b256,26.9802520052,26.8069290323,0.17299305182,7,1,ok,
c222,fft,complex64,4608,1,fft_complex64_n4608_b1,0.0435440096771,0.0432354852092,0.000187949626707,7,200,ok,
c222,fft,complex64,4608,2,fft_complex64_n4608_b2,0.0742370099761,0.0736336299451,0.000279175001197,7,200,ok,
c222,fft,complex64,4608,4,fft_complex64_n4608_b4,0.127995052893,0.126779668453,0.000452628938962,7,151,ok,
c222,fft,complex64,4608,8,fft_complex64_n4608_b8,0.234804264864,0.232376361614,0.00184392752911,7,83,ok,
c222,fft,complex64,4608,16,fft_complex64_n4608_b16,0.432868131126,0.431411732764,0.00145639836167,7,30,ok,
c222,fft,complex64,4608,32,fft_complex64_n4608_b32,0.840725563467,0.836228501673,0.004497061794,7,30,ok,
c222,fft,complex64,4608,64,fft_complex64_n4608_b64,1.69368212664,1.68642043718,0.0072616894613,7,16,ok,
c222,fft,complex64,4608,256,fft_complex64_n4608_b256,10.8453610058,10.5698263117,0.0539309888457,7,3,ok,
c222,fft,complex64,8192,1,fft_complex64_n8192_b1,0.0785973097663,0.077475514845,0.000504489871673,7,200,ok,
c222,fft,complex64,8192,2,fft_complex64_n8192_b2,0.130044699053,0.128492212229,0.000890979084046,7,146,ok,
c222,fft,complex64,8192,4,fft_complex64_n8192_b4,0.231544562131,0.231343903579,0.000200658551838,7,73,ok,
c222,fft,complex64,8192,8,fft_complex64_n8192_b8,0.431961842543,0.42984763001,0.00139526214058,7,38,ok,
c222,fft,complex64,8192,16,fft_complex64_n8192_b16,0.833644551739,0.830207100331,0.00173672792855,7,29,ok,
c222,fft,complex64,8192,32,fft_complex64_n8192_b32,1.65404336128,1.65078871318,0.00325464809846,7,14,ok,
c222,fft,complex64,8192,64,fft_complex64_n8192_b64,3.49204628063,3.43809971985,0.0262962920325,7,7,ok,
c222,fft,complex64,8192,256,fft_complex64_n8192_b256,18.373300496,18.2151395129,0.0690040178597,7,2,ok,
c222,fft,complex64,16384,1,fft_complex64_n16384_b1,0.199009723803,0.197979819743,0.000954978415703,7,94,ok,
c222,fft,complex64,16384,2,fft_complex64_n16384_b2,0.392156560659,0.390679120114,0.00147744054523,7,34,ok,
c222,fft,complex64,16384,4,fft_complex64_n16384_b4,0.774480577093,0.771299268728,0.00227538671774,7,26,ok,
c222,fft,complex64,16384,8,fft_complex64_n16384_b8,1.54568494518,1.52991704741,0.00555352552941,7,19,ok,
c222,fft,complex64,16384,16,fft_complex64_n16384_b16,3.20120649121,3.1356652471,0.065541244112,7,8,ok,
c222,fft,complex64,16384,32,fft_complex64_n16384_b32,7.12092773756,6.8295057572,0.17502476112,7,4,ok,
c222,fft,complex64,16384,64,fft_complex64_n16384_b64,15.849846066,15.2508360334,0.599010032602,7,1,ok,
c222,fft,complex64,16384,256,fft_complex64_n16384_b256,66.8660090305,66.1455830559,0.157505040988,7,1,ok,
c222,fft,complex64,32768,1,fft_complex64_n32768_b1,0.462002544996,0.45902171405,0.00115909192356,7,42,ok,
c222,fft,complex64,32768,2,fft_complex64_n32768_b2,0.912092332285,0.909201235377,0.00106675794259,7,21,ok,
c222,fft,complex64,32768,4,fft_complex64_n32768_b4,1.80398406616,1.77915100163,0.016109397014,7,15,ok,
c222,fft,complex64,32768,8,fft_complex64_n32768_b8,3.92235012259,3.86333238566,0.0478932488477,7,8,ok,
c222,fft,complex64,32768,16,fft_complex64_n32768_b16,8.39102865818,8.11169001584,0.162780672933,7,3,ok,
c222,fft,complex64,32768,32,fft_complex64_n32768_b32,19.1683049779,17.4540430307,1.61866494454,7,1,ok,
c222,fft,complex64,32768,64,fft_complex64_n32768_b64,38.8826420531,37.6123080496,0.437427079305,7,1,ok,
c222,fft,complex64,32768,256,fft_complex64_n32768_b256,150.756989024,149.210217991,0.519952038303,7,1,ok,
c222,fft,complex64,65536,1,fft_complex64_n65536_b1,1.00205934723,0.99872360006,0.00333574716933,7,20,ok,
c222,fft,complex64,65536,2,fft_complex64_n65536_b2,1.90441106291,1.88823679928,0.00518766852717,7,15,ok,
c222,fft,complex64,65536,4,fft_complex64_n65536_b4,4.27206514204,4.03165315012,0.0634615841721,7,7,ok,
c222,fft,complex64,65536,8,fft_complex64_n65536_b8,9.63921600487,8.98555951426,0.170287967194,7,2,ok,
c222,fft,complex64,65536,16,fft_complex64_n65536_b16,22.9172210675,19.9405079475,0.904941000044,7,1,ok,
c222,fft,complex64,65536,32,fft_complex64_n65536_b32,41.2947490113,40.9496439388,0.345105072483,7,1,ok,
c222,fft,complex64,65536,64,fft_complex64_n65536_b64,82.2565460112,81.2060029712,0.361855956726,7,1,ok,
c222,fft,complex64,65536,256,fft_complex64_n65536_b256,323.220083956,317.409928073,1.56688806601,7,1,ok,
c222,fft,complex128,64,1,fft_complex128_n64_b1,0.0038436469622,0.00382175599225,7.18352384865e-06,9,2000,ok,
c222,fft,complex128,64,2,fft_complex128_n64_b2,0.00419508852065,0.00418910750886,4.85894270241e-06,9,2000,ok,
c222,fft,complex128,64,4,fft_complex128_n64_b4,0.00443028804148,0.00441428297199,1.57306203619e-06,9,2000,ok,
c222,fft,complex128,64,8,fft_complex128_n64_b8,0.0050901210052,0.00507627503248,1.38459727168e-05,9,2000,ok,
c222,fft,complex128,64,16,fft_complex128_n64_b16,0.00625183648663,0.00623316701967,7.19353556633e-06,9,2000,ok,
c222,fft,complex128,64,32,fft_complex128_n64_b32,0.00858566253173,0.00854437728036,1.93200867442e-05,9,1606,ok,
c222,fft,complex128,64,64,fft_complex128_n64_b64,0.0132165550255,0.0131744320636,3.46067967195e-05,9,1081,ok,
c222,fft,complex128,64,256,fft_complex128_n64_b256,0.0420456100255,0.0418398249894,8.97701829672e-05,7,200,ok,
c222,fft,complex128,256,1,fft_complex128_n256_b1,0.00503800850129,0.00502455350943,5.62553759664e-06,9,2000,ok,
c222,fft,complex128,256,2,fft_complex128_n256_b2,0.00596838199999,0.00590198801365,3.84069862776e-05,9,2000,ok,
c222,fft,complex128,256,4,fft_complex128_n256_b4,0.00751159026329,0.00744428863537,3.14459064475e-05,9,1767,ok,
c222,fft,complex128,256,8,fft_complex128_n256_b8,0.0104625725478,0.010419528611,1.75376258352e-05,9,1343,ok,
c222,fft,complex128,256,16,fft_complex128_n256_b16,0.0168745141566,0.0168079859577,4.07371257063e-05,9,848,ok,
c222,fft,complex128,256,32,fft_complex128_n256_b32,0.0292419397738,0.0290094001684,8.91654053703e-05,9,200,ok,
c222,fft,complex128,256,64,fft_complex128_n256_b64,0.0540977797937,0.0540027051466,9.50746471062e-05,9,200,ok,
c222,fft,complex128,256,256,fft_complex128_n256_b256,0.195442147635,0.195092175786,0.000136530063316,7,102,ok,
c222,fft,complex128,1024,1,fft_complex128_n1024_b1,0.0115342311583,0.0114889847161,2.57651308238e-05,9,1116,ok,
c222,fft,complex128,1024,2,fft_complex128_n1024_b2,0.0157155707779,0.0155877227152,0.00012020057547,9,862,ok,
c222,fft,complex128,1024,4,fft_complex128_n1024_b4,0.0243550707365,0.0232957785665,0.000207811279625,9,551,ok,
c222,fft,complex128,1024,8,fft_complex128_n1024_b8,0.0407086149789,0.0404408149188,0.000179935595952,9,200,ok,
c222,fft,complex128,1024,16,fft_complex128_n1024_b16,0.0708223850233,0.0702746550087,9.16252611205e-05,9,200,ok,
c222,fft,complex128,1024,32,fft_complex128_n1024_b32,0.132269235145,0.131113614485,0.000790301010353,9,153,ok,
c222,fft,complex128,1024,64,fft_complex128_n1024_b64,0.254265607417,0.252864126092,0.000534797252356,9,79,ok,
c222,fft,complex128,1024,256,fft_complex128_n1024_b256,0.983084233788,0.974533563325,0.000628169315557,7,30,ok,
c222,fft,complex128,2048,1,fft_complex128_n2048_b1,0.0195365942043,0.0194817708403,4.25987015865e-05,9,663,ok,
c222,fft,complex128,2048,2,fft_complex128_n2048_b2,0.0293917007378,0.0291646371851,0.000130981550415,9,488,ok,
c222,fft,complex128,2048,4,fft_complex128_n2048_b4,0.0478643848328,0.0473191653145,0.000291395117529,9,200,ok,
c222,fft,complex128,2048,8,fft_complex128_n2048_b8,0.0839462550357,0.0834481249331,0.000327060115524,9,200,ok,
c222,fft,complex128,2048,16,fft_complex128_n2048_b16,0.153426677347,0.152633269317,0.000263492648418,9,130,ok,
c222,fft,complex128,2048,32,fft_complex128_n2048_b32,0.293746590614,0.292396635015,0.000321817810111,9,66,ok,
c222,fft,complex128,2048,64,fft_complex128_n2048_b64,0.572765564236,0.571196964787,0.00119793306415,9,30,ok,
c222,fft,complex128,2048,256,fft_complex128_n2048_b256,2.30693661321,2.27602038425,0.0253719940352,7,13,ok,
c222,fft,complex128,3072,1,fft_complex128_n3072_b1,0.028314529239,0.0282003374499,4.49811826305e-05,9,480,ok,
c222,fft,complex128,3072,2,fft_complex128_n3072_b2,0.0449712300906,0.0448220001999,3.94746894017e-05,9,200,ok,
c222,fft,complex128,3072,4,fft_complex128_n3072_b4,0.0733160896925,0.0720679596998,0.000103040365502,9,200,ok,
c222,fft,complex128,3072,8,fft_complex128_n3072_b8,0.130382829076,0.128748197121,0.000559664362012,9,152,ok,
c222,fft,complex128,3072,16,fft_complex128_n3072_b16,0.238682843285,0.238219928277,0.000315879651132,9,83,ok,
c222,fft,complex128,3072,32,fft_complex128_n3072_b32,0.462711901249,0.46080633377,0.000681266343842,9,30,ok,
c222,fft,complex128,3072,64,fft_complex128_n3072_b64,0.925893029974,0.914548830284,0.00652886228636,9,30,ok,
c222,fft,complex128,3072,256,fft_complex128_n3072_b256,4.08942957542,4.02815942653,0.0612701488925,7,7,ok,
c222,fft,complex128,3584,1,fft_complex128_n3584_b1,0.0312435779925,0.0308019579616,6.63705730251e-05,9,429,ok,
c222,fft,complex128,3584,2,fft_complex128_n3584_b2,0.0486610247754,0.0484689150471,0.000192109728232,9,200,ok,
c222,fft,complex128,3584,4,fft_complex128_n3584_b4,0.080079024774,0.0796938099666,0.000319349928759,9,200,ok,
c222,fft,complex128,3584,8,fft_complex128_n3584_b8,0.142579935927,0.141592259123,0.00023922176107,9,139,ok,
c222,fft,complex128,3584,16,fft_complex128_n3584_b16,0.268216837965,0.266937959021,0.000208499841392,9,74,ok,
c222,fft,complex128,3584,32,fft_complex128_n3584_b32,0.524859367094,0.520260767856,0.00208989949897,9,30,ok,
c222,fft,complex128,3584,64,fft_complex128_n3584_b64,1.04204632225,1.04030092812,0.0017453941317,9,28,ok,
c222,fft,complex128,3584,256,fft_complex128_n3584_b256,4.51947467324,4.43548433638,0.0484736519866,7,6,ok,
c222,fft,complex128,4095,1,fft_complex128_n4095_b1,0.0414312981961,0.0412513555241,0.000117659773565,9,332,ok,
c222,fft,complex128,4095,2,fft_complex128_n4095_b2,0.0693494797451,0.0685508351307,6.85302074999e-05,9,200,ok,
c222,fft,complex128,4095,4,fft_complex128_n4095_b4,0.127598156475,0.126547818133,0.00042533698528,9,154,ok,
c222,fft,complex128,4095,8,fft_complex128_n4095_b8,0.242985404816,0.241612709021,0.00129824009123,9,79,ok,
c222,fft,complex128,4095,16,fft_complex128_n4095_b16,0.472190404253,0.465258999611,0.00574759178562,9,32,ok,
c222,fft,complex128,4095,32,fft_complex128_n4095_b32,0.933161634021,0.926086698504,0.00533293156574,9,30,ok,
c222,fft,complex128,4095,64,fft_complex128_n4095_b64,1.82885531103,1.80849224853,0.00290231400868,9,16,ok,
c222,fft,complex128,4095,256,fft_complex128_n4095_b256,7.78428500053,7.65969200681,0.124592993719,7,3,ok,
c222,fft,complex128,4096,1,fft_complex128_n4096_b1,0.0359053000514,0.0358269945106,7.83055408025e-05,9,380,ok,
c222,fft,complex128,4096,2,fft_complex128_n4096_b2,0.0548156199511,0.0545010849601,5.70545671508e-05,9,200,ok,
c222,fft,complex128,4096,4,fft_complex128_n4096_b4,0.0906956149265,0.0899456598563,0.000282729743049,9,200,ok,
c222,fft,complex128,4096,8,fft_complex128_n4096_b8,0.164576281238,0.164091867893,0.000324376997652,9,114,ok,
c222,fft,complex128,4096,16,fft_complex128_n4096_b16,0.310453358907,0.309421124257,0.000883843313204,9,64,ok,
c222,fft,complex128,4096,32,fft_complex128_n4096_b32,0.606431431758,0.602363868772,0.00126070032517,9,30,ok,
c222,fft,complex128,4096,64,fft_complex128_n4096_b64,1.20574411936,1.19285404216,0.0128900771961,9,25,ok,
c222,fft,complex128,4096,256,fft_complex128_n4096_b256,5.35760058556,5.23607761133,0.121522974223,7,5,ok,
c222,fft,complex128,4097,1,fft_complex128_n4097_b1,0.114384650801,0.113975724485,0.000408926315926,7,163,ok,
c222,fft,complex128,4097,2,fft_complex128_n4097_b2,0.187805475152,0.185244971009,0.000940009644165,7,103,ok,
c222,fft,complex128,4097,4,fft_complex128_n4097_b4,0.357295646716,0.35575178324,0.000550039569099,7,51,ok,
c222,fft,complex128,4097,8,fft_complex128_n4097_b8,0.703651570283,0.700741141502,0.0026496044094,7,28,ok,
c222,fft,complex128,4097,16,fft_complex128_n4097_b16,1.41206990229,1.38849889627,0.0191127473954,7,20,ok,
c222,fft,complex128,4097,32,fft_complex128_n4097_b32,2.77022520313,2.75578810833,0.0100458040833,7,10,ok,
c222,fft,complex128,4097,64,fft_complex128_n4097_b64,5.4374899948,5.42340779211,0.0140822026879,7,5,ok,
c222,fft,complex128,4097,256,fft_complex128_n4097_b256,22.0014490187,21.9219609862,0.0669750152156,7,1,ok,
c222,fft,complex128,4608,1,fft_complex128_n4608_b1,0.0389160652412,0.038813019637,3.84694430977e-05,7,200,ok,
c222,fft,complex128,4608,2,fft_complex128_n4608_b2,0.0659404601902,0.0655907555483,0.00012538570445,7,200,ok,
c222,fft,complex128,4608,4,fft_complex128_n4608_b4,0.110959634839,0.11051452805,0.000364618020111,7,178,ok,
c222,fft,complex128,4608,8,fft_complex128_n4608_b8,0.20269054515,0.202249322849,0.000174666491497,7,99,ok,
c222,fft,complex128,4608,16,fft_complex128_n4608_b16,0.393636501394,0.392956899789,0.000616166895876,7,30,ok,
c222,fft,complex128,4608,32,fft_complex128_n4608_b32,0.756263399186,0.753974134568,0.000512634869665,7,30,ok,
c222,fft,complex128,4608,64,fft_complex128_n4608_b64,1.57295115978,1.53494963275,0.0330106306233,7,19,ok,
c222,fft,complex128,4608,256,fft_complex128_n4608_b256,6.50950300042,6.35920199566,0.0830611912534,7,5,ok,
c222,fft,complex128,8192,1,fft_complex128_n8192_b1,0.0737090746406,0.0735205697129,0.000166059471667,7,200,ok,
c222,fft,complex128,8192,2,fft_complex128_n8192_b2,0.124544920143,0.124399128879,0.000145791264171,7,163,ok,
c222,fft,complex128,8192,4,fft_complex128_n8192_b4,0.246161023997,0.245689178839,0.000327273959383,7,84,ok,
c222,fft,complex128,8192,8,fft_complex128_n8192_b8,0.458984710794,0.455473045198,0.000521866604686,7,45,ok,
c222,fft,complex128,8192,16,fft_complex128_n8192_b16,0.909220202205,0.889403834784,0.00485439862435,7,30,ok,
c222,fft,complex128,8192,32,fft_complex128_n8192_b32,1.77695317988,1.75847329528,0.00423912013717,7,17,ok,
c222,fft,complex128,8192,64,fft_complex128_n8192_b64,3.61869811443,3.53893810987,0.0687061239862,7,9,ok,
c222,fft,complex128,8192,256,fft_complex128_n8192_b256,14.4506710349,14.259348507,0.0540909240954,7,2,ok,
c222,fft,complex128,16384,1,fft_complex128_n16384_b1,0.188637794666,0.185033672045,0.00162490656617,7,107,ok,
c222,fft,complex128,16384,2,fft_complex128_n16384_b2,0.367663709701,0.357182129202,0.00343169297346,7,55,ok,
c222,fft,complex128,16384,4,fft_complex128_n16384_b4,0.706611359159,0.703036140684,0.00357521847556,7,28,ok,
c222,fft,complex128,16384,8,fft_complex128_n16384_b8,1.42818952112,1.41431075809,0.00505947086605,7,21,ok,
c222,fft,complex128,16384,16,fft_complex128_n16384_b16,2.80052480521,2.78158240253,0.00927329529077,7,10,ok,
c222,fft,complex128,16384,32,fft_complex128_n16384_b32,5.77908020932,5.62787158415,0.0579901970923,7,5,ok,
c222,fft,complex128,16384,64,fft_complex128_n16384_b64,12.6639824593,12.3751780484,0.257476058323,7,2,ok,
c222,fft,complex128,16384,256,fft_complex128_n16384_b256,51.2207959546,50.3782610176,0.405238009989,7,1,ok,
c222,fft,complex128,32768,1,fft_complex128_n32768_b1,0.427739216399,0.424947063236,0.00109747760808,7,46,ok,
c222,fft,complex128,32768,2,fft_complex128_n32768_b2,0.84004612923,0.837776258223,0.00226987100652,7,23,ok,
c222,fft,complex128,32768,4,fft_complex128_n32768_b4,1.66500928839,1.66039005853,0.00438112628591,7,17,ok,
c222,fft,complex128,32768,8,fft_complex128_n32768_b8,3.34311412007,3.32029012498,0.0168301339727,7,8,ok,
c222,fft,complex128,32768,16,fft_complex128_n32768_b16,7.69903301261,7.36543475068,0.333598261932,7,4,ok,
c222,fft,complex128,32768,32,fft_complex128_n32768_b32,14.9592009839,14.5511489827,0.164406956173,7,1,ok,
c222,fft,complex128,32768,64,fft_complex128_n32768_b64,32.2569520213,30.74878396,0.276867998764,7,1,ok,
c222,fft,complex128,32768,256,fft_complex128_n32768_b256,121.618512901,120.256367954,0.899940961972,7,1,ok,
c222,fft,complex128,65536,1,fft_complex128_n65536_b1,0.910667956553,0.900231180078,0.00622527758506,7,22,ok,
c222,fft,complex128,65536,2,fft_complex128_n65536_b2,1.90250856394,1.84987774992,0.0284424968413,7,16,ok,
c222,fft,complex128,65536,4,fft_complex128_n65536_b4,4.21124487184,3.9316600014,0.0597328762524,7,8,ok,
c222,fft,complex128,65536,8,fft_complex128_n65536_b8,8.20324767847,7.97351833899,0.055577334327,7,3,ok,
c222,fft,complex128,65536,16,fft_complex128_n65536_b16,15.8958709799,15.8175550168,0.0783159630373,7,1,ok,
c222,fft,complex128,65536,32,fft_complex128_n65536_b32,34.538935055,34.2004440026,0.0931349350139,7,1,ok,
c222,fft,complex128,65536,64,fft_complex128_n65536_b64,68.291262025,66.8957340531,1.38408597559,7,1,ok,
c222,fft,complex128,65536,256,fft_complex128_n65536_b256,265.479576075,265.173555003,0.306021072902,7,1,ok,
c222,ifft,complex64,64,1,ifft_complex64_n64_b1,0.00470622513911,0.00465406229608,3.15890113106e-05,9,915,ok,
c222,ifft,complex64,64,2,ifft_complex64_n64_b2,0.00495565231074,0.00489070786942,5.83051375681e-05,9,1924,ok,
c222,ifft,complex64,64,4,ifft_complex64_n64_b4,0.00554082883107,0.0055030809976,3.77478334651e-05,9,1408,ok,
c222,ifft,complex64,64,8,ifft_complex64_n64_b8,0.00660014524372,0.00656870791789,5.50076131053e-06,9,1907,ok,
c222,ifft,complex64,64,16,ifft_complex64_n64_b16,0.00829331420651,0.00807823725654,0.000162615539822,9,1467,ok,
c222,ifft,complex64,64,32,ifft_complex64_n64_b32,0.0116061689389,0.0115474342489,1.76855465707e-05,9,1142,ok,
c222,ifft,complex64,64,64,ifft_complex64_n64_b64,0.0182058165471,0.0181130449831,4.83585366358e-05,9,600,ok,
c222,ifft,complex64,64,256,ifft_complex64_n64_b256,0.0588636851171,0.0585153349675,0.000242000678554,7,200,ok,
c222,ifft,complex64,256,1,ifft_complex64_n256_b1,0.00609964735255,0.00607779608785,1.67001092596e-05,9,1177,ok,
c222,ifft,complex64,256,2,ifft_complex64_n256_b2,0.00712078889488,0.00705876656674,2.6248684945e-05,9,1705,ok,
c222,ifft,complex64,256,4,ifft_complex64_n256_b4,0.00916004738367,0.00908776206435,4.59570971762e-05,9,1395,ok,
c222,ifft,complex64,256,8,ifft_complex64_n256_b8,0.0129917060576,0.0129275928202,2.68369149126e-05,9,1024,ok,
c222,ifft,complex64,256,16,ifft_complex64_n256_b16,0.0202045811025,0.0201486528101,4.61692810914e-05,9,697,ok,
c222,ifft,complex64,256,32,ifft_complex64_n256_b32,0.0352198549081,0.0349247053964,0.000224264804274,9,200,ok,
c222,ifft,complex64,256,64,ifft_complex64_n256_b64,0.0663283350877,0.0660092895851,0.000162954675034,9,200,ok,
c222,ifft,complex64,256,256,ifft_complex64_n256_b256,0.248044354935,0.246811291215,0.00120339254978,7,79,ok,
c222,ifft,complex64,1024,1,ifft_complex64_n1024_b1,0.013663247376,0.0135300998851,2.57059119072e-05,9,942,ok,
c222,ifft,complex64,1024,2,ifft_complex64_n1024_b2,0.0181900813865,0.0179795680257,0.000121278688312,9,750,ok,
c222,ifft,complex64,1024,4,ifft_complex64_n1024_b4,0.0264150338638,0.0261119892426,6.5165202891e-05,9,472,ok,
c222,ifft,complex64,1024,8,ifft_complex64_n1024_b8,0.0438041001325,0.0436923350208,5.15452120453e-05,9,200,ok,
c222,ifft,complex64,1024,16,ifft_complex64_n1024_b16,0.0766342901625,0.0758979649981,0.000536000588909,9,200,ok,
c222,ifft,complex64,1024,32,ifft_complex64_n1024_b32,0.142747650222,0.141920385483,0.000223199770387,9,140,ok,
c222,ifft,complex64,1024,64,ifft_complex64_n1024_b64,0.274729999041,0.273652846873,0.000307097151462,9,72,ok,
c222,ifft,complex64,1024,256,ifft_complex64_n1024_b256,1.0645145947,1.06090340867,0.00294144437821,7,27,ok,
c222,ifft,complex64,2048,1,ifft_complex64_n2048_b1,0.0216273317616,0.0215093285867,7.59475363903e-05,9,627,ok,
c222,ifft,complex64,2048,2,ifft_complex64_n2048_b2,0.0309936442826,0.0307956659777,0.000125515286746,9,464,ok,
c222,ifft,complex64,2048,4,ifft_complex64_n2048_b4,0.0487213849556,0.0484098051675,0.000212095328607,9,200,ok,
c222,ifft,complex64,2048,8,ifft_complex64_n2048_b8,0.0855481997132,0.0851804600097,0.000212404993363,9,200,ok,
c222,ifft,complex64,2048,16,ifft_complex64_n2048_b16,0.154550248656,0.15391479878,0.000253962280676,9,129,ok,
c222,ifft,complex64,2048,32,ifft_complex64_n2048_b32,0.294589188343,0.293007467917,0.000446767444373,9,64,ok,
c222,ifft,complex64,2048,64,ifft_complex64_n2048_b64,0.573547665651,0.570708699524,0.000976833204428,9,30,ok,
c222,ifft,complex64,2048,256,ifft_complex64_n2048_b256,2.25313307825,2.24930745585,0.00382562239583,7,13,ok,
c222,ifft,complex64,3072,1,ifft_complex64_n3072_b1,0.0301950267607,0.029990792831,5.47827789333e-05,9,410,ok,
c222,ifft,complex64,3072,2,ifft_complex64_n3072_b2,0.0453515897971,0.0452471897006,3.92744550481e-05,9,200,ok,
c222,ifft,complex64,3072,4,ifft_complex64_n3072_b4,0.0714247050928,0.0712151150219,0.000191505532712,9,200,ok,
c222,ifft,complex64,3072,8,ifft_complex64_n3072_b8,0.125521738349,0.125114598377,1.92092696003e-05,9,157,ok,
c222,ifft,complex64,3072,16,ifft_complex64_n3072_b16,0.234027278101,0.233710058532,0.0003015007932,9,86,ok,
c222,ifft,complex64,3072,32,ifft_complex64_n3072_b32,0.450570198397,0.447470434786,0.000965133464585,9,30,ok,
c222,ifft,complex64,3072,64,ifft_complex64_n3072_b64,0.883712200448,0.877757766284,0.0013705692254,9,30,ok,
c222,ifft,complex64,3072,256,ifft_complex64_n3072_b256,3.48915949871,3.47101673833,0.00362424179912,7,8,ok,
c222,ifft,complex64,3584,1,ifft_complex64_n3584_b1,0.0335752400457,0.0335161293031,3.82912272432e-05,9,371,ok,
c222,ifft,complex64,3584,2,ifft_complex64_n3584_b2,0.0507764250506,0.0504408450797,0.000258729560301,9,200,ok,
c222,ifft,complex64,3584,4,ifft_complex64_n3584_b4,0.0805892352946,0.0803886551876,0.000182889634743,9,200,ok,
c222,ifft,complex64,3584,8,ifft_complex64_n3584_b8,0.143237782312,0.142577638262,0.000360021975053,9,138,ok,
c222,ifft,complex64,3584,16,ifft_complex64_n3584_b16,0.267084597403,0.266545681774,0.000356500903662,9,72,ok,
c222,ifft,complex64,3584,32,ifft_complex64_n3584_b32,0.5162165345,0.514790896947,0.000441198547681,9,30,ok,
c222,ifft,complex64,3584,64,ifft_complex64_n3584_b64,1.015701275,1.01021686087,0.00366754829884,9,29,ok,
c222,ifft,complex64,3584,256,ifft_complex64_n3584_b256,4.00374229399,3.99028584694,0.01345644705,7,7,ok,
c222,ifft,complex64,4095,1,ifft_complex64_n4095_b1,0.0493680859466,0.0491257977571,0.000202659018728,9,267,ok,
c222,ifft,complex64,4095,2,ifft_complex64_n4095_b2,0.0872171646915,0.08685949957,0.000166810350493,9,200,ok,
c222,ifft,complex64,4095,4,ifft_complex64_n4095_b4,0.106083882231,0.105726480967,0.000211946232952,9,187,ok,
c222,ifft,complex64,4095,8,ifft_complex64_n4095_b8,0.197495754371,0.19622051005,0.000921725438033,9,98,ok,
c222,ifft,complex64,4095,16,ifft_complex64_n4095_b16,0.387133718556,0.381437246688,0.00405796135793,9,53,ok,
c222,ifft,complex64,4095,32,ifft_complex64_n4095_b32,0.752147733389,0.746985765484,0.000598467886448,9,30,ok,
c222,ifft,complex64,4095,64,ifft_complex64_n4095_b64,1.48086249828,1.47482820321,0.00187854748219,9,20,ok,
c222,ifft,complex64,4095,256,ifft_complex64_n4095_b256,5.98125180695,5.95290281344,0.0249846139923,7,5,ok,
c222,ifft,complex64,4096,1,ifft_complex64_n4096_b1,0.0383312016966,0.0380324092185,0.000211907516779,9,357,ok,
c222,ifft,complex64,4096,2,ifft_complex64_n4096_b2,0.0578092149226,0.0571192253847,0.00053409487009,9,200,ok,
c222,ifft,complex64,4096,4,ifft_complex64_n4096_b4,0.0927196949488,0.0912658299785,0.00144569959957,9,200,ok,
c222,ifft,complex64,4096,8,ifft_complex64_n4096_b8,0.16323180611,0.162630092486,0.000240025893167,9,119,ok,
c222,ifft,complex64,4096,16,ifft_complex64_n4096_b16,0.307657359372,0.306683827148,0.000473546606372,9,64,ok,
c222,ifft,complex64,4096,32,ifft_complex64_n4096_b32,0.592426633618,0.59094983153,0.000809831544757,9,30,ok,
c222,ifft,complex64,4096,64,ifft_complex64_n4096_b64,1.17216300219,1.16514343768,0.0018598837778,9,25,ok,
c222,ifft,complex64,4096,256,ifft_complex64_n4096_b256,4.64650200835,4.6429085002,0.00248950285216,7,6,ok,
c222,ifft,complex64,4097,1,ifft_complex64_n4097_b1,0.147348106648,0.146740901505,0.000424565724479,7,122,ok,
c222,ifft,complex64,4097,2,ifft_complex64_n4097_b2,0.279162469919,0.27739087153,0.00122572694506,7,70,ok,
c222,ifft,complex64,4097,4,ifft_complex64_n4097_b4,0.222863719715,0.222414461216,0.000261718647952,7,89,ok,
c222,ifft,complex64,4097,8,ifft_complex64_n4097_b8,0.429801786556,0.429163171731,0.000310977524582,7,47,ok,
c222,ifft,complex64,4097,16,ifft_complex64_n4097_b16,0.838211531906,0.837084732484,0.000553698434184,7,30,ok,
c222,ifft,complex64,4097,32,ifft_complex64_n4097_b32,1.65828683465,1.65785877551,0.000428059138358,7,18,ok,
c222,ifft,complex64,4097,64,ifft_complex64_n4097_b64,3.31125044937,3.30241389262,0.00101299439039,7,9,ok,
c222,ifft,complex64,4097,256,ifft_complex64_n4097_b256,13.3405903277,13.2450046561,0.0955856715639,7,3,ok,
c222,ifft,complex64,4608,1,ifft_complex64_n4608_b1,0.0431707646931,0.0430642650463,5.72548015043e-05,7,200,ok,
c222,ifft,complex64,4608,2,ifft_complex64_n4608_b2,0.0665723398561,0.066235109698,0.000237845233642,7,200,ok,
c222,ifft,complex64,4608,4,ifft_complex64_n4608_b4,0.108259070354,0.107746702014,0.000495783581633,7,171,ok,
c222,ifft,complex64,4608,8,ifft_complex64_n4608_b8,0.193893553427,0.193225213064,0.000311737626936,7,103,ok,
c222,ifft,complex64,4608,16,ifft_complex64_n4608_b16,0.369581898364,0.368925335351,0.0005927712967,7,30,ok,
c222,ifft,complex64,4608,32,ifft_complex64_n4608_b32,0.708843464963,0.707686300545,0.000458870393535,7,30,ok,
c222,ifft,complex64,4608,64,ifft_complex64_n4608_b64,1.39490923556,1.39205819107,0.00271789862641,7,21,ok,
c222,ifft,complex64,4608,256,ifft_complex64_n4608_b256,5.57846119627,5.54604080971,0.0324203865603,7,5,ok,
c222,ifft,complex64,8192,1,ifft_complex64_n8192_b1,0.0728504749713,0.0724012299906,0.000384765444323,7,200,ok,
c222,ifft,complex64,8192,2,ifft_complex64_n8192_b2,0.11485647982,0.114341538089,0.000303140051706,7,171,ok,
c222,ifft,complex64,8192,4,ifft_complex64_n8192_b4,0.197846726759,0.195587557544,0.00040717913132,7,95,ok,
c222,ifft,complex64,8192,8,ifft_complex64_n8192_b8,0.363697537169,0.36021694541,0.000982760900149,7,54,ok,
c222,ifft,complex64,8192,16,ifft_complex64_n8192_b16,0.685824799196,0.681742835635,0.00408196356148,7,30,ok,
c222,ifft,complex64,8192,32,ifft_complex64_n8192_b32,1.33422799726,1.32848681692,0.00309399646622,7,22,ok,
c222,ifft,complex64,8192,64,ifft_complex64_n8192_b64,2.65413645486,2.64155663635,0.0100250948559,7,11,ok,
c222,ifft,complex64,8192,256,ifft_complex64_n8192_b256,11.3417856628,11.0953379966,0.234725652263,7,3,ok,
c222,ifft,complex64,16384,1,ifft_complex64_n16384_b1,0.118908701574,0.117800540511,0.000685441845692,7,161,ok,
c222,ifft,complex64,16384,2,ifft_complex64_n16384_b2,0.203154897983,0.202756500993,0.000398396989521,7,98,ok,
c222,ifft,complex64,16384,4,ifft_complex64_n16384_b4,0.371319094655,0.368685490135,0.00194269715685,7,53,ok,
c222,ifft,complex64,16384,8,ifft_complex64_n16384_b8,0.7150270006,0.702753069345,0.00884756445885,7,30,ok,
c222,ifft,complex64,16384,16,ifft_complex64_n16384_b16,1.39356147875,1.37567709732,0.0154932384335,7,21,ok,
c222,ifft,complex64,16384,32,ifft_complex64_n16384_b32,2.76522280183,2.7510712971,0.00952070113271,7,10,ok,
c222,ifft,complex64,16384,64,ifft_complex64_n16384_b64,5.59820218477,5.5299607804,0.0309680122882,7,5,ok,
c222,ifft,complex64,16384,256,ifft_complex64_n16384_b256,25.0463790726,24.5979110477,0.13104500249,7,1,ok,
c222,ifft,complex64,32768,1,ifft_complex64_n32768_b1,0.237452130975,0.234365643423,0.00105816676902,7,84,ok,
c222,ifft,complex64,32768,2,ifft_complex64_n32768_b2,0.416201299076,0.414371488002,0.00126812943911,7,47,ok,
c222,ifft,complex64,32768,4,ifft_complex64_n32768_b4,0.770506033829,0.767684432988,0.00109536728511,7,30,ok,
c222,ifft,complex64,32768,8,ifft_complex64_n32768_b8,1.48590689641,1.47873800015,0.00689440057613,7,20,ok,
c222,ifft,complex64,32768,16,ifft_complex64_n32768_b16,2.92236940004,2.89592699846,0.0102501944639,7,10,ok,
c222,ifft,complex64,32768,32,ifft_complex64_n32768_b32,5.92073524604,5.84210350644,0.0452870153822,7,4,ok,
c222,ifft,complex64,32768,64,ifft_complex64_n32768_b64,12.5466899869,12.2748823293,0.261271682878,7,3,ok,
c222,ifft,complex64,32768,256,ifft_complex64_n32768_b256,51.5169389546,51.1775949271,0.323434011079,7,1,ok,
c222,ifft,complex64,65536,1,ifft_complex64_n65536_b1,0.48712042335,0.479182851268,0.00395287934225,7,40,ok,
c222,ifft,complex64,65536,2,ifft_complex64_n65536_b2,0.888244664141,0.883012233923,0.00381276477128,7,30,ok,
c222,ifft,complex64,65536,4,ifft_complex64_n65536_b4,1.70847759171,1.7047140624,0.00358435243149,7,17,ok,
c222,ifft,complex64,65536,8,ifft_complex64_n65536_b8,3.33584549662,3.32220000564,0.0136066228151,7,8,ok,
c222,ifft,complex64,65536,16,ifft_complex64_n65536_b16,6.74371575587,6.70724999509,0.0271784956567,7,4,ok,
c222,ifft,complex64,65536,32,ifft_complex64_n65536_b32,13.7867954909,13.6247429764,0.162052514497,7,2,ok,
c222,ifft,complex64,65536,64,ifft_complex64_n65536_b64,29.3975990498,29.2559150839,0.0470579834655,7,1,ok,
c222,ifft,complex64,65536,256,ifft_complex64_n65536_b256,113.729982986,113.21509094,0.341617036611,7,1,ok,
c222,ifft,complex128,64,1,ifft_complex128_n64_b1,0.00482049384663,0.00480974805995,1.00005225754e-05,9,1695,ok,
c222,ifft,complex128,64,2,ifft_complex128_n64_b2,0.00507152097998,0.00506002450129,6.17100158706e-06,9,2000,ok,
c222,ifft,complex128,64,4,ifft_complex128_n64_b4,0.00535860250238,0.00533985247603,1.63354561664e-05,9,2000,ok,
c222,ifft,complex128,64,8,ifft_complex128_n64_b8,0.00614550802857,0.00610576348845,2.46565323323e-05,9,2000,ok,
c222,ifft,complex128,64,16,ifft_complex128_n64_b16,0.00746276463759,0.00735188316386,6.21163380447e-05,9,1780,ok,
c222,ifft,complex128,64,32,ifft_complex128_n64_b32,0.00996771749318,0.0099406615765,2.39460994174e-05,9,1356,ok,
c222,ifft,complex128,64,64,ifft_complex128_n64_b64,0.0153645830551,0.0151123179684,0.00010413305713,9,909,ok,
c222,ifft,complex128,64,256,ifft_complex128_n64_b256,0.04562083981,0.0452899752418,0.000317445374094,7,200,ok,
c222,ifft,complex128,256,1,ifft_complex128_n256_b1,0.00605886584044,0.00603880661417,2.0059226268e-05,9,1841,ok,
c222,ifft,complex128,256,2,ifft_complex128_n256_b2,0.00701752587599,0.00695778000607,2.93865009513e-05,9,1586,ok,
c222,ifft,complex128,256,4,ifft_complex128_n256_b4,0.00876731627579,0.00867397157044,5.61535951382e-05,9,1445,ok,
c222,ifft,complex128,256,8,ifft_complex128_n256_b8,0.0120841782282,0.011775490329,0.000308687899168,9,1038,ok,
c222,ifft,complex128,256,16,ifft_complex128_n256_b16,0.018578651959,0.0184828658972,2.48530935416e-05,9,701,ok,
c222,ifft,complex128,256,32,ifft_complex128_n256_b32,0.032072130125,0.0319213455077,6.42699887976e-05,9,200,ok,
c222,ifft,complex128,256,64,ifft_complex128_n256_b64,0.0576276250649,0.0573073799023,0.000320245162584,9,200,ok,
c222,ifft,complex128,256,256,ifft_complex128_n256_b256,0.210945213342,0.210617904234,0.000327309108082,7,94,ok,
c222,ifft,complex128,1024,1,ifft_complex128_n1024_b1,0.0131596356764,0.013133165758,2.64699184341e-05,9,947,ok,
c222,ifft,complex128,1024,2,ifft_complex128_n1024_b2,0.0176655435305,0.017514143058,0.000117306830059,9,769,ok,
c222,ifft,complex128,1024,4,ifft_complex128_n1024_b4,0.025831722842,0.0255718115414,0.000163855748991,9,541,ok,
c222,ifft,complex128,1024,8,ifft_complex128_n1024_b8,0.0423145649256,0.0418497953797,0.000129395048134,9,200,ok,
c222,ifft,complex128,1024,16,ifft_complex128_n1024_b16,0.0760249549057,0.075695135165,4.75946580991e-05,9,200,ok,
c222,ifft,complex128,1024,32,ifft_complex128_n1024_b32,0.141334364058,0.139199307055,0.000318671144279,9,140,ok,
c222,ifft,complex128,1024,64,ifft_complex128_n1024_b64,0.270529792437,0.268828555515,0.00124092912301,9,72,ok,
c222,ifft,complex128,1024,256,ifft_complex128_n1024_b256,1.04740038071,1.03712981079,0.00653318905582,7,21,ok,
c222,ifft,complex128,2048,1,ifft_complex128_n2048_b1,0.0215490127392,0.0214214221071,8.64380961628e-05,9,623,ok,
c222,ifft,complex128,2048,2,ifft_complex128_n2048_b2,0.0312828841538,0.0310767751046,0.000115472331792,9,449,ok,
c222,ifft,complex128,2048,4,ifft_complex128_n2048_b4,0.0503581948578,0.0501920800889,0.000166114768945,9,200,ok,
c222,ifft,complex128,2048,8,ifft_complex128_n2048_b8,0.0880694051739,0.0878841598751,0.000185245298781,9,200,ok,
c222,ifft,complex128,2048,16,ifft_complex128_n2048_b16,0.162761910345,0.162537712566,0.000145771067406,9,122,ok,
c222,ifft,complex128,2048,32,ifft_complex128_n2048_b32,0.311467380795,0.31115314258,0.000183984252905,9,63,ok,
c222,ifft,complex128,2048,64,ifft_complex128_n2048_b64,0.610673703098,0.608746765647,0.000990837967644,9,30,ok,
c222,ifft,complex128,2048,256,ifft_complex128_n2048_b256,2.46913191707,2.4456254226,0.0187517434824,7,12,ok,
c222,ifft,complex128,3072,1,ifft_complex128_n3072_b1,0.0298478310773,0.029758322502,5.17192937989e-05,9,456,ok,
c222,ifft,complex128,3072,2,ifft_complex128_n3072_b2,0.0453225849196,0.0451092899311,9.56299481913e-05,9,200,ok,
c222,ifft,complex128,3072,4,ifft_complex128_n3072_b4,0.0757968745893,0.0750114052789,0.000212695449591,9,200,ok,
c222,ifft,complex128,3072,8,ifft_complex128_n3072_b8,0.136963824893,0.136041223241,0.000670649004295,9,148,ok,
c222,ifft,complex128,3072,16,ifft_complex128_n3072_b16,0.251678311472,0.250999259388,0.000679052084104,9,77,ok,
c222,ifft,complex128,3072,32,ifft_complex128_n3072_b32,0.50543473335,0.489607833636,0.0111648347229,9,30,ok,
c222,ifft,complex128,3072,64,ifft_complex128_n3072_b64,0.968877334769,0.958822535661,0.00257146699975,9,30,ok,
c222,ifft,complex128,3072,256,ifft_complex128_n3072_b256,4.3000904178,4.23639570363,0.0285805602159,7,7,ok,
c222,ifft,complex128,3584,1,ifft_complex128_n3584_b1,0.0332722945317,0.0330685137628,6.47556562193e-05,9,397,ok,
c222,ifft,complex128,3584,2,ifft_complex128_n3584_b2,0.0509198452346,0.050672730431,0.00011912023183,9,200,ok,
c222,ifft,complex128,3584,4,ifft_complex128_n3584_b4,0.0848220899934,0.0841900100932,0.000425495090894,9,200,ok,
c222,ifft,complex128,3584,8,ifft_complex128_n3584_b8,0.153150581827,0.152546115573,0.00052850390243,9,129,ok,
c222,ifft,complex128,3584,16,ifft_complex128_n3584_b16,0.287342101228,0.284230058162,0.0012865934548,9,69,ok,
c222,ifft,complex128,3584,32,ifft_complex128_n3584_b32,0.553035332511,0.549998666005,0.00269636511803,9,30,ok,
c222,ifft,complex128,3584,64,ifft_complex128_n3584_b64,1.11234136771,1.09486425882,0.0059414844684,9,27,ok,
c222,ifft,complex128,3584,256,ifft_complex128_n3584_b256,4.82435433272,4.73122366626,0.0856601594326,7,6,ok,
c222,ifft,complex128,4095,1,ifft_complex128_n4095_b1,0.04539452339,0.0445200727839,0.000723672333784,9,302,ok,
c222,ifft,complex128,4095,2,ifft_complex128_n4095_b2,0.07237683516,0.071678684908,0.000554639846087,9,200,ok,
c222,ifft,complex128,4095,4,ifft_complex128_n4095_b4,0.132695721631,0.131188104408,0.000436791095934,9,144,ok,
c222,ifft,complex128,4095,8,ifft_complex128_n4095_b8,0.253179603113,0.251056538381,0.000827180114217,9,78,ok,
c222,ifft,complex128,4095,16,ifft_complex128_n4095_b16,0.48742368363,0.483690122165,0.000949315840333,9,41,ok,
c222,ifft,complex128,4095,32,ifft_complex128_n4095_b32,0.959874864202,0.952377833892,0.0028663353684,9,30,ok,
c222,ifft,complex128,4095,64,ifft_complex128_n4095_b64,1.909943996,1.88260826593,0.0119061907753,9,15,ok,
c222,ifft,complex128,4095,256,ifft_complex128_n4095_b256,7.83048465382,7.77206232306,0.0517403241247,7,3,ok,
c222,ifft,complex128,4096,1,ifft_complex128_n4096_b1,0.0383372884937,0.0380392022115,7.90151673192e-05,9,336,ok,
c222,ifft,complex128,4096,2,ifft_complex128_n4096_b2,0.0583028350957,0.0575410149759,0.000761820119806,9,200,ok,
c222,ifft,complex128,4096,4,ifft_complex128_n4096_b4,0.0955697702011,0.0952342455275,8.88196518645e-05,9,200,ok,
c222,ifft,complex128,4096,8,ifft_complex128_n4096_b8,0.172507595843,0.172101569836,0.000320509762356,9,114,ok,
c222,ifft,complex128,4096,16,ifft_complex128_n4096_b16,0.327407415413,0.326658699972,0.000389585814749,9,60,ok,
c222,ifft,complex128,4096,32,ifft_complex128_n4096_b32,0.646844300597,0.636107199049,0.010138299937,9,30,ok,
c222,ifft,complex128,4096,64,ifft_complex128_n4096_b64,1.29211432068,1.27659940732,0.0114122310399,9,22,ok,
c222,ifft,complex128,4096,256,ifft_complex128_n4096_b256,5.5521100061,5.43088559061,0.0728841871023,7,5,ok,
c222,ifft,complex128,4097,1,ifft_complex128_n4097_b1,0.117255829717,0.116193701731,0.000262333258511,7,141,ok,
c222,ifft,complex128,4097,2,ifft_complex128_n4097_b2,0.190669892118,0.189332195612,0.00133769650597,7,102,ok,
c222,ifft,complex128,4097,4,ifft_complex128_n4097_b4,0.366964001538,0.365958791614,0.000721336012551,7,48,ok,
c222,ifft,complex128,4097,8,ifft_complex128_n4097_b8,0.714323591199,0.711624851209,0.00166233318547,7,27,ok,
c222,ifft,complex128,4097,16,ifft_complex128_n4097_b16,1.41097828635,1.40503290043,0.00288823641659,7,21,ok,
c222,ifft,complex128,4097,32,ifft_complex128_n4097_b32,2.82150290441,2.80343319755,0.0095558934845,7,10,ok,
c222,ifft,complex128,4097,64,ifft_complex128_n4097_b64,5.71849681437,5.67342080176,0.0163404038176,7,5,ok,
c222,ifft,complex128,4097,256,ifft_complex128_n4097_b256,23.2686169911,23.0698660016,0.0917919678614,7,1,ok,
c222,ifft,complex128,4608,1,ifft_complex128_n4608_b1,0.0439891900169,0.0435313902562,8.64604953676e-05,7,200,ok,
c222,ifft,complex128,4608,2,ifft_complex128_n4608_b2,0.0708065502113,0.0703232001979,0.000235285260715,7,200,ok,
c222,ifft,complex128,4608,4,ifft_complex128_n4608_b4,0.118276817639,0.117789726761,0.000174387329907,7,165,ok,
c222,ifft,complex128,4608,8,ifft_complex128_n4608_b8,0.217855543546,0.216054347971,0.000654380647061,7,92,ok,
c222,ifft,complex128,4608,16,ifft_complex128_n4608_b16,0.42112453375,0.419587335394,0.000792167459925,7,30,ok,
c222,ifft,complex128,4608,32,ifft_complex128_n4608_b32,0.813139703435,0.806230434682,0.00690926875298,7,30,ok,
c222,ifft,complex128,4608,64,ifft_complex128_n4608_b64,1.69423955958,1.67875783518,0.00737600364826,7,18,ok,
c222,ifft,complex128,4608,256,ifft_complex128_n4608_b256,6.81027479004,6.70081239659,0.0764490105212,7,5,ok,
c222,ifft,complex128,8192,1,ifft_complex128_n8192_b1,0.0767096801428,0.0762132997625,0.000203379895538,7,200,ok,
c222,ifft,complex128,8192,2,ifft_complex128_n8192_b2,0.126972597579,0.12686912559,0.000103471988121,7,159,ok,
c222,ifft,complex128,8192,4,ifft_complex128_n8192_b4,0.251789975642,0.247710916012,0.00141808448965,7,83,ok,
c222,ifft,complex128,8192,8,ifft_complex128_n8192_b8,0.464311433131,0.461149386617,0.00189558803951,7,44,ok,
c222,ifft,complex128,8192,16,ifft_complex128_n8192_b16,0.895656866487,0.888840132393,0.00479726974542,7,30,ok,
c222,ifft,complex128,8192,32,ifft_complex128_n8192_b32,1.77170649921,1.76584611311,0.00586038610588,7,18,ok,
c222,ifft,complex128,8192,64,ifft_complex128_n8192_b64,3.88372549787,3.79600776068,0.0288939918391,7,8,ok,
c222,ifft,complex128,8192,256,ifft_complex128_n8192_b256,14.4228184945,14.3794124597,0.0280974782072,7,2,ok,
c222,ifft,complex128,16384,1,ifft_complex128_n16384_b1,0.191241940483,0.190778169781,0.000309370225295,7,100,ok,
c222,ifft,complex128,16384,2,ifft_complex128_n16384_b2,0.368589093856,0.366067961913,0.0014211323534,7,53,ok,
c222,ifft,complex128,16384,4,ifft_complex128_n16384_b4,0.728016594183,0.726530074004,0.000840074520696,7,27,ok,
c222,ifft,complex128,16384,8,ifft_complex128_n16384_b8,1.44094589632,1.43573815003,0.00193059677258,7,20,ok,
c222,ifft,complex128,16384,16,ifft_complex128_n16384_b16,2.87746549584,2.85698419902,0.020009407308,7,10,ok,
c222,ifft,complex128,16384,32,ifft_complex128_n16384_b32,6.05658901623,5.98550125142,0.0443557219114,7,4,ok,
c222,ifft,complex128,16384,64,ifft_complex128_n16384_b64,12.1359059704,12.1176919783,0.0182139920071,7,2,ok,
c222,ifft,complex128,16384,256,ifft_complex128_n16384_b256,50.920895068,50.7778780302,0.126937055029,7,1,ok,
c222,ifft,complex128,32768,1,ifft_complex128_n32768_b1,0.429740286846,0.425380600306,0.00263626894189,7,45,ok,
c222,ifft,complex128,32768,2,ifft_complex128_n32768_b2,0.856533914845,0.849539085048,0.00211264958362,7,23,ok,
c222,ifft,complex128,32768,4,ifft_complex128_n32768_b4,1.70165299684,1.6983970041,0.00169558916241,7,17,ok,
c222,ifft,complex128,32768,8,ifft_complex128_n32768_b8,3.40917499852,3.40506236535,0.00411263317801,7,8,ok,
c222,ifft,complex128,32768,16,ifft_complex128_n32768_b16,6.97496524663,6.84596924111,0.0544719805475,7,4,ok,
c222,ifft,complex128,32768,32,ifft_complex128_n32768_b32,14.33072699,14.1674815095,0.0393784721382,7,2,ok,
c222,ifft,complex128,32768,64,ifft_complex128_n32768_b64,30.4557470372,30.1036279416,0.254404963925,7,1,ok,
c222,ifft,complex128,32768,256,ifft_complex128_n32768_b256,119.563153014,118.334598024,0.686362036504,7,1,ok,
c222,ifft,complex128,65536,1,ifft_complex128_n65536_b1,0.92586899908,0.919328714233,0.00356385550861,7,21,ok,
c222,ifft,complex128,65536,2,ifft_complex128_n65536_b2,1.84028719862,1.83265300002,0.00666513418158,7,15,ok,
c222,ifft,complex128,65536,4,ifft_complex128_n65536_b4,3.68002351024,3.65507199604,0.0157581234816,7,8,ok,
c222,ifft,complex128,65536,8,ifft_complex128_n65536_b8,7.6312412566,7.5377667672,0.0299210078083,7,4,ok,
c222,ifft,complex128,65536,16,ifft_complex128_n65536_b16,15.6174410367,15.4448379762,0.0659029465169,7,1,ok,
c222,ifft,complex128,65536,32,ifft_complex128_n65536_b32,33.1167780096,32.8435080592,0.128851970658,7,1,ok,
c222,ifft,complex128,65536,64,ifft_complex128_n65536_b64,65.3182970127,65.2400309918,0.0616450561211,7,1,ok,
c222,ifft,complex128,65536,256,ifft_complex128_n65536_b256,263.11295398,259.64088703,3.45198903233,7,1,ok,
candidate,fft,complex64,64,1,fft_complex64_n64_b1,0.00432532213747,0.00422592638449,2.88918657359e-05,9,1127,ok,
candidate,fft,complex64,64,2,fft_complex64_n64_b2,0.00472429202637,0.0046688184957,4.37014969066e-05,9,2000,ok,
candidate,fft,complex64,64,4,fft_complex64_n64_b4,0.00511928548804,0.00505360751413,2.46510026045e-05,9,2000,ok,
candidate,fft,complex64,64,8,fft_complex64_n64_b8,0.00601167749846,0.00597609148826,2.55830236711e-05,9,2000,ok,
candidate,fft,complex64,64,16,fft_complex64_n64_b16,0.00753646246657,0.00751015121794,2.01981969266e-05,9,1680,ok,
candidate,fft,complex64,64,32,fft_complex64_n64_b32,0.0104964399506,0.0104321749806,3.35379882136e-05,9,1223,ok,
candidate,fft,complex64,64,64,fft_complex64_n64_b64,0.0165910239508,0.0163039892724,5.36140016497e-05,9,834,ok,
candidate,fft,complex64,64,256,fft_complex64_n64_b256,0.206506176861,0.205543531289,0.000279792099415,7,96,ok,
candidate,fft,complex64,256,1,fft_complex64_n256_b1,0.00559118911604,0.00552212587843,2.14195068704e-05,9,1914,ok,
candidate,fft,complex64,256,2,fft_complex64_n256_b2,0.00653136356156,0.00647025992305,1.99135679635e-05,9,1689,ok,
candidate,fft,complex64,256,4,fft_complex64_n256_b4,0.00813853756557,0.00804847066676,3.86718478442e-05,9,1585,ok,
candidate,fft,complex64,256,8,fft_complex64_n256_b8,0.0113334258898,0.0112534664738,8.84217218588e-06,9,1209,ok,
candidate,fft,complex64,256,16,fft_complex64_n256_b16,0.0180570686772,0.0179416075991,8.99741148644e-05,9,772,ok,
candidate,fft,complex64,256,32,fft_complex64_n256_b32,0.0313358003041,0.0311791099375,0.000149325351231,9,200,ok,
candidate,fft,complex64,256,64,fft_complex64_n256_b64,0.211359815338,0.210922575839,0.000218554582123,9,92,ok,
candidate,fft,complex64,256,256,fft_complex64_n256_b256,0.934050249634,0.930135446833,0.0012829026673,7,20,ok,
candidate,fft,complex64,1024,1,fft_complex64_n1024_b1,0.011385007259,0.0102949722484,6.94202120404e-05,9,1114,ok,
candidate,fft,complex64,1024,2,fft_complex64_n1024_b2,0.0158312706272,0.0157081205552,9.07849612917e-05,9,846,ok,
candidate,fft,complex64,1024,4,fft_complex64_n1024_b4,0.0249080568695,0.0244463725869,0.000128386801178,9,561,ok,
candidate,fft,complex64,1024,8,fft_complex64_n1024_b8,0.0420854846016,0.0417984998785,0.000104950740933,9,200,ok,
candidate,fft,complex64,1024,16,fft_complex64_n1024_b16,0.0741306651616,0.0735341996187,0.000380965648219,9,200,ok,
candidate,fft,complex64,1024,32,fft_complex64_n1024_b32,0.139680917813,0.138885403267,0.00059588746265,9,134,ok,
candidate,fft,complex64,1024,64,fft_complex64_n1024_b64,0.980911794805,0.976691261473,0.0016013662772,9,19,ok,
candidate,fft,complex64,1024,256,fft_complex64_n1024_b256,2.65397437298,2.63956836848,0.014334091578,7,11,ok,
candidate,fft,complex64,2048,1,fft_complex64_n2048_b1,0.0173938572074,0.0173164272149,1.43985796188e-05,9,700,ok,
candidate,fft,complex64,2048,2,fft_complex64_n2048_b2,0.0273237694728,0.0272682559626,5.55135102331e-05,9,512,ok,
candidate,fft,complex64,2048,4,fft_complex64_n2048_b4,0.0468675250886,0.046598064946,0.000180735369213,9,200,ok,
candidate,fft,complex64,2048,8,fft_complex64_n2048_b8,0.0848741352092,0.0844396249158,0.000204184907489,9,200,ok,
candidate,fft,complex64,2048,16,fft_complex64_n2048_b16,0.159569158994,0.158395034167,0.0010104536885,9,119,ok,
candidate,fft,complex64,2048,32,fft_complex64_n2048_b32,0.309223465718,0.307683363268,0.000486601995112,9,58,ok,
candidate,fft,complex64,2048,64,fft_complex64_n2048_b64,0.608149000133,0.605726098487,0.00212096686785,9,30,ok,
candidate,fft,complex64,2048,256,fft_complex64_n2048_b256,4.35596520547,4.29062501062,0.0630075810477,7,5,ok,
candidate,fft,complex64,3072,1,fft_complex64_n3072_b1,0.0241754285312,0.0240095861635,5.88259840514e-05,9,546,ok,
candidate,fft,complex64,3072,2,fft_complex64_n3072_b2,0.0394770101411,0.0390563753899,0.000408765044995,9,200,ok,
candidate,fft,complex64,3072,4,fft_complex64_n3072_b4,0.0716972653754,0.0710809102748,0.000224219402298,9,200,ok,
candidate,fft,complex64,3072,8,fft_complex64_n3072_b8,0.129354114475,0.128994913047,0.000170792215473,9,149,ok,
candidate,fft,complex64,3072,16,fft_complex64_n3072_b16,0.244013133148,0.243355240673,0.000300826504827,9,75,ok,
candidate,fft,complex64,3072,32,fft_complex64_n3072_b32,0.477203299912,0.474976833599,0.00199240166694,9,30,ok,
candidate,fft,complex64,3072,64,fft_complex64_n3072_b64,0.946378335357,0.945102264329,0.000805465970188,9,30,ok,
candidate,fft,complex64,3072,256,fft_complex64_n3072_b256,6.41466572415,6.29811300314,0.0430055370089,7,4,ok,
candidate,fft,complex64,3584,1,fft_complex64_n3584_b1,0.0272380063291,0.0270573196683,6.12925469261e-05,9,485,ok,
candidate,fft,complex64,3584,2,fft_complex64_n3584_b2,0.0447144499049,0.0445963797392,5.08449738845e-05,9,200,ok,
candidate,fft,complex64,3584,4,fft_complex64_n3584_b4,0.0791701249545,0.0789850798901,0.000185045064427,9,200,ok,
candidate,fft,complex64,3584,8,fft_complex64_n3584_b8,0.145400138214,0.145029522873,0.000148892510109,9,130,ok,
candidate,fft,complex64,3584,16,fft_complex64_n3584_b16,0.280274921813,0.279809276645,0.000270812485654,9,65,ok,
candidate,fft,complex64,3584,32,fft_complex64_n3584_b32,0.547956197988,0.545048065639,0.00146506354213,9,30,ok,
candidate,fft,complex64,3584,64,fft_complex64_n3584_b64,1.08985119965,1.08765907586,0.00196891836822,9,25,ok,
candidate,fft,complex64,3584,256,fft_complex64_n3584_b256,7.46352198378,7.40914070047,0.00869599170983,7,3,ok,
candidate,fft,complex64,4095,1,fft_complex64_n4095_b1,0.0427850100095,0.0427240393995,1.08124559598e-05,9,304,ok,
candidate,fft,complex64,4095,2,fft_complex64_n4095_b2,0.073927284684,0.0737832149025,0.000103090424091,9,200,ok,
candidate,fft,complex64,4095,4,fft_complex64_n4095_b4,0.136983521063,0.136584374963,0.000151464418094,9,144,ok,
candidate,fft,complex64,4095,8,fft_complex64_n4095_b8,0.258444758753,0.257788080101,0.000382171322902,9,75,ok,
candidate,fft,complex64,4095,16,fft_complex64_n4095_b16,0.501915107708,0.499914919429,0.000633324521619,9,37,ok,
candidate,fft,complex64,4095,32,fft_complex64_n4095_b32,1.00169475752,0.998808653094,0.00130003799909,9,29,ok,
candidate,fft,complex64,4095,64,fft_complex64_n4095_b64,2.00285878132,1.99406307157,0.00354379049635,9,14,ok,
candidate,fft,complex64,4095,256,fft_complex64_n4095_b256,11.2247279612,11.0853075166,0.108282547444,7,2,ok,
candidate,fft,complex64,4096,1,fft_complex64_n4096_b1,0.0322629325697,0.0321867376832,5.11350521407e-05,9,385,ok,
candidate,fft,complex64,4096,2,fft_complex64_n4096_b2,0.0566824100679,0.0564697152004,0.00015544006601,9,200,ok,
candidate,fft,complex64,4096,4,fft_complex64_n4096_b4,0.108884137479,0.108757978995,0.000122343879883,9,189,ok,
candidate,fft,complex64,4096,8,fft_complex64_n4096_b8,0.184472812786,0.184220573525,0.000163333121842,9,96,ok,
candidate,fft,complex64,4096,16,fft_complex64_n4096_b16,0.354083599946,0.352807944133,0.000996599820527,9,55,ok,
candidate,fft,complex64,4096,32,fft_complex64_n4096_b32,0.693515168192,0.688195566181,0.00261353173604,9,30,ok,
candidate,fft,complex64,4096,64,fft_complex64_n4096_b64,1.39036886061,1.38394114384,0.00481376801396,9,21,ok,
candidate,fft,complex64,4096,256,fft_complex64_n4096_b256,8.90153564978,8.80346567525,0.0702776402856,7,3,ok,
candidate,fft,complex64,4097,1,fft_complex64_n4097_b1,0.115892881678,0.115300285751,0.000239391840115,7,161,ok,
candidate,fft,complex64,4097,2,fft_complex64_n4097_b2,0.216557976158,0.215576826488,0.000703734634765,7,87,ok,
candidate,fft,complex64,4097,4,fft_complex64_n4097_b4,0.419863178912,0.416985133456,0.000457954593003,7,45,ok,
candidate,fft,complex64,4097,8,fft_complex64_n4097_b8,0.826086043768,0.823433166564,0.00171112575723,7,24,ok,
candidate,fft,complex64,4097,16,fft_complex64_n4097_b16,1.63866016212,1.62946077762,0.00412488589063,7,18,ok,
candidate,fft,complex64,4097,32,fft_complex64_n4097_b32,3.26914288518,3.24489521639,0.0171876615948,7,9,ok,
candidate,fft,complex64,4097,64,fft_complex64_n4097_b64,6.55233298312,6.50888952077,0.0228677527048,7,4,ok,
candidate,fft,complex64,4097,256,fft_complex64_n4097_b256,30.0542759942,29.7141909832,0.340085010976,7,1,ok,
candidate,fft,complex64,4608,1,fft_complex64_n4608_b1,0.0349469500361,0.0343330547912,0.000377859687433,7,200,ok,
candidate,fft,complex64,4608,2,fft_complex64_n4608_b2,0.0572453154018,0.0565545703284,0.000258485088125,7,200,ok,
candidate,fft,complex64,4608,4,fft_complex64_n4608_b4,0.101819166115,0.101008622774,0.000319222786597,7,175,ok,
candidate,fft,complex64,4608,8,fft_complex64_n4608_b8,0.187583300285,0.187031170353,0.000398550182581,7,100,ok,
candidate,fft,complex64,4608,16,fft_complex64_n4608_b16,0.361100731728,0.357783500416,0.00160266645253,7,30,ok,
candidate,fft,complex64,4608,32,fft_complex64_n4608_b32,0.709738799681,0.704628931514,0.00510986816759,7,30,ok,
candidate,fft,complex64,4608,64,fft_complex64_n4608_b64,1.42905520042,1.41981440247,0.00924079795368,7,20,ok,
candidate,fft,complex64,4608,256,fft_complex64_n4608_b256,10.1065865019,9.82409875724,0.134190748213,7,4,ok,
candidate,fft,complex64,8192,1,fft_complex64_n8192_b1,0.0660016748589,0.0656457099831,0.000210889847949,7,200,ok,
candidate,fft,complex64,8192,2,fft_complex64_n8192_b2,0.116128066319,0.115332970009,0.000743259232581,7,166,ok,
candidate,fft,complex64,8192,4,fft_complex64_n8192_b4,0.217901528394,0.21633589928,0.00123905666759,7,89,ok,
candidate,fft,complex64,8192,8,fft_complex64_n8192_b8,0.385518940166,0.381859100889,0.00103993806988,7,50,ok,
candidate,fft,complex64,8192,16,fft_complex64_n8192_b16,0.759343469205,0.754775634656,0.00203483117123,7,30,ok,
candidate,fft,complex64,8192,32,fft_complex64_n8192_b32,1.50035184465,1.48149079178,0.00872105776675,7,19,ok,
candidate,fft,complex64,8192,64,fft_complex64_n8192_b64,3.20516211084,3.13741777144,0.0256992255648,7,9,ok,
candidate,fft,complex64,8192,256,fft_complex64_n8192_b256,18.6396734789,18.1859155418,0.318791018799,7,2,ok,
candidate,fft,complex64,16384,1,fft_complex64_n16384_b1,0.196876859991,0.195099539123,0.000251969322562,7,100,ok,
candidate,fft,complex64,16384,2,fft_complex64_n16384_b2,0.386250173995,0.384615192441,0.000560271123854,7,52,ok,
candidate,fft,complex64,16384,4,fft_complex64_n16384_b4,0.774393883498,0.766720689941,0.0026715391029,7,26,ok,
candidate,fft,complex64,16384,8,fft_complex64_n16384_b8,1.52505321526,1.50115752446,0.00514704611545,7,19,ok,
candidate,fft,complex64,16384,16,fft_complex64_n16384_b16,3.01108720014,3.00025399774,0.00410969369113,7,10,ok,
candidate,fft,complex64,16384,32,fft_complex64_n16384_b32,5.99303198978,5.93812740408,0.0141464173794,7,5,ok,
candidate,fft,complex64,16384,64,fft_complex64_n16384_b64,13.9359389432,13.734864071,0.201074872166,7,1,ok,
candidate,fft,complex64,16384,256,fft_complex64_n16384_b256,61.6427190835,61.3969999831,0.126306083985,7,1,ok,
candidate,fft,complex64,32768,1,fft_complex64_n32768_b1,0.444371930085,0.439346256276,0.000349719748767,7,43,ok,
candidate,fft,complex64,32768,2,fft_complex64_n32768_b2,0.897608619804,0.895352950985,0.00192695629916,7,21,ok,
candidate,fft,complex64,32768,4,fft_complex64_n32768_b4,1.74898152952,1.74229135326,0.00160235418555,7,17,ok,
candidate,fft,complex64,32768,8,fft_complex64_n32768_b8,3.51562899596,3.49228149571,0.00778837420512,7,8,ok,
candidate,fft,complex64,32768,16,fft_complex64_n32768_b16,7.14539599721,7.06498348154,0.0795437663328,7,4,ok,
candidate,fft,complex64,32768,32,fft_complex64_n32768_b32,16.7681709863,15.7865870278,0.981583958492,7,1,ok,
candidate,fft,complex64,32768,64,fft_complex64_n32768_b64,35.4329859838,34.6834759694,0.36045408342,7,1,ok,
candidate,fft,complex64,32768,256,fft_complex64_n32768_b256,141.748305992,140.203168965,1.09045696445,7,1,ok,
candidate,fft,complex64,65536,1,fft_complex64_n65536_b1,1.01620266731,0.990137276757,0.0118598820538,7,18,ok,
candidate,fft,complex64,65536,2,fft_complex64_n65536_b2,1.94127393576,1.90474699872,0.0201583296681,7,15,ok,
candidate,fft,complex64,65536,4,fft_complex64_n65536_b4,3.97411284835,3.91747556361,0.0346461310983,7,7,ok,
candidate,fft,complex64,65536,8,fft_complex64_n65536_b8,8.22547567077,7.99054031571,0.229829340242,7,3,ok,
candidate,fft,complex64,65536,16,fft_complex64_n65536_b16,19.6963229682,18.1388020283,1.1392791057,7,1,ok,
candidate,fft,complex64,65536,32,fft_complex64_n65536_b32,39.6178759402,39.2963149352,0.321561004966,7,1,ok,
candidate,fft,complex64,65536,64,fft_complex64_n65536_b64,80.4161170963,78.0201499583,1.71117682476,7,1,ok,
candidate,fft,complex64,65536,256,fft_complex64_n65536_b256,363.803614979,320.233062957,28.9194158977,7,1,ok,
candidate,fft,complex128,64,1,fft_complex128_n64_b1,0.00378179596737,0.00374639045913,1.92110310309e-05,9,2000,ok,
candidate,fft,complex128,64,2,fft_complex128_n64_b2,0.00391173904063,0.00389065453783,1.76829635166e-05,9,2000,ok,
candidate,fft,complex128,64,4,fft_complex128_n64_b4,0.00438909599325,0.00433812598931,2.49815057032e-05,9,2000,ok,
candidate,fft,complex128,64,8,fft_complex128_n64_b8,0.00502835551742,0.0048978520208,7.52804917283e-05,9,2000,ok,
candidate,fft,complex128,64,16,fft_complex128_n64_b16,0.00612479395932,0.00606310350122,3.13629861921e-05,9,2000,ok,
candidate,fft,complex128,64,32,fft_complex128_n64_b32,0.00888367138667,0.00881070526233,2.39617119149e-05,9,1537,ok,
candidate,fft,complex128,64,64,fft_complex128_n64_b64,0.0140247966989,0.0139179891059,8.82104763554e-05,9,1008,ok,
candidate,fft,complex128,64,256,fft_complex128_n64_b256,0.0448309653439,0.0443886901485,0.000202425289899,7,200,ok,
candidate,fft,complex128,256,1,fft_complex128_n256_b1,0.00488989701262,0.00483502447605,3.40234837495e-05,9,2000,ok,
candidate,fft,complex128,256,2,fft_complex128_n256_b2,0.00560735247564,0.00547326699598,2.15150066651e-05,9,2000,ok,
candidate,fft,complex128,256,4,fft_complex128_n256_b4,0.00691077727804,0.00684856809876,2.86223882866e-05,9,1859,ok,
candidate,fft,complex128,256,8,fft_complex128_n256_b8,0.00979190126038,0.00975245673117,2.66913025651e-05,9,810,ok,
candidate,fft,complex128,256,16,fft_complex128_n256_b16,0.0153584124294,0.014965786727,2.04868039984e-05,9,914,ok,
candidate,fft,complex128,256,32,fft_complex128_n256_b32,0.026822615182,0.0261329300702,0.000491215032525,9,200,ok,
candidate,fft,complex128,256,64,fft_complex128_n256_b64,0.0512334797531,0.0492084451253,0.000222369562835,9,200,ok,
candidate,fft,complex128,256,256,fft_complex128_n256_b256,0.193389140768,0.192770289723,0.000618851045147,7,100,ok,
candidate,fft,complex128,1024,1,fft_complex128_n1024_b1,0.00953222741373,0.00924146753581,6.80266142202e-05,9,1200,ok,
candidate,fft,complex128,1024,2,fft_complex128_n1024_b2,0.0131887926327,0.0130346575743,9.45770736007e-05,9,993,ok,
candidate,fft,complex128,1024,4,fft_complex128_n1024_b4,0.0208616442501,0.0203712268952,0.000186265026264,9,683,ok,
candidate,fft,complex128,1024,8,fft_complex128_n1024_b8,0.03652348998,0.0360590248602,0.000223359675147,9,200,ok,
candidate,fft,complex128,1024,16,fft_complex128_n1024_b16,0.067752294708,0.0673461850965,0.00027070462238,9,200,ok,
candidate,fft,complex128,1024,32,fft_complex128_n1024_b32,0.130992910621,0.127164520202,0.00350840376971,9,146,ok,
candidate,fft,complex128,1024,64,fft_complex128_n1024_b64,0.270236101325,0.259209986088,0.005585217403,9,69,ok,
candidate,fft,complex128,1024,256,fft_complex128_n1024_b256,1.20745492168,0.982302241027,0.111714317463,7,25,ok,
candidate,fft,complex128,2048,1,fft_complex128_n2048_b1,0.0160063586723,0.015646592438,3.47037351664e-05,9,817,ok,
candidate,fft,complex128,2048,2,fft_complex128_n2048_b2,0.0244043218876,0.0240211779161,6.19316949315e-05,9,556,ok,
candidate,fft,complex128,2048,4,fft_complex128_n2048_b4,0.0419293448795,0.0413327303249,0.000221965019591,9,200,ok,
candidate,fft,complex128,2048,8,fft_complex128_n2048_b8,0.078466514824,0.0779725948814,0.000324305146933,9,200,ok,
candidate,fft,complex128,2048,16,fft_complex128_n2048_b16,0.152276282355,0.151631794692,0.000303244140028,9,131,ok,
candidate,fft,complex128,2048,32,fft_complex128_n2048_b32,0.29832912215,0.296892891996,0.00103747543807,9,65,ok,
candidate,fft,complex128,2048,64,fft_complex128_n2048_b64,0.583544365751,0.580433899692,0.00119423105692,9,30,ok,
candidate,fft,complex128,2048,256,fft_complex128_n2048_b256,2.41772583104,2.36337508735,0.0427958342091,7,12,ok,
candidate,fft,complex128,3072,1,fft_complex128_n3072_b1,0.0283549982741,0.024637911444,0.000231494030923,9,565,ok,
candidate,fft,complex128,3072,2,fft_complex128_n3072_b2,0.0470183050493,0.0448993954342,0.00058954465203,9,200,ok,
candidate,fft,complex128,3072,4,fft_complex128_n3072_b4,0.0804322899785,0.0742140645161,0.00166676007211,9,200,ok,
candidate,fft,complex128,3072,8,fft_complex128_n3072_b8,0.133157978855,0.123610075767,0.00585395960801,9,146,ok,
candidate,fft,complex128,3072,16,fft_complex128_n3072_b16,0.252566527036,0.233198355234,0.0103825525577,9,76,ok,
candidate,fft,complex128,3072,32,fft_complex128_n3072_b32,0.457820098381,0.452115099567,0.00224553126221,9,30,ok,
candidate,fft,complex128,3072,64,fft_complex128_n3072_b64,0.975383468904,0.888122133135,0.0569086366644,9,30,ok,
candidate,fft,complex128,3072,256,fft_complex128_n3072_b256,4.68912666353,4.06572348826,0.171011333199,7,6,ok,
candidate,fft,complex128,3584,1,fft_complex128_n3584_b1,0.0300214860335,0.0293904240565,0.000631061977007,9,434,ok,
candidate,fft,complex128,3584,2,fft_complex128_n3584_b2,0.0500291300705,0.0473210203927,0.000390780041926,9,200,ok,
candidate,fft,complex128,3584,4,fft_complex128_n3584_b4,0.0969689351041,0.085204304778,0.00674765498843,9,200,ok,
candidate,fft,complex128,3584,8,fft_complex128_n3584_b8,0.149624766926,0.137994356468,0.00532965226344,9,129,ok,
candidate,fft,complex128,3584,16,fft_complex128_n3584_b16,0.29915993297,0.272157432109,0.00791412281074,9,74,ok,
candidate,fft,complex128,3584,32,fft_complex128_n3584_b32,0.578976469114,0.569670100231,0.0093063688837,9,30,ok,
candidate,fft,complex128,3584,64,fft_complex128_n3584_b64,1.21364807889,1.10208384621,0.0193996954924,9,26,ok,
candidate,fft,complex128,3584,256,fft_complex128_n3584_b256,5.61879260931,5.36069239024,0.12247080449,7,5,ok,
candidate,fft,complex128,4095,1,fft_complex128_n4095_b1,0.046089184078,0.0430285976129,0.00217172024607,9,261,ok,
candidate,fft,complex128,4095,2,fft_complex128_n4095_b2,0.0743313395651,0.0707578094443,0.00109654560219,9,200,ok,
candidate,fft,complex128,4095,4,fft_complex128_n4095_b4,0.138788066175,0.131373682263,0.005853986861,9,151,ok,
candidate,fft,complex128,4095,8,fft_complex128_n4095_b8,0.276665409239,0.262231000353,0.0040760780207,9,78,ok,
candidate,fft,complex128,4095,16,fft_complex128_n4095_b16,0.512726265964,0.50426279674,0.00517967718599,9,34,ok,
candidate,fft,complex128,4095,32,fft_complex128_n4095_b32,1.00977019443,0.966019615029,0.0143163488247,9,26,ok,
candidate,fft,complex128,4095,64,fft_complex128_n4095_b64,2.30480950559,2.06387629732,0.135992094874,9,10,ok,
candidate,fft,complex128,4095,256,fft_complex128_n4095_b256,8.68340798964,8.50460100143,0.143006987249,7,3,ok,
candidate,fft,complex128,4096,1,fft_complex128_n4096_b1,0.036285604038,0.0309089105845,0.00265021095149,9,346,ok,
candidate,fft,complex128,4096,2,fft_complex128_n4096_b2,0.0523176050046,0.0514630100224,0.000854594982229,9,200,ok,
candidate,fft,complex128,4096,4,fft_complex128_n4096_b4,0.0958697711851,0.0935429255131,0.00232684567194,9,188,ok,
candidate,fft,complex128,4096,8,fft_complex128_n4096_b8,0.17941670723,0.177666651717,0.00101584330235,9,109,ok,
candidate,fft,complex128,4096,16,fft_complex128_n4096_b16,0.354966016261,0.333495207275,0.0160021550857,9,58,ok,
candidate,fft,complex128,4096,32,fft_complex128_n4096_b32,0.722727066992,0.70680899856,0.0145291327499,9,30,ok,
candidate,fft,complex128,4096,64,fft_complex128_n4096_b64,1.31811386174,1.26497023961,0.0495216254854,9,21,ok,
candidate,fft,complex128,4096,256,fft_complex128_n4096_b256,5.67379759159,5.59836658649,0.0350674148649,7,5,ok,
candidate,fft,complex128,4097,1,fft_complex128_n4097_b1,0.115066882469,0.113469311584,0.00115639995784,7,170,ok,
candidate,fft,complex128,4097,2,fft_complex128_n4097_b2,0.21593024834,0.212639473849,0.00102935554159,7,93,ok,
candidate,fft,complex128,4097,4,fft_complex128_n4097_b4,0.410550230299,0.409096896571,0.00145333372833,7,48,ok,
candidate,fft,complex128,4097,8,fft_complex128_n4097_b8,0.815888390998,0.80785991462,0.00242322035458,7,23,ok,
candidate,fft,complex128,4097,16,fft_complex128_n4097_b16,1.6154139432,1.60828288386,0.00713105934362,7,18,ok,
candidate,fft,complex128,4097,32,fft_complex128_n4097_b32,3.20127832755,3.1884943342,0.00538899459773,7,9,ok,
candidate,fft,complex128,4097,64,fft_complex128_n4097_b64,6.53970174608,6.35153549956,0.14781349455,7,4,ok,
candidate,fft,complex128,4097,256,fft_complex128_n4097_b256,26.0385529837,25.7733369945,0.128039042465,7,1,ok,
candidate,fft,complex128,4608,1,fft_complex128_n4608_b1,0.0304565101396,0.0303995003924,2.38895881921e-05,7,200,ok,
candidate,fft,complex128,4608,2,fft_complex128_n4608_b2,0.0505441398127,0.0500711548375,8.33551166579e-05,7,200,ok,
candidate,fft,complex128,4608,4,fft_complex128_n4608_b4,0.0904672354227,0.090167929884,0.000196664477699,7,200,ok,
candidate,fft,complex128,4608,8,fft_complex128_n4608_b8,0.173664319626,0.172115216064,0.000643966406391,7,116,ok,
candidate,fft,complex128,4608,16,fft_complex128_n4608_b16,0.339116633404,0.335654499941,0.00215836723025,7,30,ok,
candidate,fft,complex128,4608,32,fft_complex128_n4608_b32,0.663805636577,0.65841023655,0.00318962847814,7,30,ok,
candidate,fft,complex128,4608,64,fft_complex128_n4608_b64,1.3072115225,1.30122133331,0.00372404299144,7,21,ok,
candidate,fft,complex128,4608,256,fft_complex128_n4608_b256,5.94882140867,5.77059020288,0.0514879822731,7,5,ok,
candidate,fft,complex128,8192,1,fft_complex128_n8192_b1,0.0628727249568,0.0625603448134,5.8404984884e-05,7,200,ok,
candidate,fft,complex128,8192,2,fft_complex128_n8192_b2,0.10683199426,0.106302634163,0.000353569576387,7,172,ok,
candidate,fft,complex128,8192,4,fft_complex128_n8192_b4,0.198286434746,0.197179316967,0.000672149794674,7,101,ok,
candidate,fft,complex128,8192,8,fft_complex128_n8192_b8,0.360542400317,0.357159544629,0.0027854016728,7,55,ok,
candidate,fft,complex128,8192,16,fft_complex128_n8192_b16,0.70872156648,0.699683034327,0.00711830022434,7,30,ok,
candidate,fft,complex128,8192,32,fft_complex128_n8192_b32,1.40360615333,1.39064840041,0.0103117548861,7,20,ok,
candidate,fft,complex128,8192,64,fft_complex128_n8192_b64,2.86524770781,2.82319909893,0.0267750932835,7,10,ok,
candidate,fft,complex128,8192,256,fft_complex128_n8192_b256,14.0964490129,14.046465978,0.0363675062545,7,2,ok,
candidate,fft,complex128,16384,1,fft_complex128_n16384_b1,0.183886215178,0.183776560649,0.000109654529212,7,107,ok,
candidate,fft,complex128,16384,2,fft_complex128_n16384_b2,0.355035713125,0.351772822406,0.00166058972744,7,56,ok,
candidate,fft,complex128,16384,4,fft_complex128_n16384_b4,0.707204644901,0.70638989564,0.000814749260566,7,28,ok,
candidate,fft,complex128,16384,8,fft_complex128_n16384_b8,1.42209052241,1.4191082335,0.00103238216113,7,21,ok,
candidate,fft,complex128,16384,16,fft_complex128_n16384_b16,2.86619849503,2.81915860251,0.0311661977321,7,10,ok,
candidate,fft,complex128,16384,32,fft_complex128_n16384_b32,5.74097500648,5.7158500189,0.0216725980863,7,5,ok,
candidate,fft,complex128,16384,64,fft_complex128_n16384_b64,11.6988940281,11.6846429883,0.0142510398291,7,2,ok,
candidate,fft,complex128,16384,256,fft_complex128_n16384_b256,49.9055489199,49.6951049427,0.0655129551888,7,1,ok,
candidate,fft,complex128,32768,1,fft_complex128_n32768_b1,0.423266086727,0.421517586801,0.000586738283543,7,46,ok,
candidate,fft,complex128,32768,2,fft_complex128_n32768_b2,0.832075582972,0.830118583205,0.00129533388341,7,24,ok,
candidate,fft,complex128,32768,4,fft_complex128_n32768_b4,1.65854338815,1.65591794454,0.00262544361047,7,18,ok,
candidate,fft,complex128,32768,8,fft_complex128_n32768_b8,3.31460333998,3.31290121863,0.00170212135547,7,9,ok,
candidate,fft,complex128,32768,16,fft_complex128_n32768_b16,6.75995351048,6.70430698665,0.0403352314606,7,4,ok,
candidate,fft,complex128,32768,32,fft_complex128_n32768_b32,14.2360095051,14.0786205302,0.127001956571,7,2,ok,
candidate,fft,complex128,32768,64,fft_complex128_n32768_b64,30.0368329044,29.8835280119,0.0814709346741,7,1,ok,
candidate,fft,complex128,32768,256,fft_complex128_n32768_b256,117.831037031,116.221248056,0.665524043143,7,1,ok,
candidate,fft,complex128,65536,1,fft_complex128_n65536_b1,0.897253773556,0.891100456515,0.00289041252637,7,22,ok,
candidate,fft,complex128,65536,2,fft_complex128_n65536_b2,1.78231728975,1.77603376591,0.00367210904027,7,17,ok,
candidate,fft,complex128,65536,4,fft_complex128_n65536_b4,3.63868499699,3.60682549945,0.00826299947221,7,8,ok,
candidate,fft,complex128,65536,8,fft_complex128_n65536_b8,7.96397047816,7.75108049856,0.169488979736,7,4,ok,
candidate,fft,complex128,65536,16,fft_complex128_n65536_b16,15.9810999176,15.8407279523,0.140371965244,7,1,ok,
candidate,fft,complex128,65536,32,fft_complex128_n65536_b32,33.3694900619,33.1309450557,0.238545006141,7,1,ok,
candidate,fft,complex128,65536,64,fft_complex128_n65536_b64,65.7121229451,65.4889650177,0.223157927394,7,1,ok,
candidate,fft,complex128,65536,256,fft_complex128_n65536_b256,258.611092926,258.207159,0.245068105869,7,1,ok,
candidate,ifft,complex64,64,1,ifft_complex64_n64_b1,0.00449635456545,0.00443304508045,1.85359270881e-05,9,1241,ok,
candidate,ifft,complex64,64,2,ifft_complex64_n64_b2,0.00459783099359,0.0045866399887,3.82697908208e-06,9,2000,ok,
candidate,ifft,complex64,64,4,ifft_complex64_n64_b4,0.00499561452307,0.00496968545485,1.55595480464e-05,9,2000,ok,
candidate,ifft,complex64,64,8,ifft_complex64_n64_b8,0.00572514248779,0.00569511647336,1.3159471564e-05,9,2000,ok,
candidate,ifft,complex64,64,16,ifft_complex64_n64_b16,0.00692487035784,0.00690178749777,1.87170663232e-05,9,1859,ok,
candidate,ifft,complex64,64,32,ifft_complex64_n64_b32,0.00949023388165,0.00944120553999,3.79093170884e-05,9,1411,ok,
candidate,ifft,complex64,64,64,ifft_complex64_n64_b64,0.0144818245329,0.0144231836407,1.36887787708e-05,9,980,ok,
candidate,ifft,complex64,64,256,ifft_complex64_n64_b256,0.045678045135,0.0452517002122,0.000127994571812,7,200,ok,
candidate,ifft,complex64,256,1,ifft_complex64_n256_b1,0.00593497483265,0.00580010454966,2.23685686082e-05,9,1951,ok,
candidate,ifft,complex64,256,2,ifft_complex64_n256_b2,0.006604412893,0.0065572442218,9.64889097686e-06,9,1843,ok,
candidate,ifft,complex64,256,4,ifft_complex64_n256_b4,0.00820043021681,0.0080952919406,7.33023706295e-05,9,1627,ok,
candidate,ifft,complex64,256,8,ifft_complex64_n256_b8,0.0113168384848,0.01106606841,7.7644133614e-05,9,1096,ok,
candidate,ifft,complex64,256,16,ifft_complex64_n256_b16,0.0174355863983,0.0171625544585,2.03187218492e-05,9,781,ok,
candidate,ifft,complex64,256,32,ifft_complex64_n256_b32,0.0294624996604,0.0293380150106,9.402516298e-05,9,200,ok,
candidate,ifft,complex64,256,64,ifft_complex64_n256_b64,0.0542685994878,0.0532904750435,0.000264695263468,9,200,ok,
candidate,ifft,complex64,256,256,ifft_complex64_n256_b256,0.201366250015,0.201213354255,0.000152895760645,7,96,ok,
candidate,ifft,complex64,1024,1,ifft_complex64_n1024_b1,0.010642716078,0.0105926989239,2.13087962918e-05,9,1166,ok,
candidate,ifft,complex64,1024,2,ifft_complex64_n1024_b2,0.01502680745,0.0150084032347,1.46518229807e-05,9,945,ok,
candidate,ifft,complex64,1024,4,ifft_complex64_n1024_b4,0.0228355368166,0.0228107948295,1.13350091478e-05,9,624,ok,
candidate,ifft,complex64,1024,8,ifft_complex64_n1024_b8,0.0394125899766,0.0393513252493,3.34647484124e-05,9,200,ok,
candidate,ifft,complex64,1024,16,ifft_complex64_n1024_b16,0.0726173346629,0.0724775251001,4.82401810586e-05,9,200,ok,
candidate,ifft,complex64,1024,32,ifft_complex64_n1024_b32,0.138301866352,0.137403570476,0.000898295875744,9,142,ok,
candidate,ifft,complex64,1024,64,ifft_complex64_n1024_b64,0.274949389901,0.274445115845,0.000409751563616,9,69,ok,
candidate,ifft,complex64,1024,256,ifft_complex64_n1024_b256,1.07611922323,1.07304570351,0.00138741193546,7,27,ok,
candidate,ifft,complex64,2048,1,ifft_complex64_n2048_b1,0.016800930906,0.0167802790366,2.06518694091e-05,9,781,ok,
candidate,ifft,complex64,2048,2,ifft_complex64_n2048_b2,0.0252048184621,0.0251513185788,4.86299113844e-05,9,562,ok,
candidate,ifft,complex64,2048,4,ifft_complex64_n2048_b4,0.0423668598523,0.0420846848283,0.000117120216601,9,200,ok,
candidate,ifft,complex64,2048,8,ifft_complex64_n2048_b8,0.0772406201577,0.0769633596065,0.000190649880096,9,200,ok,
candidate,ifft,complex64,2048,16,ifft_complex64_n2048_b16,0.145068096376,0.144423414194,0.000151696063026,9,135,ok,
candidate,ifft,complex64,2048,32,ifft_complex64_n2048_b32,0.286202013925,0.285368276072,0.000494392251299,9,69,ok,
candidate,ifft,complex64,2048,64,ifft_complex64_n2048_b64,0.563717633486,0.562996968317,0.000588099161784,9,30,ok,
candidate,ifft,complex64,2048,256,ifft_complex64_n2048_b256,2.23098469612,2.21660554122,0.0136586246439,7,13,ok,
candidate,ifft,complex64,3072,1,ifft_complex64_n3072_b1,0.0240412427693,0.023938134014,9.19274010601e-05,9,552,ok,
candidate,ifft,complex64,3072,2,ifft_complex64_n3072_b2,0.0380196399055,0.0377287954325,6.26646215096e-05,9,200,ok,
candidate,ifft,complex64,3072,4,ifft_complex64_n3072_b4,0.0669194897637,0.0665207399288,0.000354464864358,9,200,ok,
candidate,ifft,complex64,3072,8,ifft_complex64_n3072_b8,0.123880873743,0.123445092645,0.000222337074479,9,151,ok,
candidate,ifft,complex64,3072,16,ifft_complex64_n3072_b16,0.242213914512,0.239119231814,0.00225860915124,9,82,ok,
candidate,ifft,complex64,3072,32,ifft_complex64_n3072_b32,0.477279466577,0.474777099832,0.00164073426276,9,30,ok,
candidate,ifft,complex64,3072,64,ifft_complex64_n3072_b64,1.0064074692,0.955105266379,0.0338909953522,9,30,ok,
candidate,ifft,complex64,3072,256,ifft_complex64_n3072_b256,4.38570966556,4.35954417723,0.0261654883313,7,6,ok,
candidate,ifft,complex64,3584,1,ifft_complex64_n3584_b1,0.0291648081716,0.0274749480621,0.00153525977377,9,443,ok,
candidate,ifft,complex64,3584,2,ifft_complex64_n3584_b2,0.0442535348702,0.0439804804046,0.000185944954865,9,200,ok,
candidate,ifft,complex64,3584,4,ifft_complex64_n3584_b4,0.0788841448957,0.07806105481,0.000476739951409,9,200,ok,
candidate,ifft,complex64,3584,8,ifft_complex64_n3584_b8,0.145073346684,0.144232968308,0.000428118721003,9,127,ok,
candidate,ifft,complex64,3584,16,ifft_complex64_n3584_b16,0.277363000659,0.27596037164,0.000760746504164,9,59,ok,
candidate,ifft,complex64,3584,32,ifft_complex64_n3584_b32,0.543765366698,0.540365666772,0.00129476732885,9,30,ok,
candidate,ifft,complex64,3584,64,ifft_complex64_n3584_b64,1.04258968029,1.03123484179,0.0113548384979,9,25,ok,
candidate,ifft,complex64,3584,256,ifft_complex64_n3584_b256,4.43565798923,4.40404399221,0.0316139970285,7,6,ok,
candidate,ifft,complex64,4095,1,ifft_complex64_n4095_b1,0.0487979912545,0.0482488230934,0.00050315062672,9,226,ok,
candidate,ifft,complex64,4095,2,ifft_complex64_n4095_b2,0.0855947798118,0.0853721197927,0.000214144820347,9,200,ok,
candidate,ifft,complex64,4095,4,ifft_complex64_n4095_b4,0.160833135144,0.158577166971,0.00063499938401,9,126,ok,
candidate,ifft,complex64,4095,8,ifft_complex64_n4095_b8,0.311189063174,0.306961810335,0.00161490410507,9,63,ok,
candidate,ifft,complex64,4095,16,ifft_complex64_n4095_b16,0.627308694395,0.6113962333,0.00939057477248,9,26,ok,
candidate,ifft,complex64,4095,32,ifft_complex64_n4095_b32,1.26878112939,1.22342508732,0.0122097857377,9,23,ok,
candidate,ifft,complex64,4095,64,ifft_complex64_n4095_b64,2.60687099812,2.53476982471,0.0378706344319,9,11,ok,
candidate,ifft,complex64,4095,256,ifft_complex64_n4095_b256,10.3392635356,10.2463954827,0.0629225396551,7,2,ok,
candidate,ifft,complex64,4096,1,ifft_complex64_n4096_b1,0.0313106382908,0.0309181818965,0.000270823009981,9,412,ok,
candidate,ifft,complex64,4096,2,ifft_complex64_n4096_b2,0.0522240798455,0.0515045854263,0.000267150462605,9,200,ok,
candidate,ifft,complex64,4096,4,ifft_complex64_n4096_b4,0.0905343599152,0.0882888649357,0.000598920159973,9,200,ok,
candidate,ifft,complex64,4096,8,ifft_complex64_n4096_b8,0.161400898478,0.160449627447,0.000792585108114,9,118,ok,
candidate,ifft,complex64,4096,16,ifft_complex64_n4096_b16,0.309090080139,0.307885602871,0.00120447726832,9,63,ok,
candidate,ifft,complex64,4096,32,ifft_complex64_n4096_b32,0.61765909971,0.608871667646,0.00482033162067,9,30,ok,
candidate,ifft,complex64,4096,64,ifft_complex64_n4096_b64,1.28796917346,1.22696739298,0.0517854325311,9,23,ok,
candidate,ifft,complex64,4096,256,ifft_complex64_n4096_b256,5.64299800899,5.53732661065,0.0663162209094,7,5,ok,
candidate,ifft,complex64,4097,1,ifft_complex64_n4097_b1,0.149864221946,0.149028209027,0.000820061145925,7,81,ok,
candidate,ifft,complex64,4097,2,ifft_complex64_n4097_b2,0.281042812487,0.276515506667,0.00116986937929,7,69,ok,
candidate,ifft,complex64,4097,4,ifft_complex64_n4097_b4,0.555797942382,0.553077143351,0.00140777057303,7,35,ok,
candidate,ifft,complex64,4097,8,ifft_complex64_n4097_b8,1.09172767002,1.08392755889,0.00780011113319,7,18,ok,
candidate,ifft,complex64,4097,16,ifft_complex64_n4097_b16,2.20286530944,2.18719284301,0.0120209207615,7,13,ok,
candidate,ifft,complex64,4097,32,ifft_complex64_n4097_b32,4.46841582501,4.40849216344,0.0428549828939,7,6,ok,
candidate,ifft,complex64,4097,64,ifft_complex64_n4097_b64,8.97122935082,8.76042200252,0.210807348291,7,3,ok,
candidate,ifft,complex64,4097,256,ifft_complex64_n4097_b256,34.8776780302,34.4674719963,0.303416862153,7,1,ok,
candidate,ifft,complex64,4608,1,ifft_complex64_n4608_b1,0.0355729699368,0.0353904248914,0.000160099589266,7,200,ok,
candidate,ifft,complex64,4608,2,ifft_complex64_n4608_b2,0.0615052203648,0.059835354914,0.00166986545082,7,200,ok,
candidate,ifft,complex64,4608,4,ifft_complex64_n4608_b4,0.11134727002,0.105647161787,0.00475810890917,7,167,ok,
candidate,ifft,complex64,4608,8,ifft_complex64_n4608_b8,0.201508458656,0.195615408153,0.00563675385653,7,98,ok,
candidate,ifft,complex64,4608,16,ifft_complex64_n4608_b16,0.376809070197,0.376256698898,0.000440829899162,7,30,ok,
candidate,ifft,complex64,4608,32,ifft_complex64_n4608_b32,0.736893566015,0.7329895976,0.00228026571373,7,30,ok,
candidate,ifft,complex64,4608,64,ifft_complex64_n4608_b64,1.46032110206,1.45830480033,0.00149230472744,7,20,ok,
candidate,ifft,complex64,4608,256,ifft_complex64_n4608_b256,7.4845247902,6.57080940437,0.073291012086,7,5,ok,
candidate,ifft,complex64,8192,1,ifft_complex64_n8192_b1,0.0805080297869,0.0739252299536,0.0054476299556,7,200,ok,
candidate,ifft,complex64,8192,2,ifft_complex64_n8192_b2,0.109556274111,0.101174274307,0.00535347042423,7,153,ok,
candidate,ifft,complex64,8192,4,ifft_complex64_n8192_b4,0.19514391956,0.186883434042,0.00298456547575,7,99,ok,
candidate,ifft,complex64,8192,8,ifft_complex64_n8192_b8,0.369517296484,0.363959131021,0.00513848176019,7,54,ok,
candidate,ifft,complex64,8192,16,ifft_complex64_n8192_b16,0.673793298968,0.660988735035,0.0128045639334,7,30,ok,
candidate,ifft,complex64,8192,32,ifft_complex64_n8192_b32,1.42618981508,1.32348063529,0.033390597144,7,22,ok,
candidate,ifft,complex64,8192,64,ifft_complex64_n8192_b64,3.2168774374,3.03555744338,0.0814512216796,7,9,ok,
candidate,ifft,complex64,8192,256,ifft_complex64_n8192_b256,12.1891953362,11.659732981,0.510497329136,7,3,ok,
candidate,ifft,complex64,16384,1,ifft_complex64_n16384_b1,0.117845765515,0.114813962026,0.00212543063408,7,158,ok,
candidate,ifft,complex64,16384,2,ifft_complex64_n16384_b2,0.230889659948,0.214345451281,0.00889057032559,7,91,ok,
candidate,ifft,complex64,16384,4,ifft_complex64_n16384_b4,0.403396883413,0.37488282439,0.0133840184586,7,51,ok,
candidate,ifft,complex64,16384,8,ifft_complex64_n16384_b8,0.818835000973,0.77917620074,0.0127127704521,7,30,ok,
candidate,ifft,complex64,16384,16,ifft_complex64_n16384_b16,1.61728571125,1.49635304808,0.068776137639,7,21,ok,
candidate,ifft,complex64,16384,32,ifft_complex64_n16384_b32,3.25389544014,3.06302100782,0.142098883063,7,9,ok,
candidate,ifft,complex64,16384,64,ifft_complex64_n16384_b64,6.01932726568,5.44384174282,0.270322459983,7,4,ok,
candidate,ifft,complex64,16384,256,ifft_complex64_n16384_b256,26.3710441068,25.190888904,0.644574873149,7,1,ok,
candidate,ifft,complex64,32768,1,ifft_complex64_n32768_b1,0.258476169527,0.251104441566,0.00737172796123,7,59,ok,
candidate,ifft,complex64,32768,2,ifft_complex64_n32768_b2,0.433245094406,0.424964047514,0.00828104689284,7,43,ok,
candidate,ifft,complex64,32768,4,ifft_complex64_n32768_b4,0.846361399939,0.806002668105,0.0298057023125,7,30,ok,
candidate,ifft,complex64,32768,8,ifft_complex64_n32768_b8,1.69539664571,1.6465182964,0.0163546475746,7,17,ok,
candidate,ifft,complex64,32768,16,ifft_complex64_n32768_b16,3.22115015505,3.01859299985,0.0643845913666,7,7,ok,
candidate,ifft,complex64,32768,32,ifft_complex64_n32768_b32,6.12789500155,6.01401724271,0.086792249931,7,4,ok,
candidate,ifft,complex64,32768,64,ifft_complex64_n32768_b64,13.2775856958,12.8168149774,0.289955059998,7,3,ok,
candidate,ifft,complex64,32768,256,ifft_complex64_n32768_b256,52.6161519811,50.1363589428,0.161631964147,7,1,ok,
candidate,ifft,complex64,65536,1,ifft_complex64_n65536_b1,0.480371260844,0.468998157885,0.00727755066596,7,38,ok,
candidate,ifft,complex64,65536,2,ifft_complex64_n65536_b2,0.886321401534,0.872661898999,0.00854199752212,7,30,ok,
candidate,ifft,complex64,65536,4,ifft_complex64_n65536_b4,1.6955442261,1.68819994562,0.00386444541315,7,18,ok,
candidate,ifft,complex64,65536,8,ifft_complex64_n65536_b8,3.27585534089,3.26990421551,0.00250690047526,7,9,ok,
candidate,ifft,complex64,65536,16,ifft_complex64_n65536_b16,6.46493476233,6.44909025868,0.0158445036504,7,4,ok,
candidate,ifft,complex64,65536,32,ifft_complex64_n65536_b32,13.2648386837,13.2102899952,0.0244090333581,7,3,ok,
candidate,ifft,complex64,65536,64,ifft_complex64_n65536_b64,28.2006129855,27.9745799489,0.035597011447,7,1,ok,
candidate,ifft,complex64,65536,256,ifft_complex64_n65536_b256,109.199568047,108.751000022,0.371704110876,7,1,ok,
candidate,ifft,complex128,64,1,ifft_complex128_n64_b1,0.00467777038881,0.00464931285719,2.12043625368e-05,9,1742,ok,
candidate,ifft,complex128,64,2,ifft_complex128_n64_b2,0.004772457527,0.00471378304064,2.04129610211e-05,9,2000,ok,
candidate,ifft,complex128,64,4,ifft_complex128_n64_b4,0.00517634203425,0.00512920401525,1.81989744306e-05,9,2000,ok,
candidate,ifft,complex128,64,8,ifft_complex128_n64_b8,0.00590852001915,0.00574251945363,2.40849913098e-05,9,2000,ok,
candidate,ifft,complex128,64,16,ifft_complex128_n64_b16,0.00710500621165,0.00703063376836,1.71321506788e-05,9,1786,ok,
candidate,ifft,complex128,64,32,ifft_complex128_n64_b32,0.00976173612729,0.00964908218703,6.01780762669e-05,9,1387,ok,
candidate,ifft,complex128,64,64,ifft_complex128_n64_b64,0.0149004458692,0.0147912682139,4.91655569433e-05,9,906,ok,
candidate,ifft,complex128,64,256,ifft_complex128_n64_b256,0.0464100146201,0.0461157149402,0.000294250203297,7,200,ok,
candidate,ifft,complex128,256,1,ifft_complex128_n256_b1,0.00588256999065,0.00585642263321,7.7225419282e-06,9,1907,ok,
candidate,ifft,complex128,256,2,ifft_complex128_n256_b2,0.00651420126899,0.0064548010625,2.94348761871e-05,9,1759,ok,
candidate,ifft,complex128,256,4,ifft_complex128_n256_b4,0.0080477167247,0.00798418011723,1.77097271471e-05,9,1571,ok,
candidate,ifft,complex128,256,8,ifft_complex128_n256_b8,0.0111721878381,0.011138625181,1.69271472234e-05,9,1166,ok,
candidate,ifft,complex128,256,16,ifft_complex128_n256_b16,0.0175142777881,0.0172028947768,0.000268926095679,9,799,ok,
candidate,ifft,complex128,256,32,ifft_complex128_n256_b32,0.0295179546811,0.029328049859,0.000180734787136,9,200,ok,
candidate,ifft,complex128,256,64,ifft_complex128_n256_b64,0.0540010497207,0.0535881804535,0.000349300098605,9,200,ok,
candidate,ifft,complex128,256,256,ifft_complex128_n256_b256,0.2118643829,0.210448435726,0.000699606545745,7,94,ok,
candidate,ifft,complex128,1024,1,ifft_complex128_n1024_b1,0.0104543310449,0.0104142904125,2.33111368587e-05,9,1157,ok,
candidate,ifft,complex128,1024,2,ifft_complex128_n1024_b2,0.0145869728529,0.0144370414584,5.94683196436e-05,9,918,ok,
candidate,ifft,complex128,1024,4,ifft_complex128_n1024_b4,0.0225754253068,0.0223670519639,8.37779655231e-05,9,635,ok,
candidate,ifft,complex128,1024,8,ifft_complex128_n1024_b8,0.0393745704787,0.0389636546606,0.000154435401782,9,200,ok,
candidate,ifft,complex128,1024,16,ifft_complex128_n1024_b16,0.0725801649969,0.0709901453229,0.000934745185077,9,200,ok,
candidate,ifft,complex128,1024,32,ifft_complex128_n1024_b32,0.135957185268,0.134871389927,0.000677294774006,9,146,ok,
candidate,ifft,complex128,1024,64,ifft_complex128_n1024_b64,0.271586456802,0.270007800178,0.00142379929977,9,70,ok,
candidate,ifft,complex128,1024,256,ifft_complex128_n1024_b256,1.08394726591,1.07356322965,0.00203419655848,7,26,ok,
candidate,ifft,complex128,2048,1,ifft_complex128_n2048_b1,0.0171872264465,0.0169920940137,0.000176421175433,9,755,ok,
candidate,ifft,complex128,2048,2,ifft_complex128_n2048_b2,0.0256692785301,0.0251328993257,0.000332847167332,9,517,ok,
candidate,ifft,complex128,2048,4,ifft_complex128_n2048_b4,0.0440655904822,0.043463910115,0.000281730317511,9,200,ok,
candidate,ifft,complex128,2048,8,ifft_complex128_n2048_b8,0.0796183152124,0.0791594549082,0.000458860304207,9,200,ok,
candidate,ifft,complex128,2048,16,ifft_complex128_n2048_b16,0.153683182847,0.153244274867,0.000381709844272,9,131,ok,
candidate,ifft,complex128,2048,32,ifft_complex128_n2048_b32,0.302182938545,0.30038896769,0.000949923952038,9,65,ok,
candidate,ifft,complex128,2048,64,ifft_complex128_n2048_b64,0.595307000913,0.592253298964,0.000944768544286,9,30,ok,
candidate,ifft,complex128,2048,256,ifft_complex128_n2048_b256,2.51188350376,2.32723508573,0.0310696680875,7,12,ok,
candidate,ifft,complex128,3072,1,ifft_complex128_n3072_b1,0.0244249191379,0.0243912316371,3.3687500875e-05,9,557,ok,
candidate,ifft,complex128,3072,2,ifft_complex128_n3072_b2,0.0398160447367,0.0393506750697,0.000388624612242,9,200,ok,
candidate,ifft,complex128,3072,4,ifft_complex128_n3072_b4,0.068420644966,0.0678305403562,0.0003715447383,9,200,ok,
candidate,ifft,complex128,3072,8,ifft_complex128_n3072_b8,0.126471401157,0.125715471241,0.000259140506387,9,157,ok,
candidate,ifft,complex128,3072,16,ifft_complex128_n3072_b16,0.247096632537,0.244320555932,0.00126146758565,9,79,ok,
candidate,ifft,complex128,3072,32,ifft_complex128_n3072_b32,0.489953133122,0.484961500236,0.00169513514265,9,30,ok,
candidate,ifft,complex128,3072,64,ifft_complex128_n3072_b64,0.964304467198,0.942524767015,0.0133319331023,9,30,ok,
candidate,ifft,complex128,3072,256,ifft_complex128_n3072_b256,4.12283199174,4.07668158212,0.0386722884806,7,7,ok,
candidate,ifft,complex128,3584,1,ifft_complex128_n3584_b1,0.0262034899025,0.0261525553365,4.81231836602e-05,9,488,ok,
candidate,ifft,complex128,3584,2,ifft_complex128_n3584_b2,0.0428211595863,0.0427243305603,9.08202491701e-05,9,200,ok,
candidate,ifft,complex128,3584,4,ifft_complex128_n3584_b4,0.0751598848728,0.0750089553185,0.000102590420283,9,200,ok,
candidate,ifft,complex128,3584,8,ifft_complex128_n3584_b8,0.140225535265,0.138509436511,0.000809675941742,9,142,ok,
candidate,ifft,complex128,3584,16,ifft_complex128_n3584_b16,0.276837278054,0.274703276874,0.00213400118001,9,72,ok,
candidate,ifft,complex128,3584,32,ifft_complex128_n3584_b32,0.540066134029,0.538737299697,0.00131583462159,9,30,ok,
candidate,ifft,complex128,3584,64,ifft_complex128_n3584_b64,1.25085610758,1.22584307704,0.00943651388365,9,27,ok,
candidate,ifft,complex128,3584,256,ifft_complex128_n3584_b256,6.27152440138,5.8717292035,0.371424201876,7,5,ok,
candidate,ifft,complex128,4095,1,ifft_complex128_n4095_b1,0.045099681963,0.0443808183128,0.00028309127516,9,242,ok,
candidate,ifft,complex128,4095,2,ifft_complex128_n4095_b2,0.0790669850539,0.0767520599766,0.00100503035355,9,200,ok,
candidate,ifft,complex128,4095,4,ifft_complex128_n4095_b4,0.147958228636,0.143647391373,0.00106274663129,9,79,ok,
candidate,ifft,complex128,4095,8,ifft_complex128_n4095_b8,0.276925165742,0.273886136711,0.00209786230698,9,66,ok,
candidate,ifft,complex128,4095,16,ifft_complex128_n4095_b16,0.54313294665,0.52718343402,0.00980778635052,9,37,ok,
candidate,ifft,complex128,4095,32,ifft_complex128_n4095_b32,1.12808384001,1.09954888001,0.0191329559311,9,25,ok,
candidate,ifft,complex128,4095,64,ifft_complex128_n4095_b64,2.38785169159,2.14533699461,0.0770339258732,9,13,ok,
candidate,ifft,complex128,4095,256,ifft_complex128_n4095_b256,9.02760133613,8.99348431267,0.00494935860237,7,3,ok,
candidate,ifft,complex128,4096,1,ifft_complex128_n4096_b1,0.0308371270244,0.0305796504127,0.000110000113768,9,386,ok,
candidate,ifft,complex128,4096,2,ifft_complex128_n4096_b2,0.0525537953945,0.0521068100352,0.000407660263591,9,200,ok,
candidate,ifft,complex128,4096,4,ifft_complex128_n4096_b4,0.0941766699543,0.0939158798428,0.000182689982466,9,200,ok,
candidate,ifft,complex128,4096,8,ifft_complex128_n4096_b8,0.183056451052,0.181974823742,0.000337098825577,9,102,ok,
candidate,ifft,complex128,4096,16,ifft_complex128_n4096_b16,0.347366421729,0.341699156387,0.00186980775508,9,57,ok,
candidate,ifft,complex128,4096,32,ifft_complex128_n4096_b32,0.72054299914,0.701778265648,0.0143711998438,9,30,ok,
candidate,ifft,complex128,4096,64,ifft_complex128_n4096_b64,1.67130929527,1.63559788181,0.0300137052203,9,17,ok,
candidate,ifft,complex128,4096,256,ifft_complex128_n4096_b256,7.00987468008,6.67674199212,0.13235063913,7,3,ok,
candidate,ifft,complex128,4097,1,ifft_complex128_n4097_b1,0.120529263104,0.11938678988,0.000509331191613,7,148,ok,
candidate,ifft,complex128,4097,2,ifft_complex128_n4097_b2,0.224223633349,0.222928545231,0.000812410790887,7,90,ok,
candidate,ifft,complex128,4097,4,ifft_complex128_n4097_b4,0.431922476982,0.429724889767,0.00144986931801,7,46,ok,
candidate,ifft,complex128,4097,8,ifft_complex128_n4097_b8,0.84875108492,0.845599129958,0.00266495423958,7,23,ok,
candidate,ifft,complex128,4097,16,ifft_complex128_n4097_b16,1.61367988296,1.60860035377,0.00507952919339,7,17,ok,
candidate,ifft,complex128,4097,32,ifft_complex128_n4097_b32,3.24385111324,3.23089588589,0.0129552273494,7,9,ok,
candidate,ifft,complex128,4097,64,ifft_complex128_n4097_b64,6.75836275332,6.6698974988,0.0316517543979,7,4,ok,
candidate,ifft,complex128,4097,256,ifft_complex128_n4097_b256,27.6798899285,27.5537739508,0.126115977764,7,1,ok,
candidate,ifft,complex128,4608,1,ifft_complex128_n4608_b1,0.0358028500341,0.0356835254934,0.000119324540719,7,200,ok,
candidate,ifft,complex128,4608,2,ifft_complex128_n4608_b2,0.0614517752547,0.0599591847276,0.000419479911216,7,200,ok,
candidate,ifft,complex128,4608,4,ifft_complex128_n4608_b4,0.109866206438,0.10890424449,0.000961961948475,7,184,ok,
candidate,ifft,complex128,4608,8,ifft_complex128_n4608_b8,0.215577695559,0.207550423827,0.00398201139077,7,92,ok,
candidate,ifft,complex128,4608,16,ifft_complex128_n4608_b16,0.453416533613,0.419346200457,0.0145191365543,7,30,ok,
candidate,ifft,complex128,4608,32,ifft_complex128_n4608_b32,0.839799498984,0.781749701127,0.0236615655012,7,30,ok,
candidate,ifft,complex128,4608,64,ifft_complex128_n4608_b64,1.86874938663,1.7970169966,0.0576329990648,7,13,ok,
candidate,ifft,complex128,4608,256,ifft_complex128_n4608_b256,7.78931018431,7.70663979929,0.0665141968057,7,5,ok,
candidate,ifft,complex128,8192,1,ifft_complex128_n8192_b1,0.0677993299905,0.0664904399309,0.000567410024814,7,200,ok,
candidate,ifft,complex128,8192,2,ifft_complex128_n8192_b2,0.115504153849,0.112835633724,0.000612812582403,7,150,ok,
candidate,ifft,complex128,8192,4,ifft_complex128_n8192_b4,0.210515086782,0.20954784755,0.000708283471834,7,92,ok,
candidate,ifft,complex128,8192,8,ifft_complex128_n8192_b8,0.38639353086,0.377925158497,0.00231099707604,7,51,ok,
candidate,ifft,complex128,8192,16,ifft_complex128_n8192_b16,0.742988269,0.74018536446,0.00186950201169,7,30,ok,
candidate,ifft,complex128,8192,32,ifft_complex128_n8192_b32,1.49216126087,1.46720562694,0.0221497857159,7,19,ok,
candidate,ifft,complex128,8192,64,ifft_complex128_n8192_b64,3.03914978738,3.00068444469,0.034276344296,7,9,ok,
candidate,ifft,complex128,8192,256,ifft_complex128_n8192_b256,15.5933109927,15.353673487,0.239637505729,7,2,ok,
candidate,ifft,complex128,16384,1,ifft_complex128_n16384_b1,0.355360249939,0.336996998937,0.00210910885861,7,56,ok,
candidate,ifft,complex128,16384,2,ifft_complex128_n16384_b2,0.544753034021,0.422483173616,0.122269860405,7,29,ok,
candidate,ifft,complex128,16384,4,ifft_complex128_n16384_b4,0.757967087945,0.749400666488,0.00856642145663,7,24,ok,
candidate,ifft,complex128,16384,8,ifft_complex128_n16384_b8,1.48685870226,1.48309465148,0.0017894024495,7,20,ok,
candidate,ifft,complex128,16384,16,ifft_complex128_n16384_b16,2.95802400215,2.94922159519,0.00653919996694,7,10,ok,
candidate,ifft,complex128,16384,32,ifft_complex128_n16384_b32,6.20402421337,6.03306079283,0.110428407788,7,5,ok,
candidate,ifft,complex128,16384,64,ifft_complex128_n16384_b64,15.2518579271,14.6505440352,0.474236905575,7,1,ok,
candidate,ifft,complex128,16384,256,ifft_complex128_n16384_b256,61.225079,57.5574049726,0.203190022148,7,1,ok,
candidate,ifft,complex128,32768,1,ifft_complex128_n32768_b1,0.484082949324,0.473286126716,0.00940369239125,7,39,ok,
candidate,ifft,complex128,32768,2,ifft_complex128_n32768_b2,0.951260398142,0.936246349011,0.0150140491314,7,20,ok,
candidate,ifft,complex128,32768,4,ifft_complex128_n32768_b4,2.08317773261,1.96982792889,0.113349803723,7,15,ok,
candidate,ifft,complex128,32768,8,ifft_complex128_n32768_b8,4.35317379888,4.14216159843,0.111626600847,7,5,ok,
candidate,ifft,complex128,32768,16,ifft_complex128_n32768_b16,8.65410031596,8.39455499469,0.114203663543,7,3,ok,
candidate,ifft,complex128,32768,32,ifft_complex128_n32768_b32,16.3203040138,15.8324219519,0.41064794641,7,1,ok,
candidate,ifft,complex128,32768,64,ifft_complex128_n32768_b64,34.3787969323,32.1732249577,0.849767006002,7,1,ok,
candidate,ifft,complex128,32768,256,ifft_complex128_n32768_b256,132.818871993,126.180818072,4.04218200129,7,1,ok,
candidate,ifft,complex128,65536,1,ifft_complex128_n65536_b1,0.982248670577,0.975902667657,0.0063460029196,7,12,ok,
candidate,ifft,complex128,65536,2,ifft_complex128_n65536_b2,1.94219257017,1.88034271456,0.0618498556183,7,14,ok,
candidate,ifft,complex128,65536,4,ifft_complex128_n65536_b4,3.97527641949,3.94060299732,0.0346734221759,7,7,ok,
candidate,ifft,complex128,65536,8,ifft_complex128_n65536_b8,8.21694665744,7.86688935477,0.260072643869,7,3,ok,
candidate,ifft,complex128,65536,16,ifft_complex128_n65536_b16,16.0406921059,15.8542430727,0.137798138894,7,1,ok,
candidate,ifft,complex128,65536,32,ifft_complex128_n65536_b32,34.0028640348,33.6330831051,0.0498030567542,7,1,ok,
candidate,ifft,complex128,65536,64,ifft_complex128_n65536_b64,67.0489399927,66.1733149318,0.768797006458,7,1,ok,
candidate,ifft,complex128,65536,256,ifft_complex128_n65536_b256,265.883742017,263.887291076,1.14389695227,7,1,ok,
