candidate,operation,dtype,n,batch,case_id,median_ms,best_ms,mad_ms,samples,loops,status,notes
old,fft,complex64,2048,1,fft_complex64_n2048_b1,0.0215302741428,0.0189937116095,0.00243471647711,9,416,ok,
old,fft,complex64,2048,2,fft_complex64_n2048_b2,0.025927317094,0.0254536197255,0.000128602978828,9,476,ok,
old,fft,complex64,2048,4,fft_complex64_n2048_b4,0.156228538153,0.153921882558,0.00180343390796,9,145,ok,
old,fft,complex64,2048,8,fft_complex64_n2048_b8,0.281631106582,0.280959984789,0.000671121793298,9,65,ok,
old,fft,complex64,2048,16,fft_complex64_n2048_b16,0.536966513121,0.532433518299,0.00316364270064,9,31,ok,
old,fft,complex64,2048,32,fft_complex64_n2048_b32,1.04648649722,1.03690293327,0.00490662205266,9,16,ok,
old,fft,complex64,2048,64,fft_complex64_n2048_b64,2.73533750442,2.31239191877,0.082170998212,9,12,ok,
old,fft,complex64,2048,256,fft_complex64_n2048_b256,8.06886218488,6.81980398949,1.07315357309,7,5,ok,
old,fft,complex64,3072,1,fft_complex64_n3072_b1,0.0251363449441,0.0245612555419,0.000168063309792,9,458,ok,
old,fft,complex64,3072,2,fft_complex64_n3072_b2,0.0338172953343,0.0334348803153,0.000170569401234,9,200,ok,
old,fft,complex64,3072,4,fft_complex64_n3072_b4,0.05977089931,0.0590254873243,0.000243517453197,9,199,ok,
old,fft,complex64,3072,8,fft_complex64_n3072_b8,0.108145664774,0.106963400657,0.000623521742994,9,182,ok,
old,fft,complex64,3072,16,fft_complex64_n3072_b16,0.206124771427,0.204316501091,0.00060079416827,9,92,ok,
old,fft,complex64,3072,32,fft_complex64_n3072_b32,0.407589401584,0.405160496787,0.00190819846466,9,30,ok,
old,fft,complex64,3072,64,fft_complex64_n3072_b64,0.861909368541,0.778230434904,0.0119299666646,9,30,ok,
old,fft,complex64,3072,256,fft_complex64_n3072_b256,5.94434139784,5.87201619055,0.0170477898791,7,5,ok,
old,fft,complex64,3584,1,fft_complex64_n3584_b1,0.0279943816605,0.0276985703278,0.000245384958193,9,270,ok,
old,fft,complex64,3584,2,fft_complex64_n3584_b2,0.036141834571,0.0358048046473,7.60954571888e-05,9,200,ok,
old,fft,complex64,3584,4,fft_complex64_n3584_b4,0.0634221202927,0.0627136498224,0.000450294464827,9,200,ok,
old,fft,complex64,3584,8,fft_complex64_n3584_b8,0.116870163545,0.116667842888,0.000202320657219,9,165,ok,
old,fft,complex64,3584,16,fft_complex64_n3584_b16,0.236731082858,0.221955965218,0.0116315999014,9,85,ok,
old,fft,complex64,3584,32,fft_complex64_n3584_b32,0.454211766676,0.443263666239,0.00994223325203,9,30,ok,
old,fft,complex64,3584,64,fft_complex64_n3584_b64,0.88766880023,0.856545035883,0.0311237643473,9,30,ok,
old,fft,complex64,3584,256,fft_complex64_n3584_b256,9.75400296738,8.42085847398,0.981167017017,7,2,ok,
old,fft,complex64,4095,1,fft_complex64_n4095_b1,0.0444069946357,0.042645711801,0.00141395139508,9,184,ok,
old,fft,complex64,4095,2,fft_complex64_n4095_b2,0.0607765297173,0.0573566451203,0.00332145020366,9,200,ok,
old,fft,complex64,4095,4,fft_complex64_n4095_b4,0.116409302822,0.10975917136,0.00379108025559,9,175,ok,
old,fft,complex64,4095,8,fft_complex64_n4095_b8,0.223332499445,0.209041949711,0.00444857578259,9,80,ok,
old,fft,complex64,4095,16,fft_complex64_n4095_b16,0.437983314776,0.405387710902,0.00730968435834,9,38,ok,
old,fft,complex64,4095,32,fft_complex64_n4095_b32,1.00660789758,0.911530002486,0.0950778950937,9,30,ok,
old,fft,complex64,4095,64,fft_complex64_n4095_b64,1.81255312782,1.78115074959,0.00492549588671,9,16,ok,
old,fft,complex64,4095,256,fft_complex64_n4095_b256,10.1783599821,9.91860497743,0.134095549583,7,2,ok,
old,fft,complex64,4096,1,fft_complex64_n4096_b1,0.0356257970755,0.0355098027891,0.000115994286413,9,360,ok,
old,fft,complex64,4096,2,fft_complex64_n4096_b2,0.0436201947741,0.0430751300883,0.000339230173267,9,200,ok,
old,fft,complex64,4096,4,fft_complex64_n4096_b4,0.0791816500714,0.0767829699907,0.000469730002806,9,200,ok,
old,fft,complex64,4096,8,fft_complex64_n4096_b8,0.159511801716,0.152014687939,0.00524469805038,9,106,ok,
old,fft,complex64,4096,16,fft_complex64_n4096_b16,0.281146796401,0.273449572126,0.00542563110666,9,49,ok,
old,fft,complex64,4096,32,fft_complex64_n4096_b32,0.651458433519,0.577683999048,0.0481395361324,9,30,ok,
old,fft,complex64,4096,64,fft_complex64_n4096_b64,1.26129510126,1.12388800143,0.0471723094386,9,19,ok,
old,fft,complex64,4096,256,fft_complex64_n4096_b256,8.67181201465,8.13444866799,0.537363346666,7,3,ok,
old,fft,complex64,4097,1,fft_complex64_n4097_b1,0.217578266489,0.205266610202,0.00385319969306,7,90,ok,
old,fft,complex64,4097,2,fft_complex64_n4097_b2,0.253264398365,0.245508273796,0.00582732681236,7,73,ok,
old,fft,complex64,4097,4,fft_complex64_n4097_b4,0.429251885815,0.377292982039,0.0132844159555,7,53,ok,
old,fft,complex64,4097,8,fft_complex64_n4097_b8,0.699457756629,0.680512034109,0.00948151412966,7,29,ok,
old,fft,complex64,4097,16,fft_complex64_n4097_b16,1.40997681724,1.34736673102,0.0626100862229,7,22,ok,
old,fft,complex64,4097,32,fft_complex64_n4097_b32,2.67095364292,2.57770854726,0.0697894614529,7,11,ok,
old,fft,complex64,4097,64,fft_complex64_n4097_b64,5.82429519854,5.43371578678,0.105895800516,7,5,ok,
old,fft,complex64,4097,256,fft_complex64_n4097_b256,24.6295080287,23.4613569919,1.16815103684,7,1,ok,
old,fft,complex64,4608,1,fft_complex64_n4608_b1,0.0380309153115,0.0376565603074,0.000374355004169,7,200,ok,
old,fft,complex64,4608,2,fft_complex64_n4608_b2,0.0473526649876,0.0472157099284,0.000136955059133,7,200,ok,
old,fft,complex64,4608,4,fft_complex64_n4608_b4,0.0841387553373,0.0831221049884,0.00080099562183,7,200,ok,
old,fft,complex64,4608,8,fft_complex64_n4608_b8,0.170384463854,0.161512216553,0.00702231284231,7,125,ok,
old,fft,complex64,4608,16,fft_complex64_n4608_b16,0.343217498933,0.335160499283,0.00805699964985,7,30,ok,
old,fft,complex64,4608,32,fft_complex64_n4608_b32,0.678648535783,0.641928302745,0.0313802311818,7,30,ok,
old,fft,complex64,4608,64,fft_complex64_n4608_b64,1.2718352145,1.19567300072,0.0169525257028,7,23,ok,
old,fft,complex64,4608,256,fft_complex64_n4608_b256,8.77645250876,8.69491524645,0.0815372623038,7,4,ok,
old,fft,complex64,8192,1,fft_complex64_n8192_b1,0.0748064299114,0.0738234946039,0.000865964684635,7,200,ok,
old,fft,complex64,8192,2,fft_complex64_n8192_b2,0.0944065817451,0.0916184181566,0.00181476519044,7,196,ok,
old,fft,complex64,8192,4,fft_complex64_n8192_b4,0.170593525757,0.168850544325,0.00059929075896,7,114,ok,
old,fft,complex64,8192,8,fft_complex64_n8192_b8,0.333578627699,0.325920593025,0.004829168004,7,59,ok,
old,fft,complex64,8192,16,fft_complex64_n8192_b16,0.641952001024,0.634590932168,0.00736106885597,7,30,ok,
old,fft,complex64,8192,32,fft_complex64_n8192_b32,1.29387231374,1.28328704423,0.0105852695097,7,22,ok,
old,fft,complex64,8192,64,fft_complex64_n8192_b64,2.955359302,2.85668610595,0.0382735044695,7,10,ok,
old,fft,complex64,8192,256,fft_complex64_n8192_b256,17.0700235176,16.1883270484,0.143202021718,7,2,ok,
old,fft,complex64,16384,1,fft_complex64_n16384_b1,0.15829365002,0.154326825092,0.00271982474563,7,120,ok,
old,fft,complex64,16384,2,fft_complex64_n16384_b2,0.347514320625,0.337107716427,0.0054313712121,7,81,ok,
old,fft,complex64,16384,4,fft_complex64_n16384_b4,0.87797510725,0.796519383352,0.0110235748852,7,47,ok,
old,fft,complex64,16384,8,fft_complex64_n16384_b8,1.70382773116,1.62389346709,0.026439037174,7,30,ok,
old,fft,complex64,16384,16,fft_complex64_n16384_b16,1.74524447703,1.71587533051,0.0216886234869,7,21,ok,
old,fft,complex64,16384,32,fft_complex64_n16384_b32,3.02159563977,2.99460891719,0.0197286294265,7,11,ok,
old,fft,complex64,16384,64,fft_complex64_n16384_b64,9.0494506682,8.73046166574,0.318989002456,7,3,ok,
old,fft,complex64,16384,256,fft_complex64_n16384_b256,38.1762130419,37.9067299655,0.11644710321,7,1,ok,
old,fft,complex64,32768,1,fft_complex64_n32768_b1,0.751455048365,0.727270380594,0.0206328085845,7,21,ok,
old,fft,complex64,32768,2,fft_complex64_n32768_b2,0.733250174029,0.717959551398,0.0150055817232,7,29,ok,
old,fft,complex64,32768,4,fft_complex64_n32768_b4,1.10647076231,1.09806171219,0.00840905011587,7,21,ok,
old,fft,complex64,32768,8,fft_complex64_n32768_b8,3.58214660082,3.41025369707,0.0277337967418,7,10,ok,
old,fft,complex64,32768,16,fft_complex64_n32768_b16,3.61791766611,3.42905711538,0.18886055073,7,9,ok,
old,fft,complex64,32768,32,fft_complex64_n32768_b32,10.3405530099,9.4454465434,0.0506294891238,7,2,ok,
old,fft,complex64,32768,64,fft_complex64_n32768_b64,20.4887869768,19.7879479965,0.347488909028,7,1,ok,
old,fft,complex64,32768,256,fft_complex64_n32768_b256,134.360058,133.153424948,0.424682977609,7,1,ok,
old,fft,complex64,65536,1,fft_complex64_n65536_b1,0.858955999969,0.85359957302,0.00442114625392,7,14,ok,
old,fft,complex64,65536,2,fft_complex64_n65536_b2,0.807346426882,0.799520390241,0.0021894645345,7,28,ok,
old,fft,complex64,65536,4,fft_complex64_n65536_b4,1.54814188478,1.53964894194,0.00728247002425,7,17,ok,
old,fft,complex64,65536,8,fft_complex64_n65536_b8,2.94634138118,2.90269999823,0.0436413829448,7,8,ok,
old,fft,complex64,65536,16,fft_complex64_n65536_b16,11.2917689839,11.1155500053,0.0627570552751,7,2,ok,
old,fft,complex64,65536,32,fft_complex64_n65536_b32,20.5711909803,19.7296490078,0.141383497976,7,2,ok,
old,fft,complex64,65536,64,fft_complex64_n65536_b64,40.1154439896,39.6732479567,0.0877440907061,7,1,ok,
old,fft,complex64,65536,256,fft_complex64_n65536_b256,155.992100015,150.032241945,3.5717090359,7,1,ok,
old,fft,complex128,2048,1,fft_complex128_n2048_b1,0.016220260477,0.0161216510908,2.01289367396e-05,9,768,ok,
old,fft,complex128,2048,2,fft_complex128_n2048_b2,0.0213357655153,0.0212381589931,9.19630739516e-05,9,648,ok,
old,fft,complex128,2048,4,fft_complex128_n2048_b4,0.0371509202523,0.0368764047744,8.37055267766e-05,9,200,ok,
old,fft,complex128,2048,8,fft_complex128_n2048_b8,0.0695693999296,0.0688607798656,0.000292995246127,9,200,ok,
old,fft,complex128,2048,16,fft_complex128_n2048_b16,0.132016900816,0.130586343854,0.00121703969672,9,151,ok,
old,fft,complex128,2048,32,fft_complex128_n2048_b32,0.258570749258,0.255280044204,0.00252677744035,9,68,ok,
old,fft,complex128,2048,64,fft_complex128_n2048_b64,0.516005132037,0.494596835536,0.0100550629819,9,30,ok,
old,fft,complex128,2048,256,fft_complex128_n2048_b256,2.59495530045,2.47474389616,0.0620389007963,7,10,ok,
old,fft,complex128,3072,1,fft_complex128_n3072_b1,0.022948999921,0.0226692354772,0.000118908201003,9,556,ok,
old,fft,complex128,3072,2,fft_complex128_n3072_b2,0.030930149951,0.0302456249483,0.000463464530185,9,200,ok,
old,fft,complex128,3072,4,fft_complex128_n3072_b4,0.0543988251593,0.0534119800432,0.000585894449614,9,200,ok,
old,fft,complex128,3072,8,fft_complex128_n3072_b8,0.0963821203914,0.0943178101443,0.00145973055623,9,200,ok,
old,fft,complex128,3072,16,fft_complex128_n3072_b16,0.183968456661,0.182131437576,0.00100780518056,9,103,ok,
old,fft,complex128,3072,32,fft_complex128_n3072_b32,0.355654764765,0.345912533036,0.00165743210043,9,30,ok,
old,fft,complex128,3072,64,fft_complex128_n3072_b64,0.675279530697,0.670463898374,0.00154260390749,9,30,ok,
old,fft,complex128,3072,256,fft_complex128_n3072_b256,3.4253981042,3.1427393357,0.281897438173,7,9,ok,
old,fft,complex128,3584,1,fft_complex128_n3584_b1,0.0256645620208,0.0248514880393,0.000307031696341,9,539,ok,
old,fft,complex128,3584,2,fft_complex128_n3584_b2,0.0319262652192,0.0316087703686,0.000151230487972,9,200,ok,
old,fft,complex128,3584,4,fft_complex128_n3584_b4,0.0544311350677,0.0535240903264,0.000622415100224,9,200,ok,
old,fft,complex128,3584,8,fft_complex128_n3584_b8,0.100832964178,0.100432376656,0.000366453830268,9,194,ok,
old,fft,complex128,3584,16,fft_complex128_n3584_b16,0.187065612705,0.185691632749,0.00116299975625,9,98,ok,
old,fft,complex128,3584,32,fft_complex128_n3584_b32,0.373777265971,0.366576167289,0.00115916676198,9,30,ok,
old,fft,complex128,3584,64,fft_complex128_n3584_b64,0.867266700758,0.819708232302,0.0281843007542,9,30,ok,
old,fft,complex128,3584,256,fft_complex128_n3584_b256,3.95799866722,3.87327549591,0.0478710086706,7,6,ok,
old,fft,complex128,4095,1,fft_complex128_n4095_b1,0.0382823343063,0.0380190456637,0.000263288642611,9,329,ok,
old,fft,complex128,4095,2,fft_complex128_n4095_b2,0.0525308400393,0.0517994252732,0.000381165300496,9,200,ok,
old,fft,complex128,4095,4,fft_complex128_n4095_b4,0.09452690545,0.094314054586,0.000212850864045,9,200,ok,
old,fft,complex128,4095,8,fft_complex128_n4095_b8,0.181979314601,0.179942085275,0.00164430544135,9,105,ok,
old,fft,complex128,4095,16,fft_complex128_n4095_b16,0.396763016893,0.382971818644,0.00250030901622,9,55,ok,
old,fft,complex128,4095,32,fft_complex128_n4095_b32,0.66880013328,0.66374699818,0.00221746740863,9,30,ok,
old,fft,complex128,4095,64,fft_complex128_n4095_b64,1.49503108961,1.42289368457,0.0546064587649,9,22,ok,
old,fft,complex128,4095,256,fft_complex128_n4095_b256,7.00699101435,6.30130100762,0.458002759842,7,4,ok,
old,fft,complex128,4096,1,fft_complex128_n4096_b1,0.0327902755178,0.0326517219769,0.000138553540881,9,410,ok,
old,fft,complex128,4096,2,fft_complex128_n4096_b2,0.0444937800057,0.0436379300663,0.000252720201388,9,200,ok,
old,fft,complex128,4096,4,fft_complex128_n4096_b4,0.0786044698907,0.0752390851267,0.00158290495165,9,200,ok,
old,fft,complex128,4096,8,fft_complex128_n4096_b8,0.143196051153,0.140162006788,0.00155813177116,9,136,ok,
old,fft,complex128,4096,16,fft_complex128_n4096_b16,0.298594155062,0.295207353954,0.00175142911478,9,65,ok,
old,fft,complex128,4096,32,fft_complex128_n4096_b32,0.560572064326,0.556424966392,0.00414709793404,9,30,ok,
old,fft,complex128,4096,64,fft_complex128_n4096_b64,1.22740887552,1.19084646091,0.0151674175868,9,24,ok,
old,fft,complex128,4096,256,fft_complex128_n4096_b256,5.53036839701,5.41258240119,0.0615047756582,7,5,ok,
old,fft,complex128,4097,1,fft_complex128_n4097_b1,0.190081851704,0.187867525089,0.000858435056882,7,101,ok,
old,fft,complex128,4097,2,fft_complex128_n4097_b2,0.228714932991,0.225783719451,0.000883090006334,7,89,ok,
old,fft,complex128,4097,4,fft_complex128_n4097_b4,0.363906947049,0.356284346939,0.00693969301541,7,55,ok,
old,fft,complex128,4097,8,fft_complex128_n4097_b8,0.712760840543,0.651736419011,0.0166252047118,7,19,ok,
old,fft,complex128,4097,16,fft_complex128_n4097_b16,1.25285200039,1.22384305455,0.00997436674018,7,19,ok,
old,fft,complex128,4097,32,fft_complex128_n4097_b32,2.42930849587,2.39569583209,0.0157243339345,7,12,ok,
old,fft,complex128,4097,64,fft_complex128_n4097_b64,4.77298399589,4.72766267679,0.0226608438728,7,6,ok,
old,fft,complex128,4097,256,fft_complex128_n4097_b256,22.7724005235,21.1885934696,1.49711052654,7,2,ok,
old,fft,complex128,4608,1,fft_complex128_n4608_b1,0.0437876599608,0.0423752248753,0.000390280038118,7,200,ok,
old,fft,complex128,4608,2,fft_complex128_n4608_b2,0.0514074898092,0.0500595197082,0.000981585471891,7,200,ok,
old,fft,complex128,4608,4,fft_complex128_n4608_b4,0.0846940401243,0.0769686698914,0.00126050494146,7,200,ok,
old,fft,complex128,4608,8,fft_complex128_n4608_b8,0.143126692864,0.142072692149,0.00105400071512,7,143,ok,
old,fft,complex128,4608,16,fft_complex128_n4608_b16,0.275484034015,0.272370564441,0.00239913351834,7,30,ok,
old,fft,complex128,4608,32,fft_complex128_n4608_b32,0.552472569204,0.54842736572,0.00243186950684,7,30,ok,
old,fft,complex128,4608,64,fft_complex128_n4608_b64,1.15243074294,1.04540570518,0.0787014443496,7,27,ok,
old,fft,complex128,4608,256,fft_complex128_n4608_b256,5.16205858439,4.95309440885,0.175419589505,7,5,ok,
old,fft,complex128,8192,1,fft_complex128_n8192_b1,0.102129117443,0.088935091911,0.00790935674948,7,196,ok,
old,fft,complex128,8192,2,fft_complex128_n8192_b2,0.115986142607,0.112002985718,0.00398315688861,7,140,ok,
old,fft,complex128,8192,4,fft_complex128_n8192_b4,0.194151484955,0.16952251545,0.0117831244181,7,97,ok,
old,fft,complex128,8192,8,fft_complex128_n8192_b8,0.348856147821,0.328154213436,0.00466575433851,7,61,ok,
old,fft,complex128,8192,16,fft_complex128_n8192_b16,0.656291101283,0.620135598971,0.0316778353105,7,30,ok,
old,fft,complex128,8192,32,fft_complex128_n8192_b32,1.2309773055,1.19341680637,0.03756049913,7,26,ok,
old,fft,complex128,8192,64,fft_complex128_n8192_b64,2.70699735432,2.45650821099,0.0524129385927,7,14,ok,
old,fft,complex128,8192,256,fft_complex128_n8192_b256,14.283119468,13.5619780049,0.288002484012,7,2,ok,
old,fft,complex128,16384,1,fft_complex128_n16384_b1,0.163209875699,0.152525949977,0.0022663802201,7,121,ok,
old,fft,complex128,16384,2,fft_complex128_n16384_b2,0.21155206364,0.199923925347,0.00549953577942,7,95,ok,
old,fft,complex128,16384,4,fft_complex128_n16384_b4,0.378721160814,0.366630582139,0.00844033900648,7,50,ok,
old,fft,complex128,16384,8,fft_complex128_n16384_b8,0.752008500664,0.685008033179,0.0387259681399,7,30,ok,
old,fft,complex128,16384,16,fft_complex128_n16384_b16,1.54125782946,1.44369905401,0.0486547230846,7,18,ok,
old,fft,complex128,16384,32,fft_complex128_n16384_b32,3.26765354516,3.18364567486,0.0823383452371,7,9,ok,
old,fft,complex128,16384,64,fft_complex128_n16384_b64,6.5650207689,6.25434302492,0.310677743983,7,4,ok,
old,fft,complex128,16384,256,fft_complex128_n16384_b256,29.7411930514,27.9980589403,0.827395007946,7,1,ok,
old,fft,complex128,32768,1,fft_complex128_n32768_b1,0.32690301611,0.32383624644,0.00289243874712,7,57,ok,
old,fft,complex128,32768,2,fft_complex128_n32768_b2,0.424150546591,0.40372073861,0.0134190943624,7,42,ok,
old,fft,complex128,32768,4,fft_complex128_n32768_b4,1.7076719009,1.61172073567,0.0959511652278,7,30,ok,
old,fft,complex128,32768,8,fft_complex128_n32768_b8,1.5740746684,1.53959911161,0.0207943376154,7,9,ok,
old,fft,complex128,32768,16,fft_complex128_n32768_b16,3.1139398925,3.03387376739,0.0795328912015,7,9,ok,
old,fft,complex128,32768,32,fft_complex128_n32768_b32,6.45548122702,6.37980751344,0.0491065147799,7,4,ok,
old,fft,complex128,32768,64,fft_complex128_n32768_b64,13.2263296594,13.1075409784,0.0472416868433,7,3,ok,
old,fft,complex128,32768,256,fft_complex128_n32768_b256,58.4835000336,57.7093350003,0.702412915416,7,1,ok,
old,fft,complex128,65536,1,fft_complex128_n65536_b1,0.633768545794,0.632242776544,0.00105035911885,7,31,ok,
old,fft,complex128,65536,2,fft_complex128_n65536_b2,0.773947134924,0.769702865121,0.0022248364985,7,30,ok,
old,fft,complex128,65536,4,fft_complex128_n65536_b4,1.68099352404,1.6012519451,0.0666829414274,7,19,ok,
old,fft,complex128,65536,8,fft_complex128_n65536_b8,3.18196811713,2.97913155777,0.0542435510498,7,9,ok,
old,fft,complex128,65536,16,fft_complex128_n65536_b16,6.48760123295,6.43557900912,0.0227172567975,7,4,ok,
old,fft,complex128,65536,32,fft_complex128_n65536_b32,14.6760380012,14.4471260137,0.129942549393,7,2,ok,
old,fft,complex128,65536,64,fft_complex128_n65536_b64,28.2199019566,28.13155693,0.0659328652546,7,1,ok,
old,fft,complex128,65536,256,fft_complex128_n65536_b256,109.505129047,108.190022991,0.555316917598,7,1,ok,
old,ifft,complex64,2048,1,ifft_complex64_n2048_b1,0.0209323567533,0.0207087961077,7.19354669427e-05,9,544,ok,
old,ifft,complex64,2048,2,ifft_complex64_n2048_b2,0.0349351590326,0.0347531321493,0.000125589076894,9,409,ok,
old,ifft,complex64,2048,4,ifft_complex64_n2048_b4,0.0297275552293,0.0294903648319,0.000237190397456,9,200,ok,
old,ifft,complex64,2048,8,ifft_complex64_n2048_b8,0.0508689298294,0.0504188903142,0.000359524856322,9,200,ok,
old,ifft,complex64,2048,16,ifft_complex64_n2048_b16,0.0946208799724,0.0937501498265,0.000523080234416,9,200,ok,
old,ifft,complex64,2048,32,ifft_complex64_n2048_b32,0.180942857696,0.179294597599,0.00092682187512,9,112,ok,
old,ifft,complex64,2048,64,ifft_complex64_n2048_b64,0.351079533963,0.348114001099,0.00276849993194,9,30,ok,
old,ifft,complex64,2048,256,ifft_complex64_n2048_b256,1.37949763501,1.37619695372,0.000955409963022,7,22,ok,
old,ifft,complex64,3072,1,ifft_complex64_n3072_b1,0.0321646046359,0.031966006976,0.000123163706369,9,440,ok,
old,ifft,complex64,3072,2,ifft_complex64_n3072_b2,0.0563381949905,0.055956330034,0.000156239839271,9,200,ok,
old,ifft,complex64,3072,4,ifft_complex64_n3072_b4,0.0404945597984,0.0402472499991,0.000247309799306,9,200,ok,
old,ifft,complex64,3072,8,ifft_complex64_n3072_b8,0.0715799001046,0.0711120298365,0.000126539962366,9,200,ok,
old,ifft,complex64,3072,16,ifft_complex64_n3072_b16,0.131466339808,0.130441093352,0.00102524645627,9,150,ok,
old,ifft,complex64,3072,32,ifft_complex64_n3072_b32,0.252603335927,0.251864599219,0.000738736707717,9,30,ok,
old,ifft,complex64,3072,64,ifft_complex64_n3072_b64,0.500746331333,0.497715330372,0.00197333671773,9,30,ok,
old,ifft,complex64,3072,256,ifft_complex64_n3072_b256,1.96326446409,1.94381753293,0.0117439388608,7,15,ok,
old,ifft,complex64,3584,1,ifft_complex64_n3584_b1,0.0363523979823,0.0360971418972,0.000123821983465,9,387,ok,
old,ifft,complex64,3584,2,ifft_complex64_n3584_b2,0.0638182653347,0.0631543196505,0.000395995448343,9,200,ok,
old,ifft,complex64,3584,4,ifft_complex64_n3584_b4,0.0448664749274,0.0446231703972,0.000127535313368,9,200,ok,
old,ifft,complex64,3584,8,ifft_complex64_n3584_b8,0.0790744001279,0.0789737602463,8.76153353602e-05,9,200,ok,
old,ifft,complex64,3584,16,ifft_complex64_n3584_b16,0.147647689166,0.147377999706,0.000212770127864,9,135,ok,
old,ifft,complex64,3584,32,ifft_complex64_n3584_b32,0.286159668273,0.284461133803,0.0014958010676,9,30,ok,
old,ifft,complex64,3584,64,ifft_complex64_n3584_b64,0.563026599896,0.555736998407,0.00119993152718,9,30,ok,
old,ifft,complex64,3584,256,ifft_complex64_n3584_b256,2.24034233058,2.22849941929,0.00717749935575,7,12,ok,
old,ifft,complex64,4095,1,ifft_complex64_n4095_b1,0.0524490446508,0.0523010260184,0.00014801863236,9,270,ok,
old,ifft,complex64,4095,2,ifft_complex64_n4095_b2,0.0954891950823,0.0951221096329,0.000226119882427,9,200,ok,
old,ifft,complex64,4095,4,ifft_complex64_n4095_b4,0.0704902701546,0.0649844849249,0.00108026957605,9,200,ok,
old,ifft,complex64,4095,8,ifft_complex64_n4095_b8,0.121218613006,0.119798042543,0.00127317223904,9,163,ok,
old,ifft,complex64,4095,16,ifft_complex64_n4095_b16,0.231584396075,0.23106837007,0.000516026004873,9,81,ok,
old,ifft,complex64,4095,32,ifft_complex64_n4095_b32,0.450576632284,0.449518665361,0.000514664376775,9,30,ok,
old,ifft,complex64,4095,64,ifft_complex64_n4095_b64,0.903911100856,0.89952123429,0.00308779999614,9,30,ok,
old,ifft,complex64,4095,256,ifft_complex64_n4095_b256,3.63968223974,3.57612737571,0.0387673644582,7,8,ok,
old,ifft,complex64,4096,1,ifft_complex64_n4096_b1,0.0441136596399,0.0439658036107,0.000114294491777,9,326,ok,
old,ifft,complex64,4096,2,ifft_complex64_n4096_b2,0.0711824098835,0.0697904097615,0.000836115214042,9,200,ok,
old,ifft,complex64,4096,4,ifft_complex64_n4096_b4,0.0574516248889,0.056400509784,0.00040726037696,9,200,ok,
old,ifft,complex64,4096,8,ifft_complex64_n4096_b8,0.101584194897,0.100961286957,0.000298256054521,9,195,ok,
old,ifft,complex64,4096,16,ifft_complex64_n4096_b16,0.194865989164,0.191502292703,0.00151283149555,9,89,ok,
old,ifft,complex64,4096,32,ifft_complex64_n4096_b32,0.374083500355,0.371894733204,0.00181140300507,9,30,ok,
old,ifft,complex64,4096,64,ifft_complex64_n4096_b64,0.788286565027,0.758631201461,0.00669147120789,9,30,ok,
old,ifft,complex64,4096,256,ifft_complex64_n4096_b256,3.237407509,3.15832474735,0.0547836243641,7,8,ok,
old,ifft,complex64,4097,1,ifft_complex64_n4097_b1,0.281779086971,0.280411383274,0.00080798396512,7,68,ok,
old,ifft,complex64,4097,2,ifft_complex64_n4097_b2,0.461142908154,0.458220488305,0.00292241984848,7,43,ok,
old,ifft,complex64,4097,4,ifft_complex64_n4097_b4,0.275824616076,0.271506409786,0.00167187711556,7,73,ok,
old,ifft,complex64,4097,8,ifft_complex64_n4097_b8,0.442336155619,0.436449842528,0.00323426858005,7,45,ok,
old,ifft,complex64,4097,16,ifft_complex64_n4097_b16,0.780893400467,0.75994800233,0.00187286641449,7,30,ok,
old,ifft,complex64,4097,32,ifft_complex64_n4097_b32,1.49328615762,1.42907152737,0.015316475918,7,19,ok,
old,ifft,complex64,4097,64,ifft_complex64_n4097_b64,2.88223956401,2.79234722257,0.03514234494,7,9,ok,
old,ifft,complex64,4097,256,ifft_complex64_n4097_b256,10.9163933278,10.7885043447,0.0343973515555,7,3,ok,
old,ifft,complex64,4608,1,ifft_complex64_n4608_b1,0.0520620599855,0.0515010149684,9.65298386291e-05,7,200,ok,
old,ifft,complex64,4608,2,ifft_complex64_n4608_b2,0.0943372951588,0.0929809146328,0.00108918058686,7,200,ok,
old,ifft,complex64,4608,4,ifft_complex64_n4608_b4,0.0634736695793,0.0600705650868,0.0027834501816,7,200,ok,
old,ifft,complex64,4608,8,ifft_complex64_n4608_b8,0.112296257928,0.109787573303,0.00110928422624,7,190,ok,
old,ifft,complex64,4608,16,ifft_complex64_n4608_b16,0.210853402192,0.20581530019,0.00287533039227,7,30,ok,
old,ifft,complex64,4608,32,ifft_complex64_n4608_b32,0.407787098084,0.386761501431,0.0134838318142,7,30,ok,
old,ifft,complex64,4608,64,ifft_complex64_n4608_b64,0.819306133781,0.788748101331,0.0305580324493,7,30,ok,
old,ifft,complex64,4608,256,ifft_complex64_n4608_b256,3.28417820856,3.19028701633,0.0935324002057,7,5,ok,
old,ifft,complex64,8192,1,ifft_complex64_n8192_b1,0.0873034361355,0.0869046967251,0.000398739410395,7,165,ok,
old,ifft,complex64,8192,2,ifft_complex64_n8192_b2,0.159343207255,0.157293943688,0.00203435309231,7,125,ok,
old,ifft,complex64,8192,4,ifft_complex64_n8192_b4,0.116152992834,0.113700793701,0.000378641758173,7,126,ok,
old,ifft,complex64,8192,8,ifft_complex64_n8192_b8,0.21579892016,0.21121967798,0.00352232085391,7,87,ok,
old,ifft,complex64,8192,16,ifft_complex64_n8192_b16,0.418928533327,0.41064810163,0.00788200025757,7,30,ok,
old,ifft,complex64,8192,32,ifft_complex64_n8192_b32,0.854374631308,0.84616933406,0.00820529724782,7,30,ok,
old,ifft,complex64,8192,64,ifft_complex64_n8192_b64,1.83022056444,1.76639825077,0.0589250630583,7,16,ok,
old,ifft,complex64,8192,256,ifft_complex64_n8192_b256,7.42731019855,6.79424840491,0.121386814862,7,5,ok,
old,ifft,complex64,16384,1,ifft_complex64_n16384_b1,0.195274312622,0.194474167074,0.000360875371067,7,96,ok,
old,ifft,complex64,16384,2,ifft_complex64_n16384_b2,0.362685428367,0.35952701832,0.00315841004652,7,56,ok,
old,ifft,complex64,16384,4,ifft_complex64_n16384_b4,0.266409707256,0.250210932766,0.0115808254729,7,75,ok,
old,ifft,complex64,16384,8,ifft_complex64_n16384_b8,0.490715599153,0.467426799393,0.0103830670317,7,30,ok,
old,ifft,complex64,16384,16,ifft_complex64_n16384_b16,1.01682796376,0.974461835964,0.0400718301535,7,30,ok,
old,ifft,complex64,16384,32,ifft_complex64_n16384_b32,2.39264607752,2.27435907492,0.10545769384,7,13,ok,
old,ifft,complex64,16384,64,ifft_complex64_n16384_b64,4.76233100926,4.6040455054,0.0481573661091,7,8,ok,
old,ifft,complex64,16384,256,ifft_complex64_n16384_b256,19.3437790149,18.6908795149,0.577573489863,7,2,ok,
old,ifft,complex64,32768,1,ifft_complex64_n32768_b1,0.43328235495,0.428106045971,0.00434322282672,7,45,ok,
old,ifft,complex64,32768,2,ifft_complex64_n32768_b2,0.816607707141,0.80509246133,0.00378037899888,7,24,ok,
old,ifft,complex64,32768,4,ifft_complex64_n32768_b4,0.556562868102,0.525888265111,0.0273457340275,7,30,ok,
old,ifft,complex64,32768,8,ifft_complex64_n32768_b8,1.11904268322,1.03524300291,0.0245904507623,7,22,ok,
old,ifft,complex64,32768,16,ifft_complex64_n32768_b16,3.66448327391,3.60559517602,0.019644820978,7,11,ok,
old,ifft,complex64,32768,32,ifft_complex64_n32768_b32,6.97420018259,6.83742279653,0.107178208418,7,5,ok,
old,ifft,complex64,32768,64,ifft_complex64_n32768_b64,8.46357941628,8.23812820017,0.220958818682,7,5,ok,
old,ifft,complex64,32768,256,ifft_complex64_n32768_b256,44.1968450323,43.5681010131,0.546190072782,7,1,ok,
old,ifft,complex64,65536,1,ifft_complex64_n65536_b1,0.912138426333,0.887276212636,0.0207482126394,7,19,ok,
old,ifft,complex64,65536,2,ifft_complex64_n65536_b2,1.78902446448,1.74848613484,0.0255510676652,7,15,ok,
old,ifft,complex64,65536,4,ifft_complex64_n65536_b4,1.04443759106,0.986890518107,0.0241851494475,7,27,ok,
old,ifft,complex64,65536,8,ifft_complex64_n65536_b8,2.10697778467,2.01636428912,0.0425172204684,7,14,ok,
old,ifft,complex64,65536,16,ifft_complex64_n65536_b16,4.36701818835,3.98074081168,0.129513978027,7,5,ok,
old,ifft,complex64,65536,32,ifft_complex64_n65536_b32,8.58688601875,7.5470667507,1.03981926804,7,4,ok,
old,ifft,complex64,65536,64,ifft_complex64_n65536_b64,20.8355740178,19.4787209621,0.69330399856,7,1,ok,
old,ifft,complex64,65536,256,ifft_complex64_n65536_b256,81.3398180762,77.0268850029,1.72665494028,7,1,ok,
old,ifft,complex128,2048,1,ifft_complex128_n2048_b1,0.0230774301319,0.0215387378252,0.000874690538827,9,507,ok,
old,ifft,complex128,2048,2,ifft_complex128_n2048_b2,0.0254971822816,0.0247752264506,0.000516234664629,9,609,ok,
old,ifft,complex128,2048,4,ifft_complex128_n2048_b4,0.0426790904021,0.0407569500385,0.000575120211579,9,200,ok,
old,ifft,complex128,2048,8,ifft_complex128_n2048_b8,0.0788022397319,0.0777674053097,0.000798939727247,9,200,ok,
old,ifft,complex128,2048,16,ifft_complex128_n2048_b16,0.148331746459,0.147155813574,0.000956858362335,9,134,ok,
old,ifft,complex128,2048,32,ifft_complex128_n2048_b32,0.28463418561,0.274675222758,0.00518400015102,9,81,ok,
old,ifft,complex128,2048,64,ifft_complex128_n2048_b64,0.613751332276,0.562614167575,0.0268374336883,9,30,ok,
old,ifft,complex128,2048,256,ifft_complex128_n2048_b256,3.04046210367,2.96527470928,0.0561870052479,7,10,ok,
old,ifft,complex128,3072,1,ifft_complex128_n3072_b1,0.0256526057937,0.0249953764746,0.000399021276583,9,510,ok,
old,ifft,complex128,3072,2,ifft_complex128_n3072_b2,0.0325803348096,0.0312974897679,0.00102205493022,9,200,ok,
old,ifft,complex128,3072,4,ifft_complex128_n3072_b4,0.0545714452164,0.0532922096318,0.000706015271135,9,200,ok,
old,ifft,complex128,3072,8,ifft_complex128_n3072_b8,0.103087784955,0.0991638097912,0.00307764508761,9,200,ok,
old,ifft,complex128,3072,16,ifft_complex128_n3072_b16,0.187875050346,0.184153646438,0.00168434391269,9,99,ok,
old,ifft,complex128,3072,32,ifft_complex128_n3072_b32,0.36807830135,0.359996536281,0.00302466796711,9,30,ok,
old,ifft,complex128,3072,64,ifft_complex128_n3072_b64,0.915493400923,0.812105399867,0.0541531325628,9,30,ok,
old,ifft,complex128,3072,256,ifft_complex128_n3072_b256,4.23652717533,3.91874534156,0.1598985012,7,6,ok,
old,ifft,complex128,3584,1,ifft_complex128_n3584_b1,0.0284153325945,0.0277322770637,0.00059384813277,9,343,ok,
old,ifft,complex128,3584,2,ifft_complex128_n3584_b2,0.0352244201349,0.0343379646074,0.000519120367244,9,200,ok,
old,ifft,complex128,3584,4,ifft_complex128_n3584_b4,0.0624791096197,0.0592664151918,0.00295982521493,9,200,ok,
old,ifft,complex128,3584,8,ifft_complex128_n3584_b8,0.112185791355,0.109852263499,0.0017258072538,9,182,ok,
old,ifft,complex128,3584,16,ifft_complex128_n3584_b16,0.215728966785,0.210244660163,0.00189320864872,9,91,ok,
old,ifft,complex128,3584,32,ifft_complex128_n3584_b32,0.441250899651,0.413298700005,0.0124342312726,9,30,ok,
old,ifft,complex128,3584,64,ifft_complex128_n3584_b64,1.18393840751,0.896325481504,0.0364361460217,9,27,ok,
old,ifft,complex128,3584,256,ifft_complex128_n3584_b256,4.62460943631,4.34544670861,0.114635564387,7,7,ok,
old,ifft,complex128,4095,1,ifft_complex128_n4095_b1,0.043690697355,0.0426377537985,0.00102065102912,9,215,ok,
old,ifft,complex128,4095,2,ifft_complex128_n4095_b2,0.0563168548979,0.0551088497741,0.00103362486698,9,200,ok,
old,ifft,complex128,4095,4,ifft_complex128_n4095_b4,0.0992306016455,0.0978312876194,0.000636931756472,9,188,ok,
old,ifft,complex128,4095,8,ifft_complex128_n4095_b8,0.193572810263,0.190233526212,0.00193655784977,9,95,ok,
old,ifft,complex128,4095,16,ifft_complex128_n4095_b16,0.397252887276,0.372037180403,0.0121016822628,9,44,ok,
old,ifft,complex128,4095,32,ifft_complex128_n4095_b32,0.860501398953,0.791622131752,0.0267956987955,9,30,ok,
old,ifft,complex128,4095,64,ifft_complex128_n4095_b64,1.88594071993,1.79425878949,0.044399365184,9,14,ok,
old,ifft,complex128,4095,256,ifft_complex128_n4095_b256,7.1962645161,6.97758852039,0.0807907199487,7,4,ok,
old,ifft,complex128,4096,1,ifft_complex128_n4096_b1,0.0375774152441,0.0367310375723,0.000265859961108,9,371,ok,
old,ifft,complex128,4096,2,ifft_complex128_n4096_b2,0.0467504950939,0.046209479915,0.000541015178896,9,200,ok,
old,ifft,complex128,4096,4,ifft_complex128_n4096_b4,0.0829547381575,0.0813265656565,0.00111999463153,9,191,ok,
old,ifft,complex128,4096,8,ifft_complex128_n4096_b8,0.158653331046,0.15536658749,0.000864925725083,9,148,ok,
old,ifft,complex128,4096,16,ifft_complex128_n4096_b16,0.297982765773,0.296991038765,0.000407636564757,9,77,ok,
old,ifft,complex128,4096,32,ifft_complex128_n4096_b32,0.578121802149,0.567321331861,0.00706416321918,9,30,ok,
old,ifft,complex128,4096,64,ifft_complex128_n4096_b64,1.30361368329,1.17575354472,0.041130411608,9,22,ok,
old,ifft,complex128,4096,256,ifft_complex128_n4096_b256,5.98705152515,5.8962997573,0.0816750107333,7,4,ok,
old,ifft,complex128,4097,1,ifft_complex128_n4097_b1,0.189658275795,0.188373678214,0.00112072361269,7,87,ok,
old,ifft,complex128,4097,2,ifft_complex128_n4097_b2,0.230271530517,0.223775784182,0.00649574633508,7,83,ok,
old,ifft,complex128,4097,4,ifft_complex128_n4097_b4,0.374239960722,0.365549431402,0.00447266525132,7,51,ok,
old,ifft,complex128,4097,8,ifft_complex128_n4097_b8,0.689660138772,0.66397289328,0.00871282777396,7,29,ok,
old,ifft,complex128,4097,16,ifft_complex128_n4097_b16,1.38400258341,1.30089154118,0.0368116646617,7,24,ok,
old,ifft,complex128,4097,32,ifft_complex128_n4097_b32,2.74028036405,2.63241618152,0.0395765422251,7,11,ok,
old,ifft,complex128,4097,64,ifft_complex128_n4097_b64,5.34066820983,5.29340379871,0.0410365872085,7,5,ok,
old,ifft,complex128,4097,256,ifft_complex128_n4097_b256,20.4916420626,19.4301509764,0.895551987924,7,1,ok,
old,ifft,complex128,4608,1,ifft_complex128_n4608_b1,0.0379613350378,0.0363182649016,0.000404349993914,7,200,ok,
old,ifft,complex128,4608,2,ifft_complex128_n4608_b2,0.0441258453066,0.0438819354167,0.000243909889832,7,200,ok,
old,ifft,complex128,4608,4,ifft_complex128_n4608_b4,0.0767998502124,0.0762006355217,0.000481395400129,7,200,ok,
old,ifft,complex128,4608,8,ifft_complex128_n4608_b8,0.142368752285,0.140897028937,0.000633080116045,7,137,ok,
old,ifft,complex128,4608,16,ifft_complex128_n4608_b16,0.283798932408,0.270806330567,0.00188483390957,7,30,ok,
old,ifft,complex128,4608,32,ifft_complex128_n4608_b32,0.628436434393,0.562806198529,0.0432143686339,7,30,ok,
old,ifft,complex128,4608,64,ifft_complex128_n4608_b64,1.54778215495,1.40399315492,0.047351527763,7,19,ok,
old,ifft,complex128,4608,256,ifft_complex128_n4608_b256,5.78008661978,5.43753120583,0.158047024161,7,5,ok,
old,ifft,complex128,8192,1,ifft_complex128_n8192_b1,0.0796956097474,0.0777552847285,0.0017559301341,7,200,ok,
old,ifft,complex128,8192,2,ifft_complex128_n8192_b2,0.0938337045955,0.0889855046989,0.00483782961965,7,200,ok,
old,ifft,complex128,8192,4,ifft_complex128_n8192_b4,0.173440488055,0.16216351185,0.00398312043399,7,125,ok,
old,ifft,complex128,8192,8,ifft_complex128_n8192_b8,0.333694255737,0.324571134238,0.00841179823156,7,59,ok,
old,ifft,complex128,8192,16,ifft_complex128_n8192_b16,0.737676400846,0.673743364556,0.0435867346823,7,30,ok,
old,ifft,complex128,8192,32,ifft_complex128_n8192_b32,1.69337662795,1.65872510498,0.0181955248608,7,19,ok,
old,ifft,complex128,8192,64,ifft_complex128_n8192_b64,3.22359411803,2.98517513147,0.0770451297285,7,8,ok,
old,ifft,complex128,8192,256,ifft_complex128_n8192_b256,15.0902264868,14.7014559479,0.388770538848,7,2,ok,
old,ifft,complex128,16384,1,ifft_complex128_n16384_b1,0.162001598385,0.159412303349,0.00209462554527,7,112,ok,
old,ifft,complex128,16384,2,ifft_complex128_n16384_b2,0.172562634861,0.168062408756,0.00377832649564,7,71,ok,
old,ifft,complex128,16384,4,ifft_complex128_n16384_b4,0.425121981905,0.39644879924,0.0129123091359,7,55,ok,
old,ifft,complex128,16384,8,ifft_complex128_n16384_b8,0.792586931493,0.61888556617,0.0680787682844,7,30,ok,
old,ifft,complex128,16384,16,ifft_complex128_n16384_b16,1.79154995186,1.61138690254,0.0673104798244,7,21,ok,
old,ifft,complex128,16384,32,ifft_complex128_n16384_b32,3.99385474157,3.57717550651,0.117807358038,7,8,ok,
old,ifft,complex128,16384,64,ifft_complex128_n16384_b64,7.80149950879,7.63457277208,0.102751975646,7,4,ok,
old,ifft,complex128,16384,256,ifft_complex128_n16384_b256,35.4501419934,32.9122440889,0.56226097513,7,1,ok,
old,ifft,complex128,32768,1,ifft_complex128_n32768_b1,0.33830578572,0.334763107406,0.00291564252361,7,56,ok,
old,ifft,complex128,32768,2,ifft_complex128_n32768_b2,0.429805457922,0.412031021066,0.0172321864132,7,48,ok,
old,ifft,complex128,32768,4,ifft_complex128_n32768_b4,0.861304767358,0.827225386344,0.0273749644223,7,26,ok,
old,ifft,complex128,32768,8,ifft_complex128_n32768_b8,2.09348076297,2.03558082199,0.04895199912,7,17,ok,
old,ifft,complex128,32768,16,ifft_complex128_n32768_b16,4.19137283461,3.91479133395,0.0675828196108,7,6,ok,
old,ifft,complex128,32768,32,ifft_complex128_n32768_b32,8.17789975554,7.93872072245,0.239179033088,7,4,ok,
old,ifft,complex128,32768,64,ifft_complex128_n32768_b64,18.9051495399,18.4117984609,0.493351079058,7,2,ok,
old,ifft,complex128,32768,256,ifft_complex128_n32768_b256,72.7662800346,57.4931619922,2.60362098925,7,1,ok,
old,ifft,complex128,65536,1,ifft_complex128_n65536_b1,0.643593906716,0.639958998363,0.00183500014828,7,32,ok,
old,ifft,complex128,65536,2,ifft_complex128_n65536_b2,0.778600833534,0.772238930222,0.00226486784716,7,30,ok,
old,ifft,complex128,65536,4,ifft_complex128_n65536_b4,1.56716624624,1.56495259725,0.00214049359784,7,20,ok,
old,ifft,complex128,65536,8,ifft_complex128_n65536_b8,2.62440390758,2.59681609036,0.0157248207622,7,11,ok,
old,ifft,complex128,65536,16,ifft_complex128_n65536_b16,5.55648534403,5.45764066434,0.0988446796934,7,3,ok,
old,ifft,complex128,65536,32,ifft_complex128_n65536_b32,13.4912476642,13.381142014,0.110105650189,7,3,ok,
old,ifft,complex128,65536,64,ifft_complex128_n65536_b64,44.337115949,43.5597250471,0.438480055891,7,1,ok,
old,ifft,complex128,65536,256,ifft_complex128_n65536_b256,117.267824011,108.99867292,7.23757501692,7,1,ok,
c222,fft,complex64,2048,1,fft_complex64_n2048_b1,0.0484187025688,0.0470829919712,0.000233690361566,9,252,ok,
c222,fft,complex64,2048,2,fft_complex64_n2048_b2,0.144629483222,0.132337431048,0.00326946914037,9,211,ok,
c222,fft,complex64,2048,4,fft_complex64_n2048_b4,0.197549421702,0.193013177098,0.00453624460432,9,90,ok,
c222,fft,complex64,2048,8,fft_complex64_n2048_b8,0.363323492666,0.332854338922,0.0169777513464,9,53,ok,
c222,fft,complex64,2048,16,fft_complex64_n2048_b16,0.62534766815,0.612991602005,0.012356066145,9,30,ok,
c222,fft,complex64,2048,32,fft_complex64_n2048_b32,1.29242325056,1.20296743989,0.0673051254125,9,16,ok,
c222,fft,complex64,2048,64,fft_complex64_n2048_b64,2.86411125368,2.51666416686,0.277994084172,9,12,ok,
c222,fft,complex64,2048,256,fft_complex64_n2048_b256,5.47098566312,5.26366832977,0.207317333358,7,3,ok,
c222,fft,complex64,3072,1,fft_complex64_n3072_b1,0.0356182174328,0.033844696657,0.000783251333075,9,386,ok,
c222,fft,complex64,3072,2,fft_complex64_n3072_b2,0.0532957649557,0.0517262355424,0.000922924955375,9,200,ok,
c222,fft,complex64,3072,4,fft_complex64_n3072_b4,0.0816813198617,0.0814916100353,0.000106699881144,9,200,ok,
c222,fft,complex64,3072,8,fft_complex64_n3072_b8,0.150606589593,0.147657425476,0.0026723058936,9,134,ok,
c222,fft,complex64,3072,16,fft_complex64_n3072_b16,0.303410846167,0.280160646742,0.0128241076779,9,65,ok,
c222,fft,complex64,3072,32,fft_complex64_n3072_b32,0.58171316438,0.520779731839,0.035846264412,9,30,ok,
c222,fft,complex64,3072,64,fft_complex64_n3072_b64,1.34621477789,1.09702540579,0.0516323338228,9,27,ok,
c222,fft,complex64,3072,256,fft_complex64_n3072_b256,8.63367097918,8.0302139977,0.280914323715,7,3,ok,
c222,fft,complex64,3584,1,fft_complex64_n3584_b1,0.0359524386183,0.0342086848552,0.00153062686038,9,260,ok,
c222,fft,complex64,3584,2,fft_complex64_n3584_b2,0.0581475248327,0.0569952750811,0.000212745508179,9,200,ok,
c222,fft,complex64,3584,4,fft_complex64_n3584_b4,0.0948331887176,0.0929633470471,0.00186984167051,9,170,ok,
c222,fft,complex64,3584,8,fft_complex64_n3584_b8,0.163451563144,0.162856000349,0.000346563121473,9,110,ok,
c222,fft,complex64,3584,16,fft_complex64_n3584_b16,0.307765791208,0.306628516785,0.00113727442259,9,62,ok,
c222,fft,complex64,3584,32,fft_complex64_n3584_b32,0.612721398162,0.604238233063,0.00376236469795,9,30,ok,
c222,fft,complex64,3584,64,fft_complex64_n3584_b64,1.21043973764,1.18876838773,0.00744300347793,9,23,ok,
c222,fft,complex64,3584,256,fft_complex64_n3584_b256,8.08827901104,7.90384834787,0.182019663043,7,3,ok,
c222,fft,complex64,4095,1,fft_complex64_n4095_b1,0.0443498482961,0.0442882528233,6.15954728602e-05,9,277,ok,
c222,fft,complex64,4095,2,fft_complex64_n4095_b2,0.0753603654448,0.0752804148942,7.93003709987e-05,9,200,ok,
c222,fft,complex64,4095,4,fft_complex64_n4095_b4,0.137755685564,0.136664342396,0.000465909585721,9,143,ok,
c222,fft,complex64,4095,8,fft_complex64_n4095_b8,0.261651226319,0.259966747835,0.00085318616281,9,75,ok,
c222,fft,complex64,4095,16,fft_complex64_n4095_b16,0.512807513587,0.506919617645,0.00273174522683,9,39,ok,
c222,fft,complex64,4095,32,fft_complex64_n4095_b32,1.00119324032,0.99835444868,0.00274130785517,9,29,ok,
c222,fft,complex64,4095,64,fft_complex64_n4095_b64,2.04892286066,2.01477414729,0.0135861420339,9,14,ok,
c222,fft,complex64,4095,256,fft_complex64_n4095_b256,12.7126625157,12.4935079948,0.139274983667,7,2,ok,
c222,fft,complex64,4096,1,fft_complex64_n4096_b1,0.0393720359793,0.0390631677491,0.000112644461057,9,304,ok,
c222,fft,complex64,4096,2,fft_complex64_n4096_b2,0.0601811200613,0.0597274751635,0.000121630146168,9,200,ok,
c222,fft,complex64,4096,4,fft_complex64_n4096_b4,0.101443262457,0.100749940736,0.000387678585229,9,187,ok,
c222,fft,complex64,4096,8,fft_complex64_n4096_b8,0.182532543494,0.181962904476,0.000460485794714,9,105,ok,
c222,fft,complex64,4096,16,fft_complex64_n4096_b16,0.348837054584,0.346969821424,0.00152321341115,9,56,ok,
c222,fft,complex64,4096,32,fft_complex64_n4096_b32,0.675478600897,0.671213267681,0.0020074347655,9,30,ok,
c222,fft,complex64,4096,64,fft_complex64_n4096_b64,1.33825650185,1.32428999694,0.0019696361216,9,22,ok,
c222,fft,complex64,4096,256,fft_complex64_n4096_b256,8.66727701699,8.59296834096,0.0743086760243,7,3,ok,
c222,fft,complex64,4097,1,fft_complex64_n4097_b1,0.117066537943,0.11684150041,0.000137884993679,7,156,ok,
c222,fft,complex64,4097,2,fft_complex64_n4097_b2,0.205026872634,0.204845256063,0.000181616571276,7,94,ok,
c222,fft,complex64,4097,4,fft_complex64_n4097_b4,0.368011222842,0.367461686471,0.000230426882842,7,54,ok,
c222,fft,complex64,4097,8,fft_complex64_n4097_b8,0.726874628863,0.721629665889,0.00466426179089,7,27,ok,
c222,fft,complex64,4097,16,fft_complex64_n4097_b16,1.42099229852,1.41403980087,0.00248610158451,7,20,ok,
c222,fft,complex64,4097,32,fft_complex64_n4097_b32,2.84498520195,2.8366045095,0.00838069245219,7,10,ok,
c222,fft,complex64,4097,64,fft_complex64_n4097_b64,5.71644373122,5.64560899511,0.0708347361069,7,4,ok,
c222,fft,complex64,4097,256,fft_complex64_n4097_b256,27.402325999,26.498007006,0.52293704357,7,1,ok,
c222,fft,complex64,4608,1,fft_complex64_n4608_b1,0.0428776600165,0.0425065698801,0.000124630169012,7,200,ok,
c222,fft,complex64,4608,2,fft_complex64_n4608_b2,0.0722243596101,0.0720578950131,0.000166464596987,7,200,ok,
c222,fft,complex64,4608,4,fft_complex64_n4608_b4,0.126933930852,0.12522193079,0.000400112871573,7,159,ok,
c222,fft,complex64,4608,8,fft_complex64_n4608_b8,0.226496977374,0.225883872021,0.000613105353401,7,86,ok,
c222,fft,complex64,4608,16,fft_complex64_n4608_b16,0.430269399658,0.428625332036,0.00148613471538,7,30,ok,
c222,fft,complex64,4608,32,fft_complex64_n4608_b32,0.836220403047,0.830412900541,0.00184043698634,7,30,ok,
c222,fft,complex64,4608,64,fft_complex64_n4608_b64,1.66033017312,1.64990717381,0.0081245225909,7,17,ok,
c222,fft,complex64,4608,256,fft_complex64_n4608_b256,11.0116240103,10.6342496583,0.198998022825,7,3,ok,
c222,fft,complex64,8192,1,fft_complex64_n8192_b1,0.0848580000456,0.0836898147827,0.000747190206312,7,200,ok,
c222,fft,complex64,8192,2,fft_complex64_n8192_b2,0.130236000385,0.129103275397,0.000686583190456,7,149,ok,
c222,fft,complex64,8192,4,fft_complex64_n8192_b4,0.235089318662,0.23095183458,0.00350349445773,7,85,ok,
c222,fft,complex64,8192,8,fft_complex64_n8192_b8,0.467923022701,0.464167612584,0.00247279637155,7,44,ok,
c222,fft,complex64,8192,16,fft_complex64_n8192_b16,0.91596126634,0.896934769116,0.0148327322677,7,30,ok,
c222,fft,complex64,8192,32,fft_complex64_n8192_b32,1.82607655734,1.81336843525,0.0110638065962,7,16,ok,
c222,fft,complex64,8192,64,fft_complex64_n8192_b64,3.81096462661,3.74943461793,0.0615300086793,7,8,ok,
c222,fft,complex64,8192,256,fft_complex64_n8192_b256,19.7013919824,19.4282964803,0.247421499807,7,2,ok,
c222,fft,complex64,16384,1,fft_complex64_n16384_b1,0.197480614588,0.192475228687,0.000714343817284,7,96,ok,
c222,fft,complex64,16384,2,fft_complex64_n16384_b2,0.387746941152,0.383613548954,0.00172419537443,7,51,ok,
c222,fft,complex64,16384,4,fft_complex64_n16384_b4,0.754249112036,0.744563733371,0.00915246066422,7,26,ok,
c222,fft,complex64,16384,8,fft_complex64_n16384_b8,1.49992365041,1.48209385225,0.00982385245152,7,20,ok,
c222,fft,complex64,16384,16,fft_complex64_n16384_b16,2.95879970072,2.94218659401,0.016613106709,7,10,ok,
c222,fft,complex64,16384,32,fft_complex64_n16384_b32,6.13295150106,6.07378600398,0.0471230014227,7,4,ok,
c222,fft,complex64,16384,64,fft_complex64_n16384_b64,14.9331429275,13.7885969598,1.14454596769,7,1,ok,
c222,fft,complex64,16384,256,fft_complex64_n16384_b256,63.6610989459,62.5666750129,0.578240025789,7,1,ok,
c222,fft,complex64,32768,1,fft_complex64_n32768_b1,0.454476046333,0.450135606644,0.00420997601522,7,43,ok,
c222,fft,complex64,32768,2,fft_complex64_n32768_b2,0.912189904955,0.9042293809,0.00400985923729,7,21,ok,
c222,fft,complex64,32768,4,fft_complex64_n32768_b4,1.74624186911,1.72698149981,0.00855031976243,7,16,ok,
c222,fft,complex64,32768,8,fft_complex64_n32768_b8,3.5649388883,3.52999249299,0.0138006435009,7,8,ok,
c222,fft,complex64,32768,16,fft_complex64_n32768_b16,7.24335497944,7.14447774226,0.0381812278647,7,4,ok,
c222,fft,complex64,32768,32,fft_complex64_n32768_b32,18.235528958,17.3678289866,0.867699971423,7,1,ok,
c222,fft,complex64,32768,64,fft_complex64_n32768_b64,38.3601960493,36.9948879816,1.32042507175,7,1,ok,
c222,fft,complex64,32768,256,fft_complex64_n32768_b256,185.688620084,181.753892102,3.93472798169,7,1,ok,
c222,fft,complex64,65536,1,fft_complex64_n65536_b1,1.09407887018,1.08101379592,0.0103439359615,7,15,ok,
c222,fft,complex64,65536,2,fft_complex64_n65536_b2,2.40891561127,2.30564200319,0.0610346995437,7,13,ok,
c222,fft,complex64,65536,4,fft_complex64_n65536_b4,5.893666336,5.72886682736,0.109207176138,7,6,ok,
c222,fft,complex64,65536,8,fft_complex64_n65536_b8,11.9255880127,11.113711982,0.369134999346,7,2,ok,
c222,fft,complex64,65536,16,fft_complex64_n65536_b16,25.4438889679,21.5917869937,3.41754104011,7,1,ok,
c222,fft,complex64,65536,32,fft_complex64_n65536_b32,48.3432370238,47.1428760793,1.20036094449,7,1,ok,
c222,fft,complex64,65536,64,fft_complex64_n65536_b64,97.1427959157,94.2979339743,2.72195297293,7,1,ok,
c222,fft,complex64,65536,256,fft_complex64_n65536_b256,385.314412066,371.393179055,6.55964901671,7,1,ok,
c222,fft,complex128,2048,1,fft_complex128_n2048_b1,0.0208447233826,0.0201256826837,0.0007190406989,9,517,ok,
c222,fft,complex128,2048,2,fft_complex128_n2048_b2,0.0324531300074,0.030191157878,0.00186014095991,9,462,ok,
c222,fft,complex128,2048,4,fft_complex128_n2048_b4,0.050685289898,0.0498691701796,0.000428449711762,9,200,ok,
c222,fft,complex128,2048,8,fft_complex128_n2048_b8,0.0903609750094,0.0884792098077,0.000154690351337,9,200,ok,
c222,fft,complex128,2048,16,fft_complex128_n2048_b16,0.157371943905,0.15625547662,0.000986408087469,9,105,ok,
c222,fft,complex128,2048,32,fft_complex128_n2048_b32,0.303441891447,0.302264234051,0.00044723492465,9,64,ok,
c222,fft,complex128,2048,64,fft_complex128_n2048_b64,0.598515566283,0.593159200313,0.00414873162905,9,30,ok,
c222,fft,complex128,2048,256,fft_complex128_n2048_b256,2.85005870974,2.82075499417,0.0258842948824,7,10,ok,
c222,fft,complex128,3072,1,fft_complex128_n3072_b1,0.0283431594465,0.0277987371725,0.000188174579244,9,464,ok,
c222,fft,complex128,3072,2,fft_complex128_n3072_b2,0.0450609397376,0.0439818197628,0.000487860525027,9,200,ok,
c222,fft,complex128,3072,4,fft_complex128_n3072_b4,0.0745676347287,0.073104549665,0.000791980419308,9,200,ok,
c222,fft,complex128,3072,8,fft_complex128_n3072_b8,0.137089499998,0.133158044157,0.00212094164453,9,136,ok,
c222,fft,complex128,3072,16,fft_complex128_n3072_b16,0.262589091576,0.254507954444,0.00302078886748,9,66,ok,
c222,fft,complex128,3072,32,fft_complex128_n3072_b32,0.521403566624,0.494716068109,0.0182373992478,9,30,ok,
c222,fft,complex128,3072,64,fft_complex128_n3072_b64,1.19524850096,1.08230027965,0.105368387368,9,18,ok,
c222,fft,complex128,3072,256,fft_complex128_n3072_b256,5.52808716505,5.1069658366,0.0932606829641,7,6,ok,
c222,fft,complex128,3584,1,fft_complex128_n3584_b1,0.033774863196,0.0322303501331,0.000826745881415,9,417,ok,
c222,fft,complex128,3584,2,fft_complex128_n3584_b2,0.0516105152201,0.050002465141,0.00106188468635,9,200,ok,
c222,fft,complex128,3584,4,fft_complex128_n3584_b4,0.0855696300277,0.0836235901807,0.000490564852953,9,200,ok,
c222,fft,complex128,3584,8,fft_complex128_n3584_b8,0.152306595387,0.148108471946,0.00119011607379,9,104,ok,
c222,fft,complex128,3584,16,fft_complex128_n3584_b16,0.292550395082,0.282202620493,0.00804900151581,9,58,ok,
c222,fft,complex128,3584,32,fft_complex128_n3584_b32,0.603538600262,0.572570432754,0.0211558304727,9,30,ok,
c222,fft,complex128,3584,64,fft_complex128_n3584_b64,1.43066681498,1.36123717741,0.0352931833318,9,22,ok,
c222,fft,complex128,3584,256,fft_complex128_n3584_b256,5.96820181236,5.6669855956,0.217199418694,7,5,ok,
c222,fft,complex128,4095,1,fft_complex128_n4095_b1,0.0438097695058,0.0426680361147,0.000382563677814,9,330,ok,
c222,fft,complex128,4095,2,fft_complex128_n4095_b2,0.0742708297912,0.0722934899386,0.00137171067763,9,200,ok,
c222,fft,complex128,4095,4,fft_complex128_n4095_b4,0.133239115735,0.130151040575,0.00127022297022,9,121,ok,
c222,fft,complex128,4095,8,fft_complex128_n4095_b8,0.265277565957,0.252169059979,0.00210946300693,9,67,ok,
c222,fft,complex128,4095,16,fft_complex128_n4095_b16,0.495522691964,0.486797411353,0.00863638408004,9,39,ok,
c222,fft,complex128,4095,32,fft_complex128_n4095_b32,1.06200255919,1.01179644,0.035749161616,9,25,ok,
c222,fft,complex128,4095,64,fft_complex128_n4095_b64,2.42230355798,2.19845624815,0.011937248928,9,16,ok,
c222,fft,complex128,4095,256,fft_complex128_n4095_b256,9.45708198318,9.14669199847,0.114871033778,7,3,ok,
c222,fft,complex128,4096,1,fft_complex128_n4096_b1,0.0377617494324,0.036986039324,0.000335428768099,9,331,ok,
c222,fft,complex128,4096,2,fft_complex128_n4096_b2,0.0573735800572,0.0562964647543,0.000734620261937,9,200,ok,
c222,fft,complex128,4096,4,fft_complex128_n4096_b4,0.0961355036125,0.0932420240715,0.00224042404443,9,125,ok,
c222,fft,complex128,4096,8,fft_complex128_n4096_b8,0.173805824791,0.171006435132,0.00209688032218,9,108,ok,
c222,fft,complex128,4096,16,fft_complex128_n4096_b16,0.335600883073,0.32215228958,0.00655915489635,9,52,ok,
c222,fft,complex128,4096,32,fft_complex128_n4096_b32,0.711173234352,0.668099169464,0.0370895684076,9,30,ok,
c222,fft,complex128,4096,64,fft_complex128_n4096_b64,1.66449128717,1.63316328655,0.0296854303174,9,21,ok,
c222,fft,complex128,4096,256,fft_complex128_n4096_b256,6.7216057505,6.21008549933,0.247905496508,7,4,ok,
c222,fft,complex128,4097,1,fft_complex128_n4097_b1,0.121794865254,0.119366167401,0.00175360305822,7,149,ok,
c222,fft,complex128,4097,2,fft_complex128_n4097_b2,0.216428816499,0.213643101196,0.00239417375046,7,98,ok,
c222,fft,complex128,4097,4,fft_complex128_n4097_b4,0.37827187097,0.371272313512,0.00470340752077,7,54,ok,
c222,fft,complex128,4097,8,fft_complex128_n4097_b8,0.755733917467,0.72631736286,0.0143772410229,7,25,ok,
c222,fft,complex128,4097,16,fft_complex128_n4097_b16,1.55896039796,1.51748294593,0.00917314901017,7,20,ok,
c222,fft,complex128,4097,32,fft_complex128_n4097_b32,3.08590988991,3.00755021938,0.0121272298404,7,9,ok,
c222,fft,complex128,4097,64,fft_complex128_n4097_b64,6.31029249053,6.09589225496,0.0634659954812,7,4,ok,
c222,fft,complex128,4097,256,fft_complex128_n4097_b256,24.3023380172,23.7517500063,0.366945983842,7,1,ok,
c222,fft,complex128,4608,1,fft_complex128_n4608_b1,0.0413362303516,0.0410832097987,0.000253020552918,7,200,ok,
c222,fft,complex128,4608,2,fft_complex128_n4608_b2,0.0710996048292,0.0694500800455,0.0013596349163,7,200,ok,
c222,fft,complex128,4608,4,fft_complex128_n4608_b4,0.120211326672,0.117749059573,0.00153032674765,7,150,ok,
c222,fft,complex128,4608,8,fft_complex128_n4608_b8,0.21996861065,0.216495689367,0.00319529919782,7,90,ok,
c222,fft,complex128,4608,16,fft_complex128_n4608_b16,0.422369300698,0.408103999992,0.00889763080825,7,30,ok,
c222,fft,complex128,4608,32,fft_complex128_n4608_b32,0.992258098753,0.941644900013,0.030392431654,7,30,ok,
c222,fft,complex128,4608,64,fft_complex128_n4608_b64,1.82691125277,1.57318833711,0.225201336434,7,12,ok,
c222,fft,complex128,4608,256,fft_complex128_n4608_b256,7.00802737847,6.94920360111,0.0123572070152,7,5,ok,
c222,fft,complex128,8192,1,fft_complex128_n8192_b1,0.0739013898419,0.0729996553855,0.000390079803765,7,200,ok,
c222,fft,complex128,8192,2,fft_complex128_n8192_b2,0.130844640308,0.128532679952,0.00149809094937,7,153,ok,
c222,fft,complex128,8192,4,fft_complex128_n8192_b4,0.218250249634,0.214025464153,0.00386983239358,7,84,ok,
c222,fft,complex128,8192,8,fft_complex128_n8192_b8,0.415247817505,0.407486163289,0.00776165421596,7,49,ok,
c222,fft,complex128,8192,16,fft_complex128_n8192_b16,0.889732999106,0.84404166555,0.019643001724,7,30,ok,
c222,fft,complex128,8192,32,fft_complex128_n8192_b32,2.26159037265,1.93966925144,0.106895815406,7,16,ok,
c222,fft,complex128,8192,64,fft_complex128_n8192_b64,4.24448956203,3.87510555863,0.236205274372,7,7,ok,
c222,fft,complex128,8192,256,fft_complex128_n8192_b256,18.1490730029,17.3573000357,0.350178976078,7,2,ok,
c222,fft,complex128,16384,1,fft_complex128_n16384_b1,0.202043347678,0.192228064407,0.00256152175691,7,92,ok,
c222,fft,complex128,16384,2,fft_complex128_n16384_b2,0.383875392122,0.377308038593,0.00451901909329,7,51,ok,
c222,fft,complex128,16384,4,fft_complex128_n16384_b4,0.844657998338,0.757415497598,0.0386575848097,7,24,ok,
c222,fft,complex128,16384,8,fft_complex128_n16384_b8,1.67455274495,1.52402464882,0.105564109981,7,20,ok,
c222,fft,complex128,16384,16,fft_complex128_n16384_b16,3.63470174489,3.45138825651,0.109681132017,7,8,ok,
c222,fft,complex128,16384,32,fft_complex128_n16384_b32,6.90302200383,6.78992574103,0.0549929973204,7,4,ok,
c222,fft,complex128,16384,64,fft_complex128_n16384_b64,13.8430529623,13.4407514706,0.165008066688,7,2,ok,
c222,fft,complex128,16384,256,fft_complex128_n16384_b256,58.8666469557,57.3748709867,1.38109805994,7,1,ok,
c222,fft,complex128,32768,1,fft_complex128_n32768_b1,0.455422975522,0.45086566769,0.00381045364997,7,42,ok,
c222,fft,complex128,32768,2,fft_complex128_n32768_b2,1.0137729502,0.914086288373,0.0573170005477,7,21,ok,
c222,fft,complex128,32768,4,fft_complex128_n32768_b4,2.26353525068,2.22769518587,0.0124695579871,7,16,ok,
c222,fft,complex128,32768,8,fft_complex128_n32768_b8,4.29564299993,3.98359419778,0.230430578813,7,5,ok,
c222,fft,complex128,32768,16,fft_complex128_n32768_b16,8.39440101602,8.12945297609,0.0705479566629,7,3,ok,
c222,fft,complex128,32768,32,fft_complex128_n32768_b32,16.384532908,15.6861599535,0.212086015381,7,1,ok,
c222,fft,complex128,32768,64,fft_complex128_n32768_b64,35.3485230589,34.1910019051,0.349543057382,7,1,ok,
c222,fft,complex128,32768,256,fft_complex128_n32768_b256,140.982975019,137.775605894,1.95401790552,7,1,ok,
c222,fft,complex128,65536,1,fft_complex128_n65536_b1,0.99559344817,0.964051601477,0.0146878999658,7,20,ok,
c222,fft,complex128,65536,2,fft_complex128_n65536_b2,2.34059653639,2.1808058507,0.0887865361829,7,13,ok,
c222,fft,complex128,65536,4,fft_complex128_n65536_b4,4.66469000094,4.52797659673,0.131357181817,7,5,ok,
c222,fft,complex128,65536,8,fft_complex128_n65536_b8,8.96256836131,8.74105130788,0.148159995054,7,3,ok,
c222,fft,complex128,65536,16,fft_complex128_n65536_b16,18.6952980002,17.8435280686,0.732367974706,7,1,ok,
c222,fft,complex128,65536,32,fft_complex128_n65536_b32,38.3739320096,36.6312580882,0.434210989624,7,1,ok,
c222,fft,complex128,65536,64,fft_complex128_n65536_b64,70.0080599636,66.0880199866,3.92003997695,7,1,ok,
c222,fft,complex128,65536,256,fft_complex128_n65536_b256,302.97993694,277.258558897,25.0391640002,7,1,ok,
c222,ifft,complex64,2048,1,ifft_complex64_n2048_b1,0.0286222058336,0.0282012056412,0.000421000192419,9,379,ok,
c222,ifft,complex64,2048,2,ifft_complex64_n2048_b2,0.0364441118708,0.0360869307769,0.000246789955356,9,376,ok,
c222,ifft,complex64,2048,4,ifft_complex64_n2048_b4,0.0545054749819,0.0523677800084,0.00158525479492,9,200,ok,
c222,ifft,complex64,2048,8,ifft_complex64_n2048_b8,0.0964956466129,0.0891943316835,0.00665656957281,9,181,ok,
c222,ifft,complex64,2048,16,ifft_complex64_n2048_b16,0.17165952874,0.160773917802,0.00582533034165,9,121,ok,
c222,ifft,complex64,2048,32,ifft_complex64_n2048_b32,0.341793457125,0.325863371935,0.0117181512227,9,59,ok,
c222,ifft,complex64,2048,64,ifft_complex64_n2048_b64,0.696632432907,0.664164801128,0.00894637002299,9,30,ok,
c222,ifft,complex64,2048,256,ifft_complex64_n2048_b256,2.81598600559,2.69660310587,0.0553232966922,7,10,ok,
c222,ifft,complex64,3072,1,ifft_complex64_n3072_b1,0.0442012552293,0.0359810137129,0.00315662770805,9,368,ok,
c222,ifft,complex64,3072,2,ifft_complex64_n3072_b2,0.0587348698173,0.0554105150513,0.00256774481386,9,200,ok,
c222,ifft,complex64,3072,4,ifft_complex64_n3072_b4,0.0840368645731,0.0786191003863,0.00271005963441,9,200,ok,
c222,ifft,complex64,3072,8,ifft_complex64_n3072_b8,0.144029395337,0.134741821572,0.00705945760358,9,129,ok,
c222,ifft,complex64,3072,16,ifft_complex64_n3072_b16,0.26750581578,0.244745814646,0.0116202358377,9,76,ok,
c222,ifft,complex64,3072,32,ifft_complex64_n3072_b32,0.530486833304,0.498699835346,0.0286427636941,9,30,ok,
c222,ifft,complex64,3072,64,ifft_complex64_n3072_b64,0.992326664605,0.949776764693,0.0425498999123,9,21,ok,
c222,ifft,complex64,3072,256,ifft_complex64_n3072_b256,3.85903142991,3.8163201451,0.0401375748749,7,7,ok,
c222,ifft,complex64,3584,1,ifft_complex64_n3584_b1,0.0377354331122,0.0371519136685,0.000256035989411,9,358,ok,
c222,ifft,complex64,3584,2,ifft_complex64_n3584_b2,0.0632248551119,0.0563216599403,0.00605991517659,9,200,ok,
c222,ifft,complex64,3584,4,ifft_complex64_n3584_b4,0.0931464246241,0.0880926346872,0.00194894033484,9,200,ok,
c222,ifft,complex64,3584,8,ifft_complex64_n3584_b8,0.160362033424,0.157789916129,0.00156636913346,9,119,ok,
c222,ifft,complex64,3584,16,ifft_complex64_n3584_b16,0.291394419037,0.288549095257,0.00154595228753,9,62,ok,
c222,ifft,complex64,3584,32,ifft_complex64_n3584_b32,0.589032502224,0.561500100108,0.0162272985714,9,30,ok,
c222,ifft,complex64,3584,64,ifft_complex64_n3584_b64,1.15705130156,1.13736152264,0.0155363889897,9,23,ok,
c222,ifft,complex64,3584,256,ifft_complex64_n3584_b256,4.47834533406,4.40462100475,0.0170503238526,7,6,ok,
c222,ifft,complex64,4095,1,ifft_complex64_n4095_b1,0.052488812721,0.0523103955895,0.000123170382799,9,235,ok,
c222,ifft,complex64,4095,2,ifft_complex64_n4095_b2,0.0911113253096,0.0892475951696,0.00140522490256,9,200,ok,
c222,ifft,complex64,4095,4,ifft_complex64_n4095_b4,0.107209516379,0.10682268314,0.000325550273475,9,180,ok,
c222,ifft,complex64,4095,8,ifft_complex64_n4095_b8,0.199914192593,0.199105605869,0.000457424021354,9,99,ok,
c222,ifft,complex64,4095,16,ifft_complex64_n4095_b16,0.383839982813,0.382962576203,0.000636579128555,9,52,ok,
c222,ifft,complex64,4095,32,ifft_complex64_n4095_b32,0.758136599325,0.752575198809,0.00130843060712,9,30,ok,
c222,ifft,complex64,4095,64,ifft_complex64_n4095_b64,1.50423026399,1.49503789573,0.00203700466572,9,19,ok,
c222,ifft,complex64,4095,256,ifft_complex64_n4095_b256,5.97962720785,5.9436801821,0.0320517923683,7,5,ok,
c222,ifft,complex64,4096,1,ifft_complex64_n4096_b1,0.0390555648123,0.0385730900132,0.000212561624292,9,356,ok,
c222,ifft,complex64,4096,2,ifft_complex64_n4096_b2,0.0586168997688,0.058164804941,0.000409715576097,9,200,ok,
c222,ifft,complex64,4096,4,ifft_complex64_n4096_b4,0.0936140451813,0.0932144501712,0.000292645418085,9,200,ok,
c222,ifft,complex64,4096,8,ifft_complex64_n4096_b8,0.167737283239,0.166282483648,0.00063444119102,9,120,ok,
c222,ifft,complex64,4096,16,ifft_complex64_n4096_b16,0.317002900798,0.309632299468,0.00396741670556,9,60,ok,
c222,ifft,complex64,4096,32,ifft_complex64_n4096_b32,0.602680669787,0.59884316676,0.00203109811991,9,30,ok,
c222,ifft,complex64,4096,64,ifft_complex64_n4096_b64,1.17943143938,1.17633084301,0.00160379800946,9,25,ok,
c222,ifft,complex64,4096,256,ifft_complex64_n4096_b256,4.68841934344,4.66498200937,0.0178816456658,7,6,ok,
c222,ifft,complex64,4097,1,ifft_complex64_n4097_b1,0.14908249963,0.148352952526,0.000382301449362,7,126,ok,
c222,ifft,complex64,4097,2,ifft_complex64_n4097_b2,0.281450243866,0.280775984616,0.000453698781452,7,70,ok,
c222,ifft,complex64,4097,4,ifft_complex64_n4097_b4,0.225448129041,0.224392399575,0.000909340622671,7,85,ok,
c222,ifft,complex64,4097,8,ifft_complex64_n4097_b8,0.43348719935,0.431669800956,0.00181739839415,7,45,ok,
c222,ifft,complex64,4097,16,ifft_complex64_n4097_b16,0.849469467842,0.845879099021,0.00223916722462,7,30,ok,
c222,ifft,complex64,4097,32,ifft_complex64_n4097_b32,1.67583205792,1.66571199867,0.00547376625678,7,17,ok,
c222,ifft,complex64,4097,64,ifft_complex64_n4097_b64,3.37999986368,3.33810050506,0.0366533640772,7,8,ok,
c222,ifft,complex64,4097,256,ifft_complex64_n4097_b256,13.6878030025,13.6437104666,0.0440925359726,7,2,ok,
c222,ifft,complex64,4608,1,ifft_complex64_n4608_b1,0.0471260451013,0.0444606202655,0.00156256544869,7,200,ok,
c222,ifft,complex64,4608,2,ifft_complex64_n4608_b2,0.0688091298798,0.0684379396262,0.000371190253645,7,200,ok,
c222,ifft,complex64,4608,4,ifft_complex64_n4608_b4,0.11450840909,0.109943699499,0.00207387479763,7,176,ok,
c222,ifft,complex64,4608,8,ifft_complex64_n4608_b8,0.196806287697,0.194656732953,0.00162619871484,7,101,ok,
c222,ifft,complex64,4608,16,ifft_complex64_n4608_b16,0.368668398975,0.367951365964,0.000717033011218,7,30,ok,
c222,ifft,complex64,4608,32,ifft_complex64_n4608_b32,0.70878980138,0.705365064399,0.00129343243316,7,30,ok,
c222,ifft,complex64,4608,64,ifft_complex64_n4608_b64,1.4705539548,1.46830971685,0.00192833110868,7,21,ok,
c222,ifft,complex64,4608,256,ifft_complex64_n4608_b256,5.50491281319,5.4950583959,0.00317979138345,7,5,ok,
c222,ifft,complex64,8192,1,ifft_complex64_n8192_b1,0.0707833649358,0.0706613395596,8.65600304678e-05,7,200,ok,
c222,ifft,complex64,8192,2,ifft_complex64_n8192_b2,0.112146688248,0.111863092449,0.000185607071169,7,173,ok,
c222,ifft,complex64,8192,4,ifft_complex64_n8192_b4,0.193109020401,0.192672475377,0.000318367649051,7,103,ok,
c222,ifft,complex64,8192,8,ifft_complex64_n8192_b8,0.36056749997,0.358886406671,0.00104159375446,7,54,ok,
c222,ifft,complex64,8192,16,ifft_complex64_n8192_b16,0.686059663227,0.685395098602,0.00066456462567,7,30,ok,
c222,ifft,complex64,8192,32,ifft_complex64_n8192_b32,1.33646727243,1.3336943653,0.000219501089305,7,22,ok,
c222,ifft,complex64,8192,64,ifft_complex64_n8192_b64,2.65802763699,2.65616600783,0.00186162916097,7,11,ok,
c222,ifft,complex64,8192,256,ifft_complex64_n8192_b256,10.9869150134,10.9061673284,0.0331886500741,7,3,ok,
c222,ifft,complex64,16384,1,ifft_complex64_n16384_b1,0.116229778808,0.115972652217,0.000174880211805,7,167,ok,
c222,ifft,complex64,16384,2,ifft_complex64_n16384_b2,0.201572602311,0.200799428763,0.000402897985994,7,98,ok,
c222,ifft,complex64,16384,4,ifft_complex64_n16384_b4,0.369032327748,0.366869825834,0.00140628813264,7,52,ok,
c222,ifft,complex64,16384,8,ifft_complex64_n16384_b8,0.709873833694,0.708044401836,0.00182943185791,7,30,ok,
c222,ifft,complex64,16384,16,ifft_complex64_n16384_b16,1.38775981031,1.38308061841,0.00234295259274,7,21,ok,
c222,ifft,complex64,16384,32,ifft_complex64_n16384_b32,2.76352609508,2.73030999815,0.0192919978872,7,10,ok,
c222,ifft,complex64,16384,64,ifft_complex64_n16384_b64,5.58962500654,5.55171819869,0.0241009984165,7,5,ok,
c222,ifft,complex64,16384,256,ifft_complex64_n16384_b256,25.4518639995,24.9973860336,0.311310985126,7,1,ok,
c222,ifft,complex64,32768,1,ifft_complex64_n32768_b1,0.238343065384,0.235484038345,0.00163213208955,7,76,ok,
c222,ifft,complex64,32768,2,ifft_complex64_n32768_b2,0.419516086658,0.417398957615,0.000709831278692,7,47,ok,
c222,ifft,complex64,32768,4,ifft_complex64_n32768_b4,0.774070667103,0.767546500235,0.00620923237875,7,30,ok,
c222,ifft,complex64,32768,8,ifft_complex64_n32768_b8,1.48403050262,1.47811794886,0.00577379832976,7,20,ok,
c222,ifft,complex64,32768,16,ifft_complex64_n32768_b16,3.00122499983,2.95738199364,0.0382012221962,7,9,ok,
c222,ifft,complex64,32768,32,ifft_complex64_n32768_b32,6.18186272914,6.06365702697,0.0186472607311,7,4,ok,
c222,ifft,complex64,32768,64,ifft_complex64_n32768_b64,12.1387256465,12.0638856897,0.0582486391068,7,3,ok,
c222,ifft,complex64,32768,256,ifft_complex64_n32768_b256,53.0403070152,52.4644519901,0.57585502509,7,1,ok,
c222,ifft,complex64,65536,1,ifft_complex64_n65536_b1,0.494313769592,0.491730486735,0.00214063896774,7,39,ok,
c222,ifft,complex64,65536,2,ifft_complex64_n65536_b2,0.939441037942,0.9314540316,0.00650217307025,7,29,ok,
c222,ifft,complex64,65536,4,ifft_complex64_n65536_b4,1.98212906253,1.88331520185,0.00883252359927,7,15,ok,
c222,ifft,complex64,65536,8,ifft_complex64_n65536_b8,4.12565849547,4.08308512124,0.0274949998129,7,8,ok,
c222,ifft,complex64,65536,16,ifft_complex64_n65536_b16,8.22812330443,7.89336200493,0.210138658683,7,3,ok,
c222,ifft,complex64,65536,32,ifft_complex64_n65536_b32,15.6932930113,15.3800380067,0.131209963001,7,2,ok,
c222,ifft,complex64,65536,64,ifft_complex64_n65536_b64,34.4618579838,33.6949959164,0.332962023094,7,1,ok,
c222,ifft,complex64,65536,256,ifft_complex64_n65536_b256,141.021015006,134.944219026,6.07679598033,7,1,ok,
c222,ifft,complex128,2048,1,ifft_complex128_n2048_b1,0.022509157271,0.022126345864,0.000331163517662,9,477,ok,
c222,ifft,complex128,2048,2,ifft_complex128_n2048_b2,0.0339449485217,0.0325512444978,0.000866948601888,9,409,ok,
c222,ifft,complex128,2048,4,ifft_complex128_n2048_b4,0.0539972248953,0.0522528699366,0.000790829653852,9,200,ok,
c222,ifft,complex128,2048,8,ifft_complex128_n2048_b8,0.0926966848783,0.0912913598586,0.00122022989672,9,200,ok,
c222,ifft,complex128,2048,16,ifft_complex128_n2048_b16,0.171495655728,0.167661077536,0.000567793653443,9,116,ok,
c222,ifft,complex128,2048,32,ifft_complex128_n2048_b32,0.329585734289,0.325148282961,0.00225936916346,9,60,ok,
c222,ifft,complex128,2048,64,ifft_complex128_n2048_b64,0.715151033364,0.676104069377,0.0219583356132,9,30,ok,
c222,ifft,complex128,2048,256,ifft_complex128_n2048_b256,3.3650154429,3.27044433086,0.0882882159203,7,9,ok,
c222,ifft,complex128,3072,1,ifft_complex128_n3072_b1,0.0321114420771,0.0306633192175,0.000773796871785,9,310,ok,
c222,ifft,complex128,3072,2,ifft_complex128_n3072_b2,0.0485001096968,0.0471830001334,0.000842470326461,9,200,ok,
c222,ifft,complex128,3072,4,ifft_complex128_n3072_b4,0.0818361050915,0.0786524597788,0.00262219517026,9,200,ok,
c222,ifft,complex128,3072,8,ifft_complex128_n3072_b8,0.141630701061,0.139525034885,0.000985235803657,9,144,ok,
c222,ifft,complex128,3072,16,ifft_complex128_n3072_b16,0.271664677008,0.260831065281,0.00803371057695,9,62,ok,
c222,ifft,complex128,3072,32,ifft_complex128_n3072_b32,0.537509964003,0.518073366644,0.0168541291108,9,30,ok,
c222,ifft,complex128,3072,64,ifft_complex128_n3072_b64,1.24579651586,1.14280731289,0.02505883157,9,29,ok,
c222,ifft,complex128,3072,256,ifft_complex128_n3072_b256,5.48472618296,5.02496765694,0.0714699854143,7,6,ok,
c222,ifft,complex128,3584,1,ifft_complex128_n3584_b1,0.035402451199,0.0345255684806,0.000411453691092,9,408,ok,
c222,ifft,complex128,3584,2,ifft_complex128_n3584_b2,0.0550302502234,0.0529729598202,0.00171460502315,9,200,ok,
c222,ifft,complex128,3584,4,ifft_complex128_n3584_b4,0.0930389249697,0.0882269401336,0.00283604487777,9,200,ok,
c222,ifft,complex128,3584,8,ifft_complex128_n3584_b8,0.167451772415,0.160758870056,0.00293434188678,9,123,ok,
c222,ifft,complex128,3584,16,ifft_complex128_n3584_b16,0.32943990798,0.315018968943,0.0144209390363,9,65,ok,
c222,ifft,complex128,3584,32,ifft_complex128_n3584_b32,0.655335070665,0.602751533734,0.0249473211755,9,28,ok,
c222,ifft,complex128,3584,64,ifft_complex128_n3584_b64,1.53197878061,1.45460039114,0.0311442620485,9,23,ok,
c222,ifft,complex128,3584,256,ifft_complex128_n3584_b256,6.35192776099,5.90558172553,0.145123514812,7,4,ok,
c222,ifft,complex128,4095,1,ifft_complex128_n4095_b1,0.0490911727495,0.0467333090377,0.00130898753227,9,162,ok,
c222,ifft,complex128,4095,2,ifft_complex128_n4095_b2,0.0804177048849,0.0736839853926,0.00258698535617,9,200,ok,
c222,ifft,complex128,4095,4,ifft_complex128_n4095_b4,0.137179482651,0.13145111734,0.00341438183871,9,60,ok,
c222,ifft,complex128,4095,8,ifft_complex128_n4095_b8,0.269275770611,0.25765135148,0.00790705451289,9,74,ok,
c222,ifft,complex128,4095,16,ifft_complex128_n4095_b16,0.494073397879,0.486640944811,0.003452169975,9,35,ok,
c222,ifft,complex128,4095,32,ifft_complex128_n4095_b32,0.986437565492,0.955315097235,0.0294737323808,9,30,ok,
c222,ifft,complex128,4095,64,ifft_complex128_n4095_b64,2.15131007672,1.9830604657,0.0290203875361,9,13,ok,
c222,ifft,complex128,4095,256,ifft_complex128_n4095_b256,9.63880432149,9.2267683552,0.316387663285,7,3,ok,
c222,ifft,complex128,4096,1,ifft_complex128_n4096_b1,0.0404514510843,0.0399620317046,0.00048941937971,9,348,ok,
c222,ifft,complex128,4096,2,ifft_complex128_n4096_b2,0.0620348798111,0.0608766701771,0.000938505399972,9,200,ok,
c222,ifft,complex128,4096,4,ifft_complex128_n4096_b4,0.105092781809,0.102598121423,0.00139326389009,9,197,ok,
c222,ifft,complex128,4096,8,ifft_complex128_n4096_b8,0.195277809292,0.180282354863,0.0111990005032,9,110,ok,
c222,ifft,complex128,4096,16,ifft_complex128_n4096_b16,0.35020020962,0.339720298111,0.00421647513449,9,57,ok,
c222,ifft,complex128,4096,32,ifft_complex128_n4096_b32,0.724049964144,0.680076198963,0.0254658710522,9,30,ok,
c222,ifft,complex128,4096,64,ifft_complex128_n4096_b64,1.60744018649,1.30504618573,0.212702187127,9,16,ok,
c222,ifft,complex128,4096,256,ifft_complex128_n4096_b256,7.11230773595,6.64017850067,0.332883762894,7,4,ok,
c222,ifft,complex128,4097,1,ifft_complex128_n4097_b1,0.123859367327,0.122952163314,0.000427802549485,7,147,ok,
c222,ifft,complex128,4097,2,ifft_complex128_n4097_b2,0.214312623207,0.211069830572,0.00191967504994,7,77,ok,
c222,ifft,complex128,4097,4,ifft_complex128_n4097_b4,0.383883808799,0.378501638671,0.0053821701279,7,47,ok,
c222,ifft,complex128,4097,8,ifft_complex128_n4097_b8,0.793776765931,0.771205384248,0.0202759177997,7,26,ok,
c222,ifft,complex128,4097,16,ifft_complex128_n4097_b16,1.57162041047,1.51520393624,0.0455102965455,7,17,ok,
c222,ifft,complex128,4097,32,ifft_complex128_n4097_b32,3.21433179779,2.99260879401,0.131441408303,7,10,ok,
c222,ifft,complex128,4097,64,ifft_complex128_n4097_b64,6.51432099403,6.01810726221,0.308017770294,7,4,ok,
c222,ifft,complex128,4097,256,ifft_complex128_n4097_b256,25.3691490507,25.1068900106,0.262259040028,7,1,ok,
c222,ifft,complex128,4608,1,ifft_complex128_n4608_b1,0.045943739824,0.0455348246032,0.000190055579878,7,200,ok,
c222,ifft,complex128,4608,2,ifft_complex128_n4608_b2,0.0733448000392,0.0722544651944,0.000370789784938,7,200,ok,
c222,ifft,complex128,4608,4,ifft_complex128_n4608_b4,0.124355402494,0.122086955498,0.000964195625681,7,159,ok,
c222,ifft,complex128,4608,8,ifft_complex128_n4608_b8,0.227329413535,0.225460874024,0.00124392982829,7,87,ok,
c222,ifft,complex128,4608,16,ifft_complex128_n4608_b16,0.432815499759,0.425018265378,0.00664072964961,7,30,ok,
c222,ifft,complex128,4608,32,ifft_complex128_n4608_b32,0.959559700762,0.866161333397,0.0275444316988,7,30,ok,
c222,ifft,complex128,4608,64,ifft_complex128_n4608_b64,2.11187791799,2.01858372682,0.0247799008238,7,11,ok,
c222,ifft,complex128,4608,256,ifft_complex128_n4608_b256,8.13961599488,7.96850124607,0.116304523544,7,4,ok,
c222,ifft,complex128,8192,1,ifft_complex128_n8192_b1,0.0786485552089,0.0777138600824,0.000791475176811,7,200,ok,
c222,ifft,complex128,8192,2,ifft_complex128_n8192_b2,0.135878822601,0.132485248267,0.000734560865354,7,141,ok,
c222,ifft,complex128,8192,4,ifft_complex128_n8192_b4,0.231253159991,0.225285345539,0.00457348227271,7,81,ok,
c222,ifft,complex128,8192,8,ifft_complex128_n8192_b8,0.42721247756,0.418942259706,0.00359061042495,7,46,ok,
c222,ifft,complex128,8192,16,ifft_complex128_n8192_b16,0.955997698475,0.85137670006,0.0259100692347,7,30,ok,
c222,ifft,complex128,8192,32,ifft_complex128_n8192_b32,2.05856530318,2.03324953775,0.022867309431,7,13,ok,
c222,ifft,complex128,8192,64,ifft_complex128_n8192_b64,4.18110949977,3.71999974595,0.179853377631,7,8,ok,
c222,ifft,complex128,8192,256,ifft_complex128_n8192_b256,19.4464355009,18.3067825274,0.171424995642,7,2,ok,
c222,ifft,complex128,16384,1,ifft_complex128_n16384_b1,0.204300298603,0.200539232886,0.00372876665813,7,94,ok,
c222,ifft,complex128,16384,2,ifft_complex128_n16384_b2,0.401145942026,0.39216128957,0.00898465245532,7,52,ok,
c222,ifft,complex128,16384,4,ifft_complex128_n16384_b4,0.84859603801,0.788128885548,0.0138504591842,7,26,ok,
c222,ifft,complex128,16384,8,ifft_complex128_n16384_b8,1.92802235731,1.75835559254,0.0445384682868,7,17,ok,
c222,ifft,complex128,16384,16,ifft_complex128_n16384_b16,3.75704150065,3.34443725296,0.0908521324163,7,8,ok,
c222,ifft,complex128,16384,32,ifft_complex128_n16384_b32,7.14130400835,6.92199166709,0.106853006097,7,3,ok,
c222,ifft,complex128,16384,64,ifft_complex128_n16384_b64,14.169702481,13.8165035169,0.136540504172,7,2,ok,
c222,ifft,complex128,16384,256,ifft_complex128_n16384_b256,59.9494880298,57.0696400246,0.867308932357,7,1,ok,
c222,ifft,complex128,32768,1,ifft_complex128_n32768_b1,0.455236465981,0.440482045006,0.00605373384638,7,45,ok,
c222,ifft,complex128,32768,2,ifft_complex128_n32768_b2,0.899538683536,0.877013043712,0.0225256398236,7,22,ok,
c222,ifft,complex128,32768,4,ifft_complex128_n32768_b4,1.86172019845,1.78192520204,0.0451001959542,7,15,ok,
c222,ifft,complex128,32768,8,ifft_complex128_n32768_b8,4.05327200133,3.69954286725,0.353729134076,7,8,ok,
c222,ifft,complex128,32768,16,ifft_complex128_n32768_b16,8.20326067818,7.76025668407,0.0841070044165,7,3,ok,
c222,ifft,complex128,32768,32,ifft_complex128_n32768_b32,17.4505739706,16.2608029786,0.742756994441,7,1,ok,
c222,ifft,complex128,32768,64,ifft_complex128_n32768_b64,36.7868189933,35.1075730287,1.05160393286,7,1,ok,
c222,ifft,complex128,32768,256,ifft_complex128_n32768_b256,143.888941035,133.751701913,3.15919006243,7,1,ok,
c222,ifft,complex128,65536,1,ifft_complex128_n65536_b1,1.01650750083,0.990291831032,0.0101411133073,7,18,ok,
c222,ifft,complex128,65536,2,ifft_complex128_n65536_b2,2.3927978628,2.10387033876,0.0457788584754,7,15,ok,
c222,ifft,complex128,65536,4,ifft_complex128_n65536_b4,4.60185399944,4.28579829168,0.062687139559,7,7,ok,
c222,ifft,complex128,65536,8,ifft_complex128_n65536_b8,8.9894583604,8.68336367421,0.0881310164308,7,3,ok,
c222,ifft,complex128,65536,16,ifft_complex128_n65536_b16,17.9667879129,17.1412660275,0.705898040906,7,1,ok,
c222,ifft,complex128,65536,32,ifft_complex128_n65536_b32,38.5967380134,37.9286509706,0.636428012513,7,1,ok,
c222,ifft,complex128,65536,64,ifft_complex128_n65536_b64,79.1041039629,74.0698529407,1.21654104441,7,1,ok,
c222,ifft,complex128,65536,256,ifft_complex128_n65536_b256,308.627380989,302.158193081,6.44225801807,7,1,ok,
candidate_novec,fft,complex64,2048,1,fft_complex64_n2048_b1,0.0183781337211,0.0181387613143,0.000180813832862,9,419,ok,
candidate_novec,fft,complex64,2048,2,fft_complex64_n2048_b2,0.0285981211035,0.028188340844,0.00040978025951,9,487,ok,
candidate_novec,fft,complex64,2048,4,fft_complex64_n2048_b4,0.0498378102202,0.0484330847394,0.00101644429378,9,200,ok,
candidate_novec,fft,complex64,2048,8,fft_complex64_n2048_b8,0.0932126242176,0.0869400000323,0.00380578706145,9,197,ok,
candidate_novec,fft,complex64,2048,16,fft_complex64_n2048_b16,0.560729629605,0.528966894643,0.00773997683274,9,38,ok,
candidate_novec,fft,complex64,2048,32,fft_complex64_n2048_b32,1.15306717207,1.14079064909,0.00887546304832,9,17,ok,
candidate_novec,fft,complex64,2048,64,fft_complex64_n2048_b64,2.27545457892,2.17618674894,0.0497887473709,9,12,ok,
candidate_novec,fft,complex64,2048,256,fft_complex64_n2048_b256,5.89702699799,5.75600960292,0.0579301966354,7,5,ok,
candidate_novec,fft,complex64,3072,1,fft_complex64_n3072_b1,0.0323545404737,0.0317876553041,0.000254624017439,9,383,ok,
candidate_novec,fft,complex64,3072,2,fft_complex64_n3072_b2,0.0525613949867,0.0517924048472,0.000723099801689,9,200,ok,
candidate_novec,fft,complex64,3072,4,fft_complex64_n3072_b4,0.0905869947746,0.088669215329,0.00160750001669,9,200,ok,
candidate_novec,fft,complex64,3072,8,fft_complex64_n3072_b8,0.161570295516,0.148133311772,0.0134369837441,9,122,ok,
candidate_novec,fft,complex64,3072,16,fft_complex64_n3072_b16,0.304247666002,0.261263638411,0.0160502462202,9,69,ok,
candidate_novec,fft,complex64,3072,32,fft_complex64_n3072_b32,0.505149868938,0.499097898137,0.00330013378213,9,30,ok,
candidate_novec,fft,complex64,3072,64,fft_complex64_n3072_b64,0.995830448087,0.968761962903,0.0268891734745,9,29,ok,
candidate_novec,fft,complex64,3072,256,fft_complex64_n3072_b256,8.81275864473,8.20955234425,0.585884049845,7,3,ok,
candidate_novec,fft,complex64,3584,1,fft_complex64_n3584_b1,0.0387278177138,0.0322752430477,0.00118148166249,9,247,ok,
candidate_novec,fft,complex64,3584,2,fft_complex64_n3584_b2,0.0640770950122,0.0554825447034,0.00618199526798,9,200,ok,
candidate_novec,fft,complex64,3584,4,fft_complex64_n3584_b4,0.121330477011,0.108928622929,0.00680524658842,9,130,ok,
candidate_novec,fft,complex64,3584,8,fft_complex64_n3584_b8,0.18876098787,0.182335280677,0.0064257071929,9,89,ok,
candidate_novec,fft,complex64,3584,16,fft_complex64_n3584_b16,0.335324672051,0.324807381681,0.00289923680777,9,55,ok,
candidate_novec,fft,complex64,3584,32,fft_complex64_n3584_b32,0.599335401785,0.587255864715,0.00666379928589,9,30,ok,
candidate_novec,fft,complex64,3584,64,fft_complex64_n3584_b64,1.28482813439,1.18807109538,0.0612835018811,9,22,ok,
candidate_novec,fft,complex64,3584,256,fft_complex64_n3584_b256,9.09275134715,8.83478966231,0.151295680553,7,3,ok,
candidate_novec,fft,complex64,4095,1,fft_complex64_n4095_b1,0.0507939277343,0.0479716958325,0.00117291304944,9,207,ok,
candidate_novec,fft,complex64,4095,2,fft_complex64_n4095_b2,0.0902477599448,0.0834440049948,0.00420174503233,9,200,ok,
candidate_novec,fft,complex64,4095,4,fft_complex64_n4095_b4,0.174132904038,0.168444840237,0.00236152857542,9,125,ok,
candidate_novec,fft,complex64,4095,8,fft_complex64_n4095_b8,0.318434582247,0.299636650986,0.00508065180232,9,60,ok,
candidate_novec,fft,complex64,4095,16,fft_complex64_n4095_b16,0.593926274274,0.572066062666,0.0106432461039,9,33,ok,
candidate_novec,fft,complex64,4095,32,fft_complex64_n4095_b32,1.13040976603,1.08284280924,0.0335082932863,9,21,ok,
candidate_novec,fft,complex64,4095,64,fft_complex64_n4095_b64,2.26932184663,2.19733600254,0.0719858440929,9,13,ok,
candidate_novec,fft,complex64,4095,256,fft_complex64_n4095_b256,13.6037559714,12.4462145031,0.399421027396,7,2,ok,
candidate_novec,fft,complex64,4096,1,fft_complex64_n4096_b1,0.0404740685577,0.0356053457396,0.00210276511215,9,379,ok,
candidate_novec,fft,complex64,4096,2,fft_complex64_n4096_b2,0.0627354899189,0.0585390545893,0.000525529612787,9,200,ok,
candidate_novec,fft,complex64,4096,4,fft_complex64_n4096_b4,0.118640085504,0.108311547863,0.00141722278947,9,188,ok,
candidate_novec,fft,complex64,4096,8,fft_complex64_n4096_b8,0.247360638847,0.21278690191,0.0341023050068,9,72,ok,
candidate_novec,fft,complex64,4096,16,fft_complex64_n4096_b16,0.455189950582,0.425348583632,0.00858482927447,9,41,ok,
candidate_novec,fft,complex64,4096,32,fft_complex64_n4096_b32,0.862574934339,0.819871202111,0.0175618023301,9,30,ok,
candidate_novec,fft,complex64,4096,64,fft_complex64_n4096_b64,1.59988790064,1.55582032044,0.0196066930106,9,19,ok,
candidate_novec,fft,complex64,4096,256,fft_complex64_n4096_b256,10.6268525124,10.4962839978,0.130568514578,7,2,ok,
candidate_novec,fft,complex64,4097,1,fft_complex64_n4097_b1,0.127848959716,0.123782258015,0.0011361619052,7,124,ok,
candidate_novec,fft,complex64,4097,2,fft_complex64_n4097_b2,0.236446608608,0.234935865681,0.000857708339648,7,82,ok,
candidate_novec,fft,complex64,4097,4,fft_complex64_n4097_b4,0.447590859758,0.442994371338,0.00271460496236,7,43,ok,
candidate_novec,fft,complex64,4097,8,fft_complex64_n4097_b8,0.908572130594,0.872395041844,0.0140784794222,7,23,ok,
candidate_novec,fft,complex64,4097,16,fft_complex64_n4097_b16,1.67217817815,1.66078688412,0.0113128848812,7,17,ok,
candidate_novec,fft,complex64,4097,32,fft_complex64_n4097_b32,3.32759325102,3.30907874741,0.0081676262198,7,8,ok,
candidate_novec,fft,complex64,4097,64,fft_complex64_n4097_b64,6.62342476426,6.57824549126,0.028265232686,7,4,ok,
candidate_novec,fft,complex64,4097,256,fft_complex64_n4097_b256,30.4926160024,30.0626429962,0.0682170502841,7,1,ok,
candidate_novec,fft,complex64,4608,1,fft_complex64_n4608_b1,0.0345418450888,0.0341846299125,0.00028537993785,7,200,ok,
candidate_novec,fft,complex64,4608,2,fft_complex64_n4608_b2,0.057216535206,0.0567675451748,0.000234890030697,7,200,ok,
candidate_novec,fft,complex64,4608,4,fft_complex64_n4608_b4,0.102729820169,0.101667220513,0.000822256343105,7,195,ok,
candidate_novec,fft,complex64,4608,8,fft_complex64_n4608_b8,0.191856146557,0.190368062855,0.000752874863489,7,96,ok,
candidate_novec,fft,complex64,4608,16,fft_complex64_n4608_b16,0.37454800137,0.370764301624,0.0015806639567,7,30,ok,
candidate_novec,fft,complex64,4608,32,fft_complex64_n4608_b32,0.716983767537,0.706022632464,0.00561379905169,7,30,ok,
candidate_novec,fft,complex64,4608,64,fft_complex64_n4608_b64,1.41535779694,1.40743394732,0.00370344496332,7,20,ok,
candidate_novec,fft,complex64,4608,256,fft_complex64_n4608_b256,10.8600954991,9.86821600236,0.240969995502,7,4,ok,
candidate_novec,fft,complex64,8192,1,fft_complex64_n8192_b1,0.0649063946912,0.0636504450813,0.000429449719377,7,200,ok,
candidate_novec,fft,complex64,8192,2,fft_complex64_n8192_b2,0.119489193361,0.117460951624,0.000770048782544,7,166,ok,
candidate_novec,fft,complex64,8192,4,fft_complex64_n8192_b4,0.207794412626,0.204597249293,0.0015877493475,7,92,ok,
candidate_novec,fft,complex64,8192,8,fft_complex64_n8192_b8,0.390621816872,0.385638428567,0.00098387577704,7,49,ok,
candidate_novec,fft,complex64,8192,16,fft_complex64_n8192_b16,0.769885198679,0.760043835423,0.0049679656513,7,30,ok,
candidate_novec,fft,complex64,8192,32,fft_complex64_n8192_b32,1.52185479007,1.50640278834,0.00505257814534,7,19,ok,
candidate_novec,fft,complex64,8192,64,fft_complex64_n8192_b64,3.29293966449,3.234923662,0.0580160024886,7,9,ok,
candidate_novec,fft,complex64,8192,256,fft_complex64_n8192_b256,19.4807394873,19.2335579777,0.14584249584,7,2,ok,
candidate_novec,fft,complex64,16384,1,fft_complex64_n16384_b1,0.194243000199,0.191905105263,0.00100447990311,7,96,ok,
candidate_novec,fft,complex64,16384,2,fft_complex64_n16384_b2,0.390761000031,0.388274587892,0.00180651013758,7,51,ok,
candidate_novec,fft,complex64,16384,4,fft_complex64_n16384_b4,0.766881925161,0.756474037189,0.00313626906763,7,26,ok,
candidate_novec,fft,complex64,16384,8,fft_complex64_n16384_b8,1.5166794532,1.503434201,0.00750000472181,7,20,ok,
candidate_novec,fft,complex64,16384,16,fft_complex64_n16384_b16,3.01102120429,2.99056600779,0.010557693895,7,10,ok,
candidate_novec,fft,complex64,16384,32,fft_complex64_n16384_b32,6.08751398977,5.99656449049,0.0766404846217,7,4,ok,
candidate_novec,fft,complex64,16384,64,fft_complex64_n16384_b64,14.5618800307,13.7906799791,0.771200051531,7,1,ok,
candidate_novec,fft,complex64,16384,256,fft_complex64_n16384_b256,64.168576966,62.9784240155,0.839847023599,7,1,ok,
candidate_novec,fft,complex64,32768,1,fft_complex64_n32768_b1,0.450654488685,0.446957113698,0.00338632678396,7,43,ok,
candidate_novec,fft,complex64,32768,2,fft_complex64_n32768_b2,0.912199183156,0.900582045274,0.0054469988258,7,22,ok,
candidate_novec,fft,complex64,32768,4,fft_complex64_n32768_b4,1.79069799924,1.75175836921,0.0141977507155,7,16,ok,
candidate_novec,fft,complex64,32768,8,fft_complex64_n32768_b8,3.54471625178,3.51744538057,0.0272708712146,7,8,ok,
candidate_novec,fft,complex64,32768,16,fft_complex64_n32768_b16,7.17908475781,7.05521600321,0.0651339942124,7,4,ok,
candidate_novec,fft,complex64,32768,32,fft_complex64_n32768_b32,17.7745179972,16.1402070662,0.975833041593,7,1,ok,
candidate_novec,fft,complex64,32768,64,fft_complex64_n32768_b64,35.9497959726,35.7416269835,0.208168989047,7,1,ok,
candidate_novec,fft,complex64,32768,256,fft_complex64_n32768_b256,142.309000948,141.714922036,0.336297089234,7,1,ok,
candidate_novec,fft,complex64,65536,1,fft_complex64_n65536_b1,0.96860260237,0.958189100493,0.00405760365538,7,20,ok,
candidate_novec,fft,complex64,65536,2,fft_complex64_n65536_b2,1.90394232826,1.89090874046,0.00448980523894,7,15,ok,
candidate_novec,fft,complex64,65536,4,fft_complex64_n65536_b4,3.82566328959,3.81641457456,0.0092487150271,7,7,ok,
candidate_novec,fft,complex64,65536,8,fft_complex64_n65536_b8,7.87398269555,7.72282698502,0.0965037227919,7,3,ok,
candidate_novec,fft,complex64,65536,16,fft_complex64_n65536_b16,19.0971590346,17.9406889947,1.15647003986,7,1,ok,
candidate_novec,fft,complex64,65536,32,fft_complex64_n65536_b32,40.3333508875,39.180467953,0.344523927197,7,1,ok,
candidate_novec,fft,complex64,65536,64,fft_complex64_n65536_b64,78.3194690011,78.0450460734,0.27442292776,7,1,ok,
candidate_novec,fft,complex64,65536,256,fft_complex64_n65536_b256,302.600058028,300.8278989,1.77215912845,7,1,ok,
candidate_novec,fft,complex128,2048,1,fft_complex128_n2048_b1,0.0153466135883,0.0152711195223,3.85699353739e-05,9,779,ok,
candidate_novec,fft,complex128,2048,2,fft_complex128_n2048_b2,0.0239306114177,0.0238846993385,2.03215529689e-06,9,592,ok,
candidate_novec,fft,complex128,2048,4,fft_complex128_n2048_b4,0.0408576900372,0.0406997452956,0.000151385320351,9,200,ok,
candidate_novec,fft,complex128,2048,8,fft_complex128_n2048_b8,0.0754561403301,0.0752789649414,8.79151048139e-05,9,200,ok,
candidate_novec,fft,complex128,2048,16,fft_complex128_n2048_b16,0.144821492275,0.143612076779,0.000194507615211,9,130,ok,
candidate_novec,fft,complex128,2048,32,fft_complex128_n2048_b32,0.284240442424,0.283520720105,0.000323987264624,9,68,ok,
candidate_novec,fft,complex128,2048,64,fft_complex128_n2048_b64,0.578757666517,0.56614446609,0.0120111003829,9,30,ok,
candidate_novec,fft,complex128,2048,256,fft_complex128_n2048_b256,2.26290223117,2.24804838833,0.0136446906254,7,13,ok,
candidate_novec,fft,complex128,3072,1,fft_complex128_n3072_b1,0.0217213496917,0.021664406758,4.16122147035e-05,9,632,ok,
candidate_novec,fft,complex128,3072,2,fft_complex128_n3072_b2,0.0350528996205,0.03484150453,0.000211395090446,9,200,ok,
candidate_novec,fft,complex128,3072,4,fft_complex128_n3072_b4,0.0620953948237,0.0620206049643,4.62849857286e-05,9,200,ok,
candidate_novec,fft,complex128,3072,8,fft_complex128_n3072_b8,0.114847833007,0.114545891136,0.000109465862357,9,174,ok,
candidate_novec,fft,complex128,3072,16,fft_complex128_n3072_b16,0.225982528405,0.224021276802,0.00110193123591,9,87,ok,
candidate_novec,fft,complex128,3072,32,fft_complex128_n3072_b32,0.44177119853,0.440766332516,0.000337969201307,9,30,ok,
candidate_novec,fft,complex128,3072,64,fft_complex128_n3072_b64,0.873240867319,0.871432463949,0.000898664196332,9,30,ok,
candidate_novec,fft,complex128,3072,256,fft_complex128_n3072_b256,3.72934462212,3.69372949353,0.0210792495636,7,8,ok,
candidate_novec,fft,complex128,3584,1,fft_complex128_n3584_b1,0.0244770869893,0.0244351648825,1.14398694709e-05,9,564,ok,
candidate_novec,fft,complex128,3584,2,fft_complex128_n3584_b2,0.0394439999945,0.0392674701288,0.000130895059556,9,200,ok,
candidate_novec,fft,complex128,3584,4,fft_complex128_n3584_b4,0.0701608048985,0.0700762501219,2.24949326366e-05,9,200,ok,
candidate_novec,fft,complex128,3584,8,fft_complex128_n3584_b8,0.132120072546,0.131747191957,0.000141523254184,9,151,ok,
candidate_novec,fft,complex128,3584,16,fft_complex128_n3584_b16,0.257201545702,0.256290116541,0.000166144318782,9,77,ok,
candidate_novec,fft,complex128,3584,32,fft_complex128_n3584_b32,0.503472064156,0.502909731586,0.000562332570553,9,30,ok,
candidate_novec,fft,complex128,3584,64,fft_complex128_n3584_b64,0.998523451613,0.994200862398,0.00305255023955,9,29,ok,
candidate_novec,fft,complex128,3584,256,fft_complex128_n3584_b256,4.40486132478,4.35619048464,0.0217286481832,7,6,ok,
candidate_novec,fft,complex128,4095,1,fft_complex128_n4095_b1,0.0397869519013,0.0395702037211,0.000128594738967,9,353,ok,
candidate_novec,fft,complex128,4095,2,fft_complex128_n4095_b2,0.0696671300102,0.0690079003107,0.000234490144067,9,200,ok,
candidate_novec,fft,complex128,4095,4,fft_complex128_n4095_b4,0.126587582949,0.126466781904,5.35003029001e-05,9,156,ok,
candidate_novec,fft,complex128,4095,8,fft_complex128_n4095_b8,0.242504390615,0.241775463176,0.000600024444483,9,82,ok,
candidate_novec,fft,complex128,4095,16,fft_complex128_n4095_b16,0.471039048751,0.470624715533,0.000414333217556,9,42,ok,
candidate_novec,fft,complex128,4095,32,fft_complex128_n4095_b32,0.930909866778,0.928543434323,0.000689267956962,9,30,ok,
candidate_novec,fft,complex128,4095,64,fft_complex128_n4095_b64,1.84755294322,1.84512019041,0.00199944770429,9,16,ok,
candidate_novec,fft,complex128,4095,256,fft_complex128_n4095_b256,8.18444198618,8.06428433862,0.0992253577958,7,3,ok,
candidate_novec,fft,complex128,4096,1,fft_complex128_n4096_b1,0.0296768159547,0.0296270126033,3.7813791031e-05,9,478,ok,
candidate_novec,fft,complex128,4096,2,fft_complex128_n4096_b2,0.0491455150768,0.0489609199576,0.000123630161397,9,200,ok,
candidate_novec,fft,complex128,4096,4,fft_complex128_n4096_b4,0.0903112802189,0.0887823250378,0.00035916978959,9,200,ok,
candidate_novec,fft,complex128,4096,8,fft_complex128_n4096_b8,0.170616964169,0.169557669973,0.000892821325189,9,112,ok,
candidate_novec,fft,complex128,4096,16,fft_complex128_n4096_b16,0.336676895243,0.331444492188,0.00177980645707,9,57,ok,
candidate_novec,fft,complex128,4096,32,fft_complex128_n4096_b32,0.652446597815,0.650647569758,0.00179902805636,9,30,ok,
candidate_novec,fft,complex128,4096,64,fft_complex128_n4096_b64,1.30196712891,1.29389030474,0.00341813100259,9,23,ok,
candidate_novec,fft,complex128,4096,256,fft_complex128_n4096_b256,5.6642223848,5.5984276114,0.017039780505,7,5,ok,
candidate_novec,fft,complex128,4097,1,fft_complex128_n4097_b1,0.112950203529,0.112748604679,0.000191174263438,7,172,ok,
candidate_novec,fft,complex128,4097,2,fft_complex128_n4097_b2,0.212946340709,0.212529712565,0.000388393713597,7,94,ok,
candidate_novec,fft,complex128,4097,4,fft_complex128_n4097_b4,0.407549958885,0.406799776175,0.000750182709676,7,49,ok,
candidate_novec,fft,complex128,4097,8,fft_complex128_n4097_b8,0.814231517725,0.806295517832,0.00737975351512,7,25,ok,
candidate_novec,fft,complex128,4097,16,fft_complex128_n4097_b16,1.61209628115,1.60664772072,0.00544856043739,7,18,ok,
candidate_novec,fft,complex128,4097,32,fft_complex128_n4097_b32,3.22282333703,3.19065210513,0.0172534491867,7,9,ok,
candidate_novec,fft,complex128,4097,64,fft_complex128_n4097_b64,6.46209873958,6.37903850293,0.0517092412338,7,4,ok,
candidate_novec,fft,complex128,4097,256,fft_complex128_n4097_b256,25.9372099536,25.7755190833,0.0717638758942,7,1,ok,
candidate_novec,fft,complex128,4608,1,fft_complex128_n4608_b1,0.0302414200269,0.0301454350119,9.59850149229e-05,7,200,ok,
candidate_novec,fft,complex128,4608,2,fft_complex128_n4608_b2,0.0505136197899,0.0503200048115,9.88342799246e-05,7,200,ok,
candidate_novec,fft,complex128,4608,4,fft_complex128_n4608_b4,0.0914678897243,0.0905003352091,0.000670399749652,7,200,ok,
candidate_novec,fft,complex128,4608,8,fft_complex128_n4608_b8,0.179417816342,0.172227719112,0.000904236609737,7,114,ok,
candidate_novec,fft,complex128,4608,16,fft_complex128_n4608_b16,0.338100300481,0.33524230045,0.00168646608169,7,30,ok,
candidate_novec,fft,complex128,4608,32,fft_complex128_n4608_b32,0.665195065085,0.659659066393,0.00235873352115,7,30,ok,
candidate_novec,fft,complex128,4608,64,fft_complex128_n4608_b64,1.30510509056,1.29782831804,0.00279568220404,7,22,ok,
candidate_novec,fft,complex128,4608,256,fft_complex128_n4608_b256,5.89969397988,5.81150720827,0.0712651992217,7,5,ok,
candidate_novec,fft,complex128,8192,1,fft_complex128_n8192_b1,0.0585816800594,0.0583694851957,6.43148086965e-05,7,200,ok,
candidate_novec,fft,complex128,8192,2,fft_complex128_n8192_b2,0.101787732524,0.101362898913,0.00027986890119,7,198,ok,
candidate_novec,fft,complex128,8192,4,fft_complex128_n8192_b4,0.192320748522,0.190128893275,0.000416592794281,7,103,ok,
candidate_novec,fft,complex128,8192,8,fft_complex128_n8192_b8,0.354839272966,0.353849617849,0.000684562308544,7,55,ok,
candidate_novec,fft,complex128,8192,16,fft_complex128_n8192_b16,0.696627430928,0.69284333537,0.00103826945027,7,30,ok,
candidate_novec,fft,complex128,8192,32,fft_complex128_n8192_b32,1.37849723632,1.37416586014,0.00167833197684,7,21,ok,
candidate_novec,fft,complex128,8192,64,fft_complex128_n8192_b64,2.78801280074,2.73670799797,0.00587200047448,7,10,ok,
candidate_novec,fft,complex128,8192,256,fft_complex128_n8192_b256,14.2265039613,13.9962940011,0.107896514237,7,2,ok,
candidate_novec,fft,complex128,16384,1,fft_complex128_n16384_b1,0.202736288031,0.199321040538,0.00340409202444,7,97,ok,
candidate_novec,fft,complex128,16384,2,fft_complex128_n16384_b2,0.392658692994,0.385435203052,0.00214071621244,7,49,ok,
candidate_novec,fft,complex128,16384,4,fft_complex128_n16384_b4,0.763278799132,0.752452202141,0.00648932065815,7,25,ok,
candidate_novec,fft,complex128,16384,8,fft_complex128_n16384_b8,1.46173271129,1.44998409364,0.00857313474019,7,21,ok,
candidate_novec,fft,complex128,16384,16,fft_complex128_n16384_b16,2.82644350082,2.80398359755,0.0185287091881,7,10,ok,
candidate_novec,fft,complex128,16384,32,fft_complex128_n16384_b32,6.40144501813,5.73760119732,0.139920972288,7,5,ok,
candidate_novec,fft,complex128,16384,64,fft_complex128_n16384_b64,12.0973380399,11.8590985076,0.0923424377106,7,2,ok,
candidate_novec,fft,complex128,16384,256,fft_complex128_n16384_b256,51.0974699864,50.7954159984,0.224179006182,7,1,ok,
candidate_novec,fft,complex128,32768,1,fft_complex128_n32768_b1,0.446545732457,0.44036982865,0.00398963542155,7,41,ok,
candidate_novec,fft,complex128,32768,2,fft_complex128_n32768_b2,0.877786666111,0.853122478085,0.0175814244098,7,21,ok,
candidate_novec,fft,complex128,32768,4,fft_complex128_n32768_b4,1.73994105878,1.71142722118,0.0274640624411,7,18,ok,
candidate_novec,fft,complex128,32768,8,fft_complex128_n32768_b8,3.43828125915,3.34056500287,0.078102122643,7,8,ok,
candidate_novec,fft,complex128,32768,16,fft_complex128_n32768_b16,6.86823448632,6.79261074401,0.0432232336607,7,4,ok,
candidate_novec,fft,complex128,32768,32,fft_complex128_n32768_b32,14.2227165052,14.0333830495,0.0381909776479,7,2,ok,
candidate_novec,fft,complex128,32768,64,fft_complex128_n32768_b64,30.2039169474,30.1129770232,0.0909399241209,7,1,ok,
candidate_novec,fft,complex128,32768,256,fft_complex128_n32768_b256,117.740064976,117.049816065,0.344023108482,7,1,ok,
candidate_novec,fft,complex128,65536,1,fft_complex128_n65536_b1,0.902458853532,0.899527715297,0.00293113823448,7,21,ok,
candidate_novec,fft,complex128,65536,2,fft_complex128_n65536_b2,1.93715705973,1.86387587746,0.0120838158182,7,16,ok,
candidate_novec,fft,complex128,65536,4,fft_complex128_n65536_b4,3.63689074584,3.60355862358,0.0182063668035,7,8,ok,
candidate_novec,fft,complex128,65536,8,fft_complex128_n65536_b8,7.4051192496,7.34058651142,0.064532738179,7,4,ok,
candidate_novec,fft,complex128,65536,16,fft_complex128_n65536_b16,15.8755730372,15.7206939766,0.114775029942,7,1,ok,
candidate_novec,fft,complex128,65536,32,fft_complex128_n65536_b32,34.0473040706,33.4320350084,0.241189962253,7,1,ok,
candidate_novec,fft,complex128,65536,64,fft_complex128_n65536_b64,65.635825973,65.0166990235,0.482429983094,7,1,ok,
candidate_novec,fft,complex128,65536,256,fft_complex128_n65536_b256,261.624558014,260.028508026,0.766730983742,7,1,ok,
candidate_novec,ifft,complex64,2048,1,ifft_complex64_n2048_b1,0.0163743584962,0.0162883602955,1.85748511875e-05,9,555,ok,
candidate_novec,ifft,complex64,2048,2,ifft_complex64_n2048_b2,0.0250876824249,0.025020184269,3.40601915398e-05,9,548,ok,
candidate_novec,ifft,complex64,2048,4,ifft_complex64_n2048_b4,0.0424484099494,0.04210156505,0.000121080083773,9,200,ok,
candidate_novec,ifft,complex64,2048,8,ifft_complex64_n2048_b8,0.0761250400683,0.0760295649525,9.54751158133e-05,9,200,ok,
candidate_novec,ifft,complex64,2048,16,ifft_complex64_n2048_b16,0.144740405486,0.143953941533,0.000154348157778,9,138,ok,
candidate_novec,ifft,complex64,2048,32,ifft_complex64_n2048_b32,0.285044385652,0.283884785936,0.000555028340646,9,70,ok,
candidate_novec,ifft,complex64,2048,64,ifft_complex64_n2048_b64,0.559587865913,0.558213299761,0.00121326496204,9,30,ok,
candidate_novec,ifft,complex64,2048,256,ifft_complex64_n2048_b256,2.20275684618,2.20042245928,0.00189738169026,7,13,ok,
candidate_novec,ifft,complex64,3072,1,ifft_complex64_n3072_b1,0.0240321278931,0.0236318615095,0.000111088039553,9,477,ok,
candidate_novec,ifft,complex64,3072,2,ifft_complex64_n3072_b2,0.0417674396886,0.0414461398032,0.000157740432769,9,200,ok,
candidate_novec,ifft,complex64,3072,4,ifft_complex64_n3072_b4,0.073172225384,0.0729758600937,0.000132545246743,9,200,ok,
candidate_novec,ifft,complex64,3072,8,ifft_complex64_n3072_b8,0.136819244786,0.135673258056,0.000156370200008,9,143,ok,
candidate_novec,ifft,complex64,3072,16,ifft_complex64_n3072_b16,0.267903067209,0.26743191867,0.000170987363703,9,74,ok,
candidate_novec,ifft,complex64,3072,32,ifft_complex64_n3072_b32,0.52521036705,0.523447734304,0.00090766698122,9,30,ok,
candidate_novec,ifft,complex64,3072,64,ifft_complex64_n3072_b64,1.03890735772,1.03777021286,0.0010265378348,9,28,ok,
candidate_novec,ifft,complex64,3072,256,ifft_complex64_n3072_b256,4.15756157599,4.12378142521,0.00924442429096,7,7,ok,
candidate_novec,ifft,complex64,3584,1,ifft_complex64_n3584_b1,0.0262307839074,0.0261682665718,5.5565751088e-05,9,454,ok,
candidate_novec,ifft,complex64,3584,2,ifft_complex64_n3584_b2,0.0464019947685,0.0462593801785,3.57150565833e-05,9,200,ok,
candidate_novec,ifft,complex64,3584,4,ifft_complex64_n3584_b4,0.0821836054092,0.0815781252459,0.000123330391943,9,200,ok,
candidate_novec,ifft,complex64,3584,8,ifft_complex64_n3584_b8,0.153649456676,0.152809355884,0.000191745059493,9,129,ok,
candidate_novec,ifft,complex64,3584,16,ifft_complex64_n3584_b16,0.301831122488,0.296584400348,0.00232186060972,9,65,ok,
candidate_novec,ifft,complex64,3584,32,ifft_complex64_n3584_b32,0.587374065071,0.586778969349,0.000386731699109,9,30,ok,
candidate_novec,ifft,complex64,3584,64,ifft_complex64_n3584_b64,1.16163259838,1.15902656224,0.00150479841977,9,25,ok,
candidate_novec,ifft,complex64,3584,256,ifft_complex64_n3584_b256,4.71467499544,4.68953966629,0.0130343444956,7,6,ok,
candidate_novec,ifft,complex64,4095,1,ifft_complex64_n4095_b1,0.0493953659533,0.046959100378,0.000795589259534,9,268,ok,
candidate_novec,ifft,complex64,4095,2,ifft_complex64_n4095_b2,0.0843213003827,0.0840343046002,0.000195609754883,9,200,ok,
candidate_novec,ifft,complex64,4095,4,ifft_complex64_n4095_b4,0.156119520668,0.155736247755,0.000365966476869,9,121,ok,
candidate_novec,ifft,complex64,4095,8,ifft_complex64_n4095_b8,0.301343893322,0.298701075019,0.0011105757122,9,66,ok,
candidate_novec,ifft,complex64,4095,16,ifft_complex64_n4095_b16,0.588974573254,0.58688793797,0.0010033907143,9,33,ok,
candidate_novec,ifft,complex64,4095,32,ifft_complex64_n4095_b32,1.17224039976,1.16386275738,0.00800012145191,9,25,ok,
candidate_novec,ifft,complex64,4095,64,ifft_complex64_n4095_b64,2.31172983573,2.3079936703,0.00184758876761,9,12,ok,
candidate_novec,ifft,complex64,4095,256,ifft_complex64_n4095_b256,9.42700201025,9.39720667278,0.0215633384263,7,3,ok,
candidate_novec,ifft,complex64,4096,1,ifft_complex64_n4096_b1,0.0293128898765,0.0291887032433,5.50673249063e-05,9,445,ok,
candidate_novec,ifft,complex64,4096,2,ifft_complex64_n4096_b2,0.049913849798,0.0497007049853,0.000129540567286,9,200,ok,
candidate_novec,ifft,complex64,4096,4,ifft_complex64_n4096_b4,0.088476150413,0.0883062853245,0.00010910036508,9,200,ok,
candidate_novec,ifft,complex64,4096,8,ifft_complex64_n4096_b8,0.166765216272,0.165295725067,0.000788392693115,9,120,ok,
candidate_novec,ifft,complex64,4096,16,ifft_complex64_n4096_b16,0.324262067344,0.322886119139,0.000588069038497,9,59,ok,
candidate_novec,ifft,complex64,4096,32,ifft_complex64_n4096_b32,0.646044298386,0.638831499964,0.00239779862265,9,30,ok,
candidate_novec,ifft,complex64,4096,64,ifft_complex64_n4096_b64,1.26105421425,1.25472282525,0.00487299858714,9,23,ok,
candidate_novec,ifft,complex64,4096,256,ifft_complex64_n4096_b256,5.0155649893,4.98634660617,0.021586404182,7,5,ok,
candidate_novec,ifft,complex64,4097,1,ifft_complex64_n4097_b1,0.144906863082,0.144584080948,0.000293208887019,7,124,ok,
candidate_novec,ifft,complex64,4097,2,ifft_complex64_n4097_b2,0.273556610207,0.271521985673,0.0014449324226,7,72,ok,
candidate_novec,ifft,complex64,4097,4,ifft_complex64_n4097_b4,0.533936973158,0.532116838479,0.000474675608849,7,37,ok,
candidate_novec,ifft,complex64,4097,8,ifft_complex64_n4097_b8,1.05417999698,1.05321766912,0.000654616289669,7,18,ok,
candidate_novec,ifft,complex64,4097,16,ifft_complex64_n4097_b16,2.09109093495,2.08386749728,0.0040475611708,7,14,ok,
candidate_novec,ifft,complex64,4097,32,ifft_complex64_n4097_b32,4.16939657381,4.1287464389,0.0222615698086,7,7,ok,
candidate_novec,ifft,complex64,4097,64,ifft_complex64_n4097_b64,8.26365000103,8.25095265949,0.00846898183227,7,3,ok,
candidate_novec,ifft,complex64,4097,256,ifft_complex64_n4097_b256,33.2552850014,33.1454999978,0.0973220448941,7,1,ok,
candidate_novec,ifft,complex64,4608,1,ifft_complex64_n4608_b1,0.0339559052372,0.0337171595311,0.00010539428331,7,200,ok,
candidate_novec,ifft,complex64,4608,2,ifft_complex64_n4608_b2,0.0617870199494,0.0613751501078,0.000118325115182,7,200,ok,
candidate_novec,ifft,complex64,4608,4,ifft_complex64_n4608_b4,0.11210252264,0.11172253976,0.000216191100857,7,178,ok,
candidate_novec,ifft,complex64,4608,8,ifft_complex64_n4608_b8,0.209175361112,0.208824808571,0.000350552541699,7,94,ok,
candidate_novec,ifft,complex64,4608,16,ifft_complex64_n4608_b16,0.405756298763,0.403848399098,0.000845931936055,7,30,ok,
candidate_novec,ifft,complex64,4608,32,ifft_complex64_n4608_b32,0.801870269546,0.799829799992,0.00204046955332,7,30,ok,
candidate_novec,ifft,complex64,4608,64,ifft_complex64_n4608_b64,1.58516427554,1.58037588699,0.00138872484159,7,18,ok,
candidate_novec,ifft,complex64,4608,256,ifft_complex64_n4608_b256,6.50372980163,6.44307660405,0.0334586016834,7,5,ok,
candidate_novec,ifft,complex64,8192,1,ifft_complex64_n8192_b1,0.0567479099846,0.0565167749301,0.000135704758577,7,200,ok,
candidate_novec,ifft,complex64,8192,2,ifft_complex64_n8192_b2,0.10942397797,0.109112604474,0.000105226296658,7,177,ok,
candidate_novec,ifft,complex64,8192,4,ifft_complex64_n8192_b4,0.199781582827,0.199207375166,0.000244730472332,7,96,ok,
candidate_novec,ifft,complex64,8192,8,ifft_complex64_n8192_b8,0.38256046201,0.381986133736,0.000574328273965,7,52,ok,
candidate_novec,ifft,complex64,8192,16,ifft_complex64_n8192_b16,0.7451319679,0.740231166128,0.00284099951386,7,30,ok,
candidate_novec,ifft,complex64,8192,32,ifft_complex64_n8192_b32,1.47223394597,1.46758930059,0.00464464537799,7,20,ok,
candidate_novec,ifft,complex64,8192,64,ifft_complex64_n8192_b64,2.91874655522,2.91228232284,0.00234988207618,7,9,ok,
candidate_novec,ifft,complex64,8192,256,ifft_complex64_n8192_b256,12.3998899944,12.3711193446,0.0265760269637,7,3,ok,
candidate_novec,ifft,complex64,16384,1,ifft_complex64_n16384_b1,0.109518960376,0.10926667785,0.000105785353288,7,177,ok,
candidate_novec,ifft,complex64,16384,2,ifft_complex64_n16384_b2,0.269366529704,0.268888072709,0.000478456994253,7,70,ok,
candidate_novec,ifft,complex64,16384,4,ifft_complex64_n16384_b4,0.531287675069,0.529100375904,0.000756243369668,7,37,ok,
candidate_novec,ifft,complex64,16384,8,ifft_complex64_n16384_b8,1.05405851974,1.05286292577,0.00065159380298,7,27,ok,
candidate_novec,ifft,complex64,16384,16,ifft_complex64_n16384_b16,2.09848835532,2.09273620775,0.00395813757288,7,14,ok,
candidate_novec,ifft,complex64,16384,32,ifft_complex64_n16384_b32,4.21953015029,4.20092400496,0.00566771320466,7,7,ok,
candidate_novec,ifft,complex64,16384,64,ifft_complex64_n16384_b64,8.54795736571,8.45522433519,0.0684643552328,7,3,ok,
candidate_novec,ifft,complex64,16384,256,ifft_complex64_n16384_b256,36.1852549249,36.1142830225,0.06407010369,7,1,ok,
candidate_novec,ifft,complex64,32768,1,ifft_complex64_n32768_b1,0.223907511099,0.222986250513,0.000667374644598,7,88,ok,
candidate_novec,ifft,complex64,32768,2,ifft_complex64_n32768_b2,0.552747916016,0.551443000505,0.00130491551115,7,36,ok,
candidate_novec,ifft,complex64,32768,4,ifft_complex64_n32768_b4,1.09715748113,1.09273403521,0.00383899788614,7,27,ok,
candidate_novec,ifft,complex64,32768,8,ifft_complex64_n32768_b8,2.17426823488,2.16826315647,0.00504484006132,7,13,ok,
candidate_novec,ifft,complex64,32768,16,ifft_complex64_n32768_b16,4.36529750004,4.35003415138,0.00640699484696,7,6,ok,
candidate_novec,ifft,complex64,32768,32,ifft_complex64_n32768_b32,8.88921801622,8.8323620148,0.0204983322571,7,3,ok,
candidate_novec,ifft,complex64,32768,64,ifft_complex64_n32768_b64,18.0111704976,17.899181461,0.0699210213497,7,2,ok,
candidate_novec,ifft,complex64,32768,256,ifft_complex64_n32768_b256,75.0754110049,74.6114349458,0.0949569512159,7,1,ok,
candidate_novec,ifft,complex64,65536,1,ifft_complex64_n65536_b1,0.467728696179,0.466512954729,0.00121574144984,7,43,ok,
candidate_novec,ifft,complex64,65536,2,ifft_complex64_n65536_b2,1.16230428219,1.15670020226,0.00287455506623,7,25,ok,
candidate_novec,ifft,complex64,65536,4,ifft_complex64_n65536_b4,2.28627738901,2.2788019224,0.00199370193653,7,13,ok,
candidate_novec,ifft,complex64,65536,8,ifft_complex64_n65536_b8,4.5704623335,4.54940984491,0.0210143237685,7,6,ok,
candidate_novec,ifft,complex64,65536,16,ifft_complex64_n65536_b16,9.38482330336,9.30521466459,0.0611506402493,7,3,ok,
candidate_novec,ifft,complex64,65536,32,ifft_complex64_n65536_b32,19.1511839512,19.0481919562,0.0514554558322,7,2,ok,
candidate_novec,ifft,complex64,65536,64,ifft_complex64_n65536_b64,39.5548869856,39.4116200041,0.0627869740129,7,1,ok,
candidate_novec,ifft,complex64,65536,256,ifft_complex64_n65536_b256,155.038479017,153.935209964,0.305699999444,7,1,ok,
candidate_novec,ifft,complex128,2048,1,ifft_complex128_n2048_b1,0.0165952150851,0.0164989743622,2.46666428266e-05,9,660,ok,
candidate_novec,ifft,complex128,2048,2,ifft_complex128_n2048_b2,0.025609937998,0.0254528555062,4.42308330066e-05,9,533,ok,
candidate_novec,ifft,complex128,2048,4,ifft_complex128_n2048_b4,0.0432730501052,0.043147164979,0.0001096050255,9,200,ok,
candidate_novec,ifft,complex128,2048,8,ifft_complex128_n2048_b8,0.0787289050641,0.0784286949784,0.000256530474871,9,200,ok,
candidate_novec,ifft,complex128,2048,16,ifft_complex128_n2048_b16,0.149941787999,0.149750075776,7.61215095267e-05,9,132,ok,
candidate_novec,ifft,complex128,2048,32,ifft_complex128_n2048_b32,0.293695103766,0.292396268446,0.000650476692105,9,67,ok,
candidate_novec,ifft,complex128,2048,64,ifft_complex128_n2048_b64,0.577779164693,0.573819767063,0.00118186386923,9,30,ok,
candidate_novec,ifft,complex128,2048,256,ifft_complex128_n2048_b256,2.33948984756,2.29574892168,0.0110306114388,7,13,ok,
candidate_novec,ifft,complex128,3072,1,ifft_complex128_n3072_b1,0.0236032928535,0.0235205562624,2.5263537154e-05,9,577,ok,
candidate_novec,ifft,complex128,3072,2,ifft_complex128_n3072_b2,0.038266304764,0.0380820548162,0.000125729711726,9,200,ok,
candidate_novec,ifft,complex128,3072,4,ifft_complex128_n3072_b4,0.0671628047712,0.0670273549622,9.55245923251e-05,9,200,ok,
candidate_novec,ifft,complex128,3072,8,ifft_complex128_n3072_b8,0.123903093603,0.123735738374,0.000131784488241,9,149,ok,
candidate_novec,ifft,complex128,3072,16,ifft_complex128_n3072_b16,0.243443062936,0.242094538407,0.000625425309408,9,80,ok,
candidate_novec,ifft,complex128,3072,32,ifft_complex128_n3072_b32,0.478111401511,0.474807231997,0.00269069957236,9,30,ok,
candidate_novec,ifft,complex128,3072,64,ifft_complex128_n3072_b64,0.943895464297,0.93768320124,0.00159563108658,9,30,ok,
candidate_novec,ifft,complex128,3072,256,ifft_complex128_n3072_b256,4.22406442729,4.18304500636,0.0278994307986,7,7,ok,
candidate_novec,ifft,complex128,3584,1,ifft_complex128_n3584_b1,0.0268235022237,0.0262222961339,0.000472654350899,9,486,ok,
candidate_novec,ifft,complex128,3584,2,ifft_complex128_n3584_b2,0.042427170556,0.0418224401074,0.00047619047109,9,200,ok,
candidate_novec,ifft,complex128,3584,4,ifft_complex128_n3584_b4,0.0742213398917,0.0738014001399,0.000277665094472,9,200,ok,
candidate_novec,ifft,complex128,3584,8,ifft_complex128_n3584_b8,0.139525630809,0.138681078105,9.32982112182e-05,9,141,ok,
candidate_novec,ifft,complex128,3584,16,ifft_complex128_n3584_b16,0.271753888433,0.270219914891,0.00100130785886,9,71,ok,
candidate_novec,ifft,complex128,3584,32,ifft_complex128_n3584_b32,0.533004900596,0.53002666682,0.00195066677406,9,30,ok,
candidate_novec,ifft,complex128,3584,64,ifft_complex128_n3584_b64,1.05067253545,1.04874071466,0.00175364298879,9,28,ok,
candidate_novec,ifft,complex128,3584,256,ifft_complex128_n3584_b256,4.58545866422,4.53720183577,0.0218441709876,7,6,ok,
candidate_novec,ifft,complex128,4095,1,ifft_complex128_n4095_b1,0.0427779330053,0.0426582198673,3.04073854616e-05,9,314,ok,
candidate_novec,ifft,complex128,4095,2,ifft_complex128_n4095_b2,0.074330290081,0.0738749897573,9.48802335188e-05,9,200,ok,
candidate_novec,ifft,complex128,4095,4,ifft_complex128_n4095_b4,0.136544958464,0.13605431766,9.01030505012e-05,9,145,ok,
candidate_novec,ifft,complex128,4095,8,ifft_complex128_n4095_b8,0.261302365657,0.260558946851,0.000743418806107,9,74,ok,
candidate_novec,ifft,complex128,4095,16,ifft_complex128_n4095_b16,0.507927594102,0.506529864553,0.00139772954925,9,37,ok,
candidate_novec,ifft,complex128,4095,32,ifft_complex128_n4095_b32,1.00469079415,0.994223655715,0.00211948143511,9,29,ok,
candidate_novec,ifft,complex128,4095,64,ifft_complex128_n4095_b64,1.99754985182,1.98372400233,0.011658994481,9,14,ok,
candidate_novec,ifft,complex128,4095,256,ifft_complex128_n4095_b256,8.56240799961,8.51533336875,0.0420816941187,7,3,ok,
candidate_novec,ifft,complex128,4096,1,ifft_complex128_n4096_b1,0.0307511187455,0.0305373118272,7.88698144123e-05,9,446,ok,
candidate_novec,ifft,complex128,4096,2,ifft_complex128_n4096_b2,0.0500182446558,0.0498543353751,6.15644967183e-05,9,200,ok,
candidate_novec,ifft,complex128,4096,4,ifft_complex128_n4096_b4,0.0909580395091,0.0908010953572,0.000138209434226,9,200,ok,
candidate_novec,ifft,complex128,4096,8,ifft_complex128_n4096_b8,0.171377895433,0.170783885232,0.000237279955559,9,114,ok,
candidate_novec,ifft,complex128,4096,16,ifft_complex128_n4096_b16,0.338210999275,0.337062293166,0.000242344585472,9,58,ok,
candidate_novec,ifft,complex128,4096,32,ifft_complex128_n4096_b32,0.66500203684,0.661880868332,0.00147473377486,9,30,ok,
candidate_novec,ifft,complex128,4096,64,ifft_complex128_n4096_b64,1.31768081866,1.31375577026,0.00392504840751,9,22,ok,
candidate_novec,ifft,complex128,4096,256,ifft_complex128_n4096_b256,5.83380497992,5.73773561046,0.0433530192822,7,5,ok,
candidate_novec,ifft,complex128,4097,1,ifft_complex128_n4097_b1,0.115191932965,0.113954715374,0.000840546139939,7,165,ok,
candidate_novec,ifft,complex128,4097,2,ifft_complex128_n4097_b2,0.217808670221,0.217185857204,0.000622813016749,7,91,ok,
candidate_novec,ifft,complex128,4097,4,ifft_complex128_n4097_b4,0.42058489325,0.41412689198,0.00181210603803,7,47,ok,
candidate_novec,ifft,complex128,4097,8,ifft_complex128_n4097_b8,0.824352163666,0.816314670374,0.00317845357737,7,24,ok,
candidate_novec,ifft,complex128,4097,16,ifft_complex128_n4097_b16,1.6314885579,1.62138916656,0.00517299890311,7,18,ok,
candidate_novec,ifft,complex128,4097,32,ifft_complex128_n4097_b32,3.2224470051,3.19590078046,0.0238011125475,7,9,ok,
candidate_novec,ifft,complex128,4097,64,ifft_complex128_n4097_b64,6.38125251862,6.37537174043,0.00588077818975,7,4,ok,
candidate_novec,ifft,complex128,4097,256,ifft_complex128_n4097_b256,26.2876549968,26.1158440262,0.169386970811,7,1,ok,
candidate_novec,ifft,complex128,4608,1,ifft_complex128_n4608_b1,0.0353852700209,0.0348428101279,0.000148424878716,7,200,ok,
candidate_novec,ifft,complex128,4608,2,ifft_complex128_n4608_b2,0.0574828346726,0.0569170247763,0.000194869935513,7,200,ok,
candidate_novec,ifft,complex128,4608,4,ifft_complex128_n4608_b4,0.103576120394,0.103079219573,0.000116293420966,7,191,ok,
candidate_novec,ifft,complex128,4608,8,ifft_complex128_n4608_b8,0.196363081994,0.19554993879,0.000609510236097,7,98,ok,
candidate_novec,ifft,complex128,4608,16,ifft_complex128_n4608_b16,0.384460199469,0.382205331698,0.000732698633025,7,30,ok,
candidate_novec,ifft,complex128,4608,32,ifft_complex128_n4608_b32,0.752747202447,0.750746469324,0.000999200468262,7,30,ok,
candidate_novec,ifft,complex128,4608,64,ifft_complex128_n4608_b64,1.4807849473,1.47899473699,0.00179021031057,7,19,ok,
candidate_novec,ifft,complex128,4608,256,ifft_complex128_n4608_b256,6.55591320246,6.49159520399,0.0291923992336,7,5,ok,
candidate_novec,ifft,complex128,8192,1,ifft_complex128_n8192_b1,0.0611730199307,0.0607715704245,0.000220764777623,7,200,ok,
candidate_novec,ifft,complex128,8192,2,ifft_complex128_n8192_b2,0.105027128061,0.104378903892,0.000165282987696,7,187,ok,
candidate_novec,ifft,complex128,8192,4,ifft_complex128_n8192_b4,0.197339787694,0.195499888217,0.00179962565502,7,99,ok,
candidate_novec,ifft,complex128,8192,8,ifft_complex128_n8192_b8,0.368805055261,0.363026717063,0.00577833819783,7,53,ok,
candidate_novec,ifft,complex128,8192,16,ifft_complex128_n8192_b16,0.718072797948,0.712256265494,0.00548823348557,7,30,ok,
candidate_novec,ifft,complex128,8192,32,ifft_complex128_n8192_b32,1.41900914189,1.41160337565,0.00683280883268,7,21,ok,
candidate_novec,ifft,complex128,8192,64,ifft_complex128_n8192_b64,2.92820960749,2.85963059869,0.0437487033196,7,10,ok,
candidate_novec,ifft,complex128,8192,256,ifft_complex128_n8192_b256,14.7111085244,14.5709920325,0.0192105071619,7,2,ok,
candidate_novec,ifft,complex128,16384,1,ifft_complex128_n16384_b1,0.186943078149,0.186271538648,0.000455754571686,7,102,ok,
candidate_novec,ifft,complex128,16384,2,ifft_complex128_n16384_b2,0.364086927253,0.363675255159,0.000368873588741,7,55,ok,
candidate_novec,ifft,complex128,16384,4,ifft_complex128_n16384_b4,0.719862666705,0.712220220723,0.000889072436149,7,27,ok,
candidate_novec,ifft,complex128,16384,8,ifft_complex128_n16384_b8,1.43450952046,1.42352419373,0.00345214669194,7,21,ok,
candidate_novec,ifft,complex128,16384,16,ifft_complex128_n16384_b16,2.88477750728,2.85184700042,0.011648691725,7,10,ok,
candidate_novec,ifft,complex128,16384,32,ifft_complex128_n16384_b32,5.82540119067,5.80767418724,0.0149477971718,7,5,ok,
candidate_novec,ifft,complex128,16384,64,ifft_complex128_n16384_b64,12.182006496,12.1056239586,0.0399744603783,7,2,ok,
candidate_novec,ifft,complex128,16384,256,ifft_complex128_n16384_b256,51.6644079471,51.3509829761,0.210213009268,7,1,ok,
candidate_novec,ifft,complex128,32768,1,ifft_complex128_n32768_b1,0.433478304489,0.431628543479,0.00149300119475,7,46,ok,
candidate_novec,ifft,complex128,32768,2,ifft_complex128_n32768_b2,0.87276574366,0.858763480842,0.00498973278572,7,23,ok,
candidate_novec,ifft,complex128,32768,4,ifft_complex128_n32768_b4,1.72558552859,1.69207947329,0.0155137043775,7,17,ok,
candidate_novec,ifft,complex128,32768,8,ifft_complex128_n32768_b8,3.39657462609,3.38411761913,0.0100562610896,7,8,ok,
candidate_novec,ifft,complex128,32768,16,ifft_complex128_n32768_b16,6.98452899815,6.88948424067,0.0136779854074,7,4,ok,
candidate_novec,ifft,complex128,32768,32,ifft_complex128_n32768_b32,14.7094854619,14.5927824778,0.0533600104973,7,2,ok,
candidate_novec,ifft,complex128,32768,64,ifft_complex128_n32768_b64,30.6350520113,30.5253179977,0.0331520568579,7,1,ok,
candidate_novec,ifft,complex128,32768,256,ifft_complex128_n32768_b256,119.795102975,119.413750013,0.381352961995,7,1,ok,
candidate_novec,ifft,complex128,65536,1,ifft_complex128_n65536_b1,0.917415899624,0.911344995811,0.00405614818668,7,21,ok,
candidate_novec,ifft,complex128,65536,2,ifft_complex128_n65536_b2,1.81391449587,1.8059514332,0.00242268288275,7,16,ok,
candidate_novec,ifft,complex128,65536,4,ifft_complex128_n65536_b4,3.72220262943,3.67826299043,0.0436190020991,7,8,ok,
candidate_novec,ifft,complex128,65536,8,ifft_complex128_n65536_b8,7.66140024643,7.57460601744,0.0288184965029,7,4,ok,
candidate_novec,ifft,complex128,65536,16,ifft_complex128_n65536_b16,15.6791460468,15.582465101,0.0966809457168,7,1,ok,
candidate_novec,ifft,complex128,65536,32,ifft_complex128_n65536_b32,33.5440540221,33.4836409893,0.0591910211369,7,1,ok,
candidate_novec,ifft,complex128,65536,64,ifft_complex128_n65536_b64,66.1878070096,65.7925279811,0.113580957986,7,1,ok,
candidate_novec,ifft,complex128,65536,256,ifft_complex128_n65536_b256,263.176695909,261.029155925,0.290612922981,7,1,ok,
