candidate,operation,dtype,n,batch,case_id,median_ms,best_ms,mad_ms,samples,loops,status,notes
old,fft,complex64,64,1,fft_complex64_n64_b1,0.0041639156705,0.00414903285406,4.63922447549e-06,9,1339,ok,
old,fft,complex64,64,2,fft_complex64_n64_b2,0.00476265454199,0.00451554649044,0.000148300430737,9,2000,ok,
old,fft,complex64,64,4,fft_complex64_n64_b4,0.00507106800796,0.00503754499368,6.44201645628e-06,9,2000,ok,
old,fft,complex64,64,8,fft_complex64_n64_b8,0.00592022499768,0.00585418549599,2.63095134869e-05,9,2000,ok,
old,fft,complex64,64,16,fft_complex64_n64_b16,0.00707792769912,0.00700791666817,1.37339883729e-05,9,1812,ok,
old,fft,complex64,64,32,fft_complex64_n64_b32,0.00939825919217,0.00935146910715,2.97026876528e-05,9,1443,ok,
old,fft,complex64,64,64,fft_complex64_n64_b64,0.0147278029597,0.0145862489326,3.40279328919e-05,9,964,ok,
old,fft,complex64,64,256,fft_complex64_n64_b256,0.200500918495,0.199297418086,0.00120350040914,7,98,ok,
old,fft,complex64,256,1,fft_complex64_n256_b1,0.00510044349357,0.00506835797569,1.06850056909e-05,9,2000,ok,
old,fft,complex64,256,2,fft_complex64_n256_b2,0.00619366299361,0.00615755951731,1.91960134543e-05,9,2000,ok,
old,fft,complex64,256,4,fft_complex64_n256_b4,0.00756235854081,0.00748784393454,3.22423925619e-05,9,1852,ok,
old,fft,complex64,256,8,fft_complex64_n256_b8,0.0103616762784,0.0102123109697,6.94265570128e-05,9,1177,ok,
old,fft,complex64,256,16,fft_complex64_n256_b16,0.0158477191458,0.0157351268082,7.37859558479e-05,9,883,ok,
old,fft,complex64,256,32,fft_complex64_n256_b32,0.0270599650685,0.0267608999275,0.000146480160765,9,200,ok,
old,fft,complex64,256,64,fft_complex64_n256_b64,0.214214468344,0.207508076488,0.00127850976044,9,92,ok,
old,fft,complex64,256,256,fft_complex64_n256_b256,0.896303226579,0.880955591459,0.00455459071831,7,22,ok,
old,fft,complex64,1024,1,fft_complex64_n1024_b1,0.00987518433249,0.00980354704918,2.28521764859e-05,9,1232,ok,
old,fft,complex64,1024,2,fft_complex64_n1024_b2,0.0124842996151,0.0123869864848,5.42966496736e-05,9,1028,ok,
old,fft,complex64,1024,4,fft_complex64_n1024_b4,0.0196079959796,0.0195108113157,3.20146810338e-05,9,747,ok,
old,fft,complex64,1024,8,fft_complex64_n1024_b8,0.0335091247689,0.0334667449351,3.48646426573e-05,9,200,ok,
old,fft,complex64,1024,16,fft_complex64_n1024_b16,0.0610599154606,0.060718919849,0.000242205569521,9,200,ok,
old,fft,complex64,1024,32,fft_complex64_n1024_b32,0.113981236571,0.113336999691,0.000186449815051,9,169,ok,
old,fft,complex64,1024,64,fft_complex64_n1024_b64,0.955681299092,0.951675249962,0.00142370117828,9,20,ok,
old,fft,complex64,1024,256,fft_complex64_n1024_b256,2.39678308329,2.38033616915,0.00549124282164,7,12,ok,
old,fft,complex64,2048,1,fft_complex64_n2048_b1,0.0182057263638,0.0181863978455,1.21855290137e-05,9,749,ok,
old,fft,complex64,2048,2,fft_complex64_n2048_b2,0.0240572579382,0.0240149794668,3.37501280481e-05,9,632,ok,
old,fft,complex64,2048,4,fft_complex64_n2048_b4,0.0420836498961,0.0416483753361,0.000161604839377,9,200,ok,
old,fft,complex64,2048,8,fft_complex64_n2048_b8,0.0779260450508,0.0771086954046,9.60851320997e-05,9,200,ok,
old,fft,complex64,2048,16,fft_complex64_n2048_b16,0.141955157244,0.141352697703,0.000247766949096,9,159,ok,
old,fft,complex64,2048,32,fft_complex64_n2048_b32,0.275106752797,0.27376222338,0.000747456790213,9,81,ok,
old,fft,complex64,2048,64,fft_complex64_n2048_b64,0.545045966282,0.539807366052,0.0013238323542,9,30,ok,
old,fft,complex64,2048,256,fft_complex64_n2048_b256,4.02265085307,3.96190457312,0.0339942718191,7,7,ok,
old,fft,complex64,3072,1,fft_complex64_n3072_b1,0.0245397006267,0.0243307321114,6.51719224211e-05,9,541,ok,
old,fft,complex64,3072,2,fft_complex64_n3072_b2,0.0328605953837,0.0325225997949,8.98697180673e-05,9,200,ok,
old,fft,complex64,3072,4,fft_complex64_n3072_b4,0.057109540212,0.0568199902773,0.000289549934678,9,200,ok,
old,fft,complex64,3072,8,fft_complex64_n3072_b8,0.103842983428,0.103350601695,0.000300999951138,9,186,ok,
old,fft,complex64,3072,16,fft_complex64_n3072_b16,0.197238989737,0.196140343178,0.000786500701603,9,96,ok,
old,fft,complex64,3072,32,fft_complex64_n3072_b32,0.383900967427,0.381276302505,0.00201479609435,9,30,ok,
old,fft,complex64,3072,64,fft_complex64_n3072_b64,0.772567935443,0.767538067885,0.00467420322821,9,30,ok,
old,fft,complex64,3072,256,fft_complex64_n3072_b256,5.5748635903,5.45188798569,0.0212482176721,7,5,ok,
old,fft,complex64,3584,1,fft_complex64_n3584_b1,0.0271264968528,0.026980860329,9.84414654652e-05,9,487,ok,
old,fft,complex64,3584,2,fft_complex64_n3584_b2,0.0343892496312,0.034230099991,0.000142374774441,9,200,ok,
old,fft,complex64,3584,4,fft_complex64_n3584_b4,0.0604223296978,0.0598186347634,0.000305224675685,9,200,ok,
old,fft,complex64,3584,8,fft_complex64_n3584_b8,0.109330462346,0.108329912141,0.000509210829541,9,171,ok,
old,fft,complex64,3584,16,fft_complex64_n3584_b16,0.209983011397,0.209251085737,0.000559667285572,9,93,ok,
old,fft,complex64,3584,32,fft_complex64_n3584_b32,0.407958302336,0.404412900874,0.000897368105749,9,30,ok,
old,fft,complex64,3584,64,fft_complex64_n3584_b64,0.810175699492,0.802613666747,0.00182946678251,9,30,ok,
old,fft,complex64,3584,256,fft_complex64_n3584_b256,6.18282251526,6.11019475036,0.0492810213473,7,4,ok,
old,fft,complex64,4095,1,fft_complex64_n4095_b1,0.0396487462932,0.0394454062569,6.22686443489e-05,9,335,ok,
old,fft,complex64,4095,2,fft_complex64_n4095_b2,0.0543075200403,0.053878754843,0.000244815018959,9,200,ok,
old,fft,complex64,4095,4,fft_complex64_n4095_b4,0.099798713502,0.0988493256239,0.000109084426645,9,178,ok,
old,fft,complex64,4095,8,fft_complex64_n4095_b8,0.184776048767,0.184389346172,0.000193729647435,9,104,ok,
old,fft,complex64,4095,16,fft_complex64_n4095_b16,0.361743038341,0.358639251387,0.00101790423147,9,52,ok,
old,fft,complex64,4095,32,fft_complex64_n4095_b32,0.728530002137,0.720593601,0.00160736963153,9,30,ok,
old,fft,complex64,4095,64,fft_complex64_n4095_b64,1.41307765152,1.40496225213,0.00521690235473,9,20,ok,
old,fft,complex64,4095,256,fft_complex64_n4095_b256,8.90974432696,8.85549501982,0.0433053355664,7,3,ok,
old,fft,complex64,4096,1,fft_complex64_n4096_b1,0.0340798546185,0.0337712158292,7.98675630774e-05,9,385,ok,
old,fft,complex64,4096,2,fft_complex64_n4096_b2,0.0463770097122,0.0459998450242,0.000282234395854,9,200,ok,
old,fft,complex64,4096,4,fft_complex64_n4096_b4,0.0836086599156,0.0830874149688,0.000385129824281,9,200,ok,
old,fft,complex64,4096,8,fft_complex64_n4096_b8,0.154550122351,0.153555788993,0.000220755127822,9,147,ok,
old,fft,complex64,4096,16,fft_complex64_n4096_b16,0.298884689393,0.297438554667,0.000864352300965,9,74,ok,
old,fft,complex64,4096,32,fft_complex64_n4096_b32,0.581793735425,0.578801667628,0.00142836555218,9,30,ok,
old,fft,complex64,4096,64,fft_complex64_n4096_b64,1.18346110685,1.16784285638,0.00945832081405,9,28,ok,
old,fft,complex64,4096,256,fft_complex64_n4096_b256,8.83221734936,8.20648266623,0.287455661843,7,3,ok,
old,fft,complex64,4097,1,fft_complex64_n4097_b1,0.186488267477,0.186082337623,0.000380327703782,7,101,ok,
old,fft,complex64,4097,2,fft_complex64_n4097_b2,0.217439582479,0.217188548829,0.000251033650404,7,91,ok,
old,fft,complex64,4097,4,fft_complex64_n4097_b4,0.356520851643,0.355552334373,0.000469591382339,7,54,ok,
old,fft,complex64,4097,8,fft_complex64_n4097_b8,0.641473193443,0.633776969006,0.00211822559997,7,31,ok,
old,fft,complex64,4097,16,fft_complex64_n4097_b16,1.20707959868,1.19672832079,0.000658039934933,7,25,ok,
old,fft,complex64,4097,32,fft_complex64_n4097_b32,2.32004200613,2.31319483525,0.00525332870893,7,12,ok,
old,fft,complex64,4097,64,fft_complex64_n4097_b64,4.58377882993,4.56103715502,0.00840248928095,7,6,ok,
old,fft,complex64,4097,256,fft_complex64_n4097_b256,22.0479040872,21.6443380341,0.311430078,7,1,ok,
old,fft,complex64,4608,1,fft_complex64_n4608_b1,0.0363769201795,0.0361063604942,0.000182149815373,7,200,ok,
old,fft,complex64,4608,2,fft_complex64_n4608_b2,0.0459327199496,0.0457400002051,0.000145179801621,7,200,ok,
old,fft,complex64,4608,4,fft_complex64_n4608_b4,0.0804459501524,0.0793027802138,0.000230184523389,7,200,ok,
old,fft,complex64,4608,8,fft_complex64_n4608_b8,0.175225999556,0.1745451018,0.000516062755196,7,128,ok,
old,fft,complex64,4608,16,fft_complex64_n4608_b16,0.286538064635,0.283429201227,0.00147713193049,7,30,ok,
old,fft,complex64,4608,32,fft_complex64_n4608_b32,0.578463399628,0.575447664596,0.00266473507509,7,30,ok,
old,fft,complex64,4608,64,fft_complex64_n4608_b64,1.14610815385,1.13946592543,0.00645608032266,7,26,ok,
old,fft,complex64,4608,256,fft_complex64_n4608_b256,8.36331275059,8.26259650057,0.0959947356023,7,4,ok,
old,fft,complex64,8192,1,fft_complex64_n8192_b1,0.0708137650508,0.0704890448833,0.000129390391521,7,200,ok,
old,fft,complex64,8192,2,fft_complex64_n8192_b2,0.0849460449535,0.0839206000092,0.000291005126201,7,200,ok,
old,fft,complex64,8192,4,fft_complex64_n8192_b4,0.17114463322,0.170305940426,0.000550710142423,7,117,ok,
old,fft,complex64,8192,8,fft_complex64_n8192_b8,0.290883650693,0.289410034505,0.00147361618777,7,60,ok,
old,fft,complex64,8192,16,fft_complex64_n8192_b16,0.569351397765,0.566459268642,0.00239786071082,7,30,ok,
old,fft,complex64,8192,32,fft_complex64_n8192_b32,1.1592940004,1.14993486469,0.0063375019553,7,22,ok,
old,fft,complex64,8192,64,fft_complex64_n8192_b64,2.37056400246,2.31169763191,0.0244491754777,7,11,ok,
old,fft,complex64,8192,256,fft_complex64_n8192_b256,16.3819060544,16.2159510073,0.09675353067,7,2,ok,
old,fft,complex64,16384,1,fft_complex64_n16384_b1,0.159494357095,0.158758515248,0.000481706275235,7,126,ok,
old,fft,complex64,16384,2,fft_complex64_n16384_b2,0.330487784894,0.324376176489,0.00171034148882,7,79,ok,
old,fft,complex64,16384,4,fft_complex64_n16384_b4,0.871347220864,0.859725876802,0.00618904738165,7,41,ok,
old,fft,complex64,16384,8,fft_complex64_n16384_b8,1.7612713001,1.71904379968,0.0246180648295,7,30,ok,
old,fft,complex64,16384,16,fft_complex64_n16384_b16,1.75203009886,1.74776581116,0.00204004546893,7,21,ok,
old,fft,complex64,16384,32,fft_complex64_n16384_b32,2.98965380061,2.92537669884,0.0341839971952,7,10,ok,
old,fft,complex64,16384,64,fft_complex64_n16384_b64,9.06209199456,8.32062453264,0.0864844769239,7,2,ok,
old,fft,complex64,16384,256,fft_complex64_n16384_b256,34.8987160251,34.7524980316,0.107976025902,7,1,ok,
old,fft,complex64,32768,1,fft_complex64_n32768_b1,0.900979614996,0.885753426701,0.00816473038867,7,26,ok,
old,fft,complex64,32768,2,fft_complex64_n32768_b2,0.826231912588,0.822121479913,0.00234491333527,7,23,ok,
old,fft,complex64,32768,4,fft_complex64_n32768_b4,1.1068387094,1.09322935425,0.0040235258091,7,17,ok,
old,fft,complex64,32768,8,fft_complex64_n32768_b8,3.37330150069,3.34510175162,0.0216297485167,7,8,ok,
old,fft,complex64,32768,16,fft_complex64_n32768_b16,3.24634088772,3.22796476798,0.0137060026949,7,9,ok,
old,fft,complex64,32768,32,fft_complex64_n32768_b32,9.88622702425,8.90171749052,0.0151235144585,7,2,ok,
old,fft,complex64,32768,64,fft_complex64_n32768_b64,17.537220032,17.4114409601,0.125779071823,7,1,ok,
old,fft,complex64,32768,256,fft_complex64_n32768_b256,125.173489912,124.319699011,0.662928912789,7,1,ok,
old,fft,complex64,65536,1,fft_complex64_n65536_b1,0.933572614136,0.91569561762,0.00706345487673,7,13,ok,
old,fft,complex64,65536,2,fft_complex64_n65536_b2,0.925367764042,0.920280433881,0.00168553475911,7,30,ok,
old,fft,complex64,65536,4,fft_complex64_n65536_b4,1.70406739279,1.68660916905,0.00322610786599,7,18,ok,
old,fft,complex64,65536,8,fft_complex64_n65536_b8,3.29394959845,3.2513195998,0.029050197918,7,10,ok,
old,fft,complex64,65536,16,fft_complex64_n65536_b16,11.6888349876,11.5319869947,0.156847992912,7,2,ok,
old,fft,complex64,65536,32,fft_complex64_n65536_b32,19.3269629963,19.1058985074,0.188598001841,7,2,ok,
old,fft,complex64,65536,64,fft_complex64_n65536_b64,39.1468920279,39.0686639585,0.038843951188,7,1,ok,
old,fft,complex64,65536,256,fft_complex64_n65536_b256,387.024984928,360.587675008,9.37649398111,7,1,ok,
old,fft,complex128,64,1,fft_complex128_n64_b1,0.00317029003054,0.00316322146682,3.18099046126e-06,9,2000,ok,
old,fft,complex128,64,2,fft_complex128_n64_b2,0.00352513353573,0.00350310647627,6.22705556452e-06,9,2000,ok,
old,fft,complex128,64,4,fft_complex128_n64_b4,0.00376246904489,0.00374085298972,1.19224423543e-05,9,2000,ok,
old,fft,complex128,64,8,fft_complex128_n64_b8,0.00433940946823,0.00429094245192,5.025009159e-06,9,2000,ok,
old,fft,complex128,64,16,fft_complex128_n64_b16,0.00544673204422,0.00537735054968,1.70274288394e-05,9,2000,ok,
old,fft,complex128,64,32,fft_complex128_n64_b32,0.00736988768762,0.0073047481451,1.87241333141e-05,9,1914,ok,
old,fft,complex128,64,64,fft_complex128_n64_b64,0.011326538233,0.0113077590905,1.45342400881e-05,9,1258,ok,
old,fft,complex128,64,256,fft_complex128_n64_b256,0.0365110801067,0.0360323704081,0.000293400371447,7,200,ok,
old,fft,complex128,256,1,fft_complex128_n256_b1,0.00423700548708,0.00421625596937,1.33005087264e-05,9,2000,ok,
old,fft,complex128,256,2,fft_complex128_n256_b2,0.00479175848886,0.00476609996986,2.33289902098e-05,9,2000,ok,
old,fft,complex128,256,4,fft_complex128_n256_b4,0.00593518954702,0.00589047948597,1.48684484884e-05,9,2000,ok,
old,fft,complex128,256,8,fft_complex128_n256_b8,0.00812098253453,0.00808846299582,3.14053552671e-05,9,1717,ok,
old,fft,complex128,256,16,fft_complex128_n256_b16,0.0125644215246,0.0124510052832,3.14796680167e-05,9,1134,ok,
old,fft,complex128,256,32,fft_complex128_n256_b32,0.0213591102511,0.0213079096284,3.4814584069e-05,9,200,ok,
old,fft,complex128,256,64,fft_complex128_n256_b64,0.03930282488,0.0390829099342,0.00011681986507,9,200,ok,
old,fft,complex128,256,256,fft_complex128_n256_b256,0.145110495978,0.143566489615,0.000756042975959,7,139,ok,
old,fft,complex128,1024,1,fft_complex128_n1024_b1,0.0085439030258,0.00849491803691,3.61959342534e-05,9,1526,ok,
old,fft,complex128,1024,2,fft_complex128_n1024_b2,0.0103041142771,0.0102345835193,2.85202658322e-05,9,1330,ok,
old,fft,complex128,1024,4,fft_complex128_n1024_b4,0.016599467742,0.0163574078311,0.000193615176839,9,868,ok,
old,fft,complex128,1024,8,fft_complex128_n1024_b8,0.027790965396,0.0276285596192,5.09904930368e-05,9,200,ok,
old,fft,complex128,1024,16,fft_complex128_n1024_b16,0.0513410900021,0.051121970173,6.27752160653e-05,9,200,ok,
old,fft,complex128,1024,32,fft_complex128_n1024_b32,0.0968546100194,0.0961491151247,0.000127939856611,9,200,ok,
old,fft,complex128,1024,64,fft_complex128_n1024_b64,0.18522965452,0.184438252282,0.000528663736289,9,107,ok,
old,fft,complex128,1024,256,fft_complex128_n1024_b256,0.734165066388,0.728482900498,0.00234583082298,7,30,ok,
old,fft,complex128,2048,1,fft_complex128_n2048_b1,0.0161118529652,0.0160602495985,2.57900010799e-05,9,857,ok,
old,fft,complex128,2048,2,fft_complex128_n2048_b2,0.021243953857,0.0210921919331,5.66547636741e-05,9,672,ok,
old,fft,complex128,2048,4,fft_complex128_n2048_b4,0.0368401996093,0.036658004974,0.000104400096461,9,200,ok,
old,fft,complex128,2048,8,fft_complex128_n2048_b8,0.0672786450014,0.0669294851832,0.000116970040835,9,200,ok,
old,fft,complex128,2048,16,fft_complex128_n2048_b16,0.125233311502,0.124448772774,0.000374669106314,9,154,ok,
old,fft,complex128,2048,32,fft_complex128_n2048_b32,0.244319162448,0.241036424995,0.000364199513569,9,80,ok,
old,fft,complex128,2048,64,fft_complex128_n2048_b64,0.477896099134,0.476417934988,0.000570101353029,9,30,ok,
old,fft,complex128,2048,256,fft_complex128_n2048_b256,1.91041020056,1.88904159392,0.0213164680948,7,15,ok,
old,fft,complex128,3072,1,fft_complex128_n3072_b1,0.0220081925147,0.0217783514838,0.000154064186396,9,623,ok,
old,fft,complex128,3072,2,fft_complex128_n3072_b2,0.0282032549148,0.0280403898796,0.00013199984096,9,200,ok,
old,fft,complex128,3072,4,fft_complex128_n3072_b4,0.0494830100797,0.0492041301914,0.000278879888356,9,200,ok,
old,fft,complex128,3072,8,fft_complex128_n3072_b8,0.0915589503711,0.0913067749934,0.000128490501083,9,200,ok,
old,fft,complex128,3072,16,fft_complex128_n3072_b16,0.174528850741,0.174356508069,0.000172342672094,9,114,ok,
old,fft,complex128,3072,32,fft_complex128_n3072_b32,0.344841430585,0.341189167618,0.000346669306358,9,30,ok,
old,fft,complex128,3072,64,fft_complex128_n3072_b64,0.675984569049,0.672974196884,0.00129309870924,9,30,ok,
old,fft,complex128,3072,256,fft_complex128_n3072_b256,2.89489580318,2.86272480153,0.0171364983544,7,10,ok,
old,fft,complex128,3584,1,fft_complex128_n3584_b1,0.0243752437066,0.0241080717948,7.59336670133e-05,9,558,ok,
old,fft,complex128,3584,2,fft_complex128_n3584_b2,0.0300464499742,0.0296878698282,4.12849476561e-05,9,200,ok,
old,fft,complex128,3584,4,fft_complex128_n3584_b4,0.0512390397489,0.0507964548888,0.000286489957944,9,200,ok,
old,fft,complex128,3584,8,fft_complex128_n3584_b8,0.0939311546972,0.093257575063,0.000520140165463,9,200,ok,
old,fft,complex128,3584,16,fft_complex128_n3584_b16,0.180079209068,0.177275154486,0.00182520069013,9,110,ok,
old,fft,complex128,3584,32,fft_complex128_n3584_b32,0.34807693058,0.346756765308,0.000520667526871,9,30,ok,
old,fft,complex128,3584,64,fft_complex128_n3584_b64,0.685159334292,0.682571736009,0.00102429961165,9,30,ok,
old,fft,complex128,3584,256,fft_complex128_n3584_b256,2.96484170249,2.93195319828,0.0174712971784,7,10,ok,
old,fft,complex128,4095,1,fft_complex128_n4095_b1,0.035995125349,0.0357862634589,7.9997572238e-05,9,391,ok,
old,fft,complex128,4095,2,fft_complex128_n4095_b2,0.048639109591,0.0482044799719,0.000101994955912,9,200,ok,
old,fft,complex128,4095,4,fft_complex128_n4095_b4,0.0900947197806,0.0887536251685,0.000859735300764,9,200,ok,
old,fft,complex128,4095,8,fft_complex128_n4095_b8,0.176547392039,0.175014983203,0.000998559213864,9,120,ok,
old,fft,complex128,4095,16,fft_complex128_n4095_b16,0.330490032987,0.325714133214,0.00226880074479,9,60,ok,
old,fft,complex128,4095,32,fft_complex128_n4095_b32,0.669573701452,0.665328333465,0.00167586452638,9,30,ok,
old,fft,complex128,4095,64,fft_complex128_n4095_b64,1.34368500122,1.33402032291,0.00489745500752,9,22,ok,
old,fft,complex128,4095,256,fft_complex128_n4095_b256,5.61848639045,5.49469939433,0.100059970282,7,5,ok,
old,fft,complex128,4096,1,fft_complex128_n4096_b1,0.0308158195612,0.0305979862941,7.04979825952e-05,9,438,ok,
old,fft,complex128,4096,2,fft_complex128_n4096_b2,0.0405065651285,0.0401353096822,0.000165214878507,9,200,ok,
old,fft,complex128,4096,4,fft_complex128_n4096_b4,0.072719429736,0.0721712398808,0.000216159387492,9,200,ok,
old,fft,complex128,4096,8,fft_complex128_n4096_b8,0.138229408561,0.137913027354,0.00014830678448,9,147,ok,
old,fft,complex128,4096,16,fft_complex128_n4096_b16,0.268077802365,0.266374136448,0.000509470489553,9,66,ok,
old,fft,complex128,4096,32,fft_complex128_n4096_b32,0.519035531518,0.515716266818,0.00102296859647,9,30,ok,
old,fft,complex128,4096,64,fft_complex128_n4096_b64,1.01010075867,1.00807344605,0.00111141306316,9,29,ok,
old,fft,complex128,4096,256,fft_complex128_n4096_b256,4.47770066482,4.43506465914,0.0119428344381,7,6,ok,
old,fft,complex128,4097,1,fft_complex128_n4097_b1,0.180162648946,0.178275638501,0.000446036682223,7,108,ok,
old,fft,complex128,4097,2,fft_complex128_n4097_b2,0.203860083537,0.203090783487,0.000769300050265,7,97,ok,
old,fft,complex128,4097,4,fft_complex128_n4097_b4,0.338642314697,0.336833437088,0.000726999388191,7,57,ok,
old,fft,complex128,4097,8,fft_complex128_n4097_b8,0.616370060015,0.612055311649,0.00235009792959,7,32,ok,
old,fft,complex128,4097,16,fft_complex128_n4097_b16,1.25985420309,1.18464180268,0.0136463157833,7,25,ok,
old,fft,complex128,4097,32,fft_complex128_n4097_b32,2.23439415165,2.21378661585,0.00785653873418,7,13,ok,
old,fft,complex128,4097,64,fft_complex128_n4097_b64,4.41909267101,4.39142001172,0.0233209963577,7,6,ok,
old,fft,complex128,4097,256,fft_complex128_n4097_b256,17.7358865039,17.7208984969,0.0149880070239,7,2,ok,
old,fft,complex128,4608,1,fft_complex128_n4608_b1,0.0323504302651,0.0322694750503,8.09552147985e-05,7,200,ok,
old,fft,complex128,4608,2,fft_complex128_n4608_b2,0.0401341600809,0.0399049749831,8.84151086211e-05,7,200,ok,
old,fft,complex128,4608,4,fft_complex128_n4608_b4,0.0718210253399,0.0715378351742,0.000226480769925,7,200,ok,
old,fft,complex128,4608,8,fft_complex128_n4608_b8,0.133458709202,0.132386278151,0.000610232926806,7,151,ok,
old,fft,complex128,4608,16,fft_complex128_n4608_b16,0.259642667758,0.256544134269,0.000264134723693,7,30,ok,
old,fft,complex128,4608,32,fft_complex128_n4608_b32,0.493010800953,0.490878766868,0.000608169163267,7,30,ok,
old,fft,complex128,4608,64,fft_complex128_n4608_b64,0.984309664151,0.977881497238,0.00224189522366,7,30,ok,
old,fft,complex128,4608,256,fft_complex128_n4608_b256,4.28262979258,4.24143960699,0.0305520137772,7,5,ok,
old,fft,complex128,8192,1,fft_complex128_n8192_b1,0.0681219500257,0.0679614947876,9.96899325401e-05,7,200,ok,
old,fft,complex128,8192,2,fft_complex128_n8192_b2,0.0814082799479,0.0809973949799,0.000346560264006,7,200,ok,
old,fft,complex128,8192,4,fft_complex128_n8192_b4,0.150810796732,0.150007993172,0.000660579924689,7,133,ok,
old,fft,complex128,8192,8,fft_complex128_n8192_b8,0.288468633217,0.286511381787,0.00127373427591,7,68,ok,
old,fft,complex128,8192,16,fft_complex128_n8192_b16,0.56367199868,0.554047369709,0.00614400099342,7,30,ok,
old,fft,complex128,8192,32,fft_complex128_n8192_b32,1.11948296231,1.11233865251,0.00526926641424,7,26,ok,
old,fft,complex128,8192,64,fft_complex128_n8192_b64,2.23331523235,2.21233538244,0.0174561551271,7,13,ok,
old,fft,complex128,8192,256,fft_complex128_n8192_b256,11.5625516822,11.4168149885,0.0378383556381,7,3,ok,
old,fft,complex128,16384,1,fft_complex128_n16384_b1,0.133746324069,0.133388013441,0.000109060705212,7,148,ok,
old,fft,complex128,16384,2,fft_complex128_n16384_b2,0.15978547537,0.159038118972,0.000320117929858,7,101,ok,
old,fft,complex128,16384,4,fft_complex128_n16384_b4,0.299427734346,0.295670408451,0.000760835899534,7,49,ok,
old,fft,complex128,16384,8,fft_complex128_n16384_b8,0.584780032902,0.582409867396,0.00237016550576,7,30,ok,
old,fft,complex128,16384,16,fft_complex128_n16384_b16,1.1449819127,1.13651669665,0.00203864993123,7,23,ok,
old,fft,complex128,16384,32,fft_complex128_n16384_b32,2.40239991002,2.31729927261,0.0187656418844,7,11,ok,
old,fft,complex128,16384,64,fft_complex128_n16384_b64,4.98991699424,4.87905638292,0.0443340046331,7,5,ok,
old,fft,complex128,16384,256,fft_complex128_n16384_b256,26.1079439661,25.8834579727,0.0961220357567,7,1,ok,
old,fft,complex128,32768,1,fft_complex128_n32768_b1,0.294459716125,0.292821537092,0.000488984315142,7,67,ok,
old,fft,complex128,32768,2,fft_complex128_n32768_b2,0.332181572401,0.329408735246,0.0013241435078,7,49,ok,
old,fft,complex128,32768,4,fft_complex128_n32768_b4,1.28682710153,1.22027773565,0.00409646891057,7,30,ok,
old,fft,complex128,32768,8,fft_complex128_n32768_b8,1.23936700402,1.22379124514,0.012348376913,7,8,ok,
old,fft,complex128,32768,16,fft_complex128_n32768_b16,2.49159999657,2.47398960637,0.00605238601565,7,10,ok,
old,fft,complex128,32768,32,fft_complex128_n32768_b32,5.28756275889,5.23515825626,0.0126917439047,7,4,ok,
old,fft,complex128,32768,64,fft_complex128_n32768_b64,14.4538700115,14.410442498,0.0434275134467,7,2,ok,
old,fft,complex128,32768,256,fft_complex128_n32768_b256,104.698682902,56.1037999578,1.23379391152,7,1,ok,
old,fft,complex128,65536,1,fft_complex128_n65536_b1,0.984383560717,0.957532557659,0.0142582412809,7,25,ok,
old,fft,complex128,65536,2,fft_complex128_n65536_b2,0.770255570145,0.751855301981,0.0137290684506,7,30,ok,
old,fft,complex128,65536,4,fft_complex128_n65536_b4,1.96201758043,1.92350500239,0.00897810279735,7,19,ok,
old,fft,complex128,65536,8,fft_complex128_n65536_b8,2.96091941917,2.90362771401,0.0426380096802,7,7,ok,
old,fft,complex128,65536,16,fft_complex128_n65536_b16,6.11783424392,6.02182926377,0.0475049891975,7,4,ok,
old,fft,complex128,65536,32,fft_complex128_n65536_b32,12.8810620323,12.8258336723,0.0184212888901,7,3,ok,
old,fft,complex128,65536,64,fft_complex128_n65536_b64,27.6264769491,27.4995360523,0.0623080413789,7,1,ok,
old,fft,complex128,65536,256,fft_complex128_n65536_b256,208.600791986,113.011237001,73.0016659945,7,1,ok,
old,ifft,complex64,64,1,ifft_complex64_n64_b1,0.00394331244281,0.00391998853509,2.33239077207e-05,9,1485,ok,
old,ifft,complex64,64,2,ifft_complex64_n64_b2,0.0043952910346,0.00437361950753,1.62610085681e-05,9,2000,ok,
old,ifft,complex64,64,4,ifft_complex64_n64_b4,0.00472416053526,0.00468025699956,1.24640646391e-05,9,2000,ok,
old,ifft,complex64,64,8,ifft_complex64_n64_b8,0.00537042750511,0.00533868197817,1.58449402079e-05,9,2000,ok,
old,ifft,complex64,64,16,ifft_complex64_n64_b16,0.00628738850355,0.0061973524862,1.81850045919e-05,9,2000,ok,
old,ifft,complex64,64,32,ifft_complex64_n64_b32,0.00815609292349,0.00808488361953,3.25753395437e-05,9,1667,ok,
old,ifft,complex64,64,64,ifft_complex64_n64_b64,0.0117155216996,0.0116699893885,1.4565072734e-05,9,1221,ok,
old,ifft,complex64,64,256,ifft_complex64_n64_b256,0.0342831999296,0.034143634839,0.000132350251079,7,200,ok,
old,ifft,complex64,256,1,ifft_complex64_n256_b1,0.00547000148799,0.00543457450112,8.45646718517e-06,9,2000,ok,
old,ifft,complex64,256,2,ifft_complex64_n256_b2,0.00692517235835,0.00689855300431,1.06617823535e-05,9,1839,ok,
old,ifft,complex64,256,4,ifft_complex64_n256_b4,0.00661706639906,0.00657733935889,2.10835750971e-05,9,1868,ok,
old,ifft,complex64,256,8,ifft_complex64_n256_b8,0.00865696463734,0.0085819552963,2.8573985522e-05,9,1500,ok,
old,ifft,complex64,256,16,ifft_complex64_n256_b16,0.0124185677474,0.0123308006999,4.20026274924e-05,9,1129,ok,
old,ifft,complex64,256,32,ifft_complex64_n256_b32,0.0201861798996,0.0201015651692,7.24900746718e-05,9,200,ok,
old,ifft,complex64,256,64,ifft_complex64_n256_b64,0.0359457050217,0.0358977145515,2.95048812404e-05,9,200,ok,
old,ifft,complex64,256,256,ifft_complex64_n256_b256,0.129766072134,0.128727561484,0.000626483347778,7,153,ok,
old,ifft,complex64,1024,1,ifft_complex64_n1024_b1,0.0114192462254,0.0113835536944,1.71772078265e-05,9,1145,ok,
old,ifft,complex64,1024,2,ifft_complex64_n1024_b2,0.0177026756737,0.0175892564315,8.19914116445e-05,9,811,ok,
old,ifft,complex64,1024,4,ifft_complex64_n1024_b4,0.0150780054763,0.0150155485307,5.66488497184e-05,9,928,ok,
old,ifft,complex64,1024,8,ifft_complex64_n1024_b8,0.0242339150282,0.0241167895729,0.000108555541374,9,200,ok,
old,ifft,complex64,1024,16,ifft_complex64_n1024_b16,0.0433718552813,0.0427957152715,0.000134704750963,9,200,ok,
old,ifft,complex64,1024,32,ifft_complex64_n1024_b32,0.0803530751728,0.0794656400103,3.35148070008e-05,9,200,ok,
old,ifft,complex64,1024,64,ifft_complex64_n1024_b64,0.156173053876,0.154716333613,0.000815574159167,9,129,ok,
old,ifft,complex64,1024,256,ifft_complex64_n1024_b256,0.589814634683,0.587242399342,0.000211728426317,7,30,ok,
old,ifft,complex64,2048,1,ifft_complex64_n2048_b1,0.0204238717042,0.0202867989935,6.8679940113e-05,9,662,ok,
old,ifft,complex64,2048,2,ifft_complex64_n2048_b2,0.0341027263411,0.0338362074646,7.66317584148e-05,9,424,ok,
old,ifft,complex64,2048,4,ifft_complex64_n2048_b4,0.0287817046046,0.0284802302485,0.000118419993669,9,200,ok,
old,ifft,complex64,2048,8,ifft_complex64_n2048_b8,0.0498869747389,0.0497757655103,9.29750967771e-05,9,200,ok,
old,ifft,complex64,2048,16,ifft_complex64_n2048_b16,0.0913952401606,0.091099080164,0.000173180596903,9,200,ok,
old,ifft,complex64,2048,32,ifft_complex64_n2048_b32,0.177217467177,0.175814484171,0.000497968416781,9,124,ok,
old,ifft,complex64,2048,64,ifft_complex64_n2048_b64,0.344268364521,0.342434532164,0.0010422974204,9,30,ok,
old,ifft,complex64,2048,256,ifft_complex64_n2048_b256,1.35759154121,1.35297317077,0.00171783419015,7,24,ok,
old,ifft,complex64,3072,1,ifft_complex64_n3072_b1,0.0314177272061,0.0313740753323,2.32371177417e-05,9,451,ok,
old,ifft,complex64,3072,2,ifft_complex64_n3072_b2,0.0548189895926,0.0542830250924,0.000211949809454,9,200,ok,
old,ifft,complex64,3072,4,ifft_complex64_n3072_b4,0.0393241149141,0.0392484752228,1.60752097145e-05,9,200,ok,
old,ifft,complex64,3072,8,ifft_complex64_n3072_b8,0.0694655498955,0.0690181995742,0.000126889790408,9,200,ok,
old,ifft,complex64,3072,16,ifft_complex64_n3072_b16,0.1295878183,0.128960064552,0.000428668428938,9,154,ok,
old,ifft,complex64,3072,32,ifft_complex64_n3072_b32,0.247789830125,0.246725832888,0.000750727485865,9,30,ok,
old,ifft,complex64,3072,64,ifft_complex64_n3072_b64,0.484282899803,0.481760435893,0.000584432079146,9,30,ok,
old,ifft,complex64,3072,256,ifft_complex64_n3072_b256,1.90710520061,1.90160546141,0.00397626621028,7,15,ok,
old,ifft,complex64,3584,1,ifft_complex64_n3584_b1,0.0351976178869,0.0350489823407,0.000148635546241,9,395,ok,
old,ifft,complex64,3584,2,ifft_complex64_n3584_b2,0.0618264952209,0.0616303749848,0.000196120236069,9,200,ok,
old,ifft,complex64,3584,4,ifft_complex64_n3584_b4,0.0435006001499,0.0432030850789,0.000126289669424,9,200,ok,
old,ifft,complex64,3584,8,ifft_complex64_n3584_b8,0.0776918698102,0.0770922348602,0.000599634950049,9,200,ok,
old,ifft,complex64,3584,16,ifft_complex64_n3584_b16,0.145379206515,0.145117462928,0.00025584578158,9,136,ok,
old,ifft,complex64,3584,32,ifft_complex64_n3584_b32,0.277852565826,0.277249433566,0.000587730513265,9,30,ok,
old,ifft,complex64,3584,64,ifft_complex64_n3584_b64,0.545799033716,0.543551430261,0.0014363671653,9,30,ok,
old,ifft,complex64,3584,256,ifft_complex64_n3584_b256,2.1579837731,2.15468746431,0.0025178395355,7,13,ok,
old,ifft,complex64,4095,1,ifft_complex64_n4095_b1,0.0507953541904,0.0506614489535,6.90364102106e-05,9,274,ok,
old,ifft,complex64,4095,2,ifft_complex64_n4095_b2,0.0925168197136,0.092308074818,0.000128539977595,9,200,ok,
old,ifft,complex64,4095,4,ifft_complex64_n4095_b4,0.0648501352407,0.0640817795647,0.000698569929227,9,200,ok,
old,ifft,complex64,4095,8,ifft_complex64_n4095_b8,0.119204174991,0.118749578068,0.000319041799844,9,166,ok,
old,ifft,complex64,4095,16,ifft_complex64_n4095_b16,0.230853287931,0.229481368154,0.000760529254531,9,87,ok,
old,ifft,complex64,4095,32,ifft_complex64_n4095_b32,0.451444201948,0.446898897644,0.00107106752694,9,30,ok,
old,ifft,complex64,4095,64,ifft_complex64_n4095_b64,0.895843367713,0.890436434808,0.00134756555781,9,30,ok,
old,ifft,complex64,4095,256,ifft_complex64_n4095_b256,3.55640037742,3.51893437619,0.032877389458,7,8,ok,
old,ifft,complex64,4096,1,ifft_complex64_n4096_b1,0.0424276917098,0.0422517976546,0.000123011955592,9,331,ok,
old,ifft,complex64,4096,2,ifft_complex64_n4096_b2,0.0762153201504,0.0756422802806,0.000511219841428,9,200,ok,
old,ifft,complex64,4096,4,ifft_complex64_n4096_b4,0.0545229250565,0.0541638000868,0.000115665025078,9,200,ok,
old,ifft,complex64,4096,8,ifft_complex64_n4096_b8,0.0993283046409,0.099238185212,5.12495171279e-05,9,200,ok,
old,ifft,complex64,4096,16,ifft_complex64_n4096_b16,0.187267991091,0.186546535198,0.000374097518423,9,112,ok,
old,ifft,complex64,4096,32,ifft_complex64_n4096_b32,0.367264697949,0.363440431344,0.000910736465206,9,30,ok,
old,ifft,complex64,4096,64,ifft_complex64_n4096_b64,0.715771100173,0.712695601396,0.00254216526325,9,30,ok,
old,ifft,complex64,4096,256,ifft_complex64_n4096_b256,2.87273663773,2.85758226263,0.00787318938158,7,11,ok,
old,ifft,complex64,4097,1,ifft_complex64_n4097_b1,0.265750756288,0.264438685761,0.000994743978871,7,70,ok,
old,ifft,complex64,4097,2,ifft_complex64_n4097_b2,0.435369355708,0.429849978536,0.000395643938747,7,45,ok,
old,ifft,complex64,4097,4,ifft_complex64_n4097_b4,0.253588089401,0.252845924041,0.000640581939605,7,79,ok,
old,ifft,complex64,4097,8,ifft_complex64_n4097_b8,0.408110354329,0.405863999428,0.000755998674625,7,48,ok,
old,ifft,complex64,4097,16,ifft_complex64_n4097_b16,0.717475366158,0.71439583165,0.00293956836686,7,30,ok,
old,ifft,complex64,4097,32,ifft_complex64_n4097_b32,1.31675572431,1.31190286166,0.00363372435624,7,22,ok,
old,ifft,complex64,4097,64,ifft_complex64_n4097_b64,2.51688899218,2.51054618804,0.00550600022755,7,11,ok,
old,ifft,complex64,4097,256,ifft_complex64_n4097_b256,9.86279000062,9.83122026082,0.00462876050733,7,4,ok,
old,ifft,complex64,4608,1,ifft_complex64_n4608_b1,0.0480257399613,0.0477079354459,0.000241104862653,7,200,ok,
old,ifft,complex64,4608,2,ifft_complex64_n4608_b2,0.0875015498605,0.0861570454435,0.000170324346982,7,200,ok,
old,ifft,complex64,4608,4,ifft_complex64_n4608_b4,0.0563064654125,0.0561624905095,0.00014397490304,7,200,ok,
old,ifft,complex64,4608,8,ifft_complex64_n4608_b8,0.100440046265,0.0991164538625,0.00132359240262,7,194,ok,
old,ifft,complex64,4608,16,ifft_complex64_n4608_b16,0.187522068154,0.185627133275,0.00110009762769,7,30,ok,
old,ifft,complex64,4608,32,ifft_complex64_n4608_b32,0.359913066495,0.358945899643,0.000967166852206,7,30,ok,
old,ifft,complex64,4608,64,ifft_complex64_n4608_b64,0.708307263752,0.705157635578,0.00155326367045,7,30,ok,
old,ifft,complex64,4608,256,ifft_complex64_n4608_b256,2.80996959191,2.7946485905,0.00504557974637,7,5,ok,
old,ifft,complex64,8192,1,ifft_complex64_n8192_b1,0.0878962449497,0.0874503998784,0.000315050128847,7,200,ok,
old,ifft,complex64,8192,2,ifft_complex64_n8192_b2,0.160773025709,0.160060333049,0.000417875708081,7,120,ok,
old,ifft,complex64,8192,4,ifft_complex64_n8192_b4,0.106472887303,0.105753663348,3.11785177993e-05,7,196,ok,
old,ifft,complex64,8192,8,ifft_complex64_n8192_b8,0.198763981462,0.198371914615,0.000392066847001,7,105,ok,
old,ifft,complex64,8192,16,ifft_complex64_n8192_b16,0.382849267529,0.377746267865,0.00214943041404,7,30,ok,
old,ifft,complex64,8192,32,ifft_complex64_n8192_b32,0.746315768144,0.740541835936,0.00211267033592,7,30,ok,
old,ifft,complex64,8192,64,ifft_complex64_n8192_b64,1.47833959782,1.4717721031,0.00656749471091,7,20,ok,
old,ifft,complex64,8192,256,ifft_complex64_n8192_b256,5.94471199438,5.92464979272,0.0151287764311,7,5,ok,
old,ifft,complex64,16384,1,ifft_complex64_n16384_b1,0.185012509098,0.183944092391,0.000437583636355,7,108,ok,
old,ifft,complex64,16384,2,ifft_complex64_n16384_b2,0.345753758728,0.344107533677,0.000751948642448,7,58,ok,
old,ifft,complex64,16384,4,ifft_complex64_n16384_b4,0.215394365624,0.210999061138,0.00127779302846,7,82,ok,
old,ifft,complex64,16384,8,ifft_complex64_n16384_b8,0.405397099288,0.401380134281,0.000636198092252,7,30,ok,
old,ifft,complex64,16384,16,ifft_complex64_n16384_b16,0.781940397186,0.77670783503,0.00175099897509,7,30,ok,
old,ifft,complex64,16384,32,ifft_complex64_n16384_b32,1.81537708462,1.80260866182,0.00201634247787,7,12,ok,
old,ifft,complex64,16384,64,ifft_complex64_n16384_b64,3.62790624786,3.5919303773,0.0245315022767,7,8,ok,
old,ifft,complex64,16384,256,ifft_complex64_n16384_b256,15.7246080344,15.6584925135,0.0144824152812,7,2,ok,
old,ifft,complex64,32768,1,ifft_complex64_n32768_b1,0.397133674206,0.395863896654,0.00115545057901,7,49,ok,
old,ifft,complex64,32768,2,ifft_complex64_n32768_b2,0.79734200146,0.792351718992,0.00185071956366,7,25,ok,
old,ifft,complex64,32768,4,ifft_complex64_n32768_b4,0.479800700365,0.477505700352,0.00143876532093,7,30,ok,
old,ifft,complex64,32768,8,ifft_complex64_n32768_b8,0.925254897447,0.920111604501,0.0045541964937,7,20,ok,
old,ifft,complex64,32768,16,ifft_complex64_n32768_b16,3.87142809341,3.74639770016,0.0534946098924,7,10,ok,
old,ifft,complex64,32768,32,ifft_complex64_n32768_b32,5.76128340326,5.70630719885,0.00731381587684,7,5,ok,
old,ifft,complex64,32768,64,ifft_complex64_n32768_b64,7.08644781262,7.04233399592,0.0240855850279,7,5,ok,
old,ifft,complex64,32768,256,ifft_complex64_n32768_b256,46.7067970894,46.5036309324,0.110059045255,7,1,ok,
old,ifft,complex64,65536,1,ifft_complex64_n65536_b1,0.949556001133,0.937570290476,0.0047637081212,7,17,ok,
old,ifft,complex64,65536,2,ifft_complex64_n65536_b2,1.67822815442,1.66872476872,0.00310815476741,7,13,ok,
old,ifft,complex64,65536,4,ifft_complex64_n65536_b4,0.998583765856,0.992944398119,0.00203656575953,7,30,ok,
old,ifft,complex64,65536,8,ifft_complex64_n65536_b8,1.89671025146,1.88914712635,0.00639905920252,7,16,ok,
old,ifft,complex64,65536,16,ifft_complex64_n65536_b16,3.74644800156,3.72375499657,0.00619171519897,7,7,ok,
old,ifft,complex64,65536,32,ifft_complex64_n65536_b32,7.19257739838,7.13459521066,0.0469872029498,7,5,ok,
old,ifft,complex64,65536,64,ifft_complex64_n65536_b64,15.5725739896,15.5142485164,0.0268659787253,7,2,ok,
old,ifft,complex64,65536,256,ifft_complex64_n65536_b256,60.7205069391,59.7539009759,0.0810830388218,7,1,ok,
old,ifft,complex128,64,1,ifft_complex128_n64_b1,0.00413950998336,0.00408017245354,2.98414961435e-05,9,2000,ok,
old,ifft,complex128,64,2,ifft_complex128_n64_b2,0.0045838940423,0.00456504302565,8.94704135135e-06,9,2000,ok,
old,ifft,complex128,64,4,ifft_complex128_n64_b4,0.00480620597955,0.00477232702542,1.64965167642e-05,9,2000,ok,
old,ifft,complex128,64,8,ifft_complex128_n64_b8,0.00547918898519,0.00544952752534,6.11151335761e-06,9,2000,ok,
old,ifft,complex128,64,16,ifft_complex128_n64_b16,0.00662568048574,0.0065135229961,2.62644607574e-05,9,2000,ok,
old,ifft,complex128,64,32,ifft_complex128_n64_b32,0.00864275548426,0.00858917909065,9.98194208014e-06,9,1603,ok,
old,ifft,complex128,64,64,ifft_complex128_n64_b64,0.0132126423503,0.0131413667509,4.05245346704e-05,9,1096,ok,
old,ifft,complex128,64,256,ifft_complex128_n64_b256,0.0412842899095,0.0407425145386,0.000370949856006,7,200,ok,
old,ifft,complex128,256,1,ifft_complex128_n256_b1,0.00515357049881,0.00511683098739,1.66060053743e-05,9,2000,ok,
old,ifft,complex128,256,2,ifft_complex128_n256_b2,0.00585251796292,0.00580178154632,1.04950740933e-05,9,2000,ok,
old,ifft,complex128,256,4,ifft_complex128_n256_b4,0.0070659810944,0.0069721327509,1.99015027186e-05,9,1899,ok,
old,ifft,complex128,256,8,ifft_complex128_n256_b8,0.00931620834982,0.00928701920972,1.72223071642e-05,9,1512,ok,
old,ifft,complex128,256,16,ifft_complex128_n256_b16,0.0139394994866,0.0138724532249,3.53407337043e-05,9,1039,ok,
old,ifft,complex128,256,32,ifft_complex128_n256_b32,0.0235862354748,0.0234853447182,0.000100890756585,9,200,ok,
old,ifft,complex128,256,64,ifft_complex128_n256_b64,0.0423435500124,0.0421453750459,0.000136804883368,9,200,ok,
old,ifft,complex128,256,256,ifft_complex128_n256_b256,0.155033915339,0.154264761995,0.000600292920493,7,130,ok,
old,ifft,complex128,1024,1,ifft_complex128_n1024_b1,0.0099187666173,0.00988429593531,1.32862492521e-05,9,1328,ok,
old,ifft,complex128,1024,2,ifft_complex128_n1024_b2,0.01204192169,0.0119933250832,1.09919699329e-05,9,1123,ok,
old,ifft,complex128,1024,4,ifft_complex128_n1024_b4,0.0181760727678,0.0181069641965,5.07366853049e-05,9,782,ok,
old,ifft,complex128,1024,8,ifft_complex128_n1024_b8,0.0310074305162,0.0307980302023,0.000117825693451,9,200,ok,
old,ifft,complex128,1024,16,ifft_complex128_n1024_b16,0.0557114853291,0.0553406804102,0.000152190332301,9,200,ok,
old,ifft,complex128,1024,32,ifft_complex128_n1024_b32,0.105034738012,0.104152636707,0.000284342244666,9,187,ok,
old,ifft,complex128,1024,64,ifft_complex128_n1024_b64,0.203503051069,0.202394407765,0.000587754825852,9,98,ok,
old,ifft,complex128,1024,256,ifft_complex128_n1024_b256,0.808305498989,0.798633469579,0.00967202940956,7,30,ok,
old,ifft,complex128,2048,1,ifft_complex128_n2048_b1,0.0183088400548,0.0181930848515,0.00010280946324,9,719,ok,
old,ifft,complex128,2048,2,ifft_complex128_n2048_b2,0.0228234035495,0.0226786638237,5.32472558332e-05,9,607,ok,
old,ifft,complex128,2048,4,ifft_complex128_n2048_b4,0.0392299954547,0.0387977698119,0.000218170462176,9,200,ok,
old,ifft,complex128,2048,8,ifft_complex128_n2048_b8,0.0690072850557,0.0687401747564,0.000172180589288,9,200,ok,
old,ifft,complex128,2048,16,ifft_complex128_n2048_b16,0.127161589088,0.126653027159,0.000301054806436,9,146,ok,
old,ifft,complex128,2048,32,ifft_complex128_n2048_b32,0.257217749573,0.255038209664,0.000616567711787,9,76,ok,
old,ifft,complex128,2048,64,ifft_complex128_n2048_b64,0.513041500623,0.505598033002,0.00442373178278,9,30,ok,
old,ifft,complex128,2048,256,ifft_complex128_n2048_b256,1.97212900301,1.95443614419,0.00743700158117,7,14,ok,
old,ifft,complex128,3072,1,ifft_complex128_n3072_b1,0.0231144079599,0.0230457994271,6.86085328186e-05,9,598,ok,
old,ifft,complex128,3072,2,ifft_complex128_n3072_b2,0.0296077202074,0.0292453798465,0.000221719965339,9,200,ok,
old,ifft,complex128,3072,4,ifft_complex128_n3072_b4,0.0507904397091,0.0501780799823,0.000167320249602,9,200,ok,
old,ifft,complex128,3072,8,ifft_complex128_n3072_b8,0.0941768748453,0.0930929649621,0.000653394963592,9,200,ok,
old,ifft,complex128,3072,16,ifft_complex128_n3072_b16,0.182962587324,0.175487605463,0.000982833290963,9,114,ok,
old,ifft,complex128,3072,32,ifft_complex128_n3072_b32,0.342713765955,0.339788536076,0.00128576454396,9,30,ok,
old,ifft,complex128,3072,64,ifft_complex128_n3072_b64,0.68524183395,0.679250434041,0.00476473166297,9,30,ok,
old,ifft,complex128,3072,256,ifft_complex128_n3072_b256,2.85007670755,2.8307229979,0.0183308147825,7,10,ok,
old,ifft,complex128,3584,1,ifft_complex128_n3584_b1,0.027050374962,0.0269873325446,1.23226556987e-05,9,496,ok,
old,ifft,complex128,3584,2,ifft_complex128_n3584_b2,0.032575855148,0.032490195008,8.56601400301e-05,9,200,ok,
old,ifft,complex128,3584,4,ifft_complex128_n3584_b4,0.0559024448739,0.0554600049509,9.32306284085e-05,9,200,ok,
old,ifft,complex128,3584,8,ifft_complex128_n3584_b8,0.101869928257,0.101568422775,0.000176469425757,9,194,ok,
old,ifft,complex128,3584,16,ifft_complex128_n3584_b16,0.193356461001,0.19268154888,0.000207745424454,9,102,ok,
old,ifft,complex128,3584,32,ifft_complex128_n3584_b32,0.379883664815,0.373984799565,0.000797836886098,9,30,ok,
old,ifft,complex128,3584,64,ifft_complex128_n3584_b64,0.746647097791,0.745249733639,0.000515995391955,9,30,ok,
old,ifft,complex128,3584,256,ifft_complex128_n3584_b256,3.1921122249,3.17607522528,0.00686521848871,7,9,ok,
old,ifft,complex128,4095,1,ifft_complex128_n4095_b1,0.0401388241328,0.0400835012504,1.41026408485e-05,9,341,ok,
old,ifft,complex128,4095,2,ifft_complex128_n4095_b2,0.0515109096887,0.0513951899484,7.98999099061e-05,9,200,ok,
old,ifft,complex128,4095,4,ifft_complex128_n4095_b4,0.093164150021,0.0929606152931,5.84102235734e-05,9,200,ok,
old,ifft,complex128,4095,8,ifft_complex128_n4095_b8,0.176539955386,0.176103223306,0.000336357126279,9,112,ok,
old,ifft,complex128,4095,16,ifft_complex128_n4095_b16,0.344039578187,0.342824298219,0.00029757798633,9,57,ok,
old,ifft,complex128,4095,32,ifft_complex128_n4095_b32,0.678783864714,0.674180799009,0.00262967078015,9,30,ok,
old,ifft,complex128,4095,64,ifft_complex128_n4095_b64,1.34128499882,1.33826382014,0.0027871362611,9,22,ok,
old,ifft,complex128,4095,256,ifft_complex128_n4095_b256,5.56726900395,5.54267039988,0.0192924169824,7,5,ok,
old,ifft,complex128,4096,1,ifft_complex128_n4096_b1,0.0348361721852,0.0346620682085,0.000174103976711,9,395,ok,
old,ifft,complex128,4096,2,ifft_complex128_n4096_b2,0.0461957149673,0.0460877100704,0.000106050283648,9,200,ok,
old,ifft,complex128,4096,4,ifft_complex128_n4096_b4,0.0769250147277,0.0761900201906,0.000289499876089,9,200,ok,
old,ifft,complex128,4096,8,ifft_complex128_n4096_b8,0.143342251303,0.142327955648,0.000100637165209,9,135,ok,
old,ifft,complex128,4096,16,ifft_complex128_n4096_b16,0.282033165503,0.280726791566,0.000794418156147,9,72,ok,
old,ifft,complex128,4096,32,ifft_complex128_n4096_b32,0.547419434103,0.543580165443,0.000500935129821,9,30,ok,
old,ifft,complex128,4096,64,ifft_complex128_n4096_b64,1.10102603839,1.09498030864,0.000855804850849,9,26,ok,
old,ifft,complex128,4096,256,ifft_complex128_n4096_b256,4.56785140559,4.53667819966,0.0169721897691,7,5,ok,
old,ifft,complex128,4097,1,ifft_complex128_n4097_b1,0.180560870714,0.178726791118,0.00134224791338,7,101,ok,
old,ifft,complex128,4097,2,ifft_complex128_n4097_b2,0.211217340349,0.210475073781,0.000153372232664,7,94,ok,
old,ifft,complex128,4097,4,ifft_complex128_n4097_b4,0.346937697032,0.345470446129,0.00146725090287,7,56,ok,
old,ifft,complex128,4097,8,ifft_complex128_n4097_b8,0.624567225215,0.620978775494,0.000972807737848,7,31,ok,
old,ifft,complex128,4097,16,ifft_complex128_n4097_b16,1.1867947178,1.16827556398,0.00297924503684,7,25,ok,
old,ifft,complex128,4097,32,ifft_complex128_n4097_b32,2.27201953889,2.25940092395,0.00193991805785,7,13,ok,
old,ifft,complex128,4097,64,ifft_complex128_n4097_b64,4.48918067074,4.46224299958,0.0138161703944,7,6,ok,
old,ifft,complex128,4097,256,ifft_complex128_n4097_b256,17.8406510386,17.7766894922,0.0241804518737,7,2,ok,
old,ifft,complex128,4608,1,ifft_complex128_n4608_b1,0.0344126397977,0.0342867552536,8.51653749123e-05,7,200,ok,
old,ifft,complex128,4608,2,ifft_complex128_n4608_b2,0.0409466499696,0.0408231653273,8.25099414214e-05,7,200,ok,
old,ifft,complex128,4608,4,ifft_complex128_n4608_b4,0.0720148446271,0.0717449298827,7.04854028299e-05,7,200,ok,
old,ifft,complex128,4608,8,ifft_complex128_n4608_b8,0.132716902356,0.132286006917,0.00010187398981,7,143,ok,
old,ifft,complex128,4608,16,ifft_complex128_n4608_b16,0.253782200161,0.251955065566,0.000807836962243,7,30,ok,
old,ifft,complex128,4608,32,ifft_complex128_n4608_b32,0.491709335862,0.48830153343,0.00225662952289,7,30,ok,
old,ifft,complex128,4608,64,ifft_complex128_n4608_b64,0.991074201496,0.984130667833,0.00356976718952,7,30,ok,
old,ifft,complex128,4608,256,ifft_complex128_n4608_b256,4.21742619947,4.15737000294,0.0145273981616,7,5,ok,
old,ifft,complex128,8192,1,ifft_complex128_n8192_b1,0.0713134102989,0.0711512053385,0.000139915500768,7,200,ok,
old,ifft,complex128,8192,2,ifft_complex128_n8192_b2,0.0821078050649,0.0818899954902,0.000164965167642,7,200,ok,
old,ifft,complex128,8192,4,ifft_complex128_n8192_b4,0.149924674454,0.148948093393,0.000867611808024,7,129,ok,
old,ifft,complex128,8192,8,ifft_complex128_n8192_b8,0.288363356741,0.286807417314,0.00077536079421,7,67,ok,
old,ifft,complex128,8192,16,ifft_complex128_n8192_b16,0.559557799716,0.557268135405,0.00191999909778,7,30,ok,
old,ifft,complex128,8192,32,ifft_complex128_n8192_b32,1.11130515758,1.10331188458,0.00347584360637,7,26,ok,
old,ifft,complex128,8192,64,ifft_complex128_n8192_b64,2.23876869019,2.2233563135,0.0112406157244,7,13,ok,
old,ifft,complex128,8192,256,ifft_complex128_n8192_b256,11.8684556801,11.7784316729,0.0216313249742,7,3,ok,
old,ifft,complex128,16384,1,ifft_complex128_n16384_b1,0.142348798186,0.141327156435,0.000189015044094,7,134,ok,
old,ifft,complex128,16384,2,ifft_complex128_n16384_b2,0.15975684044,0.159212910803,0.000317209633067,7,100,ok,
old,ifft,complex128,16384,4,ifft_complex128_n16384_b4,0.298325394397,0.296703392191,0.000882211939565,7,56,ok,
old,ifft,complex128,16384,8,ifft_complex128_n16384_b8,0.584276765585,0.58020936558,0.00197140034288,7,30,ok,
old,ifft,complex128,16384,16,ifft_complex128_n16384_b16,1.13389986059,1.12940999679,0.00211722429164,7,22,ok,
old,ifft,complex128,16384,32,ifft_complex128_n16384_b32,2.29048918382,2.27052126799,0.0128279948099,7,11,ok,
old,ifft,complex128,16384,64,ifft_complex128_n16384_b64,4.96510160156,4.87942520995,0.055327010341,7,5,ok,
old,ifft,complex128,16384,256,ifft_complex128_n16384_b256,26.0313579347,25.8989169961,0.101664103568,7,1,ok,
old,ifft,complex128,32768,1,ifft_complex128_n32768_b1,0.311850873192,0.309355808274,0.00164788844626,7,63,ok,
old,ifft,complex128,32768,2,ifft_complex128_n32768_b2,0.330184435976,0.326936416968,0.00091719023961,7,48,ok,
old,ifft,complex128,32768,4,ifft_complex128_n32768_b4,1.16543893237,1.15694716806,0.00466849887744,7,30,ok,
old,ifft,complex128,32768,8,ifft_complex128_n32768_b8,1.22095622484,1.21161288634,0.0060861154149,7,9,ok,
old,ifft,complex128,32768,16,ifft_complex128_n32768_b16,2.4496693979,2.44581409497,0.00385530292988,7,10,ok,
old,ifft,complex128,32768,32,ifft_complex128_n32768_b32,5.22222800646,5.1567616174,0.0305640045553,7,5,ok,
old,ifft,complex128,32768,64,ifft_complex128_n32768_b64,14.4226105185,14.3283070065,0.0278229708783,7,2,ok,
old,ifft,complex128,32768,256,ifft_complex128_n32768_b256,55.0805369858,54.9058360048,0.0756940571591,7,1,ok,
old,ifft,complex128,65536,1,ifft_complex128_n65536_b1,0.668338732794,0.665440534552,0.00115650085111,7,30,ok,
old,ifft,complex128,65536,2,ifft_complex128_n65536_b2,0.777348398697,0.775957732306,0.00134126360839,7,30,ok,
old,ifft,complex128,65536,4,ifft_complex128_n65536_b4,1.64492710763,1.63972036496,0.00233757677243,7,19,ok,
old,ifft,complex128,65536,8,ifft_complex128_n65536_b8,2.94586922973,2.91626855162,0.0116832218029,7,9,ok,
old,ifft,complex128,65536,16,ifft_complex128_n65536_b16,6.15772974561,6.08718098374,0.0592774886172,7,4,ok,
old,ifft,complex128,65536,32,ifft_complex128_n65536_b32,13.3234923317,13.2301746635,0.0302370171994,7,3,ok,
old,ifft,complex128,65536,64,ifft_complex128_n65536_b64,28.5279389936,28.4101460129,0.0848410418257,7,1,ok,
old,ifft,complex128,65536,256,ifft_complex128_n65536_b256,224.731832044,116.025219089,100.543781999,7,1,ok,
c222,fft,complex64,64,1,fft_complex64_n64_b1,0.00451260065246,0.00447168010929,1.46437985858e-05,9,1044,ok,
c222,fft,complex64,64,2,fft_complex64_n64_b2,0.00505929707175,0.00502086733888,2.12841262782e-05,9,1552,ok,
c222,fft,complex64,64,4,fft_complex64_n64_b4,0.00553421297809,0.00549256900558,7.47450394556e-06,9,2000,ok,
c222,fft,complex64,64,8,fft_complex64_n64_b8,0.00633016355781,0.0062640265707,1.56999467061e-05,9,1993,ok,
c222,fft,complex64,64,16,fft_complex64_n64_b16,0.00756036045243,0.00751365617108,1.81440214301e-05,9,1687,ok,
c222,fft,complex64,64,32,fft_complex64_n64_b32,0.0106546644844,0.0105695387501,5.83714026274e-05,9,1225,ok,
c222,fft,complex64,64,64,fft_complex64_n64_b64,0.0163607537542,0.0161056682694,0.000110800065789,9,865,ok,
c222,fft,complex64,64,256,fft_complex64_n64_b256,0.203839551735,0.20329758263,0.000248802583277,7,96,ok,
c222,fft,complex64,256,1,fft_complex64_n256_b1,0.00584570850609,0.00580390825724,2.94892107326e-05,9,1482,ok,
c222,fft,complex64,256,2,fft_complex64_n256_b2,0.00716562536582,0.00713521965834,1.80933133559e-05,9,1639,ok,
c222,fft,complex64,256,4,fft_complex64_n256_b4,0.00893630589504,0.00884300337823,1.89249702995e-05,9,1494,ok,
c222,fft,complex64,256,8,fft_complex64_n256_b8,0.0124318412131,0.0122719285007,2.92200295941e-05,9,1077,ok,
c222,fft,complex64,256,16,fft_complex64_n256_b16,0.0197641072636,0.0196751923515,5.35220620392e-05,9,494,ok,
c222,fft,complex64,256,32,fft_complex64_n256_b32,0.0337274454068,0.0333335954929,0.000167014659382,9,200,ok,
c222,fft,complex64,256,64,fft_complex64_n256_b64,0.217700377107,0.216053122292,0.000530010503199,9,90,ok,
c222,fft,complex64,256,256,fft_complex64_n256_b256,0.948725396302,0.94558444689,0.00045329798013,7,20,ok,
c222,fft,complex64,1024,1,fft_complex64_n1024_b1,0.0127242671242,0.0126479120843,6.87161484853e-05,9,842,ok,
c222,fft,complex64,1024,2,fft_complex64_n1024_b2,0.0172929756824,0.0171834316894,3.26538287189e-05,9,783,ok,
c222,fft,complex64,1024,4,fft_complex64_n1024_b4,0.0260432481473,0.0258274111224,4.30055445543e-05,9,540,ok,
c222,fft,complex64,1024,8,fft_complex64_n1024_b8,0.0432402000297,0.0426758354297,0.000293414923362,9,200,ok,
c222,fft,complex64,1024,16,fft_complex64_n1024_b16,0.0775042147143,0.0769150449196,0.000108604435809,9,200,ok,
c222,fft,complex64,1024,32,fft_complex64_n1024_b32,0.145354722206,0.144694977321,0.000343661531246,9,133,ok,
c222,fft,complex64,1024,64,fft_complex64_n1024_b64,0.987306837679,0.972821891896,0.00846083275974,9,19,ok,
c222,fft,complex64,1024,256,fft_complex64_n1024_b256,2.63443529839,2.61797499843,0.0144243938848,7,10,ok,
c222,fft,complex64,2048,1,fft_complex64_n2048_b1,0.0213639390208,0.0211356414902,2.11251685151e-05,9,608,ok,
c222,fft,complex64,2048,2,fft_complex64_n2048_b2,0.0322236819619,0.0318577462483,0.000183643172207,9,437,ok,
c222,fft,complex64,2048,4,fft_complex64_n2048_b4,0.0517766649136,0.0510214304086,0.000171624706127,9,200,ok,
c222,fft,complex64,2048,8,fft_complex64_n2048_b8,0.092638549977,0.0919592147693,0.00026976049412,9,200,ok,
c222,fft,complex64,2048,16,fft_complex64_n2048_b16,0.167257161377,0.166509474107,0.000576508405097,9,118,ok,
c222,fft,complex64,2048,32,fft_complex64_n2048_b32,0.325970617511,0.322037149454,0.00211701844819,9,60,ok,
c222,fft,complex64,2048,64,fft_complex64_n2048_b64,0.639155968868,0.635896467914,0.00137126383682,9,30,ok,
c222,fft,complex64,2048,256,fft_complex64_n2048_b256,4.42697251371,4.29699750384,0.0784356573907,7,6,ok,
c222,fft,complex64,3072,1,fft_complex64_n3072_b1,0.0290528595094,0.0287918416084,9.08979787849e-05,9,442,ok,
c222,fft,complex64,3072,2,fft_complex64_n3072_b2,0.045980004943,0.0457825348713,0.000115219736472,9,200,ok,
c222,fft,complex64,3072,4,fft_complex64_n3072_b4,0.0767836451996,0.0763548305258,0.000220065121539,9,200,ok,
c222,fft,complex64,3072,8,fft_complex64_n3072_b8,0.137966409966,0.136964306067,0.000667944227138,9,144,ok,
c222,fft,complex64,3072,16,fft_complex64_n3072_b16,0.259527320353,0.256546066764,0.000518853776157,9,75,ok,
c222,fft,complex64,3072,32,fft_complex64_n3072_b32,0.502036934874,0.49992223115,0.000916402010868,9,30,ok,
c222,fft,complex64,3072,64,fft_complex64_n3072_b64,1.00375672964,0.995955344898,0.00460600355067,9,26,ok,
c222,fft,complex64,3072,256,fft_complex64_n3072_b256,6.47927049431,6.4193290018,0.0493637635373,7,4,ok,
c222,fft,complex64,3584,1,fft_complex64_n3584_b1,0.0325978118482,0.032367907336,9.80899444428e-05,9,377,ok,
c222,fft,complex64,3584,2,fft_complex64_n3584_b2,0.0521547353128,0.0517482601572,0.000211150036193,9,200,ok,
c222,fft,complex64,3584,4,fft_complex64_n3584_b4,0.0871238805121,0.0866791850422,0.000379520351999,9,200,ok,
c222,fft,complex64,3584,8,fft_complex64_n3584_b8,0.156380295753,0.155642976053,0.000634566880763,9,125,ok,
c222,fft,complex64,3584,16,fft_complex64_n3584_b16,0.289702969674,0.288166574936,0.00121550119454,9,66,ok,
c222,fft,complex64,3584,32,fft_complex64_n3584_b32,0.568432368649,0.563533363553,0.00197543607404,9,30,ok,
c222,fft,complex64,3584,64,fft_complex64_n3584_b64,1.11763716268,1.11159362617,0.00342816444269,9,24,ok,
c222,fft,complex64,3584,256,fft_complex64_n3584_b256,7.41203730771,7.30945600662,0.0198176906755,7,3,ok,
c222,fft,complex64,4095,1,fft_complex64_n4095_b1,0.0439065717087,0.0436892879544,0.000192884694142,9,278,ok,
c222,fft,complex64,4095,2,fft_complex64_n4095_b2,0.0723125552759,0.0720225053374,0.000115515431389,9,200,ok,
c222,fft,complex64,4095,4,fft_complex64_n4095_b4,0.132014203601,0.13153179593,0.000370223689698,9,147,ok,
c222,fft,complex64,4095,8,fft_complex64_n4095_b8,0.250614816507,0.249586276416,0.000535092304314,9,76,ok,
c222,fft,complex64,4095,16,fft_complex64_n4095_b16,0.489311409183,0.486569795519,0.00272617818644,9,39,ok,
c222,fft,complex64,4095,32,fft_complex64_n4095_b32,0.980322136833,0.975041413391,0.00273379705975,9,29,ok,
c222,fft,complex64,4095,64,fft_complex64_n4095_b64,1.92632240554,1.90990653355,0.0102868769318,9,15,ok,
c222,fft,complex64,4095,256,fft_complex64_n4095_b256,11.1831599497,10.9818925266,0.0426514307037,7,2,ok,
c222,fft,complex64,4096,1,fft_complex64_n4096_b1,0.0384741770406,0.0382870686197,0.000130325061562,9,277,ok,
c222,fft,complex64,4096,2,fft_complex64_n4096_b2,0.0588568102103,0.0586524204118,0.000154894660227,9,200,ok,
c222,fft,complex64,4096,4,fft_complex64_n4096_b4,0.0987122268608,0.0978277680541,0.000181582698733,9,194,ok,
c222,fft,complex64,4096,8,fft_complex64_n4096_b8,0.177706592863,0.177095249657,0.000380065844015,9,108,ok,
c222,fft,complex64,4096,16,fft_complex64_n4096_b16,0.33488623116,0.333110018151,0.0010557497652,9,56,ok,
c222,fft,complex64,4096,32,fft_complex64_n4096_b32,0.65881863314,0.654696133764,0.00210163416341,9,30,ok,
c222,fft,complex64,4096,64,fft_complex64_n4096_b64,1.28548561839,1.28127004774,0.00421557065454,9,21,ok,
c222,fft,complex64,4096,256,fft_complex64_n4096_b256,8.53460200597,8.37064068764,0.0930466922,7,3,ok,
c222,fft,complex64,4097,1,fft_complex64_n4097_b1,0.117996172511,0.116263609534,0.000409053373366,7,151,ok,
c222,fft,complex64,4097,2,fft_complex64_n4097_b2,0.192419595596,0.190916941322,0.000246518398993,7,104,ok,
c222,fft,complex64,4097,4,fft_complex64_n4097_b4,0.37678157857,0.373695923302,0.00138705945574,7,52,ok,
c222,fft,complex64,4097,8,fft_complex64_n4097_b8,0.726817111071,0.72535136887,0.0011028152787,7,27,ok,
c222,fft,complex64,4097,16,fft_complex64_n4097_b16,1.43042560085,1.40457650414,0.01799169695,7,20,ok,
c222,fft,complex64,4097,32,fft_complex64_n4097_b32,2.80482979724,2.79461849714,0.00825560418889,7,10,ok,
c222,fft,complex64,4097,64,fft_complex64_n4097_b64,5.60798640363,5.54986819625,0.0302675878629,7,5,ok,
c222,fft,complex64,4097,256,fft_complex64_n4097_b256,25.6892089965,25.4612060962,0.116731971502,7,1,ok,
c222,fft,complex64,4608,1,fft_complex64_n4608_b1,0.0415445351973,0.0414344749879,9.21753235161e-05,7,200,ok,
c222,fft,complex64,4608,2,fft_complex64_n4608_b2,0.0701118301367,0.0695543701295,0.000215210020542,7,200,ok,
c222,fft,complex64,4608,4,fft_complex64_n4608_b4,0.120811837405,0.120262287965,0.00029963121051,7,160,ok,
c222,fft,complex64,4608,8,fft_complex64_n4608_b8,0.220091586622,0.219281310558,0.000793470776287,7,87,ok,
c222,fft,complex64,4608,16,fft_complex64_n4608_b16,0.424104265403,0.422530303088,0.00108303114151,7,30,ok,
c222,fft,complex64,4608,32,fft_complex64_n4608_b32,0.831897265743,0.824468497497,0.00375276819492,7,30,ok,
c222,fft,complex64,4608,64,fft_complex64_n4608_b64,1.64318955891,1.63367255462,0.00456811782594,7,18,ok,
c222,fft,complex64,4608,256,fft_complex64_n4608_b256,10.2505573304,10.1053513354,0.030671673206,7,3,ok,
c222,fft,complex64,8192,1,fft_complex64_n8192_b1,0.0763297849335,0.0760608247947,0.000135904992931,7,200,ok,
c222,fft,complex64,8192,2,fft_complex64_n8192_b2,0.125755776547,0.125510692173,0.000201992794767,7,143,ok,
c222,fft,complex64,8192,4,fft_complex64_n8192_b4,0.268707443158,0.267201541444,0.00147112263625,7,72,ok,
c222,fft,complex64,8192,8,fft_complex64_n8192_b8,0.50195472982,0.501126135901,0.000480622229343,7,37,ok,
c222,fft,complex64,8192,16,fft_complex64_n8192_b16,0.999326772916,0.987317041458,0.00345542614993,7,26,ok,
c222,fft,complex64,8192,32,fft_complex64_n8192_b32,1.93917493535,1.93216314074,0.00556627388245,7,14,ok,
c222,fft,complex64,8192,64,fft_complex64_n8192_b64,4.02821886486,3.98235743134,0.0320522813126,7,7,ok,
c222,fft,complex64,8192,256,fft_complex64_n8192_b256,18.8873934676,18.6112539959,0.267157040071,7,2,ok,
c222,fft,complex64,16384,1,fft_complex64_n16384_b1,0.193073138788,0.191592207953,0.000755792474466,7,101,ok,
c222,fft,complex64,16384,2,fft_complex64_n16384_b2,0.376237847377,0.3751014816,0.000749327367745,7,52,ok,
c222,fft,complex64,16384,4,fft_complex64_n16384_b4,0.750133230423,0.738580115677,0.00780292052346,7,26,ok,
c222,fft,complex64,16384,8,fft_complex64_n16384_b8,1.46779455245,1.46217439906,0.00120930490084,7,20,ok,
c222,fft,complex64,16384,16,fft_complex64_n16384_b16,2.91341400007,2.90157150012,0.00760549446568,7,10,ok,
c222,fft,complex64,16384,32,fft_complex64_n16384_b32,5.79557858873,5.74979379307,0.015050615184,7,5,ok,
c222,fft,complex64,16384,64,fft_complex64_n16384_b64,14.1214730684,13.2025890052,0.91888406314,7,1,ok,
c222,fft,complex64,16384,256,fft_complex64_n16384_b256,61.2116489792,60.9350940213,0.0791809288785,7,1,ok,
c222,fft,complex64,32768,1,fft_complex64_n32768_b1,0.455025905034,0.453645429973,0.000308905284674,7,42,ok,
c222,fft,complex64,32768,2,fft_complex64_n32768_b2,0.880887181583,0.874297862703,0.00345295781947,7,22,ok,
c222,fft,complex64,32768,4,fft_complex64_n32768_b4,1.71702500323,1.70400735292,0.00749012071858,7,17,ok,
c222,fft,complex64,32768,8,fft_complex64_n32768_b8,3.48616825067,3.46924237965,0.0130472471938,7,8,ok,
c222,fft,complex64,32768,16,fft_complex64_n32768_b16,6.86718674842,6.81114324834,0.0297340156976,7,4,ok,
c222,fft,complex64,32768,32,fft_complex64_n32768_b32,16.0877880407,15.352130984,0.735657056794,7,1,ok,
c222,fft,complex64,32768,64,fft_complex64_n32768_b64,34.5466269646,34.2690900434,0.134804984555,7,1,ok,
c222,fft,complex64,32768,256,fft_complex64_n32768_b256,137.203433085,136.831025011,0.224695890211,7,1,ok,
c222,fft,complex64,65536,1,fft_complex64_n65536_b1,0.963580157412,0.959692792477,0.00388736493493,7,19,ok,
c222,fft,complex64,65536,2,fft_complex64_n65536_b2,1.83047568134,1.80809887388,0.0114292561193,7,16,ok,
c222,fft,complex64,65536,4,fft_complex64_n65536_b4,3.73768570301,3.71367871828,0.0165414364476,7,7,ok,
c222,fft,complex64,65536,8,fft_complex64_n65536_b8,7.37555798454,7.33604965111,0.0213870080188,7,3,ok,
c222,fft,complex64,65536,16,fft_complex64_n65536_b16,18.2248059427,16.9704329455,1.14247808233,7,1,ok,
c222,fft,complex64,65536,32,fft_complex64_n65536_b32,38.8507300522,38.6155829765,0.23514602799,7,1,ok,
c222,fft,complex64,65536,64,fft_complex64_n65536_b64,75.5912730237,75.3085759934,0.135086011142,7,1,ok,
c222,fft,complex64,65536,256,fft_complex64_n65536_b256,519.821480033,502.374370932,13.0199519917,7,1,ok,
c222,fft,complex128,64,1,fft_complex128_n64_b1,0.00377573899459,0.00373816350475,1.68315018527e-05,9,2000,ok,
c222,fft,complex128,64,2,fft_complex128_n64_b2,0.00408207596047,0.00403845851542,6.90802698955e-06,9,2000,ok,
c222,fft,complex128,64,4,fft_complex128_n64_b4,0.00434359750943,0.00431401148671,1.05400104076e-05,9,2000,ok,
c222,fft,complex128,64,8,fft_complex128_n64_b8,0.00501636503031,0.00499770452734,1.35354348458e-05,9,2000,ok,
c222,fft,complex128,64,16,fft_complex128_n64_b16,0.00617329700617,0.00612946349429,1.55994785018e-05,9,2000,ok,
c222,fft,complex128,64,32,fft_complex128_n64_b32,0.00858305381483,0.00849336108154,3.09645519746e-05,9,1634,ok,
c222,fft,complex128,64,64,fft_complex128_n64_b64,0.012922860553,0.0128752497639,3.47693407451e-05,9,1097,ok,
c222,fft,complex128,64,256,fft_complex128_n64_b256,0.0419062201399,0.04153326503,0.000322709674947,7,200,ok,
c222,fft,complex128,256,1,fft_complex128_n256_b1,0.0049668509746,0.00492501154076,1.18674943224e-05,9,2000,ok,
c222,fft,complex128,256,2,fft_complex128_n256_b2,0.00585669052089,0.00581676501315,1.81744690053e-05,9,2000,ok,
c222,fft,complex128,256,4,fft_complex128_n256_b4,0.00745121795602,0.00736772161364,3.7734011816e-05,9,1771,ok,
c222,fft,complex128,256,8,fft_complex128_n256_b8,0.0105726440535,0.0104618239431,4.06647059873e-05,9,1312,ok,
c222,fft,complex128,256,16,fft_complex128_n256_b16,0.0164152180503,0.0163204233498,7.57716043993e-05,9,867,ok,
c222,fft,complex128,256,32,fft_complex128_n256_b32,0.028504524962,0.0282777950633,0.000138815375976,9,200,ok,
c222,fft,complex128,256,64,fft_complex128_n256_b64,0.0523248000536,0.052136600134,0.000156089663506,9,200,ok,
c222,fft,complex128,256,256,fft_complex128_n256_b256,0.193490278504,0.192454374673,0.000383605276091,7,104,ok,
c222,fft,complex128,1024,1,fft_complex128_n1024_b1,0.01142007021,0.0112850245562,1.54324848074e-05,9,1140,ok,
c222,fft,complex128,1024,2,fft_complex128_n1024_b2,0.0154139752646,0.0153653549941,3.28595980248e-05,9,890,ok,
c222,fft,complex128,1024,4,fft_complex128_n1024_b4,0.0229376572545,0.0228557652528,6.75572367499e-05,9,490,ok,
c222,fft,complex128,1024,8,fft_complex128_n1024_b8,0.0382309401175,0.0380164396483,2.31998274103e-05,9,200,ok,
c222,fft,complex128,1024,16,fft_complex128_n1024_b16,0.0709445099346,0.0704654003493,0.00018184480723,9,200,ok,
c222,fft,complex128,1024,32,fft_complex128_n1024_b32,0.132346536582,0.132103351142,9.3351210782e-05,9,151,ok,
c222,fft,complex128,1024,64,fft_complex128_n1024_b64,0.254573886978,0.254155241271,0.000402418295322,9,79,ok,
c222,fft,complex128,1024,256,fft_complex128_n1024_b256,0.995090832779,0.993389931197,0.00155429976682,7,30,ok,
c222,fft,complex128,2048,1,fft_complex128_n2048_b1,0.019561708938,0.0193782367301,9.69173330893e-05,9,701,ok,
c222,fft,complex128,2048,2,fft_complex128_n2048_b2,0.0290961427777,0.0290262364439,6.48862490707e-05,9,491,ok,
c222,fft,complex128,2048,4,fft_complex128_n2048_b4,0.0464295101119,0.0462873396464,6.57746568322e-05,9,200,ok,
c222,fft,complex128,2048,8,fft_complex128_n2048_b8,0.083463829942,0.0830511952518,0.000270765158348,9,200,ok,
c222,fft,complex128,2048,16,fft_complex128_n2048_b16,0.150475120592,0.149977105474,0.000291676400579,9,133,ok,
c222,fft,complex128,2048,32,fft_complex128_n2048_b32,0.288950265659,0.286673163132,0.00109250129967,9,68,ok,
c222,fft,complex128,2048,64,fft_complex128_n2048_b64,0.566599533583,0.564773733883,0.0010470005994,9,30,ok,
c222,fft,complex128,2048,256,fft_complex128_n2048_b256,2.26396576573,2.24866438657,0.0108074522219,7,13,ok,
c222,fft,complex128,3072,1,fft_complex128_n3072_b1,0.0274578383545,0.0273423906346,5.5075009561e-05,9,507,ok,
c222,fft,complex128,3072,2,fft_complex128_n3072_b2,0.043113665306,0.0427619449329,0.000177634647116,9,200,ok,
c222,fft,complex128,3072,4,fft_complex128_n3072_b4,0.0712453847518,0.0708431197563,0.00018419988919,9,200,ok,
c222,fft,complex128,3072,8,fft_complex128_n3072_b8,0.127824752259,0.127414102031,0.000107528457928,9,157,ok,
c222,fft,complex128,3072,16,fft_complex128_n3072_b16,0.239498855782,0.236849854588,0.000377227720546,9,83,ok,
c222,fft,complex128,3072,32,fft_complex128_n3072_b32,0.455849233549,0.452612767306,0.00175033540775,9,30,ok,
c222,fft,complex128,3072,64,fft_complex128_n3072_b64,0.89790863373,0.89268470183,0.00190859815727,9,30,ok,
c222,fft,complex128,3072,256,fft_complex128_n3072_b256,3.73128113279,3.70443775319,0.0260496162809,7,8,ok,
c222,fft,complex128,3584,1,fft_complex128_n3584_b1,0.0302971924616,0.0301068992473,0.000138785294205,9,447,ok,
c222,fft,complex128,3584,2,fft_complex128_n3584_b2,0.0472789251944,0.0468505598838,0.000146074453369,9,200,ok,
c222,fft,complex128,3584,4,fft_complex128_n3584_b4,0.0791210850002,0.0788990099682,0.000101695186459,9,200,ok,
c222,fft,complex128,3584,8,fft_complex128_n3584_b8,0.14023282434,0.139421422664,0.000295063651259,9,142,ok,
c222,fft,complex128,3584,16,fft_complex128_n3584_b16,0.263070324247,0.262249176189,0.000162608606892,9,74,ok,
c222,fft,complex128,3584,32,fft_complex128_n3584_b32,0.526350767662,0.521250398985,0.0045867326359,9,30,ok,
c222,fft,complex128,3584,64,fft_complex128_n3584_b64,1.00955407418,1.00245024909,0.00322650053671,9,28,ok,
c222,fft,complex128,3584,256,fft_complex128_n3584_b256,4.26761198988,4.24122042023,0.0175491441041,7,7,ok,
c222,fft,complex128,4095,1,fft_complex128_n4095_b1,0.0409896716196,0.0406495767554,9.66872100038e-05,9,326,ok,
c222,fft,complex128,4095,2,fft_complex128_n4095_b2,0.0675132451579,0.0672573549673,0.000233890605159,9,200,ok,
c222,fft,complex128,4095,4,fft_complex128_n4095_b4,0.124620256247,0.124301150208,0.00031910603866,9,160,ok,
c222,fft,complex128,4095,8,fft_complex128_n4095_b8,0.236117400174,0.234598634929,0.000632729600458,9,85,ok,
c222,fft,complex128,4095,16,fft_complex128_n4095_b16,0.46030218648,0.457350045529,0.00194348882191,9,43,ok,
c222,fft,complex128,4095,32,fft_complex128_n4095_b32,0.900116465831,0.899091863539,0.000750735246887,9,30,ok,
c222,fft,complex128,4095,64,fft_complex128_n4095_b64,1.80526850454,1.78754918306,0.0057765719248,9,16,ok,
c222,fft,complex128,4095,256,fft_complex128_n4095_b256,7.38100000308,7.3381762486,0.034783501178,7,4,ok,
c222,fft,complex128,4096,1,fft_complex128_n4096_b1,0.0355857793339,0.035537789612,4.79897218091e-05,9,385,ok,
c222,fft,complex128,4096,2,fft_complex128_n4096_b2,0.0532411952736,0.0530154199805,0.000201130169444,9,200,ok,
c222,fft,complex128,4096,4,fft_complex128_n4096_b4,0.089723719866,0.0895054003922,0.000188005506061,9,200,ok,
c222,fft,complex128,4096,8,fft_complex128_n4096_b8,0.160286604847,0.159893443079,0.000185024316212,9,124,ok,
c222,fft,complex128,4096,16,fft_complex128_n4096_b16,0.304830199681,0.302457537215,0.000930538114447,9,65,ok,
c222,fft,complex128,4096,32,fft_complex128_n4096_b32,0.606759466852,0.601697499709,0.00241023565953,9,30,ok,
c222,fft,complex128,4096,64,fft_complex128_n4096_b64,1.182084959,1.17430295795,0.00692596193403,9,25,ok,
c222,fft,complex128,4096,256,fft_complex128_n4096_b256,5.04341799145,5.01943100244,0.0226929939042,7,6,ok,
c222,fft,complex128,4097,1,fft_complex128_n4097_b1,0.112551257657,0.111660204572,0.000302035127336,7,171,ok,
c222,fft,complex128,4097,2,fft_complex128_n4097_b2,0.183011241971,0.18192507505,0.000508252975191,7,107,ok,
c222,fft,complex128,4097,4,fft_complex128_n4097_b4,0.351826088653,0.349367482288,0.00199539187763,7,56,ok,
c222,fft,complex128,4097,8,fft_complex128_n4097_b8,0.691685497129,0.688209643288,0.0023831463685,7,28,ok,
c222,fft,complex128,4097,16,fft_complex128_n4097_b16,1.36620800255,1.36232009113,0.00288880740603,7,21,ok,
c222,fft,complex128,4097,32,fft_complex128_n4097_b32,2.68601936246,2.68445363988,0.00156572257931,7,11,ok,
c222,fft,complex128,4097,64,fft_complex128_n4097_b64,5.32854378689,5.31749478541,0.00669481232762,7,5,ok,
c222,fft,complex128,4097,256,fft_complex128_n4097_b256,21.8815979315,21.8101430219,0.0612658914179,7,1,ok,
c222,fft,complex128,4608,1,fft_complex128_n4608_b1,0.0385257555172,0.0383671501186,0.000125334481709,7,200,ok,
c222,fft,complex128,4608,2,fft_complex128_n4608_b2,0.0644636049401,0.0639836897608,0.000458770082332,7,200,ok,
c222,fft,complex128,4608,4,fft_complex128_n4608_b4,0.110883242189,0.109522005679,0.000284364698141,7,178,ok,
c222,fft,complex128,4608,8,fft_complex128_n4608_b8,0.201238916956,0.200818112773,0.000420804183508,7,97,ok,
c222,fft,complex128,4608,16,fft_complex128_n4608_b16,0.38250896614,0.381864766435,0.000618200283498,7,30,ok,
c222,fft,complex128,4608,32,fft_complex128_n4608_b32,0.759201900413,0.755016967499,0.00124136762073,7,30,ok,
c222,fft,complex128,4608,64,fft_complex128_n4608_b64,1.48259673733,1.47311557942,0.00677126043133,7,19,ok,
c222,fft,complex128,4608,256,fft_complex128_n4608_b256,6.3551011961,6.30756078754,0.0308968126774,7,5,ok,
c222,fft,complex128,8192,1,fft_complex128_n8192_b1,0.0718617503298,0.0712821003981,0.00038948492147,7,200,ok,
c222,fft,complex128,8192,2,fft_complex128_n8192_b2,0.118286820117,0.117637802607,0.000321508446586,7,167,ok,
c222,fft,complex128,8192,4,fft_complex128_n8192_b4,0.218421912944,0.217831445574,0.000571075361222,7,92,ok,
c222,fft,complex128,8192,8,fft_complex128_n8192_b8,0.40987563291,0.406408632573,0.00225428529844,7,49,ok,
c222,fft,complex128,8192,16,fft_complex128_n8192_b16,0.803319702391,0.797378066151,0.00452996852497,7,30,ok,
c222,fft,complex128,8192,32,fft_complex128_n8192_b32,1.54763131746,1.5432324236,0.0022674150961,7,19,ok,
c222,fft,complex128,8192,64,fft_complex128_n8192_b64,3.13911944007,3.13323500773,0.00588443233735,7,9,ok,
c222,fft,complex128,8192,256,fft_complex128_n8192_b256,13.9117656897,13.8275893405,0.0622983012969,7,3,ok,
c222,fft,complex128,16384,1,fft_complex128_n16384_b1,0.181635170692,0.181157386835,0.00041077475784,7,106,ok,
c222,fft,complex128,16384,2,fft_complex128_n16384_b2,0.352375754645,0.350793982905,0.000444191851114,7,57,ok,
c222,fft,complex128,16384,4,fft_complex128_n16384_b4,0.698558570418,0.696028749059,0.00118153652043,7,28,ok,
c222,fft,complex128,16384,8,fft_complex128_n16384_b8,1.38683523983,1.38353566927,0.0028325289133,7,21,ok,
c222,fft,complex128,16384,16,fft_complex128_n16384_b16,2.75186619256,2.73924830835,0.00707551371306,7,10,ok,
c222,fft,complex128,16384,32,fft_complex128_n16384_b32,5.54519121069,5.49097021576,0.0525759998709,7,5,ok,
c222,fft,complex128,16384,64,fft_complex128_n16384_b64,11.7883034982,11.7525060195,0.0357974786311,7,2,ok,
c222,fft,complex128,16384,256,fft_complex128_n16384_b256,50.6788089406,49.8089269968,0.12942601461,7,1,ok,
c222,fft,complex128,32768,1,fft_complex128_n32768_b1,0.437041623,0.434811842731,0.00097364342461,7,45,ok,
c222,fft,complex128,32768,2,fft_complex128_n32768_b2,0.857193741704,0.856215346848,0.00014857125833,7,23,ok,
c222,fft,complex128,32768,4,fft_complex128_n32768_b4,1.69404605677,1.68719541227,0.0032396398156,7,17,ok,
c222,fft,complex128,32768,8,fft_complex128_n32768_b8,3.27804543647,3.26341777367,0.0109207790552,7,9,ok,
c222,fft,complex128,32768,16,fft_complex128_n32768_b16,6.67503976729,6.5807380015,0.0647552369628,7,4,ok,
c222,fft,complex128,32768,32,fft_complex128_n32768_b32,13.8478545123,13.7726214598,0.0746920122765,7,2,ok,
c222,fft,complex128,32768,64,fft_complex128_n32768_b64,29.4411230134,29.2371358955,0.0366090098396,7,1,ok,
c222,fft,complex128,32768,256,fft_complex128_n32768_b256,114.651881973,114.162523067,0.206832075492,7,1,ok,
c222,fft,complex128,65536,1,fft_complex128_n65536_b1,0.932209620563,0.927160521747,0.00302814545908,7,21,ok,
c222,fft,complex128,65536,2,fft_complex128_n65536_b2,1.85001753271,1.83551860197,0.0056099301825,7,15,ok,
c222,fft,complex128,65536,4,fft_complex128_n65536_b4,3.60565274605,3.58876437531,0.0149170082295,7,8,ok,
c222,fft,complex128,65536,8,fft_complex128_n65536_b8,7.34097923851,7.24267723854,0.0794657680672,7,4,ok,
c222,fft,complex128,65536,16,fft_complex128_n65536_b16,15.2939100517,14.8871979909,0.30744401738,7,1,ok,
c222,fft,complex128,65536,32,fft_complex128_n65536_b32,32.5005220948,32.0783000207,0.218183966354,7,1,ok,
c222,fft,complex128,65536,64,fft_complex128_n65536_b64,63.4240800282,63.1753569469,0.227793003432,7,1,ok,
c222,fft,complex128,65536,256,fft_complex128_n65536_b256,458.60844804,256.979433936,37.6971389633,7,1,ok,
c222,ifft,complex64,64,1,ifft_complex64_n64_b1,0.00468653513508,0.00464308391201,1.46279717228e-05,9,1024,ok,
c222,ifft,complex64,64,2,ifft_complex64_n64_b2,0.00514128785493,0.00511693129707,9.29407569842e-06,9,1921,ok,
c222,ifft,complex64,64,4,ifft_complex64_n64_b4,0.00558918669158,0.00557407442825,2.9955305193e-06,9,659,ok,
c222,ifft,complex64,64,8,ifft_complex64_n64_b8,0.00651567253948,0.00649223372947,1.72165595286e-05,9,1921,ok,
c222,ifft,complex64,64,16,ifft_complex64_n64_b16,0.00828496669692,0.00824365455469,1.6651484589e-05,9,1621,ok,
c222,ifft,complex64,64,32,ifft_complex64_n64_b32,0.0115332838358,0.0115039846611,2.76389953537e-05,9,1177,ok,
c222,ifft,complex64,64,64,ifft_complex64_n64_b64,0.0183717691458,0.01832182416,3.8504563022e-05,9,745,ok,
c222,ifft,complex64,64,256,ifft_complex64_n64_b256,0.058805810404,0.0583001051564,0.000266555580311,7,200,ok,
c222,ifft,complex64,256,1,ifft_complex64_n256_b1,0.00621297558747,0.00614303014878,5.69669296798e-05,9,1391,ok,
c222,ifft,complex64,256,2,ifft_complex64_n256_b2,0.00733982886302,0.00728369849893,2.47074565193e-05,9,1665,ok,
c222,ifft,complex64,256,4,ifft_complex64_n256_b4,0.00946740931862,0.00929538452576,5.37443670016e-05,9,1373,ok,
c222,ifft,complex64,256,8,ifft_complex64_n256_b8,0.0137565869589,0.0135975496076,0.000124628729138,9,988,ok,
c222,ifft,complex64,256,16,ifft_complex64_n256_b16,0.0208363185601,0.0206668966637,1.07138153924e-05,9,678,ok,
c222,ifft,complex64,256,32,ifft_complex64_n256_b32,0.0357613549568,0.0355364248389,7.99546251073e-05,9,200,ok,
c222,ifft,complex64,256,64,ifft_complex64_n256_b64,0.0661859253887,0.0647069653496,0.000160354538821,9,200,ok,
c222,ifft,complex64,256,256,ifft_complex64_n256_b256,0.241470829834,0.239604598525,0.000593695426133,7,82,ok,
c222,ifft,complex64,1024,1,ifft_complex64_n1024_b1,0.0132176884959,0.0130754727457,6.18720444054e-05,9,992,ok,
c222,ifft,complex64,1024,2,ifft_complex64_n1024_b2,0.0177402041989,0.0176285247255,5.49999921441e-05,9,764,ok,
c222,ifft,complex64,1024,4,ifft_complex64_n1024_b4,0.0255301844947,0.0254440687191,8.61157756482e-05,9,509,ok,
c222,ifft,complex64,1024,8,ifft_complex64_n1024_b8,0.0418279197766,0.0416540901642,0.000167875550687,9,200,ok,
c222,ifft,complex64,1024,16,ifft_complex64_n1024_b16,0.0745843251934,0.0742306001484,9.50851244852e-05,9,200,ok,
c222,ifft,complex64,1024,32,ifft_complex64_n1024_b32,0.139359119151,0.138767077555,0.000251183273192,9,142,ok,
c222,ifft,complex64,1024,64,ifft_complex64_n1024_b64,0.267374582551,0.266843566646,0.000121998537735,9,74,ok,
c222,ifft,complex64,1024,256,ifft_complex64_n1024_b256,1.03809578494,1.03690100202,0.000803286509056,7,28,ok,
c222,ifft,complex64,2048,1,ifft_complex64_n2048_b1,0.0214611616269,0.0213652424125,3.42805301638e-05,9,631,ok,
c222,ifft,complex64,2048,2,ifft_complex64_n2048_b2,0.030157580833,0.0299123063822,0.000222378776983,9,470,ok,
c222,ifft,complex64,2048,4,ifft_complex64_n2048_b4,0.0481190701248,0.0478354800725,8.50600190461e-05,9,200,ok,
c222,ifft,complex64,2048,8,ifft_complex64_n2048_b8,0.0827043899335,0.0822531851009,0.000127544626594,9,200,ok,
c222,ifft,complex64,2048,16,ifft_complex64_n2048_b16,0.151948515503,0.151375364993,0.000413016615702,9,126,ok,
c222,ifft,complex64,2048,32,ifft_complex64_n2048_b32,0.290314090063,0.289708746027,0.000389254610263,9,67,ok,
c222,ifft,complex64,2048,64,ifft_complex64_n2048_b64,0.564371297757,0.562132367243,0.00104866921902,9,30,ok,
c222,ifft,complex64,2048,256,ifft_complex64_n2048_b256,2.22601677076,2.21138592595,0.00978631074898,7,13,ok,
c222,ifft,complex64,3072,1,ifft_complex64_n3072_b1,0.0298956888683,0.0295799234481,4.30474895538e-05,9,418,ok,
c222,ifft,complex64,3072,2,ifft_complex64_n3072_b2,0.0448587245774,0.044615365332,0.000134105212055,9,200,ok,
c222,ifft,complex64,3072,4,ifft_complex64_n3072_b4,0.0698775850469,0.0696913298452,0.000156494788826,9,200,ok,
c222,ifft,complex64,3072,8,ifft_complex64_n3072_b8,0.124699822951,0.124402227812,0.000221760135993,9,158,ok,
c222,ifft,complex64,3072,16,ifft_complex64_n3072_b16,0.231519849094,0.230781697441,0.000682233042235,9,86,ok,
c222,ifft,complex64,3072,32,ifft_complex64_n3072_b32,0.445455498993,0.442383333575,0.00103696947917,9,30,ok,
c222,ifft,complex64,3072,64,ifft_complex64_n3072_b64,0.875604602819,0.873623834923,0.00120160014679,9,30,ok,
c222,ifft,complex64,3072,256,ifft_complex64_n3072_b256,3.45959913102,3.45367036061,0.00592877040617,7,8,ok,
c222,ifft,complex64,3584,1,ifft_complex64_n3584_b1,0.0334323134751,0.0333318419253,5.70751750755e-05,9,386,ok,
c222,ifft,complex64,3584,2,ifft_complex64_n3584_b2,0.0503873248817,0.0500763347372,9.59349563345e-05,9,200,ok,
c222,ifft,complex64,3584,4,ifft_complex64_n3584_b4,0.0797659100499,0.0793297350174,0.000100439647213,9,200,ok,
c222,ifft,complex64,3584,8,ifft_complex64_n3584_b8,0.14216630703,0.140633320968,0.000858563830012,9,140,ok,
c222,ifft,complex64,3584,16,ifft_complex64_n3584_b16,0.266810500761,0.264412209314,0.000831569195725,9,72,ok,
c222,ifft,complex64,3584,32,ifft_complex64_n3584_b32,0.512513832655,0.511419765341,0.00109406731402,9,30,ok,
c222,ifft,complex64,3584,64,ifft_complex64_n3584_b64,1.00677031301,1.00530648267,0.00105472281575,9,29,ok,
c222,ifft,complex64,3584,256,ifft_complex64_n3584_b256,3.99195271478,3.9782381417,0.00733815665756,7,7,ok,
c222,ifft,complex64,4095,1,ifft_complex64_n4095_b1,0.0489383442875,0.0487183447645,8.07438084871e-05,9,238,ok,
c222,ifft,complex64,4095,2,ifft_complex64_n4095_b2,0.0858237099601,0.0855277001392,0.000126939848997,9,200,ok,
c222,ifft,complex64,4095,4,ifft_complex64_n4095_b4,0.103718851861,0.103573333324,0.00014551853633,9,189,ok,
c222,ifft,complex64,4095,8,ifft_complex64_n4095_b8,0.194150504647,0.193418620733,0.000455631485697,9,103,ok,
c222,ifft,complex64,4095,16,ifft_complex64_n4095_b16,0.376684479236,0.375120750575,0.000774923067253,9,52,ok,
c222,ifft,complex64,4095,32,ifft_complex64_n4095_b32,0.739022266741,0.737397535704,0.0011017662473,9,30,ok,
c222,ifft,complex64,4095,64,ifft_complex64_n4095_b64,1.47629620042,1.4713102486,0.00270465388894,9,20,ok,
c222,ifft,complex64,4095,256,ifft_complex64_n4095_b256,5.88251780719,5.86100679357,0.00829158816487,7,5,ok,
c222,ifft,complex64,4096,1,ifft_complex64_n4096_b1,0.0379312257948,0.0373502627813,0.00017730552437,9,350,ok,
c222,ifft,complex64,4096,2,ifft_complex64_n4096_b2,0.0567987997783,0.0564269447932,0.000259744701907,9,200,ok,
c222,ifft,complex64,4096,4,ifft_complex64_n4096_b4,0.0902229698841,0.089785985183,0.000152189750224,9,200,ok,
c222,ifft,complex64,4096,8,ifft_complex64_n4096_b8,0.160606983568,0.15998661289,0.000285701976428,9,124,ok,
c222,ifft,complex64,4096,16,ifft_complex64_n4096_b16,0.302153272611,0.301384241814,0.000476969448342,9,66,ok,
c222,ifft,complex64,4096,32,ifft_complex64_n4096_b32,0.588829733897,0.587481163287,0.000649566451708,9,30,ok,
c222,ifft,complex64,4096,64,ifft_complex64_n4096_b64,1.1484795576,1.14544015843,0.00263979658484,9,25,ok,
c222,ifft,complex64,4096,256,ifft_complex64_n4096_b256,4.52935034021,4.52345749363,0.00589284657811,7,6,ok,
c222,ifft,complex64,4097,1,ifft_complex64_n4097_b1,0.143436295206,0.142882212072,0.000554083133907,7,132,ok,
c222,ifft,complex64,4097,2,ifft_complex64_n4097_b2,0.269820805342,0.269142584228,0.000549514273492,7,72,ok,
c222,ifft,complex64,4097,4,ifft_complex64_n4097_b4,0.217953076392,0.217353593773,0.000173064808433,7,91,ok,
c222,ifft,complex64,4097,8,ifft_complex64_n4097_b8,0.423014305694,0.420862391247,0.000259416360084,7,46,ok,
c222,ifft,complex64,4097,16,ifft_complex64_n4097_b16,0.830881367438,0.82904753508,0.00183383235708,7,30,ok,
c222,ifft,complex64,4097,32,ifft_complex64_n4097_b32,1.62642105069,1.62302850125,0.00250588507495,7,18,ok,
c222,ifft,complex64,4097,64,ifft_complex64_n4097_b64,3.35733933995,3.28277777104,0.00131588118772,7,9,ok,
c222,ifft,complex64,4097,256,ifft_complex64_n4097_b256,13.3639789807,13.297542658,0.0626990028347,7,3,ok,
c222,ifft,complex64,4608,1,ifft_complex64_n4608_b1,0.0437302846694,0.0436233350774,8.29546479508e-05,7,200,ok,
c222,ifft,complex64,4608,2,ifft_complex64_n4608_b2,0.0670921447454,0.0670516199898,4.05247556046e-05,7,200,ok,
c222,ifft,complex64,4608,4,ifft_complex64_n4608_b4,0.10709362816,0.106339139165,0.000366527820006,7,180,ok,
c222,ifft,complex64,4608,8,ifft_complex64_n4608_b8,0.190064068122,0.189917153106,0.000146915016768,7,104,ok,
c222,ifft,complex64,4608,16,ifft_complex64_n4608_b16,0.359756767284,0.356484903023,0.00116353233655,7,30,ok,
c222,ifft,complex64,4608,32,ifft_complex64_n4608_b32,0.697528132393,0.696992098043,0.000536034349352,7,30,ok,
c222,ifft,complex64,4608,64,ifft_complex64_n4608_b64,1.36965690624,1.36596747741,0.000918428191826,7,21,ok,
c222,ifft,complex64,4608,256,ifft_complex64_n4608_b256,5.42472039815,5.39761499967,0.00935760326684,7,5,ok,
c222,ifft,complex64,8192,1,ifft_complex64_n8192_b1,0.0698078499408,0.0694113498321,0.000215560430661,7,200,ok,
c222,ifft,complex64,8192,2,ifft_complex64_n8192_b2,0.111206724397,0.110889263739,0.000159747328274,7,178,ok,
c222,ifft,complex64,8192,4,ifft_complex64_n8192_b4,0.190875701194,0.190318970663,0.000515307944555,7,104,ok,
c222,ifft,complex64,8192,8,ifft_complex64_n8192_b8,0.355444564907,0.353782308627,0.000553800385784,7,55,ok,
c222,ifft,complex64,8192,16,ifft_complex64_n8192_b16,0.680579598217,0.678290601354,0.000324969490369,7,30,ok,
c222,ifft,complex64,8192,32,ifft_complex64_n8192_b32,1.31094195372,1.30599849879,0.00494345493445,7,22,ok,
c222,ifft,complex64,8192,64,ifft_complex64_n8192_b64,2.62329745403,2.60916427413,0.00435645184056,7,11,ok,
c222,ifft,complex64,8192,256,ifft_complex64_n8192_b256,10.8000873588,10.7407643615,0.0423236439625,7,3,ok,
c222,ifft,complex64,16384,1,ifft_complex64_n16384_b1,0.114708274946,0.113974251833,0.000366310000812,7,171,ok,
c222,ifft,complex64,16384,2,ifft_complex64_n16384_b2,0.196901136568,0.19661659914,0.000253747413425,7,95,ok,
c222,ifft,complex64,16384,4,ifft_complex64_n16384_b4,0.369515517916,0.363942352124,0.00282962961743,7,54,ok,
c222,ifft,complex64,16384,8,ifft_complex64_n16384_b8,0.698145998952,0.696640100796,0.00106866937131,7,30,ok,
c222,ifft,complex64,16384,16,ifft_complex64_n16384_b16,1.35308240583,1.3370506349,0.0160317709246,7,22,ok,
c222,ifft,complex64,16384,32,ifft_complex64_n16384_b32,2.66497130506,2.65847289702,0.00554339494556,7,10,ok,
c222,ifft,complex64,16384,64,ifft_complex64_n16384_b64,5.35468740854,5.35267759115,0.00200981739908,7,5,ok,
c222,ifft,complex64,16384,256,ifft_complex64_n16384_b256,24.2176239844,24.0763559705,0.0336340162903,7,1,ok,
c222,ifft,complex64,32768,1,ifft_complex64_n32768_b1,0.228577605334,0.227939111847,0.00036525953975,7,81,ok,
c222,ifft,complex64,32768,2,ifft_complex64_n32768_b2,0.405325668301,0.401978914548,0.00138658166785,7,48,ok,
c222,ifft,complex64,32768,4,ifft_complex64_n32768_b4,0.754920432034,0.748624800084,0.00154826945315,7,30,ok,
c222,ifft,complex64,32768,8,ifft_complex64_n32768_b8,1.45127419964,1.44366724999,0.004357250873,7,20,ok,
c222,ifft,complex64,32768,16,ifft_complex64_n32768_b16,2.86172180204,2.83228199696,0.028656295035,7,10,ok,
c222,ifft,complex64,32768,32,ifft_complex64_n32768_b32,5.68129960448,5.64989601262,0.0159021932632,7,5,ok,
c222,ifft,complex64,32768,64,ifft_complex64_n32768_b64,11.7671436553,11.6669400207,0.0415490164111,7,3,ok,
c222,ifft,complex64,32768,256,ifft_complex64_n32768_b256,49.5893899351,49.3583120406,0.10208284948,7,1,ok,
c222,ifft,complex64,65536,1,ifft_complex64_n65536_b1,0.479545438571,0.478589978274,0.000923951497165,7,41,ok,
c222,ifft,complex64,65536,2,ifft_complex64_n65536_b2,0.883014667003,0.87771693555,0.00161437007288,7,30,ok,
c222,ifft,complex64,65536,4,ifft_complex64_n65536_b4,1.68599076706,1.67609729996,0.0022872871555,7,17,ok,
c222,ifft,complex64,65536,8,ifft_complex64_n65536_b8,3.27625989707,3.25451643827,0.00664822032882,7,9,ok,
c222,ifft,complex64,65536,16,ifft_complex64_n65536_b16,6.57192376093,6.54069700977,0.00660002115183,7,4,ok,
c222,ifft,complex64,65536,32,ifft_complex64_n65536_b32,13.511499002,13.4535423325,0.0577530202766,7,3,ok,
c222,ifft,complex64,65536,64,ifft_complex64_n65536_b64,28.6563229747,28.599704965,0.0566180096939,7,1,ok,
c222,ifft,complex64,65536,256,ifft_complex64_n65536_b256,111.306849984,110.884267022,0.221319962293,7,1,ok,
c222,ifft,complex128,64,1,ifft_complex128_n64_b1,0.00478905578614,0.0047635675386,1.1458470171e-05,9,1614,ok,
c222,ifft,complex128,64,2,ifft_complex128_n64_b2,0.00518517050659,0.00514779455261,2.15305481106e-05,9,2000,ok,
c222,ifft,complex128,64,4,ifft_complex128_n64_b4,0.00562262150925,0.00556689547375,2.02785013244e-05,9,2000,ok,
c222,ifft,complex128,64,8,ifft_complex128_n64_b8,0.0063550019986,0.00632175849751,1.16670271382e-05,9,2000,ok,
c222,ifft,complex128,64,16,ifft_complex128_n64_b16,0.00755223628072,0.00750798055365,4.30453370029e-05,9,1697,ok,
c222,ifft,complex128,64,32,ifft_complex128_n64_b32,0.0102340162086,0.0101229947681,5.29896465179e-05,9,1357,ok,
c222,ifft,complex128,64,64,ifft_complex128_n64_b64,0.015209656376,0.0150487083217,6.93890815415e-05,9,902,ok,
c222,ifft,complex128,64,256,ifft_complex128_n64_b256,0.0465697800973,0.0459375797072,0.000235494808294,7,200,ok,
c222,ifft,complex128,256,1,ifft_complex128_n256_b1,0.00603811922152,0.00599561201161,1.55558496045e-05,9,1871,ok,
c222,ifft,complex128,256,2,ifft_complex128_n256_b2,0.0069545173904,0.006919432216,2.2567776194e-05,9,1608,ok,
c222,ifft,complex128,256,4,ifft_complex128_n256_b4,0.00857838338102,0.00852050165223,2.14024914105e-05,9,1513,ok,
c222,ifft,complex128,256,8,ifft_complex128_n256_b8,0.0117921644904,0.0117502141431,2.10583057608e-05,9,1149,ok,
c222,ifft,complex128,256,16,ifft_complex128_n256_b16,0.0180335323151,0.017998632987,2.89832037279e-05,9,774,ok,
c222,ifft,complex128,256,32,ifft_complex128_n256_b32,0.0311044597765,0.0309530750383,0.000151384738274,9,200,ok,
c222,ifft,complex128,256,64,ifft_complex128_n256_b64,0.0562100799289,0.0559910701122,0.000166214886121,9,200,ok,
c222,ifft,complex128,256,256,ifft_complex128_n256_b256,0.208393893541,0.207140670217,0.000488362275064,7,94,ok,
c222,ifft,complex128,1024,1,ifft_complex128_n1024_b1,0.012824448215,0.0127703659164,1.97279455441e-05,9,1033,ok,
c222,ifft,complex128,1024,2,ifft_complex128_n1024_b2,0.0166745533446,0.0165934056545,6.91017374008e-05,9,806,ok,
c222,ifft,complex128,1024,4,ifft_complex128_n1024_b4,0.0249501773906,0.0247256188399,6.65266089908e-05,9,564,ok,
c222,ifft,complex128,1024,8,ifft_complex128_n1024_b8,0.0410512997769,0.0406150700292,0.000114569556899,9,200,ok,
c222,ifft,complex128,1024,16,ifft_complex128_n1024_b16,0.0752482801909,0.0747937703272,0.000181040377356,9,200,ok,
c222,ifft,complex128,1024,32,ifft_complex128_n1024_b32,0.140431829966,0.139927609612,0.000435439539505,9,141,ok,
c222,ifft,complex128,1024,64,ifft_complex128_n1024_b64,0.270740566398,0.269483851986,0.000750757690922,9,74,ok,
c222,ifft,complex128,1024,256,ifft_complex128_n1024_b256,1.05499142748,1.05172953668,0.00127099753757,7,28,ok,
c222,ifft,complex128,2048,1,ifft_complex128_n2048_b1,0.0209647528576,0.020772057088,0.00014834872723,9,631,ok,
c222,ifft,complex128,2048,2,ifft_complex128_n2048_b2,0.0306975030718,0.0305729149495,6.16242405177e-05,9,471,ok,
c222,ifft,complex128,2048,4,ifft_complex128_n2048_b4,0.0492920947727,0.0488160399254,0.000124084763229,9,200,ok,
c222,ifft,complex128,2048,8,ifft_complex128_n2048_b8,0.0880791450618,0.0872922001872,0.000482515315525,9,200,ok,
c222,ifft,complex128,2048,16,ifft_complex128_n2048_b16,0.158538992377,0.157587653701,0.000575268604448,9,127,ok,
c222,ifft,complex128,2048,32,ifft_complex128_n2048_b32,0.303640499513,0.301018546011,0.000906423806693,9,66,ok,
c222,ifft,complex128,2048,64,ifft_complex128_n2048_b64,0.590398733038,0.589095599328,0.000650567623476,9,30,ok,
c222,ifft,complex128,2048,256,ifft_complex128_n2048_b256,2.36520415638,2.35394430526,0.00571008198536,7,13,ok,
c222,ifft,complex128,3072,1,ifft_complex128_n3072_b1,0.0299553467064,0.029697699938,0.000201648929053,9,450,ok,
c222,ifft,complex128,3072,2,ifft_complex128_n3072_b2,0.0450854049996,0.0446467252914,0.000105699873529,9,200,ok,
c222,ifft,complex128,3072,4,ifft_complex128_n3072_b4,0.0733640551334,0.0730449450202,0.00031600065995,9,200,ok,
c222,ifft,complex128,3072,8,ifft_complex128_n3072_b8,0.131188182684,0.130444555087,0.000447836047148,9,153,ok,
c222,ifft,complex128,3072,16,ifft_complex128_n3072_b16,0.245265839449,0.244737309576,0.000155221866329,9,81,ok,
c222,ifft,complex128,3072,32,ifft_complex128_n3072_b32,0.474330336632,0.473041564692,0.000788837981721,9,30,ok,
c222,ifft,complex128,3072,64,ifft_complex128_n3072_b64,0.932546068604,0.929818531343,0.00132050287599,9,30,ok,
c222,ifft,complex128,3072,256,ifft_complex128_n3072_b256,3.9464964232,3.83458256588,0.0824306958488,7,7,ok,
c222,ifft,complex128,3584,1,ifft_complex128_n3584_b1,0.0326608345639,0.0323022338154,0.000129300268724,9,423,ok,
c222,ifft,complex128,3584,2,ifft_complex128_n3584_b2,0.0502544699702,0.0500543951057,2.51404708251e-05,9,200,ok,
c222,ifft,complex128,3584,4,ifft_complex128_n3584_b4,0.0842035847018,0.083598739584,0.000243714894168,9,200,ok,
c222,ifft,complex128,3584,8,ifft_complex128_n3584_b8,0.148965022353,0.147973962212,0.000991060141363,9,134,ok,
c222,ifft,complex128,3584,16,ifft_complex128_n3584_b16,0.278938520687,0.276128112168,0.001334634439,9,71,ok,
c222,ifft,complex128,3584,32,ifft_complex128_n3584_b32,0.545694500518,0.54215513325,0.00346356925244,9,30,ok,
c222,ifft,complex128,3584,64,ifft_complex128_n3584_b64,1.05919585829,1.0524999317,0.00338103771875,9,28,ok,
c222,ifft,complex128,3584,256,ifft_complex128_n3584_b256,4.44871714405,4.44203028123,0.00668686282422,7,7,ok,
c222,ifft,complex128,4095,1,ifft_complex128_n4095_b1,0.0434997247794,0.0430796124419,0.000228527642321,9,320,ok,
c222,ifft,complex128,4095,2,ifft_complex128_n4095_b2,0.0697122199927,0.0690483598737,0.000326220178977,9,200,ok,
c222,ifft,complex128,4095,4,ifft_complex128_n4095_b4,0.128544074829,0.128254345647,0.000109326434117,9,159,ok,
c222,ifft,complex128,4095,8,ifft_complex128_n4095_b8,0.242610296729,0.24072102409,0.0010978884673,9,81,ok,
c222,ifft,complex128,4095,16,ifft_complex128_n4095_b16,0.469903691694,0.467408950152,0.000913879678895,9,42,ok,
c222,ifft,complex128,4095,32,ifft_complex128_n4095_b32,0.935647264123,0.933393331555,0.00154959658782,9,30,ok,
c222,ifft,complex128,4095,64,ifft_complex128_n4095_b64,1.83407944132,1.82861531357,0.00496256689075,9,16,ok,
c222,ifft,complex128,4095,256,ifft_complex128_n4095_b256,7.59694274166,7.56681297207,0.0301297695842,7,4,ok,
c222,ifft,complex128,4096,1,ifft_complex128_n4096_b1,0.0382704021012,0.037792690828,0.000175079042764,9,291,ok,
c222,ifft,complex128,4096,2,ifft_complex128_n4096_b2,0.0571523699909,0.0569262902718,0.00017503509298,9,200,ok,
c222,ifft,complex128,4096,4,ifft_complex128_n4096_b4,0.09509441501,0.0944594101747,0.000303224660456,9,200,ok,
c222,ifft,complex128,4096,8,ifft_complex128_n4096_b8,0.16958050822,0.168361438626,0.00084247419676,9,114,ok,
c222,ifft,complex128,4096,16,ifft_complex128_n4096_b16,0.318376467593,0.31665238672,0.00157346761215,9,62,ok,
c222,ifft,complex128,4096,32,ifft_complex128_n4096_b32,0.626424432267,0.623132199204,0.00187056915214,9,30,ok,
c222,ifft,complex128,4096,64,ifft_complex128_n4096_b64,1.2330475826,1.22972832954,0.00207225093618,9,24,ok,
c222,ifft,complex128,4096,256,ifft_complex128_n4096_b256,5.24515282207,5.21430266478,0.0203153467737,7,6,ok,
c222,ifft,complex128,4097,1,ifft_complex128_n4097_b1,0.113669715144,0.112706248536,0.000348842392365,7,165,ok,
c222,ifft,complex128,4097,2,ifft_complex128_n4097_b2,0.187330707943,0.186122650773,0.000612868461758,7,106,ok,
c222,ifft,complex128,4097,4,ifft_complex128_n4097_b4,0.356262471442,0.354533380067,0.000917018306526,7,55,ok,
c222,ifft,complex128,4097,8,ifft_complex128_n4097_b8,0.699920467533,0.695460534189,0.00209931749851,7,28,ok,
c222,ifft,complex128,4097,16,ifft_complex128_n4097_b16,1.38633285782,1.38105999767,0.00409823509731,7,21,ok,
c222,ifft,complex128,4097,32,ifft_complex128_n4097_b32,2.75584680494,2.74639880517,0.00684100668877,7,10,ok,
c222,ifft,complex128,4097,64,ifft_complex128_n4097_b64,5.61291780323,5.50453399774,0.0192885985598,7,5,ok,
c222,ifft,complex128,4097,256,ifft_complex128_n4097_b256,22.8597860551,22.5564610446,0.229385099374,7,1,ok,
c222,ifft,complex128,4608,1,ifft_complex128_n4608_b1,0.0435493898112,0.0432459148578,0.000111960107461,7,200,ok,
c222,ifft,complex128,4608,2,ifft_complex128_n4608_b2,0.0694187602494,0.0686480500735,0.000145524390973,7,200,ok,
c222,ifft,complex128,4608,4,ifft_complex128_n4608_b4,0.117410575463,0.117241951044,0.000160969229359,7,165,ok,
c222,ifft,complex128,4608,8,ifft_complex128_n4608_b8,0.211824826218,0.209979152398,0.00129920638004,7,92,ok,
c222,ifft,complex128,4608,16,ifft_complex128_n4608_b16,0.400921931335,0.397102697752,0.00070333480835,7,30,ok,
c222,ifft,complex128,4608,32,ifft_complex128_n4608_b32,0.788824132178,0.787184701767,0.00163943041116,7,30,ok,
c222,ifft,complex128,4608,64,ifft_complex128_n4608_b64,1.54321973433,1.54115426305,0.000362259973037,7,19,ok,
c222,ifft,complex128,4608,256,ifft_complex128_n4608_b256,6.56759259291,6.54157320969,0.0210319878533,7,5,ok,
c222,ifft,complex128,8192,1,ifft_complex128_n8192_b1,0.0738365994766,0.073514484684,0.000161505886354,7,200,ok,
c222,ifft,complex128,8192,2,ifft_complex128_n8192_b2,0.121124048548,0.120748793989,0.000257703306323,7,165,ok,
c222,ifft,complex128,8192,4,ifft_complex128_n8192_b4,0.220905292225,0.219638505166,0.000723056871904,7,89,ok,
c222,ifft,complex128,8192,8,ifft_complex128_n8192_b8,0.413812261642,0.409410869116,0.00206239106458,7,46,ok,
c222,ifft,complex128,8192,16,ifft_complex128_n8192_b16,0.799180132647,0.794670567848,0.00149046536535,7,30,ok,
c222,ifft,complex128,8192,32,ifft_complex128_n8192_b32,1.57018533597,1.56626794099,0.00327394809574,7,18,ok,
c222,ifft,complex128,8192,64,ifft_complex128_n8192_b64,3.17094099915,3.1534545641,0.0156742106709,7,9,ok,
c222,ifft,complex128,8192,256,ifft_complex128_n8192_b256,14.3365475233,14.278066461,0.0325470464304,7,2,ok,
c222,ifft,complex128,16384,1,ifft_complex128_n16384_b1,0.185378558943,0.184528617526,0.000170823506207,7,102,ok,
c222,ifft,complex128,16384,2,ifft_complex128_n16384_b2,0.358977981589,0.356913527304,0.00164767261595,7,55,ok,
c222,ifft,complex128,16384,4,ifft_complex128_n16384_b4,0.71182014869,0.706884483979,0.00244577811962,7,27,ok,
c222,ifft,complex128,16384,8,ifft_complex128_n16384_b8,1.40591238492,1.40185042706,0.00265214614393,7,21,ok,
c222,ifft,complex128,16384,16,ifft_complex128_n16384_b16,2.76763020083,2.75246340316,0.012580899056,7,10,ok,
c222,ifft,complex128,16384,32,ifft_complex128_n16384_b32,5.58861580212,5.54808659945,0.0177840003744,7,5,ok,
c222,ifft,complex128,16384,64,ifft_complex128_n16384_b64,11.6615330335,11.6299379733,0.0315950601362,7,2,ok,
c222,ifft,complex128,16384,256,ifft_complex128_n16384_b256,49.8680690071,49.6735309716,0.0639230711386,7,1,ok,
c222,ifft,complex128,32768,1,ifft_complex128_n32768_b1,0.424298063002,0.421706609853,0.000772780090894,7,46,ok,
c222,ifft,complex128,32768,2,ifft_complex128_n32768_b2,0.834874388681,0.830402435816,0.00196635095484,7,23,ok,
c222,ifft,complex128,32768,4,ifft_complex128_n32768_b4,1.66447216826,1.65464516936,0.00982699889897,7,18,ok,
c222,ifft,complex128,32768,8,ifft_complex128_n32768_b8,3.28609837743,3.28101374907,0.00506336800754,7,8,ok,
c222,ifft,complex128,32768,16,ifft_complex128_n32768_b16,6.74287075526,6.62912751432,0.0426187471021,7,4,ok,
c222,ifft,complex128,32768,32,ifft_complex128_n32768_b32,14.3882604898,14.2831859994,0.0714709749445,7,2,ok,
c222,ifft,complex128,32768,64,ifft_complex128_n32768_b64,29.8464120133,29.7631939175,0.0576809979975,7,1,ok,
c222,ifft,complex128,32768,256,ifft_complex128_n32768_b256,115.501465043,114.948524977,0.127561972477,7,1,ok,
c222,ifft,complex128,65536,1,ifft_complex128_n65536_b1,0.886405405419,0.883784044576,0.00150691167536,7,22,ok,
c222,ifft,complex128,65536,2,ifft_complex128_n65536_b2,1.77238037577,1.76742225449,0.0028741924325,7,16,ok,
c222,ifft,complex128,65536,4,ifft_complex128_n65536_b4,3.61658974725,3.58967362263,0.00617413024884,7,8,ok,
c222,ifft,complex128,65536,8,ifft_complex128_n65536_b8,7.4687092565,7.38690124126,0.033250747947,7,4,ok,
c222,ifft,complex128,65536,16,ifft_complex128_n65536_b16,15.5669379747,15.2629009681,0.27413002681,7,1,ok,
c222,ifft,complex128,65536,32,ifft_complex128_n65536_b32,33.0585809425,32.3679610156,0.142020056956,7,1,ok,
c222,ifft,complex128,65536,64,ifft_complex128_n65536_b64,63.9145319583,63.6771100108,0.130417989567,7,1,ok,
c222,ifft,complex128,65536,256,ifft_complex128_n65536_b256,473.773955018,257.534627919,33.8172409683,7,1,ok,
current_final,fft,complex64,64,1,fft_complex64_n64_b1,0.00362327492846,0.0036133677147,9.90721375512e-06,9,1251,ok,
current_final,fft,complex64,64,2,fft_complex64_n64_b2,0.00433664308244,0.00428419978508,9.29079493427e-06,9,1967,ok,
current_final,fft,complex64,64,4,fft_complex64_n64_b4,0.00477283750661,0.00474795053015,1.76734756678e-05,9,2000,ok,
current_final,fft,complex64,64,8,fft_complex64_n64_b8,0.00557176454458,0.00554037000984,2.33944738284e-05,9,2000,ok,
current_final,fft,complex64,64,16,fft_complex64_n64_b16,0.00694132499461,0.00688355753316,3.81013940595e-05,9,1806,ok,
current_final,fft,complex64,64,32,fft_complex64_n64_b32,0.00979759723956,0.00975600305621,2.84780869167e-05,9,1301,ok,
current_final,fft,complex64,64,64,fft_complex64_n64_b64,0.0153210334507,0.0152774910021,3.31874616677e-05,9,896,ok,
current_final,fft,complex64,64,256,fft_complex64_n64_b256,0.049498534645,0.0492283748463,7.17845978215e-05,7,200,ok,
current_final,fft,complex64,256,1,fft_complex64_n256_b1,0.00469490996329,0.00468367349822,9.71305416897e-06,9,2000,ok,
current_final,fft,complex64,256,2,fft_complex64_n256_b2,0.00597514549736,0.00593570602359,1.20474724099e-05,9,2000,ok,
current_final,fft,complex64,256,4,fft_complex64_n256_b4,0.00765696337154,0.00764072329878,1.60482582138e-05,9,1720,ok,
current_final,fft,complex64,256,8,fft_complex64_n256_b8,0.0108050546201,0.010747178252,2.91076642143e-05,9,1245,ok,
current_final,fft,complex64,256,16,fft_complex64_n256_b16,0.0171230294163,0.0170431843803,2.82716182237e-05,9,814,ok,
current_final,fft,complex64,256,32,fft_complex64_n256_b32,0.0300153950229,0.0297780951951,0.000100489705801,9,200,ok,
current_final,fft,complex64,256,64,fft_complex64_n256_b64,0.0555670598987,0.0553564651636,0.000114620197564,9,200,ok,
current_final,fft,complex64,256,256,fft_complex64_n256_b256,0.206794114395,0.205824469352,0.000523084357458,7,96,ok,
current_final,fft,complex64,1024,1,fft_complex64_n1024_b1,0.00933104834064,0.00928227138705,1.75020403906e-05,9,1201,ok,
current_final,fft,complex64,1024,2,fft_complex64_n1024_b2,0.0168196257801,0.0167031469725,0.000105307694396,9,783,ok,
current_final,fft,complex64,1024,4,fft_complex64_n1024_b4,0.0225316734941,0.0224062468988,7.1542126534e-05,9,640,ok,
current_final,fft,complex64,1024,8,fft_complex64_n1024_b8,0.0369124399731,0.0368316849926,6.12653093413e-05,9,200,ok,
current_final,fft,complex64,1024,16,fft_complex64_n1024_b16,0.0661667395616,0.0657690805383,0.000383975566365,9,200,ok,
current_final,fft,complex64,1024,32,fft_complex64_n1024_b32,0.124146044702,0.123022250288,0.000193371819571,9,156,ok,
current_final,fft,complex64,1024,64,fft_complex64_n1024_b64,0.239002825401,0.238297237956,0.00047341309255,9,80,ok,
current_final,fft,complex64,1024,256,fft_complex64_n1024_b256,0.918344431557,0.915421533864,0.00292289769277,7,30,ok,
current_final,fft,complex64,2048,1,fft_complex64_n2048_b1,0.0151682369651,0.0151278734019,4.03635632525e-05,9,869,ok,
current_final,fft,complex64,2048,2,fft_complex64_n2048_b2,0.0300803440663,0.0297636516058,0.000219348356382,9,468,ok,
current_final,fft,complex64,2048,4,fft_complex64_n2048_b4,0.0434114300879,0.0433403451461,1.96351902559e-05,9,200,ok,
current_final,fft,complex64,2048,8,fft_complex64_n2048_b8,0.0743151601637,0.0740150397178,0.000221169902943,9,200,ok,
current_final,fft,complex64,2048,16,fft_complex64_n2048_b16,0.138566910353,0.13803810379,0.000280537642539,9,145,ok,
current_final,fft,complex64,2048,32,fft_complex64_n2048_b32,0.262873132403,0.261161226469,0.00117995931456,9,75,ok,
current_final,fft,complex64,2048,64,fft_complex64_n2048_b64,0.507003033999,0.504159667374,0.00106199877337,9,30,ok,
current_final,fft,complex64,2048,256,fft_complex64_n2048_b256,2.00133079973,1.98949767121,0.00174999392281,7,15,ok,
current_final,fft,complex64,3072,1,fft_complex64_n3072_b1,0.0220003110526,0.021875998278,2.4524117555e-05,9,601,ok,
current_final,fft,complex64,3072,2,fft_complex64_n3072_b2,0.0447354448261,0.0442787754582,0.000196670298465,9,200,ok,
current_final,fft,complex64,3072,4,fft_complex64_n3072_b4,0.0642870151205,0.0632284599124,0.000130545231514,9,200,ok,
current_final,fft,complex64,3072,8,fft_complex64_n3072_b8,0.112880890434,0.112349821801,0.000336269671419,9,174,ok,
current_final,fft,complex64,3072,16,fft_complex64_n3072_b16,0.208916266429,0.208350297242,0.000499149269246,9,94,ok,
current_final,fft,complex64,3072,32,fft_complex64_n3072_b32,0.400695499654,0.39927046746,0.000925397034734,9,30,ok,
current_final,fft,complex64,3072,64,fft_complex64_n3072_b64,0.786677068875,0.783991999924,0.00137660341958,9,30,ok,
current_final,fft,complex64,3072,256,fft_complex64_n3072_b256,3.09845221798,3.08825167465,0.00560066352288,7,9,ok,
current_final,fft,complex64,3584,1,fft_complex64_n3584_b1,0.0247138716149,0.0244164340464,6.72531103678e-05,9,553,ok,
current_final,fft,complex64,3584,2,fft_complex64_n3584_b2,0.0505434197839,0.0502826803131,0.000110160326585,9,200,ok,
current_final,fft,complex64,3584,4,fft_complex64_n3584_b4,0.0726980902255,0.072470260202,6.94853952155e-05,9,200,ok,
current_final,fft,complex64,3584,8,fft_complex64_n3584_b8,0.129791417957,0.129248620486,0.000349352489305,9,153,ok,
current_final,fft,complex64,3584,16,fft_complex64_n3584_b16,0.240809783474,0.240051602743,0.000200143184917,9,83,ok,
current_final,fft,complex64,3584,32,fft_complex64_n3584_b32,0.459635731143,0.456628700097,0.00132253626361,9,30,ok,
current_final,fft,complex64,3584,64,fft_complex64_n3584_b64,0.900399999227,0.899385431937,0.00101456729074,9,30,ok,
current_final,fft,complex64,3584,256,fft_complex64_n3584_b256,3.56654587085,3.55563026096,0.00882924359757,7,8,ok,
current_final,fft,complex64,4095,1,fft_complex64_n4095_b1,0.0488629549283,0.0482750001538,0.000187683730878,9,288,ok,
current_final,fft,complex64,4095,2,fft_complex64_n4095_b2,0.0910884101177,0.0903830700554,0.000145725207403,9,200,ok,
current_final,fft,complex64,4095,4,fft_complex64_n4095_b4,0.0988696093156,0.0986429894589,0.000177644462641,9,197,ok,
current_final,fft,complex64,4095,8,fft_complex64_n4095_b8,0.185361037169,0.185149620477,4.03519219684e-05,9,108,ok,
current_final,fft,complex64,4095,16,fft_complex64_n4095_b16,0.349895471961,0.344742582688,0.00146698121997,9,55,ok,
current_final,fft,complex64,4095,32,fft_complex64_n4095_b32,0.680338502085,0.676544965245,0.00190160159642,9,30,ok,
current_final,fft,complex64,4095,64,fft_complex64_n4095_b64,1.3688742289,1.35989354881,0.00155295393514,9,22,ok,
current_final,fft,complex64,4095,256,fft_complex64_n4095_b256,5.38991240319,5.32432179898,0.0479569891468,7,5,ok,
current_final,fft,complex64,4096,1,fft_complex64_n4096_b1,0.0275612654023,0.0274448273244,7.81954051505e-05,9,486,ok,
current_final,fft,complex64,4096,2,fft_complex64_n4096_b2,0.0573227449786,0.0566727097612,4.44846227765e-05,9,200,ok,
current_final,fft,complex64,4096,4,fft_complex64_n4096_b4,0.0822928047273,0.0816844502697,0.000402965233661,9,200,ok,
current_final,fft,complex64,4096,8,fft_complex64_n4096_b8,0.146195051823,0.145624716655,0.000293834878604,9,134,ok,
current_final,fft,complex64,4096,16,fft_complex64_n4096_b16,0.273498901638,0.272940521286,0.000257238509579,9,71,ok,
current_final,fft,complex64,4096,32,fft_complex64_n4096_b32,0.525417667814,0.523632935559,0.00141636701301,9,30,ok,
current_final,fft,complex64,4096,64,fft_complex64_n4096_b64,1.05899340835,1.05732136958,0.00125644469841,9,27,ok,
current_final,fft,complex64,4096,256,fft_complex64_n4096_b256,4.15296144118,4.14154971285,0.0114117283374,7,7,ok,
current_final,fft,complex64,4097,1,fft_complex64_n4097_b1,0.139095637428,0.138423050437,0.000330484539702,7,138,ok,
current_final,fft,complex64,4097,2,fft_complex64_n4097_b2,0.266714776646,0.266106264058,0.000486748629353,7,72,ok,
current_final,fft,complex64,4097,4,fft_complex64_n4097_b4,0.20885531619,0.208086905217,0.000224746518621,7,95,ok,
current_final,fft,complex64,4097,8,fft_complex64_n4097_b8,0.405719331563,0.402250875292,0.000381357191751,7,48,ok,
current_final,fft,complex64,4097,16,fft_complex64_n4097_b16,0.788828167909,0.786922200738,0.000709334077934,7,30,ok,
current_final,fft,complex64,4097,32,fft_complex64_n4097_b32,1.57215626371,1.56766773618,0.00221999729738,7,19,ok,
current_final,fft,complex64,4097,64,fft_complex64_n4097_b64,3.15172455481,3.14124799075,0.00863299808568,7,9,ok,
current_final,fft,complex64,4097,256,fft_complex64_n4097_b256,12.5457186562,12.4799070181,0.0243260292336,7,3,ok,
current_final,fft,complex64,4608,1,fft_complex64_n4608_b1,0.0317381147761,0.0314595852979,8.70146322995e-05,7,200,ok,
current_final,fft,complex64,4608,2,fft_complex64_n4608_b2,0.06736666488,0.0667391251773,0.000159955234267,7,200,ok,
current_final,fft,complex64,4608,4,fft_complex64_n4608_b4,0.0965149601689,0.0963062647497,0.000208695419133,7,200,ok,
current_final,fft,complex64,4608,8,fft_complex64_n4608_b8,0.173079078693,0.171864686696,0.0007703303076,7,115,ok,
current_final,fft,complex64,4608,16,fft_complex64_n4608_b16,0.325549133898,0.324743633003,0.000782136339694,7,30,ok,
current_final,fft,complex64,4608,32,fft_complex64_n4608_b32,0.631222567366,0.62749783198,0.00119326480975,7,30,ok,
current_final,fft,complex64,4608,64,fft_complex64_n4608_b64,1.23711571117,1.23272195924,0.00074683339335,7,24,ok,
current_final,fft,complex64,4608,256,fft_complex64_n4608_b256,4.92811540607,4.8972849967,0.0268388073891,7,5,ok,
current_final,fft,complex64,8192,1,fft_complex64_n8192_b1,0.0536955049029,0.0534930248978,9.8334858194e-05,7,200,ok,
current_final,fft,complex64,8192,2,fft_complex64_n8192_b2,0.103969042219,0.103769973847,0.000152073152051,7,191,ok,
current_final,fft,complex64,8192,4,fft_complex64_n8192_b4,0.182197929202,0.181060937133,0.000693465283673,7,112,ok,
current_final,fft,complex64,8192,8,fft_complex64_n8192_b8,0.330288535193,0.326794656475,0.00260081061901,7,58,ok,
current_final,fft,complex64,8192,16,fft_complex64_n8192_b16,0.62435453292,0.622970234447,0.00103630203133,7,30,ok,
current_final,fft,complex64,8192,32,fft_complex64_n8192_b32,1.23521587617,1.23312983487,0.00168529125707,7,24,ok,
current_final,fft,complex64,8192,64,fft_complex64_n8192_b64,2.43939275,2.42829749671,0.00821974632951,7,12,ok,
current_final,fft,complex64,8192,256,fft_complex64_n8192_b256,10.1829453294,10.1425423442,0.0340280045445,7,3,ok,
current_final,fft,complex64,16384,1,fft_complex64_n16384_b1,0.105743054175,0.104854232632,0.000126351526863,7,185,ok,
current_final,fft,complex64,16384,2,fft_complex64_n16384_b2,0.188789269887,0.187570260605,0.000643220264465,7,100,ok,
current_final,fft,complex64,16384,4,fft_complex64_n16384_b4,0.344237391671,0.34237026661,0.000821019057184,7,56,ok,
current_final,fft,complex64,16384,8,fft_complex64_n16384_b8,0.650501499573,0.649951468222,0.000457197893411,7,30,ok,
current_final,fft,complex64,16384,16,fft_complex64_n16384_b16,1.28886121852,1.2792024316,0.00288325827569,7,23,ok,
current_final,fft,complex64,16384,32,fft_complex64_n16384_b32,2.54032991573,2.52184945963,0.0103323572231,7,11,ok,
current_final,fft,complex64,16384,64,fft_complex64_n16384_b64,5.09379399009,5.06235440262,0.0236385967582,7,5,ok,
current_final,fft,complex64,16384,256,fft_complex64_n16384_b256,22.9455489898,22.8944820119,0.0399060081691,7,1,ok,
current_final,fft,complex64,32768,1,fft_complex64_n32768_b1,0.212369989047,0.211794227969,0.000370053938873,7,92,ok,
current_final,fft,complex64,32768,2,fft_complex64_n32768_b2,0.382819210734,0.381241787601,0.00101557816379,7,52,ok,
current_final,fft,complex64,32768,4,fft_complex64_n32768_b4,0.714500698571,0.711639601892,0.00197509846961,7,30,ok,
current_final,fft,complex64,32768,8,fft_complex64_n32768_b8,1.37517881203,1.36261019257,0.00516790342295,7,21,ok,
current_final,fft,complex64,32768,16,fft_complex64_n32768_b16,2.7148009045,2.70638290094,0.00704240519553,7,10,ok,
current_final,fft,complex64,32768,32,fft_complex64_n32768_b32,5.43356139679,5.41434879415,0.0110732158646,7,5,ok,
current_final,fft,complex64,32768,64,fft_complex64_n32768_b64,11.2820223439,11.2223090061,0.0387703767046,7,3,ok,
current_final,fft,complex64,32768,256,fft_complex64_n32768_b256,47.1846939763,46.698542079,0.122623052448,7,1,ok,
current_final,fft,complex64,65536,1,fft_complex64_n65536_b1,0.451194453159,0.448270044713,0.0019227260385,7,44,ok,
current_final,fft,complex64,65536,2,fft_complex64_n65536_b2,0.848428664419,0.844429064697,0.00341779862841,7,30,ok,
current_final,fft,complex64,65536,4,fft_complex64_n65536_b4,1.62756100245,1.60571227833,0.021684436231,7,18,ok,
current_final,fft,complex64,65536,8,fft_complex64_n65536_b8,3.24294666967,3.20446022993,0.00476010609418,7,9,ok,
current_final,fft,complex64,65536,16,fft_complex64_n65536_b16,6.48745099897,6.4683247474,0.0191262515727,7,4,ok,
current_final,fft,complex64,65536,32,fft_complex64_n65536_b32,12.8993300023,12.8405716581,0.053989312922,7,3,ok,
current_final,fft,complex64,65536,64,fft_complex64_n65536_b64,26.9145049388,26.900027995,0.0144769437611,7,1,ok,
current_final,fft,complex64,65536,256,fft_complex64_n65536_b256,106.603248976,105.86992593,0.302294036373,7,1,ok,
current_final,fft,complex128,64,1,fft_complex128_n64_b1,0.00350472136952,0.00349548407593,9.2372935903e-06,9,1665,ok,
current_final,fft,complex128,64,2,fft_complex128_n64_b2,0.00406057998771,0.00403408496641,1.22835044749e-05,9,2000,ok,
current_final,fft,complex128,64,4,fft_complex128_n64_b4,0.00442729651695,0.00440572551452,1.60305062309e-05,9,2000,ok,
current_final,fft,complex128,64,8,fft_complex128_n64_b8,0.00504920753883,0.00499401747948,7.19854142517e-06,9,2000,ok,
current_final,fft,complex128,64,16,fft_complex128_n64_b16,0.00613708299352,0.00607827649219,1.11465342343e-05,9,2000,ok,
current_final,fft,complex128,64,32,fft_complex128_n64_b32,0.00838992867473,0.00827786588404,5.55679019399e-05,9,1611,ok,
current_final,fft,complex128,64,64,fft_complex128_n64_b64,0.0128155423212,0.0127822089455,2.48236376978e-05,9,1101,ok,
current_final,fft,complex128,64,256,fft_complex128_n64_b256,0.0401056546252,0.03993041988,9.45304054767e-05,7,200,ok,
current_final,fft,complex128,256,1,fft_complex128_n256_b1,0.00463715498336,0.00460891652619,8.92148818821e-06,9,2000,ok,
current_final,fft,complex128,256,2,fft_complex128_n256_b2,0.00588952301769,0.00586800702149,1.89160346054e-05,9,2000,ok,
current_final,fft,complex128,256,4,fft_complex128_n256_b4,0.00750984460673,0.00745779073716,1.24432225583e-05,9,1744,ok,
current_final,fft,complex128,256,8,fft_complex128_n256_b8,0.0105224294379,0.0104133000005,3.69154790402e-05,9,1290,ok,
current_final,fft,complex128,256,16,fft_complex128_n256_b16,0.0165919498241,0.0165083754688,5.52748117531e-05,9,855,ok,
current_final,fft,complex128,256,32,fft_complex128_n256_b32,0.0285378849367,0.028410545201,7.71501800045e-05,9,200,ok,
current_final,fft,complex128,256,64,fft_complex128_n256_b64,0.0527183047961,0.0521859404398,0.000321865081787,9,200,ok,
current_final,fft,complex128,256,256,fft_complex128_n256_b256,0.194820727109,0.192817131227,0.00115017162053,7,99,ok,
current_final,fft,complex128,1024,1,fft_complex128_n1024_b1,0.00874028832859,0.00870789307361,1.78518353805e-05,9,1384,ok,
current_final,fft,complex128,1024,2,fft_complex128_n1024_b2,0.0154670404901,0.0153579910237,3.7597303768e-05,9,889,ok,
current_final,fft,complex128,1024,4,fft_complex128_n1024_b4,0.0229932370825,0.022899261381,3.95713821537e-05,9,616,ok,
current_final,fft,complex128,1024,8,fft_complex128_n1024_b8,0.0379768101266,0.037940890179,3.59199475497e-05,9,200,ok,
current_final,fft,complex128,1024,16,fft_complex128_n1024_b16,0.0676770048449,0.0674588902621,0.000193219748326,9,200,ok,
current_final,fft,complex128,1024,32,fft_complex128_n1024_b32,0.128156288366,0.12695760905,0.00038117958376,9,156,ok,
current_final,fft,complex128,1024,64,fft_complex128_n1024_b64,0.245726703275,0.243716480866,0.000518025186511,9,81,ok,
current_final,fft,complex128,1024,256,fft_complex128_n1024_b256,0.961413199548,0.952410434062,0.00553149729967,7,30,ok,
current_final,fft,complex128,2048,1,fft_complex128_n2048_b1,0.0155148632259,0.0154433599433,7.15032825455e-05,9,892,ok,
current_final,fft,complex128,2048,2,fft_complex128_n2048_b2,0.0294356022399,0.0292872355203,0.000113108156559,9,480,ok,
current_final,fft,complex128,2048,4,fft_complex128_n2048_b4,0.0465929746861,0.0463069794932,0.000278625520878,9,200,ok,
current_final,fft,complex128,2048,8,fft_complex128_n2048_b8,0.0820065650623,0.0814879802056,0.00016862002667,9,200,ok,
current_final,fft,complex128,2048,16,fft_complex128_n2048_b16,0.150943450679,0.150365511628,0.00032730824209,9,133,ok,
current_final,fft,complex128,2048,32,fft_complex128_n2048_b32,0.290244940997,0.288355323445,0.00070605892688,9,68,ok,
current_final,fft,complex128,2048,64,fft_complex128_n2048_b64,0.573503633495,0.570053432602,0.00149283247689,9,30,ok,
current_final,fft,complex128,2048,256,fft_complex128_n2048_b256,2.2731331589,2.24869437695,0.0115550087335,7,13,ok,
current_final,fft,complex128,3072,1,fft_complex128_n3072_b1,0.0210440284661,0.0209042366171,7.08912387608e-05,9,634,ok,
current_final,fft,complex128,3072,2,fft_complex128_n3072_b2,0.042083155131,0.0416245847009,7.06303399056e-05,9,200,ok,
current_final,fft,complex128,3072,4,fft_complex128_n3072_b4,0.0696357246488,0.0690688448958,0.000181995565072,9,200,ok,
current_final,fft,complex128,3072,8,fft_complex128_n3072_b8,0.12458405735,0.123793455527,0.000318166805813,9,156,ok,
current_final,fft,complex128,3072,16,fft_complex128_n3072_b16,0.235940137645,0.23506647558,0.000610774441157,9,80,ok,
current_final,fft,complex128,3072,32,fft_complex128_n3072_b32,0.458085467108,0.455415764979,0.000330964879443,9,30,ok,
current_final,fft,complex128,3072,64,fft_complex128_n3072_b64,0.918084600319,0.915291967491,0.00118759926409,9,30,ok,
current_final,fft,complex128,3072,256,fft_complex128_n3072_b256,3.77057075093,3.74666800781,0.0146026286529,7,8,ok,
current_final,fft,complex128,3584,1,fft_complex128_n3584_b1,0.0238103239099,0.0237478580499,4.46876087649e-05,9,528,ok,
current_final,fft,complex128,3584,2,fft_complex128_n3584_b2,0.0469875195995,0.0468566198833,9.73849091679e-05,9,200,ok,
current_final,fft,complex128,3584,4,fft_complex128_n3584_b4,0.078592079808,0.0783029850572,8.42596637085e-05,9,200,ok,
current_final,fft,complex128,3584,8,fft_complex128_n3584_b8,0.140700566893,0.139919936109,0.00019185162473,9,141,ok,
current_final,fft,complex128,3584,16,fft_complex128_n3584_b16,0.264271527428,0.263390932043,0.000623891734191,9,74,ok,
current_final,fft,complex128,3584,32,fft_complex128_n3584_b32,0.512997732343,0.511451496277,0.00143006909639,9,30,ok,
current_final,fft,complex128,3584,64,fft_complex128_n3584_b64,1.03938082988,1.03635817028,0.00164724067496,9,29,ok,
current_final,fft,complex128,3584,256,fft_complex128_n3584_b256,4.33098227118,4.29018628451,0.029787870257,7,7,ok,
current_final,fft,complex128,4095,1,fft_complex128_n4095_b1,0.038834576232,0.0386625187477,4.02766819345e-05,9,347,ok,
current_final,fft,complex128,4095,2,fft_complex128_n4095_b2,0.0684224703582,0.0682748400141,6.12653093413e-05,9,200,ok,
current_final,fft,complex128,4095,4,fft_complex128_n4095_b4,0.123790728308,0.123007703762,0.000626616967543,9,162,ok,
current_final,fft,complex128,4095,8,fft_complex128_n4095_b8,0.234309558956,0.234018643996,0.000290914959762,9,84,ok,
current_final,fft,complex128,4095,16,fft_complex128_n4095_b16,0.466955952931,0.456217649328,0.00225683825827,9,43,ok,
current_final,fft,complex128,4095,32,fft_complex128_n4095_b32,0.924353833155,0.909515998016,0.0047697336413,9,30,ok,
current_final,fft,complex128,4095,64,fft_complex128_n4095_b64,1.83001356345,1.8247754997,0.00209275458474,9,16,ok,
current_final,fft,complex128,4095,256,fft_complex128_n4095_b256,7.52318775631,7.45660127723,0.042422732804,7,4,ok,
current_final,fft,complex128,4096,1,fft_complex128_n4096_b1,0.0291101652218,0.0289383197568,7.62545665645e-05,9,460,ok,
current_final,fft,complex128,4096,2,fft_complex128_n4096_b2,0.0537170999451,0.0533476501005,0.000119325122796,9,200,ok,
current_final,fft,complex128,4096,4,fft_complex128_n4096_b4,0.0914286548505,0.0903814699268,0.000352369970642,9,200,ok,
current_final,fft,complex128,4096,8,fft_complex128_n4096_b8,0.161678209195,0.160919185052,0.000386210646661,9,124,ok,
current_final,fft,complex128,4096,16,fft_complex128_n4096_b16,0.307272999691,0.304513293892,0.00121213961393,9,65,ok,
current_final,fft,complex128,4096,32,fft_complex128_n4096_b32,0.597522233147,0.592361468201,0.00516076494629,9,30,ok,
current_final,fft,complex128,4096,64,fft_complex128_n4096_b64,1.17528724018,1.16971508134,0.00402524136007,9,25,ok,
current_final,fft,complex128,4096,256,fft_complex128_n4096_b256,5.01796983493,4.99427316633,0.0147463288158,7,6,ok,
current_final,fft,complex128,4097,1,fft_complex128_n4097_b1,0.111376012073,0.110587040784,0.000464229378849,7,170,ok,
current_final,fft,complex128,4097,2,fft_complex128_n4097_b2,0.185129047549,0.183727523489,0.000558581779755,7,105,ok,
current_final,fft,complex128,4097,4,fft_complex128_n4097_b4,0.351661595663,0.351223912858,0.000437682804962,7,57,ok,
current_final,fft,complex128,4097,8,fft_complex128_n4097_b8,0.691654690509,0.687769377315,0.00176713641348,7,29,ok,
current_final,fft,complex128,4097,16,fft_complex128_n4097_b16,1.36445276439,1.36222899891,0.00191128457941,7,21,ok,
current_final,fft,complex128,4097,32,fft_complex128_n4097_b32,2.71563008639,2.71119718144,0.00443290495737,7,11,ok,
current_final,fft,complex128,4097,64,fft_complex128_n4097_b64,5.38741159253,5.3399576107,0.0394367845729,7,5,ok,
current_final,fft,complex128,4097,256,fft_complex128_n4097_b256,21.6512819752,21.5697370004,0.0650429865345,7,1,ok,
current_final,fft,complex128,4608,1,fft_complex128_n4608_b1,0.029710464878,0.0295082799857,0.000188054982573,7,200,ok,
current_final,fft,complex128,4608,2,fft_complex128_n4608_b2,0.0647976848995,0.0644251296762,0.000218669883907,7,200,ok,
current_final,fft,complex128,4608,4,fft_complex128_n4608_b4,0.111257402466,0.11092016744,0.000333312675149,7,179,ok,
current_final,fft,complex128,4608,8,fft_complex128_n4608_b8,0.201563530136,0.200822629267,0.00074090086855,7,100,ok,
current_final,fft,complex128,4608,16,fft_complex128_n4608_b16,0.381142401602,0.378147035372,0.0011565318952,7,30,ok,
current_final,fft,complex128,4608,32,fft_complex128_n4608_b32,0.756460699874,0.753672401576,0.00210033031181,7,30,ok,
current_final,fft,complex128,4608,64,fft_complex128_n4608_b64,1.53268079004,1.50352647822,0.0121710013206,7,19,ok,
current_final,fft,complex128,4608,256,fft_complex128_n4608_b256,6.65840301663,6.42161939759,0.0792765757069,7,5,ok,
current_final,fft,complex128,8192,1,fft_complex128_n8192_b1,0.0605113001075,0.0599888549186,0.000253479811363,7,200,ok,
current_final,fft,complex128,8192,2,fft_complex128_n8192_b2,0.117052457557,0.11681343864,0.000239018916938,7,153,ok,
current_final,fft,complex128,8192,4,fft_complex128_n8192_b4,0.207111290873,0.206400047403,0.000678848875903,7,86,ok,
current_final,fft,complex128,8192,8,fft_complex128_n8192_b8,0.386956533314,0.385290932738,0.00122855676131,7,45,ok,
current_final,fft,complex128,8192,16,fft_complex128_n8192_b16,0.754729741149,0.750046775297,0.00202237128246,7,27,ok,
current_final,fft,complex128,8192,32,fft_complex128_n8192_b32,1.48390600225,1.47343999965,0.0064517177331,7,18,ok,
current_final,fft,complex128,8192,64,fft_complex128_n8192_b64,3.06763144262,3.056144109,0.0114873336214,7,9,ok,
current_final,fft,complex128,8192,256,fft_complex128_n8192_b256,14.5489409915,14.4800494891,0.0688915024512,7,2,ok,
current_final,fft,complex128,16384,1,fft_complex128_n16384_b1,0.182401486421,0.181686694247,0.000105684136485,7,111,ok,
current_final,fft,complex128,16384,2,fft_complex128_n16384_b2,0.358792001082,0.35633805341,0.00192310627816,7,56,ok,
current_final,fft,complex128,16384,4,fft_complex128_n16384_b4,0.712033785281,0.702843859991,0.00225678585204,7,28,ok,
current_final,fft,complex128,16384,8,fft_complex128_n16384_b8,1.40029652089,1.398602811,0.000325336475812,7,21,ok,
current_final,fft,complex128,16384,16,fft_complex128_n16384_b16,2.81647290103,2.79459540034,0.0166045036167,7,10,ok,
current_final,fft,complex128,16384,32,fft_complex128_n16384_b32,5.66942121368,5.63673099969,0.0326902139932,7,5,ok,
current_final,fft,complex128,16384,64,fft_complex128_n16384_b64,11.6298525245,11.4984285319,0.0286999857053,7,2,ok,
current_final,fft,complex128,16384,256,fft_complex128_n16384_b256,49.7104399838,49.3429130875,0.0835480168462,7,1,ok,
current_final,fft,complex128,32768,1,fft_complex128_n32768_b1,0.4164718709,0.414686740639,0.00137563177344,7,46,ok,
current_final,fft,complex128,32768,2,fft_complex128_n32768_b2,0.829827748627,0.826347003264,0.0016080836455,7,24,ok,
current_final,fft,complex128,32768,4,fft_complex128_n32768_b4,1.65657272252,1.64547722347,0.00431433242435,7,18,ok,
current_final,fft,complex128,32768,8,fft_complex128_n32768_b8,3.29302845057,3.26412688527,0.0126942241978,7,9,ok,
current_final,fft,complex128,32768,16,fft_complex128_n32768_b16,6.87313327217,6.77722098771,0.0521212641615,7,4,ok,
current_final,fft,complex128,32768,32,fft_complex128_n32768_b32,14.1690289602,14.1185329994,0.0320460530929,7,2,ok,
current_final,fft,complex128,32768,64,fft_complex128_n32768_b64,29.8027789686,29.4493880356,0.0794210936874,7,1,ok,
current_final,fft,complex128,32768,256,fft_complex128_n32768_b256,119.258509018,116.656027036,1.55830802396,7,1,ok,
current_final,fft,complex128,65536,1,fft_complex128_n65536_b1,0.89306486453,0.885163502641,0.00212717780166,7,22,ok,
current_final,fft,complex128,65536,2,fft_complex128_n65536_b2,1.79456635241,1.79106853081,0.00216764644446,7,17,ok,
current_final,fft,complex128,65536,4,fft_complex128_n65536_b4,3.56483386713,3.55638036854,0.00206624099519,7,8,ok,
current_final,fft,complex128,65536,8,fft_complex128_n65536_b8,7.3723460082,7.32560499455,0.0277827784885,7,4,ok,
current_final,fft,complex128,65536,16,fft_complex128_n65536_b16,15.4678900726,15.1357100112,0.0688909785822,7,1,ok,
current_final,fft,complex128,65536,32,fft_complex128_n65536_b32,32.6841509668,32.6084470144,0.0434520188719,7,1,ok,
current_final,fft,complex128,65536,64,fft_complex128_n65536_b64,64.13823599,63.9727120288,0.165523961186,7,1,ok,
current_final,fft,complex128,65536,256,fft_complex128_n65536_b256,255.738116917,254.437337047,0.509417965077,7,1,ok,
current_final,ifft,complex64,64,1,ifft_complex64_n64_b1,0.00440648795326,0.00428440081828,0.000109485609783,9,873,ok,
current_final,ifft,complex64,64,2,ifft_complex64_n64_b2,0.00509851912088,0.00504891061963,1.18868702576e-05,9,1936,ok,
current_final,ifft,complex64,64,4,ifft_complex64_n64_b4,0.00554813997587,0.00551290804287,2.31289886869e-05,9,2000,ok,
current_final,ifft,complex64,64,8,ifft_complex64_n64_b8,0.00636678877188,0.0063212922161,1.66456672011e-05,9,1013,ok,
current_final,ifft,complex64,64,16,ifft_complex64_n64_b16,0.00778228925498,0.00774568598605,3.41165083087e-05,9,1656,ok,
current_final,ifft,complex64,64,32,ifft_complex64_n64_b32,0.0107408651786,0.010711423521,1.34624943339e-05,9,1254,ok,
current_final,ifft,complex64,64,64,ifft_complex64_n64_b64,0.016648219462,0.0165544472655,2.30581052204e-05,9,843,ok,
current_final,ifft,complex64,64,256,ifft_complex64_n64_b256,0.0524459348526,0.0521511753323,0.000153590226546,7,200,ok,
current_final,ifft,complex64,256,1,ifft_complex64_n256_b1,0.00566397450166,0.00564119650517,4.85451892018e-06,9,2000,ok,
current_final,ifft,complex64,256,2,ifft_complex64_n256_b2,0.00698984821024,0.00692286151208,2.5291397287e-05,9,1726,ok,
current_final,ifft,complex64,256,4,ifft_complex64_n256_b4,0.00864876073069,0.00861730379295,2.70342508141e-05,9,1488,ok,
current_final,ifft,complex64,256,8,ifft_complex64_n256_b8,0.0120754061228,0.0120447874573,2.84422291496e-05,9,1054,ok,
current_final,ifft,complex64,256,16,ifft_complex64_n256_b16,0.0188032209322,0.0187091678343,5.60543745106e-05,9,733,ok,
current_final,ifft,complex64,256,32,ifft_complex64_n256_b32,0.0320765050128,0.0318305945257,0.000130550470203,9,200,ok,
current_final,ifft,complex64,256,64,ifft_complex64_n256_b64,0.0589065544773,0.0588194903685,8.70641088113e-05,9,200,ok,
current_final,ifft,complex64,256,256,ifft_complex64_n256_b256,0.218471276781,0.218096455663,0.000374821118183,7,90,ok,
current_final,ifft,complex64,1024,1,ifft_complex64_n1024_b1,0.0104288881341,0.0103954211524,2.03648886206e-05,9,1225,ok,
current_final,ifft,complex64,1024,2,ifft_complex64_n1024_b2,0.0181989448175,0.0180763701381,7.30593103419e-05,9,743,ok,
current_final,ifft,complex64,1024,4,ifft_complex64_n1024_b4,0.0242502288332,0.0242118760959,2.71600352123e-05,9,581,ok,
current_final,ifft,complex64,1024,8,ifft_complex64_n1024_b8,0.0398938503349,0.0397673103726,8.85152257979e-05,9,200,ok,
current_final,ifft,complex64,1024,16,ifft_complex64_n1024_b16,0.0692355650244,0.0689743203111,0.00010404502973,9,200,ok,
current_final,ifft,complex64,1024,32,ifft_complex64_n1024_b32,0.129336178216,0.128483370452,0.000517402886604,9,151,ok,
current_final,ifft,complex64,1024,64,ifft_complex64_n1024_b64,0.24844125994,0.247236493584,0.00047843247928,9,81,ok,
current_final,ifft,complex64,1024,256,ifft_complex64_n1024_b256,0.969014301275,0.963067034415,0.000431466226776,7,30,ok,
current_final,ifft,complex64,2048,1,ifft_complex64_n2048_b1,0.0165098193119,0.0163853867863,2.43578824378e-05,9,791,ok,
current_final,ifft,complex64,2048,2,ifft_complex64_n2048_b2,0.0314129730603,0.0311690962137,0.0001520958384,9,448,ok,
current_final,ifft,complex64,2048,4,ifft_complex64_n2048_b4,0.0451212248299,0.0449316203594,0.000156399910338,9,200,ok,
current_final,ifft,complex64,2048,8,ifft_complex64_n2048_b8,0.078079054947,0.0771303550573,0.000227584387176,9,200,ok,
current_final,ifft,complex64,2048,16,ifft_complex64_n2048_b16,0.143617877348,0.143243719341,0.000255165635039,9,139,ok,
current_final,ifft,complex64,2048,32,ifft_complex64_n2048_b32,0.271605452114,0.270504601721,0.000288355967974,9,73,ok,
current_final,ifft,complex64,2048,64,ifft_complex64_n2048_b64,0.526436600679,0.524221702168,0.00152190138275,9,30,ok,
current_final,ifft,complex64,2048,256,ifft_complex64_n2048_b256,2.06608592998,2.05245578296,0.00720435387588,7,14,ok,
current_final,ifft,complex64,3072,1,ifft_complex64_n3072_b1,0.0235882365126,0.0233306689896,8.25709100133e-05,9,592,ok,
current_final,ifft,complex64,3072,2,ifft_complex64_n3072_b2,0.0465968297794,0.0464466452831,9.81352059171e-05,9,200,ok,
current_final,ifft,complex64,3072,4,ifft_complex64_n3072_b4,0.067075365223,0.06639987987,0.000148030230775,9,200,ok,
current_final,ifft,complex64,3072,8,ifft_complex64_n3072_b8,0.116388894868,0.115918117434,0.00016504629074,9,171,ok,
current_final,ifft,complex64,3072,16,ifft_complex64_n3072_b16,0.216902406364,0.215706835081,0.000553462746461,9,91,ok,
current_final,ifft,complex64,3072,32,ifft_complex64_n3072_b32,0.41694433506,0.415548069092,0.000496569555253,9,30,ok,
current_final,ifft,complex64,3072,64,ifft_complex64_n3072_b64,0.820045468087,0.810884032398,0.00263236773511,9,30,ok,
current_final,ifft,complex64,3072,256,ifft_complex64_n3072_b256,3.30397244802,3.24510066356,0.0118068936798,7,9,ok,
current_final,ifft,complex64,3584,1,ifft_complex64_n3584_b1,0.0267113275899,0.0261315589716,0.000175747189525,9,510,ok,
current_final,ifft,complex64,3584,2,ifft_complex64_n3584_b2,0.0531137554208,0.052977144951,0.00010320043657,9,200,ok,
current_final,ifft,complex64,3584,4,ifft_complex64_n3584_b4,0.0777041952824,0.0772879552096,0.000271265162155,9,200,ok,
current_final,ifft,complex64,3584,8,ifft_complex64_n3584_b8,0.136678358379,0.13629030356,0.000207778869261,9,145,ok,
current_final,ifft,complex64,3584,16,ifft_complex64_n3584_b16,0.249874596665,0.246261636569,0.000220947209504,9,77,ok,
current_final,ifft,complex64,3584,32,ifft_complex64_n3584_b32,0.478583096992,0.477326700153,0.00125639683877,9,30,ok,
current_final,ifft,complex64,3584,64,ifft_complex64_n3584_b64,0.931959269413,0.929256132804,0.000693994419028,9,30,ok,
current_final,ifft,complex64,3584,256,ifft_complex64_n3584_b256,3.69473174214,3.6758910137,0.00723236007616,7,8,ok,
current_final,ifft,complex64,4095,1,ifft_complex64_n4095_b1,0.0473002811277,0.0471309295398,8.92006122448e-05,9,299,ok,
current_final,ifft,complex64,4095,2,ifft_complex64_n4095_b2,0.0868881848874,0.0862266245531,0.000202830415219,9,200,ok,
current_final,ifft,complex64,4095,4,ifft_complex64_n4095_b4,0.0998061604332,0.0985541351838,0.000630249851383,9,200,ok,
current_final,ifft,complex64,4095,8,ifft_complex64_n4095_b8,0.187754565289,0.186466935298,0.000275712443033,9,108,ok,
current_final,ifft,complex64,4095,16,ifft_complex64_n4095_b16,0.358851565133,0.357350364158,0.000670730051669,9,55,ok,
current_final,ifft,complex64,4095,32,ifft_complex64_n4095_b32,0.699508900288,0.696659802149,0.00135456987967,9,30,ok,
current_final,ifft,complex64,4095,64,ifft_complex64_n4095_b64,1.40622014269,1.40166052595,0.00327052215913,9,21,ok,
current_final,ifft,complex64,4095,256,ifft_complex64_n4095_b256,5.56592659559,5.5406666128,0.0103815924376,7,5,ok,
current_final,ifft,complex64,4096,1,ifft_complex64_n4096_b1,0.0290997302443,0.0289574046609,8.32419407731e-05,9,467,ok,
current_final,ifft,complex64,4096,2,ifft_complex64_n4096_b2,0.0595285848249,0.058868934866,0.00011311029084,9,200,ok,
current_final,ifft,complex64,4096,4,ifft_complex64_n4096_b4,0.0859430903802,0.0853247096529,0.00022652966436,9,200,ok,
current_final,ifft,complex64,4096,8,ifft_complex64_n4096_b8,0.153019851496,0.152827296915,0.000192554580281,9,128,ok,
current_final,ifft,complex64,4096,16,ifft_complex64_n4096_b16,0.286681851482,0.284577853402,0.000482086119625,9,68,ok,
current_final,ifft,complex64,4096,32,ifft_complex64_n4096_b32,0.548339867964,0.543545434872,0.00186119771873,9,30,ok,
current_final,ifft,complex64,4096,64,ifft_complex64_n4096_b64,1.10531433192,1.09647903419,0.00256896277683,9,27,ok,
current_final,ifft,complex64,4096,256,ifft_complex64_n4096_b256,4.27456228395,4.23407829034,0.0235904174458,7,7,ok,
current_final,ifft,complex64,4097,1,ifft_complex64_n4097_b1,0.143002350328,0.142247112009,0.000388583050235,7,134,ok,
current_final,ifft,complex64,4097,2,ifft_complex64_n4097_b2,0.273163832996,0.271915209143,0.00092145799297,7,72,ok,
current_final,ifft,complex64,4097,4,ifft_complex64_n4097_b4,0.215452846273,0.214677526626,0.000419812839847,7,91,ok,
current_final,ifft,complex64,4097,8,ifft_complex64_n4097_b8,0.41290235337,0.410308040349,0.000788354858135,7,48,ok,
current_final,ifft,complex64,4097,16,ifft_complex64_n4097_b16,0.807951833121,0.80556293251,0.00174963303531,7,30,ok,
current_final,ifft,complex64,4097,32,ifft_complex64_n4097_b32,1.58786339064,1.58407455698,0.00343266745201,7,18,ok,
current_final,ifft,complex64,4097,64,ifft_complex64_n4097_b64,3.22614589499,3.20345044343,0.00505732734584,7,9,ok,
current_final,ifft,complex64,4097,256,ifft_complex64_n4097_b256,12.8701446423,12.7699676668,0.00229431316257,7,3,ok,
current_final,ifft,complex64,4608,1,ifft_complex64_n4608_b1,0.0335036648903,0.0331940304022,0.000180539791472,7,200,ok,
current_final,ifft,complex64,4608,2,ifft_complex64_n4608_b2,0.0684767746134,0.0681755546248,6.22699735686e-05,7,200,ok,
current_final,ifft,complex64,4608,4,ifft_complex64_n4608_b4,0.100395531206,0.100031020432,0.000141453017125,7,194,ok,
current_final,ifft,complex64,4608,8,ifft_complex64_n4608_b8,0.180254056654,0.179469169179,0.000703405536149,7,106,ok,
current_final,ifft,complex64,4608,16,ifft_complex64_n4608_b16,0.338954265074,0.337952030047,0.000630901195109,7,30,ok,
current_final,ifft,complex64,4608,32,ifft_complex64_n4608_b32,0.655103564107,0.650170565738,0.00213669845834,7,30,ok,
current_final,ifft,complex64,4608,64,ifft_complex64_n4608_b64,1.28974330247,1.28173986551,0.00211400101366,7,23,ok,
current_final,ifft,complex64,4608,256,ifft_complex64_n4608_b256,5.09407061618,5.07679600269,0.0154291978106,7,5,ok,
current_final,ifft,complex64,8192,1,ifft_complex64_n8192_b1,0.056329810177,0.0561787252082,0.000131349661388,7,200,ok,
current_final,ifft,complex64,8192,2,ifft_complex64_n8192_b2,0.107338214498,0.106740208179,0.000111362768931,7,182,ok,
current_final,ifft,complex64,8192,4,ifft_complex64_n8192_b4,0.185343669727,0.183919596341,0.000610889935302,7,109,ok,
current_final,ifft,complex64,8192,8,ifft_complex64_n8192_b8,0.336309102091,0.334887791441,0.000662981243483,7,58,ok,
current_final,ifft,complex64,8192,16,ifft_complex64_n8192_b16,0.640342532036,0.636743366097,0.000917733026048,7,30,ok,
current_final,ifft,complex64,8192,32,ifft_complex64_n8192_b32,1.26768969526,1.26194051953,0.00208786830468,7,23,ok,
current_final,ifft,complex64,8192,64,ifft_complex64_n8192_b64,2.48630736447,2.46752628168,0.0107467322695,7,11,ok,
current_final,ifft,complex64,8192,256,ifft_complex64_n8192_b256,10.32612368,10.2548353219,0.0488496540735,7,3,ok,
current_final,ifft,complex64,16384,1,ifft_complex64_n16384_b1,0.108308100607,0.107801416501,0.000112827142908,7,180,ok,
current_final,ifft,complex64,16384,2,ifft_complex64_n16384_b2,0.191760621287,0.190787806257,0.000443951525156,7,103,ok,
current_final,ifft,complex64,16384,4,ifft_complex64_n16384_b4,0.348492914907,0.347233293096,0.00100465619872,7,58,ok,
current_final,ifft,complex64,16384,8,ifft_complex64_n16384_b8,0.664540166811,0.661557501492,0.00238019662599,7,30,ok,
current_final,ifft,complex64,16384,16,ifft_complex64_n16384_b16,1.29775678152,1.28813808703,0.00379330215409,7,23,ok,
current_final,ifft,complex64,16384,32,ifft_complex64_n16384_b32,2.58121754847,2.55718108648,0.0209788982333,7,11,ok,
current_final,ifft,complex64,16384,64,ifft_complex64_n16384_b64,5.17930057831,5.11512660887,0.0248130178079,7,5,ok,
current_final,ifft,complex64,16384,256,ifft_complex64_n16384_b256,23.7664880697,23.3786010649,0.117482966743,7,1,ok,
current_final,ifft,complex64,32768,1,ifft_complex64_n32768_b1,0.223037104534,0.222204721446,0.000431872416981,7,86,ok,
current_final,ifft,complex64,32768,2,ifft_complex64_n32768_b2,0.398444780149,0.393861660268,0.00180383911356,7,50,ok,
current_final,ifft,complex64,32768,4,ifft_complex64_n32768_b4,0.748111167923,0.745032002063,0.00177169761931,7,30,ok,
current_final,ifft,complex64,32768,8,ifft_complex64_n32768_b8,1.4215557545,1.40281720087,0.0054778996855,7,20,ok,
current_final,ifft,complex64,32768,16,ifft_complex64_n32768_b16,2.76934539434,2.75932040531,0.00630499562249,7,10,ok,
current_final,ifft,complex64,32768,32,ifft_complex64_n32768_b32,5.54596881848,5.53452898748,0.00345061998814,7,5,ok,
current_final,ifft,complex64,32768,64,ifft_complex64_n32768_b64,11.4442370056,11.3792936706,0.0152556846539,7,3,ok,
current_final,ifft,complex64,32768,256,ifft_complex64_n32768_b256,47.9599970859,47.493831953,0.0670180888847,7,1,ok,
current_final,ifft,complex64,65536,1,ifft_complex64_n65536_b1,0.452553953564,0.451257092293,0.00080386133388,7,43,ok,
current_final,ifft,complex64,65536,2,ifft_complex64_n65536_b2,0.851462765907,0.849029464492,0.00233510121082,7,30,ok,
current_final,ifft,complex64,65536,4,ifft_complex64_n65536_b4,1.64326910938,1.62864694398,0.00347272725776,7,18,ok,
current_final,ifft,complex64,65536,8,ifft_complex64_n65536_b8,3.17414143744,3.16076165634,0.00772231982814,7,9,ok,
current_final,ifft,complex64,65536,16,ifft_complex64_n65536_b16,6.36021175887,6.29971423768,0.0138387840707,7,4,ok,
current_final,ifft,complex64,65536,32,ifft_complex64_n65536_b32,12.9937690217,12.9586593636,0.021207301567,7,3,ok,
current_final,ifft,complex64,65536,64,ifft_complex64_n65536_b64,27.5736870244,27.508603991,0.0131439883262,7,1,ok,
current_final,ifft,complex64,65536,256,ifft_complex64_n65536_b256,108.498057001,107.947241049,0.202916096896,7,1,ok,
current_final,ifft,complex128,64,1,ifft_complex128_n64_b1,0.0043986384239,0.00436511094721,1.59590990309e-05,9,1712,ok,
current_final,ifft,complex128,64,2,ifft_complex128_n64_b2,0.00505878549302,0.00503951945575,1.64260272868e-05,9,2000,ok,
current_final,ifft,complex128,64,4,ifft_complex128_n64_b4,0.00538790546125,0.00536206649849,2.51730671152e-05,9,2000,ok,
current_final,ifft,complex128,64,8,ifft_complex128_n64_b8,0.00610784749733,0.00608821498463,1.23989884742e-05,9,2000,ok,
current_final,ifft,complex128,64,16,ifft_complex128_n64_b16,0.00737044985776,0.00733377207836,2.79325966353e-05,9,1825,ok,
current_final,ifft,complex128,64,32,ifft_complex128_n64_b32,0.00983068551097,0.00977986274096,4.91858539141e-05,9,1377,ok,
current_final,ifft,complex128,64,64,ifft_complex128_n64_b64,0.0162232078695,0.0161024867199,5.78977331036e-05,9,832,ok,
current_final,ifft,complex128,64,256,ifft_complex128_n64_b256,0.0453756103525,0.0451156200143,0.000132200075313,7,200,ok,
current_final,ifft,complex128,256,1,ifft_complex128_n256_b1,0.00576197600458,0.00573965848889,1.38665200211e-05,9,2000,ok,
current_final,ifft,complex128,256,2,ifft_complex128_n256_b2,0.00697618088881,0.00695341541643,1.30654075038e-05,9,1697,ok,
current_final,ifft,complex128,256,4,ifft_complex128_n256_b4,0.00862173494708,0.00854182847596,2.48375954617e-05,9,1551,ok,
current_final,ifft,complex128,256,8,ifft_complex128_n256_b8,0.0118924029548,0.0117906717065,1.58043120892e-05,9,1124,ok,
current_final,ifft,complex128,256,16,ifft_complex128_n256_b16,0.0186332952466,0.0184995367918,2.81639524254e-05,9,762,ok,
current_final,ifft,complex128,256,32,ifft_complex128_n256_b32,0.0316998397466,0.0314947997686,3.03552951664e-05,9,200,ok,
current_final,ifft,complex128,256,64,ifft_complex128_n256_b64,0.0600795802893,0.0576861848822,0.000669369474053,9,200,ok,
current_final,ifft,complex128,256,256,ifft_complex128_n256_b256,0.212184157173,0.210684568523,0.000344442301675,7,95,ok,
current_final,ifft,complex128,1024,1,ifft_complex128_n1024_b1,0.0101885769327,0.0100919602143,7.26118404727e-05,9,1208,ok,
current_final,ifft,complex128,1024,2,ifft_complex128_n1024_b2,0.0171257592877,0.0170485947996,2.00124034784e-05,9,802,ok,
current_final,ifft,complex128,1024,4,ifft_complex128_n1024_b4,0.0252740673257,0.0251163454463,2.88879661716e-05,9,446,ok,
current_final,ifft,complex128,1024,8,ifft_complex128_n1024_b8,0.0417871453101,0.0415629701456,9.51293623075e-05,9,200,ok,
current_final,ifft,complex128,1024,16,ifft_complex128_n1024_b16,0.0738537299912,0.0733571947785,0.000121930497698,9,200,ok,
current_final,ifft,complex128,1024,32,ifft_complex128_n1024_b32,0.137696144621,0.136928689056,0.000470207104909,9,145,ok,
current_final,ifft,complex128,1024,64,ifft_complex128_n1024_b64,0.26650965369,0.265672719106,0.000321813859046,9,75,ok,
current_final,ifft,complex128,1024,256,ifft_complex128_n1024_b256,1.036801891,1.02675282064,0.00139050202311,7,28,ok,
current_final,ifft,complex128,2048,1,ifft_complex128_n2048_b1,0.0166405664803,0.0165988099675,3.43130184164e-05,9,805,ok,
current_final,ifft,complex128,2048,2,ifft_complex128_n2048_b2,0.031834958907,0.0316556399171,5.42907020049e-05,9,461,ok,
current_final,ifft,complex128,2048,4,ifft_complex128_n2048_b4,0.0502490147483,0.0497579801595,5.60097396374e-05,9,200,ok,
current_final,ifft,complex128,2048,8,ifft_complex128_n2048_b8,0.0876174203586,0.0866006850265,0.000215154723264,9,200,ok,
current_final,ifft,complex128,2048,16,ifft_complex128_n2048_b16,0.161675324974,0.160722758543,8.84242278213e-05,9,120,ok,
current_final,ifft,complex128,2048,32,ifft_complex128_n2048_b32,0.308490283612,0.306522981088,0.00105009475758,9,53,ok,
current_final,ifft,complex128,2048,64,ifft_complex128_n2048_b64,0.611172166343,0.607873569243,0.00104599942764,9,30,ok,
current_final,ifft,complex128,2048,256,ifft_complex128_n2048_b256,2.44605041613,2.43211399841,0.0104548331971,7,12,ok,
current_final,ifft,complex128,3072,1,ifft_complex128_n3072_b1,0.0235745232028,0.0234332263524,4.71390199114e-05,9,583,ok,
current_final,ifft,complex128,3072,2,ifft_complex128_n3072_b2,0.0452288304223,0.0450433301739,5.44550130144e-05,9,200,ok,
current_final,ifft,complex128,3072,4,ifft_complex128_n3072_b4,0.0745821202872,0.0742056051968,5.82094071433e-05,9,200,ok,
current_final,ifft,complex128,3072,8,ifft_complex128_n3072_b8,0.133468741773,0.1330261228,9.51572505085e-05,9,147,ok,
current_final,ifft,complex128,3072,16,ifft_complex128_n3072_b16,0.252561407825,0.250360118164,0.000264052926612,9,76,ok,
current_final,ifft,complex128,3072,32,ifft_complex128_n3072_b32,0.490991635403,0.488868930067,0.000225733189533,9,30,ok,
current_final,ifft,complex128,3072,64,ifft_complex128_n3072_b64,0.968243170064,0.96323833568,0.00234847345079,9,30,ok,
current_final,ifft,complex128,3072,256,ifft_complex128_n3072_b256,4.08727670687,4.0290804214,0.00358544223543,7,7,ok,
current_final,ifft,complex128,3584,1,ifft_complex128_n3584_b1,0.0258423513859,0.025761947728,5.17180685716e-05,9,518,ok,
current_final,ifft,complex128,3584,2,ifft_complex128_n3584_b2,0.0501838396303,0.049730130122,0.000132850254886,9,200,ok,
current_final,ifft,complex128,3584,4,ifft_complex128_n3584_b4,0.0831982301315,0.0824519596063,0.00026595487725,9,200,ok,
current_final,ifft,complex128,3584,8,ifft_complex128_n3584_b8,0.148266188002,0.147427300944,0.000391946755406,9,133,ok,
current_final,ifft,complex128,3584,16,ifft_complex128_n3584_b16,0.280267444193,0.277751555485,0.000644277962339,9,72,ok,
current_final,ifft,complex128,3584,32,ifft_complex128_n3584_b32,0.542350831286,0.538044997181,0.00227900454774,9,30,ok,
current_final,ifft,complex128,3584,64,ifft_complex128_n3584_b64,1.09793107388,1.09450604025,0.00116699892614,9,27,ok,
current_final,ifft,complex128,3584,256,ifft_complex128_n3584_b256,4.53188349881,4.50322916731,0.0117473343077,7,6,ok,
current_final,ifft,complex128,4095,1,ifft_complex128_n4095_b1,0.0421688813864,0.0418155275217,0.000118517896115,9,328,ok,
current_final,ifft,complex128,4095,2,ifft_complex128_n4095_b2,0.071894765133,0.0716709851986,6.06151297688e-05,9,200,ok,
current_final,ifft,complex128,4095,4,ifft_complex128_n4095_b4,0.129586613962,0.128467310348,0.000296213567771,9,145,ok,
current_final,ifft,complex128,4095,8,ifft_complex128_n4095_b8,0.243581252326,0.242578203177,0.000913506609541,9,79,ok,
current_final,ifft,complex128,4095,16,ifft_complex128_n4095_b16,0.474799191579,0.469950690222,0.00191414229838,9,42,ok,
current_final,ifft,complex128,4095,32,ifft_complex128_n4095_b32,0.941628667836,0.938574833951,0.00198909935231,9,30,ok,
current_final,ifft,complex128,4095,64,ifft_complex128_n4095_b64,1.85019568744,1.84107212408,0.0022374370019,9,16,ok,
current_final,ifft,complex128,4095,256,ifft_complex128_n4095_b256,7.75266733641,7.7077956715,0.0448716649165,7,3,ok,
current_final,ifft,complex128,4096,1,ifft_complex128_n4096_b1,0.0307202787483,0.0306596610664,1.74110867262e-05,9,416,ok,
current_final,ifft,complex128,4096,2,ifft_complex128_n4096_b2,0.0571914948523,0.0566912448267,8.0555328168e-05,9,200,ok,
current_final,ifft,complex128,4096,4,ifft_complex128_n4096_b4,0.0967671402032,0.0959415250691,0.000228935386986,9,200,ok,
current_final,ifft,complex128,4096,8,ifft_complex128_n4096_b8,0.172541413561,0.170619319322,0.000423224891761,9,116,ok,
current_final,ifft,complex128,4096,16,ifft_complex128_n4096_b16,0.325916230022,0.324464786691,0.000307149421729,9,61,ok,
current_final,ifft,complex128,4096,32,ifft_complex128_n4096_b32,0.633775431197,0.631632667501,0.0012406691288,9,30,ok,
current_final,ifft,complex128,4096,64,ifft_complex128_n4096_b64,1.24934727368,1.24667945254,0.00123599734665,9,22,ok,
current_final,ifft,complex128,4096,256,ifft_complex128_n4096_b256,5.32773020677,5.25718841236,0.0239095883444,7,5,ok,
current_final,ifft,complex128,4097,1,ifft_complex128_n4097_b1,0.114700425149,0.113332503291,0.000513490557135,7,167,ok,
current_final,ifft,complex128,4097,2,ifft_complex128_n4097_b2,0.190170696993,0.189541716768,0.000515121336311,7,99,ok,
current_final,ifft,complex128,4097,4,ifft_complex128_n4097_b4,0.361552610735,0.360083925814,0.000772779997162,7,54,ok,
current_final,ifft,complex128,4097,8,ifft_complex128_n4097_b8,0.709546214369,0.701928536208,0.000458713787209,7,28,ok,
current_final,ifft,complex128,4097,16,ifft_complex128_n4097_b16,1.39717442826,1.38558571537,0.00539547320278,7,21,ok,
current_final,ifft,complex128,4097,32,ifft_complex128_n4097_b32,2.76954281144,2.7575991,0.00731791369617,7,10,ok,
current_final,ifft,complex128,4097,64,ifft_complex128_n4097_b64,5.45296599157,5.42506519705,0.0197151908651,7,5,ok,
current_final,ifft,complex128,4097,256,ifft_complex128_n4097_b256,22.1731519559,21.9933009939,0.0169719569385,7,1,ok,
current_final,ifft,complex128,4608,1,ifft_complex128_n4608_b1,0.0340133346617,0.0337981252233,0.000160755007528,7,200,ok,
current_final,ifft,complex128,4608,2,ifft_complex128_n4608_b2,0.0673776399344,0.0672441849019,9.72347334027e-05,7,200,ok,
current_final,ifft,complex128,4608,4,ifft_complex128_n4608_b4,0.116701884534,0.116234983054,0.000466901480592,7,173,ok,
current_final,ifft,complex128,4608,8,ifft_complex128_n4608_b8,0.214321247142,0.213448418885,0.000303472212005,7,93,ok,
current_final,ifft,complex128,4608,16,ifft_complex128_n4608_b16,0.404532133446,0.40338896603,0.00114316741625,7,30,ok,
current_final,ifft,complex128,4608,32,ifft_complex128_n4608_b32,0.800320998921,0.798434399379,0.00119960168377,7,30,ok,
current_final,ifft,complex128,4608,64,ifft_complex128_n4608_b64,1.55777157603,1.54691626391,0.00280531515416,7,19,ok,
current_final,ifft,complex128,4608,256,ifft_complex128_n4608_b256,6.68901519384,6.61330940202,0.0190141843632,7,5,ok,
current_final,ifft,complex128,8192,1,ifft_complex128_n8192_b1,0.0624946149765,0.0619263347471,0.000199075439014,7,200,ok,
current_final,ifft,complex128,8192,2,ifft_complex128_n8192_b2,0.118775399882,0.118272644918,0.000324619994048,7,155,ok,
current_final,ifft,complex128,8192,4,ifft_complex128_n8192_b4,0.21088249505,0.210429229988,0.000337196310618,7,87,ok,
current_final,ifft,complex128,8192,8,ifft_complex128_n8192_b8,0.39413571099,0.392590799472,0.000911757039527,7,45,ok,
current_final,ifft,complex128,8192,16,ifft_complex128_n8192_b16,0.791804593367,0.761121520083,0.00475977840661,7,27,ok,
current_final,ifft,complex128,8192,32,ifft_complex128_n8192_b32,1.51027994515,1.47649805553,0.0212102766252,7,18,ok,
current_final,ifft,complex128,8192,64,ifft_complex128_n8192_b64,3.01004555594,2.96746910964,0.0353861186239,7,9,ok,
current_final,ifft,complex128,8192,256,ifft_complex128_n8192_b256,14.2936609918,14.2071565497,0.0815245439298,7,2,ok,
current_final,ifft,complex128,16384,1,ifft_complex128_n16384_b1,0.184050870033,0.18313875922,0.000200287171605,7,108,ok,
current_final,ifft,complex128,16384,2,ifft_complex128_n16384_b2,0.355774125118,0.354311160793,0.00129494791119,7,56,ok,
current_final,ifft,complex128,16384,4,ifft_complex128_n16384_b4,0.702250927653,0.6986995369,0.00344689552938,7,28,ok,
current_final,ifft,complex128,16384,8,ifft_complex128_n16384_b8,1.40198252519,1.39678985856,0.00334676310775,7,21,ok,
current_final,ifft,complex128,16384,16,ifft_complex128_n16384_b16,2.79551820131,2.77625260642,0.0115911010653,7,10,ok,
current_final,ifft,complex128,16384,32,ifft_complex128_n16384_b32,5.74580598623,5.72323140223,0.00804518349469,7,5,ok,
current_final,ifft,complex128,16384,64,ifft_complex128_n16384_b64,12.1682704776,12.03127997,0.0948155065998,7,2,ok,
current_final,ifft,complex128,16384,256,ifft_complex128_n16384_b256,49.9767060392,49.6050399961,0.187285942957,7,1,ok,
current_final,ifft,complex128,32768,1,ifft_complex128_n32768_b1,0.425920912834,0.424507367627,0.000485044438392,7,46,ok,
current_final,ifft,complex128,32768,2,ifft_complex128_n32768_b2,0.840611391417,0.833500045068,0.00129074222692,7,23,ok,
current_final,ifft,complex128,32768,4,ifft_complex128_n32768_b4,1.64624427756,1.63947416392,0.00157238941433,7,18,ok,
current_final,ifft,complex128,32768,8,ifft_complex128_n32768_b8,3.27989455157,3.25516311245,0.0131215460392,7,9,ok,
current_final,ifft,complex128,32768,16,ifft_complex128_n32768_b16,6.68647125713,6.65691273753,0.0211175065488,7,4,ok,
current_final,ifft,complex128,32768,32,ifft_complex128_n32768_b32,14.0734679881,13.9974234626,0.0186850083992,7,2,ok,
current_final,ifft,complex128,32768,64,ifft_complex128_n32768_b64,29.8531160224,29.7581650084,0.0259379157797,7,1,ok,
current_final,ifft,complex128,32768,256,ifft_complex128_n32768_b256,117.135548033,116.198979085,0.148591003381,7,1,ok,
current_final,ifft,complex128,65536,1,ifft_complex128_n65536_b1,0.900838141596,0.898378241497,0.0024599000989,7,21,ok,
current_final,ifft,complex128,65536,2,ifft_complex128_n65536_b2,1.77524705941,1.772621501,0.00262555840891,7,16,ok,
current_final,ifft,complex128,65536,4,ifft_complex128_n65536_b4,3.54195550608,3.52083037433,0.00763837306295,7,8,ok,
current_final,ifft,complex128,65536,8,ifft_complex128_n65536_b8,7.42624350823,7.38913050736,0.00877649290487,7,4,ok,
current_final,ifft,complex128,65536,16,ifft_complex128_n65536_b16,15.4340565205,15.4001719784,0.0151689746417,7,2,ok,
current_final,ifft,complex128,65536,32,ifft_complex128_n65536_b32,32.4874669313,32.4487140169,0.0387529144064,7,1,ok,
current_final,ifft,complex128,65536,64,ifft_complex128_n65536_b64,64.4314830424,63.8128680876,0.192264909856,7,1,ok,
current_final,ifft,complex128,65536,256,ifft_complex128_n65536_b256,255.128067918,254.703621962,0.136228976771,7,1,ok,
ducc_policy_v2,fft,complex64,64,1,fft_complex64_n64_b1,0.0035928304541,0.00357408634168,1.31119103957e-05,9,1215,ok,
ducc_policy_v2,fft,complex64,64,2,fft_complex64_n64_b2,0.00432128499961,0.00424397847382,4.87425131723e-05,9,2000,ok,
ducc_policy_v2,fft,complex64,64,4,fft_complex64_n64_b4,0.00472984102089,0.00471614551498,1.34155270644e-05,9,2000,ok,
ducc_policy_v2,fft,complex64,64,8,fft_complex64_n64_b8,0.00553230999503,0.00549232849153,1.77440233529e-05,9,2000,ok,
ducc_policy_v2,fft,complex64,64,16,fft_complex64_n64_b16,0.00695081629131,0.00690584322124,1.64528204693e-05,9,1780,ok,
ducc_policy_v2,fft,complex64,64,32,fft_complex64_n64_b32,0.00976233360246,0.00971225423192,3.52708484735e-05,9,1322,ok,
ducc_policy_v2,fft,complex64,64,64,fft_complex64_n64_b64,0.0155785600012,0.0154951795848,4.40795967558e-05,9,891,ok,
ducc_policy_v2,fft,complex64,64,256,fft_complex64_n64_b256,0.0499389698962,0.0496488250792,9.07201319933e-05,7,200,ok,
ducc_policy_v2,fft,complex64,256,1,fft_complex64_n256_b1,0.00480353104649,0.0047660144628,1.21934572235e-05,9,2000,ok,
ducc_policy_v2,fft,complex64,256,2,fft_complex64_n256_b2,0.00619907601504,0.00616904400522,1.04050268419e-05,9,2000,ok,
ducc_policy_v2,fft,complex64,256,4,fft_complex64_n256_b4,0.00787176697303,0.00784642655117,5.88786802021e-06,9,1695,ok,
ducc_policy_v2,fft,complex64,256,8,fft_complex64_n256_b8,0.0111833014759,0.0111204424852,5.50559566415e-05,9,1234,ok,
ducc_policy_v2,fft,complex64,256,16,fft_complex64_n256_b16,0.0175200906818,0.0174647754939,5.11626562765e-05,9,806,ok,
ducc_policy_v2,fft,complex64,256,32,fft_complex64_n256_b32,0.0303031899966,0.0300858798437,3.34595097229e-05,9,200,ok,
ducc_policy_v2,fft,complex64,256,64,fft_complex64_n256_b64,0.0556336349109,0.0554544950137,0.000111359986477,9,200,ok,
ducc_policy_v2,fft,complex64,256,256,fft_complex64_n256_b256,0.206885864221,0.206340656102,0.000130364545233,7,96,ok,
ducc_policy_v2,fft,complex64,1024,1,fft_complex64_n1024_b1,0.00963371828862,0.00950603149774,4.89493817697e-05,9,1303,ok,
ducc_policy_v2,fft,complex64,1024,2,fft_complex64_n1024_b2,0.0171536208869,0.0170822445811,7.13763057365e-05,9,781,ok,
ducc_policy_v2,fft,complex64,1024,4,fft_complex64_n1024_b4,0.0230054167332,0.0227863516193,4.77252372851e-05,9,600,ok,
ducc_policy_v2,fft,complex64,1024,8,fft_complex64_n1024_b8,0.037367354962,0.0371571053984,0.000120929908007,9,200,ok,
ducc_policy_v2,fft,complex64,1024,16,fft_complex64_n1024_b16,0.0663410197012,0.0658252899302,0.000316145597026,9,200,ok,
ducc_policy_v2,fft,complex64,1024,32,fft_complex64_n1024_b32,0.126237182222,0.12479438344,0.000904868474031,9,159,ok,
ducc_policy_v2,fft,complex64,1024,64,fft_complex64_n1024_b64,0.245066197233,0.24328355528,0.000430937902427,9,81,ok,
ducc_policy_v2,fft,complex64,1024,256,fft_complex64_n1024_b256,0.952194033501,0.946315533171,0.00430686632171,7,30,ok,
ducc_policy_v2,fft,complex64,2048,1,fft_complex64_n2048_b1,0.0157353134631,0.0155984005017,1.8018746137e-05,9,804,ok,
ducc_policy_v2,fft,complex64,2048,2,fft_complex64_n2048_b2,0.0309735078272,0.0304062911215,9.49436588461e-05,9,443,ok,
ducc_policy_v2,fft,complex64,2048,4,fft_complex64_n2048_b4,0.0436853501014,0.0434639299056,7.49400351197e-05,9,200,ok,
ducc_policy_v2,fft,complex64,2048,8,fft_complex64_n2048_b8,0.0749605853343,0.0744305300759,9.05751949176e-05,9,200,ok,
ducc_policy_v2,fft,complex64,2048,16,fft_complex64_n2048_b16,0.137176652465,0.136837257337,0.000259729858954,9,144,ok,
ducc_policy_v2,fft,complex64,2048,32,fft_complex64_n2048_b32,0.262956540897,0.262084104562,0.000281461612567,9,76,ok,
ducc_policy_v2,fft,complex64,2048,64,fft_complex64_n2048_b64,0.513823334283,0.511843901283,0.00071603183945,9,30,ok,
ducc_policy_v2,fft,complex64,2048,256,fft_complex64_n2048_b256,2.02414613062,2.01146400068,0.00689307538172,7,15,ok,
ducc_policy_v2,fft,complex64,3072,1,fft_complex64_n3072_b1,0.0222548982806,0.022196929259,4.41809457856e-05,9,481,ok,
ducc_policy_v2,fft,complex64,3072,2,fft_complex64_n3072_b2,0.0447801803239,0.0445801496971,9.76846786216e-05,9,200,ok,
ducc_policy_v2,fft,complex64,3072,4,fft_complex64_n3072_b4,0.0641396897845,0.0638136698399,4.23850724474e-05,9,200,ok,
ducc_policy_v2,fft,complex64,3072,8,fft_complex64_n3072_b8,0.113708251156,0.112948411677,0.000196200396333,9,175,ok,
ducc_policy_v2,fft,complex64,3072,16,fft_complex64_n3072_b16,0.211139020853,0.20947849476,0.000962347870595,9,95,ok,
ducc_policy_v2,fft,complex64,3072,32,fft_complex64_n3072_b32,0.407373831452,0.404122999559,0.00150916554655,9,30,ok,
ducc_policy_v2,fft,complex64,3072,64,fft_complex64_n3072_b64,0.797320300868,0.791058398318,0.00205889809877,9,30,ok,
ducc_policy_v2,fft,complex64,3072,256,fft_complex64_n3072_b256,3.11859933815,3.10617466716,0.0124246709877,7,9,ok,
ducc_policy_v2,fft,complex64,3584,1,fft_complex64_n3584_b1,0.0249097844226,0.024631205187,5.73387293019e-05,9,487,ok,
ducc_policy_v2,fft,complex64,3584,2,fft_complex64_n3584_b2,0.0512043299386,0.0511420099065,5.61552587897e-05,9,200,ok,
ducc_policy_v2,fft,complex64,3584,4,fft_complex64_n3584_b4,0.0729275745107,0.0725417898502,0.000167714315467,9,200,ok,
ducc_policy_v2,fft,complex64,3584,8,fft_complex64_n3584_b8,0.130016476926,0.129109927989,0.000258744846469,9,153,ok,
ducc_policy_v2,fft,complex64,3584,16,fft_complex64_n3584_b16,0.240385714907,0.238076148463,0.000645409418661,9,81,ok,
ducc_policy_v2,fft,complex64,3584,32,fft_complex64_n3584_b32,0.465077635211,0.460512967159,0.00194436870515,9,30,ok,
ducc_policy_v2,fft,complex64,3584,64,fft_complex64_n3584_b64,0.910119301019,0.904745798713,0.00204153281326,9,30,ok,
ducc_policy_v2,fft,complex64,3584,256,fft_complex64_n3584_b256,3.61141837493,3.59691462654,0.0125838705571,7,8,ok,
ducc_policy_v2,fft,complex64,4095,1,fft_complex64_n4095_b1,0.0483675072207,0.048272464431,4.82483714132e-05,9,282,ok,
ducc_policy_v2,fft,complex64,4095,2,fft_complex64_n4095_b2,0.0893803552026,0.088554440299,0.000205190153793,9,200,ok,
ducc_policy_v2,fft,complex64,4095,4,fft_complex64_n4095_b4,0.0969257450197,0.0963505601976,0.000151389976963,9,200,ok,
ducc_policy_v2,fft,complex64,4095,8,fft_complex64_n4095_b8,0.181329199536,0.179391072809,0.00173018144613,9,110,ok,
ducc_policy_v2,fft,complex64,4095,16,fft_complex64_n4095_b16,0.348566339069,0.346972964638,0.00040719584961,9,56,ok,
ducc_policy_v2,fft,complex64,4095,32,fft_complex64_n4095_b32,0.68969343168,0.684616167564,0.00311357046788,9,30,ok,
ducc_policy_v2,fft,complex64,4095,64,fft_complex64_n4095_b64,1.34554236535,1.34162131739,0.00133254268969,9,22,ok,
ducc_policy_v2,fft,complex64,4095,256,fft_complex64_n4095_b256,5.36202879157,5.34663959406,0.00439819414169,7,5,ok,
ducc_policy_v2,fft,complex64,4096,1,fft_complex64_n4096_b1,0.0280792134145,0.0279383250853,6.48864778241e-05,9,483,ok,
ducc_policy_v2,fft,complex64,4096,2,fft_complex64_n4096_b2,0.0575354852481,0.0570671499008,0.000261394889094,9,200,ok,
ducc_policy_v2,fft,complex64,4096,4,fft_complex64_n4096_b4,0.08267500496,0.0822642800631,0.000163509976119,9,200,ok,
ducc_policy_v2,fft,complex64,4096,8,fft_complex64_n4096_b8,0.146357897286,0.14538900081,0.000202507020303,9,136,ok,
ducc_policy_v2,fft,complex64,4096,16,fft_complex64_n4096_b16,0.275347263798,0.274824888846,0.000522374951591,9,72,ok,
ducc_policy_v2,fft,complex64,4096,32,fft_complex64_n4096_b32,0.534352167354,0.529694033321,0.000944132140527,9,30,ok,
ducc_policy_v2,fft,complex64,4096,64,fft_complex64_n4096_b64,1.04299064177,1.0375764645,0.00279921472871,9,28,ok,
ducc_policy_v2,fft,complex64,4096,256,fft_complex64_n4096_b256,4.13108814973,4.12706328955,0.00113373555775,7,7,ok,
ducc_policy_v2,fft,complex64,4097,1,fft_complex64_n4097_b1,0.141436782056,0.141189924679,0.000234578624088,7,133,ok,
ducc_policy_v2,fft,complex64,4097,2,fft_complex64_n4097_b2,0.274381743345,0.271341542248,0.000230585491019,7,70,ok,
ducc_policy_v2,fft,complex64,4097,4,fft_complex64_n4097_b4,0.213298255888,0.212647354541,0.000492266068856,7,90,ok,
ducc_policy_v2,fft,complex64,4097,8,fft_complex64_n4097_b8,0.410275480438,0.408808749247,0.000379268991916,7,48,ok,
ducc_policy_v2,fft,complex64,4097,16,fft_complex64_n4097_b16,0.798661168665,0.797787533763,0.00087363490214,7,30,ok,
ducc_policy_v2,fft,complex64,4097,32,fft_complex64_n4097_b32,1.57529868087,1.56822795122,0.00562699585173,7,19,ok,
ducc_policy_v2,fft,complex64,4097,64,fft_complex64_n4097_b64,3.16937910652,3.12831233411,0.0142368824325,7,9,ok,
ducc_policy_v2,fft,complex64,4097,256,fft_complex64_n4097_b256,12.5557333231,12.4920526675,0.049039372243,7,3,ok,
ducc_policy_v2,fft,complex64,4608,1,fft_complex64_n4608_b1,0.031982230139,0.0318788847653,5.45498915017e-05,7,200,ok,
ducc_policy_v2,fft,complex64,4608,2,fft_complex64_n4608_b2,0.0671176851029,0.0668796850368,8.94698314369e-05,7,200,ok,
ducc_policy_v2,fft,complex64,4608,4,fft_complex64_n4608_b4,0.097999884747,0.0975591997849,0.000115720322356,7,200,ok,
ducc_policy_v2,fft,complex64,4608,8,fft_complex64_n4608_b8,0.176749760862,0.176216628139,0.000423194420219,7,113,ok,
ducc_policy_v2,fft,complex64,4608,16,fft_complex64_n4608_b16,0.330752534016,0.330161734018,0.000136935462554,7,30,ok,
ducc_policy_v2,fft,complex64,4608,32,fft_complex64_n4608_b32,0.643347335669,0.640050065704,0.00155163385595,7,30,ok,
ducc_policy_v2,fft,complex64,4608,64,fft_complex64_n4608_b64,1.26496304596,1.26120030536,0.00118613546795,7,23,ok,
ducc_policy_v2,fft,complex64,4608,256,fft_complex64_n4608_b256,4.96862360742,4.94920681231,0.00825161114335,7,5,ok,
ducc_policy_v2,fft,complex64,8192,1,fft_complex64_n8192_b1,0.0540928152623,0.0539673294406,7.55448127165e-05,7,200,ok,
ducc_policy_v2,fft,complex64,8192,2,fft_complex64_n8192_b2,0.107529704579,0.105279532226,0.000514193958733,7,186,ok,
ducc_policy_v2,fft,complex64,8192,4,fft_complex64_n8192_b4,0.185760048155,0.184927028246,0.000174269259263,7,104,ok,
ducc_policy_v2,fft,complex64,8192,8,fft_complex64_n8192_b8,0.341051378576,0.336321895733,0.000855570321838,7,58,ok,
ducc_policy_v2,fft,complex64,8192,16,fft_complex64_n8192_b16,0.649958499707,0.648445597229,0.00101926658923,7,30,ok,
ducc_policy_v2,fft,complex64,8192,32,fft_complex64_n8192_b32,1.26293621471,1.24048413304,0.00925052850305,7,23,ok,
ducc_policy_v2,fft,complex64,8192,64,fft_complex64_n8192_b64,2.47715724981,2.46819691771,0.00181425518046,7,12,ok,
ducc_policy_v2,fft,complex64,8192,256,fft_complex64_n8192_b256,10.2641360136,10.1733239911,0.0323046697304,7,3,ok,
ducc_policy_v2,fft,complex64,16384,1,fft_complex64_n16384_b1,0.106110409685,0.105369116546,0.000155239212426,7,188,ok,
ducc_policy_v2,fft,complex64,16384,2,fft_complex64_n16384_b2,0.189720122539,0.189347066345,0.000373056193568,7,106,ok,
ducc_policy_v2,fft,complex64,16384,4,fft_complex64_n16384_b4,0.346458785186,0.344548555274,0.000581091236589,7,56,ok,
ducc_policy_v2,fft,complex64,16384,8,fft_complex64_n16384_b8,0.659311531732,0.654053602678,0.0021798380961,7,30,ok,
ducc_policy_v2,fft,complex64,16384,16,fft_complex64_n16384_b16,1.28936060988,1.28085930508,0.00240234658122,7,23,ok,
ducc_policy_v2,fft,complex64,16384,32,fft_complex64_n16384_b32,2.55306882106,2.53656027119,0.00582745468075,7,11,ok,
ducc_policy_v2,fft,complex64,16384,64,fft_complex64_n16384_b64,5.12329861522,5.10332479607,0.0127421924844,7,5,ok,
ducc_policy_v2,fft,complex64,16384,256,fft_complex64_n16384_b256,23.0895970017,22.9867419694,0.10285503231,7,1,ok,
ducc_policy_v2,fft,complex64,32768,1,fft_complex64_n32768_b1,0.215932431853,0.214908114603,0.000237829887986,7,88,ok,
ducc_policy_v2,fft,complex64,32768,2,fft_complex64_n32768_b2,0.390554294355,0.387124861043,0.000855746204216,7,51,ok,
ducc_policy_v2,fft,complex64,32768,4,fft_complex64_n32768_b4,0.722901996536,0.71836776721,0.00158566205452,7,30,ok,
ducc_policy_v2,fft,complex64,32768,8,fft_complex64_n32768_b8,1.39190657397,1.3874390473,0.0044465164787,7,21,ok,
ducc_policy_v2,fft,complex64,32768,16,fft_complex64_n32768_b16,2.75766359409,2.7370676049,0.02059598919,7,10,ok,
ducc_policy_v2,fft,complex64,32768,32,fft_complex64_n32768_b32,5.53720458411,5.4916042136,0.0270951772109,7,5,ok,
ducc_policy_v2,fft,complex64,32768,64,fft_complex64_n32768_b64,11.2171010114,11.1601696505,0.0274519746502,7,3,ok,
ducc_policy_v2,fft,complex64,32768,256,fft_complex64_n32768_b256,47.357967007,46.956346021,0.0669170403853,7,1,ok,
ducc_policy_v2,fft,complex64,65536,1,fft_complex64_n65536_b1,0.454312865093,0.451221977445,0.0010155913928,7,44,ok,
ducc_policy_v2,fft,complex64,65536,2,fft_complex64_n65536_b2,0.854518997949,0.84860646554,0.00496340217069,7,30,ok,
ducc_policy_v2,fft,complex64,65536,4,fft_complex64_n65536_b4,1.65070455599,1.63234589208,0.0179990569854,7,18,ok,
ducc_policy_v2,fft,complex64,65536,8,fft_complex64_n65536_b8,3.18568877669,3.17279665938,0.00879011996504,7,9,ok,
ducc_policy_v2,fft,complex64,65536,16,fft_complex64_n65536_b16,6.40907025081,6.31819324917,0.0567274983041,7,4,ok,
ducc_policy_v2,fft,complex64,65536,32,fft_complex64_n65536_b32,12.955036674,12.8888443578,0.045536357599,7,3,ok,
ducc_policy_v2,fft,complex64,65536,64,fft_complex64_n65536_b64,27.351089986,27.2061339347,0.144755002111,7,1,ok,
ducc_policy_v2,fft,complex64,65536,256,fft_complex64_n65536_b256,105.772135896,105.489469948,0.282665947452,7,1,ok,
ducc_policy_v2,fft,complex128,64,1,fft_complex128_n64_b1,0.00344741978839,0.0034206629523,1.28248587375e-05,9,1439,ok,
ducc_policy_v2,fft,complex128,64,2,fft_complex128_n64_b2,0.00401523604523,0.00397750450065,1.51540734805e-05,9,2000,ok,
ducc_policy_v2,fft,complex128,64,4,fft_complex128_n64_b4,0.00430515001062,0.00429572199937,9.42801125348e-06,9,2000,ok,
ducc_policy_v2,fft,complex128,64,8,fft_complex128_n64_b8,0.00500530650606,0.0049449315411,1.31395063363e-05,9,2000,ok,
ducc_policy_v2,fft,complex128,64,16,fft_complex128_n64_b16,0.00598376448033,0.00596421252703,1.07155065052e-05,9,2000,ok,
ducc_policy_v2,fft,complex128,64,32,fft_complex128_n64_b32,0.00812920910257,0.00806540325273,1.85368207622e-05,9,1669,ok,
ducc_policy_v2,fft,complex128,64,64,fft_complex128_n64_b64,0.012633231919,0.0125238497065,7.0505400114e-05,9,1104,ok,
ducc_policy_v2,fft,complex128,64,256,fft_complex128_n64_b256,0.0406244001351,0.0402070098789,0.000225474941544,7,200,ok,
ducc_policy_v2,fft,complex128,256,1,fft_complex128_n256_b1,0.00452988548204,0.00450097053545,2.89149465971e-05,9,2000,ok,
ducc_policy_v2,fft,complex128,256,2,fft_complex128_n256_b2,0.00578603002941,0.00576885248302,7.76507658884e-06,9,2000,ok,
ducc_policy_v2,fft,complex128,256,4,fft_complex128_n256_b4,0.00729630348589,0.0072788271601,1.74763257959e-05,9,1776,ok,
ducc_policy_v2,fft,complex128,256,8,fft_complex128_n256_b8,0.0104543175387,0.010363301765,1.16690535354e-05,9,1269,ok,
ducc_policy_v2,fft,complex128,256,16,fft_complex128_n256_b16,0.0163949561182,0.0162462257086,3.9194371008e-05,9,864,ok,
ducc_policy_v2,fft,complex128,256,32,fft_complex128_n256_b32,0.0288922246546,0.0286429049447,6.48200511932e-05,9,200,ok,
ducc_policy_v2,fft,complex128,256,64,fft_complex128_n256_b64,0.0526508799521,0.0521185749676,0.000127289677039,9,200,ok,
ducc_policy_v2,fft,complex128,256,256,fft_complex128_n256_b256,0.192599971236,0.191096544211,0.000669427659109,7,103,ok,
ducc_policy_v2,fft,complex128,1024,1,fft_complex128_n1024_b1,0.00883062725679,0.00877385620303,2.14631106783e-05,9,1328,ok,
ducc_policy_v2,fft,complex128,1024,2,fft_complex128_n1024_b2,0.0152915393086,0.0151963022883,5.950562635e-05,9,890,ok,
ducc_policy_v2,fft,complex128,1024,4,fft_complex128_n1024_b4,0.0233447838259,0.0231505450492,5.854676748e-05,9,620,ok,
ducc_policy_v2,fft,complex128,1024,8,fft_complex128_n1024_b8,0.040165130049,0.0397821550723,0.000117924646474,9,200,ok,
ducc_policy_v2,fft,complex128,1024,16,fft_complex128_n1024_b16,0.0701097497949,0.0694522599224,0.000296360231005,9,200,ok,
ducc_policy_v2,fft,complex128,1024,32,fft_complex128_n1024_b32,0.132250710617,0.132054947531,0.000151473949173,9,152,ok,
ducc_policy_v2,fft,complex128,1024,64,fft_complex128_n1024_b64,0.255945589369,0.254015396469,0.000465371741507,9,78,ok,
ducc_policy_v2,fft,complex128,1024,256,fft_complex128_n1024_b256,0.995565791903,0.992414312726,0.00274758223958,7,29,ok,
ducc_policy_v2,fft,complex128,2048,1,fft_complex128_n2048_b1,0.0154854113236,0.0152054734528,7.65791162848e-05,9,625,ok,
ducc_policy_v2,fft,complex128,2048,2,fft_complex128_n2048_b2,0.0297572148179,0.0295579938068,6.02807676466e-05,9,484,ok,
ducc_policy_v2,fft,complex128,2048,4,fft_complex128_n2048_b4,0.0474677648162,0.0472561654169,0.000124084763229,9,200,ok,
ducc_policy_v2,fft,complex128,2048,8,fft_complex128_n2048_b8,0.0850163400173,0.0845438451506,0.000157900503837,9,200,ok,
ducc_policy_v2,fft,complex128,2048,16,fft_complex128_n2048_b16,0.157041126855,0.156108872958,0.000469064125643,9,126,ok,
ducc_policy_v2,fft,complex128,2048,32,fft_complex128_n2048_b32,0.302519998513,0.299664136643,0.000432179535203,9,66,ok,
ducc_policy_v2,fft,complex128,2048,64,fft_complex128_n2048_b64,0.592311634682,0.586629201037,0.00188526852677,9,30,ok,
ducc_policy_v2,fft,complex128,2048,256,fft_complex128_n2048_b256,2.36391024858,2.35182742472,0.00390408483023,7,12,ok,
ducc_policy_v2,fft,complex128,3072,1,fft_complex128_n3072_b1,0.0213836336297,0.0212627251914,9.24026846627e-05,9,633,ok,
ducc_policy_v2,fft,complex128,3072,2,fft_complex128_n3072_b2,0.0419589300873,0.0417132646544,0.000174480373971,9,200,ok,
ducc_policy_v2,fft,complex128,3072,4,fft_complex128_n3072_b4,0.070178534952,0.0700356101152,0.000107204541564,9,200,ok,
ducc_policy_v2,fft,complex128,3072,8,fft_complex128_n3072_b8,0.125597462447,0.125283582425,0.000166829050625,9,158,ok,
ducc_policy_v2,fft,complex128,3072,16,fft_complex128_n3072_b16,0.235233235392,0.234184882549,0.000133553026792,9,85,ok,
ducc_policy_v2,fft,complex128,3072,32,fft_complex128_n3072_b32,0.454283532842,0.45298539723,0.00105733439947,9,30,ok,
ducc_policy_v2,fft,complex128,3072,64,fft_complex128_n3072_b64,0.896996131632,0.891296332702,0.00272016429032,9,30,ok,
ducc_policy_v2,fft,complex128,3072,256,fft_complex128_n3072_b256,3.76076500106,3.74472087424,0.0133639987325,7,8,ok,
ducc_policy_v2,fft,complex128,3584,1,fft_complex128_n3584_b1,0.024067179986,0.023971070098,9.61098879943e-05,9,528,ok,
ducc_policy_v2,fft,complex128,3584,2,fft_complex128_n3584_b2,0.0472413853277,0.0470931048039,0.00010259449482,9,200,ok,
ducc_policy_v2,fft,complex128,3584,4,fft_complex128_n3584_b4,0.0796294852626,0.0792099401588,0.000350659829564,9,200,ok,
ducc_policy_v2,fft,complex128,3584,8,fft_complex128_n3584_b8,0.141701751871,0.140840893591,0.000283162519072,9,141,ok,
ducc_policy_v2,fft,complex128,3584,16,fft_complex128_n3584_b16,0.263652613697,0.262166733543,0.000916134255628,9,75,ok,
ducc_policy_v2,fft,complex128,3584,32,fft_complex128_n3584_b32,0.510590500198,0.50917713282,0.00127476329605,9,30,ok,
ducc_policy_v2,fft,complex128,3584,64,fft_complex128_n3584_b64,1.01059729932,1.00419216712,0.00294323544949,9,30,ok,
ducc_policy_v2,fft,complex128,3584,256,fft_complex128_n3584_b256,4.41672914063,4.38899656625,0.0277325743809,7,7,ok,
ducc_policy_v2,fft,complex128,4095,1,fft_complex128_n4095_b1,0.0393644444415,0.0390529848618,0.00023615285027,9,333,ok,
ducc_policy_v2,fft,complex128,4095,2,fft_complex128_n4095_b2,0.0671777501702,0.0668856996344,0.00018184480723,9,200,ok,
ducc_policy_v2,fft,complex128,4095,4,fft_complex128_n4095_b4,0.124922962223,0.124416794911,0.000221719849646,9,161,ok,
ducc_policy_v2,fft,complex128,4095,8,fft_complex128_n4095_b8,0.236257402476,0.234714841254,0.000198671264892,9,82,ok,
ducc_policy_v2,fft,complex128,4095,16,fft_complex128_n4095_b16,0.461545185359,0.458532511148,0.00105667480289,9,43,ok,
ducc_policy_v2,fft,complex128,4095,32,fft_complex128_n4095_b32,0.913695401202,0.906271033455,0.00290150055662,9,30,ok,
ducc_policy_v2,fft,complex128,4095,64,fft_complex128_n4095_b64,1.80753262975,1.78836881241,0.00829694181448,9,16,ok,
ducc_policy_v2,fft,complex128,4095,256,fft_complex128_n4095_b256,7.58264077012,7.52377675963,0.0288925366476,7,4,ok,
ducc_policy_v2,fft,complex128,4096,1,fft_complex128_n4096_b1,0.0292545966139,0.0290232522221,5.19664789855e-05,9,476,ok,
ducc_policy_v2,fft,complex128,4096,2,fft_complex128_n4096_b2,0.0541580398567,0.0540280895075,0.000127839739434,9,200,ok,
ducc_policy_v2,fft,complex128,4096,4,fft_complex128_n4096_b4,0.0904081499903,0.0900426600128,0.000270559685305,9,200,ok,
ducc_policy_v2,fft,complex128,4096,8,fft_complex128_n4096_b8,0.162428695811,0.161725160532,0.00070353527948,9,118,ok,
ducc_policy_v2,fft,complex128,4096,16,fft_complex128_n4096_b16,0.306661659852,0.3063994621,0.000262197751838,9,65,ok,
ducc_policy_v2,fft,complex128,4096,32,fft_complex128_n4096_b32,0.598919799086,0.597991068692,0.000615464523435,9,30,ok,
ducc_policy_v2,fft,complex128,4096,64,fft_complex128_n4096_b64,1.1952051986,1.18702648208,0.00297244172543,9,25,ok,
ducc_policy_v2,fft,complex128,4096,256,fft_complex128_n4096_b256,5.12231284908,5.09921401196,0.0150651515772,7,6,ok,
ducc_policy_v2,fft,complex128,4097,1,fft_complex128_n4097_b1,0.111331482046,0.110763916469,0.000364624568084,7,168,ok,
ducc_policy_v2,fft,complex128,4097,2,fft_complex128_n4097_b2,0.183822174593,0.183222786008,0.000599388584712,7,103,ok,
ducc_policy_v2,fft,complex128,4097,4,fft_complex128_n4097_b4,0.351805000958,0.350449808154,0.000284753919563,7,57,ok,
ducc_policy_v2,fft,complex128,4097,8,fft_complex128_n4097_b8,0.691648323222,0.689709679656,0.000906393064984,7,28,ok,
ducc_policy_v2,fft,complex128,4097,16,fft_complex128_n4097_b16,1.36325545397,1.36109595505,0.00173604877835,7,22,ok,
ducc_policy_v2,fft,complex128,4097,32,fft_complex128_n4097_b32,2.72495263595,2.70686554722,0.00572817357765,7,11,ok,
ducc_policy_v2,fft,complex128,4097,64,fft_complex128_n4097_b64,5.38391419686,5.36294460762,0.00462660100311,7,5,ok,
ducc_policy_v2,fft,complex128,4097,256,fft_complex128_n4097_b256,21.8773810193,21.6374760494,0.0893389806151,7,1,ok,
ducc_policy_v2,fft,complex128,4608,1,fft_complex128_n4608_b1,0.029717090074,0.0296959496336,2.11404403672e-05,7,200,ok,
ducc_policy_v2,fft,complex128,4608,2,fft_complex128_n4608_b2,0.0645309349056,0.0641022744821,0.000165164819919,7,200,ok,
ducc_policy_v2,fft,complex128,4608,4,fft_complex128_n4608_b4,0.111061659532,0.110302508065,0.000759151467648,7,179,ok,
ducc_policy_v2,fft,complex128,4608,8,fft_complex128_n4608_b8,0.202719714939,0.201944367513,0.000106326389906,7,98,ok,
ducc_policy_v2,fft,complex128,4608,16,fft_complex128_n4608_b16,0.382877599138,0.380160430601,0.00149650344004,7,30,ok,
ducc_policy_v2,fft,complex128,4608,32,fft_complex128_n4608_b32,0.746373432533,0.742433332683,0.00188153547545,7,30,ok,
ducc_policy_v2,fft,complex128,4608,64,fft_complex128_n4608_b64,1.5250117518,1.51436249726,0.0056131510064,7,20,ok,
ducc_policy_v2,fft,complex128,4608,256,fft_complex128_n4608_b256,6.31235898472,6.27722858917,0.013078819029,7,5,ok,
ducc_policy_v2,fft,complex128,8192,1,fft_complex128_n8192_b1,0.0637038197601,0.0635443651117,0.000116875162348,7,200,ok,
ducc_policy_v2,fft,complex128,8192,2,fft_complex128_n8192_b2,0.108397620413,0.107933162301,0.000140156893465,7,179,ok,
ducc_policy_v2,fft,complex128,8192,4,fft_complex128_n8192_b4,0.19108261342,0.189959915039,0.000876471189395,7,106,ok,
ducc_policy_v2,fft,complex128,8192,8,fft_complex128_n8192_b8,0.350989124854,0.349154606478,0.001243947606,7,56,ok,
ducc_policy_v2,fft,complex128,8192,16,fft_complex128_n8192_b16,0.664125332454,0.660538902351,0.00309386911492,7,30,ok,
ducc_policy_v2,fft,complex128,8192,32,fft_complex128_n8192_b32,1.35816028896,1.35039176149,0.00197133825471,7,21,ok,
ducc_policy_v2,fft,complex128,8192,64,fft_complex128_n8192_b64,2.76903427121,2.72073999936,0.0155194535513,7,11,ok,
ducc_policy_v2,fft,complex128,8192,256,fft_complex128_n8192_b256,13.5995006422,13.3370466453,0.0493736394371,7,3,ok,
ducc_policy_v2,fft,complex128,16384,1,fft_complex128_n16384_b1,0.182135910092,0.178782745603,0.000324525701051,7,110,ok,
ducc_policy_v2,fft,complex128,16384,2,fft_complex128_n16384_b2,0.215766600902,0.214412256092,0.00108059935479,7,90,ok,
ducc_policy_v2,fft,complex128,16384,4,fft_complex128_n16384_b4,0.420321722792,0.417710170447,0.00105263724765,7,47,ok,
ducc_policy_v2,fft,complex128,16384,8,fft_complex128_n16384_b8,0.829193663473,0.826324933829,0.000475936879714,7,30,ok,
ducc_policy_v2,fft,complex128,16384,16,fft_complex128_n16384_b16,1.66453594369,1.66138293742,0.00150811255855,7,17,ok,
ducc_policy_v2,fft,complex128,16384,32,fft_complex128_n16384_b32,3.35757000721,3.33033713105,0.0222772650886,7,8,ok,
ducc_policy_v2,fft,complex128,16384,64,fft_complex128_n16384_b64,7.02440575697,6.97665524785,0.0195944739971,7,4,ok,
ducc_policy_v2,fft,complex128,16384,256,fft_complex128_n16384_b256,32.0401609642,31.8464540178,0.0946000218391,7,1,ok,
ducc_policy_v2,fft,complex128,32768,1,fft_complex128_n32768_b1,0.415951957272,0.415231425692,0.00061329820768,7,47,ok,
ducc_policy_v2,fft,complex128,32768,2,fft_complex128_n32768_b2,0.464042887971,0.458240250332,0.00131750130095,7,36,ok,
ducc_policy_v2,fft,complex128,32768,4,fft_complex128_n32768_b4,0.91178213479,0.902852866178,0.00431053340435,7,30,ok,
ducc_policy_v2,fft,complex128,32768,8,fft_complex128_n32768_b8,1.80302666655,1.79074680588,0.00819946484019,7,15,ok,
ducc_policy_v2,fft,complex128,32768,16,fft_complex128_n32768_b16,3.66329411918,3.64227675891,0.0183910015039,7,8,ok,
ducc_policy_v2,fft,complex128,32768,32,fft_complex128_n32768_b32,7.7624906553,7.73707567714,0.0250806721548,7,3,ok,
ducc_policy_v2,fft,complex128,32768,64,fft_complex128_n32768_b64,17.7415815415,17.588141025,0.0571230775677,7,2,ok,
ducc_policy_v2,fft,complex128,32768,256,fft_complex128_n32768_b256,67.6130340435,67.3016340006,0.287113944069,7,1,ok,
ducc_policy_v2,fft,complex128,65536,1,fft_complex128_n65536_b1,0.886681817726,0.882904225198,0.00274749684402,7,22,ok,
ducc_policy_v2,fft,complex128,65536,2,fft_complex128_n65536_b2,1.00290976015,0.981236274097,0.00100706479159,7,29,ok,
ducc_policy_v2,fft,complex128,65536,4,fft_complex128_n65536_b4,2.00043526323,1.96120626448,0.0122023979202,7,15,ok,
ducc_policy_v2,fft,complex128,65536,8,fft_complex128_n65536_b8,3.98190986432,3.90801414116,0.0334632849055,7,7,ok,
ducc_policy_v2,fft,complex128,65536,16,fft_complex128_n65536_b16,8.09420866426,7.99495765629,0.0638846540824,7,3,ok,
ducc_policy_v2,fft,complex128,65536,32,fft_complex128_n65536_b32,18.5730914818,18.4854605468,0.0588615075685,7,2,ok,
ducc_policy_v2,fft,complex128,65536,64,fft_complex128_n65536_b64,36.0653959215,35.9202210093,0.0399060081691,7,1,ok,
ducc_policy_v2,fft,complex128,65536,256,fft_complex128_n65536_b256,142.112422036,140.705156955,0.145314959809,7,1,ok,
ducc_policy_v2,ifft,complex64,64,1,ifft_complex64_n64_b1,0.00433677982682,0.00427544323033,2.16368624765e-05,9,1435,ok,
ducc_policy_v2,ifft,complex64,64,2,ifft_complex64_n64_b2,0.00516598335746,0.00514062144807,1.24363142742e-05,9,1799,ok,
ducc_policy_v2,ifft,complex64,64,4,ifft_complex64_n64_b4,0.00556513233195,0.00551193082385,1.21949753263e-05,9,1980,ok,
ducc_policy_v2,ifft,complex64,64,8,ifft_complex64_n64_b8,0.00640072952582,0.0063647109874,2.03045143952e-05,9,1993,ok,
ducc_policy_v2,ifft,complex64,64,16,ifft_complex64_n64_b16,0.00798939679217,0.00789702066251,3.41219254833e-05,9,1018,ok,
ducc_policy_v2,ifft,complex64,64,32,ifft_complex64_n64_b32,0.0108448110198,0.0107704252041,3.19810305524e-05,9,1270,ok,
ducc_policy_v2,ifft,complex64,64,64,ifft_complex64_n64_b64,0.0166862944439,0.0165916172496,3.81872422107e-05,9,849,ok,
ducc_policy_v2,ifft,complex64,64,256,ifft_complex64_n64_b256,0.0520008004969,0.0518093898427,9.48295928538e-05,7,200,ok,
ducc_policy_v2,ifft,complex64,256,1,ifft_complex64_n256_b1,0.00551198550966,0.00542490597581,4.84610209242e-05,9,2000,ok,
ducc_policy_v2,ifft,complex64,256,2,ifft_complex64_n256_b2,0.00710008907395,0.00702409709961,4.95680735797e-05,9,1616,ok,
ducc_policy_v2,ifft,complex64,256,4,ifft_complex64_n256_b4,0.00873542235865,0.00869603035425,2.47322704214e-05,9,1449,ok,
ducc_policy_v2,ifft,complex64,256,8,ifft_complex64_n256_b8,0.0120094655222,0.0119120980059,4.58506957642e-05,9,1072,ok,
ducc_policy_v2,ifft,complex64,256,16,ifft_complex64_n256_b16,0.0185720451859,0.0185496932895,2.23518963928e-05,9,753,ok,
ducc_policy_v2,ifft,complex64,256,32,ifft_complex64_n256_b32,0.0317267503124,0.0315558252623,0.000129800755531,9,200,ok,
ducc_policy_v2,ifft,complex64,256,64,ifft_complex64_n256_b64,0.0585442950251,0.0578741251957,0.000241405214183,9,200,ok,
ducc_policy_v2,ifft,complex64,256,256,ifft_complex64_n256_b256,0.216718733362,0.215509555872,0.000542699773279,7,90,ok,
ducc_policy_v2,ifft,complex64,1024,1,ifft_complex64_n1024_b1,0.0103279176923,0.0102580066027,9.99427933261e-06,9,1215,ok,
ducc_policy_v2,ifft,complex64,1024,2,ifft_complex64_n1024_b2,0.0180905099815,0.0179474754383,0.000143034543204,9,753,ok,
ducc_policy_v2,ifft,complex64,1024,4,ifft_complex64_n1024_b4,0.0245869255382,0.0244893836233,9.75419149357e-05,9,511,ok,
ducc_policy_v2,ifft,complex64,1024,8,ifft_complex64_n1024_b8,0.0402852601837,0.0396240549162,5.87606336921e-05,9,200,ok,
ducc_policy_v2,ifft,complex64,1024,16,ifft_complex64_n1024_b16,0.0704955850961,0.0701737747295,0.000201729708351,9,200,ok,
ducc_policy_v2,ifft,complex64,1024,32,ifft_complex64_n1024_b32,0.13242956059,0.13159683786,0.000443607663132,9,148,ok,
ducc_policy_v2,ifft,complex64,1024,64,ifft_complex64_n1024_b64,0.255326246057,0.249700259429,0.000309546828851,9,77,ok,
ducc_policy_v2,ifft,complex64,1024,256,ifft_complex64_n1024_b256,0.960142398253,0.957480332969,0.00238416638846,7,30,ok,
ducc_policy_v2,ifft,complex64,2048,1,ifft_complex64_n2048_b1,0.0160591541743,0.0159208094444,5.73132469559e-05,9,798,ok,
ducc_policy_v2,ifft,complex64,2048,2,ifft_complex64_n2048_b2,0.0311964711485,0.0308588532627,9.23978061312e-05,9,450,ok,
ducc_policy_v2,ifft,complex64,2048,4,ifft_complex64_n2048_b4,0.0451466703089,0.044844794902,0.000100634642877,9,200,ok,
ducc_policy_v2,ifft,complex64,2048,8,ifft_complex64_n2048_b8,0.0775247451384,0.07712218503,0.000194465392269,9,200,ok,
ducc_policy_v2,ifft,complex64,2048,16,ifft_complex64_n2048_b16,0.142127999922,0.141173813043,0.000270870815721,9,139,ok,
ducc_policy_v2,ifft,complex64,2048,32,ifft_complex64_n2048_b32,0.268830985422,0.268062350114,0.000448552954539,9,74,ok,
ducc_policy_v2,ifft,complex64,2048,64,ifft_complex64_n2048_b64,0.527012934132,0.521287100855,0.00176666847741,9,30,ok,
ducc_policy_v2,ifft,complex64,2048,256,ifft_complex64_n2048_b256,2.06855257108,2.05658493464,0.00221635647384,7,14,ok,
ducc_policy_v2,ifft,complex64,3072,1,ifft_complex64_n3072_b1,0.02303468884,0.0228823953157,6.14579183871e-05,9,559,ok,
ducc_policy_v2,ifft,complex64,3072,2,ifft_complex64_n3072_b2,0.0460663100239,0.0457736599492,0.000187354744412,9,200,ok,
ducc_policy_v2,ifft,complex64,3072,4,ifft_complex64_n3072_b4,0.0663138600066,0.0656335748499,0.000148474937305,9,200,ok,
ducc_policy_v2,ifft,complex64,3072,8,ifft_complex64_n3072_b8,0.116801305729,0.116403728915,0.000362682348008,9,170,ok,
ducc_policy_v2,ifft,complex64,3072,16,ifft_complex64_n3072_b16,0.216679238846,0.21613919576,0.00033148883275,9,92,ok,
ducc_policy_v2,ifft,complex64,3072,32,ifft_complex64_n3072_b32,0.418543831135,0.41674306849,0.00148416341593,9,30,ok,
ducc_policy_v2,ifft,complex64,3072,64,ifft_complex64_n3072_b64,0.824477399389,0.82073600109,0.00152187033867,9,30,ok,
ducc_policy_v2,ifft,complex64,3072,256,ifft_complex64_n3072_b256,3.20137411149,3.19040900407,0.00552266525726,7,9,ok,
ducc_policy_v2,ifft,complex64,3584,1,ifft_complex64_n3584_b1,0.0258659176888,0.0256399444196,0.000149690293231,9,523,ok,
ducc_policy_v2,ifft,complex64,3584,2,ifft_complex64_n3584_b2,0.0519549648743,0.0516653148225,0.000109010143206,9,200,ok,
ducc_policy_v2,ifft,complex64,3584,4,ifft_complex64_n3584_b4,0.0755360850599,0.0749885948608,0.000221965019591,9,200,ok,
ducc_policy_v2,ifft,complex64,3584,8,ifft_complex64_n3584_b8,0.133279107055,0.132967442924,0.000294114325521,9,149,ok,
ducc_policy_v2,ifft,complex64,3584,16,ifft_complex64_n3584_b16,0.247828272329,0.246834442286,0.000252689283293,9,77,ok,
ducc_policy_v2,ifft,complex64,3584,32,ifft_complex64_n3584_b32,0.480113100881,0.473810499534,0.00148116766165,9,30,ok,
ducc_policy_v2,ifft,complex64,3584,64,ifft_complex64_n3584_b64,0.938004464842,0.933060399257,0.00163610093296,9,30,ok,
ducc_policy_v2,ifft,complex64,3584,256,ifft_complex64_n3584_b256,3.70398363157,3.67525425099,0.0287293805741,7,8,ok,
ducc_policy_v2,ifft,complex64,4095,1,ifft_complex64_n4095_b1,0.0465817168616,0.0463740204051,0.000153293550243,9,293,ok,
ducc_policy_v2,ifft,complex64,4095,2,ifft_complex64_n4095_b2,0.0858801748836,0.0853137049126,0.000328625319526,9,200,ok,
ducc_policy_v2,ifft,complex64,4095,4,ifft_complex64_n4095_b4,0.0986378453672,0.0982646347256,0.000132599961944,9,200,ok,
ducc_policy_v2,ifft,complex64,4095,8,ifft_complex64_n4095_b8,0.185678295869,0.18331399015,0.00103250042432,9,108,ok,
ducc_policy_v2,ifft,complex64,4095,16,ifft_complex64_n4095_b16,0.360469909554,0.358226546086,0.000763252716173,9,55,ok,
ducc_policy_v2,ifft,complex64,4095,32,ifft_complex64_n4095_b32,0.696872035041,0.693575133725,0.00273520126939,9,30,ok,
ducc_policy_v2,ifft,complex64,4095,64,ifft_complex64_n4095_b64,1.38540233352,1.37866247955,0.00382247491784,9,21,ok,
ducc_policy_v2,ifft,complex64,4095,256,ifft_complex64_n4095_b256,5.56911719032,5.52278540563,0.00706741120666,7,5,ok,
ducc_policy_v2,ifft,complex64,4096,1,ifft_complex64_n4096_b1,0.0288318786112,0.0286755981088,7.75187270136e-05,9,453,ok,
ducc_policy_v2,ifft,complex64,4096,2,ifft_complex64_n4096_b2,0.0588246749248,0.0586987897987,0.000105844810605,9,200,ok,
ducc_policy_v2,ifft,complex64,4096,4,ifft_complex64_n4096_b4,0.0857825949788,0.0854654901195,0.000109410029836,9,200,ok,
ducc_policy_v2,ifft,complex64,4096,8,ifft_complex64_n4096_b8,0.15136025164,0.15056355101,0.000307905693047,9,127,ok,
ducc_policy_v2,ifft,complex64,4096,16,ifft_complex64_n4096_b16,0.285348347118,0.284392334372,0.000428347645894,9,69,ok,
ducc_policy_v2,ifft,complex64,4096,32,ifft_complex64_n4096_b32,0.544989000385,0.544064899441,0.000875998133173,9,30,ok,
ducc_policy_v2,ifft,complex64,4096,64,ifft_complex64_n4096_b64,1.07207182113,1.06541921351,0.00236735961932,9,28,ok,
ducc_policy_v2,ifft,complex64,4096,256,ifft_complex64_n4096_b256,4.23813085737,4.23157699074,0.00285814582769,7,7,ok,
ducc_policy_v2,ifft,complex64,4097,1,ifft_complex64_n4097_b1,0.142915441112,0.142669543536,0.000186416679832,7,127,ok,
ducc_policy_v2,ifft,complex64,4097,2,ifft_complex64_n4097_b2,0.272481353022,0.27192339406,0.000206732296083,7,71,ok,
ducc_policy_v2,ifft,complex64,4097,4,ifft_complex64_n4097_b4,0.21917298917,0.218532858012,0.000569564492806,7,92,ok,
ducc_policy_v2,ifft,complex64,4097,8,ifft_complex64_n4097_b8,0.41490906248,0.414210854312,0.000526624110838,7,48,ok,
ducc_policy_v2,ifft,complex64,4097,16,ifft_complex64_n4097_b16,0.806298968382,0.803873400825,0.00068163111185,7,30,ok,
ducc_policy_v2,ifft,complex64,4097,32,ifft_complex64_n4097_b32,1.59482094589,1.58322561118,0.0034348340705,7,18,ok,
ducc_policy_v2,ifft,complex64,4097,64,ifft_complex64_n4097_b64,3.17716711046,3.15896822657,0.00644776607967,7,9,ok,
ducc_policy_v2,ifft,complex64,4097,256,ifft_complex64_n4097_b256,12.6840700007,12.6242700111,0.0180439868321,7,3,ok,
ducc_policy_v2,ifft,complex64,4608,1,ifft_complex64_n4608_b1,0.0332481251098,0.0330289651174,0.000198479974642,7,200,ok,
ducc_policy_v2,ifft,complex64,4608,2,ifft_complex64_n4608_b2,0.0682544900337,0.0680220447248,0.000198275083676,7,200,ok,
ducc_policy_v2,ifft,complex64,4608,4,ifft_complex64_n4608_b4,0.10146730109,0.100739954196,0.000476974361975,7,196,ok,
ducc_policy_v2,ifft,complex64,4608,8,ifft_complex64_n4608_b8,0.182122089648,0.180574837728,0.000716145108412,7,111,ok,
ducc_policy_v2,ifft,complex64,4608,16,ifft_complex64_n4608_b16,0.340092865129,0.338868897719,0.00122396741062,7,30,ok,
ducc_policy_v2,ifft,complex64,4608,32,ifft_complex64_n4608_b32,0.655755501551,0.651741567223,0.00255582854152,7,30,ok,
ducc_policy_v2,ifft,complex64,4608,64,ifft_complex64_n4608_b64,1.32324513768,1.32104736456,0.00119586581026,7,22,ok,
ducc_policy_v2,ifft,complex64,4608,256,ifft_complex64_n4608_b256,5.21679359954,5.17452559434,0.015485403128,7,5,ok,
ducc_policy_v2,ifft,complex64,8192,1,ifft_complex64_n8192_b1,0.0568569498137,0.0565156503581,0.000144024961628,7,200,ok,
ducc_policy_v2,ifft,complex64,8192,2,ifft_complex64_n8192_b2,0.109652403731,0.109452325065,0.000107192563409,7,166,ok,
ducc_policy_v2,ifft,complex64,8192,4,ifft_complex64_n8192_b4,0.183035973115,0.182372489858,0.000659306318051,7,108,ok,
ducc_policy_v2,ifft,complex64,8192,8,ifft_complex64_n8192_b8,0.334135136346,0.333002983529,0.00113215281675,7,59,ok,
ducc_policy_v2,ifft,complex64,8192,16,ifft_complex64_n8192_b16,0.641106701611,0.63762080002,0.00123503074671,7,30,ok,
ducc_policy_v2,ifft,complex64,8192,32,ifft_complex64_n8192_b32,1.24344708519,1.24116321398,0.00228387121435,7,23,ok,
ducc_policy_v2,ifft,complex64,8192,64,ifft_complex64_n8192_b64,2.46129466298,2.44840700179,0.00725217008342,7,12,ok,
ducc_policy_v2,ifft,complex64,8192,256,ifft_complex64_n8192_b256,10.4176700115,10.3304716758,0.058574291567,7,3,ok,
ducc_policy_v2,ifft,complex64,16384,1,ifft_complex64_n16384_b1,0.107425988814,0.10722555453,0.000140212132069,7,184,ok,
ducc_policy_v2,ifft,complex64,16384,2,ifft_complex64_n16384_b2,0.190388352521,0.189563552184,0.000245800419223,7,105,ok,
ducc_policy_v2,ifft,complex64,16384,4,ifft_complex64_n16384_b4,0.348169159094,0.347452071894,0.000717087199778,7,56,ok,
ducc_policy_v2,ifft,complex64,16384,8,ifft_complex64_n16384_b8,0.660503465527,0.658000734014,0.00172359868884,7,30,ok,
ducc_policy_v2,ifft,complex64,16384,16,ifft_complex64_n16384_b16,1.28684027269,1.28139954441,0.00129654918882,7,22,ok,
ducc_policy_v2,ifft,complex64,16384,32,ifft_complex64_n16384_b32,2.5445043575,2.53327763428,0.0112267232246,7,11,ok,
ducc_policy_v2,ifft,complex64,16384,64,ifft_complex64_n16384_b64,5.13555600774,5.09410940576,0.0197154004127,7,5,ok,
ducc_policy_v2,ifft,complex64,16384,256,ifft_complex64_n16384_b256,23.1170790503,23.0574759189,0.0596031313762,7,1,ok,
ducc_policy_v2,ifft,complex64,32768,1,ifft_complex64_n32768_b1,0.217509154067,0.215919988977,0.000655198224135,7,91,ok,
ducc_policy_v2,ifft,complex64,32768,2,ifft_complex64_n32768_b2,0.389412922018,0.388187470426,0.00122545159184,7,51,ok,
ducc_policy_v2,ifft,complex64,32768,4,ifft_complex64_n32768_b4,0.72199596713,0.719275469116,0.00171493350839,7,30,ok,
ducc_policy_v2,ifft,complex64,32768,8,ifft_complex64_n32768_b8,1.39516371391,1.38239376247,0.00511681372743,7,21,ok,
ducc_policy_v2,ifft,complex64,32768,16,ifft_complex64_n32768_b16,2.74732209509,2.74201499997,0.00463279429823,7,10,ok,
ducc_policy_v2,ifft,complex64,32768,32,ifft_complex64_n32768_b32,5.49252401106,5.46538662165,0.0200498150662,7,5,ok,
ducc_policy_v2,ifft,complex64,32768,64,ifft_complex64_n32768_b64,11.3385109774,11.238317665,0.0767053570598,7,3,ok,
ducc_policy_v2,ifft,complex64,32768,256,ifft_complex64_n32768_b256,47.5047350628,47.2971820273,0.112093053758,7,1,ok,
ducc_policy_v2,ifft,complex64,65536,1,ifft_complex64_n65536_b1,0.459633908386,0.45663567509,0.00153125404532,7,43,ok,
ducc_policy_v2,ifft,complex64,65536,2,ifft_complex64_n65536_b2,0.857983533448,0.854815565981,0.00316796746726,7,30,ok,
ducc_policy_v2,ifft,complex64,65536,4,ifft_complex64_n65536_b4,1.65269764907,1.63691364886,0.0125678831383,7,17,ok,
ducc_policy_v2,ifft,complex64,65536,8,ifft_complex64_n65536_b8,3.18525577637,3.17816799765,0.00415122809096,7,9,ok,
ducc_policy_v2,ifft,complex64,65536,16,ifft_complex64_n65536_b16,6.35209973552,6.29674724769,0.0275647325907,7,4,ok,
ducc_policy_v2,ifft,complex64,65536,32,ifft_complex64_n65536_b32,13.0739416539,12.9961543328,0.0501416701203,7,3,ok,
ducc_policy_v2,ifft,complex64,65536,64,ifft_complex64_n65536_b64,27.498649084,27.1448879503,0.183516880497,7,1,ok,
ducc_policy_v2,ifft,complex64,65536,256,ifft_complex64_n65536_b256,107.25253995,106.392871938,0.185701996088,7,1,ok,
ducc_policy_v2,ifft,complex128,64,1,ifft_complex128_n64_b1,0.00460579315558,0.00458156161204,2.34426519287e-05,9,1866,ok,
ducc_policy_v2,ifft,complex128,64,2,ifft_complex128_n64_b2,0.00527303299168,0.00519714946859,1.32700079121e-05,9,2000,ok,
ducc_policy_v2,ifft,complex128,64,4,ifft_complex128_n64_b4,0.00560870446498,0.00553327152738,2.51975725405e-05,9,2000,ok,
ducc_policy_v2,ifft,complex128,64,8,ifft_complex128_n64_b8,0.00629318409031,0.00626364359733,2.10763365914e-05,9,1939,ok,
ducc_policy_v2,ifft,complex128,64,16,ifft_complex128_n64_b16,0.00743552773285,0.007376333768,1.2800845965e-05,9,1732,ok,
ducc_policy_v2,ifft,complex128,64,32,ifft_complex128_n64_b32,0.00980919742678,0.0097802823277,2.82395860864e-05,9,1378,ok,
ducc_policy_v2,ifft,complex128,64,64,ifft_complex128_n64_b64,0.0146396764773,0.014616517971,1.73332871961e-05,9,915,ok,
ducc_policy_v2,ifft,complex128,64,256,ifft_complex128_n64_b256,0.0451154547045,0.0448019150645,9.65350773185e-05,7,200,ok,
ducc_policy_v2,ifft,complex128,256,1,ifft_complex128_n256_b1,0.00569273597105,0.00568128275258,1.14532184755e-05,9,1977,ok,
ducc_policy_v2,ifft,complex128,256,2,ifft_complex128_n256_b2,0.00708914292099,0.00702340875052,2.61499620625e-05,9,854,ok,
ducc_policy_v2,ifft,complex128,256,4,ifft_complex128_n256_b4,0.00870368384842,0.00864155145819,2.52764680541e-05,9,1534,ok,
ducc_policy_v2,ifft,complex128,256,8,ifft_complex128_n256_b8,0.0121091784356,0.0120268578294,3.4122237686e-05,9,1104,ok,
ducc_policy_v2,ifft,complex128,256,16,ifft_complex128_n256_b16,0.018354055284,0.0182229644228,4.59368111215e-05,9,759,ok,
ducc_policy_v2,ifft,complex128,256,32,ifft_complex128_n256_b32,0.0310203601839,0.0309220748022,4.68397047371e-05,9,200,ok,
ducc_policy_v2,ifft,complex128,256,64,ifft_complex128_n256_b64,0.0568375649163,0.0564810854848,0.000105195213109,9,200,ok,
ducc_policy_v2,ifft,complex128,256,256,ifft_complex128_n256_b256,0.207665730618,0.205827741733,0.00077685070855,7,93,ok,
ducc_policy_v2,ifft,complex128,1024,1,ifft_complex128_n1024_b1,0.0102219966253,0.0101552724771,2.61685493364e-05,9,1211,ok,
ducc_policy_v2,ifft,complex128,1024,2,ifft_complex128_n1024_b2,0.0168630245587,0.0167805436589,5.44331124715e-05,9,813,ok,
ducc_policy_v2,ifft,complex128,1024,4,ifft_complex128_n1024_b4,0.0253487895528,0.025092856121,4.28506792958e-05,9,556,ok,
ducc_policy_v2,ifft,complex128,1024,8,ifft_complex128_n1024_b8,0.0429598748451,0.0427066447446,0.000153840519488,9,200,ok,
ducc_policy_v2,ifft,complex128,1024,16,ifft_complex128_n1024_b16,0.0745986547554,0.0740976602538,0.000161205534823,9,200,ok,
ducc_policy_v2,ifft,complex128,1024,32,ifft_complex128_n1024_b32,0.137690816807,0.136788955869,0.000370993374792,9,136,ok,
ducc_policy_v2,ifft,complex128,1024,64,ifft_complex128_n1024_b64,0.269734865445,0.264419513327,0.00118587726123,9,74,ok,
ducc_policy_v2,ifft,complex128,1024,256,ifft_complex128_n1024_b256,1.05481267591,1.04896878474,0.00125271617435,7,28,ok,
ducc_policy_v2,ifft,complex128,2048,1,ifft_complex128_n2048_b1,0.0169707148246,0.0168559936086,4.41341751045e-05,9,775,ok,
ducc_policy_v2,ifft,complex128,2048,2,ifft_complex128_n2048_b2,0.0322347777725,0.0321247732127,4.74375277724e-05,9,441,ok,
ducc_policy_v2,ifft,complex128,2048,4,ifft_complex128_n2048_b4,0.0511150248349,0.0502443750156,0.00019206025172,9,200,ok,
ducc_policy_v2,ifft,complex128,2048,8,ifft_complex128_n2048_b8,0.0891984597547,0.088992670062,7.90052581578e-05,9,200,ok,
ducc_policy_v2,ifft,complex128,2048,16,ifft_complex128_n2048_b16,0.166556927849,0.165987902229,0.000221849144769,9,112,ok,
ducc_policy_v2,ifft,complex128,2048,32,ifft_complex128_n2048_b32,0.318824237819,0.316766999839,0.00121277786555,9,63,ok,
ducc_policy_v2,ifft,complex128,2048,64,ifft_complex128_n2048_b64,0.622550231249,0.619442702737,0.00202386872843,9,30,ok,
ducc_policy_v2,ifft,complex128,2048,256,ifft_complex128_n2048_b256,2.46635016326,2.44419058436,0.0083625006179,7,12,ok,
ducc_policy_v2,ifft,complex128,3072,1,ifft_complex128_n3072_b1,0.0234233595794,0.0233339777293,8.39246826068e-05,9,584,ok,
ducc_policy_v2,ifft,complex128,3072,2,ifft_complex128_n3072_b2,0.0449635699624,0.0446372001898,0.000203135423362,9,200,ok,
ducc_policy_v2,ifft,complex128,3072,4,ifft_complex128_n3072_b4,0.0745726050809,0.0743291451363,0.0002041348489,9,200,ok,
ducc_policy_v2,ifft,complex128,3072,8,ifft_complex128_n3072_b8,0.132930647622,0.131808956683,0.000494755067521,9,139,ok,
ducc_policy_v2,ifft,complex128,3072,16,ifft_complex128_n3072_b16,0.248979215652,0.247887531708,0.00108965772758,9,79,ok,
ducc_policy_v2,ifft,complex128,3072,32,ifft_complex128_n3072_b32,0.479273831782,0.476985502367,0.000999898960193,9,30,ok,
ducc_policy_v2,ifft,complex128,3072,64,ifft_complex128_n3072_b64,0.941397199252,0.938197830692,0.00196403125301,9,30,ok,
ducc_policy_v2,ifft,complex128,3072,256,ifft_complex128_n3072_b256,4.00610271442,3.90488671006,0.0455177089732,7,7,ok,
ducc_policy_v2,ifft,complex128,3584,1,ifft_complex128_n3584_b1,0.0256503485478,0.0254814299159,0.000122068299926,9,528,ok,
ducc_policy_v2,ifft,complex128,3584,2,ifft_complex128_n3584_b2,0.0498695147689,0.0496002548607,0.000172625295818,9,200,ok,
ducc_policy_v2,ifft,complex128,3584,4,ifft_complex128_n3584_b4,0.0841805548407,0.0834133551689,0.000223874812946,9,200,ok,
ducc_policy_v2,ifft,complex128,3584,8,ifft_complex128_n3584_b8,0.150292985038,0.149585874061,0.00022620704301,9,135,ok,
ducc_policy_v2,ifft,complex128,3584,16,ifft_complex128_n3584_b16,0.279067056319,0.277661874195,0.00105876127966,9,71,ok,
ducc_policy_v2,ifft,complex128,3584,32,ifft_complex128_n3584_b32,0.538426234076,0.535965233576,0.000740401446819,9,30,ok,
ducc_policy_v2,ifft,complex128,3584,64,ifft_complex128_n3584_b64,1.05942392838,1.05446093117,0.00339499924199,9,28,ok,
ducc_policy_v2,ifft,complex128,3584,256,ifft_complex128_n3584_b256,4.62436949601,4.57660250443,0.0338123257582,7,6,ok,
ducc_policy_v2,ifft,complex128,4095,1,ifft_complex128_n4095_b1,0.0427589540955,0.0420823656363,0.000102265536354,9,328,ok,
ducc_policy_v2,ifft,complex128,4095,2,ifft_complex128_n4095_b2,0.0712840800406,0.0706188648473,7.6544820331e-05,9,200,ok,
ducc_policy_v2,ifft,complex128,4095,4,ifft_complex128_n4095_b4,0.128980780331,0.128268767148,0.000292553255955,9,150,ok,
ducc_policy_v2,ifft,complex128,4095,8,ifft_complex128_n4095_b8,0.243805117574,0.242455842549,0.0006251196426,9,76,ok,
ducc_policy_v2,ifft,complex128,4095,16,ifft_complex128_n4095_b16,0.474432973923,0.470546570363,0.0013206154108,9,42,ok,
ducc_policy_v2,ifft,complex128,4095,32,ifft_complex128_n4095_b32,0.947592966259,0.930608766309,0.00276323019837,9,30,ok,
ducc_policy_v2,ifft,complex128,4095,64,ifft_complex128_n4095_b64,1.82419662451,1.81457094004,0.0040507511585,9,16,ok,
ducc_policy_v2,ifft,complex128,4095,256,ifft_complex128_n4095_b256,7.67332999385,7.57338074618,0.0322687556036,7,4,ok,
ducc_policy_v2,ifft,complex128,4096,1,ifft_complex128_n4096_b1,0.0305921203603,0.0303836983931,0.000114137963592,9,441,ok,
ducc_policy_v2,ifft,complex128,4096,2,ifft_complex128_n4096_b2,0.0571423902875,0.0566395849455,0.00029445567634,9,200,ok,
ducc_policy_v2,ifft,complex128,4096,4,ifft_complex128_n4096_b4,0.0955883151619,0.0951059500221,0.00042891013436,9,200,ok,
ducc_policy_v2,ifft,complex128,4096,8,ifft_complex128_n4096_b8,0.172779418759,0.170659332568,0.000598316049028,9,117,ok,
ducc_policy_v2,ifft,complex128,4096,16,ifft_complex128_n4096_b16,0.323228181157,0.321746343884,0.000943443127221,9,61,ok,
ducc_policy_v2,ifft,complex128,4096,32,ifft_complex128_n4096_b32,0.634048366919,0.629318067028,0.00220983444403,9,30,ok,
ducc_policy_v2,ifft,complex128,4096,64,ifft_complex128_n4096_b64,1.25258356717,1.24808938911,0.00287634927941,9,23,ok,
ducc_policy_v2,ifft,complex128,4096,256,ifft_complex128_n4096_b256,5.31664898153,5.28521919623,0.00187356490642,7,5,ok,
ducc_policy_v2,ifft,complex128,4097,1,ifft_complex128_n4097_b1,0.11352031346,0.112299840937,0.000603662723778,7,163,ok,
ducc_policy_v2,ifft,complex128,4097,2,ifft_complex128_n4097_b2,0.188717563259,0.187994920335,0.000350080467392,7,101,ok,
ducc_policy_v2,ifft,complex128,4097,4,ifft_complex128_n4097_b4,0.360389381901,0.358618944037,0.000690035945313,7,55,ok,
ducc_policy_v2,ifft,complex128,4097,8,ifft_complex128_n4097_b8,0.710890261905,0.707454888874,0.00134925789165,7,27,ok,
ducc_policy_v2,ifft,complex128,4097,16,ifft_complex128_n4097_b16,1.39504918895,1.38632557355,0.00503809479553,7,21,ok,
ducc_policy_v2,ifft,complex128,4097,32,ifft_complex128_n4097_b32,2.78130639344,2.77503149118,0.00252281315625,7,10,ok,
ducc_policy_v2,ifft,complex128,4097,64,ifft_complex128_n4097_b64,5.49402700271,5.45923497993,0.0258492073044,7,5,ok,
ducc_policy_v2,ifft,complex128,4097,256,ifft_complex128_n4097_b256,22.3262909567,22.2707659705,0.0555249862373,7,1,ok,
ducc_policy_v2,ifft,complex128,4608,1,ifft_complex128_n4608_b1,0.0342371995794,0.0339688954409,0.000126734375954,7,200,ok,
ducc_policy_v2,ifft,complex128,4608,2,ifft_complex128_n4608_b2,0.0685648299986,0.0679317751201,0.000191360013559,7,200,ok,
ducc_policy_v2,ifft,complex128,4608,4,ifft_complex128_n4608_b4,0.115796627433,0.115089426396,0.000275142446778,7,169,ok,
ducc_policy_v2,ifft,complex128,4608,8,ifft_complex128_n4608_b8,0.211881782414,0.210052010674,0.00145569514564,7,92,ok,
ducc_policy_v2,ifft,complex128,4608,16,ifft_complex128_n4608_b16,0.404523266479,0.402609965143,0.000373033496241,7,30,ok,
ducc_policy_v2,ifft,complex128,4608,32,ifft_complex128_n4608_b32,0.789066000531,0.787578868524,0.00116053658227,7,30,ok,
ducc_policy_v2,ifft,complex128,4608,64,ifft_complex128_n4608_b64,1.59686957609,1.59342726693,0.00148226727584,7,19,ok,
ducc_policy_v2,ifft,complex128,4608,256,ifft_complex128_n4608_b256,6.66090140585,6.51542958803,0.0650049885735,7,5,ok,
ducc_policy_v2,ifft,complex128,8192,1,ifft_complex128_n8192_b1,0.0671192398295,0.0666966399876,5.92146534473e-05,7,200,ok,
ducc_policy_v2,ifft,complex128,8192,2,ifft_complex128_n8192_b2,0.11594872075,0.115313582038,0.000164672647688,7,165,ok,
ducc_policy_v2,ifft,complex128,8192,4,ifft_complex128_n8192_b4,0.202080514522,0.201095361263,0.000290441826063,7,97,ok,
ducc_policy_v2,ifft,complex128,8192,8,ifft_complex128_n8192_b8,0.378638391803,0.375427216675,0.000938627065397,7,51,ok,
ducc_policy_v2,ifft,complex128,8192,16,ifft_complex128_n8192_b16,0.724292298158,0.719829834998,0.00229503493756,7,30,ok,
ducc_policy_v2,ifft,complex128,8192,32,ifft_complex128_n8192_b32,1.41469685782,1.40219562066,0.00245328105631,7,21,ok,
ducc_policy_v2,ifft,complex128,8192,64,ifft_complex128_n8192_b64,2.80793979764,2.79384320602,0.00887879868969,7,10,ok,
ducc_policy_v2,ifft,complex128,8192,256,ifft_complex128_n8192_b256,13.9190554619,13.8208444696,0.0303974957205,7,2,ok,
ducc_policy_v2,ifft,complex128,16384,1,ifft_complex128_n16384_b1,0.184405623619,0.183336424668,0.000249621906441,7,106,ok,
ducc_policy_v2,ifft,complex128,16384,2,ifft_complex128_n16384_b2,0.227024863024,0.225209815685,0.000499677309103,7,87,ok,
ducc_policy_v2,ifft,complex128,16384,4,ifft_complex128_n16384_b4,0.440547356404,0.438834097059,0.00092269121004,7,42,ok,
ducc_policy_v2,ifft,complex128,16384,8,ifft_complex128_n16384_b8,0.862196165447,0.858756003436,0.000518998907258,7,30,ok,
ducc_policy_v2,ifft,complex128,16384,16,ifft_complex128_n16384_b16,1.71005334842,1.70202517663,0.00547864200438,7,17,ok,
ducc_policy_v2,ifft,complex128,16384,32,ifft_complex128_n16384_b32,3.49462575105,3.46957087459,0.0223837414524,7,8,ok,
ducc_policy_v2,ifft,complex128,16384,64,ifft_complex128_n16384_b64,7.33567550196,7.28881650139,0.0164209923241,7,4,ok,
ducc_policy_v2,ifft,complex128,16384,256,ifft_complex128_n16384_b256,33.083296963,32.9730180092,0.0485320342705,7,1,ok,
ducc_policy_v2,ifft,complex128,32768,1,ifft_complex128_n32768_b1,0.426460414335,0.424108586942,0.000887563067448,7,46,ok,
ducc_policy_v2,ifft,complex128,32768,2,ifft_complex128_n32768_b2,0.473132561438,0.468732269549,0.00324492660783,7,41,ok,
ducc_policy_v2,ifft,complex128,32768,4,ifft_complex128_n32768_b4,0.947204534896,0.944059931984,0.000717397779226,7,30,ok,
ducc_policy_v2,ifft,complex128,32768,8,ifft_complex128_n32768_b8,1.85529633115,1.83559233168,0.0135783338919,7,15,ok,
ducc_policy_v2,ifft,complex128,32768,16,ifft_complex128_n32768_b16,3.85286386258,3.82502114267,0.0255927277197,7,7,ok,
ducc_policy_v2,ifft,complex128,32768,32,ifft_complex128_n32768_b32,7.88884997989,7.74935900699,0.0494936248288,7,3,ok,
ducc_policy_v2,ifft,complex128,32768,64,ifft_complex128_n32768_b64,18.088257988,18.0355635239,0.039114500396,7,2,ok,
ducc_policy_v2,ifft,complex128,32768,256,ifft_complex128_n32768_b256,69.4624870084,69.0842010081,0.138311996125,7,1,ok,
ducc_policy_v2,ifft,complex128,65536,1,ifft_complex128_n65536_b1,0.912290362811,0.907399728683,0.00106154369529,7,22,ok,
ducc_policy_v2,ifft,complex128,65536,2,ifft_complex128_n65536_b2,1.00368186269,0.996117552357,0.00285161739408,7,29,ok,
ducc_policy_v2,ifft,complex128,65536,4,ifft_complex128_n65536_b4,2.00476392638,1.98995943148,0.0050725066103,7,14,ok,
ducc_policy_v2,ifft,complex128,65536,8,ifft_complex128_n65536_b8,4.00963942853,3.98531343256,0.0135872812409,7,7,ok,
ducc_policy_v2,ifft,complex128,65536,16,ifft_complex128_n65536_b16,8.3554770099,8.31216499986,0.0201513369878,7,3,ok,
ducc_policy_v2,ifft,complex128,65536,32,ifft_complex128_n65536_b32,19.0440234728,18.9206749783,0.0504105701111,7,2,ok,
ducc_policy_v2,ifft,complex128,65536,64,ifft_complex128_n65536_b64,37.6106119948,37.0015390217,0.207463977858,7,1,ok,
ducc_policy_v2,ifft,complex128,65536,256,ifft_complex128_n65536_b256,146.368674934,145.255224896,0.624292995781,7,1,ok,
