candidate,operation,dtype,n,batch,case_id,median_ms,best_ms,mad_ms,samples,loops,status,notes
old,fft,complex64,2048,1,fft_complex64_n2048_b1,0.0186093188675,0.0182363625058,5.95167726148e-05,9,571,ok,
old,fft,complex64,2048,2,fft_complex64_n2048_b2,0.0252835482851,0.0249546821416,0.00029285139747,9,538,ok,
old,fft,complex64,2048,4,fft_complex64_n2048_b4,0.160499622379,0.152333583282,0.00601712558789,9,151,ok,
old,fft,complex64,2048,8,fft_complex64_n2048_b8,0.279775388025,0.275497985031,0.00193838808519,9,67,ok,
old,fft,complex64,2048,16,fft_complex64_n2048_b16,0.5217897045,0.518876945952,0.00282340821483,9,37,ok,
old,fft,complex64,2048,32,fft_complex64_n2048_b32,1.01656922036,1.00610249986,0.00620211034806,9,18,ok,
old,fft,complex64,2048,64,fft_complex64_n2048_b64,2.01192361195,1.99311538241,0.0178864619766,9,13,ok,
old,fft,complex64,2048,256,fft_complex64_n2048_b256,4.28567733616,4.22885451311,0.0484471675009,7,6,ok,
old,fft,complex64,3072,1,fft_complex64_n3072_b1,0.0251255112383,0.0249990767866,6.23632954915e-05,9,534,ok,
old,fft,complex64,3072,2,fft_complex64_n3072_b2,0.0326899398351,0.0324975798139,7.96501990408e-05,9,200,ok,
old,fft,complex64,3072,4,fft_complex64_n3072_b4,0.0568938301876,0.0564789050259,0.000100085162558,9,200,ok,
old,fft,complex64,3072,8,fft_complex64_n3072_b8,0.103109243952,0.102613555519,9.66358042899e-05,9,189,ok,
old,fft,complex64,3072,16,fft_complex64_n3072_b16,0.199162494871,0.19629590679,0.0014818458309,9,97,ok,
old,fft,complex64,3072,32,fft_complex64_n3072_b32,0.400203264629,0.384070134411,0.010509963613,9,30,ok,
old,fft,complex64,3072,64,fft_complex64_n3072_b64,0.770042832786,0.758090832581,0.00633716505642,9,30,ok,
old,fft,complex64,3072,256,fft_complex64_n3072_b256,5.7441732497,5.66525076283,0.078922486864,7,4,ok,
old,fft,complex64,3584,1,fft_complex64_n3584_b1,0.0275957920029,0.0275266723621,2.0899240538e-05,9,476,ok,
old,fft,complex64,3584,2,fft_complex64_n3584_b2,0.034960579942,0.0348076951923,0.000135850277729,9,200,ok,
old,fft,complex64,3584,4,fft_complex64_n3584_b4,0.0607776298421,0.0602291099494,0.000370194902644,9,200,ok,
old,fft,complex64,3584,8,fft_complex64_n3584_b8,0.110988988444,0.110435511424,0.000397785063183,9,172,ok,
old,fft,complex64,3584,16,fft_complex64_n3584_b16,0.209763954362,0.20781280711,0.000705521828918,9,88,ok,
old,fft,complex64,3584,32,fft_complex64_n3584_b32,0.412253767718,0.410682164753,0.000597098066161,9,30,ok,
old,fft,complex64,3584,64,fft_complex64_n3584_b64,0.819091766607,0.816449499689,0.00198606479292,9,30,ok,
old,fft,complex64,3584,256,fft_complex64_n3584_b256,7.45384799666,7.36483899527,0.0806607713457,7,4,ok,
old,fft,complex64,4095,1,fft_complex64_n4095_b1,0.0397538247296,0.0395607371793,8.53771155681e-05,9,297,ok,
old,fft,complex64,4095,2,fft_complex64_n4095_b2,0.0549460953334,0.0545843702275,0.00019681523554,9,200,ok,
old,fft,complex64,4095,4,fft_complex64_n4095_b4,0.0997638610701,0.0995468041024,0.000127814422102,9,194,ok,
old,fft,complex64,4095,8,fft_complex64_n4095_b8,0.189075863568,0.186982339709,0.00209352385831,9,103,ok,
old,fft,complex64,4095,16,fft_complex64_n4095_b16,0.365623075945,0.363752288439,0.00115525192366,9,52,ok,
old,fft,complex64,4095,32,fft_complex64_n4095_b32,0.722239899915,0.716541269018,0.00236139943202,9,30,ok,
old,fft,complex64,4095,64,fft_complex64_n4095_b64,1.4673232974,1.45187694579,0.0086426443886,9,20,ok,
old,fft,complex64,4095,256,fft_complex64_n4095_b256,9.45842068177,9.35251300689,0.101676637617,7,3,ok,
old,fft,complex64,4096,1,fft_complex64_n4096_b1,0.0343893627556,0.0342006454569,9.68004687795e-05,9,361,ok,
old,fft,complex64,4096,2,fft_complex64_n4096_b2,0.0419781799428,0.041649165214,0.000329014728777,9,200,ok,
old,fft,complex64,4096,4,fft_complex64_n4096_b4,0.0752115395153,0.0726666348055,0.00136769551318,9,200,ok,
old,fft,complex64,4096,8,fft_complex64_n4096_b8,0.136905883361,0.135689524662,0.00109579220104,9,120,ok,
old,fft,complex64,4096,16,fft_complex64_n4096_b16,0.263556923108,0.262149864844,0.00119011383504,9,52,ok,
old,fft,complex64,4096,32,fft_complex64_n4096_b32,0.533020930986,0.525535266691,0.00359370217969,9,30,ok,
old,fft,complex64,4096,64,fft_complex64_n4096_b64,1.0471802913,1.03957612494,0.00129950058181,9,24,ok,
old,fft,complex64,4096,256,fft_complex64_n4096_b256,8.15994967707,7.74058664683,0.404301681556,7,3,ok,
old,fft,complex64,4097,1,fft_complex64_n4097_b1,0.188068030496,0.186939465089,0.000527747107124,7,99,ok,
old,fft,complex64,4097,2,fft_complex64_n4097_b2,0.21656282415,0.215446021265,0.000697790880452,7,91,ok,
old,fft,complex64,4097,4,fft_complex64_n4097_b4,0.35795170374,0.35660196294,0.000553630309662,7,54,ok,
old,fft,complex64,4097,8,fft_complex64_n4097_b8,0.652337733967,0.65032329876,0.00182973453775,7,30,ok,
old,fft,complex64,4097,16,fft_complex64_n4097_b16,1.22100278774,1.21684499997,0.00134458726582,7,24,ok,
old,fft,complex64,4097,32,fft_complex64_n4097_b32,2.35438525366,2.34097108478,0.00647966711161,7,12,ok,
old,fft,complex64,4097,64,fft_complex64_n4097_b64,4.64891048614,4.60218834147,0.0275381607935,7,6,ok,
old,fft,complex64,4097,256,fft_complex64_n4097_b256,22.2842390649,22.1390379593,0.082804937847,7,1,ok,
old,fft,complex64,4608,1,fft_complex64_n4608_b1,0.0366998749087,0.0365387747297,0.0001079501817,7,200,ok,
old,fft,complex64,4608,2,fft_complex64_n4608_b2,0.047265754547,0.0467036047485,0.000307020382024,7,200,ok,
old,fft,complex64,4608,4,fft_complex64_n4608_b4,0.0820736004971,0.0817050604383,0.000368540058844,7,200,ok,
old,fft,complex64,4608,8,fft_complex64_n4608_b8,0.15263100869,0.15216455124,0.000466457449721,7,118,ok,
old,fft,complex64,4608,16,fft_complex64_n4608_b16,0.294755701907,0.293073232751,0.00168246915564,7,30,ok,
old,fft,complex64,4608,32,fft_complex64_n4608_b32,0.582554067175,0.57998963166,0.00242150078217,7,30,ok,
old,fft,complex64,4608,64,fft_complex64_n4608_b64,1.15416841678,1.15252828982,0.00164012696284,7,24,ok,
old,fft,complex64,4608,256,fft_complex64_n4608_b256,9.7618297732,9.58297573379,0.118040275993,7,4,ok,
old,fft,complex64,8192,1,fft_complex64_n8192_b1,0.0728993152734,0.0727232400095,0.000103144557215,7,200,ok,
old,fft,complex64,8192,2,fft_complex64_n8192_b2,0.0922290519015,0.0915902955072,0.000369445531788,7,193,ok,
old,fft,complex64,8192,4,fft_complex64_n8192_b4,0.171959928682,0.170238132679,0.000393929874805,7,113,ok,
old,fft,complex64,8192,8,fft_complex64_n8192_b8,0.324991211017,0.323745542565,0.000670019194092,7,57,ok,
old,fft,complex64,8192,16,fft_complex64_n8192_b16,0.633762699241,0.631132465787,0.00118386621277,7,30,ok,
old,fft,complex64,8192,32,fft_complex64_n8192_b32,1.24993130727,1.24658412887,0.00283056768872,7,23,ok,
old,fft,complex64,8192,64,fft_complex64_n8192_b64,2.55619936665,2.5322409135,0.00786109277132,7,11,ok,
old,fft,complex64,8192,256,fft_complex64_n8192_b256,16.7091595358,16.5187584935,0.190401042346,7,2,ok,
old,fft,complex64,16384,1,fft_complex64_n16384_b1,0.145857045109,0.145101537893,0.00053418140548,7,132,ok,
old,fft,complex64,16384,2,fft_complex64_n16384_b2,0.220644592457,0.220132888191,0.000511704265703,7,81,ok,
old,fft,complex64,16384,4,fft_complex64_n16384_b4,0.658645270794,0.612889159873,0.00791113813069,7,44,ok,
old,fft,complex64,16384,8,fft_complex64_n16384_b8,1.7610389002,1.73752030047,0.0122277997434,7,30,ok,
old,fft,complex64,16384,16,fft_complex64_n16384_b16,2.46205760935,2.4169207419,0.0339046059905,7,23,ok,
old,fft,complex64,16384,32,fft_complex64_n16384_b32,3.11050881547,3.04752209393,0.014882365411,7,11,ok,
old,fft,complex64,16384,64,fft_complex64_n16384_b64,9.71626234241,8.69048332485,0.103169004433,7,3,ok,
old,fft,complex64,16384,256,fft_complex64_n16384_b256,39.0111020533,38.0556579912,0.228035962209,7,1,ok,
old,fft,complex64,32768,1,fft_complex64_n32768_b1,0.763410399668,0.759852305055,0.00172979780473,7,20,ok,
old,fft,complex64,32768,2,fft_complex64_n32768_b2,1.03936493472,0.957891483971,0.0110238362404,7,31,ok,
old,fft,complex64,32768,4,fft_complex64_n32768_b4,1.2845852519,1.25595012893,0.0163330017434,7,24,ok,
old,fft,complex64,32768,8,fft_complex64_n32768_b8,2.92551799,2.66049136619,0.119106007994,7,11,ok,
old,fft,complex64,32768,16,fft_complex64_n32768_b16,3.39418859221,3.28613789752,0.0465378863737,7,10,ok,
old,fft,complex64,32768,32,fft_complex64_n32768_b32,10.1663524983,9.18303645449,0.0929035013542,7,2,ok,
old,fft,complex64,32768,64,fft_complex64_n32768_b64,20.584044978,20.1694510179,0.375470961444,7,1,ok,
old,fft,complex64,32768,256,fft_complex64_n32768_b256,114.488844993,113.924621022,0.431005028076,7,1,ok,
old,fft,complex64,65536,1,fft_complex64_n65536_b1,0.845256785396,0.840627505178,0.0019207862871,7,14,ok,
old,fft,complex64,65536,2,fft_complex64_n65536_b2,0.88292126699,0.87869669854,0.0042245684502,7,30,ok,
old,fft,complex64,65536,4,fft_complex64_n65536_b4,1.62615772958,1.61509900354,0.00881045901527,7,15,ok,
old,fft,complex64,65536,8,fft_complex64_n65536_b8,3.27580537123,2.99953699869,0.0719167583156,7,8,ok,
old,fft,complex64,65536,16,fft_complex64_n65536_b16,11.8011400336,11.7456615553,0.0554784783162,7,2,ok,
old,fft,complex64,65536,32,fft_complex64_n65536_b32,20.2396519016,19.7098719655,0.177301932126,7,1,ok,
old,fft,complex64,65536,64,fft_complex64_n65536_b64,39.9993769825,39.4722429337,0.442525953986,7,1,ok,
old,fft,complex64,65536,256,fft_complex64_n65536_b256,154.420705047,152.061520959,1.1281480547,7,1,ok,
old,fft,complex128,2048,1,fft_complex128_n2048_b1,0.0166666688368,0.0160897346326,0.000133990602263,9,746,ok,
old,fft,complex128,2048,2,fft_complex128_n2048_b2,0.02129249026,0.0211284340434,6.78784353871e-05,9,659,ok,
old,fft,complex128,2048,4,fft_complex128_n2048_b4,0.0365571596194,0.0362737302203,0.00024605949875,9,200,ok,
old,fft,complex128,2048,8,fft_complex128_n2048_b8,0.0658805650892,0.0651929248124,0.000184095115401,9,200,ok,
old,fft,complex128,2048,16,fft_complex128_n2048_b16,0.123223057017,0.122059240519,0.000410259383011,9,158,ok,
old,fft,complex128,2048,32,fft_complex128_n2048_b32,0.25216045589,0.250074290376,0.000752290545762,9,79,ok,
old,fft,complex128,2048,64,fft_complex128_n2048_b64,0.478340134335,0.477442133706,0.000898000628998,9,30,ok,
old,fft,complex128,2048,256,fft_complex128_n2048_b256,1.95867993558,1.94581853381,0.012861401774,7,15,ok,
old,fft,complex128,3072,1,fft_complex128_n3072_b1,0.0226049951158,0.0223172300252,0.000276431106212,9,617,ok,
old,fft,complex128,3072,2,fft_complex128_n3072_b2,0.0292701553553,0.0283281452721,0.000572020071559,9,200,ok,
old,fft,complex128,3072,4,fft_complex128_n3072_b4,0.0514582800679,0.050438985345,0.000734325149097,9,200,ok,
old,fft,complex128,3072,8,fft_complex128_n3072_b8,0.0929255597293,0.0919725297717,0.000865264446475,9,200,ok,
old,fft,complex128,3072,16,fft_complex128_n3072_b16,0.17662220489,0.174668910664,0.00139841930442,9,112,ok,
old,fft,complex128,3072,32,fft_complex128_n3072_b32,0.348410898975,0.347221666016,0.000746396835893,9,30,ok,
old,fft,complex128,3072,64,fft_complex128_n3072_b64,0.67915446513,0.676939298864,0.00138459727168,9,30,ok,
old,fft,complex128,3072,256,fft_complex128_n3072_b256,3.02737869788,2.98360900488,0.0437696930021,7,10,ok,
old,fft,complex128,3584,1,fft_complex128_n3584_b1,0.0246143027267,0.0244658631231,0.000148439603682,9,555,ok,
old,fft,complex128,3584,2,fft_complex128_n3584_b2,0.0302902096882,0.029446684639,0.000502989860252,9,200,ok,
old,fft,complex128,3584,4,fft_complex128_n3584_b4,0.0519564602291,0.0517972651869,0.000126980012283,9,200,ok,
old,fft,complex128,3584,8,fft_complex128_n3584_b8,0.0933586200699,0.0928415550152,0.000517065054737,9,200,ok,
old,fft,complex128,3584,16,fft_complex128_n3584_b16,0.180604072657,0.178579927993,0.000272044777736,9,111,ok,
old,fft,complex128,3584,32,fft_complex128_n3584_b32,0.358423229773,0.355348499337,0.00248566890756,9,30,ok,
old,fft,complex128,3584,64,fft_complex128_n3584_b64,0.741992766658,0.736768365217,0.00344843138009,9,30,ok,
old,fft,complex128,3584,256,fft_complex128_n3584_b256,3.19031033561,3.12530110952,0.0414195625732,7,9,ok,
old,fft,complex128,4095,1,fft_complex128_n4095_b1,0.0370333304446,0.0365370845733,0.000151127106239,9,378,ok,
old,fft,complex128,4095,2,fft_complex128_n4095_b2,0.0496134901186,0.0489435903728,0.000197770423256,9,200,ok,
old,fft,complex128,4095,4,fft_complex128_n4095_b4,0.0900840049144,0.0897712196456,0.000186145189218,9,200,ok,
old,fft,complex128,4095,8,fft_complex128_n4095_b8,0.171914675798,0.170218255809,0.000491521408797,9,117,ok,
old,fft,complex128,4095,16,fft_complex128_n4095_b16,0.336597806349,0.334798474796,0.0011853836967,9,57,ok,
old,fft,complex128,4095,32,fft_complex128_n4095_b32,0.65963966772,0.653194298502,0.00599549772839,9,30,ok,
old,fft,complex128,4095,64,fft_complex128_n4095_b64,1.31490217198,1.30140130489,0.00727312821571,9,23,ok,
old,fft,complex128,4095,256,fft_complex128_n4095_b256,5.63475920353,5.4586923914,0.0492780003697,7,5,ok,
old,fft,complex128,4096,1,fft_complex128_n4096_b1,0.031867089692,0.0315690161553,8.475410099e-05,9,435,ok,
old,fft,complex128,4096,2,fft_complex128_n4096_b2,0.040875269915,0.0403283000924,0.000202325172722,9,200,ok,
old,fft,complex128,4096,4,fft_complex128_n4096_b4,0.0728921050904,0.0722872751066,0.000284829875454,9,200,ok,
old,fft,complex128,4096,8,fft_complex128_n4096_b8,0.136456985747,0.135525999661,0.000394848877028,9,146,ok,
old,fft,complex128,4096,16,fft_complex128_n4096_b16,0.263980067511,0.26165762117,0.000892337600424,9,74,ok,
old,fft,complex128,4096,32,fft_complex128_n4096_b32,0.531422967712,0.52028883171,0.00945636614536,9,30,ok,
old,fft,complex128,4096,64,fft_complex128_n4096_b64,1.04891929638,1.04236222493,0.00432774390059,9,27,ok,
old,fft,complex128,4096,256,fft_complex128_n4096_b256,4.7080143316,4.68654398962,0.0157563287454,7,6,ok,
old,fft,complex128,4097,1,fft_complex128_n4097_b1,0.184158820082,0.183193209315,0.000806457717859,7,105,ok,
old,fft,complex128,4097,2,fft_complex128_n4097_b2,0.210799152821,0.209541152403,0.000419586127543,7,92,ok,
old,fft,complex128,4097,4,fft_complex128_n4097_b4,0.346227910736,0.344925304359,0.00130260637629,7,56,ok,
old,fft,complex128,4097,8,fft_complex128_n4097_b8,0.623349220405,0.617592530034,0.00575669037062,7,32,ok,
old,fft,complex128,4097,16,fft_complex128_n4097_b16,1.19280363899,1.18345255964,0.000825556926429,7,25,ok,
old,fft,complex128,4097,32,fft_complex128_n4097_b32,2.31991591863,2.29601875374,0.0126953333771,7,12,ok,
old,fft,complex128,4097,64,fft_complex128_n4097_b64,4.70611065005,4.65512882996,0.0233803487693,7,6,ok,
old,fft,complex128,4097,256,fft_complex128_n4097_b256,17.9166544694,17.8054914577,0.0636335462332,7,2,ok,
old,fft,complex128,4608,1,fft_complex128_n4608_b1,0.0328110146802,0.0326224649325,5.32495323569e-05,7,200,ok,
old,fft,complex128,4608,2,fft_complex128_n4608_b2,0.0412439595675,0.0411562999943,8.76595731825e-05,7,200,ok,
old,fft,complex128,4608,4,fft_complex128_n4608_b4,0.0702547800029,0.0701250351267,9.45798819885e-05,7,200,ok,
old,fft,complex128,4608,8,fft_complex128_n4608_b8,0.13948410439,0.139135614744,0.000348489646331,7,153,ok,
old,fft,complex128,4608,16,fft_complex128_n4608_b16,0.251439500911,0.250682731469,0.000509965078284,7,30,ok,
old,fft,complex128,4608,32,fft_complex128_n4608_b32,0.494153033166,0.493436364923,0.000390068938335,7,30,ok,
old,fft,complex128,4608,64,fft_complex128_n4608_b64,1.00026355157,0.988531311781,0.0101133803676,7,29,ok,
old,fft,complex128,4608,256,fft_complex128_n4608_b256,4.54474601429,4.33786357753,0.141998985782,7,5,ok,
old,fft,complex128,8192,1,fft_complex128_n8192_b1,0.0684466050006,0.0682272447739,0.000219360226765,7,200,ok,
old,fft,complex128,8192,2,fft_complex128_n8192_b2,0.083474915009,0.0827491597738,0.000540059991181,7,200,ok,
old,fft,complex128,8192,4,fft_complex128_n8192_b4,0.153244101966,0.151986055243,0.00117272702482,7,128,ok,
old,fft,complex128,8192,8,fft_complex128_n8192_b8,0.290134972499,0.288099211208,0.00118093014183,7,71,ok,
old,fft,complex128,8192,16,fft_complex128_n8192_b16,0.567054798982,0.562083197292,0.00433273380622,7,30,ok,
old,fft,complex128,8192,32,fft_complex128_n8192_b32,1.12845327561,1.11484058715,0.00813069095,7,29,ok,
old,fft,complex128,8192,64,fft_complex128_n8192_b64,2.31891753188,2.2978867637,0.0206600749292,7,13,ok,
old,fft,complex128,8192,256,fft_complex128_n8192_b256,12.1810410249,12.1323036728,0.0487373520931,7,3,ok,
old,fft,complex128,16384,1,fft_complex128_n16384_b1,0.13674112522,0.134988490108,0.00065633655897,7,143,ok,
old,fft,complex128,16384,2,fft_complex128_n16384_b2,0.185627318659,0.184081968871,0.00104864881633,7,97,ok,
old,fft,complex128,16384,4,fft_complex128_n16384_b4,0.354902479254,0.35059525059,0.00221937564978,7,48,ok,
old,fft,complex128,16384,8,fft_complex128_n16384_b8,0.680364400614,0.67343043241,0.00400216473887,7,30,ok,
old,fft,complex128,16384,16,fft_complex128_n16384_b16,1.34835385584,1.32553885868,0.008869428365,7,21,ok,
old,fft,complex128,16384,32,fft_complex128_n16384_b32,2.73047018246,2.70482691386,0.0192823671651,7,11,ok,
old,fft,complex128,16384,64,fft_complex128_n16384_b64,5.83386300132,5.73553140275,0.0665101921186,7,5,ok,
old,fft,complex128,16384,256,fft_complex128_n16384_b256,26.7448179657,26.6769219888,0.0678959768265,7,1,ok,
old,fft,complex128,32768,1,fft_complex128_n32768_b1,0.299682185197,0.298340290856,0.000896138282349,7,65,ok,
old,fft,complex128,32768,2,fft_complex128_n32768_b2,0.401223956547,0.399460433982,0.00119965229912,7,46,ok,
old,fft,complex128,32768,4,fft_complex128_n32768_b4,1.4059822696,1.23447199973,0.0187703951572,7,30,ok,
old,fft,complex128,32768,8,fft_complex128_n32768_b8,1.55106020393,1.46715448936,0.0298897037283,7,10,ok,
old,fft,complex128,32768,16,fft_complex128_n32768_b16,2.97260488797,2.93783777549,0.0280023216166,7,9,ok,
old,fft,complex128,32768,32,fft_complex128_n32768_b32,6.2533262535,6.17750975653,0.0515160209034,7,4,ok,
old,fft,complex128,32768,64,fft_complex128_n32768_b64,13.1190126995,12.9482906777,0.100574727791,7,3,ok,
old,fft,complex128,32768,256,fft_complex128_n32768_b256,56.4104000805,55.8708020253,0.277136918157,7,1,ok,
old,fft,complex128,65536,1,fft_complex128_n65536_b1,0.669733418392,0.664294547131,0.00287374226196,7,31,ok,
old,fft,complex128,65536,2,fft_complex128_n65536_b2,0.85172803374,0.848881034957,0.00262523535639,7,30,ok,
old,fft,complex128,65536,4,fft_complex128_n65536_b4,1.63872168196,1.62663475203,0.012086929928,7,16,ok,
old,fft,complex128,65536,8,fft_complex128_n65536_b8,2.96642399917,2.93798462371,0.0284393754555,7,8,ok,
old,fft,complex128,65536,16,fft_complex128_n65536_b16,6.21209925157,6.15708151599,0.0285985006485,7,4,ok,
old,fft,complex128,65536,32,fft_complex128_n65536_b32,14.5349444938,14.302305528,0.0994309666567,7,2,ok,
old,fft,complex128,65536,64,fft_complex128_n65536_b64,28.2193620224,28.0848400434,0.132337096147,7,1,ok,
old,fft,complex128,65536,256,fft_complex128_n65536_b256,109.031153959,108.220210066,0.496887951158,7,1,ok,
old,ifft,complex64,2048,1,ifft_complex64_n2048_b1,0.0210837310979,0.0208505893702,0.000150392301943,9,543,ok,
old,ifft,complex64,2048,2,ifft_complex64_n2048_b2,0.034775082121,0.034741984785,2.95655994385e-05,9,329,ok,
old,ifft,complex64,2048,4,ifft_complex64_n2048_b4,0.0292964000255,0.0292448047549,5.15952706337e-05,9,200,ok,
old,ifft,complex64,2048,8,ifft_complex64_n2048_b8,0.0511994498083,0.050847895327,0.000224820105359,9,200,ok,
old,ifft,complex64,2048,16,ifft_complex64_n2048_b16,0.0947111571056,0.0939684521719,0.000253720989044,9,197,ok,
old,ifft,complex64,2048,32,ifft_complex64_n2048_b32,0.181411500047,0.179604196871,0.000797919970604,9,112,ok,
old,ifft,complex64,2048,64,ifft_complex64_n2048_b64,0.351533367454,0.349076468653,0.000831566285342,9,30,ok,
old,ifft,complex64,2048,256,ifft_complex64_n2048_b256,1.39734004846,1.38607809675,0.00603076270116,7,21,ok,
old,ifft,complex64,3072,1,ifft_complex64_n3072_b1,0.0326173294124,0.0321702786404,0.00014832689537,9,431,ok,
old,ifft,complex64,3072,2,ifft_complex64_n3072_b2,0.059822750045,0.058706565178,0.000225824769586,9,200,ok,
old,ifft,complex64,3072,4,ifft_complex64_n3072_b4,0.0405628350563,0.0396798399743,7.87549652159e-05,9,200,ok,
old,ifft,complex64,3072,8,ifft_complex64_n3072_b8,0.0731831445592,0.0710071850335,0.0015377253294,9,200,ok,
old,ifft,complex64,3072,16,ifft_complex64_n3072_b16,0.132373794728,0.131419291627,0.000586993807298,9,151,ok,
old,ifft,complex64,3072,32,ifft_complex64_n3072_b32,0.251631834544,0.251224734044,0.000387368102868,9,30,ok,
old,ifft,complex64,3072,64,ifft_complex64_n3072_b64,0.493612334443,0.492903369013,0.000351333680252,9,30,ok,
old,ifft,complex64,3072,256,ifft_complex64_n3072_b256,1.95296741246,1.93575700784,0.0125877559185,7,12,ok,
old,ifft,complex64,3584,1,ifft_complex64_n3584_b1,0.0359176629501,0.0356842420603,0.000233420889759,9,285,ok,
old,ifft,complex64,3584,2,ifft_complex64_n3584_b2,0.0627388450084,0.0625872600358,0.000151584972627,9,200,ok,
old,ifft,complex64,3584,4,ifft_complex64_n3584_b4,0.0445635599317,0.0442086951807,0.000170720159076,9,200,ok,
old,ifft,complex64,3584,8,ifft_complex64_n3584_b8,0.0778208053412,0.077329949838,0.000164033715717,9,180,ok,
old,ifft,complex64,3584,16,ifft_complex64_n3584_b16,0.146669889492,0.144739595913,0.00114035998088,9,136,ok,
old,ifft,complex64,3584,32,ifft_complex64_n3584_b32,0.281822902616,0.278409865374,0.00144637112195,9,30,ok,
old,ifft,complex64,3584,64,ifft_complex64_n3584_b64,0.554751500022,0.552506667251,0.00224483277028,9,30,ok,
old,ifft,complex64,3584,256,ifft_complex64_n3584_b256,2.24757045866,2.18909908122,0.0187651648258,7,13,ok,
old,ifft,complex64,4095,1,ifft_complex64_n4095_b1,0.0529237659336,0.0518405499269,0.000365925381535,9,269,ok,
old,ifft,complex64,4095,2,ifft_complex64_n4095_b2,0.0951612350764,0.0945097696967,0.000642549712211,9,200,ok,
old,ifft,complex64,4095,4,ifft_complex64_n4095_b4,0.0659495400032,0.0654859252973,0.000205229735002,9,200,ok,
old,ifft,complex64,4095,8,ifft_complex64_n4095_b8,0.121507552264,0.121113809934,0.000393742329778,9,163,ok,
old,ifft,complex64,4095,16,ifft_complex64_n4095_b16,0.234557131383,0.232506523995,0.0017081897351,9,84,ok,
old,ifft,complex64,4095,32,ifft_complex64_n4095_b32,0.464505667333,0.458018233379,0.00312816894924,9,30,ok,
old,ifft,complex64,4095,64,ifft_complex64_n4095_b64,0.89639009675,0.890030533386,0.00125569446633,9,30,ok,
old,ifft,complex64,4095,256,ifft_complex64_n4095_b256,3.55472612137,3.5366511147,0.00434175308328,7,8,ok,
old,ifft,complex64,4096,1,ifft_complex64_n4096_b1,0.0395770459512,0.0392733309723,4.88131352868e-05,9,305,ok,
old,ifft,complex64,4096,2,ifft_complex64_n4096_b2,0.071218329831,0.0704539002618,0.000150729902089,9,200,ok,
old,ifft,complex64,4096,4,ifft_complex64_n4096_b4,0.0557700847276,0.05524500506,0.000411014771089,9,200,ok,
old,ifft,complex64,4096,8,ifft_complex64_n4096_b8,0.100453712726,0.100269235253,0.000157592224021,9,174,ok,
old,ifft,complex64,4096,16,ifft_complex64_n4096_b16,0.191257415929,0.190585366413,0.000449752730161,9,101,ok,
old,ifft,complex64,4096,32,ifft_complex64_n4096_b32,0.388961603555,0.374436832499,0.00725156472375,9,30,ok,
old,ifft,complex64,4096,64,ifft_complex64_n4096_b64,0.738060466635,0.731726634937,0.0016834664469,9,30,ok,
old,ifft,complex64,4096,256,ifft_complex64_n4096_b256,2.9178251978,2.90505239973,0.0105967978016,7,10,ok,
old,ifft,complex64,4097,1,ifft_complex64_n4097_b1,0.272263074294,0.269041175831,0.000844661639456,7,68,ok,
old,ifft,complex64,4097,2,ifft_complex64_n4097_b2,0.440440156187,0.439142422854,0.000960912762417,7,45,ok,
old,ifft,complex64,4097,4,ifft_complex64_n4097_b4,0.260826623575,0.257638467524,0.00185035048174,7,77,ok,
old,ifft,complex64,4097,8,ifft_complex64_n4097_b8,0.42303380273,0.420267564629,0.000681067594206,7,46,ok,
old,ifft,complex64,4097,16,ifft_complex64_n4097_b16,0.734942266718,0.729155831505,0.00267333428686,7,30,ok,
old,ifft,complex64,4097,32,ifft_complex64_n4097_b32,1.36709263527,1.36030722536,0.00232254387811,7,22,ok,
old,ifft,complex64,4097,64,ifft_complex64_n4097_b64,2.60030829813,2.58552270243,0.00500930473208,7,10,ok,
old,ifft,complex64,4097,256,ifft_complex64_n4097_b256,10.0963086588,10.0566043208,0.0287436802561,7,3,ok,
old,ifft,complex64,4608,1,ifft_complex64_n4608_b1,0.0495481700636,0.0492493598722,0.000250019947998,7,200,ok,
old,ifft,complex64,4608,2,ifft_complex64_n4608_b2,0.0891810201574,0.0883550802246,0.000477894791402,7,200,ok,
old,ifft,complex64,4608,4,ifft_complex64_n4608_b4,0.0566926103784,0.0563438551035,0.000205229735002,7,200,ok,
old,ifft,complex64,4608,8,ifft_complex64_n4608_b8,0.101692441445,0.100805917874,8.14919192822e-05,7,195,ok,
old,ifft,complex64,4608,16,ifft_complex64_n4608_b16,0.191711634398,0.1902962996,0.000456534326077,7,30,ok,
old,ifft,complex64,4608,32,ifft_complex64_n4608_b32,0.367798431156,0.365633063484,0.000957131851465,7,30,ok,
old,ifft,complex64,4608,64,ifft_complex64_n4608_b64,0.728027701067,0.723750699156,0.00178766592095,7,30,ok,
old,ifft,complex64,4608,256,ifft_complex64_n4608_b256,2.8757476015,2.86458281334,0.00162101350725,7,5,ok,
old,ifft,complex64,8192,1,ifft_complex64_n8192_b1,0.0862628698815,0.0856748246588,0.000291694886982,7,200,ok,
old,ifft,complex64,8192,2,ifft_complex64_n8192_b2,0.149839022897,0.149015458896,0.000620699361583,7,133,ok,
old,ifft,complex64,8192,4,ifft_complex64_n8192_b4,0.109718037864,0.108627612472,0.000578823239012,7,186,ok,
old,ifft,complex64,8192,8,ifft_complex64_n8192_b8,0.202614030568,0.200255210511,0.000876440899447,7,100,ok,
old,ifft,complex64,8192,16,ifft_complex64_n8192_b16,0.389019368837,0.384597131051,0.00164542968074,7,30,ok,
old,ifft,complex64,8192,32,ifft_complex64_n8192_b32,0.757034200554,0.754060964876,0.00142729841173,7,30,ok,
old,ifft,complex64,8192,64,ifft_complex64_n8192_b64,1.51493663189,1.50452347129,0.00338320693883,7,19,ok,
old,ifft,complex64,8192,256,ifft_complex64_n8192_b256,6.03477819823,5.95808299258,0.0624947948381,7,5,ok,
old,ifft,complex64,16384,1,ifft_complex64_n16384_b1,0.183658574113,0.183161906467,0.000118453667879,7,108,ok,
old,ifft,complex64,16384,2,ifft_complex64_n16384_b2,0.343225189838,0.341960413638,0.00126477619954,7,58,ok,
old,ifft,complex64,16384,4,ifft_complex64_n16384_b4,0.236133597621,0.23486048818,0.00094249986521,7,82,ok,
old,ifft,complex64,16384,8,ifft_complex64_n16384_b8,0.44507170096,0.444291268165,0.000780432795485,7,30,ok,
old,ifft,complex64,16384,16,ifft_complex64_n16384_b16,0.863710455385,0.859956638041,0.00375381734392,7,22,ok,
old,ifft,complex64,16384,32,ifft_complex64_n16384_b32,2.66660091637,2.62313709721,0.0152448192239,7,11,ok,
old,ifft,complex64,16384,64,ifft_complex64_n16384_b64,5.35567263432,5.2988591342,0.0234424805967,7,8,ok,
old,ifft,complex64,16384,256,ifft_complex64_n16384_b256,16.4746820228,16.1566075403,0.0310835312121,7,2,ok,
old,ifft,complex64,32768,1,ifft_complex64_n32768_b1,0.42143920776,0.41474650061,0.00223770863765,7,48,ok,
old,ifft,complex64,32768,2,ifft_complex64_n32768_b2,0.786510198377,0.777478520758,0.00604207627475,7,25,ok,
old,ifft,complex64,32768,4,ifft_complex64_n32768_b4,0.523929965372,0.519982934929,0.00184212888901,7,30,ok,
old,ifft,complex64,32768,8,ifft_complex64_n32768_b8,0.954132000713,0.944559345953,0.00565100218291,7,23,ok,
old,ifft,complex64,32768,16,ifft_complex64_n32768_b16,2.57236854388,2.47400484155,0.0625676206815,7,13,ok,
old,ifft,complex64,32768,32,ifft_complex64_n32768_b32,5.3986319884,5.37783150018,0.0208004882249,7,6,ok,
old,ifft,complex64,32768,64,ifft_complex64_n32768_b64,7.57386998739,7.51141139772,0.056499382481,7,5,ok,
old,ifft,complex64,32768,256,ifft_complex64_n32768_b256,39.0050099231,38.1626379676,0.169948092662,7,1,ok,
old,ifft,complex64,65536,1,ifft_complex64_n65536_b1,1.01438959828,1.00485729636,0.00254674814641,7,20,ok,
old,ifft,complex64,65536,2,ifft_complex64_n65536_b2,1.67154846713,1.66453339625,0.00679273313532,7,15,ok,
old,ifft,complex64,65536,4,ifft_complex64_n65536_b4,0.95373903501,0.947362140453,0.00637689455678,7,28,ok,
old,ifft,complex64,65536,8,ifft_complex64_n65536_b8,1.80265593032,1.79196600026,0.0100708023335,7,15,ok,
old,ifft,complex64,65536,16,ifft_complex64_n65536_b16,3.51260456124,3.4846767251,0.0105981515454,7,7,ok,
old,ifft,complex64,65536,32,ifft_complex64_n65536_b32,6.6929392051,6.66572640184,0.0130424043164,7,5,ok,
old,ifft,complex64,65536,64,ifft_complex64_n65536_b64,17.258645501,16.9981794897,0.0254425103776,7,2,ok,
old,ifft,complex64,65536,256,ifft_complex64_n65536_b256,66.0025499528,65.2813439956,0.213499064557,7,1,ok,
old,ifft,complex128,2048,1,ifft_complex128_n2048_b1,0.021006339852,0.0207896232635,0.000166315690355,9,621,ok,
old,ifft,complex128,2048,2,ifft_complex128_n2048_b2,0.0238392833899,0.0234415338514,9.56094288451e-05,9,635,ok,
old,ifft,complex128,2048,4,ifft_complex128_n2048_b4,0.0403913704213,0.0398684904212,0.00029354414437,9,200,ok,
old,ifft,complex128,2048,8,ifft_complex128_n2048_b8,0.0729830248747,0.0719422299881,0.000751954503357,9,200,ok,
old,ifft,complex128,2048,16,ifft_complex128_n2048_b16,0.137730651639,0.135106496789,0.00232738546199,9,135,ok,
old,ifft,complex128,2048,32,ifft_complex128_n2048_b32,0.257516478215,0.252338773964,0.00248716908022,9,71,ok,
old,ifft,complex128,2048,64,ifft_complex128_n2048_b64,0.505344600727,0.502153967197,0.0026222357216,9,30,ok,
old,ifft,complex128,2048,256,ifft_complex128_n2048_b256,2.16025612463,2.1390453112,0.0132716231747,7,16,ok,
old,ifft,complex128,3072,1,ifft_complex128_n3072_b1,0.0241227486436,0.0238085468941,0.000240025751361,9,545,ok,
old,ifft,complex128,3072,2,ifft_complex128_n3072_b2,0.0303778750822,0.0300968450028,0.000198674970306,9,200,ok,
old,ifft,complex128,3072,4,ifft_complex128_n3072_b4,0.0521586899413,0.0514792697504,9.65804792941e-05,9,200,ok,
old,ifft,complex128,3072,8,ifft_complex128_n3072_b8,0.0946854951326,0.0939668552019,0.000187604455277,9,200,ok,
old,ifft,complex128,3072,16,ifft_complex128_n3072_b16,0.190335954324,0.187883315246,0.00117033185368,9,108,ok,
old,ifft,complex128,3072,32,ifft_complex128_n3072_b32,0.349618133623,0.34451429965,0.00242689857259,9,30,ok,
old,ifft,complex128,3072,64,ifft_complex128_n3072_b64,0.690091533276,0.684079000105,0.00404823028172,9,30,ok,
old,ifft,complex128,3072,256,ifft_complex128_n3072_b256,3.01142799435,2.97380670672,0.0234347884543,7,10,ok,
old,ifft,complex128,3584,1,ifft_complex128_n3584_b1,0.0274045169906,0.0271265189286,0.000162911157408,9,472,ok,
old,ifft,complex128,3584,2,ifft_complex128_n3584_b2,0.0335128250299,0.0333099003183,4.54351538792e-05,9,200,ok,
old,ifft,complex128,3584,4,ifft_complex128_n3584_b4,0.0575253152056,0.0568941800157,0.000413524685428,9,200,ok,
old,ifft,complex128,3584,8,ifft_complex128_n3584_b8,0.104198382231,0.102569052282,0.00035684282711,9,191,ok,
old,ifft,complex128,3584,16,ifft_complex128_n3584_b16,0.198524928595,0.1960562829,0.000679555038611,9,99,ok,
old,ifft,complex128,3584,32,ifft_complex128_n3584_b32,0.39116673482,0.385363566844,0.0019683308589,9,30,ok,
old,ifft,complex128,3584,64,ifft_complex128_n3584_b64,0.769478769507,0.76400989977,0.00487943567956,9,30,ok,
old,ifft,complex128,3584,256,ifft_complex128_n3584_b256,3.31950377828,3.25581710786,0.0196645657221,7,9,ok,
old,ifft,complex128,4095,1,ifft_complex128_n4095_b1,0.0403831535868,0.0401356804444,0.000168985794657,9,338,ok,
old,ifft,complex128,4095,2,ifft_complex128_n4095_b2,0.0518434547121,0.0516639149282,3.52197093889e-05,9,200,ok,
old,ifft,complex128,4095,4,ifft_complex128_n4095_b4,0.0933506840849,0.0929172247012,0.000139954975065,9,196,ok,
old,ifft,complex128,4095,8,ifft_complex128_n4095_b8,0.180306045238,0.178165378276,0.000781188760926,9,111,ok,
old,ifft,complex128,4095,16,ifft_complex128_n4095_b16,0.351595762186,0.348728979853,0.0015856930986,9,55,ok,
old,ifft,complex128,4095,32,ifft_complex128_n4095_b32,0.703019031789,0.693747700037,0.00257982950037,9,30,ok,
old,ifft,complex128,4095,64,ifft_complex128_n4095_b64,1.37248985647,1.36855919291,0.00366019195921,9,21,ok,
old,ifft,complex128,4095,256,ifft_complex128_n4095_b256,5.84080000408,5.7304559974,0.0645966036245,7,5,ok,
old,ifft,complex128,4096,1,ifft_complex128_n4096_b1,0.0362993916497,0.0355674109111,0.000199483474717,9,360,ok,
old,ifft,complex128,4096,2,ifft_complex128_n4096_b2,0.0450783700217,0.0445861049229,0.000162405194715,9,200,ok,
old,ifft,complex128,4096,4,ifft_complex128_n4096_b4,0.0804861297365,0.0794326199684,0.0007640698459,9,200,ok,
old,ifft,complex128,4096,8,ifft_complex128_n4096_b8,0.151509079028,0.150807446947,0.000434632008699,9,152,ok,
old,ifft,complex128,4096,16,ifft_complex128_n4096_b16,0.289646706854,0.286872852594,0.00113156003257,9,75,ok,
old,ifft,complex128,4096,32,ifft_complex128_n4096_b32,0.565084799503,0.562585467317,0.00249933218583,9,30,ok,
old,ifft,complex128,4096,64,ifft_complex128_n4096_b64,1.12282786674,1.11546949872,0.00223449897021,9,30,ok,
old,ifft,complex128,4096,256,ifft_complex128_n4096_b256,4.77917800059,4.6989082891,0.0137930037454,7,7,ok,
old,ifft,complex128,4097,1,ifft_complex128_n4097_b1,0.185440217219,0.185098979705,0.000341237513441,7,101,ok,
old,ifft,complex128,4097,2,ifft_complex128_n4097_b2,0.21166828412,0.210124031199,0.000854232348502,7,95,ok,
old,ifft,complex128,4097,4,ifft_complex128_n4097_b4,0.348319683485,0.345594245581,0.00204891170653,7,57,ok,
old,ifft,complex128,4097,8,ifft_complex128_n4097_b8,0.624082066239,0.621977483764,0.00203832338053,7,31,ok,
old,ifft,complex128,4097,16,ifft_complex128_n4097_b16,1.18155186773,1.17980595678,0.00174591095065,7,23,ok,
old,ifft,complex128,4097,32,ifft_complex128_n4097_b32,2.38875723265,2.30128699555,0.040756072849,7,13,ok,
old,ifft,complex128,4097,64,ifft_complex128_n4097_b64,4.52656867371,4.46958566317,0.056983010533,7,6,ok,
old,ifft,complex128,4097,256,ifft_complex128_n4097_b256,18.4011540259,18.0700105266,0.122869503684,7,2,ok,
old,ifft,complex128,4608,1,ifft_complex128_n4608_b1,0.034922810155,0.0347789400257,0.00014387012925,7,200,ok,
old,ifft,complex128,4608,2,ifft_complex128_n4608_b2,0.0419748754939,0.0411514902953,0.00048405083362,7,200,ok,
old,ifft,complex128,4608,4,ifft_complex128_n4608_b4,0.0726490496891,0.072002595407,0.000646454282105,7,200,ok,
old,ifft,complex128,4608,8,ifft_complex128_n4608_b8,0.135988882614,0.135279144963,0.000247986312827,7,145,ok,
old,ifft,complex128,4608,16,ifft_complex128_n4608_b16,0.25826190055,0.257065965949,0.000223734726508,7,30,ok,
old,ifft,complex128,4608,32,ifft_complex128_n4608_b32,0.508651432271,0.505864899606,0.00278653266529,7,30,ok,
old,ifft,complex128,4608,64,ifft_complex128_n4608_b64,1.05663085886,1.03136162065,0.00881476343834,7,29,ok,
old,ifft,complex128,4608,256,ifft_complex128_n4608_b256,4.51084279921,4.4347547926,0.0189255923033,7,5,ok,
old,ifft,complex128,8192,1,ifft_complex128_n8192_b1,0.0737753498834,0.0732565851649,0.000177774345502,7,200,ok,
old,ifft,complex128,8192,2,ifft_complex128_n8192_b2,0.0828607694712,0.0826178654097,8.73144017532e-05,7,200,ok,
old,ifft,complex128,8192,4,ifft_complex128_n8192_b4,0.151721814958,0.14895865159,0.00147675508978,7,135,ok,
old,ifft,complex128,8192,8,ifft_complex128_n8192_b8,0.28993253976,0.287755841304,0.00107147436785,7,76,ok,
old,ifft,complex128,8192,16,ifft_complex128_n8192_b16,0.584182799018,0.576380531614,0.00296689880391,7,30,ok,
old,ifft,complex128,8192,32,ifft_complex128_n8192_b32,1.14139640238,1.11685744021,0.00546019524336,7,25,ok,
old,ifft,complex128,8192,64,ifft_complex128_n8192_b64,2.20376792221,2.17641376926,0.00771907910418,7,13,ok,
old,ifft,complex128,8192,256,ifft_complex128_n8192_b256,11.8969539957,11.6280719715,0.115502315263,7,3,ok,
old,ifft,complex128,16384,1,ifft_complex128_n16384_b1,0.153991078415,0.152921126275,0.000669755679592,7,127,ok,
old,ifft,complex128,16384,2,ifft_complex128_n16384_b2,0.196173414798,0.187675387867,0.00101486472665,7,111,ok,
old,ifft,complex128,16384,4,ifft_complex128_n16384_b4,0.35782741933,0.349870199253,0.00205292705108,7,55,ok,
old,ifft,complex128,16384,8,ifft_complex128_n16384_b8,0.62320533519,0.614068265228,0.00913706996168,7,30,ok,
old,ifft,complex128,16384,16,ifft_complex128_n16384_b16,1.38328135363,1.37069689808,0.0125844555441,7,20,ok,
old,ifft,complex128,16384,32,ifft_complex128_n16384_b32,2.91943319608,2.80330039095,0.0241721048951,7,10,ok,
old,ifft,complex128,16384,64,ifft_complex128_n16384_b64,5.78740620986,5.76802399009,0.0193822197616,7,5,ok,
old,ifft,complex128,16384,256,ifft_complex128_n16384_b256,27.214915026,26.7582030501,0.164998928085,7,1,ok,
old,ifft,complex128,32768,1,ifft_complex128_n32768_b1,0.272977202258,0.272327548373,0.000649653884466,7,64,ok,
old,ifft,complex128,32768,2,ifft_complex128_n32768_b2,0.713779549715,0.656966679549,0.0321703865343,7,31,ok,
old,ifft,complex128,32768,4,ifft_complex128_n32768_b4,1.00158336467,0.946571092672,0.0241177304733,7,22,ok,
old,ifft,complex128,32768,8,ifft_complex128_n32768_b8,1.51078164345,1.49972314414,0.0103550680381,7,14,ok,
old,ifft,complex128,32768,16,ifft_complex128_n32768_b16,2.40162046304,2.36343384649,0.0110930010963,7,13,ok,
old,ifft,complex128,32768,32,ifft_complex128_n32768_b32,5.33895733921,5.26548516549,0.0156660098583,7,6,ok,
old,ifft,complex128,32768,64,ifft_complex128_n32768_b64,12.4969976799,12.4292680218,0.058769985723,7,3,ok,
old,ifft,complex128,32768,256,ifft_complex128_n32768_b256,46.7046870617,46.1813899456,0.292325043119,7,1,ok,
old,ifft,complex128,65536,1,ifft_complex128_n65536_b1,1.1181703303,1.10460920647,0.0078813318396,7,24,ok,
old,ifft,complex128,65536,2,ifft_complex128_n65536_b2,0.882802034418,0.873875365748,0.00423253513873,7,30,ok,
old,ifft,complex128,65536,4,ifft_complex128_n65536_b4,1.55430666766,1.4907073346,0.0450318329968,7,18,ok,
old,ifft,complex128,65536,8,ifft_complex128_n65536_b8,3.18561255052,3.12192144338,0.00737589370045,7,9,ok,
old,ifft,complex128,65536,16,ifft_complex128_n65536_b16,6.55301781371,6.36723700445,0.0770659884438,7,5,ok,
old,ifft,complex128,65536,32,ifft_complex128_n65536_b32,15.0131180417,14.9069040199,0.0455094850622,7,2,ok,
old,ifft,complex128,65536,64,ifft_complex128_n65536_b64,26.2391240103,26.1269239709,0.112200039439,7,1,ok,
old,ifft,complex128,65536,256,ifft_complex128_n65536_b256,103.975072969,100.051776972,1.26673502382,7,1,ok,
c222,fft,complex64,2048,1,fft_complex64_n2048_b1,0.0211059205169,0.0208822287016,8.44205108782e-05,9,516,ok,
c222,fft,complex64,2048,2,fft_complex64_n2048_b2,0.112238218687,0.110728487001,0.000587202201547,9,421,ok,
c222,fft,complex64,2048,4,fft_complex64_n2048_b4,0.16824195668,0.166636053269,0.00084764140315,9,114,ok,
c222,fft,complex64,2048,8,fft_complex64_n2048_b8,0.316352603794,0.311703127365,0.00245758657536,9,63,ok,
c222,fft,complex64,2048,16,fft_complex64_n2048_b16,0.584113000271,0.58111003212,0.00223350167895,9,30,ok,
c222,fft,complex64,2048,32,fft_complex64_n2048_b32,1.12770288898,1.1112338333,0.0121799465786,9,18,ok,
c222,fft,complex64,2048,64,fft_complex64_n2048_b64,2.19007553712,2.17103684106,0.00661777224965,9,13,ok,
c222,fft,complex64,2048,256,fft_complex64_n2048_b256,4.65035720263,4.57123741508,0.0756812049076,7,5,ok,
c222,fft,complex64,3072,1,fft_complex64_n3072_b1,0.0297224890354,0.0294387521865,0.000127650688163,9,452,ok,
c222,fft,complex64,3072,2,fft_complex64_n3072_b2,0.0475512398407,0.0473473547027,0.000115064904094,9,200,ok,
c222,fft,complex64,3072,4,fft_complex64_n3072_b4,0.0795796897728,0.0786987954052,0.000203835661523,9,200,ok,
c222,fft,complex64,3072,8,fft_complex64_n3072_b8,0.144418164356,0.143375642697,0.000746400162045,9,140,ok,
c222,fft,complex64,3072,16,fft_complex64_n3072_b16,0.264918581092,0.263398986725,0.00151959436669,9,74,ok,
c222,fft,complex64,3072,32,fft_complex64_n3072_b32,0.518821067332,0.512208397655,0.00219513118888,9,30,ok,
c222,fft,complex64,3072,64,fft_complex64_n3072_b64,1.01762906914,1.00112285665,0.0124922537777,9,28,ok,
c222,fft,complex64,3072,256,fft_complex64_n3072_b256,6.8163977412,6.62938851747,0.138110481203,7,4,ok,
c222,fft,complex64,3584,1,fft_complex64_n3584_b1,0.0332758186548,0.0327902897388,0.000288604134047,9,331,ok,
c222,fft,complex64,3584,2,fft_complex64_n3584_b2,0.0527988345129,0.0525972101605,0.000139909680001,9,200,ok,
c222,fft,complex64,3584,4,fft_complex64_n3584_b4,0.0895108905388,0.0887247151695,0.000439169816673,9,200,ok,
c222,fft,complex64,3584,8,fft_complex64_n3584_b8,0.160637441635,0.159559849999,0.000412349860805,9,120,ok,
c222,fft,complex64,3584,16,fft_complex64_n3584_b16,0.301915869789,0.300005082133,0.0016816555843,9,61,ok,
c222,fft,complex64,3584,32,fft_complex64_n3584_b32,0.588671199512,0.581481734601,0.00716936774552,9,30,ok,
c222,fft,complex64,3584,64,fft_complex64_n3584_b64,1.16931136232,1.16037387867,0.00345643609762,9,25,ok,
c222,fft,complex64,3584,256,fft_complex64_n3584_b256,7.75492334894,7.5778796648,0.177043684137,7,3,ok,
c222,fft,complex64,4095,1,fft_complex64_n4095_b1,0.043979717008,0.0438232619088,0.00014119384323,9,279,ok,
c222,fft,complex64,4095,2,fft_complex64_n4095_b2,0.0748694950016,0.0742834998528,0.000424640020356,9,200,ok,
c222,fft,complex64,4095,4,fft_complex64_n4095_b4,0.136214544483,0.134978861676,0.00123568280632,9,145,ok,
c222,fft,complex64,4095,8,fft_complex64_n4095_b8,0.258360356284,0.255633343317,0.000702944418339,9,73,ok,
c222,fft,complex64,4095,16,fft_complex64_n4095_b16,0.5119991838,0.507086818719,0.00367160445373,9,38,ok,
c222,fft,complex64,4095,32,fft_complex64_n4095_b32,0.998477464936,0.987531272515,0.00599080857892,9,26,ok,
c222,fft,complex64,4095,64,fft_complex64_n4095_b64,2.01044749701,1.97284586362,0.0128197134472,9,14,ok,
c222,fft,complex64,4095,256,fft_complex64_n4095_b256,11.9584135246,11.808394047,0.150019477587,7,2,ok,
c222,fft,complex64,4096,1,fft_complex64_n4096_b1,0.0393448411046,0.0389064067622,0.000259137302295,9,327,ok,
c222,fft,complex64,4096,2,fft_complex64_n4096_b2,0.0606864102883,0.0600644544465,0.000271359458566,9,200,ok,
c222,fft,complex64,4096,4,fft_complex64_n4096_b4,0.101554211704,0.0996931087581,0.000620020203024,9,194,ok,
c222,fft,complex64,4096,8,fft_complex64_n4096_b8,0.183959811144,0.180199113016,0.00143674518562,9,106,ok,
c222,fft,complex64,4096,16,fft_complex64_n4096_b16,0.344574106358,0.342860553896,0.00122014067269,9,56,ok,
c222,fft,complex64,4096,32,fft_complex64_n4096_b32,0.685578134532,0.675552066726,0.00685609799499,9,30,ok,
c222,fft,complex64,4096,64,fft_complex64_n4096_b64,1.33540527366,1.32476000263,0.00710959482769,9,22,ok,
c222,fft,complex64,4096,256,fft_complex64_n4096_b256,10.3546245373,10.1066560019,0.0835109385662,7,2,ok,
c222,fft,complex64,4097,1,fft_complex64_n4097_b1,0.118014717606,0.117191833665,0.000330231462916,7,156,ok,
c222,fft,complex64,4097,2,fft_complex64_n4097_b2,0.193579597687,0.192628545715,0.00095105197127,7,97,ok,
c222,fft,complex64,4097,4,fft_complex64_n4097_b4,0.368391831388,0.366611529212,0.00175288526939,7,53,ok,
c222,fft,complex64,4097,8,fft_complex64_n4097_b8,0.731065778786,0.728441260031,0.00135066781055,7,27,ok,
c222,fft,complex64,4097,16,fft_complex64_n4097_b16,1.44005990005,1.42751099775,0.010232150089,7,20,ok,
c222,fft,complex64,4097,32,fft_complex64_n4097_b32,2.8647670988,2.84103380982,0.0218817964196,7,10,ok,
c222,fft,complex64,4097,64,fft_complex64_n4097_b64,5.66621778999,5.64966320526,0.0053817871958,7,5,ok,
c222,fft,complex64,4097,256,fft_complex64_n4097_b256,27.7383440407,26.8160009291,0.243372982368,7,1,ok,
c222,fft,complex64,4608,1,fft_complex64_n4608_b1,0.0437368650455,0.0433799001621,0.00020373496227,7,200,ok,
c222,fft,complex64,4608,2,fft_complex64_n4608_b2,0.0744959997246,0.0737659353763,0.000680919620208,7,200,ok,
c222,fft,complex64,4608,4,fft_complex64_n4608_b4,0.126669054998,0.124730088442,0.000677773990503,7,146,ok,
c222,fft,complex64,4608,8,fft_complex64_n4608_b8,0.231646764202,0.230485306341,0.000300565186669,7,85,ok,
c222,fft,complex64,4608,16,fft_complex64_n4608_b16,0.437678563564,0.433625668908,0.00174826321503,7,30,ok,
c222,fft,complex64,4608,32,fft_complex64_n4608_b32,0.855201498295,0.851763400715,0.00326106868063,7,30,ok,
c222,fft,complex64,4608,64,fft_complex64_n4608_b64,1.74898335108,1.6926711165,0.0250107636127,7,17,ok,
c222,fft,complex64,4608,256,fft_complex64_n4608_b256,11.161878317,10.8550553365,0.149939985325,7,3,ok,
c222,fft,complex64,8192,1,fft_complex64_n8192_b1,0.0830222200602,0.082778314827,6.08147820458e-05,7,200,ok,
c222,fft,complex64,8192,2,fft_complex64_n8192_b2,0.130816499893,0.129610361335,0.00011205281082,7,152,ok,
c222,fft,complex64,8192,4,fft_complex64_n8192_b4,0.233854750626,0.231256571299,0.00153333392172,7,84,ok,
c222,fft,complex64,8192,8,fft_complex64_n8192_b8,0.466730342437,0.464927884009,0.000630706464025,7,44,ok,
c222,fft,complex64,8192,16,fft_complex64_n8192_b16,0.914269130832,0.89791326706,0.0163558637723,7,30,ok,
c222,fft,complex64,8192,32,fft_complex64_n8192_b32,1.85519718798,1.81354625238,0.022755622922,7,16,ok,
c222,fft,complex64,8192,64,fft_complex64_n8192_b64,3.84821037005,3.80176999897,0.0241312518483,7,8,ok,
c222,fft,complex64,8192,256,fft_complex64_n8192_b256,19.4519454963,19.2325364915,0.196752953343,7,2,ok,
c222,fft,complex64,16384,1,fft_complex64_n16384_b1,0.196182526844,0.193991378489,0.00146262004579,7,95,ok,
c222,fft,complex64,16384,2,fft_complex64_n16384_b2,0.389238519487,0.386771231066,0.00173073091831,7,52,ok,
c222,fft,complex64,16384,4,fft_complex64_n16384_b4,0.76531711518,0.750846999626,0.00298207697387,7,26,ok,
c222,fft,complex64,16384,8,fft_complex64_n16384_b8,1.5207835997,1.51216755039,0.00861604930833,7,20,ok,
c222,fft,complex64,16384,16,fft_complex64_n16384_b16,3.03159500214,2.98909232434,0.0299915619608,7,9,ok,
c222,fft,complex64,16384,32,fft_complex64_n16384_b32,6.06146801147,5.92460000189,0.0747972808313,7,4,ok,
c222,fft,complex64,16384,64,fft_complex64_n16384_b64,14.7590979468,13.7541219592,1.0049759876,7,1,ok,
c222,fft,complex64,16384,256,fft_complex64_n16384_b256,62.8758230014,62.4371230369,0.399776967242,7,1,ok,
c222,fft,complex64,32768,1,fft_complex64_n32768_b1,0.456109134988,0.449800112454,0.00260488807478,7,44,ok,
c222,fft,complex64,32768,2,fft_complex64_n32768_b2,0.907162426128,0.89783785266,0.00477890439686,7,21,ok,
c222,fft,complex64,32768,4,fft_complex64_n32768_b4,1.737797174,1.73675405848,0.000538639998173,7,17,ok,
c222,fft,complex64,32768,8,fft_complex64_n32768_b8,3.50957311457,3.48399524228,0.0048602669267,7,8,ok,
c222,fft,complex64,32768,16,fft_complex64_n32768_b16,7.19505699817,6.96171398158,0.0600097409915,7,4,ok,
c222,fft,complex64,32768,32,fft_complex64_n32768_b32,17.1962790191,16.6023799684,0.593899050727,7,1,ok,
c222,fft,complex64,32768,64,fft_complex64_n32768_b64,35.7419080101,35.1329098921,0.480827991851,7,1,ok,
c222,fft,complex64,32768,256,fft_complex64_n32768_b256,139.149592025,137.80190493,0.834899023175,7,1,ok,
c222,fft,complex64,65536,1,fft_complex64_n65536_b1,0.965575949522,0.959017651621,0.00655829790048,7,20,ok,
c222,fft,complex64,65536,2,fft_complex64_n65536_b2,1.89895137737,1.88085449918,0.0173330045072,7,16,ok,
c222,fft,complex64,65536,4,fft_complex64_n65536_b4,3.7877825754,3.75944257913,0.0190727213132,7,7,ok,
c222,fft,complex64,65536,8,fft_complex64_n65536_b8,8.0557516776,7.65629267941,0.19205835027,7,3,ok,
c222,fft,complex64,65536,16,fft_complex64_n65536_b16,19.4776590215,19.037186983,0.440472038463,7,1,ok,
c222,fft,complex64,65536,32,fft_complex64_n65536_b32,39.3537220079,38.8932219939,0.460500014015,7,1,ok,
c222,fft,complex64,65536,64,fft_complex64_n65536_b64,78.0011540046,77.2046269849,0.376402982511,7,1,ok,
c222,fft,complex64,65536,256,fft_complex64_n65536_b256,299.906708067,298.340744921,1.56596314628,7,1,ok,
c222,fft,complex128,2048,1,fft_complex128_n2048_b1,0.0194232014208,0.0193106461538,8.89052191648e-05,9,571,ok,
c222,fft,complex128,2048,2,fft_complex128_n2048_b2,0.0294819812043,0.0292544782022,0.000119743244586,9,479,ok,
c222,fft,complex128,2048,4,fft_complex128_n2048_b4,0.047536760103,0.0468376552453,0.000380909768865,9,200,ok,
c222,fft,complex128,2048,8,fft_complex128_n2048_b8,0.083159225178,0.0822471699212,0.000539704924449,9,200,ok,
c222,fft,complex128,2048,16,fft_complex128_n2048_b16,0.15417477495,0.152177558201,0.000590557781185,9,129,ok,
c222,fft,complex128,2048,32,fft_complex128_n2048_b32,0.29111680787,0.289074177785,0.000762162552051,9,68,ok,
c222,fft,complex128,2048,64,fft_complex128_n2048_b64,0.56808173346,0.566811002015,0.000425800681114,9,30,ok,
c222,fft,complex128,2048,256,fft_complex128_n2048_b256,2.30767430129,2.2820356893,0.00527216336475,7,13,ok,
c222,fft,complex128,3072,1,fft_complex128_n3072_b1,0.0269183931687,0.0268733644332,4.50287355494e-05,9,524,ok,
c222,fft,complex128,3072,2,fft_complex128_n3072_b2,0.0423308898462,0.0421270099469,4.10800566897e-05,9,200,ok,
c222,fft,complex128,3072,4,fft_complex128_n3072_b4,0.0704582105391,0.0702776748221,0.000144270597957,9,200,ok,
c222,fft,complex128,3072,8,fft_complex128_n3072_b8,0.129877478353,0.129369044319,0.000121609348827,9,159,ok,
c222,fft,complex128,3072,16,fft_complex128_n3072_b16,0.236506368743,0.235413499121,0.000244380706655,9,84,ok,
c222,fft,complex128,3072,32,fft_complex128_n3072_b32,0.460897269659,0.455832136019,0.00218006704624,9,30,ok,
c222,fft,complex128,3072,64,fft_complex128_n3072_b64,0.89933060032,0.897891202476,0.00143939784418,9,30,ok,
c222,fft,complex128,3072,256,fft_complex128_n3072_b256,3.8145812827,3.78884029176,0.0213912821242,7,7,ok,
c222,fft,complex128,3584,1,fft_complex128_n3584_b1,0.0304515218182,0.0302912814193,0.000124955973165,9,341,ok,
c222,fft,complex128,3584,2,fft_complex128_n3584_b2,0.0475039501907,0.0473641400458,8.94704135135e-05,9,200,ok,
c222,fft,complex128,3584,4,fft_complex128_n3584_b4,0.079907705076,0.0797423446784,6.84801489115e-05,9,200,ok,
c222,fft,complex128,3584,8,fft_complex128_n3584_b8,0.143415071735,0.142963657189,6.38995386128e-05,9,140,ok,
c222,fft,complex128,3584,16,fft_complex128_n3584_b16,0.26816564408,0.266544683517,0.000453711972151,9,73,ok,
c222,fft,complex128,3584,32,fft_complex128_n3584_b32,0.518763302049,0.517067499459,0.000974132368962,9,30,ok,
c222,fft,complex128,3584,64,fft_complex128_n3584_b64,1.02195999768,1.01875650164,0.00153896897765,9,28,ok,
c222,fft,complex128,3584,256,fft_complex128_n3584_b256,4.35282043847,4.29733541595,0.0151968561113,7,7,ok,
c222,fft,complex128,4095,1,fft_complex128_n4095_b1,0.0408512909098,0.0407133798615,0.000137911048284,9,337,ok,
c222,fft,complex128,4095,2,fft_complex128_n4095_b2,0.0688436446944,0.068432824919,6.87805004418e-05,9,200,ok,
c222,fft,complex128,4095,4,fft_complex128_n4095_b4,0.123684068967,0.12297255671,0.000141512282426,9,160,ok,
c222,fft,complex128,4095,8,fft_complex128_n4095_b8,0.235474441156,0.234839215409,0.000188559559839,9,84,ok,
c222,fft,complex128,4095,16,fft_complex128_n4095_b16,0.460384045403,0.457970466097,0.000256768882621,9,43,ok,
c222,fft,complex128,4095,32,fft_complex128_n4095_b32,0.907291433153,0.901568735329,0.00290306440244,9,30,ok,
c222,fft,complex128,4095,64,fft_complex128_n4095_b64,1.81500775216,1.80799711961,0.00209081190405,9,16,ok,
c222,fft,complex128,4095,256,fft_complex128_n4095_b256,7.64870531081,7.61245400645,0.0212229788303,7,3,ok,
c222,fft,complex128,4096,1,fft_complex128_n4096_b1,0.0360401409965,0.0358344998975,0.000158374388822,9,390,ok,
c222,fft,complex128,4096,2,fft_complex128_n4096_b2,0.0550055049825,0.0546894146828,0.00011557014659,9,200,ok,
c222,fft,complex128,4096,4,fft_complex128_n4096_b4,0.0909224199131,0.0904834503308,9.17201396078e-05,9,200,ok,
c222,fft,complex128,4096,8,fft_complex128_n4096_b8,0.163506586024,0.163151190118,0.000292801595261,9,116,ok,
c222,fft,complex128,4096,16,fft_complex128_n4096_b16,0.310586763561,0.309464348007,0.000598252795282,9,63,ok,
c222,fft,complex128,4096,32,fft_complex128_n4096_b32,0.612682333061,0.610615798117,0.00138023169711,9,30,ok,
c222,fft,complex128,4096,64,fft_complex128_n4096_b64,1.20083613159,1.19818290999,0.00136647798607,9,23,ok,
c222,fft,complex128,4096,256,fft_complex128_n4096_b256,5.28795379214,5.2323817974,0.0302226049826,7,5,ok,
c222,fft,complex128,4097,1,fft_complex128_n4097_b1,0.117130367588,0.116540184045,0.000559582026458,7,163,ok,
c222,fft,complex128,4097,2,fft_complex128_n4097_b2,0.192167358337,0.190179077321,0.000748387763946,7,103,ok,
c222,fft,complex128,4097,4,fft_complex128_n4097_b4,0.368865980784,0.367814390403,0.000439890384398,7,54,ok,
c222,fft,complex128,4097,8,fft_complex128_n4097_b8,0.707857784749,0.705662607548,0.00063403526188,7,28,ok,
c222,fft,complex128,4097,16,fft_complex128_n4097_b16,1.40737361896,1.40628962046,0.000992285398145,7,21,ok,
c222,fft,complex128,4097,32,fft_complex128_n4097_b32,2.79685830465,2.79097539606,0.0046908040531,7,10,ok,
c222,fft,complex128,4097,64,fft_complex128_n4097_b64,5.55272200145,5.5086018052,0.0441201962531,7,5,ok,
c222,fft,complex128,4097,256,fft_complex128_n4097_b256,22.6269400446,22.2589318873,0.258170883171,7,1,ok,
c222,fft,complex128,4608,1,fft_complex128_n4608_b1,0.0402645301074,0.0397482694825,0.000117914751172,7,200,ok,
c222,fft,complex128,4608,2,fft_complex128_n4608_b2,0.0661109405337,0.0657161552226,0.000354260555468,7,200,ok,
c222,fft,complex128,4608,4,fft_complex128_n4608_b4,0.111958137048,0.110912177313,0.000332971103489,7,175,ok,
c222,fft,complex128,4608,8,fft_complex128_n4608_b8,0.207080136936,0.204984852309,0.00140146401368,7,95,ok,
c222,fft,complex128,4608,16,fft_complex128_n4608_b16,0.394318966816,0.38982089997,0.00274416912968,7,30,ok,
c222,fft,complex128,4608,32,fft_complex128_n4608_b32,0.774924596772,0.770879366125,0.00269536006575,7,30,ok,
c222,fft,complex128,4608,64,fft_complex128_n4608_b64,1.51060431534,1.49812994794,0.00524710814812,7,19,ok,
c222,fft,complex128,4608,256,fft_complex128_n4608_b256,6.66004559025,6.53150759172,0.0856340164319,7,5,ok,
c222,fft,complex128,8192,1,fft_complex128_n8192_b1,0.0731761852512,0.0721155048814,0.00102626509033,7,200,ok,
c222,fft,complex128,8192,2,fft_complex128_n8192_b2,0.124978637923,0.124711454046,0.000267183876659,7,163,ok,
c222,fft,complex128,8192,4,fft_complex128_n8192_b4,0.207646536486,0.207625666267,2.08702182309e-05,7,84,ok,
c222,fft,complex128,8192,8,fft_complex128_n8192_b8,0.390872838907,0.387493139133,0.00170818064362,7,50,ok,
c222,fft,complex128,8192,16,fft_complex128_n8192_b16,0.760546431411,0.75031396312,0.0102324682909,7,30,ok,
c222,fft,complex128,8192,32,fft_complex128_n8192_b32,1.52473752754,1.48867073738,0.035147213279,7,19,ok,
c222,fft,complex128,8192,64,fft_complex128_n8192_b64,3.122286906,3.07890198892,0.0113802030683,7,10,ok,
c222,fft,complex128,8192,256,fft_complex128_n8192_b256,14.6950535127,14.6129910136,0.06911897799,7,2,ok,
c222,fft,complex128,16384,1,fft_complex128_n16384_b1,0.188439690806,0.186892052315,0.00126721678282,7,97,ok,
c222,fft,complex128,16384,2,fft_complex128_n16384_b2,0.368954563005,0.362714892253,0.00129767312584,7,55,ok,
c222,fft,complex128,16384,4,fft_complex128_n16384_b4,0.7168136287,0.707144443705,0.00473922463479,7,27,ok,
c222,fft,complex128,16384,8,fft_complex128_n16384_b8,1.43476499943,1.39976264909,0.0350023503415,7,20,ok,
c222,fft,complex128,16384,16,fft_complex128_n16384_b16,2.81410850585,2.80004930682,0.0140591990203,7,10,ok,
c222,fft,complex128,16384,32,fft_complex128_n16384_b32,5.72994898539,5.65415539313,0.0647770240903,7,5,ok,
c222,fft,complex128,16384,64,fft_complex128_n16384_b64,12.0201439713,11.7956449976,0.0704109552316,7,2,ok,
c222,fft,complex128,16384,256,fft_complex128_n16384_b256,50.297786016,49.8769000405,0.238866079599,7,1,ok,
c222,fft,complex128,32768,1,fft_complex128_n32768_b1,0.426383466563,0.423459354271,0.00126193432758,7,45,ok,
c222,fft,complex128,32768,2,fft_complex128_n32768_b2,0.844444603781,0.838428568702,0.000991863603501,7,23,ok,
c222,fft,complex128,32768,4,fft_complex128_n32768_b4,1.6670777477,1.65455374372,0.00495799758937,7,16,ok,
c222,fft,complex128,32768,8,fft_complex128_n32768_b8,3.34303086856,3.3235996234,0.011158248526,7,8,ok,
c222,fft,complex128,32768,16,fft_complex128_n32768_b16,6.95387425367,6.8074282608,0.0747622398194,7,4,ok,
c222,fft,complex128,32768,32,fft_complex128_n32768_b32,14.4152009743,14.3373555038,0.0778454705141,7,2,ok,
c222,fft,complex128,32768,64,fft_complex128_n32768_b64,29.908454977,29.6636080602,0.208589015529,7,1,ok,
c222,fft,complex128,32768,256,fft_complex128_n32768_b256,118.238255964,116.147853085,1.61802093498,7,1,ok,
c222,fft,complex128,65536,1,fft_complex128_n65536_b1,0.952144524836,0.940385862209,0.00103766519931,7,21,ok,
c222,fft,complex128,65536,2,fft_complex128_n65536_b2,1.88948740251,1.86129539895,0.0108495975534,7,15,ok,
c222,fft,complex128,65536,4,fft_complex128_n65536_b4,3.74764485085,3.67788313555,0.0166524301416,7,7,ok,
c222,fft,complex128,65536,8,fft_complex128_n65536_b8,7.65807930535,7.60316336527,0.0124366488308,7,3,ok,
c222,fft,complex128,65536,16,fft_complex128_n65536_b16,15.8045099815,15.4852840351,0.238744891249,7,1,ok,
c222,fft,complex128,65536,32,fft_complex128_n65536_b32,33.6048370227,33.218546072,0.309137045406,7,1,ok,
c222,fft,complex128,65536,64,fft_complex128_n65536_b64,66.0919579677,64.6320319502,0.314487027936,7,1,ok,
c222,fft,complex128,65536,256,fft_complex128_n65536_b256,257.007617038,255.916749942,0.453607062809,7,1,ok,
c222,ifft,complex64,2048,1,ifft_complex64_n2048_b1,0.0212456490023,0.0211667586757,6.15451284045e-05,9,510,ok,
c222,ifft,complex64,2048,2,ifft_complex64_n2048_b2,0.0305737778118,0.0304828888954,8.52332622917e-05,9,459,ok,
c222,ifft,complex64,2048,4,ifft_complex64_n2048_b4,0.0484931451501,0.048289715196,0.00011921976693,9,200,ok,
c222,ifft,complex64,2048,8,ifft_complex64_n2048_b8,0.083970889682,0.0836888648337,0.000198064371943,9,200,ok,
c222,ifft,complex64,2048,16,ifft_complex64_n2048_b16,0.154030433623,0.153218174819,0.000482059355515,9,120,ok,
c222,ifft,complex64,2048,32,ifft_complex64_n2048_b32,0.293371373607,0.29052934373,0.00109653850434,9,67,ok,
c222,ifft,complex64,2048,64,ifft_complex64_n2048_b64,0.573031635334,0.572060498719,0.000797503162175,9,30,ok,
c222,ifft,complex64,2048,256,ifft_complex64_n2048_b256,2.2473871493,2.24198238888,0.00133476434992,7,13,ok,
c222,ifft,complex64,3072,1,ifft_complex64_n3072_b1,0.0302829219578,0.0301966203251,3.37940295289e-05,9,461,ok,
c222,ifft,complex64,3072,2,ifft_complex64_n3072_b2,0.0454477599123,0.0452334602596,0.000115064904094,9,200,ok,
c222,ifft,complex64,3072,4,ifft_complex64_n3072_b4,0.0711456447607,0.0708034547279,0.000132095301524,9,200,ok,
c222,ifft,complex64,3072,8,ifft_complex64_n3072_b8,0.12681184814,0.126524664067,2.07337161785e-05,9,158,ok,
c222,ifft,complex64,3072,16,ifft_complex64_n3072_b16,0.234996316516,0.234545718002,0.000342645901529,9,85,ok,
c222,ifft,complex64,3072,32,ifft_complex64_n3072_b32,0.454130598033,0.452933068542,0.000784499570727,9,30,ok,
c222,ifft,complex64,3072,64,ifft_complex64_n3072_b64,0.892901568053,0.886311599364,0.00109070291122,9,30,ok,
c222,ifft,complex64,3072,256,ifft_complex64_n3072_b256,3.54757775494,3.53778712451,0.00878388527781,7,8,ok,
c222,ifft,complex64,3584,1,ifft_complex64_n3584_b1,0.0340970741861,0.0339353135155,0.000113866544892,9,405,ok,
c222,ifft,complex64,3584,2,ifft_complex64_n3584_b2,0.0517392053735,0.0514599349117,7.0784590207e-05,9,200,ok,
c222,ifft,complex64,3584,4,ifft_complex64_n3584_b4,0.0818804849405,0.0811058399267,0.000202335068025,9,200,ok,
c222,ifft,complex64,3584,8,ifft_complex64_n3584_b8,0.145068847696,0.144023492939,0.000177355368446,9,138,ok,
c222,ifft,complex64,3584,16,ifft_complex64_n3584_b16,0.27173971247,0.270622835035,0.000380725944287,9,73,ok,
c222,ifft,complex64,3584,32,ifft_complex64_n3584_b32,0.522615830414,0.519888735532,0.000625829367588,9,30,ok,
c222,ifft,complex64,3584,64,ifft_complex64_n3584_b64,1.02605034421,1.02064541364,0.00311268878908,9,29,ok,
c222,ifft,complex64,3584,256,ifft_complex64_n3584_b256,4.06625828639,4.04416413845,0.0089824232938,7,7,ok,
c222,ifft,complex64,4095,1,ifft_complex64_n4095_b1,0.0502283672209,0.0497884946791,0.000437727113339,9,275,ok,
c222,ifft,complex64,4095,2,ifft_complex64_n4095_b2,0.0877737399423,0.0874703255249,8.65600304678e-05,9,200,ok,
c222,ifft,complex64,4095,4,ifft_complex64_n4095_b4,0.106295844245,0.106014021527,0.000116403429939,9,186,ok,
c222,ifft,complex64,4095,8,ifft_complex64_n4095_b8,0.19814037351,0.197739828369,0.000198041277025,9,99,ok,
c222,ifft,complex64,4095,16,ifft_complex64_n4095_b16,0.381804274523,0.380576686368,0.000332961516345,9,51,ok,
c222,ifft,complex64,4095,32,ifft_complex64_n4095_b32,0.749577632329,0.746684866802,0.00186783339207,9,30,ok,
c222,ifft,complex64,4095,64,ifft_complex64_n4095_b64,1.48615199723,1.48319644504,0.00128694227897,9,20,ok,
c222,ifft,complex64,4095,256,ifft_complex64_n4095_b256,5.91628099792,5.90418819338,0.00573280267417,7,5,ok,
c222,ifft,complex64,4096,1,ifft_complex64_n4096_b1,0.0382936369354,0.0378813128918,0.000131160402645,9,361,ok,
c222,ifft,complex64,4096,2,ifft_complex64_n4096_b2,0.0579066749196,0.057629905059,0.000135849695653,9,200,ok,
c222,ifft,complex64,4096,4,ifft_complex64_n4096_b4,0.0925534154521,0.0921833747998,0.000137205352075,9,200,ok,
c222,ifft,complex64,4096,8,ifft_complex64_n4096_b8,0.163527322002,0.162741553215,0.000478248573717,9,121,ok,
c222,ifft,complex64,4096,16,ifft_complex64_n4096_b16,0.306939218717,0.305390078211,0.000989202817436,9,64,ok,
c222,ifft,complex64,4096,32,ifft_complex64_n4096_b32,0.595525632768,0.590583398783,0.00415209991237,9,30,ok,
c222,ifft,complex64,4096,64,ifft_complex64_n4096_b64,1.16378913188,1.16232552302,0.00146360885676,9,23,ok,
c222,ifft,complex64,4096,256,ifft_complex64_n4096_b256,4.62812332747,4.59376249152,0.0125534910088,7,6,ok,
c222,ifft,complex64,4097,1,ifft_complex64_n4097_b1,0.145916218436,0.145148454778,0.000617881812672,7,101,ok,
c222,ifft,complex64,4097,2,ifft_complex64_n4097_b2,0.276018100392,0.274575272176,0.00103192869574,7,70,ok,
c222,ifft,complex64,4097,4,ifft_complex64_n4097_b4,0.222934556818,0.221589318244,0.00134523857427,7,88,ok,
c222,ifft,complex64,4097,8,ifft_complex64_n4097_b8,0.439792286812,0.436528865248,0.00267053126461,7,45,ok,
c222,ifft,complex64,4097,16,ifft_complex64_n4097_b16,0.874716932109,0.869982767229,0.0018570998994,7,30,ok,
c222,ifft,complex64,4097,32,ifft_complex64_n4097_b32,1.72438623165,1.71952782308,0.00485840856152,7,17,ok,
c222,ifft,complex64,4097,64,ifft_complex64_n4097_b64,3.40650812723,3.33673425484,0.0311493640766,7,8,ok,
c222,ifft,complex64,4097,256,ifft_complex64_n4097_b256,13.278046002,13.2434483385,0.0208623241633,7,3,ok,
c222,ifft,complex64,4608,1,ifft_complex64_n4608_b1,0.0431357399793,0.0430577999214,6.02600630373e-05,7,200,ok,
c222,ifft,complex64,4608,2,ifft_complex64_n4608_b2,0.0662141852081,0.0660821399651,0.000121624907479,7,200,ok,
c222,ifft,complex64,4608,4,ifft_complex64_n4608_b4,0.106988675575,0.106823802056,6.20333754181e-05,7,182,ok,
c222,ifft,complex64,4608,8,ifft_complex64_n4608_b8,0.193670650863,0.193222922056,0.000441796146333,7,103,ok,
c222,ifft,complex64,4608,16,ifft_complex64_n4608_b16,0.363088632002,0.361812933503,0.000670932543774,7,30,ok,
c222,ifft,complex64,4608,32,ifft_complex64_n4608_b32,0.70461500048,0.703443800254,0.000916033362349,7,30,ok,
c222,ifft,complex64,4608,64,ifft_complex64_n4608_b64,1.38814385337,1.38562347274,0.000979479712744,7,21,ok,
c222,ifft,complex64,4608,256,ifft_complex64_n4608_b256,5.53405319806,5.52027958911,0.00399940181524,7,5,ok,
c222,ifft,complex64,8192,1,ifft_complex64_n8192_b1,0.0709152099444,0.0708596099867,5.08950324729e-05,7,200,ok,
c222,ifft,complex64,8192,2,ifft_complex64_n8192_b2,0.112696851747,0.112574119571,0.000122732175937,7,176,ok,
c222,ifft,complex64,8192,4,ifft_complex64_n8192_b4,0.192325942827,0.191804385395,0.000247769863703,7,104,ok,
c222,ifft,complex64,8192,8,ifft_complex64_n8192_b8,0.357069870612,0.35597225953,0.000345093819002,7,54,ok,
c222,ifft,complex64,8192,16,ifft_complex64_n8192_b16,0.678572031514,0.677352099835,0.000922032631934,7,30,ok,
c222,ifft,complex64,8192,32,ifft_complex64_n8192_b32,1.32270431442,1.32075659084,0.00102694717829,7,22,ok,
c222,ifft,complex64,8192,64,ifft_complex64_n8192_b64,2.63590445022,2.63211563949,0.00378881073134,7,11,ok,
c222,ifft,complex64,8192,256,ifft_complex64_n8192_b256,11.3381003418,10.9777310087,0.145859356659,7,3,ok,
c222,ifft,complex64,16384,1,ifft_complex64_n16384_b1,0.116827109631,0.116048872499,0.000185800264731,7,165,ok,
c222,ifft,complex64,16384,2,ifft_complex64_n16384_b2,0.199725276467,0.19947878603,0.000164795391338,7,98,ok,
c222,ifft,complex64,16384,4,ifft_complex64_n16384_b4,0.368849462743,0.367521239376,0.000815592809684,7,54,ok,
c222,ifft,complex64,16384,8,ifft_complex64_n16384_b8,0.701117135274,0.698694264671,0.000681270224353,7,30,ok,
c222,ifft,complex64,16384,16,ifft_complex64_n16384_b16,1.36934784823,1.36054845061,0.00369240297005,7,20,ok,
c222,ifft,complex64,16384,32,ifft_complex64_n16384_b32,2.7479386578,2.69648267163,0.0313809012166,7,9,ok,
c222,ifft,complex64,16384,64,ifft_complex64_n16384_b64,5.62669420615,5.59396720491,0.0179756199941,7,5,ok,
c222,ifft,complex64,16384,256,ifft_complex64_n16384_b256,25.1731839962,24.9340769369,0.139130046591,7,1,ok,
c222,ifft,complex64,32768,1,ifft_complex64_n32768_b1,0.23910454807,0.236062332988,0.00254211841994,7,84,ok,
c222,ifft,complex64,32768,2,ifft_complex64_n32768_b2,0.425663970721,0.407725194236,0.00799325061962,7,36,ok,
c222,ifft,complex64,32768,4,ifft_complex64_n32768_b4,0.763708698408,0.760039167168,0.00341767057156,7,30,ok,
c222,ifft,complex64,32768,8,ifft_complex64_n32768_b8,1.48384314962,1.47737910156,0.00204429961741,7,20,ok,
c222,ifft,complex64,32768,16,ifft_complex64_n32768_b16,2.89886170067,2.88955139695,0.00433600507677,7,10,ok,
c222,ifft,complex64,32768,32,ifft_complex64_n32768_b32,5.91723881662,5.88342759293,0.0132108107209,7,5,ok,
c222,ifft,complex64,32768,64,ifft_complex64_n32768_b64,12.2873596459,12.1854563088,0.0621126964688,7,3,ok,
c222,ifft,complex64,32768,256,ifft_complex64_n32768_b256,51.3128819875,50.8410709444,0.134931993671,7,1,ok,
c222,ifft,complex64,65536,1,ifft_complex64_n65536_b1,0.48728484835,0.482490149443,0.000803027069196,7,40,ok,
c222,ifft,complex64,65536,2,ifft_complex64_n65536_b2,0.899157933115,0.896645900017,0.0014894331495,7,30,ok,
c222,ifft,complex64,65536,4,ifft_complex64_n65536_b4,1.72785158707,1.72632753246,0.000809175510178,7,17,ok,
c222,ifft,complex64,65536,8,ifft_complex64_n65536_b8,3.36704825168,3.35950661974,0.00532613194082,7,8,ok,
c222,ifft,complex64,65536,16,ifft_complex64_n65536_b16,6.70147800702,6.67275697924,0.0177307520062,7,4,ok,
c222,ifft,complex64,65536,32,ifft_complex64_n65536_b32,13.7109659845,13.6642089929,0.0193104497157,7,2,ok,
c222,ifft,complex64,65536,64,ifft_complex64_n65536_b64,29.7269859584,29.5616770163,0.0885460758582,7,1,ok,
c222,ifft,complex64,65536,256,ifft_complex64_n65536_b256,114.385641995,113.200418069,0.991200911812,7,1,ok,
c222,ifft,complex128,2048,1,ifft_complex128_n2048_b1,0.0217858265336,0.0217205927945,5.40536313448e-05,9,577,ok,
c222,ifft,complex128,2048,2,ifft_complex128_n2048_b2,0.0319875624409,0.0315545875716,0.000189154243637,9,434,ok,
c222,ifft,complex128,2048,4,ifft_complex128_n2048_b4,0.0510015297914,0.0508848100435,0.000104195205495,9,200,ok,
c222,ifft,complex128,2048,8,ifft_complex128_n2048_b8,0.0882177700987,0.0876017200062,0.000130140106194,9,200,ok,
c222,ifft,complex128,2048,16,ifft_complex128_n2048_b16,0.163384074889,0.162637258957,0.0004632078344,9,120,ok,
c222,ifft,complex128,2048,32,ifft_complex128_n2048_b32,0.312471109282,0.31018403206,0.00190088940144,9,64,ok,
c222,ifft,complex128,2048,64,ifft_complex128_n2048_b64,0.608414035135,0.605906367612,0.001800704437,9,30,ok,
c222,ifft,complex128,2048,256,ifft_complex128_n2048_b256,2.44827308537,2.43390292356,0.0130351691041,7,12,ok,
c222,ifft,complex128,3072,1,ifft_complex128_n3072_b1,0.030149362748,0.0299467148509,0.000101596129089,9,463,ok,
c222,ifft,complex128,3072,2,ifft_complex128_n3072_b2,0.0458334299037,0.0453155103605,0.000266145216301,9,200,ok,
c222,ifft,complex128,3072,4,ifft_complex128_n3072_b4,0.0745325197931,0.0742896652082,0.000167864491232,9,200,ok,
c222,ifft,complex128,3072,8,ifft_complex128_n3072_b8,0.137868101356,0.137601323847,0.000167682899061,9,148,ok,
c222,ifft,complex128,3072,16,ifft_complex128_n3072_b16,0.250051150215,0.249329674989,0.000378448748961,9,80,ok,
c222,ifft,complex128,3072,32,ifft_complex128_n3072_b32,0.482937398677,0.481734832283,0.000776435869435,9,30,ok,
c222,ifft,complex128,3072,64,ifft_complex128_n3072_b64,0.949116198656,0.945495100071,0.000400429901977,9,30,ok,
c222,ifft,complex128,3072,256,ifft_complex128_n3072_b256,4.08217513801,4.03223614142,0.0499389965885,7,7,ok,
c222,ifft,complex128,3584,1,ifft_complex128_n3584_b1,0.0336725012314,0.0331882730002,0.000173997575366,9,403,ok,
c222,ifft,complex128,3584,2,ifft_complex128_n3584_b2,0.0515311199706,0.0513297400903,0.000138854957186,9,200,ok,
c222,ifft,complex128,3584,4,ifft_complex128_n3584_b4,0.0848964700708,0.0846017699223,0.000180834904313,9,200,ok,
c222,ifft,complex128,3584,8,ifft_complex128_n3584_b8,0.152211822569,0.151300200154,0.000532607261378,9,130,ok,
c222,ifft,complex128,3584,16,ifft_complex128_n3584_b16,0.285094528569,0.283865324865,0.00122920370332,9,68,ok,
c222,ifft,complex128,3584,32,ifft_complex128_n3584_b32,0.555247099449,0.553169536094,0.000808170686165,9,30,ok,
c222,ifft,complex128,3584,64,ifft_complex128_n3584_b64,1.08320999856,1.08020992398,0.00300007458362,9,27,ok,
c222,ifft,complex128,3584,256,ifft_complex128_n3584_b256,4.69205433425,4.64909917597,0.0238711751687,7,6,ok,
c222,ifft,complex128,4095,1,ifft_complex128_n4095_b1,0.0442162492918,0.0441463466004,6.99026913994e-05,9,309,ok,
c222,ifft,complex128,4095,2,ifft_complex128_n4095_b2,0.0720674649347,0.0718023203081,0.000103545025922,9,200,ok,
c222,ifft,complex128,4095,4,ifft_complex128_n4095_b4,0.129045694825,0.128682740577,0.000211305148271,9,154,ok,
c222,ifft,complex128,4095,8,ifft_complex128_n4095_b8,0.246514550236,0.244840787491,0.000391737557948,9,80,ok,
c222,ifft,complex128,4095,16,ifft_complex128_n4095_b16,0.475257632277,0.473525877701,0.00168631284884,9,41,ok,
c222,ifft,complex128,4095,32,ifft_complex128_n4095_b32,0.937645432229,0.934520297839,0.00221380032599,9,30,ok,
c222,ifft,complex128,4095,64,ifft_complex128_n4095_b64,1.86012824997,1.85125668941,0.00537318555871,9,16,ok,
c222,ifft,complex128,4095,256,ifft_complex128_n4095_b256,7.76863233962,7.74946665236,0.0135020042459,7,3,ok,
c222,ifft,complex128,4096,1,ifft_complex128_n4096_b1,0.0380029472862,0.0379048921399,3.10523399455e-05,9,362,ok,
c222,ifft,complex128,4096,2,ifft_complex128_n4096_b2,0.0580829498358,0.0579432403902,8.6510553956e-05,9,200,ok,
c222,ifft,complex128,4096,4,ifft_complex128_n4096_b4,0.0968623103108,0.0953017000575,0.00100918521639,9,200,ok,
c222,ifft,complex128,4096,8,ifft_complex128_n4096_b8,0.172984238252,0.172469557873,0.00012855857314,9,113,ok,
c222,ifft,complex128,4096,16,ifft_complex128_n4096_b16,0.327746620691,0.327037896254,0.000478828261639,9,58,ok,
c222,ifft,complex128,4096,32,ifft_complex128_n4096_b32,0.644827366341,0.644161800543,0.000665565797438,9,30,ok,
c222,ifft,complex128,4096,64,ifft_complex128_n4096_b64,1.26899469583,1.26666252238,0.00114778421171,9,23,ok,
c222,ifft,complex128,4096,256,ifft_complex128_n4096_b256,5.38614299148,5.37349740043,0.00403760932386,7,5,ok,
c222,ifft,complex128,4097,1,ifft_complex128_n4097_b1,0.116239652552,0.11609908069,0.000140571862644,7,161,ok,
c222,ifft,complex128,4097,2,ifft_complex128_n4097_b2,0.189741019916,0.189439365917,0.000240356145002,7,101,ok,
c222,ifft,complex128,4097,4,ifft_complex128_n4097_b4,0.362227093083,0.361616499032,0.000350276456663,7,54,ok,
c222,ifft,complex128,4097,8,ifft_complex128_n4097_b8,0.709779963862,0.708714036071,0.000668394412579,7,28,ok,
c222,ifft,complex128,4097,16,ifft_complex128_n4097_b16,1.41472733646,1.41140585211,0.00130909029394,7,21,ok,
c222,ifft,complex128,4097,32,ifft_complex128_n4097_b32,2.81046570744,2.80618580291,0.0014035962522,7,10,ok,
c222,ifft,complex128,4097,64,ifft_complex128_n4097_b64,5.56668019854,5.55093460716,0.00597920734435,7,5,ok,
c222,ifft,complex128,4097,256,ifft_complex128_n4097_b256,22.5559870014,22.4913960556,0.0231619924307,7,1,ok,
c222,ifft,complex128,4608,1,ifft_complex128_n4608_b1,0.0449759297771,0.0422030501068,0.00105747545604,7,200,ok,
c222,ifft,complex128,4608,2,ifft_complex128_n4608_b2,0.0686932151439,0.0685297098244,0.00014511984773,7,200,ok,
c222,ifft,complex128,4608,4,ifft_complex128_n4608_b4,0.116905626654,0.116600438032,0.000167182734864,7,169,ok,
c222,ifft,complex128,4608,8,ifft_complex128_n4608_b8,0.216385588929,0.215144833136,0.000401187895073,7,90,ok,
c222,ifft,complex128,4608,16,ifft_complex128_n4608_b16,0.407838499329,0.406204466708,0.000770098995417,7,30,ok,
c222,ifft,complex128,4608,32,ifft_complex128_n4608_b32,0.803503630838,0.800217168095,0.00144503622626,7,30,ok,
c222,ifft,complex128,4608,64,ifft_complex128_n4608_b64,1.56899436843,1.56764395069,0.00135041773319,7,19,ok,
c222,ifft,complex128,4608,256,ifft_complex128_n4608_b256,6.82628620416,6.80012519006,0.01245518215,7,5,ok,
c222,ifft,complex128,8192,1,ifft_complex128_n8192_b1,0.0759392447071,0.075401290087,0.000200374634005,7,200,ok,
c222,ifft,complex128,8192,2,ifft_complex128_n8192_b2,0.128642872427,0.128216859825,0.00036757359293,7,157,ok,
c222,ifft,complex128,8192,4,ifft_complex128_n8192_b4,0.216270046418,0.21571136518,0.000147811849328,7,85,ok,
c222,ifft,complex128,8192,8,ifft_complex128_n8192_b8,0.401041061827,0.398323346138,0.00271771568805,7,49,ok,
c222,ifft,complex128,8192,16,ifft_complex128_n8192_b16,0.769529868073,0.767427298706,0.00141633208841,7,30,ok,
c222,ifft,complex128,8192,32,ifft_complex128_n8192_b32,1.53098131628,1.52780273684,0.00169468234832,7,19,ok,
c222,ifft,complex128,8192,64,ifft_complex128_n8192_b64,3.06883220328,3.04718770785,0.0106530031189,7,10,ok,
c222,ifft,complex128,8192,256,ifft_complex128_n8192_b256,14.7293775226,14.5995604689,0.0203429954126,7,2,ok,
c222,ifft,complex128,16384,1,ifft_complex128_n16384_b1,0.189470597238,0.188288953434,0.000915718569516,7,107,ok,
c222,ifft,complex128,16384,2,ifft_complex128_n16384_b2,0.368359093382,0.367134962559,0.000457535929012,7,54,ok,
c222,ifft,complex128,16384,4,ifft_complex128_n16384_b4,0.725092073144,0.722151741178,0.00196215006764,7,27,ok,
c222,ifft,complex128,16384,8,ifft_complex128_n16384_b8,1.43644564669,1.43262050115,0.00111960107461,7,20,ok,
c222,ifft,complex128,16384,16,ifft_complex128_n16384_b16,2.85522729391,2.84317780752,0.00510450918227,7,10,ok,
c222,ifft,complex128,16384,32,ifft_complex128_n16384_b32,5.80236217938,5.73178839404,0.00788082834333,7,5,ok,
c222,ifft,complex128,16384,64,ifft_complex128_n16384_b64,11.9548324728,11.8966385489,0.0581939239055,7,2,ok,
c222,ifft,complex128,16384,256,ifft_complex128_n16384_b256,51.3910569716,51.2149689021,0.158234965056,7,1,ok,
c222,ifft,complex128,32768,1,ifft_complex128_n32768_b1,0.435861844259,0.434161776987,0.000653444375429,7,45,ok,
c222,ifft,complex128,32768,2,ifft_complex128_n32768_b2,0.863233184315,0.856847179503,0.00225008592348,7,22,ok,
c222,ifft,complex128,32768,4,ifft_complex128_n32768_b4,1.72175488243,1.70929864843,0.00686158754808,7,17,ok,
c222,ifft,complex128,32768,8,ifft_complex128_n32768_b8,3.43689124566,3.40128087555,0.0132686254801,7,8,ok,
c222,ifft,complex128,32768,16,ifft_complex128_n32768_b16,6.98691376601,6.9220297446,0.0648840214126,7,4,ok,
c222,ifft,complex128,32768,32,ifft_complex128_n32768_b32,14.7567889653,14.5647554891,0.125990074594,7,2,ok,
c222,ifft,complex128,32768,64,ifft_complex128_n32768_b64,30.9782819822,30.2246259525,0.164087046869,7,1,ok,
c222,ifft,complex128,32768,256,ifft_complex128_n32768_b256,118.623164017,117.881069076,0.180126051418,7,1,ok,
c222,ifft,complex128,65536,1,ifft_complex128_n65536_b1,0.921670955987,0.917988183739,0.00284304736521,7,22,ok,
c222,ifft,complex128,65536,2,ifft_complex128_n65536_b2,1.85088349826,1.82555994252,0.0253235557466,7,16,ok,
c222,ifft,complex128,65536,4,ifft_complex128_n65536_b4,3.65728899487,3.64761461969,0.00967437517829,7,8,ok,
c222,ifft,complex128,65536,8,ifft_complex128_n65536_b8,7.72497733124,7.57885468192,0.111488314966,7,3,ok,
c222,ifft,complex128,65536,16,ifft_complex128_n65536_b16,15.7699560514,15.6406050082,0.0856999540702,7,1,ok,
c222,ifft,complex128,65536,32,ifft_complex128_n65536_b32,33.1849430222,32.9231040087,0.231071026064,7,1,ok,
c222,ifft,complex128,65536,64,ifft_complex128_n65536_b64,65.0238329545,64.5910049789,0.234869075939,7,1,ok,
c222,ifft,complex128,65536,256,ifft_complex128_n65536_b256,260.971958982,258.455260075,1.75839290023,7,1,ok,
candidate_staged,fft,complex64,2048,1,fft_complex64_n2048_b1,0.0179906281256,0.0176944356974,0.000170146923442,9,530,ok,
candidate_staged,fft,complex64,2048,2,fft_complex64_n2048_b2,0.0337399868295,0.0335883144289,0.00010307195286,9,375,ok,
candidate_staged,fft,complex64,2048,4,fft_complex64_n2048_b4,0.0544181099394,0.0540259300033,0.000189954880625,9,200,ok,
candidate_staged,fft,complex64,2048,8,fft_complex64_n2048_b8,0.0942926650168,0.0939170148922,0.000335680088028,9,200,ok,
candidate_staged,fft,complex64,2048,16,fft_complex64_n2048_b16,0.515919692892,0.514947081683,0.000803721680616,9,36,ok,
candidate_staged,fft,complex64,2048,32,fft_complex64_n2048_b32,1.05217855243,1.04769510734,0.00219971924606,9,18,ok,
candidate_staged,fft,complex64,2048,64,fft_complex64_n2048_b64,2.12110361407,2.11449822662,0.00660538745041,9,13,ok,
candidate_staged,fft,complex64,2048,256,fft_complex64_n2048_b256,4.57227565736,4.51471833124,0.0324006735658,7,6,ok,
candidate_staged,fft,complex64,3072,1,fft_complex64_n3072_b1,0.02468648867,0.0245266231972,6.12318080003e-05,9,483,ok,
candidate_staged,fft,complex64,3072,2,fft_complex64_n3072_b2,0.0501303555211,0.0499134953134,9.4830757007e-05,9,200,ok,
candidate_staged,fft,complex64,3072,4,fft_complex64_n3072_b4,0.0800218147924,0.079425505246,9.35303978622e-05,9,200,ok,
candidate_staged,fft,complex64,3072,8,fft_complex64_n3072_b8,0.143544452714,0.140699065957,0.00238519019182,9,137,ok,
candidate_staged,fft,complex64,3072,16,fft_complex64_n3072_b16,0.271275980313,0.269226708703,0.00176601831547,9,55,ok,
candidate_staged,fft,complex64,3072,32,fft_complex64_n3072_b32,0.524315668736,0.521895502849,0.00180169784774,9,30,ok,
candidate_staged,fft,complex64,3072,64,fft_complex64_n3072_b64,1.03503803705,1.02987338771,0.00194784773227,9,26,ok,
candidate_staged,fft,complex64,3072,256,fft_complex64_n3072_b256,6.85302932591,6.67411531322,0.114991290805,7,3,ok,
candidate_staged,fft,complex64,3584,1,fft_complex64_n3584_b1,0.0289994345485,0.0284750758531,0.000148991005088,9,435,ok,
candidate_staged,fft,complex64,3584,2,fft_complex64_n3584_b2,0.0539157749154,0.053599679959,0.000125679653138,9,200,ok,
candidate_staged,fft,complex64,3584,4,fft_complex64_n3584_b4,0.0909476197558,0.0898681551917,0.000195665634237,9,200,ok,
candidate_staged,fft,complex64,3584,8,fft_complex64_n3584_b8,0.159424341594,0.158058125332,0.000439241800147,9,120,ok,
candidate_staged,fft,complex64,3584,16,fft_complex64_n3584_b16,0.305319416414,0.304588898628,0.000538665335625,9,60,ok,
candidate_staged,fft,complex64,3584,32,fft_complex64_n3584_b32,0.629819999449,0.593928635741,0.0158733028608,9,30,ok,
candidate_staged,fft,complex64,3584,64,fft_complex64_n3584_b64,1.18175026421,1.17424468044,0.00130773619994,9,19,ok,
candidate_staged,fft,complex64,3584,256,fft_complex64_n3584_b256,7.71657501658,7.64763964495,0.0689353716249,7,3,ok,
candidate_staged,fft,complex64,4095,1,fft_complex64_n4095_b1,0.0429761175935,0.0428135694896,5.04165344285e-05,9,281,ok,
candidate_staged,fft,complex64,4095,2,fft_complex64_n4095_b2,0.0739722698927,0.0737922848202,7.1229878813e-05,9,200,ok,
candidate_staged,fft,complex64,4095,4,fft_complex64_n4095_b4,0.137594457991,0.137207958303,0.000187245846897,9,142,ok,
candidate_staged,fft,complex64,4095,8,fft_complex64_n4095_b8,0.258888191327,0.258556753716,0.000331437610702,9,73,ok,
candidate_staged,fft,complex64,4095,16,fft_complex64_n4095_b16,0.501263840737,0.498926340553,0.000479024540829,9,38,ok,
candidate_staged,fft,complex64,4095,32,fft_complex64_n4095_b32,0.991984748647,0.984107535,0.00415414355562,9,28,ok,
candidate_staged,fft,complex64,4095,64,fft_complex64_n4095_b64,1.97694714214,1.95829935339,0.00608986010775,9,14,ok,
candidate_staged,fft,complex64,4095,256,fft_complex64_n4095_b256,11.3490909571,11.0956979915,0.151307554916,7,2,ok,
candidate_staged,fft,complex64,4096,1,fft_complex64_n4096_b1,0.0334371112997,0.033187710491,0.000148643347628,9,404,ok,
candidate_staged,fft,complex64,4096,2,fft_complex64_n4096_b2,0.05998454988,0.0598498503678,9.94402216747e-05,9,200,ok,
candidate_staged,fft,complex64,4096,4,fft_complex64_n4096_b4,0.101065091874,0.100878132213,7.24939618731e-05,9,174,ok,
candidate_staged,fft,complex64,4096,8,fft_complex64_n4096_b8,0.18539290073,0.184965167785,0.00022795157378,9,101,ok,
candidate_staged,fft,complex64,4096,16,fft_complex64_n4096_b16,0.344209059571,0.343750114553,0.000458945018741,9,52,ok,
candidate_staged,fft,complex64,4096,32,fft_complex64_n4096_b32,0.667791902864,0.665853265673,0.00185880344361,9,30,ok,
candidate_staged,fft,complex64,4096,64,fft_complex64_n4096_b64,1.33616009372,1.33227333537,0.00265685264908,9,21,ok,
candidate_staged,fft,complex64,4096,256,fft_complex64_n4096_b256,9.36491632213,8.60487367027,0.151346010777,7,3,ok,
candidate_staged,fft,complex64,4097,1,fft_complex64_n4097_b1,0.117437030521,0.117004364404,0.000247209289566,7,129,ok,
candidate_staged,fft,complex64,4097,2,fft_complex64_n4097_b2,0.193515495111,0.193423633049,9.1862062564e-05,7,101,ok,
candidate_staged,fft,complex64,4097,4,fft_complex64_n4097_b4,0.370706339314,0.369701642139,0.00050075501555,7,53,ok,
candidate_staged,fft,complex64,4097,8,fft_complex64_n4097_b8,0.717815481713,0.714276667201,0.00146162885897,7,27,ok,
candidate_staged,fft,complex64,4097,16,fft_complex64_n4097_b16,1.42966994899,1.42531284946,0.00396689865738,7,20,ok,
candidate_staged,fft,complex64,4097,32,fft_complex64_n4097_b32,2.83089589793,2.81687970273,0.000572088174522,7,10,ok,
candidate_staged,fft,complex64,4097,64,fft_complex64_n4097_b64,5.66375139169,5.63871858176,0.0200534006581,7,5,ok,
candidate_staged,fft,complex64,4097,256,fft_complex64_n4097_b256,26.8562260317,26.3095549308,0.106869963929,7,1,ok,
candidate_staged,fft,complex64,4608,1,fft_complex64_n4608_b1,0.0358264450915,0.0336299900664,0.000661184894852,7,200,ok,
candidate_staged,fft,complex64,4608,2,fft_complex64_n4608_b2,0.0719466398004,0.0716585497139,0.000126389786601,7,200,ok,
candidate_staged,fft,complex64,4608,4,fft_complex64_n4608_b4,0.124900292623,0.124411850974,0.00048486376786,7,154,ok,
candidate_staged,fft,complex64,4608,8,fft_complex64_n4608_b8,0.225588876214,0.224583790879,0.000953258958036,7,81,ok,
candidate_staged,fft,complex64,4608,16,fft_complex64_n4608_b16,0.430097733624,0.428891166424,0.00025376987954,7,30,ok,
candidate_staged,fft,complex64,4608,32,fft_complex64_n4608_b32,0.836228765547,0.835016466832,0.00103359731535,7,30,ok,
candidate_staged,fft,complex64,4608,64,fft_complex64_n4608_b64,1.66522517718,1.65650952498,0.00313759151408,7,17,ok,
candidate_staged,fft,complex64,4608,256,fft_complex64_n4608_b256,10.8743913394,10.6207813369,0.139887987946,7,3,ok,
candidate_staged,fft,complex64,8192,1,fft_complex64_n8192_b1,0.0633105152519,0.0629040051717,7.82450661063e-05,7,200,ok,
candidate_staged,fft,complex64,8192,2,fft_complex64_n8192_b2,0.141422036509,0.140537412506,0.000343688399247,7,138,ok,
candidate_staged,fft,complex64,8192,4,fft_complex64_n8192_b4,0.217270454,0.216656693903,0.000420089980418,7,88,ok,
candidate_staged,fft,complex64,8192,8,fft_complex64_n8192_b8,0.406720896232,0.405136481277,0.000701521154648,7,48,ok,
candidate_staged,fft,complex64,8192,16,fft_complex64_n8192_b16,0.776304832349,0.774678168818,0.00111569728081,7,30,ok,
candidate_staged,fft,complex64,8192,32,fft_complex64_n8192_b32,1.51310478778,1.50396557843,0.00402384045485,7,19,ok,
candidate_staged,fft,complex64,8192,64,fft_complex64_n8192_b64,3.2264288877,3.13778332849,0.0245469984495,7,9,ok,
candidate_staged,fft,complex64,8192,256,fft_complex64_n8192_b256,19.5890769828,19.0169679699,0.21165504586,7,1,ok,
candidate_staged,fft,complex64,16384,1,fft_complex64_n16384_b1,0.193951824158,0.193086241699,0.000272703531024,7,91,ok,
candidate_staged,fft,complex64,16384,2,fft_complex64_n16384_b2,0.38949235379,0.388838784477,0.000653569312657,7,51,ok,
candidate_staged,fft,complex64,16384,4,fft_complex64_n16384_b4,0.7601385766,0.758248882798,0.00188969380151,7,26,ok,
candidate_staged,fft,complex64,16384,8,fft_complex64_n16384_b8,1.51723899762,1.50406839675,0.00912050018087,7,20,ok,
candidate_staged,fft,complex64,16384,16,fft_complex64_n16384_b16,3.0156976621,2.99410499995,0.0200975531091,7,9,ok,
candidate_staged,fft,complex64,16384,32,fft_complex64_n16384_b32,6.10465600039,6.07743524597,0.0272207544185,7,4,ok,
candidate_staged,fft,complex64,16384,64,fft_complex64_n16384_b64,14.3559449352,13.7623170158,0.593627919443,7,1,ok,
candidate_staged,fft,complex64,16384,256,fft_complex64_n16384_b256,62.7840310335,62.3327579815,0.0956678995863,7,1,ok,
candidate_staged,fft,complex64,32768,1,fft_complex64_n32768_b1,0.454184477262,0.45176783377,0.000851334161347,7,42,ok,
candidate_staged,fft,complex64,32768,2,fft_complex64_n32768_b2,0.903150908099,0.89929417961,0.00165990786627,7,22,ok,
candidate_staged,fft,complex64,32768,4,fft_complex64_n32768_b4,1.7696711875,1.75502131606,0.00645586987957,7,16,ok,
candidate_staged,fft,complex64,32768,8,fft_complex64_n32768_b8,3.53654962964,3.51053112536,0.0207561388379,7,8,ok,
candidate_staged,fft,complex64,32768,16,fft_complex64_n32768_b16,7.17662274837,7.05881026806,0.117812480312,7,4,ok,
candidate_staged,fft,complex64,32768,32,fft_complex64_n32768_b32,17.2702469863,16.4035090711,0.866737915203,7,1,ok,
candidate_staged,fft,complex64,32768,64,fft_complex64_n32768_b64,35.8551190002,35.4665729683,0.384247978218,7,1,ok,
candidate_staged,fft,complex64,32768,256,fft_complex64_n32768_b256,144.64024303,144.129078952,0.511164078489,7,1,ok,
candidate_staged,fft,complex64,65536,1,fft_complex64_n65536_b1,0.969063449884,0.957918650238,0.0062266481109,7,20,ok,
candidate_staged,fft,complex64,65536,2,fft_complex64_n65536_b2,1.9270461984,1.90486679785,0.0221794005483,7,15,ok,
candidate_staged,fft,complex64,65536,4,fft_complex64_n65536_b4,3.86010627595,3.81095286658,0.0165051481287,7,7,ok,
candidate_staged,fft,complex64,65536,8,fft_complex64_n65536_b8,7.74425334142,7.6811889885,0.0258050082872,7,3,ok,
candidate_staged,fft,complex64,65536,16,fft_complex64_n65536_b16,19.0109879477,18.3000799734,0.71090797428,7,1,ok,
candidate_staged,fft,complex64,65536,32,fft_complex64_n65536_b32,38.4964609984,38.1001009373,0.356776989065,7,1,ok,
candidate_staged,fft,complex64,65536,64,fft_complex64_n65536_b64,77.9039530316,77.7293170104,0.0802200520411,7,1,ok,
candidate_staged,fft,complex64,65536,256,fft_complex64_n65536_b256,306.338779046,300.922955968,0.847072107717,7,1,ok,
candidate_staged,fft,complex128,2048,1,fft_complex128_n2048_b1,0.0162415927417,0.016086904743,0.000122093988276,9,766,ok,
candidate_staged,fft,complex128,2048,2,fft_complex128_n2048_b2,0.0300260000948,0.0298546960705,7.16318182918e-05,9,467,ok,
candidate_staged,fft,complex128,2048,4,fft_complex128_n2048_b4,0.0484639900969,0.0478915253188,0.000383165315725,9,200,ok,
candidate_staged,fft,complex128,2048,8,fft_complex128_n2048_b8,0.0843570649158,0.084135645302,0.00020062958356,9,200,ok,
candidate_staged,fft,complex128,2048,16,fft_complex128_n2048_b16,0.156064680014,0.155808147402,0.000256532612333,9,122,ok,
candidate_staged,fft,complex128,2048,32,fft_complex128_n2048_b32,0.29901131369,0.298164044715,0.000557328796765,9,67,ok,
candidate_staged,fft,complex128,2048,64,fft_complex128_n2048_b64,0.585035032903,0.584136034983,0.000775434697668,9,30,ok,
candidate_staged,fft,complex128,2048,256,fft_complex128_n2048_b256,2.39758061854,2.3631085373,0.0210523856087,7,13,ok,
candidate_staged,fft,complex128,3072,1,fft_complex128_n3072_b1,0.0220313948545,0.0217713099451,0.000147691802279,9,623,ok,
candidate_staged,fft,complex128,3072,2,fft_complex128_n3072_b2,0.0455540599069,0.0454162998358,0.000124080106616,9,200,ok,
candidate_staged,fft,complex128,3072,4,fft_complex128_n3072_b4,0.0715041148942,0.0711389799835,6.53200550005e-05,9,200,ok,
candidate_staged,fft,complex128,3072,8,fft_complex128_n3072_b8,0.128208942419,0.127659140465,0.000160237481722,9,156,ok,
candidate_staged,fft,complex128,3072,16,fft_complex128_n3072_b16,0.244434062035,0.243450135544,0.00021806170727,9,81,ok,
candidate_staged,fft,complex128,3072,32,fft_complex128_n3072_b32,0.472903666863,0.471520765374,0.000547031716754,9,30,ok,
candidate_staged,fft,complex128,3072,64,fft_complex128_n3072_b64,0.934594431116,0.928475665084,0.00386986648664,9,30,ok,
candidate_staged,fft,complex128,3072,256,fft_complex128_n3072_b256,3.9437552914,3.9286098576,0.0151454338006,7,7,ok,
candidate_staged,fft,complex128,3584,1,fft_complex128_n3584_b1,0.0260590018701,0.0259479055242,0.000102931004822,9,551,ok,
candidate_staged,fft,complex128,3584,2,fft_complex128_n3584_b2,0.0490265950793,0.0486588099739,0.000105444923975,9,200,ok,
candidate_staged,fft,complex128,3584,4,fft_complex128_n3584_b4,0.0806605600519,0.0799762300448,5.00399619341e-05,9,200,ok,
candidate_staged,fft,complex128,3584,8,fft_complex128_n3584_b8,0.146613610388,0.145327970077,0.000544029342778,9,136,ok,
candidate_staged,fft,complex128,3584,16,fft_complex128_n3584_b16,0.302342409802,0.301112901786,0.00122950801656,9,61,ok,
candidate_staged,fft,complex128,3584,32,fft_complex128_n3584_b32,0.586237634222,0.562927433445,0.00516063300893,9,30,ok,
candidate_staged,fft,complex128,3584,64,fft_complex128_n3584_b64,1.06307353625,1.0551416074,0.00684381978187,9,28,ok,
candidate_staged,fft,complex128,3584,256,fft_complex128_n3584_b256,4.63725050213,4.5492593393,0.0467689824291,7,6,ok,
candidate_staged,fft,complex128,4095,1,fft_complex128_n4095_b1,0.0399826001376,0.039884071531,9.8528606551e-05,9,350,ok,
candidate_staged,fft,complex128,4095,2,fft_complex128_n4095_b2,0.0687913497677,0.0686482299352,0.000107654486783,9,200,ok,
candidate_staged,fft,complex128,4095,4,fft_complex128_n4095_b4,0.12767137251,0.126538446798,0.000505726958006,9,161,ok,
candidate_staged,fft,complex128,4095,8,fft_complex128_n4095_b8,0.242391378312,0.241060962719,0.000458780006029,9,82,ok,
candidate_staged,fft,complex128,4095,16,fft_complex128_n4095_b16,0.463901930267,0.462565379816,0.000999500376305,9,42,ok,
candidate_staged,fft,complex128,4095,32,fft_complex128_n4095_b32,0.917916263764,0.912459765095,0.00204183937361,9,30,ok,
candidate_staged,fft,complex128,4095,64,fft_complex128_n4095_b64,1.81264081766,1.80636968435,0.00439192808699,9,16,ok,
candidate_staged,fft,complex128,4095,256,fft_complex128_n4095_b256,7.65783374663,7.58975427016,0.0507422664668,7,4,ok,
candidate_staged,fft,complex128,4096,1,fft_complex128_n4096_b1,0.0298027683944,0.0293469394142,0.000236458921184,9,462,ok,
candidate_staged,fft,complex128,4096,2,fft_complex128_n4096_b2,0.054664570489,0.0544188602362,0.000195515458472,9,200,ok,
candidate_staged,fft,complex128,4096,4,fft_complex128_n4096_b4,0.0915778509807,0.0913355368,0.000157897981505,9,108,ok,
candidate_staged,fft,complex128,4096,8,fft_complex128_n4096_b8,0.165034763286,0.164524491253,0.000197822188611,9,118,ok,
candidate_staged,fft,complex128,4096,16,fft_complex128_n4096_b16,0.311346046146,0.310533265292,0.00035613993532,9,64,ok,
candidate_staged,fft,complex128,4096,32,fft_complex128_n4096_b32,0.604188166714,0.6033018309,0.000378031594058,9,30,ok,
candidate_staged,fft,complex128,4096,64,fft_complex128_n4096_b64,1.19292464107,1.18778423872,0.00232915859669,9,25,ok,
candidate_staged,fft,complex128,4096,256,fft_complex128_n4096_b256,5.14218558092,5.09428819641,0.00604542437941,7,5,ok,
candidate_staged,fft,complex128,4097,1,fft_complex128_n4097_b1,0.114253036263,0.113971301366,0.000173939919346,7,166,ok,
candidate_staged,fft,complex128,4097,2,fft_complex128_n4097_b2,0.187104547019,0.186695489936,0.000343745890653,7,106,ok,
candidate_staged,fft,complex128,4097,4,fft_complex128_n4097_b4,0.359153345397,0.358464236541,0.000689108856022,7,55,ok,
candidate_staged,fft,complex128,4097,8,fft_complex128_n4097_b8,0.703361533981,0.702161786778,0.000418999531705,7,28,ok,
candidate_staged,fft,complex128,4097,16,fft_complex128_n4097_b16,1.37263061922,1.37139876218,0.000797189949524,7,21,ok,
candidate_staged,fft,complex128,4097,32,fft_complex128_n4097_b32,2.72649918175,2.72304999684,0.00302572946318,7,11,ok,
candidate_staged,fft,complex128,4097,64,fft_complex128_n4097_b64,5.43055599555,5.42291158345,0.00764441210777,7,5,ok,
candidate_staged,fft,complex128,4097,256,fft_complex128_n4097_b256,22.3733459134,22.283799015,0.0895468983799,7,1,ok,
candidate_staged,fft,complex128,4608,1,fft_complex128_n4608_b1,0.0329329899978,0.0324460846605,0.00013315002434,7,200,ok,
candidate_staged,fft,complex128,4608,2,fft_complex128_n4608_b2,0.0663468352286,0.0662439898588,0.000102845369838,7,200,ok,
candidate_staged,fft,complex128,4608,4,fft_complex128_n4608_b4,0.113785528149,0.113359108086,0.000248243767683,7,176,ok,
candidate_staged,fft,complex128,4608,8,fft_complex128_n4608_b8,0.209535656106,0.209056150158,0.000288925303887,7,93,ok,
candidate_staged,fft,complex128,4608,16,fft_complex128_n4608_b16,0.394945801236,0.392716300363,0.00125033548102,7,30,ok,
candidate_staged,fft,complex128,4608,32,fft_complex128_n4608_b32,0.760212831665,0.756257764685,0.00307106335337,7,30,ok,
candidate_staged,fft,complex128,4608,64,fft_complex128_n4608_b64,1.50194131206,1.49720137032,0.00348973308543,7,19,ok,
candidate_staged,fft,complex128,4608,256,fft_complex128_n4608_b256,6.50268578902,6.43936779816,0.0633179908618,7,5,ok,
candidate_staged,fft,complex128,8192,1,fft_complex128_n8192_b1,0.0593756197486,0.0591595150763,3.65654705092e-05,7,200,ok,
candidate_staged,fft,complex128,8192,2,fft_complex128_n8192_b2,0.114383465669,0.113948166702,0.000134103091155,7,174,ok,
candidate_staged,fft,complex128,8192,4,fft_complex128_n8192_b4,0.200651050545,0.199677540222,0.000789578771219,7,100,ok,
candidate_staged,fft,complex128,8192,8,fft_complex128_n8192_b8,0.37452823776,0.371636086366,0.000375262259141,7,46,ok,
candidate_staged,fft,complex128,8192,16,fft_complex128_n8192_b16,0.719784332129,0.716566302193,0.00162303137283,7,30,ok,
candidate_staged,fft,complex128,8192,32,fft_complex128_n8192_b32,1.41486375859,1.38881418943,0.00508233816141,7,21,ok,
candidate_staged,fft,complex128,8192,64,fft_complex128_n8192_b64,2.83408079995,2.81912189675,0.00918910373002,7,10,ok,
candidate_staged,fft,complex128,8192,256,fft_complex128_n8192_b256,14.5468320115,14.4502365147,0.0712430337444,7,2,ok,
candidate_staged,fft,complex128,16384,1,fft_complex128_n16384_b1,0.187515941936,0.183011914071,0.000588429559554,7,105,ok,
candidate_staged,fft,complex128,16384,2,fft_complex128_n16384_b2,0.365526777589,0.363571461532,0.00195531605708,7,54,ok,
candidate_staged,fft,complex128,16384,4,fft_complex128_n16384_b4,0.710868074007,0.708630187782,0.00175252056646,7,27,ok,
candidate_staged,fft,complex128,16384,8,fft_complex128_n16384_b8,1.41944371474,1.41434661955,0.00409052396814,7,21,ok,
candidate_staged,fft,complex128,16384,16,fft_complex128_n16384_b16,2.81626060605,2.8073378955,0.00700609525666,7,10,ok,
candidate_staged,fft,complex128,16384,32,fft_complex128_n16384_b32,5.80522960518,5.72035720106,0.0213718041778,7,5,ok,
candidate_staged,fft,complex128,16384,64,fft_complex128_n16384_b64,11.9293195312,11.7873289855,0.0933990231715,7,2,ok,
candidate_staged,fft,complex128,16384,256,fft_complex128_n16384_b256,50.4452219466,50.2736619674,0.105156097561,7,1,ok,
candidate_staged,fft,complex128,32768,1,fft_complex128_n32768_b1,0.424462764405,0.422832276177,0.0013774657186,7,47,ok,
candidate_staged,fft,complex128,32768,2,fft_complex128_n32768_b2,0.849471781808,0.8466617842,0.000512738631147,7,23,ok,
candidate_staged,fft,complex128,32768,4,fft_complex128_n32768_b4,1.69446976746,1.69166223393,0.00192005844677,7,17,ok,
candidate_staged,fft,complex128,32768,8,fft_complex128_n32768_b8,3.36400125525,3.35601762345,0.00436810660176,7,8,ok,
candidate_staged,fft,complex128,32768,16,fft_complex128_n32768_b16,7.1368207573,6.89826050075,0.117566756671,7,4,ok,
candidate_staged,fft,complex128,32768,32,fft_complex128_n32768_b32,14.6359635401,14.3261199701,0.0992405693978,7,2,ok,
candidate_staged,fft,complex128,32768,64,fft_complex128_n32768_b64,30.6462029694,30.0527350046,0.393475056626,7,1,ok,
candidate_staged,fft,complex128,32768,256,fft_complex128_n32768_b256,120.099329972,119.059318909,0.17083005514,7,1,ok,
candidate_staged,fft,complex128,65536,1,fft_complex128_n65536_b1,0.908652548043,0.905231138776,0.000894408334385,7,22,ok,
candidate_staged,fft,complex128,65536,2,fft_complex128_n65536_b2,1.81903337216,1.81101906492,0.00573512807023,7,16,ok,
candidate_staged,fft,complex128,65536,4,fft_complex128_n65536_b4,3.75089500449,3.72979174426,0.00684024416842,7,8,ok,
candidate_staged,fft,complex128,65536,8,fft_complex128_n65536_b8,7.68827231756,7.60842999443,0.036411647064,7,3,ok,
candidate_staged,fft,complex128,65536,16,fft_complex128_n65536_b16,15.8104319125,15.5264410423,0.281224958599,7,1,ok,
candidate_staged,fft,complex128,65536,32,fft_complex128_n65536_b32,33.2355480641,33.0808389699,0.105818035081,7,1,ok,
candidate_staged,fft,complex128,65536,64,fft_complex128_n65536_b64,65.910218982,65.592334955,0.107540981844,7,1,ok,
candidate_staged,fft,complex128,65536,256,fft_complex128_n65536_b256,262.783551938,258.40925402,2.42390611675,7,1,ok,
candidate_staged,ifft,complex64,2048,1,ifft_complex64_n2048_b1,0.0165531283603,0.0164745046561,4.48000335365e-05,9,545,ok,
candidate_staged,ifft,complex64,2048,2,ifft_complex64_n2048_b2,0.032202859179,0.0319336781856,4.19767557419e-05,9,348,ok,
candidate_staged,ifft,complex64,2048,4,ifft_complex64_n2048_b4,0.0469314301154,0.0465226202505,5.65045047551e-05,9,200,ok,
candidate_staged,ifft,complex64,2048,8,ifft_complex64_n2048_b8,0.0797010195674,0.0792280345922,4.59892908111e-05,9,200,ok,
candidate_staged,ifft,complex64,2048,16,ifft_complex64_n2048_b16,0.146320224357,0.145168522366,0.000357984933557,9,134,ok,
candidate_staged,ifft,complex64,2048,32,ifft_complex64_n2048_b32,0.277871888506,0.276544973733,0.00060834766676,9,72,ok,
candidate_staged,ifft,complex64,2048,64,ifft_complex64_n2048_b64,0.539953199526,0.538248366987,0.000562736143668,9,30,ok,
candidate_staged,ifft,complex64,2048,256,ifft_complex64_n2048_b256,2.10844043509,2.10576407179,0.00267636330266,7,14,ok,
candidate_staged,ifft,complex64,3072,1,ifft_complex64_n3072_b1,0.0237728456796,0.0237266660861,4.61795934825e-05,9,512,ok,
candidate_staged,ifft,complex64,3072,2,ifft_complex64_n3072_b2,0.0468690163626,0.0467668387598,8.7312117259e-05,9,186,ok,
candidate_staged,ifft,complex64,3072,4,ifft_complex64_n3072_b4,0.0677308702143,0.0674332102062,0.0002299353946,9,200,ok,
candidate_staged,ifft,complex64,3072,8,ifft_complex64_n3072_b8,0.119138630641,0.11852360553,0.000154936187871,9,157,ok,
candidate_staged,ifft,complex64,3072,16,ifft_complex64_n3072_b16,0.220896393647,0.220017898775,0.000178201772859,9,89,ok,
candidate_staged,ifft,complex64,3072,32,ifft_complex64_n3072_b32,0.423034233972,0.420197600033,0.000624867000928,9,30,ok,
candidate_staged,ifft,complex64,3072,64,ifft_complex64_n3072_b64,0.8283617363,0.827990033819,0.000371702481061,9,30,ok,
candidate_staged,ifft,complex64,3072,256,ifft_complex64_n3072_b256,3.2604524426,3.25724644224,0.0032060003529,7,9,ok,
candidate_staged,ifft,complex64,3584,1,ifft_complex64_n3584_b1,0.0263198668297,0.0262703159488,3.41039079475e-05,9,443,ok,
candidate_staged,ifft,complex64,3584,2,ifft_complex64_n3584_b2,0.0532945099985,0.0530960899778,6.70197186992e-05,9,200,ok,
candidate_staged,ifft,complex64,3584,4,ifft_complex64_n3584_b4,0.0771081802668,0.0768685300136,0.000129145337269,9,200,ok,
candidate_staged,ifft,complex64,3584,8,ifft_complex64_n3584_b8,0.135238130086,0.13494745219,8.64662842391e-05,9,146,ok,
candidate_staged,ifft,complex64,3584,16,ifft_complex64_n3584_b16,0.251772165752,0.251396589029,0.000118551095231,9,78,ok,
candidate_staged,ifft,complex64,3584,32,ifft_complex64_n3584_b32,0.484216131736,0.482806501289,0.000688604389628,9,30,ok,
candidate_staged,ifft,complex64,3584,64,ifft_complex64_n3584_b64,0.950790999923,0.946675000402,0.002085568849,9,30,ok,
candidate_staged,ifft,complex64,3584,256,ifft_complex64_n3584_b256,3.74527899216,3.73893858133,0.00527700675385,7,7,ok,
candidate_staged,ifft,complex64,4095,1,ifft_complex64_n4095_b1,0.047746179108,0.0476376236981,8.3889131264e-05,9,279,ok,
candidate_staged,ifft,complex64,4095,2,ifft_complex64_n4095_b2,0.0876127899392,0.0874986749841,5.89655246586e-05,9,200,ok,
candidate_staged,ifft,complex64,4095,4,ifft_complex64_n4095_b4,0.100390906998,0.100092304098,0.000121979254115,9,194,ok,
candidate_staged,ifft,complex64,4095,8,ifft_complex64_n4095_b8,0.188523046848,0.188210481593,0.000226188380763,9,106,ok,
candidate_staged,ifft,complex64,4095,16,ifft_complex64_n4095_b16,0.359035944307,0.358252257919,0.000291111603103,9,54,ok,
candidate_staged,ifft,complex64,4095,32,ifft_complex64_n4095_b32,0.704370865909,0.70398079697,0.000390068938335,9,30,ok,
candidate_staged,ifft,complex64,4095,64,ifft_complex64_n4095_b64,1.39389747554,1.39233362417,0.000887899659574,9,21,ok,
candidate_staged,ifft,complex64,4095,256,ifft_complex64_n4095_b256,5.54469120689,5.53825718816,0.00124019570649,7,5,ok,
candidate_staged,ifft,complex64,4096,1,ifft_complex64_n4096_b1,0.029413091657,0.0293492209624,4.53102464754e-05,9,448,ok,
candidate_staged,ifft,complex64,4096,2,ifft_complex64_n4096_b2,0.0603817001684,0.0602147803875,0.000144625082612,9,200,ok,
candidate_staged,ifft,complex64,4096,4,ifft_complex64_n4096_b4,0.0872921448899,0.087147175218,6.86297426e-05,9,200,ok,
candidate_staged,ifft,complex64,4096,8,ifft_complex64_n4096_b8,0.154296713231,0.153952581418,0.000146085887339,9,129,ok,
candidate_staged,ifft,complex64,4096,16,ifft_complex64_n4096_b16,0.288971633007,0.288730882697,0.000181381919366,9,68,ok,
candidate_staged,ifft,complex64,4096,32,ifft_complex64_n4096_b32,0.557357034025,0.556017865892,0.000346665425847,9,30,ok,
candidate_staged,ifft,complex64,4096,64,ifft_complex64_n4096_b64,1.09123944357,1.08926981705,0.000989961403387,9,27,ok,
candidate_staged,ifft,complex64,4096,256,ifft_complex64_n4096_b256,4.31787232325,4.31296316674,0.00260149439176,7,6,ok,
candidate_staged,ifft,complex64,4097,1,ifft_complex64_n4097_b1,0.143838730247,0.143727446154,8.06149238577e-05,7,130,ok,
candidate_staged,ifft,complex64,4097,2,ifft_complex64_n4097_b2,0.275863290881,0.275606139136,0.000187013130118,7,72,ok,
candidate_staged,ifft,complex64,4097,4,ifft_complex64_n4097_b4,0.216693406321,0.216251483525,0.000112407308604,7,91,ok,
candidate_staged,ifft,complex64,4097,8,ifft_complex64_n4097_b8,0.4175112984,0.416759681452,0.000241958100269,7,47,ok,
candidate_staged,ifft,complex64,4097,16,ifft_complex64_n4097_b16,0.81576523371,0.811055733357,0.00198676716536,7,30,ok,
candidate_staged,ifft,complex64,4097,32,ifft_complex64_n4097_b32,1.60981083496,1.60565144486,0.00161022439392,7,18,ok,
candidate_staged,ifft,complex64,4097,64,ifft_complex64_n4097_b64,3.20115166768,3.19109621665,0.00606910584288,7,9,ok,
candidate_staged,ifft,complex64,4097,256,ifft_complex64_n4097_b256,12.7747030153,12.726359341,0.0430669945975,7,3,ok,
candidate_staged,ifft,complex64,4608,1,ifft_complex64_n4608_b1,0.034050224931,0.0338787550572,6.24149106443e-05,7,200,ok,
candidate_staged,ifft,complex64,4608,2,ifft_complex64_n4608_b2,0.0692558154697,0.0689836544916,6.17146724835e-05,7,200,ok,
candidate_staged,ifft,complex64,4608,4,ifft_complex64_n4608_b4,0.102548426826,0.102287779047,8.27847734878e-05,7,190,ok,
candidate_staged,ifft,complex64,4608,8,ifft_complex64_n4608_b8,0.184099085718,0.182836438485,0.00111895302931,7,105,ok,
candidate_staged,ifft,complex64,4608,16,ifft_complex64_n4608_b16,0.361921766307,0.353606565235,0.00802599824965,7,30,ok,
candidate_staged,ifft,complex64,4608,32,ifft_complex64_n4608_b32,0.682053866331,0.677416531835,0.00356129991512,7,30,ok,
candidate_staged,ifft,complex64,4608,64,ifft_complex64_n4608_b64,1.34009313346,1.31721677132,0.00550662992861,7,22,ok,
candidate_staged,ifft,complex64,4608,256,ifft_complex64_n4608_b256,5.23508100305,5.20992798265,0.0178634189069,7,5,ok,
candidate_staged,ifft,complex64,8192,1,ifft_complex64_n8192_b1,0.0566696148599,0.0564309151378,0.000221414957196,7,200,ok,
candidate_staged,ifft,complex64,8192,2,ifft_complex64_n8192_b2,0.109226033776,0.108674390236,0.000551643539325,7,177,ok,
candidate_staged,ifft,complex64,8192,4,ifft_complex64_n8192_b4,0.187077046644,0.185992009718,0.000814443788017,7,106,ok,
candidate_staged,ifft,complex64,8192,8,ifft_complex64_n8192_b8,0.341656544295,0.340225806117,0.000901334396188,7,57,ok,
candidate_staged,ifft,complex64,8192,16,ifft_complex64_n8192_b16,0.648717597748,0.647834300374,0.000883297373851,7,30,ok,
candidate_staged,ifft,complex64,8192,32,ifft_complex64_n8192_b32,1.26650395459,1.26347569344,0.00160213296666,7,23,ok,
candidate_staged,ifft,complex64,8192,64,ifft_complex64_n8192_b64,2.53142854622,2.51913381825,0.00456763981757,7,11,ok,
candidate_staged,ifft,complex64,8192,256,ifft_complex64_n8192_b256,10.8705343446,10.7763483344,0.0394170250123,7,3,ok,
candidate_staged,ifft,complex64,16384,1,ifft_complex64_n16384_b1,0.109725888668,0.109246217869,0.000350485561031,7,179,ok,
candidate_staged,ifft,complex64,16384,2,ifft_complex64_n16384_b2,0.195403980529,0.194210764569,0.000718206066784,7,102,ok,
candidate_staged,ifft,complex64,16384,4,ifft_complex64_n16384_b4,0.350526105779,0.349278071163,0.000454786848942,7,56,ok,
candidate_staged,ifft,complex64,16384,8,ifft_complex64_n16384_b8,0.666254700627,0.661890530804,0.00110706314445,7,30,ok,
candidate_staged,ifft,complex64,16384,16,ifft_complex64_n16384_b16,1.30889258898,1.30025968379,0.00430122864517,7,22,ok,
candidate_staged,ifft,complex64,16384,32,ifft_complex64_n16384_b32,2.6263885454,2.61599909176,0.00946680930528,7,11,ok,
candidate_staged,ifft,complex64,16384,64,ifft_complex64_n16384_b64,5.28210278135,5.2606388228,0.0152584165335,7,5,ok,
candidate_staged,ifft,complex64,16384,256,ifft_complex64_n16384_b256,23.9637249615,23.6385678872,0.0783659052104,7,1,ok,
candidate_staged,ifft,complex64,32768,1,ifft_complex64_n32768_b1,0.221536583738,0.220803078264,0.000688482829359,7,89,ok,
candidate_staged,ifft,complex64,32768,2,ifft_complex64_n32768_b2,0.395403205588,0.39510671477,0.00029649081811,7,49,ok,
candidate_staged,ifft,complex64,32768,4,ifft_complex64_n32768_b4,0.739763968159,0.737100633948,0.000647529183576,7,30,ok,
candidate_staged,ifft,complex64,32768,8,ifft_complex64_n32768_b8,1.40955795068,1.40664899955,0.00290895113721,7,20,ok,
candidate_staged,ifft,complex64,32768,16,ifft_complex64_n32768_b16,2.95084489044,2.94686650159,0.00369199551642,7,10,ok,
candidate_staged,ifft,complex64,32768,32,ifft_complex64_n32768_b32,5.63914941158,5.62534360215,0.0138058094308,7,5,ok,
candidate_staged,ifft,complex64,32768,64,ifft_complex64_n32768_b64,11.6458753667,11.5322130344,0.0501100439578,7,3,ok,
candidate_staged,ifft,complex64,32768,256,ifft_complex64_n32768_b256,49.0180969937,48.1985170627,0.177392037585,7,1,ok,
candidate_staged,ifft,complex64,65536,1,ifft_complex64_n65536_b1,0.468447785048,0.463441762674,0.000738524942703,7,42,ok,
candidate_staged,ifft,complex64,65536,2,ifft_complex64_n65536_b2,0.868469600876,0.864808102294,0.00109370254601,7,30,ok,
candidate_staged,ifft,complex64,65536,4,ifft_complex64_n65536_b4,1.65792127761,1.65659155593,0.00132972167598,7,18,ok,
candidate_staged,ifft,complex64,65536,8,ifft_complex64_n65536_b8,3.23415444129,3.21531366919,0.00399300673356,7,9,ok,
candidate_staged,ifft,complex64,65536,16,ifft_complex64_n65536_b16,6.49904747843,6.41957673361,0.0794707448222,7,4,ok,
candidate_staged,ifft,complex64,65536,32,ifft_complex64_n65536_b32,13.2170253589,13.1979196643,0.0191056945672,7,3,ok,
candidate_staged,ifft,complex64,65536,64,ifft_complex64_n65536_b64,27.8024430154,27.7745909989,0.0240140361711,7,1,ok,
candidate_staged,ifft,complex64,65536,256,ifft_complex64_n65536_b256,108.180286014,107.656285982,0.0664329854771,7,1,ok,
candidate_staged,ifft,complex128,2048,1,ifft_complex128_n2048_b1,0.0171375591914,0.0170443456959,9.32134955325e-05,9,599,ok,
candidate_staged,ifft,complex128,2048,2,ifft_complex128_n2048_b2,0.0321041216429,0.0317652294318,0.000141481730079,9,436,ok,
candidate_staged,ifft,complex128,2048,4,ifft_complex128_n2048_b4,0.0514200649923,0.0511508603813,7.1789836511e-05,9,200,ok,
candidate_staged,ifft,complex128,2048,8,ifft_complex128_n2048_b8,0.0896893703612,0.0889831548557,0.000589605187997,9,200,ok,
candidate_staged,ifft,complex128,2048,16,ifft_complex128_n2048_b16,0.164611672517,0.163717767432,0.000250473586393,9,116,ok,
candidate_staged,ifft,complex128,2048,32,ifft_complex128_n2048_b32,0.314998793386,0.31350219127,0.000640873738106,9,63,ok,
candidate_staged,ifft,complex128,2048,64,ifft_complex128_n2048_b64,0.615396067345,0.614468702891,0.000693967255453,9,30,ok,
candidate_staged,ifft,complex128,2048,256,ifft_complex128_n2048_b256,2.49970250297,2.45471100789,0.0173272467994,7,12,ok,
candidate_staged,ifft,complex128,3072,1,ifft_complex128_n3072_b1,0.0243094089356,0.0241228963502,0.000104630704631,9,550,ok,
candidate_staged,ifft,complex128,3072,2,ifft_complex128_n3072_b2,0.0486187299248,0.0484238151694,0.000184195232578,9,200,ok,
candidate_staged,ifft,complex128,3072,4,ifft_complex128_n3072_b4,0.0772832048824,0.0763163447846,0.000667895074002,9,200,ok,
candidate_staged,ifft,complex128,3072,8,ifft_complex128_n3072_b8,0.13926258172,0.136958142075,0.000893298523329,9,141,ok,
candidate_staged,ifft,complex128,3072,16,ifft_complex128_n3072_b16,0.260858307593,0.259010400623,0.00078530731396,9,65,ok,
candidate_staged,ifft,complex128,3072,32,ifft_complex128_n3072_b32,0.495656498242,0.493613032935,0.0020434653076,9,30,ok,
candidate_staged,ifft,complex128,3072,64,ifft_complex128_n3072_b64,0.977624099081,0.974352335713,0.0020638651525,9,30,ok,
candidate_staged,ifft,complex128,3072,256,ifft_complex128_n3072_b256,4.16875386145,4.08609243043,0.0826614310167,7,7,ok,
candidate_staged,ifft,complex128,3584,1,ifft_complex128_n3584_b1,0.0271553533009,0.0268499896581,0.000296896592952,9,484,ok,
candidate_staged,ifft,complex128,3584,2,ifft_complex128_n3584_b2,0.0514447048772,0.050555645139,0.000185549724847,9,200,ok,
candidate_staged,ifft,complex128,3584,4,ifft_complex128_n3584_b4,0.0837601948297,0.083555514575,4.70905797556e-05,9,200,ok,
candidate_staged,ifft,complex128,3584,8,ifft_complex128_n3584_b8,0.152752146376,0.152246815224,0.000249084909088,9,130,ok,
candidate_staged,ifft,complex128,3584,16,ifft_complex128_n3584_b16,0.290256754522,0.288896392558,0.00117959427661,9,69,ok,
candidate_staged,ifft,complex128,3584,32,ifft_complex128_n3584_b32,0.564243566866,0.560969102662,0.00268970228111,9,30,ok,
candidate_staged,ifft,complex128,3584,64,ifft_complex128_n3584_b64,1.12131300072,1.11393177778,0.00500826044353,9,27,ok,
candidate_staged,ifft,complex128,3584,256,ifft_complex128_n3584_b256,4.89069181882,4.81983301385,0.022600327308,7,6,ok,
candidate_staged,ifft,complex128,4095,1,ifft_complex128_n4095_b1,0.0434050276835,0.0431622902397,0.000149629619202,9,324,ok,
candidate_staged,ifft,complex128,4095,2,ifft_complex128_n4095_b2,0.0712810998084,0.0709406100214,0.000145074445754,9,200,ok,
candidate_staged,ifft,complex128,4095,4,ifft_complex128_n4095_b4,0.132310510083,0.130714594502,0.00098418958753,9,153,ok,
candidate_staged,ifft,complex128,4095,8,ifft_complex128_n4095_b8,0.248966538586,0.247306141178,0.000982473676021,9,78,ok,
candidate_staged,ifft,complex128,4095,16,ifft_complex128_n4095_b16,0.481810608152,0.479520730129,0.00184980255165,9,41,ok,
candidate_staged,ifft,complex128,4095,32,ifft_complex128_n4095_b32,0.942900233592,0.939001666848,0.0031448667869,9,30,ok,
candidate_staged,ifft,complex128,4095,64,ifft_complex128_n4095_b64,1.86449950706,1.84194243775,0.0132985660457,9,16,ok,
candidate_staged,ifft,complex128,4095,256,ifft_complex128_n4095_b256,7.95501851826,7.64597926172,0.160382245667,7,4,ok,
candidate_staged,ifft,complex128,4096,1,ifft_complex128_n4096_b1,0.0313302493352,0.0308873471077,0.000279894997398,9,429,ok,
candidate_staged,ifft,complex128,4096,2,ifft_complex128_n4096_b2,0.0582643929645,0.0579425344653,0.000190722429393,9,191,ok,
candidate_staged,ifft,complex128,4096,4,ifft_complex128_n4096_b4,0.0979860598454,0.097748520202,0.000138505129144,9,200,ok,
candidate_staged,ifft,complex128,4096,8,ifft_complex128_n4096_b8,0.177209055128,0.175214963196,0.00103099972283,9,109,ok,
candidate_staged,ifft,complex128,4096,16,ifft_complex128_n4096_b16,0.334418101314,0.329454314973,0.000729863919939,9,60,ok,
candidate_staged,ifft,complex128,4096,32,ifft_complex128_n4096_b32,0.644856435247,0.641257366321,0.0021811031426,9,30,ok,
candidate_staged,ifft,complex128,4096,64,ifft_complex128_n4096_b64,1.28431263676,1.27261850073,0.00462045533244,9,22,ok,
candidate_staged,ifft,complex128,4096,256,ifft_complex128_n4096_b256,5.51006039605,5.4499282036,0.0601321924478,7,5,ok,
candidate_staged,ifft,complex128,4097,1,ifft_complex128_n4097_b1,0.116814319213,0.115219234343,0.000745241098241,7,166,ok,
candidate_staged,ifft,complex128,4097,2,ifft_complex128_n4097_b2,0.191438162342,0.190101727382,0.00111522232982,7,99,ok,
candidate_staged,ifft,complex128,4097,4,ifft_complex128_n4097_b4,0.364557184555,0.3636720185,0.000878666199882,7,54,ok,
candidate_staged,ifft,complex128,4097,8,ifft_complex128_n4097_b8,0.715345713875,0.713860786553,0.00115071556398,7,28,ok,
candidate_staged,ifft,complex128,4097,16,ifft_complex128_n4097_b16,1.39610204912,1.39427580871,0.00130671763881,7,21,ok,
candidate_staged,ifft,complex128,4097,32,ifft_complex128_n4097_b32,2.77689800132,2.77287650388,0.00260280212387,7,10,ok,
candidate_staged,ifft,complex128,4097,64,ifft_complex128_n4097_b64,5.55088280234,5.53833721206,0.0111205969006,7,5,ok,
candidate_staged,ifft,complex128,4097,256,ifft_complex128_n4097_b256,22.6837650407,22.5440149661,0.0991540728137,7,1,ok,
candidate_staged,ifft,complex128,4608,1,ifft_complex128_n4608_b1,0.036975289695,0.0365245452849,0.000121929915622,7,200,ok,
candidate_staged,ifft,complex128,4608,2,ifft_complex128_n4608_b2,0.069831989822,0.0696345703909,6.30703289062e-05,7,200,ok,
candidate_staged,ifft,complex128,4608,4,ifft_complex128_n4608_b4,0.118841896654,0.118476142811,0.000365753842902,7,126,ok,
candidate_staged,ifft,complex128,4608,8,ifft_complex128_n4608_b8,0.219297798068,0.218780976825,0.00051682124312,7,89,ok,
candidate_staged,ifft,complex128,4608,16,ifft_complex128_n4608_b16,0.414321633677,0.412753364071,0.0012346310541,7,30,ok,
candidate_staged,ifft,complex128,4608,32,ifft_complex128_n4608_b32,0.801213035205,0.792982669858,0.0026850340267,7,30,ok,
candidate_staged,ifft,complex128,4608,64,ifft_complex128_n4608_b64,1.58309015617,1.57934210361,0.00283157599992,7,19,ok,
candidate_staged,ifft,complex128,4608,256,ifft_complex128_n4608_b256,6.74694201443,6.70261920895,0.0191138125956,7,5,ok,
candidate_staged,ifft,complex128,8192,1,ifft_complex128_n8192_b1,0.0618475797819,0.0615494750673,0.000200825161301,7,200,ok,
candidate_staged,ifft,complex128,8192,2,ifft_complex128_n8192_b2,0.118455176433,0.117376693935,6.01059154553e-05,7,170,ok,
candidate_staged,ifft,complex128,8192,4,ifft_complex128_n8192_b4,0.207479531688,0.205545287401,0.00134197886082,7,94,ok,
candidate_staged,ifft,complex128,8192,8,ifft_complex128_n8192_b8,0.382312259171,0.373396200594,0.00417140079662,7,50,ok,
candidate_staged,ifft,complex128,8192,16,ifft_complex128_n8192_b16,0.739398633596,0.733103533275,0.00381846912205,7,30,ok,
candidate_staged,ifft,complex128,8192,32,ifft_complex128_n8192_b32,1.4508334978,1.4403754496,0.00926129869185,7,20,ok,
candidate_staged,ifft,complex128,8192,64,ifft_complex128_n8192_b64,3.03592655756,2.89892732528,0.0512845581397,7,9,ok,
candidate_staged,ifft,complex128,8192,256,ifft_complex128_n8192_b256,14.678688487,14.5304309553,0.0619349884801,7,2,ok,
candidate_staged,ifft,complex128,16384,1,ifft_complex128_n16384_b1,0.184167591145,0.183287762948,0.000402839144781,7,105,ok,
candidate_staged,ifft,complex128,16384,2,ifft_complex128_n16384_b2,0.373975641779,0.37188854789,0.00159922583064,7,53,ok,
candidate_staged,ifft,complex128,16384,4,ifft_complex128_n16384_b4,0.737112632056,0.731444262244,0.00489948110448,7,27,ok,
candidate_staged,ifft,complex128,16384,8,ifft_complex128_n16384_b8,1.46092534997,1.45123975235,0.00553029822186,7,20,ok,
candidate_staged,ifft,complex128,16384,16,ifft_complex128_n16384_b16,2.90675649885,2.87582169985,0.00809209886938,7,10,ok,
candidate_staged,ifft,complex128,16384,32,ifft_complex128_n16384_b32,5.8823475847,5.78898137901,0.0812978250906,7,5,ok,
candidate_staged,ifft,complex128,16384,64,ifft_complex128_n16384_b64,12.9227844882,12.7719779848,0.15080650337,7,2,ok,
candidate_staged,ifft,complex128,16384,256,ifft_complex128_n16384_b256,52.3493069923,51.7996510025,0.430473941378,7,1,ok,
candidate_staged,ifft,complex128,32768,1,ifft_complex128_n32768_b1,0.432828844835,0.431409312619,0.0014101775984,7,45,ok,
candidate_staged,ifft,complex128,32768,2,ifft_complex128_n32768_b2,0.871331739725,0.867389172882,0.00172843346777,7,23,ok,
candidate_staged,ifft,complex128,32768,4,ifft_complex128_n32768_b4,1.74412959228,1.73728388515,0.00684570712859,7,17,ok,
candidate_staged,ifft,complex128,32768,8,ifft_complex128_n32768_b8,3.71407999774,3.57942099799,0.0949210079852,7,8,ok,
candidate_staged,ifft,complex128,32768,16,ifft_complex128_n32768_b16,7.03784124926,6.94488524459,0.0393512600567,7,4,ok,
candidate_staged,ifft,complex128,32768,32,ifft_complex128_n32768_b32,14.6793794702,14.4527159864,0.0788820325397,7,2,ok,
candidate_staged,ifft,complex128,32768,64,ifft_complex128_n32768_b64,30.5051199393,30.2694799611,0.0770230544731,7,1,ok,
candidate_staged,ifft,complex128,32768,256,ifft_complex128_n32768_b256,119.338809978,118.783592945,0.189565005712,7,1,ok,
candidate_staged,ifft,complex128,65536,1,ifft_complex128_n65536_b1,0.928886329001,0.925243333248,0.0012504336025,7,21,ok,
candidate_staged,ifft,complex128,65536,2,ifft_complex128_n65536_b2,1.84304505819,1.84020793677,0.0018696882762,7,16,ok,
candidate_staged,ifft,complex128,65536,4,ifft_complex128_n65536_b4,3.79001528823,3.74844485694,0.0210437158655,7,7,ok,
candidate_staged,ifft,complex128,65536,8,ifft_complex128_n65536_b8,7.7029063444,7.61387667929,0.0341770161564,7,3,ok,
candidate_staged,ifft,complex128,65536,16,ifft_complex128_n65536_b16,15.9302059328,15.8249989618,0.100948964246,7,1,ok,
candidate_staged,ifft,complex128,65536,32,ifft_complex128_n65536_b32,33.7613299489,33.4392180666,0.27125608176,7,1,ok,
candidate_staged,ifft,complex128,65536,64,ifft_complex128_n65536_b64,66.0125089344,65.9045079956,0.108000938781,7,1,ok,
candidate_staged,ifft,complex128,65536,256,ifft_complex128_n65536_b256,262.685608934,261.197370011,0.841661938466,7,1,ok,
