candidate,operation,dtype,n,batch,case_id,median_ms,best_ms,mad_ms,samples,loops,status,notes
old,fft,complex64,64,1,fft_complex64_n64_b1,0.00394148387509,0.00391813011595,1.40548886643e-05,9,1184,ok,
old,fft,complex64,64,2,fft_complex64_n64_b2,0.0045564797395,0.00450526941645,1.57872496863e-05,9,1678,ok,
old,fft,complex64,64,4,fft_complex64_n64_b4,0.00499385647709,0.00492465647403,2.49470467679e-05,9,2000,ok,
old,fft,complex64,64,8,fft_complex64_n64_b8,0.00574708153727,0.00571756600402,1.83744705282e-05,9,2000,ok,
old,fft,complex64,64,16,fft_complex64_n64_b16,0.00693601457567,0.00683716682129,4.23023686822e-05,9,1786,ok,
old,fft,complex64,64,32,fft_complex64_n64_b32,0.00973753529732,0.00965864031908,5.27950476396e-05,9,1332,ok,
old,fft,complex64,64,64,fft_complex64_n64_b64,0.0146921467279,0.0146696067834,1.57590388338e-05,9,913,ok,
old,fft,complex64,64,256,fft_complex64_n64_b256,0.200231877935,0.198727408281,0.000719010725389,7,98,ok,
old,fft,complex64,256,1,fft_complex64_n256_b1,0.0052328655147,0.00521423551254,5.14450948685e-06,9,2000,ok,
old,fft,complex64,256,2,fft_complex64_n256_b2,0.00606222329872,0.00602843814068,1.78654192914e-05,9,1545,ok,
old,fft,complex64,256,4,fft_complex64_n256_b4,0.00754905231056,0.00750478515527,1.54336074239e-05,9,1778,ok,
old,fft,complex64,256,8,fft_complex64_n256_b8,0.0103290815709,0.0102929218048,2.68904557143e-05,9,1177,ok,
old,fft,complex64,256,16,fft_complex64_n256_b16,0.0160187750293,0.0158576625585,1.15574935525e-05,9,827,ok,
old,fft,complex64,256,32,fft_complex64_n256_b32,0.0270445051137,0.0266583799385,0.000230934820138,9,200,ok,
old,fft,complex64,256,64,fft_complex64_n256_b64,0.2082276698,0.206498138141,0.000917041882318,9,94,ok,
old,fft,complex64,256,256,fft_complex64_n256_b256,0.895411186364,0.887696187766,0.00669542212217,7,21,ok,
old,fft,complex64,1024,1,fft_complex64_n1024_b1,0.010041098405,0.00999611539314,2.21251124476e-05,9,1239,ok,
old,fft,complex64,1024,2,fft_complex64_n1024_b2,0.012700725011,0.0126520663168,4.65106075773e-05,9,1040,ok,
old,fft,complex64,1024,4,fft_complex64_n1024_b4,0.0197592027141,0.0194889821801,0.000140428772732,9,730,ok,
old,fft,complex64,1024,8,fft_complex64_n1024_b8,0.033848839812,0.0335021852516,0.000143320066854,9,200,ok,
old,fft,complex64,1024,16,fft_complex64_n1024_b16,0.0620399951003,0.0615585950436,0.000189909478649,9,200,ok,
old,fft,complex64,1024,32,fft_complex64_n1024_b32,0.11663862842,0.113076450894,0.00270270095093,9,164,ok,
old,fft,complex64,1024,64,fft_complex64_n1024_b64,0.949362001847,0.947177904891,0.000665703555569,9,20,ok,
old,fft,complex64,1024,256,fft_complex64_n1024_b256,2.44003724462,2.40372399761,0.0223787501454,7,12,ok,
old,fft,complex64,2048,1,fft_complex64_n2048_b1,0.0180785074764,0.0178774653238,0.000132719153384,9,737,ok,
old,fft,complex64,2048,2,fft_complex64_n2048_b2,0.0257229004165,0.0250502347921,0.000605886885456,9,592,ok,
old,fft,complex64,2048,4,fft_complex64_n2048_b4,0.0428995897528,0.0427146453876,0.000137354945764,9,200,ok,
old,fft,complex64,2048,8,fft_complex64_n2048_b8,0.0811544095632,0.0801400048658,0.000420285505243,9,200,ok,
old,fft,complex64,2048,16,fft_complex64_n2048_b16,0.143030993452,0.142176958852,0.000451723698879,9,148,ok,
old,fft,complex64,2048,32,fft_complex64_n2048_b32,0.284959917662,0.282349890866,0.001236393645,9,74,ok,
old,fft,complex64,2048,64,fft_complex64_n2048_b64,0.540145734946,0.538393436,0.00147680208708,9,30,ok,
old,fft,complex64,2048,256,fft_complex64_n2048_b256,4.15714256399,4.01013785241,0.133009727246,7,7,ok,
old,fft,complex64,3072,1,fft_complex64_n3072_b1,0.0244859088957,0.0243931787809,4.86133813885e-05,9,548,ok,
old,fft,complex64,3072,2,fft_complex64_n3072_b2,0.0327461148845,0.0323207705515,0.000248764990829,9,200,ok,
old,fft,complex64,3072,4,fft_complex64_n3072_b4,0.0565181754064,0.0558175594779,0.000209194258787,9,200,ok,
old,fft,complex64,3072,8,fft_complex64_n3072_b8,0.103880716662,0.102746657738,0.000471475827981,9,187,ok,
old,fft,complex64,3072,16,fft_complex64_n3072_b16,0.198462736597,0.195453389499,0.00178524243988,9,95,ok,
old,fft,complex64,3072,32,fft_complex64_n3072_b32,0.386376865208,0.382617802825,0.000432168599218,9,30,ok,
old,fft,complex64,3072,64,fft_complex64_n3072_b64,0.771374464966,0.764381000772,0.00341776370381,9,30,ok,
old,fft,complex64,3072,256,fft_complex64_n3072_b256,5.79619079363,5.53736060392,0.116474810056,7,5,ok,
old,fft,complex64,3584,1,fft_complex64_n3584_b1,0.0274207099502,0.0273605143659,4.10845480215e-05,9,486,ok,
old,fft,complex64,3584,2,fft_complex64_n3584_b2,0.0345524598379,0.0342729850672,0.000126489903778,9,200,ok,
old,fft,complex64,3584,4,fft_complex64_n3584_b4,0.0602888100548,0.0592482049251,0.000282934634015,9,200,ok,
old,fft,complex64,3584,8,fft_complex64_n3584_b8,0.109927284465,0.10854770986,0.000891680746565,9,169,ok,
old,fft,complex64,3584,16,fft_complex64_n3584_b16,0.210395244519,0.206323378047,0.00318786672627,9,90,ok,
old,fft,complex64,3584,32,fft_complex64_n3584_b32,0.405527166246,0.403964899791,0.00131713071217,9,30,ok,
old,fft,complex64,3584,64,fft_complex64_n3584_b64,0.806412267654,0.794825163515,0.00238580008348,9,30,ok,
old,fft,complex64,3584,256,fft_complex64_n3584_b256,6.14587077871,6.04128674604,0.0948155357037,7,4,ok,
old,fft,complex64,4095,1,fft_complex64_n4095_b1,0.0392705339358,0.039029123411,0.000228546272365,9,324,ok,
old,fft,complex64,4095,2,fft_complex64_n4095_b2,0.0538548745681,0.0537569902372,9.78843308985e-05,9,200,ok,
old,fft,complex64,4095,4,fft_complex64_n4095_b4,0.0987757667474,0.0983022843596,0.000314553017695,9,197,ok,
old,fft,complex64,4095,8,fft_complex64_n4095_b8,0.186053855998,0.184211319495,0.00151243305659,9,97,ok,
old,fft,complex64,4095,16,fft_complex64_n4095_b16,0.358804626683,0.35519176391,0.00361286277207,9,51,ok,
old,fft,complex64,4095,32,fft_complex64_n4095_b32,0.710024867052,0.702086933112,0.00314956608539,9,30,ok,
old,fft,complex64,4095,64,fft_complex64_n4095_b64,1.41862609889,1.40230440302,0.0145438476466,9,20,ok,
old,fft,complex64,4095,256,fft_complex64_n4095_b256,9.28823234669,9.08476036663,0.175042000289,7,3,ok,
old,fft,complex64,4096,1,fft_complex64_n4096_b1,0.0344423827267,0.0341797408498,8.04717319063e-05,9,405,ok,
old,fft,complex64,4096,2,fft_complex64_n4096_b2,0.0454415200511,0.0450463255402,0.000225324765779,9,200,ok,
old,fft,complex64,4096,4,fft_complex64_n4096_b4,0.0822659448022,0.081769664539,0.000252269674093,9,200,ok,
old,fft,complex64,4096,8,fft_complex64_n4096_b8,0.154401640318,0.151833482577,0.00218093893572,9,114,ok,
old,fft,complex64,4096,16,fft_complex64_n4096_b16,0.295905887874,0.294598721666,0.000769484257843,9,72,ok,
old,fft,complex64,4096,32,fft_complex64_n4096_b32,0.583420034188,0.581051234622,0.00183680094779,9,30,ok,
old,fft,complex64,4096,64,fft_complex64_n4096_b64,1.15105007829,1.13919280613,0.00276134904617,9,26,ok,
old,fft,complex64,4096,256,fft_complex64_n4096_b256,7.9721196865,7.83238067136,0.022472658505,7,3,ok,
old,fft,complex64,4097,1,fft_complex64_n4097_b1,0.181478962833,0.180541037225,0.000580158476309,7,107,ok,
old,fft,complex64,4097,2,fft_complex64_n4097_b2,0.213346924753,0.211337343439,0.000724041964659,7,93,ok,
old,fft,complex64,4097,4,fft_complex64_n4097_b4,0.351595334467,0.350523498599,0.000955131663768,7,54,ok,
old,fft,complex64,4097,8,fft_complex64_n4097_b8,0.636125032249,0.634535257104,0.00158977514553,7,31,ok,
old,fft,complex64,4097,16,fft_complex64_n4097_b16,1.20623353966,1.20109179503,0.00343183152533,7,24,ok,
old,fft,complex64,4097,32,fft_complex64_n4097_b32,2.35548841495,2.33065841409,0.00600966935356,7,12,ok,
old,fft,complex64,4097,64,fft_complex64_n4097_b64,4.62343400189,4.59466833854,0.0180604984052,7,6,ok,
old,fft,complex64,4097,256,fft_complex64_n4097_b256,21.7915580142,21.5863919584,0.102212070487,7,1,ok,
old,fft,complex64,4608,1,fft_complex64_n4608_b1,0.0361010199413,0.0358765450073,8.2504702732e-05,7,200,ok,
old,fft,complex64,4608,2,fft_complex64_n4608_b2,0.0456624804065,0.0453096197452,0.000133504508995,7,200,ok,
old,fft,complex64,4608,4,fft_complex64_n4608_b4,0.0804256397532,0.0798029202269,0.000483409967273,7,200,ok,
old,fft,complex64,4608,8,fft_complex64_n4608_b8,0.149341648466,0.148731445734,0.000512679434905,7,128,ok,
old,fft,complex64,4608,16,fft_complex64_n4608_b16,0.299933467371,0.295696834413,0.00204819953069,7,30,ok,
old,fft,complex64,4608,32,fft_complex64_n4608_b32,0.56315396602,0.561613733104,0.00127173261717,7,30,ok,
old,fft,complex64,4608,64,fft_complex64_n4608_b64,1.12121996004,1.11274764407,0.00434699933976,7,25,ok,
old,fft,complex64,4608,256,fft_complex64_n4608_b256,8.22811069277,8.15182431446,0.0341342917333,7,3,ok,
old,fft,complex64,8192,1,fft_complex64_n8192_b1,0.0716409349116,0.070832669735,0.000232335296459,7,200,ok,
old,fft,complex64,8192,2,fft_complex64_n8192_b2,0.0850134599023,0.0842391501646,0.000432764645666,7,200,ok,
old,fft,complex64,8192,4,fft_complex64_n8192_b4,0.15412224654,0.152462855637,0.00124530357672,7,118,ok,
old,fft,complex64,8192,8,fft_complex64_n8192_b8,0.300641346257,0.297860603715,0.000240813121842,7,58,ok,
old,fft,complex64,8192,16,fft_complex64_n8192_b16,0.579264899716,0.573951234886,0.0019373333392,7,30,ok,
old,fft,complex64,8192,32,fft_complex64_n8192_b32,1.18857150135,1.15680868145,0.0161558220332,7,22,ok,
old,fft,complex64,8192,64,fft_complex64_n8192_b64,2.65469410224,2.61651340406,0.038180698175,7,10,ok,
old,fft,complex64,8192,256,fft_complex64_n8192_b256,17.5048200181,16.5710260044,0.492034479976,7,2,ok,
old,fft,complex64,16384,1,fft_complex64_n16384_b1,0.160441641128,0.159838164109,0.000369133886124,7,128,ok,
old,fft,complex64,16384,2,fft_complex64_n16384_b2,0.459778045876,0.454407293794,0.00208093446087,7,44,ok,
old,fft,complex64,16384,4,fft_complex64_n16384_b4,0.862862737647,0.858552910833,0.00325264915338,7,23,ok,
old,fft,complex64,16384,8,fft_complex64_n16384_b8,1.75726682776,1.72131817089,0.00681722950604,7,18,ok,
old,fft,complex64,16384,16,fft_complex64_n16384_b16,3.51398387284,3.44381699688,0.0133863795782,7,8,ok,
old,fft,complex64,16384,32,fft_complex64_n16384_b32,3.16495243977,3.08679667715,0.0292459994348,7,9,ok,
old,fft,complex64,16384,64,fft_complex64_n16384_b64,9.3288604985,8.40200396487,0.0814330414869,7,2,ok,
old,fft,complex64,16384,256,fft_complex64_n16384_b256,34.7257460235,34.3822910218,0.167845981196,7,1,ok,
old,fft,complex64,32768,1,fft_complex64_n32768_b1,0.403066140799,0.400368215716,0.00175257030475,7,28,ok,
old,fft,complex64,32768,2,fft_complex64_n32768_b2,0.554528557695,0.549303162843,0.00214080326259,7,25,ok,
old,fft,complex64,32768,4,fft_complex64_n32768_b4,1.96725240288,1.91663193206,0.00854607205838,7,15,ok,
old,fft,complex64,32768,8,fft_complex64_n32768_b8,3.06560132756,2.99180934154,0.0228896581878,7,9,ok,
old,fft,complex64,32768,16,fft_complex64_n32768_b16,3.30946277568,3.22550611519,0.0565641093999,7,9,ok,
old,fft,complex64,32768,32,fft_complex64_n32768_b32,9.79404448299,9.25110949902,0.281148066279,7,2,ok,
old,fft,complex64,32768,64,fft_complex64_n32768_b64,17.6186290337,17.3515819479,0.267047085799,7,2,ok,
old,fft,complex64,32768,256,fft_complex64_n32768_b256,122.575672925,119.505004026,1.48615206126,7,1,ok,
old,fft,complex64,65536,1,fft_complex64_n65536_b1,0.797169738571,0.791512171576,0.00428369410498,7,23,ok,
old,fft,complex64,65536,2,fft_complex64_n65536_b2,0.829367067975,0.828065599004,0.00130146897088,7,30,ok,
old,fft,complex64,65536,4,fft_complex64_n65536_b4,2.35657476108,2.34058411682,0.00661475967397,7,17,ok,
old,fft,complex64,65536,8,fft_complex64_n65536_b8,3.26859840425,3.22399470024,0.0271079945378,7,10,ok,
old,fft,complex64,65536,16,fft_complex64_n65536_b16,11.6517340066,11.4531609579,0.0667799613439,7,2,ok,
old,fft,complex64,65536,32,fft_complex64_n65536_b32,19.2649060045,19.1594079952,0.0870340154506,7,2,ok,
old,fft,complex64,65536,64,fft_complex64_n65536_b64,39.2088079825,38.8454260537,0.133750960231,7,1,ok,
old,fft,complex64,65536,256,fft_complex64_n65536_b256,147.87841693,146.925806999,0.761239905842,7,1,ok,
old,fft,complex128,64,1,fft_complex128_n64_b1,0.00325240503298,0.00323554303031,3.9775040932e-06,9,2000,ok,
old,fft,complex128,64,2,fft_complex128_n64_b2,0.00360553851351,0.00355640647467,6.63701212034e-06,9,2000,ok,
old,fft,complex128,64,4,fft_complex128_n64_b4,0.00382786605041,0.00382098299451,6.88305590302e-06,9,2000,ok,
old,fft,complex128,64,8,fft_complex128_n64_b8,0.00437881599646,0.00435722549446,7.21850665286e-06,9,2000,ok,
old,fft,complex128,64,16,fft_complex128_n64_b16,0.00543450447731,0.00540022499627,2.32040183619e-05,9,2000,ok,
old,fft,complex128,64,32,fft_complex128_n64_b32,0.00743238506141,0.00737100636584,1.93620998802e-05,9,1883,ok,
old,fft,complex128,64,64,fft_complex128_n64_b64,0.0114398592951,0.0114027082088,3.71510863687e-05,9,1244,ok,
old,fft,complex128,64,256,fft_complex128_n64_b256,0.0362348748604,0.0361492595403,8.56153201312e-05,7,200,ok,
old,fft,complex128,256,1,fft_complex128_n256_b1,0.00429527449887,0.00427994551137,5.71046257392e-06,9,2000,ok,
old,fft,complex128,256,2,fft_complex128_n256_b2,0.00484898453578,0.00483001349494,1.14814611152e-05,9,2000,ok,
old,fft,complex128,256,4,fft_complex128_n256_b4,0.00600877299439,0.00599254248664,1.62305077538e-05,9,2000,ok,
old,fft,complex128,256,8,fft_complex128_n256_b8,0.00822651005726,0.00819888489271,1.07724645779e-05,9,1582,ok,
old,fft,complex128,256,16,fft_complex128_n256_b16,0.0128129344772,0.0127331753769,5.21337444132e-05,9,1100,ok,
old,fft,complex128,256,32,fft_complex128_n256_b32,0.0219836499309,0.0217570253881,6.70249573886e-05,9,200,ok,
old,fft,complex128,256,64,fft_complex128_n256_b64,0.0396453798749,0.0393106002593,4.55899862573e-05,9,200,ok,
old,fft,complex128,256,256,fft_complex128_n256_b256,0.143618453998,0.143328327451,0.000187151814897,7,119,ok,
old,fft,complex128,1024,1,fft_complex128_n1024_b1,0.00858154786441,0.00850655372082,2.92404193783e-05,9,1535,ok,
old,fft,complex128,1024,2,fft_complex128_n1024_b2,0.0111423612516,0.0108858275691,0.000125530412136,9,1218,ok,
old,fft,complex128,1024,4,fft_complex128_n1024_b4,0.0169529846853,0.0168114638827,0.00010387442962,9,845,ok,
old,fft,complex128,1024,8,fft_complex128_n1024_b8,0.0285685696872,0.0284562096931,7.9499441199e-05,9,200,ok,
old,fft,complex128,1024,16,fft_complex128_n1024_b16,0.0511940749129,0.051016540383,7.54446955398e-05,9,200,ok,
old,fft,complex128,1024,32,fft_complex128_n1024_b32,0.0974912999664,0.0967486551963,0.00029064482078,9,200,ok,
old,fft,complex128,1024,64,fft_complex128_n1024_b64,0.190944368028,0.188960273144,0.0019840948846,9,106,ok,
old,fft,complex128,1024,256,fft_complex128_n1024_b256,0.748075366331,0.737936301933,0.000909735293438,7,30,ok,
old,fft,complex128,2048,1,fft_complex128_n2048_b1,0.0167444538886,0.0166305335324,2.91714498041e-05,9,804,ok,
old,fft,complex128,2048,2,fft_complex128_n2048_b2,0.0217506290274,0.0215632595565,6.64621729755e-05,9,647,ok,
old,fft,complex128,2048,4,fft_complex128_n2048_b4,0.03732857469,0.0367750349687,0.000553539721295,9,200,ok,
old,fft,complex128,2048,8,fft_complex128_n2048_b8,0.108695927196,0.0821874137479,0.00136916775402,9,179,ok,
old,fft,complex128,2048,16,fft_complex128_n2048_b16,0.149235186577,0.134258238023,0.00370874551078,9,118,ok,
old,fft,complex128,2048,32,fft_complex128_n2048_b32,0.299812603136,0.287480855597,0.0123317475386,9,63,ok,
old,fft,complex128,2048,64,fft_complex128_n2048_b64,0.739400732952,0.725444833127,0.0114401336759,9,30,ok,
old,fft,complex128,2048,256,fft_complex128_n2048_b256,3.25198255531,3.23184133352,0.0201412217898,7,9,ok,
old,fft,complex128,3072,1,fft_complex128_n3072_b1,0.0460373237729,0.0448548836126,0.000707148997621,9,275,ok,
old,fft,complex128,3072,2,fft_complex128_n3072_b2,0.0556188850896,0.0554220651975,0.000173975131474,9,200,ok,
old,fft,complex128,3072,4,fft_complex128_n3072_b4,0.091804364929,0.0894651701674,0.00109190004878,9,200,ok,
old,fft,complex128,3072,8,fft_complex128_n3072_b8,0.163614417839,0.159988098694,0.000467105982367,9,122,ok,
old,fft,complex128,3072,16,fft_complex128_n3072_b16,0.208047768459,0.203901215886,0.00414655257303,9,65,ok,
old,fft,complex128,3072,32,fft_complex128_n3072_b32,0.381864033019,0.376763132711,0.00441193503017,9,30,ok,
old,fft,complex128,3072,64,fft_complex128_n3072_b64,0.780634830395,0.772001299386,0.00683586889257,9,30,ok,
old,fft,complex128,3072,256,fft_complex128_n3072_b256,3.91249886889,3.84199638211,0.0329971226165,7,8,ok,
old,fft,complex128,3584,1,fft_complex128_n3584_b1,0.0270770969078,0.0268876660968,0.000108956712587,9,464,ok,
old,fft,complex128,3584,2,fft_complex128_n3584_b2,0.0335262296721,0.033134399564,0.000156445312314,9,200,ok,
old,fft,complex128,3584,4,fft_complex128_n3584_b4,0.0622643699171,0.0580490549328,0.000258084619418,9,200,ok,
old,fft,complex128,3584,8,fft_complex128_n3584_b8,0.103796622445,0.103282227132,0.000297477019431,9,172,ok,
old,fft,complex128,3584,16,fft_complex128_n3584_b16,0.199859537515,0.195933032721,0.00151521426135,9,93,ok,
old,fft,complex128,3584,32,fft_complex128_n3584_b32,0.393125531264,0.388182234019,0.00148679828271,9,30,ok,
old,fft,complex128,3584,64,fft_complex128_n3584_b64,0.866520866596,0.840639268669,0.0196950005678,9,30,ok,
old,fft,complex128,3584,256,fft_complex128_n3584_b256,4.11326586202,4.05734785766,0.0367661538933,7,7,ok,
old,fft,complex128,4095,1,fft_complex128_n4095_b1,0.0399004244212,0.0394682480331,0.000157053900628,9,278,ok,
old,fft,complex128,4095,2,fft_complex128_n4095_b2,0.0544808502309,0.0538338848855,0.000471840030514,9,200,ok,
old,fft,complex128,4095,4,fft_complex128_n4095_b4,0.0998544234435,0.0970253785335,0.000823017520209,9,177,ok,
old,fft,complex128,4095,8,fft_complex128_n4095_b8,0.194780537331,0.185428443145,0.000573349853029,9,106,ok,
old,fft,complex128,4095,16,fft_complex128_n4095_b16,0.376317389411,0.36693454224,0.00369956504311,9,46,ok,
old,fft,complex128,4095,32,fft_complex128_n4095_b32,0.734519865364,0.722724699881,0.0107064299906,9,30,ok,
old,fft,complex128,4095,64,fft_complex128_n4095_b64,1.558118104,1.51662364951,0.0145863974467,9,20,ok,
old,fft,complex128,4095,256,fft_complex128_n4095_b256,6.96283800062,6.58430947806,0.240652239881,7,4,ok,
old,fft,complex128,4096,1,fft_complex128_n4096_b1,0.0342498512151,0.0337703343768,0.000241548418707,9,383,ok,
old,fft,complex128,4096,2,fft_complex128_n4096_b2,0.0455472146859,0.0448107800912,0.000282785622403,9,200,ok,
old,fft,complex128,4096,4,fft_complex128_n4096_b4,0.0789287249791,0.0785013247514,0.000223275274038,9,200,ok,
old,fft,complex128,4096,8,fft_complex128_n4096_b8,0.146899815613,0.14602763829,0.00087217732261,9,130,ok,
old,fft,complex128,4096,16,fft_complex128_n4096_b16,0.284635500066,0.282459703158,0.00106637344288,9,64,ok,
old,fft,complex128,4096,32,fft_complex128_n4096_b32,0.562389866294,0.553273033195,0.00592446497952,9,30,ok,
old,fft,complex128,4096,64,fft_complex128_n4096_b64,1.18891100283,1.1670269984,0.00805933086667,9,24,ok,
old,fft,complex128,4096,256,fft_complex128_n4096_b256,4.91695699748,4.89878966861,0.01528050052,7,6,ok,
old,fft,complex128,4097,1,fft_complex128_n4097_b1,0.190294364681,0.189463010126,0.000831354554975,7,96,ok,
old,fft,complex128,4097,2,fft_complex128_n4097_b2,0.222302200821,0.22098927156,0.00016289516626,7,85,ok,
old,fft,complex128,4097,4,fft_complex128_n4097_b4,0.367216471548,0.364425187966,0.000889962187634,7,53,ok,
old,fft,complex128,4097,8,fft_complex128_n4097_b8,0.651116623415,0.648142103555,0.00297451985936,7,29,ok,
old,fft,complex128,4097,16,fft_complex128_n4097_b16,1.25613978889,1.25275929167,0.00183757704993,7,24,ok,
old,fft,complex128,4097,32,fft_complex128_n4097_b32,2.51865075552,2.46547091713,0.0291372416541,7,12,ok,
old,fft,complex128,4097,64,fft_complex128_n4097_b64,5.01468899893,4.98285583065,0.0318331682744,7,6,ok,
old,fft,complex128,4097,256,fft_complex128_n4097_b256,19.3354639923,19.1967884894,0.0945024657995,7,2,ok,
old,fft,complex128,4608,1,fft_complex128_n4608_b1,0.0350776000414,0.0347852002596,0.000283034751192,7,200,ok,
old,fft,complex128,4608,2,fft_complex128_n4608_b2,0.0431784149259,0.0429067050572,0.000205335090868,7,200,ok,
old,fft,complex128,4608,4,fft_complex128_n4608_b4,0.0768629950471,0.075403804658,0.000343389692716,7,200,ok,
old,fft,complex128,4608,8,fft_complex128_n4608_b8,0.141217507189,0.140291843231,0.000778607292367,7,140,ok,
old,fft,complex128,4608,16,fft_complex128_n4608_b16,0.276284032346,0.275774400992,0.000354663158456,7,30,ok,
old,fft,complex128,4608,32,fft_complex128_n4608_b32,0.538820563816,0.534785333245,0.00219279512142,7,30,ok,
old,fft,complex128,4608,64,fft_complex128_n4608_b64,1.06820637954,1.04550962288,0.00473824008529,7,29,ok,
old,fft,complex128,4608,256,fft_complex128_n4608_b256,4.59578358568,4.56036918331,0.00294938217849,7,5,ok,
old,fft,complex128,8192,1,fft_complex128_n8192_b1,0.0715894397581,0.0695515103871,0.00184060481843,7,200,ok,
old,fft,complex128,8192,2,fft_complex128_n8192_b2,0.0837666651933,0.0835597747937,0.000206890399568,7,200,ok,
old,fft,complex128,8192,4,fft_complex128_n8192_b4,0.151422749695,0.151154898049,0.000188405465451,7,128,ok,
old,fft,complex128,8192,8,fft_complex128_n8192_b8,0.290022911017,0.28816582079,0.00185709022708,7,67,ok,
old,fft,complex128,8192,16,fft_complex128_n8192_b16,0.560246834842,0.559650365418,0.000596469423423,7,30,ok,
old,fft,complex128,8192,32,fft_complex128_n8192_b32,1.11708742154,1.11467211704,0.00241530450204,7,26,ok,
old,fft,complex128,8192,64,fft_complex128_n8192_b64,2.21921830402,2.21188754166,0.00733076236569,7,13,ok,
old,fft,complex128,8192,256,fft_complex128_n8192_b256,11.8228106682,11.4991323013,0.246760357792,7,3,ok,
old,fft,complex128,16384,1,fft_complex128_n16384_b1,0.136235794911,0.135932957377,0.000302837534101,7,141,ok,
old,fft,complex128,16384,2,fft_complex128_n16384_b2,0.1622226355,0.161074211285,0.000448920999211,7,99,ok,
old,fft,complex128,16384,4,fft_complex128_n16384_b4,0.308966619725,0.305627982809,0.000960000959987,7,55,ok,
old,fft,complex128,16384,8,fft_complex128_n16384_b8,0.59524923563,0.591566297226,0.0019576982595,7,30,ok,
old,fft,complex128,16384,16,fft_complex128_n16384_b16,1.1768355755,1.16200009472,0.0143960517432,7,21,ok,
old,fft,complex128,16384,32,fft_complex128_n16384_b32,2.3967580002,2.36209291457,0.0128187345002,7,11,ok,
old,fft,complex128,16384,64,fft_complex128_n16384_b64,4.98116179369,4.96143260971,0.0178232090548,7,5,ok,
old,fft,complex128,16384,256,fft_complex128_n16384_b256,26.2996170204,26.2507050065,0.0126640079543,7,1,ok,
old,fft,complex128,32768,1,fft_complex128_n32768_b1,0.29882728863,0.296765379255,0.000871179949944,7,66,ok,
old,fft,complex128,32768,2,fft_complex128_n32768_b2,0.333622877239,0.332984735961,0.000558000019923,7,49,ok,
old,fft,complex128,32768,4,fft_complex128_n32768_b4,0.632062736743,0.629696967856,0.00182477136453,7,30,ok,
old,fft,complex128,32768,8,fft_complex128_n32768_b8,1.3115528971,1.26249574823,0.00949079403654,7,20,ok,
old,fft,complex128,32768,16,fft_complex128_n32768_b16,2.62090871111,2.58832549443,0.0165221048519,7,10,ok,
old,fft,complex128,32768,32,fft_complex128_n32768_b32,5.39562123595,5.3818905144,0.0137307215482,7,4,ok,
old,fft,complex128,32768,64,fft_complex128_n32768_b64,14.5680629648,14.4017905113,0.0876095145941,7,2,ok,
old,fft,complex128,32768,256,fft_complex128_n32768_b256,55.795889115,55.3163380828,0.335360178724,7,1,ok,
old,fft,complex128,65536,1,fft_complex128_n65536_b1,0.61318943699,0.611958093941,0.000421405275119,7,32,ok,
old,fft,complex128,65536,2,fft_complex128_n65536_b2,0.748515167894,0.747259830435,0.000584432079146,7,30,ok,
old,fft,complex128,65536,4,fft_complex128_n65536_b4,1.73960911037,1.72675179171,0.0091244674925,7,19,ok,
old,fft,complex128,65536,8,fft_complex128_n65536_b8,2.96361125947,2.91232486779,0.0155066372827,7,8,ok,
old,fft,complex128,65536,16,fft_complex128_n65536_b16,6.26730400836,6.24399000662,0.0233140017372,7,4,ok,
old,fft,complex128,65536,32,fft_complex128_n65536_b32,13.1419920363,13.0814916532,0.0247032924866,7,3,ok,
old,fft,complex128,65536,64,fft_complex128_n65536_b64,27.4718190776,27.4161740672,0.0556450104341,7,1,ok,
old,fft,complex128,65536,256,fft_complex128_n65536_b256,107.519387966,106.434449903,0.850117998198,7,1,ok,
old,ifft,complex64,64,1,ifft_complex64_n64_b1,0.00399630982429,0.00391736044548,1.76846515387e-05,9,200,ok,
old,ifft,complex64,64,2,ifft_complex64_n64_b2,0.0044417095487,0.00441776949447,1.21924676932e-05,9,2000,ok,
old,ifft,complex64,64,4,ifft_complex64_n64_b4,0.00469878730202,0.00468877984425,4.09610205255e-06,9,1749,ok,
old,ifft,complex64,64,8,ifft_complex64_n64_b8,0.00532611546805,0.00530580250779,1.82839576155e-05,9,2000,ok,
old,ifft,complex64,64,16,ifft_complex64_n64_b16,0.00630968858099,0.00628831297894,1.350964284e-05,9,1917,ok,
old,ifft,complex64,64,32,ifft_complex64_n64_b32,0.00823091672711,0.00817427932446,3.70325376008e-05,9,1597,ok,
old,ifft,complex64,64,64,ifft_complex64_n64_b64,0.0118155220673,0.0117421560844,4.56604709096e-05,9,1134,ok,
old,ifft,complex64,64,256,ifft_complex64_n64_b256,0.0359450752148,0.0356568349525,0.000168270198628,7,200,ok,
old,ifft,complex64,256,1,ifft_complex64_n256_b1,0.00592287407259,0.00586956397352,2.10081182355e-05,9,1477,ok,
old,ifft,complex64,256,2,ifft_complex64_n256_b2,0.00746448570862,0.00726149829903,8.52685687797e-05,9,1750,ok,
old,ifft,complex64,256,4,ifft_complex64_n256_b4,0.0159129490906,0.00680888424521,0.00198021545329,9,1866,ok,
old,ifft,complex64,256,8,ifft_complex64_n256_b8,0.0218497152673,0.0208424343193,0.000466655827219,9,488,ok,
old,ifft,complex64,256,16,ifft_complex64_n256_b16,0.0321567348248,0.0308420557832,0.000932309126785,9,430,ok,
old,ifft,complex64,256,32,ifft_complex64_n256_b32,0.0538953498472,0.0501489598537,0.00162269978318,9,200,ok,
old,ifft,complex64,256,64,ifft_complex64_n256_b64,0.0924932601629,0.0900085450849,0.00150938518345,9,200,ok,
old,ifft,complex64,256,256,ifft_complex64_n256_b256,0.32211294941,0.31348108314,0.00233723355147,7,60,ok,
old,ifft,complex64,1024,1,ifft_complex64_n1024_b1,0.0254166667954,0.024199523139,0.000752671704304,9,564,ok,
old,ifft,complex64,1024,2,ifft_complex64_n1024_b2,0.0376309720903,0.0359163086008,0.00076713363847,9,360,ok,
old,ifft,complex64,1024,4,ifft_complex64_n1024_b4,0.0383014684277,0.0362025513979,0.000425171373146,9,350,ok,
old,ifft,complex64,1024,8,ifft_complex64_n1024_b8,0.061303715338,0.0593646249035,0.000448594801128,9,200,ok,
old,ifft,complex64,1024,16,ifft_complex64_n1024_b16,0.104550125336,0.0996225969427,0.00157258692758,9,191,ok,
old,ifft,complex64,1024,32,ifft_complex64_n1024_b32,0.185019673187,0.184253600045,0.000766073141924,9,110,ok,
old,ifft,complex64,1024,64,ifft_complex64_n1024_b64,0.349975292656,0.344589890235,0.00208536247638,9,55,ok,
old,ifft,complex64,1024,256,ifft_complex64_n1024_b256,1.36337123833,1.3570221906,0.0029331394693,7,21,ok,
old,ifft,complex64,2048,1,ifft_complex64_n2048_b1,0.0425298363111,0.0412802755212,0.000991012237853,9,330,ok,
old,ifft,complex64,2048,2,ifft_complex64_n2048_b2,0.0677320840877,0.065046474121,0.000578670242671,9,215,ok,
old,ifft,complex64,2048,4,ifft_complex64_n2048_b4,0.0642665848136,0.0629055249738,0.000754915527068,9,200,ok,
old,ifft,complex64,2048,8,ifft_complex64_n2048_b8,0.106910843897,0.104507635115,0.00111162019797,9,192,ok,
old,ifft,complex64,2048,16,ifft_complex64_n2048_b16,0.197620948358,0.193184040895,0.00128241811822,9,98,ok,
old,ifft,complex64,2048,32,ifft_complex64_n2048_b32,0.368713792238,0.362708358498,0.00438426471895,9,53,ok,
old,ifft,complex64,2048,64,ifft_complex64_n2048_b64,0.724232235613,0.711941800546,0.00381416951617,9,30,ok,
old,ifft,complex64,2048,256,ifft_complex64_n2048_b256,2.86145349964,2.7764888946,0.0795562984422,7,10,ok,
old,ifft,complex64,3072,1,ifft_complex64_n3072_b1,0.0636256743146,0.0616623074833,0.000502963319694,9,218,ok,
old,ifft,complex64,3072,2,ifft_complex64_n3072_b2,0.103977027278,0.0686301859961,0.00103730568408,9,183,ok,
old,ifft,complex64,3072,4,ifft_complex64_n3072_b4,0.0939057098003,0.0510836701142,0.000471440143883,9,200,ok,
old,ifft,complex64,3072,8,ifft_complex64_n3072_b8,0.162306575415,0.159246408536,0.000798507244326,9,120,ok,
old,ifft,complex64,3072,16,ifft_complex64_n3072_b16,0.296543909688,0.288409378492,0.00580181861579,9,66,ok,
old,ifft,complex64,3072,32,ifft_complex64_n3072_b32,0.570727531643,0.565715432943,0.00391869883363,9,30,ok,
old,ifft,complex64,3072,64,ifft_complex64_n3072_b64,1.10466077631,1.06909063093,0.00556081498939,9,27,ok,
old,ifft,complex64,3072,256,ifft_complex64_n3072_b256,4.37645165948,4.34738700278,0.0132466860426,7,6,ok,
old,ifft,complex64,3584,1,ifft_complex64_n3584_b1,0.0694404531665,0.0677757490463,0.000821842279817,9,203,ok,
old,ifft,complex64,3584,2,ifft_complex64_n3584_b2,0.11682107802,0.114478772467,0.00150017942229,9,167,ok,
old,ifft,complex64,3584,4,ifft_complex64_n3584_b4,0.0691955619668,0.0555472700177,0.0136482919491,9,185,ok,
old,ifft,complex64,3584,8,ifft_complex64_n3584_b8,0.184733931482,0.182340602002,0.00184404921438,9,103,ok,
old,ifft,complex64,3584,16,ifft_complex64_n3584_b16,0.339449889196,0.335034490986,0.00250816599212,9,55,ok,
old,ifft,complex64,3584,32,ifft_complex64_n3584_b32,0.650905464621,0.645737765202,0.00341110086689,9,30,ok,
old,ifft,complex64,3584,64,ifft_complex64_n3584_b64,1.2728844092,1.24620568452,0.00720850022679,9,22,ok,
old,ifft,complex64,3584,256,ifft_complex64_n3584_b256,5.05182039924,5.01990860794,0.0232835998759,7,5,ok,
old,ifft,complex64,4095,1,ifft_complex64_n4095_b1,0.098044875656,0.0967326895173,0.000322330743074,9,145,ok,
old,ifft,complex64,4095,2,ifft_complex64_n4095_b2,0.172221374426,0.168960500741,0.0011636846466,9,120,ok,
old,ifft,complex64,4095,4,ifft_complex64_n4095_b4,0.146107356572,0.143605083312,0.00136483383055,9,132,ok,
old,ifft,complex64,4095,8,ifft_complex64_n4095_b8,0.265459227376,0.259640840814,0.000965534709394,9,75,ok,
old,ifft,complex64,4095,16,ifft_complex64_n4095_b16,0.500795050175,0.494109748979,0.00175452441908,9,40,ok,
old,ifft,complex64,4095,32,ifft_complex64_n4095_b32,0.970213332524,0.953774433583,0.00256246809537,9,30,ok,
old,ifft,complex64,4095,64,ifft_complex64_n4095_b64,1.90223612299,1.85236300604,0.0195685643121,9,16,ok,
old,ifft,complex64,4095,256,ifft_complex64_n4095_b256,7.52484965293,7.4219229864,0.0221683488538,7,3,ok,
old,ifft,complex64,4096,1,ifft_complex64_n4096_b1,0.0830051608032,0.0808654756813,0.00100104151281,9,143,ok,
old,ifft,complex64,4096,2,ifft_complex64_n4096_b2,0.139265241108,0.135355056858,0.00163833346508,9,141,ok,
old,ifft,complex64,4096,4,ifft_complex64_n4096_b4,0.118218502972,0.112490462694,0.000415982899251,9,173,ok,
old,ifft,complex64,4096,8,ifft_complex64_n4096_b8,0.209154347338,0.202803336778,0.00276203072459,9,98,ok,
old,ifft,complex64,4096,16,ifft_complex64_n4096_b16,0.389189304955,0.377385489814,0.00416187864101,9,49,ok,
old,ifft,complex64,4096,32,ifft_complex64_n4096_b32,0.745122802133,0.731672203013,0.0069661027131,9,30,ok,
old,ifft,complex64,4096,64,ifft_complex64_n4096_b64,1.46350171417,1.32445147305,0.00630757061853,9,21,ok,
old,ifft,complex64,4096,256,ifft_complex64_n4096_b256,5.79118139576,5.69004339632,0.0512302154675,7,5,ok,
old,ifft,complex64,4097,1,ifft_complex64_n4097_b1,0.464368811143,0.456478524332,0.00126854450043,7,42,ok,
old,ifft,complex64,4097,2,ifft_complex64_n4097_b2,0.746506852684,0.733709074902,0.00630070334645,7,27,ok,
old,ifft,complex64,4097,4,ifft_complex64_n4097_b4,0.493322775583,0.489543675212,0.00188177509699,7,40,ok,
old,ifft,complex64,4097,8,ifft_complex64_n4097_b8,0.802633040585,0.785803799517,0.00332583673298,7,25,ok,
old,ifft,complex64,4097,16,ifft_complex64_n4097_b16,1.39062909321,1.36952185892,0.00395700113759,7,21,ok,
old,ifft,complex64,4097,32,ifft_complex64_n4097_b32,2.58368190209,2.52107163595,0.0110927291892,7,11,ok,
old,ifft,complex64,4097,64,ifft_complex64_n4097_b64,4.9241038311,4.79668598079,0.0311718322337,7,6,ok,
old,ifft,complex64,4097,256,ifft_complex64_n4097_b256,17.7330584847,15.0801644777,0.298891507555,7,2,ok,
old,ifft,complex64,4608,1,ifft_complex64_n4608_b1,0.086046649958,0.0702076946618,0.000545320217498,7,200,ok,
old,ifft,complex64,4608,2,ifft_complex64_n4608_b2,0.103966190215,0.102376269625,0.00137937965592,7,137,ok,
old,ifft,complex64,4608,4,ifft_complex64_n4608_b4,0.0670755101601,0.0664943200536,0.000385124585591,7,200,ok,
old,ifft,complex64,4608,8,ifft_complex64_n4608_b8,0.126591525012,0.118643314905,0.0079482101065,7,162,ok,
old,ifft,complex64,4608,16,ifft_complex64_n4608_b16,0.224060933882,0.21990442959,0.000378369198491,7,30,ok,
old,ifft,complex64,4608,32,ifft_complex64_n4608_b32,0.438098698699,0.424804034022,0.00285903612773,7,30,ok,
old,ifft,complex64,4608,64,ifft_complex64_n4608_b64,0.847249334523,0.831869100997,0.00602800088624,7,30,ok,
old,ifft,complex64,4608,256,ifft_complex64_n4608_b256,3.40559780598,3.37863119785,0.0145311933011,7,5,ok,
old,ifft,complex64,8192,1,ifft_complex64_n8192_b1,0.102858288705,0.102125688378,0.000450733609291,7,180,ok,
old,ifft,complex64,8192,2,ifft_complex64_n8192_b2,0.19253579057,0.191904705328,0.000223857794134,7,105,ok,
old,ifft,complex64,8192,4,ifft_complex64_n8192_b4,0.127545312944,0.126753215238,0.000610840478283,7,163,ok,
old,ifft,complex64,8192,8,ifft_complex64_n8192_b8,0.233347562474,0.229693701673,0.00185474630274,7,87,ok,
old,ifft,complex64,8192,16,ifft_complex64_n8192_b16,0.442993233446,0.436113933877,0.00324746749053,7,30,ok,
old,ifft,complex64,8192,32,ifft_complex64_n8192_b32,0.861159467604,0.85458776836,0.00657169924428,7,30,ok,
old,ifft,complex64,8192,64,ifft_complex64_n8192_b64,1.75607732833,1.73886333101,0.00344093940738,7,18,ok,
old,ifft,complex64,8192,256,ifft_complex64_n8192_b256,6.91020558588,6.88132119831,0.024127215147,7,5,ok,
old,ifft,complex64,16384,1,ifft_complex64_n16384_b1,0.213793000016,0.208533351807,0.00261468283663,7,88,ok,
old,ifft,complex64,16384,2,ifft_complex64_n16384_b2,0.3924466508,0.380845673914,0.00509159515935,7,49,ok,
old,ifft,complex64,16384,4,ifft_complex64_n16384_b4,0.231604283751,0.226836285013,0.00196491915582,7,74,ok,
old,ifft,complex64,16384,8,ifft_complex64_n16384_b8,0.436934498915,0.430333098241,0.00461799791083,7,30,ok,
old,ifft,complex64,16384,16,ifft_complex64_n16384_b16,1.30503233134,1.27473073468,0.0054218651106,7,30,ok,
old,ifft,complex64,16384,32,ifft_complex64_n16384_b32,2.59507387818,2.51090700476,0.0840779975988,7,16,ok,
old,ifft,complex64,16384,64,ifft_complex64_n16384_b64,5.18815900432,5.02152100671,0.0527414958924,7,4,ok,
old,ifft,complex64,16384,256,ifft_complex64_n16384_b256,16.2938299472,15.9983094782,0.0510613899678,7,2,ok,
old,ifft,complex64,32768,1,ifft_complex64_n32768_b1,0.404293387558,0.401987428112,0.000470265632077,7,49,ok,
old,ifft,complex64,32768,2,ifft_complex64_n32768_b2,0.767315919511,0.764794358984,0.00239291694015,7,25,ok,
old,ifft,complex64,32768,4,ifft_complex64_n32768_b4,0.492741000683,0.49114866415,0.00159233653297,7,30,ok,
old,ifft,complex64,32768,8,ifft_complex64_n32768_b8,0.992376432155,0.944472857684,0.00496078116287,7,14,ok,
old,ifft,complex64,32768,16,ifft_complex64_n32768_b16,4.00298872098,3.95474656086,0.0165854248085,7,7,ok,
old,ifft,complex64,32768,32,ifft_complex64_n32768_b32,7.87419266999,7.72988167591,0.0596323128169,7,3,ok,
old,ifft,complex64,32768,64,ifft_complex64_n32768_b64,7.51783919986,7.45700700209,0.054444395937,7,5,ok,
old,ifft,complex64,32768,256,ifft_complex64_n32768_b256,64.6785559366,63.934759004,0.506051117554,7,1,ok,
old,ifft,complex64,65536,1,ifft_complex64_n65536_b1,0.884082284756,0.876096332268,0.00511528924108,7,21,ok,
old,ifft,complex64,65536,2,ifft_complex64_n65536_b2,1.91556237405,1.89856169163,0.0051414972404,7,16,ok,
old,ifft,complex64,65536,4,ifft_complex64_n65536_b4,1.05857363669,1.05298350099,0.00319569759692,7,30,ok,
old,ifft,complex64,65536,8,ifft_complex64_n65536_b8,2.04143773299,2.03501033441,0.00554506356517,7,15,ok,
old,ifft,complex64,65536,16,ifft_complex64_n65536_b16,4.00526312296,3.9753432502,0.0270232412731,7,8,ok,
old,ifft,complex64,65536,32,ifft_complex64_n65536_b32,7.30230221525,7.21626859158,0.0273933634162,7,5,ok,
old,ifft,complex64,65536,64,ifft_complex64_n65536_b64,15.658015036,15.6373014906,0.020713545382,7,2,ok,
old,ifft,complex64,65536,256,ifft_complex64_n65536_b256,59.7900629509,59.5899469918,0.20011595916,7,1,ok,
old,ifft,complex128,64,1,ifft_complex128_n64_b1,0.00407308899978,0.00403463322269,2.16310785207e-05,9,1843,ok,
old,ifft,complex128,64,2,ifft_complex128_n64_b2,0.00453121750616,0.00451158051146,4.4084736146e-06,9,2000,ok,
old,ifft,complex128,64,4,ifft_complex128_n64_b4,0.00479309953516,0.00476541754324,2.46515264735e-05,9,2000,ok,
old,ifft,complex128,64,8,ifft_complex128_n64_b8,0.00547218002612,0.00545212748693,7.21350079402e-06,9,2000,ok,
old,ifft,complex128,64,16,ifft_complex128_n64_b16,0.00668914150447,0.00661867449526,2.37390049733e-05,9,2000,ok,
old,ifft,complex128,64,32,ifft_complex128_n64_b32,0.00874828989989,0.00867921010061,2.12234265339e-05,9,1504,ok,
old,ifft,complex128,64,64,ifft_complex128_n64_b64,0.0132191523144,0.0130901452426,8.99061149136e-05,9,1109,ok,
old,ifft,complex128,64,256,ifft_complex128_n64_b256,0.0408078101464,0.040523475036,0.000124539947137,7,200,ok,
old,ifft,complex128,256,1,ifft_complex128_n256_b1,0.00520390103338,0.00518998003099,1.01940240711e-05,9,2000,ok,
old,ifft,complex128,256,2,ifft_complex128_n256_b2,0.0058483667097,0.0057802013285,1.17571820016e-05,9,1977,ok,
old,ifft,complex128,256,4,ifft_complex128_n256_b4,0.00732475447801,0.00727451876886,1.88896980891e-05,9,1841,ok,
old,ifft,complex128,256,8,ifft_complex128_n256_b8,0.00974869465716,0.00944760499529,7.8815759884e-05,9,1395,ok,
old,ifft,complex128,256,16,ifft_complex128_n256_b16,0.0141621212644,0.0141221862116,2.42354040926e-05,9,709,ok,
old,ifft,complex128,256,32,ifft_complex128_n256_b32,0.0236154650338,0.0235096696997,0.000103244674392,9,200,ok,
old,ifft,complex128,256,64,ifft_complex128_n256_b64,0.0429894600529,0.0426046404755,4.73402906209e-05,9,200,ok,
old,ifft,complex128,256,256,ifft_complex128_n256_b256,0.156034621975,0.155870613869,0.000164008105364,7,127,ok,
old,ifft,complex128,1024,1,ifft_complex128_n1024_b1,0.00999494605183,0.00990887979898,4.3556319664e-05,9,1206,ok,
old,ifft,complex128,1024,2,ifft_complex128_n1024_b2,0.0120393607106,0.0118753726541,6.084322218e-05,9,1084,ok,
old,ifft,complex128,1024,4,ifft_complex128_n1024_b4,0.0185934301509,0.0184172609802,2.63280620274e-05,9,774,ok,
old,ifft,complex128,1024,8,ifft_complex128_n1024_b8,0.0315968046198,0.0313108699629,0.000186394318007,9,200,ok,
old,ifft,complex128,1024,16,ifft_complex128_n1024_b16,0.0563699949998,0.0562543800334,0.000115614966489,9,200,ok,
old,ifft,complex128,1024,32,ifft_complex128_n1024_b32,0.107541545244,0.107097935634,0.000148412104158,9,187,ok,
old,ifft,complex128,1024,64,ifft_complex128_n1024_b64,0.207374581582,0.20474197975,0.000769102575295,9,98,ok,
old,ifft,complex128,1024,256,ifft_complex128_n1024_b256,0.82721033444,0.817347834042,0.00963340280578,7,30,ok,
old,ifft,complex128,2048,1,ifft_complex128_n2048_b1,0.0190952802602,0.0190257281721,4.6961940825e-05,9,710,ok,
old,ifft,complex128,2048,2,ifft_complex128_n2048_b2,0.0235993434226,0.0234736867861,6.57623364202e-05,9,463,ok,
old,ifft,complex128,2048,4,ifft_complex128_n2048_b4,0.0415150896879,0.0410648452817,8.45594331622e-05,9,200,ok,
old,ifft,complex128,2048,8,ifft_complex128_n2048_b8,0.0724400347099,0.0719712552382,0.000217604683712,9,200,ok,
old,ifft,complex128,2048,16,ifft_complex128_n2048_b16,0.134958683595,0.134308860117,0.000151234630988,9,136,ok,
old,ifft,complex128,2048,32,ifft_complex128_n2048_b32,0.261065999641,0.259804749577,0.000891958027043,9,72,ok,
old,ifft,complex128,2048,64,ifft_complex128_n2048_b64,0.51625953444,0.508841266856,0.00616056689372,9,30,ok,
old,ifft,complex128,2048,256,ifft_complex128_n2048_b256,2.16581807139,2.1076208546,0.0433350048427,7,14,ok,
old,ifft,complex128,3072,1,ifft_complex128_n3072_b1,0.0241636516215,0.0236932394904,0.00038988040608,9,551,ok,
old,ifft,complex128,3072,2,ifft_complex128_n3072_b2,0.0484867900377,0.0298760802252,0.000342589919455,9,200,ok,
old,ifft,complex128,3072,4,ifft_complex128_n3072_b4,0.0514243054204,0.0512903049821,4.25794860348e-05,9,200,ok,
old,ifft,complex128,3072,8,ifft_complex128_n3072_b8,0.092762728365,0.092590194888,0.000115959212566,9,195,ok,
old,ifft,complex128,3072,16,ifft_complex128_n3072_b16,0.177328884849,0.17696183146,0.000317503731137,9,113,ok,
old,ifft,complex128,3072,32,ifft_complex128_n3072_b32,0.34566540271,0.344661502944,0.00100389976675,9,30,ok,
old,ifft,complex128,3072,64,ifft_complex128_n3072_b64,0.683643630085,0.681160630969,0.00248299911618,9,30,ok,
old,ifft,complex128,3072,256,ifft_complex128_n3072_b256,2.94334711766,2.90536921885,0.0224765648858,7,9,ok,
old,ifft,complex128,3584,1,ifft_complex128_n3584_b1,0.0270954989948,0.0269909210676,0.00010457792718,9,507,ok,
old,ifft,complex128,3584,2,ifft_complex128_n3584_b2,0.0328877347056,0.0327595398994,7.16844806448e-05,9,200,ok,
old,ifft,complex128,3584,4,ifft_complex128_n3584_b4,0.0565169204492,0.0563258648617,0.000163455260918,9,200,ok,
old,ifft,complex128,3584,8,ifft_complex128_n3584_b8,0.103021562609,0.10231418734,0.000504702863206,9,192,ok,
old,ifft,complex128,3584,16,ifft_complex128_n3584_b16,0.201308279065,0.19720947952,0.00298100174405,9,100,ok,
old,ifft,complex128,3584,32,ifft_complex128_n3584_b32,0.393792800605,0.381774866643,0.00220746733248,9,30,ok,
old,ifft,complex128,3584,64,ifft_complex128_n3584_b64,0.782575830817,0.763754469032,0.0114588726622,9,30,ok,
old,ifft,complex128,3584,256,ifft_complex128_n3584_b256,3.26419322907,3.24261943913,0.00959588214755,7,9,ok,
old,ifft,complex128,4095,1,ifft_complex128_n4095_b1,0.0407504413429,0.0405132427419,0.000115657941444,9,342,ok,
old,ifft,complex128,4095,2,ifft_complex128_n4095_b2,0.0519393250579,0.0517087901244,5.10952668265e-05,9,200,ok,
old,ifft,complex128,4095,4,ifft_complex128_n4095_b4,0.0942274654517,0.093963270192,5.25452196598e-05,9,200,ok,
old,ifft,complex128,4095,8,ifft_complex128_n4095_b8,0.179187343288,0.178921351058,7.78996796758e-05,9,111,ok,
old,ifft,complex128,4095,16,ifft_complex128_n4095_b16,0.348241054126,0.347544665841,0.000271035292954,9,57,ok,
old,ifft,complex128,4095,32,ifft_complex128_n4095_b32,0.683074898552,0.681029733581,0.00135219888762,9,30,ok,
old,ifft,complex128,4095,64,ifft_complex128_n4095_b64,1.37583799993,1.3594810984,0.0112701894804,9,21,ok,
old,ifft,complex128,4095,256,ifft_complex128_n4095_b256,5.75471499469,5.74197100941,0.0127439852804,7,5,ok,
old,ifft,complex128,4096,1,ifft_complex128_n4096_b1,0.0354869485212,0.035364976905,4.83720587232e-05,9,390,ok,
old,ifft,complex128,4096,2,ifft_complex128_n4096_b2,0.0442876497982,0.0441483396571,0.000105095095932,9,200,ok,
old,ifft,complex128,4096,4,ifft_complex128_n4096_b4,0.0795570597984,0.0792377104517,0.000218509812839,9,200,ok,
old,ifft,complex128,4096,8,ifft_complex128_n4096_b8,0.144800256856,0.14445210314,0.000238103572937,9,136,ok,
old,ifft,complex128,4096,16,ifft_complex128_n4096_b16,0.288236702083,0.286709969001,0.00134011932107,9,67,ok,
old,ifft,complex128,4096,32,ifft_complex128_n4096_b32,0.555281166453,0.553229633564,0.000472564715892,9,30,ok,
old,ifft,complex128,4096,64,ifft_complex128_n4096_b64,1.10359746031,1.08569073312,0.0164150752915,9,26,ok,
old,ifft,complex128,4096,256,ifft_complex128_n4096_b256,4.75063801665,4.72630234435,0.0196786325735,7,6,ok,
old,ifft,complex128,4097,1,ifft_complex128_n4097_b1,0.185906390349,0.185271952346,0.000412295395065,7,105,ok,
old,ifft,complex128,4097,2,ifft_complex128_n4097_b2,0.211746817435,0.211293935545,0.000445462603082,7,93,ok,
old,ifft,complex128,4097,4,ifft_complex128_n4097_b4,0.35164262927,0.350616091897,0.00102653737283,7,54,ok,
old,ifft,complex128,4097,8,ifft_complex128_n4097_b8,0.632170805587,0.630404578612,0.00130216545996,7,31,ok,
old,ifft,complex128,4097,16,ifft_complex128_n4097_b16,1.19674153878,1.1898465018,0.00410021069304,7,24,ok,
old,ifft,complex128,4097,32,ifft_complex128_n4097_b32,2.31839708673,2.27636641163,0.0091429198316,7,12,ok,
old,ifft,complex128,4097,64,ifft_complex128_n4097_b64,4.48428750193,4.45792300161,0.0041676685214,7,6,ok,
old,ifft,complex128,4097,256,ifft_complex128_n4097_b256,17.9619740229,17.8150879801,0.0489225494675,7,2,ok,
old,ifft,complex128,4608,1,ifft_complex128_n4608_b1,0.0350575603079,0.0348608399509,0.000172320287675,7,200,ok,
old,ifft,complex128,4608,2,ifft_complex128_n4608_b2,0.0430067401612,0.0426197651541,0.000374799710698,7,200,ok,
old,ifft,complex128,4608,4,ifft_complex128_n4608_b4,0.0761748052901,0.0752279249718,9.95345180854e-05,7,200,ok,
old,ifft,complex128,4608,8,ifft_complex128_n4608_b8,0.136618268045,0.135603274888,0.000341113300481,7,149,ok,
old,ifft,complex128,4608,16,ifft_complex128_n4608_b16,0.264092468812,0.263426200642,0.000455866878231,7,30,ok,
old,ifft,complex128,4608,32,ifft_complex128_n4608_b32,0.504594598897,0.501025565124,0.000445533078164,7,30,ok,
old,ifft,complex128,4608,64,ifft_complex128_n4608_b64,1.01074224322,1.00709124195,0.0013767235816,7,29,ok,
old,ifft,complex128,4608,256,ifft_complex128_n4608_b256,4.54825840425,4.47185700759,0.0504025956616,7,5,ok,
old,ifft,complex128,8192,1,ifft_complex128_n8192_b1,0.0732845754828,0.0723991100676,0.000147480750456,7,200,ok,
old,ifft,complex128,8192,2,ifft_complex128_n8192_b2,0.0853994803037,0.0851635402068,0.000180985662155,7,200,ok,
old,ifft,complex128,8192,4,ifft_complex128_n8192_b4,0.157115812085,0.156211163887,0.000904648198334,7,122,ok,
old,ifft,complex128,8192,8,ifft_complex128_n8192_b8,0.295274246197,0.292895938485,0.00220660048609,7,65,ok,
old,ifft,complex128,8192,16,ifft_complex128_n8192_b16,0.578754600914,0.575293099973,0.00346150094022,7,30,ok,
old,ifft,complex128,8192,32,ifft_complex128_n8192_b32,1.14279573049,1.13476215539,0.00513619026886,7,26,ok,
old,ifft,complex128,8192,64,ifft_complex128_n8192_b64,2.40935291125,2.3560912523,0.022191661022,7,12,ok,
old,ifft,complex128,8192,256,ifft_complex128_n8192_b256,12.2508080288,12.091589005,0.121031034117,7,3,ok,
old,ifft,complex128,16384,1,ifft_complex128_n16384_b1,0.147873363007,0.147478104824,0.000286991933301,7,124,ok,
old,ifft,complex128,16384,2,ifft_complex128_n16384_b2,0.16586424436,0.165097919122,0.000757857805536,7,98,ok,
old,ifft,complex128,16384,4,ifft_complex128_n16384_b4,0.309562295486,0.305900777069,0.00176312945162,7,54,ok,
old,ifft,complex128,16384,8,ifft_complex128_n16384_b8,0.593405465285,0.591754331253,0.000507299167414,7,30,ok,
old,ifft,complex128,16384,16,ifft_complex128_n16384_b16,1.17533390982,1.16042449901,0.0087714552964,7,22,ok,
old,ifft,complex128,16384,32,ifft_complex128_n16384_b32,2.58472880814,2.45256540366,0.0223629875109,7,10,ok,
old,ifft,complex128,16384,64,ifft_complex128_n16384_b64,5.08619900793,5.04612959921,0.0362682156265,7,5,ok,
old,ifft,complex128,16384,256,ifft_complex128_n16384_b256,26.6925749602,26.5457890928,0.0745099969208,7,1,ok,
old,ifft,complex128,32768,1,ifft_complex128_n32768_b1,0.314714773859,0.312737515947,0.00101464590238,7,62,ok,
old,ifft,complex128,32768,2,ifft_complex128_n32768_b2,0.337119349603,0.334951092576,0.000629766281088,7,43,ok,
old,ifft,complex128,32768,4,ifft_complex128_n32768_b4,0.670075133288,0.639281969052,0.0162545319957,7,30,ok,
old,ifft,complex128,32768,8,ifft_complex128_n32768_b8,1.25579284136,1.24483121142,0.00893573374733,7,19,ok,
old,ifft,complex128,32768,16,ifft_complex128_n32768_b16,2.65056822294,2.64072088369,0.0098473392427,7,9,ok,
old,ifft,complex128,32768,32,ifft_complex128_n32768_b32,5.46488648979,5.36432748777,0.0426875194535,7,4,ok,
old,ifft,complex128,32768,64,ifft_complex128_n32768_b64,14.8348339717,14.6715170122,0.0832414953038,7,2,ok,
old,ifft,complex128,32768,256,ifft_complex128_n32768_b256,56.3642870402,56.201191037,0.116319046356,7,1,ok,
old,ifft,complex128,65536,1,ifft_complex128_n65536_b1,0.678476307477,0.674771068714,0.00185800057932,7,29,ok,
old,ifft,complex128,65536,2,ifft_complex128_n65536_b2,0.792350503616,0.788932767076,0.00299632859727,7,30,ok,
old,ifft,complex128,65536,4,ifft_complex128_n65536_b4,1.86355405267,1.85130368673,0.0112648428369,7,19,ok,
old,ifft,complex128,65536,8,ifft_complex128_n65536_b8,3.16405412741,3.13643462141,0.0276195059996,7,8,ok,
old,ifft,complex128,65536,16,ifft_complex128_n65536_b16,6.43922423478,6.3814157329,0.02580601722,7,4,ok,
old,ifft,complex128,65536,32,ifft_complex128_n65536_b32,13.601532497,13.5078710155,0.0787274912,7,2,ok,
old,ifft,complex128,65536,64,ifft_complex128_n65536_b64,29.2155249044,29.0799899958,0.135534908623,7,1,ok,
old,ifft,complex128,65536,256,ifft_complex128_n65536_b256,114.855971071,113.279578974,1.13866908941,7,1,ok,
c222,fft,complex64,64,1,fft_complex64_n64_b1,0.00458056298482,0.00449875189179,3.45407192805e-05,9,1032,ok,
c222,fft,complex64,64,2,fft_complex64_n64_b2,0.00515609281138,0.00513326580703,1.97348830911e-05,9,1358,ok,
c222,fft,complex64,64,4,fft_complex64_n64_b4,0.00565194798401,0.00558013794944,2.5833491236e-05,9,2000,ok,
c222,fft,complex64,64,8,fft_complex64_n64_b8,0.006368715601,0.00635717166396,1.15439370314e-05,9,1899,ok,
c222,fft,complex64,64,16,fft_complex64_n64_b16,0.00778435095839,0.00775135028938,1.41372872515e-05,9,1647,ok,
c222,fft,complex64,64,32,fft_complex64_n64_b32,0.0105894680257,0.0104964975092,7.50680347202e-05,9,1220,ok,
c222,fft,complex64,64,64,fft_complex64_n64_b64,0.0161835489608,0.0160824160671,4.61468707536e-05,9,858,ok,
c222,fft,complex64,64,256,fft_complex64_n64_b256,0.208738571204,0.207250459091,0.000924898349509,7,98,ok,
c222,fft,complex64,256,1,fft_complex64_n256_b1,0.00605547475071,0.00600200456521,5.34701855034e-05,9,1742,ok,
c222,fft,complex64,256,2,fft_complex64_n256_b2,0.00746484823729,0.00742751115923,1.76429838247e-05,9,1661,ok,
c222,fft,complex64,256,4,fft_complex64_n256_b4,0.00905646112252,0.00902056398145,2.22112939148e-05,9,1429,ok,
c222,fft,complex64,256,8,fft_complex64_n256_b8,0.0126185288021,0.0125679487295,2.96646618116e-05,9,1074,ok,
c222,fft,complex64,256,16,fft_complex64_n256_b16,0.0197697195079,0.0196894572664,4.49214561687e-05,9,713,ok,
c222,fft,complex64,256,32,fft_complex64_n256_b32,0.0340652948944,0.033909699996,3.84199665859e-05,9,200,ok,
c222,fft,complex64,256,64,fft_complex64_n256_b64,0.220712220583,0.218028164274,0.000588363036513,9,91,ok,
c222,fft,complex64,256,256,fft_complex64_n256_b256,0.966506207509,0.961628632228,0.00422368267257,7,19,ok,
c222,fft,complex64,1024,1,fft_complex64_n1024_b1,0.0129316483794,0.0128222441136,6.71604392199e-05,9,873,ok,
c222,fft,complex64,1024,2,fft_complex64_n1024_b2,0.0191752312028,0.0178106544938,0.000118457125621,9,770,ok,
c222,fft,complex64,1024,4,fft_complex64_n1024_b4,0.0282785416251,0.0281278832214,5.40186495831e-05,9,480,ok,
c222,fft,complex64,1024,8,fft_complex64_n1024_b8,0.0442734750686,0.0440492504276,8.33603553474e-05,9,200,ok,
c222,fft,complex64,1024,16,fft_complex64_n1024_b16,0.078459145152,0.0781528704101,0.000189809943549,9,200,ok,
c222,fft,complex64,1024,32,fft_complex64_n1024_b32,0.147325015193,0.14611105399,0.000219045647683,9,131,ok,
c222,fft,complex64,1024,64,fft_complex64_n1024_b64,1.00443972042,0.996306667932,0.00239338906896,9,18,ok,
c222,fft,complex64,1024,256,fft_complex64_n1024_b256,2.7053366648,2.67471810285,0.0237180049428,7,9,ok,
c222,fft,complex64,2048,1,fft_complex64_n2048_b1,0.0217087433971,0.0215274801456,0.000115743444583,9,608,ok,
c222,fft,complex64,2048,2,fft_complex64_n2048_b2,0.0326025659557,0.0322932115523,9.94819195264e-05,9,440,ok,
c222,fft,complex64,2048,4,fft_complex64_n2048_b4,0.052756810328,0.0525599904358,0.000196819892153,9,200,ok,
c222,fft,complex64,2048,8,fft_complex64_n2048_b8,0.0929536751937,0.0926129845902,9.03196632862e-05,9,200,ok,
c222,fft,complex64,2048,16,fft_complex64_n2048_b16,0.17083111386,0.170013348941,0.000232885556542,9,106,ok,
c222,fft,complex64,2048,32,fft_complex64_n2048_b32,0.326018790682,0.324333858627,0.000575122325436,9,57,ok,
c222,fft,complex64,2048,64,fft_complex64_n2048_b64,0.640334600272,0.636114331428,0.00225556626295,9,30,ok,
c222,fft,complex64,2048,256,fft_complex64_n2048_b256,4.87350717109,4.78601434346,0.0811391704095,7,6,ok,
c222,fft,complex64,3072,1,fft_complex64_n3072_b1,0.0305645659043,0.030071761107,0.000286490440641,9,410,ok,
c222,fft,complex64,3072,2,fft_complex64_n3072_b2,0.0478497945005,0.0470738351578,0.000775959342718,9,200,ok,
c222,fft,complex64,3072,4,fft_complex64_n3072_b4,0.0787306053098,0.0783856550697,0.000159500050358,9,200,ok,
c222,fft,complex64,3072,8,fft_complex64_n3072_b8,0.141590625657,0.140459309264,0.000404288156835,9,136,ok,
c222,fft,complex64,3072,16,fft_complex64_n3072_b16,0.268064136298,0.266286684838,0.000756766570553,9,73,ok,
c222,fft,complex64,3072,32,fft_complex64_n3072_b32,0.513368433652,0.510154699441,0.00244323552276,9,30,ok,
c222,fft,complex64,3072,64,fft_complex64_n3072_b64,1.02248942962,1.00831282076,0.0096706457303,9,28,ok,
c222,fft,complex64,3072,256,fft_complex64_n3072_b256,7.04010322806,6.92878651898,0.111316709081,7,4,ok,
c222,fft,complex64,3584,1,fft_complex64_n3584_b1,0.0336923136269,0.0336393303074,5.29833195381e-05,9,357,ok,
c222,fft,complex64,3584,2,fft_complex64_n3584_b2,0.0533929048106,0.0532132154331,0.000154189765453,9,200,ok,
c222,fft,complex64,3584,4,fft_complex64_n3584_b4,0.0891260849312,0.0887404603418,0.000385624589399,9,200,ok,
c222,fft,complex64,3584,8,fft_complex64_n3584_b8,0.158468176611,0.157703223638,0.000166224315763,9,125,ok,
c222,fft,complex64,3584,16,fft_complex64_n3584_b16,0.298968879586,0.298418879413,0.000477120167865,9,58,ok,
c222,fft,complex64,3584,32,fft_complex64_n3584_b32,0.580240033257,0.577158931022,0.00222216670712,9,30,ok,
c222,fft,complex64,3584,64,fft_complex64_n3584_b64,1.15415945766,1.14638904536,0.00211233176136,9,24,ok,
c222,fft,complex64,3584,256,fft_complex64_n3584_b256,7.95797301301,7.90673366282,0.032607660008,7,3,ok,
c222,fft,complex64,4095,1,fft_complex64_n4095_b1,0.0440686355288,0.0439408879949,9.36752487821e-05,9,277,ok,
c222,fft,complex64,4095,2,fft_complex64_n4095_b2,0.0743602449074,0.0741468451452,0.000145974918269,9,200,ok,
c222,fft,complex64,4095,4,fft_complex64_n4095_b4,0.135422349359,0.134825472854,8.61911932389e-05,9,146,ok,
c222,fft,complex64,4095,8,fft_complex64_n4095_b8,0.258550974602,0.257306013832,0.000927421129554,9,76,ok,
c222,fft,complex64,4095,16,fft_complex64_n4095_b16,0.499444027082,0.494350949884,0.00245984701905,9,40,ok,
c222,fft,complex64,4095,32,fft_complex64_n4095_b32,0.995017235012,0.976593668262,0.00471286475658,9,30,ok,
c222,fft,complex64,4095,64,fft_complex64_n4095_b64,2.00082946103,1.97724853642,0.00351127237082,9,15,ok,
c222,fft,complex64,4095,256,fft_complex64_n4095_b256,12.18962454,11.6332590114,0.161798554473,7,2,ok,
c222,fft,complex64,4096,1,fft_complex64_n4096_b1,0.0394446263853,0.0392019080731,0.00015944585998,9,305,ok,
c222,fft,complex64,4096,2,fft_complex64_n4096_b2,0.0599521253025,0.0598171696765,3.48652247339e-05,9,200,ok,
c222,fft,complex64,4096,4,fft_complex64_n4096_b4,0.100031142031,0.0998710111659,0.000160130865546,9,183,ok,
c222,fft,complex64,4096,8,fft_complex64_n4096_b8,0.185178078729,0.184369425631,0.000493010819548,9,101,ok,
c222,fft,complex64,4096,16,fft_complex64_n4096_b16,0.344000774313,0.34269549058,0.000749132595956,9,53,ok,
c222,fft,complex64,4096,32,fft_complex64_n4096_b32,0.668591365684,0.664884697956,0.000940767737726,9,30,ok,
c222,fft,complex64,4096,64,fft_complex64_n4096_b64,1.35428133598,1.3382908101,0.00697266798289,9,21,ok,
c222,fft,complex64,4096,256,fft_complex64_n4096_b256,9.18111798819,8.92402503329,0.159092014655,7,3,ok,
c222,fft,complex64,4097,1,fft_complex64_n4097_b1,0.117810427789,0.11755705506,0.000253372729338,7,145,ok,
c222,fft,complex64,4097,2,fft_complex64_n4097_b2,0.194254245691,0.194220058392,3.26179753185e-05,7,102,ok,
c222,fft,complex64,4097,4,fft_complex64_n4097_b4,0.368795521074,0.366657461899,0.000986671343876,7,52,ok,
c222,fft,complex64,4097,8,fft_complex64_n4097_b8,0.723514774883,0.719147294553,0.00132507368646,7,27,ok,
c222,fft,complex64,4097,16,fft_complex64_n4097_b16,1.43038190436,1.42521552542,0.0051663789366,7,21,ok,
c222,fft,complex64,4097,32,fft_complex64_n4097_b32,2.85218609497,2.82448809594,0.00521069159731,7,10,ok,
c222,fft,complex64,4097,64,fft_complex64_n4097_b64,5.71832039859,5.66989160143,0.0228087883443,7,5,ok,
c222,fft,complex64,4097,256,fft_complex64_n4097_b256,26.6303379321,26.2085159775,0.250970944762,7,1,ok,
c222,fft,complex64,4608,1,fft_complex64_n4608_b1,0.0429182802327,0.0425770849688,0.0002574903192,7,200,ok,
c222,fft,complex64,4608,2,fft_complex64_n4608_b2,0.072989120381,0.0726490298985,0.000139565672725,7,200,ok,
c222,fft,complex64,4608,4,fft_complex64_n4608_b4,0.122733973743,0.122337359935,0.000215406374385,7,150,ok,
c222,fft,complex64,4608,8,fft_complex64_n4608_b8,0.224771787522,0.22391441196,0.000634600463159,7,85,ok,
c222,fft,complex64,4608,16,fft_complex64_n4608_b16,0.427234599677,0.425981233517,0.00118520110846,7,30,ok,
c222,fft,complex64,4608,32,fft_complex64_n4608_b32,0.838835199829,0.835086463485,0.00310016330332,7,30,ok,
c222,fft,complex64,4608,64,fft_complex64_n4608_b64,1.68126252452,1.67856394204,0.00269858248751,7,17,ok,
c222,fft,complex64,4608,256,fft_complex64_n4608_b256,11.0735296815,10.9675936401,0.0663646884883,7,3,ok,
c222,fft,complex64,8192,1,fft_complex64_n8192_b1,0.0783113145735,0.0780062895501,0.000183495576493,7,200,ok,
c222,fft,complex64,8192,2,fft_complex64_n8192_b2,0.127444971844,0.127181708295,0.000227097189054,7,144,ok,
c222,fft,complex64,8192,4,fft_complex64_n8192_b4,0.271568143997,0.270795247491,0.000717433884848,7,69,ok,
c222,fft,complex64,8192,8,fft_complex64_n8192_b8,0.512277658441,0.511244392807,0.00087402785491,7,38,ok,
c222,fft,complex64,8192,16,fft_complex64_n8192_b16,1.00337353485,0.996937858872,0.00635371543467,7,28,ok,
c222,fft,complex64,8192,32,fft_complex64_n8192_b32,1.9927944356,1.97761871719,0.0101727200672,7,14,ok,
c222,fft,complex64,8192,64,fft_complex64_n8192_b64,4.15705949611,4.11102798535,0.0164724964028,7,6,ok,
c222,fft,complex64,8192,256,fft_complex64_n8192_b256,20.2098269947,19.9270250741,0.152425956912,7,1,ok,
c222,fft,complex64,16384,1,fft_complex64_n16384_b1,0.207918515726,0.20618360377,0.00042981432321,7,91,ok,
c222,fft,complex64,16384,2,fft_complex64_n16384_b2,0.395546187065,0.391491291036,0.00237864636195,7,48,ok,
c222,fft,complex64,16384,4,fft_complex64_n16384_b4,0.790206167342,0.781236376497,0.00483575180018,7,24,ok,
c222,fft,complex64,16384,8,fft_complex64_n16384_b8,1.54409183112,1.51566849996,0.0171027236825,7,18,ok,
c222,fft,complex64,16384,16,fft_complex64_n16384_b16,3.01477254834,3.00349355934,0.0102292203034,7,9,ok,
c222,fft,complex64,16384,32,fft_complex64_n16384_b32,6.25451249653,6.14956775098,0.0647492415737,7,4,ok,
c222,fft,complex64,16384,64,fft_complex64_n16384_b64,14.3828889122,13.8237590436,0.559129868634,7,1,ok,
c222,fft,complex64,16384,256,fft_complex64_n16384_b256,63.2245449815,62.7166610211,0.203332980163,7,1,ok,
c222,fft,complex64,32768,1,fft_complex64_n32768_b1,0.459653286574,0.456824166966,0.00156483258165,7,42,ok,
c222,fft,complex64,32768,2,fft_complex64_n32768_b2,0.898740287604,0.892154617412,0.00180575686196,7,21,ok,
c222,fft,complex64,32768,4,fft_complex64_n32768_b4,1.75313975342,1.7492574334,0.000653053575661,7,16,ok,
c222,fft,complex64,32768,8,fft_complex64_n32768_b8,3.55516125273,3.53249748878,0.0226637639571,7,8,ok,
c222,fft,complex64,32768,16,fft_complex64_n32768_b16,7.20978176105,7.14842649177,0.0613552692812,7,4,ok,
c222,fft,complex64,32768,32,fft_complex64_n32768_b32,17.6546260482,16.4862619713,1.16836407688,7,1,ok,
c222,fft,complex64,32768,64,fft_complex64_n32768_b64,35.6025040383,35.5004220037,0.0495730200782,7,1,ok,
c222,fft,complex64,32768,256,fft_complex64_n32768_b256,141.970978933,141.264613019,0.213291030377,7,1,ok,
c222,fft,complex64,65536,1,fft_complex64_n65536_b1,0.968707210727,0.964865786955,0.00271726840813,7,19,ok,
c222,fft,complex64,65536,2,fft_complex64_n65536_b2,1.86822100077,1.86205413193,0.0047362021481,7,15,ok,
c222,fft,complex64,65536,4,fft_complex64_n65536_b4,3.75192555865,3.73653099606,0.00860759921904,7,7,ok,
c222,fft,complex64,65536,8,fft_complex64_n65536_b8,7.82872697649,7.63542732845,0.188343614961,7,3,ok,
c222,fft,complex64,65536,16,fft_complex64_n65536_b16,18.707655021,17.8300859407,0.87756908033,7,1,ok,
c222,fft,complex64,65536,32,fft_complex64_n65536_b32,38.5871309554,38.4249759372,0.0624579843134,7,1,ok,
c222,fft,complex64,65536,64,fft_complex64_n65536_b64,77.1329830168,76.9512020051,0.181781011634,7,1,ok,
c222,fft,complex64,65536,256,fft_complex64_n65536_b256,302.773614996,301.261415007,1.17218098603,7,1,ok,
c222,fft,complex128,64,1,fft_complex128_n64_b1,0.00393124500988,0.00392533949343,3.93198570237e-06,9,2000,ok,
c222,fft,complex128,64,2,fft_complex128_n64_b2,0.00429241900565,0.00425732752774,3.50914779119e-05,9,2000,ok,
c222,fft,complex128,64,4,fft_complex128_n64_b4,0.00456688454142,0.00451581849484,6.73753675073e-06,9,2000,ok,
c222,fft,complex128,64,8,fft_complex128_n64_b8,0.00522595748771,0.00521602347726,6.81797973812e-06,9,2000,ok,
c222,fft,complex128,64,16,fft_complex128_n64_b16,0.00624011800392,0.00621970446082,1.05095095932e-05,9,2000,ok,
c222,fft,complex128,64,32,fft_complex128_n64_b32,0.00857079771051,0.0084721902881,1.63481518878e-05,9,1597,ok,
c222,fft,complex128,64,64,fft_complex128_n64_b64,0.0131162289153,0.0130280756434,2.60322073531e-05,9,1083,ok,
c222,fft,complex128,64,256,fft_complex128_n64_b256,0.0411480996991,0.0409755250439,0.000172574655153,7,200,ok,
c222,fft,complex128,256,1,fft_complex128_n256_b1,0.00507979805116,0.0050237380201,3.40739497915e-05,9,2000,ok,
c222,fft,complex128,256,2,fft_complex128_n256_b2,0.00597437348915,0.00595674052602,1.09454849735e-05,9,2000,ok,
c222,fft,complex128,256,4,fft_complex128_n256_b4,0.0074131305579,0.00738848261525,9.27753113795e-06,9,1784,ok,
c222,fft,complex128,256,8,fft_complex128_n256_b8,0.0104592560006,0.0104282922885,1.34301655138e-05,9,1348,ok,
c222,fft,complex128,256,16,fft_complex128_n256_b16,0.0166248470525,0.0165199571174,3.42583447816e-05,9,863,ok,
c222,fft,complex128,256,32,fft_complex128_n256_b32,0.0289047550177,0.0288863154128,1.6784761101e-05,9,200,ok,
c222,fft,complex128,256,64,fft_complex128_n256_b64,0.0534084800165,0.0528087100247,0.000126239610836,9,200,ok,
c222,fft,complex128,256,256,fft_complex128_n256_b256,0.19794769267,0.197361247605,0.000482088526582,7,101,ok,
c222,fft,complex128,1024,1,fft_complex128_n1024_b1,0.0114333748806,0.0113941186932,1.21547405705e-05,9,1163,ok,
c222,fft,complex128,1024,2,fft_complex128_n1024_b2,0.0156375762511,0.015555170008,6.0931599553e-05,9,906,ok,
c222,fft,complex128,1024,4,fft_complex128_n1024_b4,0.0231431491863,0.023042295027,9.86920796468e-05,9,617,ok,
c222,fft,complex128,1024,8,fft_complex128_n1024_b8,0.0389363098657,0.0386509299278,0.000138960313052,9,200,ok,
c222,fft,complex128,1024,16,fft_complex128_n1024_b16,0.0694400502834,0.0688060699031,0.000131294946186,9,200,ok,
c222,fft,complex128,1024,32,fft_complex128_n1024_b32,0.129373192121,0.129085563012,0.000274953716095,9,151,ok,
c222,fft,complex128,1024,64,fft_complex128_n1024_b64,0.24989204976,0.248645224201,0.000513962004334,9,80,ok,
c222,fft,complex128,1024,256,fft_complex128_n1024_b256,0.979336366678,0.97345369868,0.00530290029322,7,30,ok,
c222,fft,complex128,2048,1,fft_complex128_n2048_b1,0.019745916715,0.0195698698571,6.69532768668e-05,9,684,ok,
c222,fft,complex128,2048,2,fft_complex128_n2048_b2,0.0292610938048,0.0291880629881,7.30308167287e-05,9,491,ok,
c222,fft,complex128,2048,4,fft_complex128_n2048_b4,0.0471351901069,0.0469623197569,0.000114169670269,9,200,ok,
c222,fft,complex128,2048,8,fft_complex128_n2048_b8,0.0829858350335,0.0824753800407,0.000139764742926,9,200,ok,
c222,fft,complex128,2048,16,fft_complex128_n2048_b16,0.153051705511,0.152362984345,0.000388085365642,9,129,ok,
c222,fft,complex128,2048,32,fft_complex128_n2048_b32,0.29203389696,0.291032470105,0.000517866711187,9,68,ok,
c222,fft,complex128,2048,64,fft_complex128_n2048_b64,0.57471106605,0.574458231373,0.000252834676455,9,30,ok,
c222,fft,complex128,2048,256,fft_complex128_n2048_b256,2.34470068692,2.32582776628,0.0132053750209,7,13,ok,
c222,fft,complex128,3072,1,fft_complex128_n3072_b1,0.027064085504,0.0268563571684,0.000122597992637,9,515,ok,
c222,fft,complex128,3072,2,fft_complex128_n3072_b2,0.0428383547114,0.0423018547008,0.000316899968311,9,200,ok,
c222,fft,complex128,3072,4,fft_complex128_n3072_b4,0.0708615098847,0.0706993596395,0.000123329809867,9,200,ok,
c222,fft,complex128,3072,8,fft_complex128_n3072_b8,0.127916232563,0.127392154818,0.000249942193829,9,155,ok,
c222,fft,complex128,3072,16,fft_complex128_n3072_b16,0.237518083027,0.236318345525,0.000706915411034,9,84,ok,
c222,fft,complex128,3072,32,fft_complex128_n3072_b32,0.46224273586,0.458557500194,0.00177496888985,9,30,ok,
c222,fft,complex128,3072,64,fft_complex128_n3072_b64,0.903449129934,0.899858066502,0.00167179387063,9,30,ok,
c222,fft,complex128,3072,256,fft_complex128_n3072_b256,3.9414190022,3.86339314615,0.0710915607799,7,7,ok,
c222,fft,complex128,3584,1,fft_complex128_n3584_b1,0.0307551786001,0.0305636772605,8.66132658359e-05,9,437,ok,
c222,fft,complex128,3584,2,fft_complex128_n3584_b2,0.0480350246653,0.0477819499793,0.000150885316543,9,200,ok,
c222,fft,complex128,3584,4,fft_complex128_n3584_b4,0.0799729500432,0.0797274400247,0.000202129594982,9,200,ok,
c222,fft,complex128,3584,8,fft_complex128_n3584_b8,0.142985408876,0.142617542198,0.000243414600026,9,142,ok,
c222,fft,complex128,3584,16,fft_complex128_n3584_b16,0.271947430317,0.270736694802,0.000379041820351,9,72,ok,
c222,fft,complex128,3584,32,fft_complex128_n3584_b32,0.523347997417,0.518417098404,0.00210093179097,9,30,ok,
c222,fft,complex128,3584,64,fft_complex128_n3584_b64,1.04719586269,1.04361879318,0.00068334589616,9,29,ok,
c222,fft,complex128,3584,256,fft_complex128_n3584_b256,4.46223285204,4.43532234446,0.024016694321,7,6,ok,
c222,fft,complex128,4095,1,fft_complex128_n4095_b1,0.0416003609082,0.0412905441358,0.000165938470934,9,327,ok,
c222,fft,complex128,4095,2,fft_complex128_n4095_b2,0.0707102299202,0.0701840448892,0.000199819914997,9,200,ok,
c222,fft,complex128,4095,4,fft_complex128_n4095_b4,0.127078545002,0.12659263652,0.000468213353064,9,154,ok,
c222,fft,complex128,4095,8,fft_complex128_n4095_b8,0.241461658578,0.24033259748,0.000448646194233,9,82,ok,
c222,fft,complex128,4095,16,fft_complex128_n4095_b16,0.469909215878,0.469220286634,0.000688929243812,9,42,ok,
c222,fft,complex128,4095,32,fft_complex128_n4095_b32,0.911358565403,0.908756065958,0.00150279762844,9,30,ok,
c222,fft,complex128,4095,64,fft_complex128_n4095_b64,1.83407531586,1.83018743701,0.00388787884731,9,16,ok,
c222,fft,complex128,4095,256,fft_complex128_n4095_b256,7.71633636517,7.63175500712,0.0441593583673,7,3,ok,
c222,fft,complex128,4096,1,fft_complex128_n4096_b1,0.0361701564997,0.0358437665365,7.78886437693e-05,9,377,ok,
c222,fft,complex128,4096,2,fft_complex128_n4096_b2,0.0546388252405,0.0540211203042,0.000247859861702,9,200,ok,
c222,fft,complex128,4096,4,fft_complex128_n4096_b4,0.0909784302348,0.0907641247613,0.000180539791472,9,200,ok,
c222,fft,complex128,4096,8,fft_complex128_n4096_b8,0.164158131412,0.163617785366,0.000412172776424,9,121,ok,
c222,fft,complex128,4096,16,fft_complex128_n4096_b16,0.309838616074,0.309227645182,0.000329369392533,9,65,ok,
c222,fft,complex128,4096,32,fft_complex128_n4096_b32,0.602026799849,0.599103300677,0.0021059337693,9,30,ok,
c222,fft,complex128,4096,64,fft_complex128_n4096_b64,1.22024788056,1.21418775991,0.00360711943358,9,25,ok,
c222,fft,complex128,4096,256,fft_complex128_n4096_b256,5.28248019982,5.17464859877,0.0714315799996,7,5,ok,
c222,fft,complex128,4097,1,fft_complex128_n4097_b1,0.115956275113,0.115279450256,0.000531750265509,7,160,ok,
c222,fft,complex128,4097,2,fft_complex128_n4097_b2,0.191756039082,0.190276411755,0.000744422340729,7,102,ok,
c222,fft,complex128,4097,4,fft_complex128_n4097_b4,0.364097847849,0.362260451646,0.00143588634805,7,53,ok,
c222,fft,complex128,4097,8,fft_complex128_n4097_b8,0.709488224756,0.704540077735,0.00483569844315,7,27,ok,
c222,fft,complex128,4097,16,fft_complex128_n4097_b16,1.38911861549,1.38769257215,0.00142604334369,7,21,ok,
c222,fft,complex128,4097,32,fft_complex128_n4097_b32,2.7516386006,2.73125839885,0.0163075048476,7,10,ok,
c222,fft,complex128,4097,64,fft_complex128_n4097_b64,5.48555999994,5.45745340642,0.0227825948969,7,5,ok,
c222,fft,complex128,4097,256,fft_complex128_n4097_b256,22.1233710181,22.0340940868,0.0395540846512,7,1,ok,
c222,fft,complex128,4608,1,fft_complex128_n4608_b1,0.039164435002,0.038932505413,0.000223770039156,7,200,ok,
c222,fft,complex128,4608,2,fft_complex128_n4608_b2,0.0660289247753,0.0659405603074,6.01593637839e-05,7,200,ok,
c222,fft,complex128,4608,4,fft_complex128_n4608_b4,0.112254522464,0.112033662977,0.00015698279139,7,178,ok,
c222,fft,complex128,4608,8,fft_complex128_n4608_b8,0.206668263203,0.206081368225,0.000291589745565,7,95,ok,
c222,fft,complex128,4608,16,fft_complex128_n4608_b16,0.391617634644,0.389369433591,0.00162399762,7,30,ok,
c222,fft,complex128,4608,32,fft_complex128_n4608_b32,0.764622197797,0.759128566521,0.00383083630974,7,30,ok,
c222,fft,complex128,4608,64,fft_complex128_n4608_b64,1.54009626222,1.53049994505,0.00959631717323,7,19,ok,
c222,fft,complex128,4608,256,fft_complex128_n4608_b256,6.36018358637,6.3408554066,0.0193281797692,7,5,ok,
c222,fft,complex128,8192,1,fft_complex128_n8192_b1,0.0731450296007,0.0727909198031,7.03294062987e-05,7,200,ok,
c222,fft,complex128,8192,2,fft_complex128_n8192_b2,0.120193524326,0.119534141476,0.00037588207856,7,162,ok,
c222,fft,complex128,8192,4,fft_complex128_n8192_b4,0.223097422471,0.220962088659,0.000359777671595,7,90,ok,
c222,fft,complex128,8192,8,fft_complex128_n8192_b8,0.416183366668,0.413725508985,0.00245785768315,7,49,ok,
c222,fft,complex128,8192,16,fft_complex128_n8192_b16,0.80678803303,0.799515432057,0.00335559792196,7,30,ok,
c222,fft,complex128,8192,32,fft_complex128_n8192_b32,1.59946152646,1.58297121035,0.0131256314681,7,19,ok,
c222,fft,complex128,8192,64,fft_complex128_n8192_b64,3.28947800315,3.23879432916,0.0296676686654,7,9,ok,
c222,fft,complex128,8192,256,fft_complex128_n8192_b256,14.0253374702,13.9676444815,0.0526934745722,7,2,ok,
c222,fft,complex128,16384,1,fft_complex128_n16384_b1,0.18883548141,0.188267066029,0.000332226265081,7,106,ok,
c222,fft,complex128,16384,2,fft_complex128_n16384_b2,0.366066364487,0.364389399659,0.0010902189057,7,55,ok,
c222,fft,complex128,16384,4,fft_complex128_n16384_b4,0.721884740482,0.718534035884,0.0010924068866,7,27,ok,
c222,fft,complex128,16384,8,fft_complex128_n16384_b8,1.42682515434,1.41625489923,0.00300310202874,7,20,ok,
c222,fft,complex128,16384,16,fft_complex128_n16384_b16,2.85995310405,2.84713320434,0.00803800066933,7,10,ok,
c222,fft,complex128,16384,32,fft_complex128_n16384_b32,5.88057460263,5.85131798871,0.00263699330389,7,5,ok,
c222,fft,complex128,16384,64,fft_complex128_n16384_b64,11.9967589853,11.930941022,0.0651514856145,7,2,ok,
c222,fft,complex128,16384,256,fft_complex128_n16384_b256,51.3368500397,51.0206880281,0.108622014523,7,1,ok,
c222,fft,complex128,32768,1,fft_complex128_n32768_b1,0.429292556105,0.427008733257,0.00228382284857,7,45,ok,
c222,fft,complex128,32768,2,fft_complex128_n32768_b2,0.841493606972,0.839942433547,0.00154682050419,7,23,ok,
c222,fft,complex128,32768,4,fft_complex128_n32768_b4,1.75001664662,1.68610481984,0.0218579422354,7,17,ok,
c222,fft,complex128,32768,8,fft_complex128_n32768_b8,3.63031237794,3.43909113144,0.126569255372,7,8,ok,
c222,fft,complex128,32768,16,fft_complex128_n32768_b16,7.51087865016,7.46151967905,0.0493589711065,7,3,ok,
c222,fft,complex128,32768,32,fft_complex128_n32768_b32,15.7071324647,14.5197265083,1.06586801121,7,2,ok,
c222,fft,complex128,32768,64,fft_complex128_n32768_b64,32.2156629991,30.7191750035,1.45976897329,7,1,ok,
c222,fft,complex128,32768,256,fft_complex128_n32768_b256,123.969353968,122.941331007,0.609469017945,7,1,ok,
c222,fft,complex128,65536,1,fft_complex128_n65536_b1,0.947150717756,0.941706710451,0.00352133065462,7,21,ok,
c222,fft,complex128,65536,2,fft_complex128_n65536_b2,1.87368247037,1.86494613687,0.00720680691302,7,15,ok,
c222,fft,complex128,65536,4,fft_complex128_n65536_b4,3.98390612099,3.8522236282,0.071071612183,7,8,ok,
c222,fft,complex128,65536,8,fft_complex128_n65536_b8,8.14930264217,7.91891835009,0.0938689724232,7,3,ok,
c222,fft,complex128,65536,16,fft_complex128_n65536_b16,16.155260033,15.8825899707,0.154930050485,7,1,ok,
c222,fft,complex128,65536,32,fft_complex128_n65536_b32,33.8996519567,32.8418139834,0.369369983673,7,1,ok,
c222,fft,complex128,65536,64,fft_complex128_n65536_b64,68.7906789826,68.721520016,0.069158966653,7,1,ok,
c222,fft,complex128,65536,256,fft_complex128_n65536_b256,274.238507031,269.145955099,2.3527899757,7,1,ok,
c222,ifft,complex64,64,1,ifft_complex64_n64_b1,0.00490254848849,0.00488888865868,5.24175304331e-06,9,988,ok,
c222,ifft,complex64,64,2,ifft_complex64_n64_b2,0.00529349363767,0.00524763523723,2.81842857901e-05,9,1878,ok,
c222,ifft,complex64,64,4,ifft_complex64_n64_b4,0.00580922108413,0.00578902466839,1.24556629351e-05,9,1949,ok,
c222,ifft,complex64,64,8,ifft_complex64_n64_b8,0.00667516301486,0.00666035473047,1.38557953964e-05,9,1914,ok,
c222,ifft,complex64,64,16,ifft_complex64_n64_b16,0.00841497260255,0.00836892619566,1.31793696974e-05,9,1572,ok,
c222,ifft,complex64,64,32,ifft_complex64_n64_b32,0.0117394426315,0.0117065439538,2.12862736947e-05,9,1195,ok,
c222,ifft,complex64,64,64,ifft_complex64_n64_b64,0.0185880367247,0.0185621676534,1.89738665484e-05,9,763,ok,
c222,ifft,complex64,64,256,ifft_complex64_n64_b256,0.0591020745924,0.0586783798644,0.000277465442196,7,200,ok,
c222,ifft,complex64,256,1,ifft_complex64_n256_b1,0.00628230947198,0.00625463754381,5.10284076008e-06,9,1887,ok,
c222,ifft,complex64,256,2,ifft_complex64_n256_b2,0.00728409185077,0.0072662514366,8.44258348854e-06,9,1742,ok,
c222,ifft,complex64,256,4,ifft_complex64_n256_b4,0.00923291912641,0.00920906637518,1.34243680719e-05,9,1447,ok,
c222,ifft,complex64,256,8,ifft_complex64_n256_b8,0.0129848197093,0.0129409232483,2.83397099679e-05,9,1004,ok,
c222,ifft,complex64,256,16,ifft_complex64_n256_b16,0.020595902176,0.020491985441,8.94817448881e-05,9,685,ok,
c222,ifft,complex64,256,32,ifft_complex64_n256_b32,0.0353937898763,0.0349890295183,0.000101244659163,9,200,ok,
c222,ifft,complex64,256,64,ifft_complex64_n256_b64,0.0648067350267,0.0641996000195,0.0002634950215,9,200,ok,
c222,ifft,complex64,256,256,ifft_complex64_n256_b256,0.242406673483,0.241047506367,0.00107151888176,7,83,ok,
c222,ifft,complex64,1024,1,ifft_complex64_n1024_b1,0.0135179723624,0.0133837126581,0.000132273607082,9,943,ok,
c222,ifft,complex64,1024,2,ifft_complex64_n1024_b2,0.0180461094559,0.0179164420604,9.53844043418e-05,9,749,ok,
c222,ifft,complex64,1024,4,ifft_complex64_n1024_b4,0.0261108555288,0.0260427951305,4.87750402943e-05,9,547,ok,
c222,ifft,complex64,1024,8,ifft_complex64_n1024_b8,0.0439485348761,0.042661075131,0.000800749985501,9,200,ok,
c222,ifft,complex64,1024,16,ifft_complex64_n1024_b16,0.0765601650346,0.0758664205205,0.00027897534892,9,200,ok,
c222,ifft,complex64,1024,32,ifft_complex64_n1024_b32,0.14538713136,0.143450007597,0.0019371237633,9,137,ok,
c222,ifft,complex64,1024,64,ifft_complex64_n1024_b64,0.27673444452,0.275667444738,0.000880263137838,9,72,ok,
c222,ifft,complex64,1024,256,ifft_complex64_n1024_b256,1.07557725817,1.07202951848,0.00354773968596,7,27,ok,
c222,ifft,complex64,2048,1,ifft_complex64_n2048_b1,0.0217377332452,0.0213500560312,0.00029085687311,9,607,ok,
c222,ifft,complex64,2048,2,ifft_complex64_n2048_b2,0.0309497733372,0.0307604737657,0.000125425388222,9,437,ok,
c222,ifft,complex64,2048,4,ifft_complex64_n2048_b4,0.049140144838,0.0486691150581,0.000348959583789,9,200,ok,
c222,ifft,complex64,2048,8,ifft_complex64_n2048_b8,0.0853447447298,0.0845515099354,0.000611694995314,9,200,ok,
c222,ifft,complex64,2048,16,ifft_complex64_n2048_b16,0.158910236255,0.15402092932,0.00419990548233,9,127,ok,
c222,ifft,complex64,2048,32,ifft_complex64_n2048_b32,0.296313184887,0.295003799077,0.000906923714166,9,65,ok,
c222,ifft,complex64,2048,64,ifft_complex64_n2048_b64,0.580857864891,0.576602900401,0.00425496449073,9,30,ok,
c222,ifft,complex64,2048,256,ifft_complex64_n2048_b256,2.31567033916,2.30295067498,0.0110765880284,7,12,ok,
c222,ifft,complex64,3072,1,ifft_complex64_n3072_b1,0.0308715769699,0.0307750515043,9.6525465592e-05,9,156,ok,
c222,ifft,complex64,3072,2,ifft_complex64_n3072_b2,0.0456133496482,0.0454946246464,9.64791979641e-05,9,200,ok,
c222,ifft,complex64,3072,4,ifft_complex64_n3072_b4,0.0715513003524,0.0713037850801,0.000247515272349,9,200,ok,
c222,ifft,complex64,3072,8,ifft_complex64_n3072_b8,0.126786841687,0.125927006225,0.000683373412047,9,158,ok,
c222,ifft,complex64,3072,16,ifft_complex64_n3072_b16,0.236952989196,0.23590435601,0.000650869748954,9,84,ok,
c222,ifft,complex64,3072,32,ifft_complex64_n3072_b32,0.459134233339,0.453906797338,0.00472650087128,9,30,ok,
c222,ifft,complex64,3072,64,ifft_complex64_n3072_b64,0.924939968778,0.894905168874,0.0134845341866,9,30,ok,
c222,ifft,complex64,3072,256,ifft_complex64_n3072_b256,3.53442937194,3.51708437665,0.0173449952854,7,8,ok,
c222,ifft,complex64,3584,1,ifft_complex64_n3584_b1,0.0342865103831,0.0338406761569,0.000410212975878,9,380,ok,
c222,ifft,complex64,3584,2,ifft_complex64_n3584_b2,0.0510066351853,0.0509210251039,6.68247230351e-05,9,200,ok,
c222,ifft,complex64,3584,4,ifft_complex64_n3584_b4,0.0811355246697,0.0806244695559,0.000156744499691,9,200,ok,
c222,ifft,complex64,3584,8,ifft_complex64_n3584_b8,0.144403587278,0.143908022437,0.000403579864381,9,138,ok,
c222,ifft,complex64,3584,16,ifft_complex64_n3584_b16,0.272491459131,0.271138933336,0.000872446312192,9,74,ok,
c222,ifft,complex64,3584,32,ifft_complex64_n3584_b32,0.522943232985,0.52085800174,0.00131846560786,9,30,ok,
c222,ifft,complex64,3584,64,ifft_complex64_n3584_b64,1.0344119309,1.01557637741,0.0188355534819,9,29,ok,
c222,ifft,complex64,3584,256,ifft_complex64_n3584_b256,4.10473586193,4.0325479848,0.0696158635297,7,7,ok,
c222,ifft,complex64,4095,1,ifft_complex64_n4095_b1,0.0506829161088,0.0505290511676,7.58721989437e-05,9,274,ok,
c222,ifft,complex64,4095,2,ifft_complex64_n4095_b2,0.0886768253986,0.0884044199483,0.000272405450232,9,200,ok,
c222,ifft,complex64,4095,4,ifft_complex64_n4095_b4,0.107491944768,0.106054093371,0.000609494976003,9,182,ok,
c222,ifft,complex64,4095,8,ifft_complex64_n4095_b8,0.199092499798,0.196440612223,0.000614092010549,9,98,ok,
c222,ifft,complex64,4095,16,ifft_complex64_n4095_b16,0.379545758478,0.37799323909,0.000956002622843,9,50,ok,
c222,ifft,complex64,4095,32,ifft_complex64_n4095_b32,0.745334134748,0.741417768101,0.00272313676154,9,30,ok,
c222,ifft,complex64,4095,64,ifft_complex64_n4095_b64,1.51799665182,1.47611735156,0.0418793002609,9,20,ok,
c222,ifft,complex64,4095,256,ifft_complex64_n4095_b256,5.97915623803,5.94239225029,0.0343690044247,7,4,ok,
c222,ifft,complex64,4096,1,ifft_complex64_n4096_b1,0.038237697478,0.0379192348722,0.000168070995855,9,281,ok,
c222,ifft,complex64,4096,2,ifft_complex64_n4096_b2,0.0575681996997,0.0572301197099,0.000235284678638,9,200,ok,
c222,ifft,complex64,4096,4,ifft_complex64_n4096_b4,0.0923866149969,0.0915241497569,0.000444779871032,9,200,ok,
c222,ifft,complex64,4096,8,ifft_complex64_n4096_b8,0.16662099224,0.165403224916,0.000633274127419,9,120,ok,
c222,ifft,complex64,4096,16,ifft_complex64_n4096_b16,0.30869510777,0.307732691559,0.000483662678072,9,65,ok,
c222,ifft,complex64,4096,32,ifft_complex64_n4096_b32,0.601306767203,0.596803368535,0.00395906778673,9,30,ok,
c222,ifft,complex64,4096,64,ifft_complex64_n4096_b64,1.32654503919,1.31538656075,0.0111584784463,9,25,ok,
c222,ifft,complex64,4096,256,ifft_complex64_n4096_b256,4.7359194917,4.6572573289,0.054872672384,7,6,ok,
c222,ifft,complex64,4097,1,ifft_complex64_n4097_b1,0.150152016431,0.148951656139,0.000615254021631,7,122,ok,
c222,ifft,complex64,4097,2,ifft_complex64_n4097_b2,0.280850414688,0.278001554454,0.00277209059837,7,65,ok,
c222,ifft,complex64,4097,4,ifft_complex64_n4097_b4,0.224775617702,0.222115123414,0.00203515695973,7,89,ok,
c222,ifft,complex64,4097,8,ifft_complex64_n4097_b8,0.431964523159,0.426625827854,0.0053386953052,7,46,ok,
c222,ifft,complex64,4097,16,ifft_complex64_n4097_b16,0.840632299272,0.838205132944,0.00242716632783,7,30,ok,
c222,ifft,complex64,4097,32,ifft_complex64_n4097_b32,1.68481116675,1.65481005873,0.0277920044027,7,18,ok,
c222,ifft,complex64,4097,64,ifft_complex64_n4097_b64,3.32423855758,3.30037276985,0.00748177990317,7,9,ok,
c222,ifft,complex64,4097,256,ifft_complex64_n4097_b256,13.2452186663,13.1593780049,0.0858406613891,7,3,ok,
c222,ifft,complex64,4608,1,ifft_complex64_n4608_b1,0.0434937799582,0.0432436651317,6.57700002193e-05,7,200,ok,
c222,ifft,complex64,4608,2,ifft_complex64_n4608_b2,0.0667411048198,0.0661261047935,0.000498079461977,7,200,ok,
c222,ifft,complex64,4608,4,ifft_complex64_n4608_b4,0.108106700762,0.107522160698,0.00044710307928,7,174,ok,
c222,ifft,complex64,4608,8,ifft_complex64_n4608_b8,0.19752819607,0.194857911636,0.00190198097341,7,102,ok,
c222,ifft,complex64,4608,16,ifft_complex64_n4608_b16,0.371526399006,0.36318883067,0.000894034747034,7,30,ok,
c222,ifft,complex64,4608,32,ifft_complex64_n4608_b32,0.709547866912,0.705691298936,0.00385656797638,7,30,ok,
c222,ifft,complex64,4608,64,ifft_complex64_n4608_b64,1.40806166677,1.39882152213,0.00924014464198,7,21,ok,
c222,ifft,complex64,4608,256,ifft_complex64_n4608_b256,5.58323881123,5.54415760562,0.0390812056139,7,5,ok,
c222,ifft,complex64,8192,1,ifft_complex64_n8192_b1,0.0710685004015,0.0707855203655,0.00015874451492,7,200,ok,
c222,ifft,complex64,8192,2,ifft_complex64_n8192_b2,0.115547851393,0.114766611452,0.000781239941716,7,175,ok,
c222,ifft,complex64,8192,4,ifft_complex64_n8192_b4,0.197505509919,0.196305333007,0.00120017691241,7,102,ok,
c222,ifft,complex64,8192,8,ifft_complex64_n8192_b8,0.36371814468,0.361855946143,0.00185712706298,7,55,ok,
c222,ifft,complex64,8192,16,ifft_complex64_n8192_b16,0.709065965687,0.687324302271,0.0217416634162,7,30,ok,
c222,ifft,complex64,8192,32,ifft_complex64_n8192_b32,1.37097210207,1.35609641745,0.0148756846197,7,19,ok,
c222,ifft,complex64,8192,64,ifft_complex64_n8192_b64,3.0186626698,2.95170199954,0.0652419920597,7,9,ok,
c222,ifft,complex64,8192,256,ifft_complex64_n8192_b256,12.0535633372,11.1651089974,0.17699766128,7,3,ok,
c222,ifft,complex64,16384,1,ifft_complex64_n16384_b1,0.130665867259,0.118833993078,0.00446213886755,7,158,ok,
c222,ifft,complex64,16384,2,ifft_complex64_n16384_b2,0.210785236891,0.202657364469,0.00812787242154,7,93,ok,
c222,ifft,complex64,16384,4,ifft_complex64_n16384_b4,0.39197035784,0.372464812519,0.0100724161866,7,53,ok,
c222,ifft,complex64,16384,8,ifft_complex64_n16384_b8,0.736348633654,0.715860999965,0.016982065669,7,30,ok,
c222,ifft,complex64,16384,16,ifft_complex64_n16384_b16,1.43333585002,1.41619380447,0.0163540476933,7,20,ok,
c222,ifft,complex64,16384,32,ifft_complex64_n16384_b32,3.15203530481,3.07512159925,0.0239998917095,7,10,ok,
c222,ifft,complex64,16384,64,ifft_complex64_n16384_b64,6.26671875943,6.13278098172,0.0225444964599,7,4,ok,
c222,ifft,complex64,16384,256,ifft_complex64_n16384_b256,26.7867509974,26.4652599581,0.130343949422,7,1,ok,
c222,ifft,complex64,32768,1,ifft_complex64_n32768_b1,0.23790024414,0.236370792419,0.000268804397797,7,82,ok,
c222,ifft,complex64,32768,2,ifft_complex64_n32768_b2,0.421189566386,0.418066348293,0.00224678534205,7,46,ok,
c222,ifft,complex64,32768,4,ifft_complex64_n32768_b4,0.784294299471,0.771472331447,0.00804536587869,7,30,ok,
c222,ifft,complex64,32768,8,ifft_complex64_n32768_b8,1.58550021067,1.56441542295,0.0210847877162,7,19,ok,
c222,ifft,complex64,32768,16,ifft_complex64_n32768_b16,3.25780766757,3.09975878594,0.0443406687636,7,9,ok,
c222,ifft,complex64,32768,32,ifft_complex64_n32768_b32,6.68085573125,6.08077348443,0.60008224682,7,4,ok,
c222,ifft,complex64,32768,64,ifft_complex64_n32768_b64,13.9284409815,12.8298819764,0.935700023547,7,2,ok,
c222,ifft,complex64,32768,256,ifft_complex64_n32768_b256,54.6138179488,54.0010429686,0.319818034768,7,1,ok,
c222,ifft,complex64,65536,1,ifft_complex64_n65536_b1,0.497830685498,0.490996839577,0.00219752301315,7,38,ok,
c222,ifft,complex64,65536,2,ifft_complex64_n65536_b2,0.919632730074,0.908031698782,0.00528116943315,7,30,ok,
c222,ifft,complex64,65536,4,ifft_complex64_n65536_b4,1.79156259058,1.72751100378,0.0211377696627,7,17,ok,
c222,ifft,complex64,65536,8,ifft_complex64_n65536_b8,3.7285224202,3.64272328027,0.0607967044094,7,7,ok,
c222,ifft,complex64,65536,16,ifft_complex64_n65536_b16,7.20315333456,6.93942001089,0.192179344594,7,3,ok,
c222,ifft,complex64,65536,32,ifft_complex64_n65536_b32,13.9698185376,13.6303189793,0.219951034524,7,2,ok,
c222,ifft,complex64,65536,64,ifft_complex64_n65536_b64,29.6729090624,28.6998689407,0.318566104397,7,1,ok,
c222,ifft,complex64,65536,256,ifft_complex64_n65536_b256,141.398816952,116.342870984,6.76885712892,7,1,ok,
c222,ifft,complex128,64,1,ifft_complex128_n64_b1,0.00478353144394,0.00471726604622,2.66488325311e-05,9,1620,ok,
c222,ifft,complex128,64,2,ifft_complex128_n64_b2,0.00522766441266,0.00509818157453,2.96048444396e-05,9,843,ok,
c222,ifft,complex128,64,4,ifft_complex128_n64_b4,0.00548453151714,0.00543516350444,1.29794934765e-05,9,2000,ok,
c222,ifft,complex128,64,8,ifft_complex128_n64_b8,0.00618219102034,0.00609419099055,2.60784872808e-05,9,2000,ok,
c222,ifft,complex128,64,16,ifft_complex128_n64_b16,0.00743531017985,0.00740266472629,2.05110943005e-05,9,1757,ok,
c222,ifft,complex128,64,32,ifft_complex128_n64_b32,0.00990765807874,0.00985455193111,2.3020636606e-05,9,1357,ok,
c222,ifft,complex128,64,64,ifft_complex128_n64_b64,0.0149788463826,0.0148944677018,8.43786808739e-05,9,898,ok,
c222,ifft,complex128,64,256,ifft_complex128_n64_b256,0.0456388952443,0.0455098052043,0.000129090039991,7,200,ok,
c222,ifft,complex128,256,1,ifft_complex128_n256_b1,0.00609663331601,0.00604335341007,3.25718222895e-05,9,1808,ok,
c222,ifft,complex128,256,2,ifft_complex128_n256_b2,0.00721637264858,0.00714218123511,5.54460176069e-05,9,1473,ok,
c222,ifft,complex128,256,4,ifft_complex128_n256_b4,0.00879265606628,0.00863182111404,0.000125477875191,9,1442,ok,
c222,ifft,complex128,256,8,ifft_complex128_n256_b8,0.0119701245786,0.0118776744487,7.93657313661e-05,9,1124,ok,
c222,ifft,complex128,256,16,ifft_complex128_n256_b16,0.0189502450594,0.0186382052766,0.000258005187162,9,755,ok,
c222,ifft,complex128,256,32,ifft_complex128_n256_b32,0.0315885199234,0.0313029851532,0.000178680056706,9,200,ok,
c222,ifft,complex128,256,64,ifft_complex128_n256_b64,0.0586221198319,0.0581673753913,0.00041923020035,9,200,ok,
c222,ifft,complex128,256,256,ifft_complex128_n256_b256,0.212587754272,0.211495606407,0.000732009635961,7,94,ok,
c222,ifft,complex128,1024,1,ifft_complex128_n1024_b1,0.0127471378478,0.0126275233166,9.24213782325e-05,9,921,ok,
c222,ifft,complex128,1024,2,ifft_complex128_n1024_b2,0.0171083593813,0.01687790367,0.000230455711312,9,779,ok,
c222,ifft,complex128,1024,4,ifft_complex128_n1024_b4,0.0260334448231,0.0251367296989,0.0007625661537,9,544,ok,
c222,ifft,complex128,1024,8,ifft_complex128_n1024_b8,0.04247563018,0.0415763445199,0.000876490375958,9,200,ok,
c222,ifft,complex128,1024,16,ifft_complex128_n1024_b16,0.0776040204801,0.0745994551107,0.00217341526877,9,200,ok,
c222,ifft,complex128,1024,32,ifft_complex128_n1024_b32,0.141430622036,0.140329755636,0.00103956985253,9,135,ok,
c222,ifft,complex128,1024,64,ifft_complex128_n1024_b64,0.269380788332,0.267047971212,0.00190030960497,9,71,ok,
c222,ifft,complex128,1024,256,ifft_complex128_n1024_b256,1.1072951361,1.0803350697,0.0100950710475,7,29,ok,
c222,ifft,complex128,2048,1,ifft_complex128_n2048_b1,0.0213714299025,0.021186619997,0.000162969809026,9,600,ok,
c222,ifft,complex128,2048,2,ifft_complex128_n2048_b2,0.0318016823573,0.0315487517098,0.000223261668811,9,447,ok,
c222,ifft,complex128,2048,4,ifft_complex128_n2048_b4,0.0502520694863,0.0497127650306,0.000414724345319,9,200,ok,
c222,ifft,complex128,2048,8,ifft_complex128_n2048_b8,0.0875549303601,0.0868316297419,0.00072330061812,9,200,ok,
c222,ifft,complex128,2048,16,ifft_complex128_n2048_b16,0.165499396591,0.162080115993,0.00283471885915,9,121,ok,
c222,ifft,complex128,2048,32,ifft_complex128_n2048_b32,0.317526158936,0.311685872028,0.00584028690817,9,63,ok,
c222,ifft,complex128,2048,64,ifft_complex128_n2048_b64,0.617177799965,0.603925665685,0.0104231682296,9,30,ok,
c222,ifft,complex128,2048,256,ifft_complex128_n2048_b256,3.14653316552,2.8080335857,0.338499579811,7,12,ok,
c222,ifft,complex128,3072,1,ifft_complex128_n3072_b1,0.0313472539625,0.0297574564705,0.00138770131504,9,425,ok,
c222,ifft,complex128,3072,2,ifft_complex128_n3072_b2,0.0473638199037,0.0451495801099,0.00121105986182,9,200,ok,
c222,ifft,complex128,3072,4,ifft_complex128_n3072_b4,0.075002204976,0.0745589745929,0.000443230383098,9,200,ok,
c222,ifft,complex128,3072,8,ifft_complex128_n3072_b8,0.136728884754,0.133760332852,0.00260971473897,9,147,ok,
c222,ifft,complex128,3072,16,ifft_complex128_n3072_b16,0.254839548143,0.24734454928,0.00735824578442,9,20,ok,
c222,ifft,complex128,3072,32,ifft_complex128_n3072_b32,0.486420599433,0.481074268464,0.00424256625896,9,30,ok,
c222,ifft,complex128,3072,64,ifft_complex128_n3072_b64,0.973417633213,0.960108436023,0.0133091971899,9,30,ok,
c222,ifft,complex128,3072,256,ifft_complex128_n3072_b256,4.97755317095,4.53909816376,0.438455007194,7,6,ok,
c222,ifft,complex128,3584,1,ifft_complex128_n3584_b1,0.0339993377565,0.0334788637701,0.000201375223696,9,80,ok,
c222,ifft,complex128,3584,2,ifft_complex128_n3584_b2,0.0522282649763,0.0513469194993,0.000548280077055,9,200,ok,
c222,ifft,complex128,3584,4,ifft_complex128_n3584_b4,0.0885651202407,0.0865926296683,0.00118025520351,9,200,ok,
c222,ifft,complex128,3584,8,ifft_complex128_n3584_b8,0.159350122531,0.152698901077,0.00483621416599,9,131,ok,
c222,ifft,complex128,3584,16,ifft_complex128_n3584_b16,0.292022304231,0.288047492032,0.00397481219978,9,69,ok,
c222,ifft,complex128,3584,32,ifft_complex128_n3584_b32,0.560495466925,0.550034230885,0.00673459920411,9,30,ok,
c222,ifft,complex128,3584,64,ifft_complex128_n3584_b64,1.29724478986,1.10928331943,0.151372006114,9,19,ok,
c222,ifft,complex128,3584,256,ifft_complex128_n3584_b256,5.84128741175,5.0746638095,0.53161198739,7,5,ok,
c222,ifft,complex128,4095,1,ifft_complex128_n4095_b1,0.0459356036996,0.0444557085508,0.000958920373947,9,237,ok,
c222,ifft,complex128,4095,2,ifft_complex128_n4095_b2,0.0754101149505,0.0727728346828,0.00197173503693,9,200,ok,
c222,ifft,complex128,4095,4,ifft_complex128_n4095_b4,0.131159348377,0.130923907579,0.000127604978747,9,152,ok,
c222,ifft,complex128,4095,8,ifft_complex128_n4095_b8,0.249042037191,0.248417961175,0.000301963661479,9,79,ok,
c222,ifft,complex128,4095,16,ifft_complex128_n4095_b16,0.48374241536,0.482382292564,0.000332343028631,9,41,ok,
c222,ifft,complex128,4095,32,ifft_complex128_n4095_b32,0.954829234009,0.948992297829,0.00207859945173,9,30,ok,
c222,ifft,complex128,4095,64,ifft_complex128_n4095_b64,1.87614593597,1.87384037417,0.00230556179304,9,16,ok,
c222,ifft,complex128,4095,256,ifft_complex128_n4095_b256,7.77461868711,7.69952168533,0.0476456868152,7,3,ok,
c222,ifft,complex128,4096,1,ifft_complex128_n4096_b1,0.0379937085269,0.0377371056507,0.000128221029463,9,312,ok,
c222,ifft,complex128,4096,2,ifft_complex128_n4096_b2,0.0577823049389,0.0575081398711,0.00025036977604,9,200,ok,
c222,ifft,complex128,4096,4,ifft_complex128_n4096_b4,0.09557307465,0.0948330899701,0.000396544928662,9,200,ok,
c222,ifft,complex128,4096,8,ifft_complex128_n4096_b8,0.172534569477,0.17121895584,0.000272088136785,9,114,ok,
c222,ifft,complex128,4096,16,ifft_complex128_n4096_b16,0.323374701353,0.321433250792,0.00040273492535,9,60,ok,
c222,ifft,complex128,4096,32,ifft_complex128_n4096_b32,0.630847698388,0.628901063465,0.00163506483659,9,30,ok,
c222,ifft,complex128,4096,64,ifft_complex128_n4096_b64,1.26888075223,1.26282020938,0.00492466885286,9,24,ok,
c222,ifft,complex128,4096,256,ifft_complex128_n4096_b256,5.33259999938,5.29804539401,0.0276657985523,7,5,ok,
c222,ifft,complex128,4097,1,ifft_complex128_n4097_b1,0.115982999876,0.115492265459,0.000293018802265,7,162,ok,
c222,ifft,complex128,4097,2,ifft_complex128_n4097_b2,0.190783000441,0.190503564479,0.000109316292449,7,101,ok,
c222,ifft,complex128,4097,4,ifft_complex128_n4097_b4,0.363930369969,0.363585646954,0.000344723014644,7,54,ok,
c222,ifft,complex128,4097,8,ifft_complex128_n4097_b8,0.713120680302,0.712823322309,0.00019178592733,7,28,ok,
c222,ifft,complex128,4097,16,ifft_complex128_n4097_b16,1.40173504839,1.3977461938,0.0012819045445,7,21,ok,
c222,ifft,complex128,4097,32,ifft_complex128_n4097_b32,2.82563701039,2.78364850674,0.01150239259,7,10,ok,
c222,ifft,complex128,4097,64,ifft_complex128_n4097_b64,5.57470079511,5.53383240476,0.028853979893,7,5,ok,
c222,ifft,complex128,4097,256,ifft_complex128_n4097_b256,22.4373880774,22.2871470032,0.042068073526,7,1,ok,
c222,ifft,complex128,4608,1,ifft_complex128_n4608_b1,0.0428132596426,0.0424251350341,0.000109099200927,7,200,ok,
c222,ifft,complex128,4608,2,ifft_complex128_n4608_b2,0.0688550597988,0.0685067544691,0.00029765535146,7,200,ok,
c222,ifft,complex128,4608,4,ifft_complex128_n4608_b4,0.116829779775,0.116252452634,0.000112649147576,7,168,ok,
c222,ifft,complex128,4608,8,ifft_complex128_n4608_b8,0.215407644249,0.215137828323,0.00020175979569,7,87,ok,
c222,ifft,complex128,4608,16,ifft_complex128_n4608_b16,0.405381068898,0.404711133645,0.000507264242818,7,30,ok,
c222,ifft,complex128,4608,32,ifft_complex128_n4608_b32,0.793942335683,0.791726533013,0.00105996538575,7,30,ok,
c222,ifft,complex128,4608,64,ifft_complex128_n4608_b64,1.58941910578,1.58738736431,0.00203174146775,7,19,ok,
c222,ifft,complex128,4608,256,ifft_complex128_n4608_b256,6.68587058317,6.62061660551,0.0480158021674,7,5,ok,
c222,ifft,complex128,8192,1,ifft_complex128_n8192_b1,0.0748708599713,0.0746492447797,0.000126435188577,7,200,ok,
c222,ifft,complex128,8192,2,ifft_complex128_n8192_b2,0.123053116358,0.122732392861,0.000128828194792,7,163,ok,
c222,ifft,complex128,8192,4,ifft_complex128_n8192_b4,0.22536735262,0.224534318973,0.000550453974442,7,88,ok,
c222,ifft,complex128,8192,8,ifft_complex128_n8192_b8,0.422117659485,0.420633616778,0.000715382060314,7,47,ok,
c222,ifft,complex128,8192,16,ifft_complex128_n8192_b16,0.819562266891,0.810635900901,0.00657059717923,7,30,ok,
c222,ifft,complex128,8192,32,ifft_complex128_n8192_b32,1.6125872175,1.60859860868,0.00352438332306,7,18,ok,
c222,ifft,complex128,8192,64,ifft_complex128_n8192_b64,3.26936488919,3.23888455104,0.0301286604048,7,9,ok,
c222,ifft,complex128,8192,256,ifft_complex128_n8192_b256,14.4379640114,14.352424012,0.0361675047316,7,2,ok,
c222,ifft,complex128,16384,1,ifft_complex128_n16384_b1,0.191952285933,0.190929428763,0.000850448296184,7,105,ok,
c222,ifft,complex128,16384,2,ifft_complex128_n16384_b2,0.377629229871,0.376895768568,0.0006354015428,7,52,ok,
c222,ifft,complex128,16384,4,ifft_complex128_n16384_b4,0.733145615623,0.731638959573,0.000280923604106,7,26,ok,
c222,ifft,complex128,16384,8,ifft_complex128_n16384_b8,1.46297779866,1.46198945004,0.000988348620012,7,20,ok,
c222,ifft,complex128,16384,16,ifft_complex128_n16384_b16,2.89539940422,2.87804800319,0.00666039995849,7,10,ok,
c222,ifft,complex128,16384,32,ifft_complex128_n16384_b32,5.89767261408,5.85266859271,0.0233356142417,7,5,ok,
c222,ifft,complex128,16384,64,ifft_complex128_n16384_b64,12.1470855083,12.0971964789,0.016862002667,7,2,ok,
c222,ifft,complex128,16384,256,ifft_complex128_n16384_b256,52.3095689714,51.766072982,0.214150990359,7,1,ok,
c222,ifft,complex128,32768,1,ifft_complex128_n32768_b1,0.443092682293,0.440820226107,0.000592477259819,7,44,ok,
c222,ifft,complex128,32768,2,ifft_complex128_n32768_b2,0.867902999744,0.853748362384,0.00237804223699,7,22,ok,
c222,ifft,complex128,32768,4,ifft_complex128_n32768_b4,1.72638776712,1.71352429863,0.00587270786876,7,17,ok,
c222,ifft,complex128,32768,8,ifft_complex128_n32768_b8,3.41054775345,3.39699111646,0.00831438228488,7,8,ok,
c222,ifft,complex128,32768,16,ifft_complex128_n32768_b16,7.02047575032,6.97685425985,0.0126060040202,7,4,ok,
c222,ifft,complex128,32768,32,ifft_complex128_n32768_b32,14.5502894884,14.3775210017,0.0603924854659,7,2,ok,
c222,ifft,complex128,32768,64,ifft_complex128_n32768_b64,30.2907940932,30.0735370256,0.217257067561,7,1,ok,
c222,ifft,complex128,32768,256,ifft_complex128_n32768_b256,118.727992056,118.305742973,0.422249082476,7,1,ok,
c222,ifft,complex128,65536,1,ifft_complex128_n65536_b1,0.912266428627,0.909960667958,0.000549569016411,7,21,ok,
c222,ifft,complex128,65536,2,ifft_complex128_n65536_b2,1.82976038195,1.82560949906,0.00358169927495,7,16,ok,
c222,ifft,complex128,65536,4,ifft_complex128_n65536_b4,3.71780488058,3.69470662554,0.0049341324484,7,8,ok,
c222,ifft,complex128,65536,8,ifft_complex128_n65536_b8,7.63675066022,7.5536686539,0.0638860122611,7,3,ok,
c222,ifft,complex128,65536,16,ifft_complex128_n65536_b16,15.8179899445,15.5098629184,0.158715993166,7,1,ok,
c222,ifft,complex128,65536,32,ifft_complex128_n65536_b32,33.143298002,32.9545650166,0.188732985407,7,1,ok,
c222,ifft,complex128,65536,64,ifft_complex128_n65536_b64,65.8881709678,65.4666220071,0.381022924557,7,1,ok,
c222,ifft,complex128,65536,256,ifft_complex128_n65536_b256,260.282038944,258.543047006,0.389218097553,7,1,ok,
current_final,fft,complex64,64,1,fft_complex64_n64_b1,0.00376607072596,0.00373222060426,4.38407128004e-06,9,1328,ok,
current_final,fft,complex64,64,2,fft_complex64_n64_b2,0.00447330996394,0.00443310500123,3.47900786437e-05,9,2000,ok,
current_final,fft,complex64,64,4,fft_complex64_n64_b4,0.00491016200976,0.00489931652555,6.31203874946e-06,9,2000,ok,
current_final,fft,complex64,64,8,fft_complex64_n64_b8,0.00568608799949,0.00565183401341,1.88404810615e-05,9,2000,ok,
current_final,fft,complex64,64,16,fft_complex64_n64_b16,0.00713335667616,0.00711894861842,7.54376550122e-06,9,1769,ok,
current_final,fft,complex64,64,32,fft_complex64_n64_b32,0.00998476239414,0.00995144193225,1.76486348728e-05,9,1292,ok,
current_final,fft,complex64,64,64,fft_complex64_n64_b64,0.0156604371818,0.0156295209555,7.3356122452e-06,9,885,ok,
current_final,fft,complex64,64,256,fft_complex64_n64_b256,0.0506318348926,0.0504297553562,0.000141520285979,7,200,ok,
current_final,fft,complex64,256,1,fft_complex64_n256_b1,0.00482282898156,0.00481573544675,3.19047830999e-06,9,2000,ok,
current_final,fft,complex64,256,2,fft_complex64_n256_b2,0.00612888575432,0.00611399262388,2.74351495404e-06,9,1899,ok,
current_final,fft,complex64,256,4,fft_complex64_n256_b4,0.00790804938636,0.0078544027878,2.29246024941e-05,9,1579,ok,
current_final,fft,complex64,256,8,fft_complex64_n256_b8,0.011356108782,0.01132722425,1.67659177504e-05,9,1213,ok,
current_final,fft,complex64,256,16,fft_complex64_n256_b16,0.0186193654928,0.0185886841193,3.06813734934e-05,9,706,ok,
current_final,fft,complex64,256,32,fft_complex64_n256_b32,0.0314346852247,0.0313234253554,4.75399428979e-05,9,200,ok,
current_final,fft,complex64,256,64,fft_complex64_n256_b64,0.0581266946392,0.0575260701589,0.000113415298983,9,200,ok,
current_final,fft,complex64,256,256,fft_complex64_n256_b256,0.212048162686,0.211875011345,0.000173151341226,7,92,ok,
current_final,fft,complex64,1024,1,fft_complex64_n1024_b1,0.00979349096405,0.00974386290136,1.23561699739e-05,9,1269,ok,
current_final,fft,complex64,1024,2,fft_complex64_n1024_b2,0.0172187199059,0.0171817071281,2.59423059176e-05,9,782,ok,
current_final,fft,complex64,1024,4,fft_complex64_n1024_b4,0.0231596325445,0.0230376083586,0.000122024185872,9,623,ok,
current_final,fft,complex64,1024,8,fft_complex64_n1024_b8,0.038913069875,0.0382943102159,0.000168865080923,9,200,ok,
current_final,fft,complex64,1024,16,fft_complex64_n1024_b16,0.0689616100863,0.0683385448065,0.000143070355989,9,200,ok,
current_final,fft,complex64,1024,32,fft_complex64_n1024_b32,0.129332960723,0.128401353578,0.000212686227671,9,153,ok,
current_final,fft,complex64,1024,64,fft_complex64_n1024_b64,0.251927127978,0.250457333795,0.00129061607787,9,78,ok,
current_final,fft,complex64,1024,256,fft_complex64_n1024_b256,0.943545100745,0.942809064873,0.000736035872251,7,30,ok,
current_final,fft,complex64,2048,1,fft_complex64_n2048_b1,0.0157710130465,0.0155817677227,3.81379614514e-05,9,848,ok,
current_final,fft,complex64,2048,2,fft_complex64_n2048_b2,0.0314922522716,0.0312087147711,0.000131728057544,9,452,ok,
current_final,fft,complex64,2048,4,fft_complex64_n2048_b4,0.0453078746796,0.0445350800874,7.60948751122e-05,9,200,ok,
current_final,fft,complex64,2048,8,fft_complex64_n2048_b8,0.0775629404234,0.076580310124,0.000315444776788,9,200,ok,
current_final,fft,complex64,2048,16,fft_complex64_n2048_b16,0.141548942574,0.14046965445,0.000345251831166,9,139,ok,
current_final,fft,complex64,2048,32,fft_complex64_n2048_b32,0.271801378993,0.268914082364,0.000668011567983,9,74,ok,
current_final,fft,complex64,2048,64,fft_complex64_n2048_b64,0.520275599168,0.516449764837,0.00323806501304,9,30,ok,
current_final,fft,complex64,2048,256,fft_complex64_n2048_b256,2.06830207026,2.06562271342,0.0019879995047,7,14,ok,
current_final,fft,complex64,3072,1,fft_complex64_n3072_b1,0.022678234454,0.022560234395,7.95095970401e-05,9,563,ok,
current_final,fft,complex64,3072,2,fft_complex64_n3072_b2,0.0452710600803,0.0450796500081,9.5774885267e-05,9,200,ok,
current_final,fft,complex64,3072,4,fft_complex64_n3072_b4,0.0651990249753,0.0651198247215,6.80302036926e-05,9,200,ok,
current_final,fft,complex64,3072,8,fft_complex64_n3072_b8,0.114166924356,0.113830825877,8.78955984791e-05,9,172,ok,
current_final,fft,complex64,3072,16,fft_complex64_n3072_b16,0.213593663395,0.213029880441,0.000186000049681,9,92,ok,
current_final,fft,complex64,3072,32,fft_complex64_n3072_b32,0.410804199055,0.40960930055,0.000336300581694,9,30,ok,
current_final,fft,complex64,3072,64,fft_complex64_n3072_b64,0.804209231865,0.802218168974,0.000619131606072,9,30,ok,
current_final,fft,complex64,3072,256,fft_complex64_n3072_b256,3.1620785594,3.15523589961,0.00389599396537,7,9,ok,
current_final,fft,complex64,3584,1,fft_complex64_n3584_b1,0.0256081234992,0.0252410824246,0.000230625372234,9,510,ok,
current_final,fft,complex64,3584,2,fft_complex64_n3584_b2,0.052388315089,0.0518397398992,8.76147532836e-05,9,200,ok,
current_final,fft,complex64,3584,4,fft_complex64_n3584_b4,0.0750703801168,0.0737410946749,0.000310579780489,9,200,ok,
current_final,fft,complex64,3584,8,fft_complex64_n3584_b8,0.132118781184,0.131162894205,0.000893654893862,9,151,ok,
current_final,fft,complex64,3584,16,fft_complex64_n3584_b16,0.244507850665,0.244296469185,0.000201369762237,9,81,ok,
current_final,fft,complex64,3584,32,fft_complex64_n3584_b32,0.473550866203,0.472033031595,0.00126303251212,9,30,ok,
current_final,fft,complex64,3584,64,fft_complex64_n3584_b64,0.925948199195,0.923619500827,0.000351667404175,9,30,ok,
current_final,fft,complex64,3584,256,fft_complex64_n3584_b256,3.663299256,3.65149087156,0.0046939967433,7,8,ok,
current_final,fft,complex64,4095,1,fft_complex64_n4095_b1,0.0478478855934,0.0477015539508,0.000120328326797,9,289,ok,
current_final,fft,complex64,4095,2,fft_complex64_n4095_b2,0.0897570949746,0.0893905147677,8.37596599013e-05,9,200,ok,
current_final,fft,complex64,4095,4,fft_complex64_n4095_b4,0.0971382996067,0.0968359346734,0.000157644390129,9,200,ok,
current_final,fft,complex64,4095,8,fft_complex64_n4095_b8,0.182361706096,0.181799961081,0.000416852451642,9,102,ok,
current_final,fft,complex64,4095,16,fft_complex64_n4095_b16,0.352484601634,0.351851236668,0.000169943086803,9,55,ok,
current_final,fft,complex64,4095,32,fft_complex64_n4095_b32,0.688236699595,0.685237402407,0.000855233520269,9,30,ok,
current_final,fft,complex64,4095,64,fft_complex64_n4095_b64,1.37909176382,1.36848766401,0.0057960527816,9,21,ok,
current_final,fft,complex64,4095,256,fft_complex64_n4095_b256,5.46860818285,5.43593720067,0.0246662180871,7,5,ok,
current_final,fft,complex64,4096,1,fft_complex64_n4096_b1,0.0281619239578,0.0281049477686,2.82696893682e-05,9,460,ok,
current_final,fft,complex64,4096,2,fft_complex64_n4096_b2,0.0582074996782,0.0581337098265,6.89795706421e-05,9,200,ok,
current_final,fft,complex64,4096,4,fft_complex64_n4096_b4,0.084036195185,0.0837821699679,0.000122580095194,9,200,ok,
current_final,fft,complex64,4096,8,fft_complex64_n4096_b8,0.148390721761,0.147674045406,0.000315473267907,9,133,ok,
current_final,fft,complex64,4096,16,fft_complex64_n4096_b16,0.280246985818,0.27990995861,0.000253376331077,9,72,ok,
current_final,fft,complex64,4096,32,fft_complex64_n4096_b32,0.541195700256,0.539791064026,0.000530970282853,9,30,ok,
current_final,fft,complex64,4096,64,fft_complex64_n4096_b64,1.06412849605,1.06118510926,0.000576817131202,9,28,ok,
current_final,fft,complex64,4096,256,fft_complex64_n4096_b256,4.18017199263,4.17028848703,0.00988350560268,7,6,ok,
current_final,fft,complex64,4097,1,fft_complex64_n4097_b1,0.142978102838,0.142746646923,0.000217022127746,7,136,ok,
current_final,fft,complex64,4097,2,fft_complex64_n4097_b2,0.274127409857,0.273303958039,0.000793137587607,7,73,ok,
current_final,fft,complex64,4097,4,fft_complex64_n4097_b4,0.215352171161,0.213172182851,0.00124511819693,7,93,ok,
current_final,fft,complex64,4097,8,fft_complex64_n4097_b8,0.418506213464,0.417223383494,0.00128282996965,7,47,ok,
current_final,fft,complex64,4097,16,fft_complex64_n4097_b16,0.807567499578,0.806451065,0.00111643457785,7,30,ok,
current_final,fft,complex64,4097,32,fft_complex64_n4097_b32,1.60474588888,1.59984561227,0.00394683512342,7,18,ok,
current_final,fft,complex64,4097,64,fft_complex64_n4097_b64,3.18737033134,3.17921855539,0.00293777945141,7,9,ok,
current_final,fft,complex64,4097,256,fft_complex64_n4097_b256,12.8070389619,12.7866543286,0.00726738168547,7,3,ok,
current_final,fft,complex64,4608,1,fft_complex64_n4608_b1,0.0326439953642,0.0323813047726,0.000154639710672,7,200,ok,
current_final,fft,complex64,4608,2,fft_complex64_n4608_b2,0.0675049849087,0.0672347802902,0.000177185283974,7,200,ok,
current_final,fft,complex64,4608,4,fft_complex64_n4608_b4,0.0983859692719,0.098300811464,6.06274365314e-05,7,196,ok,
current_final,fft,complex64,4608,8,fft_complex64_n4608_b8,0.176543803328,0.176018445927,0.000490910939074,7,112,ok,
current_final,fft,complex64,4608,16,fft_complex64_n4608_b16,0.336697631671,0.330871033172,0.0014410354197,7,30,ok,
current_final,fft,complex64,4608,32,fft_complex64_n4608_b32,0.644137900478,0.642988365144,0.000926437011609,7,30,ok,
current_final,fft,complex64,4608,64,fft_complex64_n4608_b64,1.26983504236,1.26871686813,0.000978389795384,7,23,ok,
current_final,fft,complex64,4608,256,fft_complex64_n4608_b256,5.04390399437,5.03666659351,0.00723740085959,7,5,ok,
current_final,fft,complex64,8192,1,fft_complex64_n8192_b1,0.0551897048717,0.0550635199761,6.16651959717e-05,7,200,ok,
current_final,fft,complex64,8192,2,fft_complex64_n8192_b2,0.106898876238,0.106609037762,0.000236080258444,7,186,ok,
current_final,fft,complex64,8192,4,fft_complex64_n8192_b4,0.183564287403,0.183087935309,0.000391100507437,7,108,ok,
current_final,fft,complex64,8192,8,fft_complex64_n8192_b8,0.337113119204,0.335680610911,0.000816270693253,7,59,ok,
current_final,fft,complex64,8192,16,fft_complex64_n8192_b16,0.643962198713,0.640160101466,0.00349820281068,7,30,ok,
current_final,fft,complex64,8192,32,fft_complex64_n8192_b32,1.27737917532,1.26643086601,0.00443086837945,7,23,ok,
current_final,fft,complex64,8192,64,fft_complex64_n8192_b64,2.5526316392,2.53573464314,0.00850862654095,7,11,ok,
current_final,fft,complex64,8192,256,fft_complex64_n8192_b256,10.7294340075,10.5515379691,0.0204483512789,7,3,ok,
current_final,fft,complex64,16384,1,fft_complex64_n16384_b1,0.109252432764,0.108968450181,0.000280345114743,7,171,ok,
current_final,fft,complex64,16384,2,fft_complex64_n16384_b2,0.193044500193,0.192902929848,0.000141570344567,7,100,ok,
current_final,fft,complex64,16384,4,fft_complex64_n16384_b4,0.356203947116,0.351234480539,0.00134914340119,7,56,ok,
current_final,fft,complex64,16384,8,fft_complex64_n16384_b8,0.670781033114,0.669744766007,0.000922731123865,7,30,ok,
current_final,fft,complex64,16384,16,fft_complex64_n16384_b16,1.32250309054,1.31685341264,0.00564967790111,7,22,ok,
current_final,fft,complex64,16384,32,fft_complex64_n16384_b32,2.5888083672,2.57439136674,0.00439000061967,7,11,ok,
current_final,fft,complex64,16384,64,fft_complex64_n16384_b64,5.24360758718,5.21423660684,0.0198312103748,7,5,ok,
current_final,fft,complex64,16384,256,fft_complex64_n16384_b256,23.391552968,23.2691840502,0.033842981793,7,1,ok,
current_final,fft,complex64,32768,1,fft_complex64_n32768_b1,0.219207944011,0.218797614542,0.000364527075582,7,91,ok,
current_final,fft,complex64,32768,2,fft_complex64_n32768_b2,0.390602620319,0.389011260122,0.000821140129119,7,50,ok,
current_final,fft,complex64,32768,4,fft_complex64_n32768_b4,0.730409900037,0.728721369524,0.000208697747439,7,30,ok,
current_final,fft,complex64,32768,8,fft_complex64_n32768_b8,1.40545294908,1.40062633658,0.00274223497226,7,21,ok,
current_final,fft,complex64,32768,16,fft_complex64_n32768_b16,2.74513039039,2.72865060251,0.00205989927053,7,10,ok,
current_final,fft,complex64,32768,32,fft_complex64_n32768_b32,5.57304979302,5.53750898689,0.0293808057904,7,5,ok,
current_final,fft,complex64,32768,64,fft_complex64_n32768_b64,11.4170300076,11.4008863457,0.0161436619237,7,3,ok,
current_final,fft,complex64,32768,256,fft_complex64_n32768_b256,47.7924019797,47.6263309829,0.0957188894972,7,1,ok,
current_final,fft,complex64,65536,1,fft_complex64_n65536_b1,0.459546580651,0.454786022432,0.000315742718792,7,43,ok,
current_final,fft,complex64,65536,2,fft_complex64_n65536_b2,0.867064436898,0.859774101991,0.0030026344272,7,30,ok,
current_final,fft,complex64,65536,4,fft_complex64_n65536_b4,1.65191633601,1.65049255722,0.00119110983279,7,18,ok,
current_final,fft,complex64,65536,8,fft_complex64_n65536_b8,3.20348276808,3.19991611306,0.00356665501992,7,9,ok,
current_final,fft,complex64,65536,16,fft_complex64_n65536_b16,6.40193175059,6.37388174073,0.016120262444,7,4,ok,
current_final,fft,complex64,65536,32,fft_complex64_n65536_b32,13.0818530063,13.0292816708,0.0315186722825,7,3,ok,
current_final,fft,complex64,65536,64,fft_complex64_n65536_b64,27.6389549254,27.4976709625,0.0299460953102,7,1,ok,
current_final,fft,complex64,65536,256,fft_complex64_n65536_b256,107.349444064,106.995763024,0.0507549848408,7,1,ok,
current_final,fft,complex128,64,1,fft_complex128_n64_b1,0.00364512815061,0.00360293373229,3.65213272122e-05,9,1404,ok,
current_final,fft,complex128,64,2,fft_complex128_n64_b2,0.00421785561638,0.00419825648133,5.01264174521e-06,9,1579,ok,
current_final,fft,complex128,64,4,fft_complex128_n64_b4,0.00453163898783,0.00448713597143,3.05370194837e-05,9,2000,ok,
current_final,fft,complex128,64,8,fft_complex128_n64_b8,0.00515503995121,0.00513855397003,1.38754257932e-05,9,2000,ok,
current_final,fft,complex128,64,16,fft_complex128_n64_b16,0.00630647299113,0.00627545552561,1.48725230247e-05,9,2000,ok,
current_final,fft,complex128,64,32,fft_complex128_n64_b32,0.00882381843883,0.00870161116224,5.4203471094e-05,9,1592,ok,
current_final,fft,complex128,64,64,fft_complex128_n64_b64,0.0132524580251,0.0131606581133,4.30048177285e-05,9,1050,ok,
current_final,fft,complex128,64,256,fft_complex128_n64_b256,0.0412556953961,0.0411575648468,3.0814553611e-05,7,200,ok,
current_final,fft,complex128,256,1,fft_complex128_n256_b1,0.00473199400585,0.00470673147356,6.58200588077e-06,9,2000,ok,
current_final,fft,complex128,256,2,fft_complex128_n256_b2,0.00597432698123,0.00594239751808,1.26390368678e-05,9,2000,ok,
current_final,fft,complex128,256,4,fft_complex128_n256_b4,0.00749663178053,0.00747115446988,2.14982998496e-05,9,1722,ok,
current_final,fft,complex128,256,8,fft_complex128_n256_b8,0.0112035203861,0.0111308389881,5.10228479781e-05,9,1230,ok,
current_final,fft,complex128,256,16,fft_complex128_n256_b16,0.0169972944833,0.0169803055598,1.69889235789e-05,9,815,ok,
current_final,fft,complex128,256,32,fft_complex128_n256_b32,0.0300459400751,0.0295101851225,5.11948019266e-05,9,200,ok,
current_final,fft,complex128,256,64,fft_complex128_n256_b64,0.053338794969,0.0529190548696,0.00019742466975,9,200,ok,
current_final,fft,complex128,256,256,fft_complex128_n256_b256,0.19744903025,0.196739847116,0.000138326348471,7,98,ok,
current_final,fft,complex128,1024,1,fft_complex128_n1024_b1,0.00890084894129,0.00885719854901,3.14233845005e-05,9,1370,ok,
current_final,fft,complex128,1024,2,fft_complex128_n1024_b2,0.0158520804814,0.0157768816698,5.36746891408e-05,9,870,ok,
current_final,fft,complex128,1024,4,fft_complex128_n1024_b4,0.0235576072236,0.0235105081546,3.05113975297e-05,9,616,ok,
current_final,fft,complex128,1024,8,fft_complex128_n1024_b8,0.0389079604065,0.0388920801925,1.58802140504e-05,9,200,ok,
current_final,fft,complex128,1024,16,fft_complex128_n1024_b16,0.0706170999911,0.0704086152837,0.000153995351866,9,200,ok,
current_final,fft,complex128,1024,32,fft_complex128_n1024_b32,0.132335615899,0.131956629289,0.000294264782195,9,151,ok,
current_final,fft,complex128,1024,64,fft_complex128_n1024_b64,0.255490684163,0.254647709028,0.000842975134242,9,79,ok,
current_final,fft,complex128,1024,256,fft_complex128_n1024_b256,1.01698006814,1.00209293111,0.0132624991238,7,30,ok,
current_final,fft,complex128,2048,1,fft_complex128_n2048_b1,0.0167277806279,0.0155854378202,0.000562882845903,9,820,ok,
current_final,fft,complex128,2048,2,fft_complex128_n2048_b2,0.0304097405639,0.0296963904405,0.000142474616818,9,466,ok,
current_final,fft,complex128,2048,4,fft_complex128_n2048_b4,0.0487428996712,0.0481084146304,0.000555540318601,9,200,ok,
current_final,fft,complex128,2048,8,fft_complex128_n2048_b8,0.08936983501,0.0846716860171,0.00231726060403,9,188,ok,
current_final,fft,complex128,2048,16,fft_complex128_n2048_b16,0.153966081728,0.153472500958,0.000463214189726,9,98,ok,
current_final,fft,complex128,2048,32,fft_complex128_n2048_b32,0.314879269381,0.297361880596,0.0106433281369,9,67,ok,
current_final,fft,complex128,2048,64,fft_complex128_n2048_b64,0.578062333322,0.57652243413,0.00124303235983,9,30,ok,
current_final,fft,complex128,2048,256,fft_complex128_n2048_b256,3.14997584344,3.06169539153,0.0772374646308,7,13,ok,
current_final,fft,complex128,3072,1,fft_complex128_n3072_b1,0.0219237461006,0.021550670368,0.000373075732668,9,622,ok,
current_final,fft,complex128,3072,2,fft_complex128_n3072_b2,0.0447783846175,0.044495559996,0.000165104866028,9,200,ok,
current_final,fft,complex128,3072,4,fft_complex128_n3072_b4,0.0716183247278,0.0709108047886,0.000377360265702,9,200,ok,
current_final,fft,complex128,3072,8,fft_complex128_n3072_b8,0.133451522384,0.130681803443,0.00218946881818,9,132,ok,
current_final,fft,complex128,3072,16,fft_complex128_n3072_b16,0.240871158051,0.240133405474,0.000737752576453,9,69,ok,
current_final,fft,complex128,3072,32,fft_complex128_n3072_b32,0.465490133502,0.463947933167,0.00075443337361,9,30,ok,
current_final,fft,complex128,3072,64,fft_complex128_n3072_b64,0.955056631938,0.928228468789,0.00978529763718,9,30,ok,
current_final,fft,complex128,3072,256,fft_complex128_n3072_b256,4.68260799867,4.46485357159,0.115331295612,7,7,ok,
current_final,fft,complex128,3584,1,fft_complex128_n3584_b1,0.0254758317772,0.0253798970695,6.1196141675e-05,9,398,ok,
current_final,fft,complex128,3584,2,fft_complex128_n3584_b2,0.0506310304627,0.0501689652447,0.000462065218017,9,200,ok,
current_final,fft,complex128,3584,4,fft_complex128_n3584_b4,0.0834586860671,0.0801836597582,0.00117413141321,9,191,ok,
current_final,fft,complex128,3584,8,fft_complex128_n3584_b8,0.144025187456,0.143557098078,0.000256337785631,9,133,ok,
current_final,fft,complex128,3584,16,fft_complex128_n3584_b16,0.274738384626,0.27146101571,0.00184438406275,9,65,ok,
current_final,fft,complex128,3584,32,fft_complex128_n3584_b32,0.523213735626,0.520079866207,0.00106233249729,9,30,ok,
current_final,fft,complex128,3584,64,fft_complex128_n3584_b64,1.08526082677,1.04105748349,0.0302627971717,9,29,ok,
current_final,fft,complex128,3584,256,fft_complex128_n3584_b256,4.71352265837,4.33326999579,0.24800049141,7,6,ok,
current_final,fft,complex128,4095,1,fft_complex128_n4095_b1,0.0418946609264,0.0391098122627,0.00181719106,9,277,ok,
current_final,fft,complex128,4095,2,fft_complex128_n4095_b2,0.0686409050832,0.0681657198584,0.00023193017114,9,200,ok,
current_final,fft,complex128,4095,4,fft_complex128_n4095_b4,0.132821955712,0.132316490635,0.000374729938383,9,159,ok,
current_final,fft,complex128,4095,8,fft_complex128_n4095_b8,0.241812795446,0.239934699318,0.00187809612737,9,83,ok,
current_final,fft,complex128,4095,16,fft_complex128_n4095_b16,0.472558928388,0.467560309473,0.0018997372882,9,42,ok,
current_final,fft,complex128,4095,32,fft_complex128_n4095_b32,0.926694266188,0.925213168375,0.001137466946,9,30,ok,
current_final,fft,complex128,4095,64,fft_complex128_n4095_b64,1.84236899804,1.82914487959,0.00630368595012,9,16,ok,
current_final,fft,complex128,4095,256,fft_complex128_n4095_b256,7.61176401284,7.60696502402,0.00479898881167,7,3,ok,
current_final,fft,complex128,4096,1,fft_complex128_n4096_b1,0.0294205197031,0.0292391512694,2.07829432105e-05,9,456,ok,
current_final,fft,complex128,4096,2,fft_complex128_n4096_b2,0.0542507501086,0.0540967099369,9.44803468883e-05,9,200,ok,
current_final,fft,complex128,4096,4,fft_complex128_n4096_b4,0.0917293352541,0.0912014447385,0.000312935444526,9,200,ok,
current_final,fft,complex128,4096,8,fft_complex128_n4096_b8,0.165908531336,0.163400872938,0.00196971158656,9,111,ok,
current_final,fft,complex128,4096,16,fft_complex128_n4096_b16,0.313376953272,0.312168125674,0.000719155650586,9,64,ok,
current_final,fft,complex128,4096,32,fft_complex128_n4096_b32,0.60624536903,0.603550633726,0.000826498338332,9,30,ok,
current_final,fft,complex128,4096,64,fft_complex128_n4096_b64,1.18563795695,1.17835437413,0.00238075153902,9,24,ok,
current_final,fft,complex128,4096,256,fft_complex128_n4096_b256,5.14309359714,5.13206899632,0.00263501424342,7,5,ok,
current_final,fft,complex128,4097,1,fft_complex128_n4097_b1,0.113303059295,0.112713408031,0.00021982276322,7,152,ok,
current_final,fft,complex128,4097,2,fft_complex128_n4097_b2,0.18610666931,0.185785474916,0.000154766823771,7,103,ok,
current_final,fft,complex128,4097,4,fft_complex128_n4097_b4,0.356376784371,0.355204945663,0.000715268210375,7,56,ok,
current_final,fft,complex128,4097,8,fft_complex128_n4097_b8,0.699756787591,0.697745496707,0.000916675032516,7,28,ok,
current_final,fft,complex128,4097,16,fft_complex128_n4097_b16,1.39110519307,1.38781190894,0.00192790979608,7,21,ok,
current_final,fft,complex128,4097,32,fft_complex128_n4097_b32,2.7577370056,2.75280280039,0.00493420520797,7,10,ok,
current_final,fft,complex128,4097,64,fft_complex128_n4097_b64,5.49171338789,5.47239740845,0.0135711859912,7,5,ok,
current_final,fft,complex128,4097,256,fft_complex128_n4097_b256,22.0952179516,22.0174830174,0.0576979946345,7,1,ok,
current_final,fft,complex128,4608,1,fft_complex128_n4608_b1,0.0302568799816,0.030118469731,0.000128790270537,7,200,ok,
current_final,fft,complex128,4608,2,fft_complex128_n4608_b2,0.0653059198521,0.0651083549019,8.32544174045e-05,7,200,ok,
current_final,fft,complex128,4608,4,fft_complex128_n4608_b4,0.113498252748,0.113276095689,0.000161988650229,7,178,ok,
current_final,fft,complex128,4608,8,fft_complex128_n4608_b8,0.204947798259,0.204221898163,0.000644434064702,7,99,ok,
current_final,fft,complex128,4608,16,fft_complex128_n4608_b16,0.386381867186,0.38512586616,0.00011990002046,7,30,ok,
current_final,fft,complex128,4608,32,fft_complex128_n4608_b32,0.762051700925,0.761335032682,0.00071666824321,7,30,ok,
current_final,fft,complex128,4608,64,fft_complex128_n4608_b64,1.50802949793,1.49672940024,0.00902084866539,7,20,ok,
current_final,fft,complex128,4608,256,fft_complex128_n4608_b256,6.43943378236,6.42804640811,0.0113873742521,7,5,ok,
current_final,fft,complex128,8192,1,fft_complex128_n8192_b1,0.0604607100831,0.0601992249722,0.000177085166797,7,200,ok,
current_final,fft,complex128,8192,2,fft_complex128_n8192_b2,0.120632640342,0.118275686605,0.000380516033985,7,153,ok,
current_final,fft,complex128,8192,4,fft_complex128_n8192_b4,0.213997048629,0.213486446819,0.000237192711737,7,83,ok,
current_final,fft,complex128,8192,8,fft_complex128_n8192_b8,0.400145773628,0.398075316546,0.00200349710543,7,44,ok,
current_final,fft,complex128,8192,16,fft_complex128_n8192_b16,0.766473298427,0.761530400875,0.004942897552,7,30,ok,
current_final,fft,complex128,8192,32,fft_complex128_n8192_b32,1.52891788029,1.52080217102,0.00765847096987,7,17,ok,
current_final,fft,complex128,8192,64,fft_complex128_n8192_b64,3.06314561749,3.03665862884,0.019048107788,7,8,ok,
current_final,fft,complex128,8192,256,fft_complex128_n8192_b256,14.3943174626,14.3113374943,0.0417580013163,7,2,ok,
current_final,fft,complex128,16384,1,fft_complex128_n16384_b1,0.182788747757,0.182259206971,0.000361846088692,7,111,ok,
current_final,fft,complex128,16384,2,fft_complex128_n16384_b2,0.358295575198,0.35760353785,0.000449557167788,7,54,ok,
current_final,fft,complex128,16384,4,fft_complex128_n16384_b4,0.705071716636,0.702032428567,0.000904571996736,7,28,ok,
current_final,fft,complex128,16384,8,fft_complex128_n16384_b8,1.40140638576,1.39723761961,0.00214732495979,7,21,ok,
current_final,fft,complex128,16384,16,fft_complex128_n16384_b16,2.78842339758,2.7817349066,0.00309880124405,7,10,ok,
current_final,fft,complex128,16384,32,fft_complex128_n16384_b32,5.7124042185,5.70400061551,0.00653418246657,7,5,ok,
current_final,fft,complex128,16384,64,fft_complex128_n16384_b64,11.8431570008,11.8096439983,0.0335130025633,7,2,ok,
current_final,fft,complex128,16384,256,fft_complex128_n16384_b256,50.5278269993,50.4176509567,0.0466370256618,7,1,ok,
current_final,fft,complex128,32768,1,fft_complex128_n32768_b1,0.424373348284,0.423088783661,0.00128456462256,7,46,ok,
current_final,fft,complex128,32768,2,fft_complex128_n32768_b2,0.841930668685,0.834187415118,0.00774325356664,7,24,ok,
current_final,fft,complex128,32768,4,fft_complex128_n32768_b4,1.66241150065,1.65689455268,0.00518577225092,7,18,ok,
current_final,fft,complex128,32768,8,fft_complex128_n32768_b8,3.30907465994,3.2951608947,0.0139137652392,7,9,ok,
current_final,fft,complex128,32768,16,fft_complex128_n32768_b16,6.87086349353,6.84124801774,0.0296154757962,7,4,ok,
current_final,fft,complex128,32768,32,fft_complex128_n32768_b32,14.5037319744,14.4204414682,0.0425544567406,7,2,ok,
current_final,fft,complex128,32768,64,fft_complex128_n32768_b64,30.2109740442,29.5888909604,0.138809904456,7,1,ok,
current_final,fft,complex128,32768,256,fft_complex128_n32768_b256,117.422070005,116.66036502,0.638684956357,7,1,ok,
current_final,fft,complex128,65536,1,fft_complex128_n65536_b1,0.897339862687,0.892860089979,0.00191359272735,7,22,ok,
current_final,fft,complex128,65536,2,fft_complex128_n65536_b2,1.81090574915,1.77272249857,0.0048660003813,7,16,ok,
current_final,fft,complex128,65536,4,fft_complex128_n65536_b4,3.58557124855,3.57660450391,0.00896674464457,7,8,ok,
current_final,fft,complex128,65536,8,fft_complex128_n65536_b8,7.67562599503,7.54976575263,0.0911229872145,7,4,ok,
current_final,fft,complex128,65536,16,fft_complex128_n65536_b16,15.8909059828,15.8409019932,0.0438819406554,7,1,ok,
current_final,fft,complex128,65536,32,fft_complex128_n65536_b32,33.1510930555,32.8953439603,0.126297120005,7,1,ok,
current_final,fft,complex128,65536,64,fft_complex128_n65536_b64,65.2809549356,65.1376979658,0.14325696975,7,1,ok,
current_final,fft,complex128,65536,256,fft_complex128_n65536_b256,424.31447003,264.519031974,79.453126993,7,1,ok,
current_final,ifft,complex64,64,1,ifft_complex64_n64_b1,0.00448800730851,0.00444862444572,1.13376153272e-05,9,1374,ok,
current_final,ifft,complex64,64,2,ifft_complex64_n64_b2,0.00522824018455,0.00518385212728,1.22354517768e-05,9,1907,ok,
current_final,ifft,complex64,64,4,ifft_complex64_n64_b4,0.00559145724541,0.00552919314297,3.52318556998e-05,9,1988,ok,
current_final,ifft,complex64,64,8,ifft_complex64_n64_b8,0.0064340105116,0.00641263774335,1.37179359264e-05,9,1996,ok,
current_final,ifft,complex64,64,16,ifft_complex64_n64_b16,0.00784161065377,0.00779435187499,1.37200454045e-05,9,1654,ok,
current_final,ifft,complex64,64,32,ifft_complex64_n64_b32,0.0109382399475,0.0108459259716,7.51481523464e-05,9,1242,ok,
current_final,ifft,complex64,64,64,ifft_complex64_n64_b64,0.016867931272,0.0167432548208,2.61824807503e-05,9,828,ok,
current_final,ifft,complex64,64,256,ifft_complex64_n64_b256,0.0530074245762,0.0525521748932,0.000238995417021,7,200,ok,
current_final,ifft,complex64,256,1,ifft_complex64_n256_b1,0.00561077662743,0.00559902271292,6.88469619129e-06,9,1934,ok,
current_final,ifft,complex64,256,2,ifft_complex64_n256_b2,0.00699918546576,0.00698570860414,1.34768616245e-05,9,1709,ok,
current_final,ifft,complex64,256,4,ifft_complex64_n256_b4,0.00874406998428,0.00868489504209,3.86454213867e-05,9,1486,ok,
current_final,ifft,complex64,256,8,ifft_complex64_n256_b8,0.0121262203676,0.0120493679452,3.19330618509e-05,9,1030,ok,
current_final,ifft,complex64,256,16,ifft_complex64_n256_b16,0.0189109675376,0.0187382428986,4.15575845999e-05,9,737,ok,
current_final,ifft,complex64,256,32,ifft_complex64_n256_b32,0.0330226001097,0.0321367947618,0.000329614849761,9,200,ok,
current_final,ifft,complex64,256,64,ifft_complex64_n256_b64,0.0590072950581,0.0587414950132,4.38297865912e-05,9,200,ok,
current_final,ifft,complex64,256,256,ifft_complex64_n256_b256,0.218919823765,0.217438922366,0.000808219128585,7,91,ok,
current_final,ifft,complex64,1024,1,ifft_complex64_n1024_b1,0.0104583423393,0.0104205905418,1.74587375675e-05,9,1177,ok,
current_final,ifft,complex64,1024,2,ifft_complex64_n1024_b2,0.018211268852,0.0181315062118,2.22759514019e-05,9,725,ok,
current_final,ifft,complex64,1024,4,ifft_complex64_n1024_b4,0.0244747969082,0.0242806361024,3.40741065202e-05,9,566,ok,
current_final,ifft,complex64,1024,8,ifft_complex64_n1024_b8,0.0396795046981,0.039628855302,1.32701825351e-05,9,200,ok,
current_final,ifft,complex64,1024,16,ifft_complex64_n1024_b16,0.0707664852962,0.0702922954224,0.000175674795173,9,200,ok,
current_final,ifft,complex64,1024,32,ifft_complex64_n1024_b32,0.131284428893,0.131101735834,0.000155292218551,9,140,ok,
current_final,ifft,complex64,1024,64,ifft_complex64_n1024_b64,0.250564506454,0.248975456468,0.000968519480357,9,79,ok,
current_final,ifft,complex64,1024,256,ifft_complex64_n1024_b256,0.967960734852,0.964699336328,0.00273113061363,7,30,ok,
current_final,ifft,complex64,2048,1,ifft_complex64_n2048_b1,0.0179437091483,0.01788301965,3.57414658569e-05,9,712,ok,
current_final,ifft,complex64,2048,2,ifft_complex64_n2048_b2,0.0313996719899,0.0311124611939,7.99267331836e-05,9,451,ok,
current_final,ifft,complex64,2048,4,ifft_complex64_n2048_b4,0.0459253799636,0.0456688500708,0.000134504516609,9,200,ok,
current_final,ifft,complex64,2048,8,ifft_complex64_n2048_b8,0.0777898146771,0.0774273899151,0.000268999719992,9,200,ok,
current_final,ifft,complex64,2048,16,ifft_complex64_n2048_b16,0.143453551573,0.141938146793,0.000737559543375,9,136,ok,
current_final,ifft,complex64,2048,32,ifft_complex64_n2048_b32,0.274091337594,0.268907054969,0.00186186485194,9,74,ok,
current_final,ifft,complex64,2048,64,ifft_complex64_n2048_b64,0.530296300227,0.526902630615,0.00200913054869,9,30,ok,
current_final,ifft,complex64,2048,256,ifft_complex64_n2048_b256,2.10945736829,2.10187782068,0.00583182554692,7,11,ok,
current_final,ifft,complex64,3072,1,ifft_complex64_n3072_b1,0.0236890963385,0.0234191347119,0.000209008725181,9,571,ok,
current_final,ifft,complex64,3072,2,ifft_complex64_n3072_b2,0.0465973350219,0.0463509251131,0.000143115175888,9,200,ok,
current_final,ifft,complex64,3072,4,ifft_complex64_n3072_b4,0.0670719251502,0.066607859917,0.000116719747894,9,200,ok,
current_final,ifft,complex64,3072,8,ifft_complex64_n3072_b8,0.117307041711,0.116857452667,0.000449589043412,9,168,ok,
current_final,ifft,complex64,3072,16,ifft_complex64_n3072_b16,0.220896044214,0.218877758176,0.00194759379335,9,91,ok,
current_final,ifft,complex64,3072,32,ifft_complex64_n3072_b32,0.451861667292,0.420841303033,0.0257081041733,9,30,ok,
current_final,ifft,complex64,3072,64,ifft_complex64_n3072_b64,0.827879136583,0.825153364955,0.00272577162832,9,30,ok,
current_final,ifft,complex64,3072,256,ifft_complex64_n3072_b256,3.26511911893,3.25550111787,0.0096180010587,7,9,ok,
current_final,ifft,complex64,3584,1,ifft_complex64_n3584_b1,0.0270922569488,0.0260870298927,0.000352253052091,9,502,ok,
current_final,ifft,complex64,3584,2,ifft_complex64_n3584_b2,0.0525793700945,0.0522231095238,0.000216000480577,9,200,ok,
current_final,ifft,complex64,3584,4,ifft_complex64_n3584_b4,0.0764664396411,0.0759927550098,0.00011146068573,9,200,ok,
current_final,ifft,complex64,3584,8,ifft_complex64_n3584_b8,0.134205580787,0.13375123051,0.000239678795313,9,143,ok,
current_final,ifft,complex64,3584,16,ifft_complex64_n3584_b16,0.251830275183,0.251243762537,0.000221316249257,9,76,ok,
current_final,ifft,complex64,3584,32,ifft_complex64_n3584_b32,0.484586499321,0.480999801463,0.000652864885827,9,30,ok,
current_final,ifft,complex64,3584,64,ifft_complex64_n3584_b64,0.948555131132,0.942233631698,0.00369826254124,9,30,ok,
current_final,ifft,complex64,3584,256,ifft_complex64_n3584_b256,3.73571574164,3.73187611694,0.00383962469641,7,8,ok,
current_final,ifft,complex64,4095,1,ifft_complex64_n4095_b1,0.0472793115503,0.0472002389606,4.38857565805e-05,9,289,ok,
current_final,ifft,complex64,4095,2,ifft_complex64_n4095_b2,0.0869559048442,0.0868271198124,7.72898783907e-05,9,200,ok,
current_final,ifft,complex64,4095,4,ifft_complex64_n4095_b4,0.0995001730484,0.0992035675744,0.000110481286774,9,185,ok,
current_final,ifft,complex64,4095,8,ifft_complex64_n4095_b8,0.188196691571,0.187122626404,0.000699056599672,9,107,ok,
current_final,ifft,complex64,4095,16,ifft_complex64_n4095_b16,0.357816804483,0.357215858198,0.000600946285496,9,56,ok,
current_final,ifft,complex64,4095,32,ifft_complex64_n4095_b32,0.699121365324,0.696174497716,0.000861601438373,9,30,ok,
current_final,ifft,complex64,4095,64,ifft_complex64_n4095_b64,1.39729633173,1.39418619108,0.00170899909877,9,21,ok,
current_final,ifft,complex64,4095,256,ifft_complex64_n4095_b256,5.61354539823,5.60373300686,0.00604540109634,7,5,ok,
current_final,ifft,complex64,4096,1,ifft_complex64_n4096_b1,0.0295600423979,0.0292820400166,0.000112683549606,9,449,ok,
current_final,ifft,complex64,4096,2,ifft_complex64_n4096_b2,0.0592770497315,0.0591139902826,0.000163059448823,9,200,ok,
current_final,ifft,complex64,4096,4,ifft_complex64_n4096_b4,0.086248035077,0.0860204099445,9.93895810097e-05,9,200,ok,
current_final,ifft,complex64,4096,8,ifft_complex64_n4096_b8,0.152806523077,0.152451468882,0.000354345852079,9,130,ok,
current_final,ifft,complex64,4096,16,ifft_complex64_n4096_b16,0.286090425695,0.285101367969,0.000442604205626,9,68,ok,
current_final,ifft,complex64,4096,32,ifft_complex64_n4096_b32,0.554742396343,0.553420232609,0.000831205397844,9,30,ok,
current_final,ifft,complex64,4096,64,ifft_complex64_n4096_b64,1.08311915149,1.07916655381,0.00395259768185,9,27,ok,
current_final,ifft,complex64,4096,256,ifft_complex64_n4096_b256,4.38654467386,4.36037400505,0.00306399306282,7,6,ok,
current_final,ifft,complex64,4097,1,ifft_complex64_n4097_b1,0.149406641117,0.148596504227,0.000160152824837,7,131,ok,
current_final,ifft,complex64,4097,2,ifft_complex64_n4097_b2,0.283460507331,0.28181002995,0.00131826010951,7,69,ok,
current_final,ifft,complex64,4097,4,ifft_complex64_n4097_b4,0.220050820767,0.216372371285,0.00222810031323,7,89,ok,
current_final,ifft,complex64,4097,8,ifft_complex64_n4097_b8,0.41711467883,0.416150106058,0.00063991768563,7,47,ok,
current_final,ifft,complex64,4097,16,ifft_complex64_n4097_b16,0.811436729661,0.809982034843,0.00122630347808,7,30,ok,
current_final,ifft,complex64,4097,32,ifft_complex64_n4097_b32,1.60442305625,1.59925338812,0.00435928167361,7,18,ok,
current_final,ifft,complex64,4097,64,ifft_complex64_n4097_b64,3.20467611568,3.19458389034,0.0064697685755,7,9,ok,
current_final,ifft,complex64,4097,256,ifft_complex64_n4097_b256,12.9194329881,12.9122559835,0.004989017422,7,3,ok,
current_final,ifft,complex64,4608,1,ifft_complex64_n4608_b1,0.0335781899048,0.0334653799655,6.64801336825e-05,7,200,ok,
current_final,ifft,complex64,4608,2,ifft_complex64_n4608_b2,0.068900695187,0.0687490601558,0.000118520692922,7,200,ok,
current_final,ifft,complex64,4608,4,ifft_complex64_n4608_b4,0.101707432502,0.101476427517,0.000148140316014,7,192,ok,
current_final,ifft,complex64,4608,8,ifft_complex64_n4608_b8,0.182011835448,0.181289568091,5.43200299827e-05,7,109,ok,
current_final,ifft,complex64,4608,16,ifft_complex64_n4608_b16,0.342227964817,0.341523966442,0.000456200602154,7,30,ok,
current_final,ifft,complex64,4608,32,ifft_complex64_n4608_b32,0.659318264419,0.657823130799,0.00131980050355,7,30,ok,
current_final,ifft,complex64,4608,64,ifft_complex64_n4608_b64,1.30204486904,1.29768012962,0.000666958563354,7,23,ok,
current_final,ifft,complex64,4608,256,ifft_complex64_n4608_b256,5.17415159848,5.14071299694,0.0221873866394,7,5,ok,
current_final,ifft,complex64,8192,1,ifft_complex64_n8192_b1,0.0561119802296,0.0560067297192,9.89355612546e-05,7,200,ok,
current_final,ifft,complex64,8192,2,ifft_complex64_n8192_b2,0.107947335703,0.107586496983,0.000212413087154,7,179,ok,
current_final,ifft,complex64,8192,4,ifft_complex64_n8192_b4,0.185560491068,0.185066452997,0.000338462172603,7,106,ok,
current_final,ifft,complex64,8192,8,ifft_complex64_n8192_b8,0.338167966328,0.337691659944,0.000270170364845,7,59,ok,
current_final,ifft,complex64,8192,16,ifft_complex64_n8192_b16,0.646287532678,0.643978900431,0.000880666387578,7,30,ok,
current_final,ifft,complex64,8192,32,ifft_complex64_n8192_b32,1.25957930299,1.25791186609,0.00146013158171,7,23,ok,
current_final,ifft,complex64,8192,64,ifft_complex64_n8192_b64,2.49542645179,2.48351326974,0.000546453520656,7,11,ok,
current_final,ifft,complex64,8192,256,ifft_complex64_n8192_b256,10.608614694,10.4389409923,0.10514302024,7,3,ok,
current_final,ifft,complex64,16384,1,ifft_complex64_n16384_b1,0.112342116217,0.11089015725,0.0011645058484,7,172,ok,
current_final,ifft,complex64,16384,2,ifft_complex64_n16384_b2,0.203278592826,0.202282243978,0.000996348847236,7,98,ok,
current_final,ifft,complex64,16384,4,ifft_complex64_n16384_b4,0.357530154805,0.353650867732,0.00183655518211,7,45,ok,
current_final,ifft,complex64,16384,8,ifft_complex64_n16384_b8,0.695762100319,0.682083168067,0.00246160198003,7,30,ok,
current_final,ifft,complex64,16384,16,ifft_complex64_n16384_b16,1.33499054408,1.32562758782,0.00834054927426,7,22,ok,
current_final,ifft,complex64,16384,32,ifft_complex64_n16384_b32,2.64931244733,2.61782163712,0.0130790814927,7,11,ok,
current_final,ifft,complex64,16384,64,ifft_complex64_n16384_b64,5.39873379748,5.34697081894,0.0371878035367,7,5,ok,
current_final,ifft,complex64,16384,256,ifft_complex64_n16384_b256,23.5624420457,23.4707400668,0.0407460611314,7,1,ok,
current_final,ifft,complex64,32768,1,ifft_complex64_n32768_b1,0.223363540397,0.221547550323,0.000208471064571,7,89,ok,
current_final,ifft,complex64,32768,2,ifft_complex64_n32768_b2,0.394467458439,0.393402124852,0.000672293632912,7,48,ok,
current_final,ifft,complex64,32768,4,ifft_complex64_n32768_b4,0.739766700038,0.739277134805,0.00048956523339,7,30,ok,
current_final,ifft,complex64,32768,8,ifft_complex64_n32768_b8,1.45826747619,1.41963757397,0.0308423824165,7,21,ok,
current_final,ifft,complex64,32768,16,ifft_complex64_n32768_b16,2.79580219649,2.78208650416,0.0137156923302,7,10,ok,
current_final,ifft,complex64,32768,32,ifft_complex64_n32768_b32,5.70226539858,5.64598401543,0.0373280141503,7,5,ok,
current_final,ifft,complex64,32768,64,ifft_complex64_n32768_b64,11.5464253273,11.4715353508,0.0232703362902,7,3,ok,
current_final,ifft,complex64,32768,256,ifft_complex64_n32768_b256,48.4492809046,48.3875150094,0.0478798756376,7,1,ok,
current_final,ifft,complex64,65536,1,ifft_complex64_n65536_b1,0.46391895185,0.462243929394,0.000654071170305,7,42,ok,
current_final,ifft,complex64,65536,2,ifft_complex64_n65536_b2,0.864301932355,0.861915798547,0.00159099775677,7,30,ok,
current_final,ifft,complex64,65536,4,ifft_complex64_n65536_b4,1.65178529535,1.6490301761,0.00186052912956,7,17,ok,
current_final,ifft,complex64,65536,8,ifft_complex64_n65536_b8,3.31439133475,3.21759578461,0.0664031184796,7,9,ok,
current_final,ifft,complex64,65536,16,ifft_complex64_n65536_b16,6.70269399416,6.44969849964,0.122479279526,7,4,ok,
current_final,ifft,complex64,65536,32,ifft_complex64_n65536_b32,13.1431209932,13.1035703234,0.0395506698017,7,3,ok,
current_final,ifft,complex64,65536,64,ifft_complex64_n65536_b64,27.7696290286,27.6471300749,0.076683005318,7,1,ok,
current_final,ifft,complex64,65536,256,ifft_complex64_n65536_b256,110.302235,108.40810393,1.07557198498,7,1,ok,
current_final,ifft,complex128,64,1,ifft_complex128_n64_b1,0.00445508476808,0.00441815156779,2.47909875671e-05,9,1722,ok,
current_final,ifft,complex128,64,2,ifft_complex128_n64_b2,0.00506360898726,0.00504007004201,1.24130165204e-05,9,2000,ok,
current_final,ifft,complex128,64,4,ifft_complex128_n64_b4,0.00541344302474,0.00539173249854,1.85295357369e-05,9,2000,ok,
current_final,ifft,complex128,64,8,ifft_complex128_n64_b8,0.00617048400454,0.00611646304606,1.43069773912e-05,9,2000,ok,
current_final,ifft,complex128,64,16,ifft_complex128_n64_b16,0.00738459023155,0.00736127097899,1.48773098851e-05,9,1557,ok,
current_final,ifft,complex128,64,32,ifft_complex128_n64_b32,0.00995305988873,0.00983462852537,3.99681425302e-05,9,1319,ok,
current_final,ifft,complex128,64,64,ifft_complex128_n64_b64,0.0152169110067,0.01513357476,6.72976134882e-05,9,877,ok,
current_final,ifft,complex128,64,256,ifft_complex128_n64_b256,0.0459183100611,0.0458523852285,2.88552837446e-05,7,200,ok,
current_final,ifft,complex128,256,1,ifft_complex128_n256_b1,0.00565615937653,0.00562283906585,9.31677139047e-06,9,1970,ok,
current_final,ifft,complex128,256,2,ifft_complex128_n256_b2,0.00707540739302,0.00702946549127,4.08875736935e-05,9,1566,ok,
current_final,ifft,complex128,256,4,ifft_complex128_n256_b4,0.00871457032299,0.00861807334903,4.4357810242e-05,9,1336,ok,
current_final,ifft,complex128,256,8,ifft_complex128_n256_b8,0.0125140558981,0.0123873164414,4.89646720314e-05,9,1021,ok,
current_final,ifft,complex128,256,16,ifft_complex128_n256_b16,0.018870085094,0.0188372774014,3.28076926602e-05,9,728,ok,
current_final,ifft,complex128,256,32,ifft_complex128_n256_b32,0.0321643200004,0.0320918351645,5.37553569302e-05,9,200,ok,
current_final,ifft,complex128,256,64,ifft_complex128_n256_b64,0.0577342952602,0.0575318152551,0.00014872464817,9,200,ok,
current_final,ifft,complex128,256,256,ifft_complex128_n256_b256,0.212412722597,0.211400096305,0.000754382431586,7,94,ok,
current_final,ifft,complex128,1024,1,ifft_complex128_n1024_b1,0.0101159560178,0.0100858292492,2.11488517841e-05,9,1136,ok,
current_final,ifft,complex128,1024,2,ifft_complex128_n1024_b2,0.0173560196407,0.0172135628836,0.00011848818677,9,762,ok,
current_final,ifft,complex128,1024,4,ifft_complex128_n1024_b4,0.0254418369825,0.0253854999808,2.97843961153e-05,9,552,ok,
current_final,ifft,complex128,1024,8,ifft_complex128_n1024_b8,0.0421168201137,0.0419271696592,0.000105944927782,9,200,ok,
current_final,ifft,complex128,1024,16,ifft_complex128_n1024_b16,0.0748331699288,0.0746443652315,0.000124979997054,9,200,ok,
current_final,ifft,complex128,1024,32,ifft_complex128_n1024_b32,0.139515776956,0.139037616082,0.000156866796836,9,143,ok,
current_final,ifft,complex128,1024,64,ifft_complex128_n1024_b64,0.267620069078,0.267276930067,0.00022418033849,9,72,ok,
current_final,ifft,complex128,1024,256,ifft_complex128_n1024_b256,1.02816100008,1.02681811054,0.00134288954238,7,27,ok,
current_final,ifft,complex128,2048,1,ifft_complex128_n2048_b1,0.016819268405,0.0167309483814,7.02089539939e-05,9,775,ok,
current_final,ifft,complex128,2048,2,ifft_complex128_n2048_b2,0.0314385710388,0.0313393179224,4.65754419565e-05,9,450,ok,
current_final,ifft,complex128,2048,4,ifft_complex128_n2048_b4,0.0503897998715,0.0503187149297,5.20946923643e-05,9,200,ok,
current_final,ifft,complex128,2048,8,ifft_complex128_n2048_b8,0.0885479396675,0.0882973748958,0.000194459571503,9,200,ok,
current_final,ifft,complex128,2048,16,ifft_complex128_n2048_b16,0.162467436117,0.162204804146,0.000236598719071,9,117,ok,
current_final,ifft,complex128,2048,32,ifft_complex128_n2048_b32,0.311588999935,0.310873145223,0.000590952338591,9,62,ok,
current_final,ifft,complex128,2048,64,ifft_complex128_n2048_b64,0.608725267618,0.607968498177,0.000753765925765,9,30,ok,
current_final,ifft,complex128,2048,256,ifft_complex128_n2048_b256,3.22332291398,3.19793308154,0.0223182432819,7,12,ok,
current_final,ifft,complex128,3072,1,ifft_complex128_n3072_b1,0.0236094723839,0.0234507808691,0.000113044465343,9,561,ok,
current_final,ifft,complex128,3072,2,ifft_complex128_n3072_b2,0.0457058148459,0.0455289351521,9.31706745178e-05,9,200,ok,
current_final,ifft,complex128,3072,4,ifft_complex128_n3072_b4,0.0752882700181,0.0749068602454,0.000340435071848,9,200,ok,
current_final,ifft,complex128,3072,8,ifft_complex128_n3072_b8,0.134763292823,0.134348911297,0.000268802186157,9,147,ok,
current_final,ifft,complex128,3072,16,ifft_complex128_n3072_b16,0.251638518847,0.251286481861,0.000197568590034,9,79,ok,
current_final,ifft,complex128,3072,32,ifft_complex128_n3072_b32,0.48524136655,0.484631233849,0.000201736111194,9,30,ok,
current_final,ifft,complex128,3072,64,ifft_complex128_n3072_b64,0.966484270369,0.96449823274,0.000708336786677,9,30,ok,
current_final,ifft,complex128,3072,256,ifft_complex128_n3072_b256,4.06778557226,4.05711128509,0.00284543992685,7,7,ok,
current_final,ifft,complex128,3584,1,ifft_complex128_n3584_b1,0.0259375359358,0.0258406222123,9.07434724287e-05,9,487,ok,
current_final,ifft,complex128,3584,2,ifft_complex128_n3584_b2,0.051070965128,0.0509238400264,8.63103196025e-05,9,200,ok,
current_final,ifft,complex128,3584,4,ifft_complex128_n3584_b4,0.0843007699586,0.0840780552244,0.000100784818642,9,200,ok,
current_final,ifft,complex128,3584,8,ifft_complex128_n3584_b8,0.15065141239,0.1503783056,0.00027310679034,9,131,ok,
current_final,ifft,complex128,3584,16,ifft_complex128_n3584_b16,0.283714690287,0.283257823492,0.000397354597226,9,68,ok,
current_final,ifft,complex128,3584,32,ifft_complex128_n3584_b32,0.549289766544,0.548276867873,0.00101289867113,9,30,ok,
current_final,ifft,complex128,3584,64,ifft_complex128_n3584_b64,1.10110700027,1.09830359428,0.0015532563406,9,27,ok,
current_final,ifft,complex128,3584,256,ifft_complex128_n3584_b256,4.58160033061,4.56257983266,0.0170534864689,7,6,ok,
current_final,ifft,complex128,4095,1,ifft_complex128_n4095_b1,0.0424413871879,0.0423300371941,2.68328306337e-05,9,323,ok,
current_final,ifft,complex128,4095,2,ifft_complex128_n4095_b2,0.071650534519,0.0715082703391,6.48194691166e-05,9,200,ok,
current_final,ifft,complex128,4095,4,ifft_complex128_n4095_b4,0.129452519506,0.129247071409,0.000205448096884,9,154,ok,
current_final,ifft,complex128,4095,8,ifft_complex128_n4095_b8,0.247374125403,0.247129861006,0.000189583088401,9,79,ok,
current_final,ifft,complex128,4095,16,ifft_complex128_n4095_b16,0.482252781938,0.481378218931,0.000422488239299,9,41,ok,
current_final,ifft,complex128,4095,32,ifft_complex128_n4095_b32,0.961184032106,0.95867033427,0.00223016443973,9,30,ok,
current_final,ifft,complex128,4095,64,ifft_complex128_n4095_b64,1.86463900172,1.8553578775,0.00461300078314,9,16,ok,
current_final,ifft,complex128,4095,256,ifft_complex128_n4095_b256,7.87648500409,7.86003435496,0.0164506491274,7,3,ok,
current_final,ifft,complex128,4096,1,ifft_complex128_n4096_b1,0.03092917635,0.0308784166057,3.88832502834e-05,9,437,ok,
current_final,ifft,complex128,4096,2,ifft_complex128_n4096_b2,0.0576746795559,0.0574807648081,6.2869512476e-05,9,200,ok,
current_final,ifft,complex128,4096,4,ifft_complex128_n4096_b4,0.0966188847087,0.0963774352567,0.000151279382408,9,200,ok,
current_final,ifft,complex128,4096,8,ifft_complex128_n4096_b8,0.172671139967,0.172598544802,6.90792180728e-05,9,114,ok,
current_final,ifft,complex128,4096,16,ifft_complex128_n4096_b16,0.3303731639,0.330142573774,0.000230590125821,9,61,ok,
current_final,ifft,complex128,4096,32,ifft_complex128_n4096_b32,0.64203866447,0.640100399808,0.00124133269613,9,30,ok,
current_final,ifft,complex128,4096,64,ifft_complex128_n4096_b64,1.2546177832,1.25237973913,0.00210917230857,9,23,ok,
current_final,ifft,complex128,4096,256,ifft_complex128_n4096_b256,5.4175365949,5.37610920146,0.0360953854397,7,5,ok,
current_final,ifft,complex128,4097,1,ifft_complex128_n4097_b1,0.115896265431,0.115299037583,0.000396666525185,7,162,ok,
current_final,ifft,complex128,4097,2,ifft_complex128_n4097_b2,0.194614485259,0.193141164593,0.000311164592293,7,103,ok,
current_final,ifft,complex128,4097,4,ifft_complex128_n4097_b4,0.369735942925,0.366971357989,0.0024963596414,7,53,ok,
current_final,ifft,complex128,4097,8,ifft_complex128_n4097_b8,0.72049181391,0.719603478771,0.000869743181048,7,27,ok,
current_final,ifft,complex128,4097,16,ifft_complex128_n4097_b16,1.42648254987,1.4102598012,0.00910094822757,7,20,ok,
current_final,ifft,complex128,4097,32,ifft_complex128_n4097_b32,2.81295850873,2.80782799236,0.00241649104282,7,10,ok,
current_final,ifft,complex128,4097,64,ifft_complex128_n4097_b64,5.69134680554,5.5322001921,0.0177473993972,7,5,ok,
current_final,ifft,complex128,4097,256,ifft_complex128_n4097_b256,22.9509200435,22.8524670238,0.0984530197456,7,1,ok,
current_final,ifft,complex128,4608,1,ifft_complex128_n4608_b1,0.0341682496946,0.0341100950027,5.40999462828e-05,7,200,ok,
current_final,ifft,complex128,4608,2,ifft_complex128_n4608_b2,0.069135800004,0.0688266701763,6.77304342389e-05,7,200,ok,
current_final,ifft,complex128,4608,4,ifft_complex128_n4608_b4,0.11905527828,0.118733378893,6.2787122804e-05,7,169,ok,
current_final,ifft,complex128,4608,8,ifft_complex128_n4608_b8,0.215829172302,0.215536043529,0.000240882077525,7,93,ok,
current_final,ifft,complex128,4608,16,ifft_complex128_n4608_b16,0.408240469793,0.406330234061,0.000531664894273,7,30,ok,
current_final,ifft,complex128,4608,32,ifft_complex128_n4608_b32,0.802112463862,0.801300629973,0.000389067766567,7,30,ok,
current_final,ifft,complex128,4608,64,ifft_complex128_n4608_b64,1.58422311008,1.57584589416,0.00837721592306,7,19,ok,
current_final,ifft,complex128,4608,256,ifft_complex128_n4608_b256,6.71349859331,6.64869179018,0.0220851972699,7,5,ok,
current_final,ifft,complex128,8192,1,ifft_complex128_n8192_b1,0.0628365046578,0.0627813499887,4.94450796396e-05,7,200,ok,
current_final,ifft,complex128,8192,2,ifft_complex128_n8192_b2,0.120804973823,0.120509581738,5.63792555648e-05,7,153,ok,
current_final,ifft,complex128,8192,4,ifft_complex128_n8192_b4,0.21298232189,0.212645142927,0.000141928293964,7,84,ok,
current_final,ifft,complex128,8192,8,ifft_complex128_n8192_b8,0.396738579083,0.395659887646,0.00096089206636,7,45,ok,
current_final,ifft,complex128,8192,16,ifft_complex128_n8192_b16,0.768367530933,0.76716929907,0.000708666630089,7,30,ok,
current_final,ifft,complex128,8192,32,ifft_complex128_n8192_b32,1.51860683561,1.50775161132,0.00828272378486,7,18,ok,
current_final,ifft,complex128,8192,64,ifft_complex128_n8192_b64,3.06867122547,3.03951578422,0.0262912233464,7,9,ok,
current_final,ifft,complex128,8192,256,ifft_complex128_n8192_b256,14.3414934864,14.3255934818,0.0149579718709,7,2,ok,
current_final,ifft,complex128,16384,1,ifft_complex128_n16384_b1,0.186497522962,0.186207172062,0.000107732956253,7,105,ok,
current_final,ifft,complex128,16384,2,ifft_complex128_n16384_b2,0.368630610562,0.367662149344,0.000631184472392,7,54,ok,
current_final,ifft,complex128,16384,4,ifft_complex128_n16384_b4,0.751914111552,0.726615811733,0.0252982998198,7,27,ok,
current_final,ifft,complex128,16384,8,ifft_complex128_n16384_b8,1.4431947493,1.44195739995,0.000715401256457,7,20,ok,
current_final,ifft,complex128,16384,16,ifft_complex128_n16384_b16,2.89934260072,2.87604309851,0.0144660007209,7,10,ok,
current_final,ifft,complex128,16384,32,ifft_complex128_n16384_b32,5.96438799985,5.90665240306,0.0400024000555,7,5,ok,
current_final,ifft,complex128,16384,64,ifft_complex128_n16384_b64,12.1676104609,12.0902210474,0.0334324431606,7,2,ok,
current_final,ifft,complex128,16384,256,ifft_complex128_n16384_b256,51.3643140439,51.2965880334,0.04333013203,7,1,ok,
current_final,ifft,complex128,32768,1,ifft_complex128_n32768_b1,0.431863654344,0.431429999678,0.000228915545765,7,46,ok,
current_final,ifft,complex128,32768,2,ifft_complex128_n32768_b2,0.853679866692,0.850755306285,0.00200943474698,7,23,ok,
current_final,ifft,complex128,32768,4,ifft_complex128_n32768_b4,1.70182053219,1.69706524021,0.00176265123574,7,17,ok,
current_final,ifft,complex128,32768,8,ifft_complex128_n32768_b8,3.38425462542,3.37912137911,0.00513324630447,7,8,ok,
current_final,ifft,complex128,32768,16,ifft_complex128_n32768_b16,6.93933526054,6.8903262727,0.0275265192613,7,4,ok,
current_final,ifft,complex128,32768,32,ifft_complex128_n32768_b32,14.5302999881,14.464342501,0.0478790025227,7,2,ok,
current_final,ifft,complex128,32768,64,ifft_complex128_n32768_b64,30.05347203,29.9408721039,0.0531589612365,7,1,ok,
current_final,ifft,complex128,32768,256,ifft_complex128_n32768_b256,119.141908945,118.240948999,0.377324060537,7,1,ok,
current_final,ifft,complex128,65536,1,ifft_complex128_n65536_b1,0.909978950707,0.904968668086,0.00319261813448,7,21,ok,
current_final,ifft,complex128,65536,2,ifft_complex128_n65536_b2,1.81345913006,1.80485750025,0.00262361572823,7,16,ok,
current_final,ifft,complex128,65536,4,ifft_complex128_n65536_b4,3.65542774671,3.65388361388,0.000840256689116,7,8,ok,
current_final,ifft,complex128,65536,8,ifft_complex128_n65536_b8,7.56981075392,7.52475924673,0.0180987408385,7,4,ok,
current_final,ifft,complex128,65536,16,ifft_complex128_n65536_b16,15.7699910924,15.7123840181,0.0576070742682,7,1,ok,
current_final,ifft,complex128,65536,32,ifft_complex128_n65536_b32,33.9990890352,33.3882690175,0.2167429775,7,1,ok,
current_final,ifft,complex128,65536,64,ifft_complex128_n65536_b64,67.4931450048,66.83311495,0.106609077193,7,1,ok,
current_final,ifft,complex128,65536,256,ifft_complex128_n65536_b256,259.915568982,259.720004979,0.195564003661,7,1,ok,
rowloop,fft,complex64,64,1,fft_complex64_n64_b1,0.00359168425096,0.00356865580367,1.48445164726e-05,9,1229,ok,
rowloop,fft,complex64,64,2,fft_complex64_n64_b2,0.00380709249293,0.00378941500094,1.1921976693e-05,9,2000,ok,
rowloop,fft,complex64,64,4,fft_complex64_n64_b4,0.00427083746763,0.00417704251595,4.534953041e-05,9,2000,ok,
rowloop,fft,complex64,64,8,fft_complex64_n64_b8,0.0048532585497,0.00482289196225,1.82189396583e-05,9,2000,ok,
rowloop,fft,complex64,64,16,fft_complex64_n64_b16,0.00598543445813,0.00598024448846,4.62355092168e-06,9,2000,ok,
rowloop,fft,complex64,64,32,fft_complex64_n64_b32,0.00839144191039,0.0083750114584,8.53653228472e-06,9,1575,ok,
rowloop,fft,complex64,64,64,fft_complex64_n64_b64,0.0130361107783,0.0130129209329,1.41507484629e-05,9,1074,ok,
rowloop,fft,complex64,64,256,fft_complex64_n64_b256,0.0411249249009,0.0409976398805,0.000127090024762,7,200,ok,
rowloop,fft,complex64,256,1,fft_complex64_n256_b1,0.00471155450214,0.00468896201346,8.57596751302e-06,9,2000,ok,
rowloop,fft,complex64,256,2,fft_complex64_n256_b2,0.00555003748741,0.00553041597595,9.69797838479e-06,9,2000,ok,
rowloop,fft,complex64,256,4,fft_complex64_n256_b4,0.00693058644518,0.00689200817556,1.62431927233e-05,9,1949,ok,
rowloop,fft,complex64,256,8,fft_complex64_n256_b8,0.00955056075467,0.00949809491341,5.69567893247e-06,9,1423,ok,
rowloop,fft,complex64,256,16,fft_complex64_n256_b16,0.0146952671436,0.0146421538027,2.13388558826e-05,9,962,ok,
rowloop,fft,complex64,256,32,fft_complex64_n256_b32,0.0251663249219,0.0250833650352,2.91998730972e-05,9,200,ok,
rowloop,fft,complex64,256,64,fft_complex64_n256_b64,0.0471457501408,0.0466304901056,0.000350004993379,9,200,ok,
rowloop,fft,complex64,256,256,fft_complex64_n256_b256,0.175094838986,0.174171517886,0.000904812103337,7,112,ok,
rowloop,fft,complex64,1024,1,fft_complex64_n1024_b1,0.0096078721722,0.00957068359904,2.31812480524e-05,9,1236,ok,
rowloop,fft,complex64,1024,2,fft_complex64_n1024_b2,0.01260730533,0.012560583174,2.43280514272e-05,9,1058,ok,
rowloop,fft,complex64,1024,4,fft_complex64_n1024_b4,0.0198782953187,0.0198187405662,5.19002432549e-05,9,721,ok,
rowloop,fft,complex64,1024,8,fft_complex64_n1024_b8,0.0344820902683,0.0343524001073,7.28853046894e-05,9,200,ok,
rowloop,fft,complex64,1024,16,fft_complex64_n1024_b16,0.0635760300793,0.0633678899612,0.000124729704112,9,200,ok,
rowloop,fft,complex64,1024,32,fft_complex64_n1024_b32,0.121658652305,0.121293762676,0.000364889629276,9,164,ok,
rowloop,fft,complex64,1024,64,fft_complex64_n1024_b64,0.236498366576,0.235407682783,0.000641571937083,9,82,ok,
rowloop,fft,complex64,1024,256,fft_complex64_n1024_b256,0.925586333809,0.922532298137,0.0014550324219,7,30,ok,
rowloop,fft,complex64,2048,1,fft_complex64_n2048_b1,0.0155851678113,0.0155400720108,2.169618317e-05,9,846,ok,
rowloop,fft,complex64,2048,2,fft_complex64_n2048_b2,0.0218106959015,0.021745967865,3.34862619638e-05,9,625,ok,
rowloop,fft,complex64,2048,4,fft_complex64_n2048_b4,0.036706639803,0.0366058951477,7.46949808672e-05,9,200,ok,
rowloop,fft,complex64,2048,8,fft_complex64_n2048_b8,0.0659144448582,0.0656146847177,0.000294799683616,9,200,ok,
rowloop,fft,complex64,2048,16,fft_complex64_n2048_b16,0.123897708391,0.123488807889,0.000221962803362,9,161,ok,
rowloop,fft,complex64,2048,32,fft_complex64_n2048_b32,0.240224624577,0.239348236937,0.000518336310051,9,80,ok,
rowloop,fft,complex64,2048,64,fft_complex64_n2048_b64,0.472866933948,0.469268233671,0.00104793192198,9,30,ok,
rowloop,fft,complex64,2048,256,fft_complex64_n2048_b256,1.90993626602,1.88596420145,0.0186674607297,7,15,ok,
rowloop,fft,complex64,3072,1,fft_complex64_n3072_b1,0.022765754958,0.0227200099042,4.57450537788e-05,9,604,ok,
rowloop,fft,complex64,3072,2,fft_complex64_n3072_b2,0.0352399499388,0.0351024453994,5.37000596523e-05,9,200,ok,
rowloop,fft,complex64,3072,4,fft_complex64_n3072_b4,0.0615125353215,0.0610303902067,0.00010990537703,9,200,ok,
rowloop,fft,complex64,3072,8,fft_complex64_n3072_b8,0.113752942222,0.113521821679,7.69251036918e-05,9,174,ok,
rowloop,fft,complex64,3072,16,fft_complex64_n3072_b16,0.218415192035,0.217380011297,0.000143975668241,9,89,ok,
rowloop,fft,complex64,3072,32,fft_complex64_n3072_b32,0.428861232164,0.426596368197,0.000253800923626,9,30,ok,
rowloop,fft,complex64,3072,64,fft_complex64_n3072_b64,0.844370934647,0.842795001032,0.000699667725712,9,30,ok,
rowloop,fft,complex64,3072,256,fft_complex64_n3072_b256,3.41719725111,3.38779874437,0.00610000279266,7,8,ok,
rowloop,fft,complex64,3584,1,fft_complex64_n3584_b1,0.0250375590278,0.0249697141367,5.08241007261e-05,9,535,ok,
rowloop,fft,complex64,3584,2,fft_complex64_n3584_b2,0.04142899008,0.0413483398734,6.22653169557e-05,9,200,ok,
rowloop,fft,complex64,3584,4,fft_complex64_n3584_b4,0.0736487103859,0.0733557646163,0.000273259938695,9,200,ok,
rowloop,fft,complex64,3584,8,fft_complex64_n3584_b8,0.136455758772,0.135889878754,0.00056588001787,9,141,ok,
rowloop,fft,complex64,3584,16,fft_complex64_n3584_b16,0.263573446097,0.262558837799,0.000455190201063,9,74,ok,
rowloop,fft,complex64,3584,32,fft_complex64_n3584_b32,0.516350668234,0.515737900666,0.00033596297726,9,30,ok,
rowloop,fft,complex64,3584,64,fft_complex64_n3584_b64,1.02241510675,1.0206060376,0.000654466150861,9,28,ok,
rowloop,fft,complex64,3584,256,fft_complex64_n3584_b256,4.24368627968,4.18562513577,0.00931171234697,7,7,ok,
rowloop,fft,complex64,4095,1,fft_complex64_n4095_b1,0.0492281983078,0.0487241030387,0.000291642260652,9,282,ok,
rowloop,fft,complex64,4095,2,fft_complex64_n4095_b2,0.0878460798413,0.0875025894493,0.000336579978466,9,200,ok,
rowloop,fft,complex64,4095,4,fft_complex64_n4095_b4,0.164269183491,0.16139265014,0.000256474595517,9,120,ok,
rowloop,fft,complex64,4095,8,fft_complex64_n4095_b8,0.310050092594,0.308574062728,0.000254376573139,9,64,ok,
rowloop,fft,complex64,4095,16,fft_complex64_n4095_b16,0.612838215602,0.609620656178,0.00172853469849,9,32,ok,
rowloop,fft,complex64,4095,32,fft_complex64_n4095_b32,1.21015537297,1.20575470889,0.00191187427845,9,24,ok,
rowloop,fft,complex64,4095,64,fft_complex64_n4095_b64,2.41404491438,2.40635900021,0.00768591417,9,12,ok,
rowloop,fft,complex64,4095,256,fft_complex64_n4095_b256,9.76999868484,9.74065065384,0.0183609857534,7,3,ok,
rowloop,fft,complex64,4096,1,fft_complex64_n4096_b1,0.0283232412791,0.0281027920463,7.22953670207e-05,9,481,ok,
rowloop,fft,complex64,4096,2,fft_complex64_n4096_b2,0.0452807702823,0.0450724852271,0.000107755186036,9,200,ok,
rowloop,fft,complex64,4096,4,fft_complex64_n4096_b4,0.0798562850105,0.0796204450307,6.86303246766e-05,9,200,ok,
rowloop,fft,complex64,4096,8,fft_complex64_n4096_b8,0.149393531501,0.148707797052,0.000243343492912,9,128,ok,
rowloop,fft,complex64,4096,16,fft_complex64_n4096_b16,0.286186608297,0.284254029596,0.000346738818115,9,69,ok,
rowloop,fft,complex64,4096,32,fft_complex64_n4096_b32,0.563231432655,0.56024120034,0.000902668883403,9,30,ok,
rowloop,fft,complex64,4096,64,fft_complex64_n4096_b64,1.11506703811,1.10816684677,0.00243261904241,9,26,ok,
rowloop,fft,complex64,4096,256,fft_complex64_n4096_b256,4.63269716905,4.57092382324,0.0272225006483,7,6,ok,
rowloop,fft,complex64,4097,1,fft_complex64_n4097_b1,0.143245897454,0.142968683469,0.000240367679747,7,136,ok,
rowloop,fft,complex64,4097,2,fft_complex64_n4097_b2,0.273182342301,0.272757986127,0.000369862640557,7,73,ok,
rowloop,fft,complex64,4097,4,fft_complex64_n4097_b4,0.5267451375,0.524801777727,0.000577471736405,7,36,ok,
rowloop,fft,complex64,4097,8,fft_complex64_n4097_b8,1.03762510576,1.03610910255,0.00130399865539,7,19,ok,
rowloop,fft,complex64,4097,16,fft_complex64_n4097_b16,2.05265914389,2.04927213989,0.00246606733916,7,14,ok,
rowloop,fft,complex64,4097,32,fft_complex64_n4097_b32,4.08920115193,4.06873429061,0.00251758111907,7,7,ok,
rowloop,fft,complex64,4097,64,fft_complex64_n4097_b64,8.17869832584,8.14328567746,0.0163570124035,7,3,ok,
rowloop,fft,complex64,4097,256,fft_complex64_n4097_b256,33.1943279598,33.0850440077,0.0507140066475,7,1,ok,
rowloop,fft,complex64,4608,1,fft_complex64_n4608_b1,0.0325508398237,0.032447744743,7.72951170802e-05,7,200,ok,
rowloop,fft,complex64,4608,2,fft_complex64_n4608_b2,0.054299935,0.0538765999954,0.000269955489784,7,200,ok,
rowloop,fft,complex64,4608,4,fft_complex64_n4608_b4,0.0973341200734,0.0966919749044,0.000263439724222,7,200,ok,
rowloop,fft,complex64,4608,8,fft_complex64_n4608_b8,0.183124472473,0.182176046548,0.000246380093611,7,108,ok,
rowloop,fft,complex64,4608,16,fft_complex64_n4608_b16,0.353118699665,0.351813233768,0.000821201441189,7,30,ok,
rowloop,fft,complex64,4608,32,fft_complex64_n4608_b32,0.696234067436,0.695085901922,0.000331966051211,7,30,ok,
rowloop,fft,complex64,4608,64,fft_complex64_n4608_b64,1.38498552787,1.37781548048,0.00717004738925,7,21,ok,
rowloop,fft,complex64,4608,256,fft_complex64_n4608_b256,5.72452880442,5.71131838951,0.0132104149088,7,5,ok,
rowloop,fft,complex64,8192,1,fft_complex64_n8192_b1,0.0560905248858,0.0557109696092,0.000209339777939,7,200,ok,
rowloop,fft,complex64,8192,2,fft_complex64_n8192_b2,0.0950894848211,0.0947089248803,0.000113059650175,7,200,ok,
rowloop,fft,complex64,8192,4,fft_complex64_n8192_b4,0.173641129842,0.173199347868,0.000246453260922,7,115,ok,
rowloop,fft,complex64,8192,8,fft_complex64_n8192_b8,0.335052792095,0.334678809881,0.00035394673589,7,58,ok,
rowloop,fft,complex64,8192,16,fft_complex64_n8192_b16,0.642452800336,0.641610566527,0.000842233809332,7,30,ok,
rowloop,fft,complex64,8192,32,fft_complex64_n8192_b32,1.26870757009,1.26423491368,0.00280130695066,7,23,ok,
rowloop,fft,complex64,8192,64,fft_complex64_n8192_b64,2.53368472807,2.52283172978,0.00707591375844,7,11,ok,
rowloop,fft,complex64,8192,256,fft_complex64_n8192_b256,10.7697860027,10.7206443402,0.0481899672498,7,3,ok,
rowloop,fft,complex64,16384,1,fft_complex64_n16384_b1,0.10734686343,0.107131103217,0.000197038339461,7,183,ok,
rowloop,fft,complex64,16384,2,fft_complex64_n16384_b2,0.26098576947,0.260196055122,8.92181855601e-05,7,74,ok,
rowloop,fft,complex64,16384,4,fft_complex64_n16384_b4,0.51267134136,0.512112946078,0.000558395281826,7,38,ok,
rowloop,fft,complex64,16384,8,fft_complex64_n16384_b8,1.01844951559,1.01758686199,0.000862653592024,7,29,ok,
rowloop,fft,complex64,16384,16,fft_complex64_n16384_b16,2.02950021152,2.02628356471,0.00194579063516,7,14,ok,
rowloop,fft,complex64,16384,32,fft_complex64_n16384_b32,4.12177327754,4.11182598743,0.00739812717906,7,7,ok,
rowloop,fft,complex64,16384,64,fft_complex64_n16384_b64,8.38789499054,8.32266698126,0.00367701674501,7,3,ok,
rowloop,fft,complex64,16384,256,fft_complex64_n16384_b256,35.7312379638,35.6242780108,0.106959952973,7,1,ok,
rowloop,fft,complex64,32768,1,fft_complex64_n32768_b1,0.218672124902,0.217578728387,0.000489443085495,7,88,ok,
rowloop,fft,complex64,32768,2,fft_complex64_n32768_b2,0.531552868013,0.529667236965,0.00126947538535,7,38,ok,
rowloop,fft,complex64,32768,4,fft_complex64_n32768_b4,1.05868025068,1.05535010724,0.00150314216236,7,28,ok,
rowloop,fft,complex64,32768,8,fft_complex64_n32768_b8,2.10807750201,2.10502821886,0.00304928315537,7,14,ok,
rowloop,fft,complex64,32768,16,fft_complex64_n32768_b16,4.20596029809,4.1950112874,0.00769999210856,7,7,ok,
rowloop,fft,complex64,32768,32,fft_complex64_n32768_b32,8.61151566884,8.57782600603,0.0114043165619,7,3,ok,
rowloop,fft,complex64,32768,64,fft_complex64_n32768_b64,17.4279980129,17.4004464643,0.0176130561158,7,2,ok,
rowloop,fft,complex64,32768,256,fft_complex64_n32768_b256,72.9893019889,72.0261569368,0.212485902011,7,1,ok,
rowloop,fft,complex64,65536,1,fft_complex64_n65536_b1,0.466397512728,0.460117589682,0.00169212655284,7,39,ok,
rowloop,fft,complex64,65536,2,fft_complex64_n65536_b2,1.13823249614,1.12940142236,0.00581042303775,7,26,ok,
rowloop,fft,complex64,65536,4,fft_complex64_n65536_b4,2.2699752321,2.26038200064,0.00789008425692,7,13,ok,
rowloop,fft,complex64,65536,8,fft_complex64_n65536_b8,4.4624650036,4.44533466361,0.00868632923812,7,6,ok,
rowloop,fft,complex64,65536,16,fft_complex64_n65536_b16,9.05262100666,8.98266397417,0.0299959986781,7,3,ok,
rowloop,fft,complex64,65536,32,fft_complex64_n65536_b32,18.4151235153,18.3168049552,0.0412070075981,7,2,ok,
rowloop,fft,complex64,65536,64,fft_complex64_n65536_b64,38.7363609625,38.5260289768,0.210331985727,7,1,ok,
rowloop,fft,complex64,65536,256,fft_complex64_n65536_b256,151.340730954,150.308446959,0.338039943017,7,1,ok,
rowloop,fft,complex128,64,1,fft_complex128_n64_b1,0.00354251504177,0.00352474651299,9.1620022431e-06,9,2000,ok,
rowloop,fft,complex128,64,2,fft_complex128_n64_b2,0.00376228953246,0.00375354802236,6.1314785853e-06,9,2000,ok,
rowloop,fft,complex128,64,4,fft_complex128_n64_b4,0.00415915448684,0.00403769302648,1.8805032596e-05,9,2000,ok,
rowloop,fft,complex128,64,8,fft_complex128_n64_b8,0.00490318646189,0.00483119749697,1.57495378517e-05,9,2000,ok,
rowloop,fft,complex128,64,16,fft_complex128_n64_b16,0.00653053546557,0.00648607249605,1.21424673125e-05,9,2000,ok,
rowloop,fft,complex128,64,32,fft_complex128_n64_b32,0.00847265406445,0.00837975350118,9.29005632701e-05,9,1639,ok,
rowloop,fft,complex128,64,64,fft_complex128_n64_b64,0.0147779652266,0.0143744314266,0.000235033781737,9,1064,ok,
rowloop,fft,complex128,64,256,fft_complex128_n64_b256,0.0433989649173,0.0431183900218,0.000131494598463,7,200,ok,
rowloop,fft,complex128,256,1,fft_complex128_n256_b1,0.0045584035106,0.00453310151352,1.94960157387e-05,9,2000,ok,
rowloop,fft,complex128,256,2,fft_complex128_n256_b2,0.00531572551699,0.00519531650934,2.40494846366e-05,9,2000,ok,
rowloop,fft,complex128,256,4,fft_complex128_n256_b4,0.0065785770319,0.00650197136923,1.82784905931e-05,9,1993,ok,
rowloop,fft,complex128,256,8,fft_complex128_n256_b8,0.00930417763563,0.00924912972829,1.96543097231e-05,9,1464,ok,
rowloop,fft,complex128,256,16,fft_complex128_n256_b16,0.0146590179385,0.0145856644968,6.50581131583e-05,9,948,ok,
rowloop,fft,complex128,256,32,fft_complex128_n256_b32,0.0252356997225,0.0251744349953,2.7550267987e-05,9,200,ok,
rowloop,fft,complex128,256,64,fft_complex128_n256_b64,0.0469686696306,0.0466879497981,0.000225819530897,9,200,ok,
rowloop,fft,complex128,256,256,fft_complex128_n256_b256,0.174207380041,0.173757379849,0.000163723059275,7,108,ok,
rowloop,fft,complex128,1024,1,fft_complex128_n1024_b1,0.00874668198503,0.00872552582448,2.11561605492e-05,9,1415,ok,
rowloop,fft,complex128,1024,2,fft_complex128_n1024_b2,0.012334187639,0.0122628169773,3.60184917209e-05,9,1082,ok,
rowloop,fft,complex128,1024,4,fft_complex128_n1024_b4,0.0196533911341,0.0194263002789,5.04256333879e-05,9,726,ok,
rowloop,fft,complex128,1024,8,fft_complex128_n1024_b8,0.0346366752638,0.0341557798674,0.000260734814219,9,200,ok,
rowloop,fft,complex128,1024,16,fft_complex128_n1024_b16,0.064455724787,0.064094045083,0.000176475150511,9,200,ok,
rowloop,fft,complex128,1024,32,fft_complex128_n1024_b32,0.122035947769,0.121778493753,0.000257454016001,9,152,ok,
rowloop,fft,complex128,1024,64,fft_complex128_n1024_b64,0.24163508395,0.240436710238,0.00119837371251,9,83,ok,
rowloop,fft,complex128,1024,256,fft_complex128_n1024_b256,0.97765686424,0.974006308564,0.00205931077101,7,29,ok,
rowloop,fft,complex128,2048,1,fft_complex128_n2048_b1,0.0155993888805,0.015508403575,5.52052807257e-05,9,882,ok,
rowloop,fft,complex128,2048,2,fft_complex128_n2048_b2,0.024237128786,0.024090680775,6.97424277216e-05,9,567,ok,
rowloop,fft,complex128,2048,4,fft_complex128_n2048_b4,0.041104335105,0.0407819851534,0.000152785214595,9,200,ok,
rowloop,fft,complex128,2048,8,fft_complex128_n2048_b8,0.0753299001371,0.0743790698471,7.95046798885e-05,9,200,ok,
rowloop,fft,complex128,2048,16,fft_complex128_n2048_b16,0.143720654603,0.14270025505,0.000222285866345,9,133,ok,
rowloop,fft,complex128,2048,32,fft_complex128_n2048_b32,0.27926873655,0.277910082433,0.000752096336025,9,72,ok,
rowloop,fft,complex128,2048,64,fft_complex128_n2048_b64,0.571196933743,0.566376299442,0.00182940081383,9,30,ok,
rowloop,fft,complex128,2048,256,fft_complex128_n2048_b256,2.30396393006,2.26211907844,0.0229350094182,7,13,ok,
rowloop,fft,complex128,3072,1,fft_complex128_n3072_b1,0.0214224635062,0.0212596365369,0.000131769763631,9,630,ok,
rowloop,fft,complex128,3072,2,fft_complex128_n3072_b2,0.0347779400181,0.0346031150548,0.000174824963324,9,200,ok,
rowloop,fft,complex128,3072,4,fft_complex128_n3072_b4,0.0611705996562,0.0609597499715,8.96694837138e-05,9,200,ok,
rowloop,fft,complex128,3072,8,fft_complex128_n3072_b8,0.113472163988,0.113171902767,8.51278221517e-05,9,165,ok,
rowloop,fft,complex128,3072,16,fft_complex128_n3072_b16,0.217673354982,0.215208656105,0.000594538055681,9,93,ok,
rowloop,fft,complex128,3072,32,fft_complex128_n3072_b32,0.439871432415,0.438878599865,0.000675267074257,9,30,ok,
rowloop,fft,complex128,3072,64,fft_complex128_n3072_b64,0.879686764286,0.874352831549,0.00147443497553,9,30,ok,
rowloop,fft,complex128,3072,256,fft_complex128_n3072_b256,3.76056972891,3.72226843943,0.0223730125331,7,7,ok,
rowloop,fft,complex128,3584,1,fft_complex128_n3584_b1,0.0253081181116,0.0239395633632,8.98504931427e-05,9,568,ok,
rowloop,fft,complex128,3584,2,fft_complex128_n3584_b2,0.0393209100002,0.0391616154229,7.00302189216e-05,9,200,ok,
rowloop,fft,complex128,3584,4,fft_complex128_n3584_b4,0.0700740952743,0.069900425151,5.2445102483e-05,9,200,ok,
rowloop,fft,complex128,3584,8,fft_complex128_n3584_b8,0.130002785337,0.12890180501,0.000313140808186,9,149,ok,
rowloop,fft,complex128,3584,16,fft_complex128_n3584_b16,0.248479424044,0.245383782432,0.000397665784336,9,78,ok,
rowloop,fft,complex128,3584,32,fft_complex128_n3584_b32,0.507607365338,0.500268368827,0.0027865365458,9,30,ok,
rowloop,fft,complex128,3584,64,fft_complex128_n3584_b64,1.01853655009,1.01393244855,0.00264182494118,9,29,ok,
rowloop,fft,complex128,3584,256,fft_complex128_n3584_b256,4.4813468315,4.40574233653,0.0756044949715,7,6,ok,
rowloop,fft,complex128,4095,1,fft_complex128_n4095_b1,0.0397501972371,0.0393512801799,0.000128554113741,9,350,ok,
rowloop,fft,complex128,4095,2,fft_complex128_n4095_b2,0.0683441699948,0.0680708099389,0.000112859997898,9,200,ok,
rowloop,fft,complex128,4095,4,fft_complex128_n4095_b4,0.125684132917,0.124953911917,0.000183892736942,9,158,ok,
rowloop,fft,complex128,4095,8,fft_complex128_n4095_b8,0.24157845154,0.239546487403,0.000336840635211,9,82,ok,
rowloop,fft,complex128,4095,16,fft_complex128_n4095_b16,0.469622877994,0.464416830233,0.00130144095548,9,41,ok,
rowloop,fft,complex128,4095,32,fft_complex128_n4095_b32,0.929446533943,0.921988964546,0.00437116638447,9,30,ok,
rowloop,fft,complex128,4095,64,fft_complex128_n4095_b64,1.855975941,1.84226599958,0.0039886799641,9,16,ok,
rowloop,fft,complex128,4095,256,fft_complex128_n4095_b256,7.97662166102,7.95288434407,0.011641648598,7,3,ok,
rowloop,fft,complex128,4096,1,fft_complex128_n4096_b1,0.0291592141642,0.029052086618,0.00010157564405,9,462,ok,
rowloop,fft,complex128,4096,2,fft_complex128_n4096_b2,0.04903822497,0.0487256451743,0.000231030280702,9,200,ok,
rowloop,fft,complex128,4096,4,fft_complex128_n4096_b4,0.0883492953929,0.087925379518,0.000218174936452,9,166,ok,
rowloop,fft,complex128,4096,8,fft_complex128_n4096_b8,0.16928232811,0.168564185469,0.000254847813679,9,119,ok,
rowloop,fft,complex128,4096,16,fft_complex128_n4096_b16,0.322178625738,0.320788084182,0.00108152596375,9,59,ok,
rowloop,fft,complex128,4096,32,fft_complex128_n4096_b32,0.699548264189,0.694822434646,0.00157326770326,9,30,ok,
rowloop,fft,complex128,4096,64,fft_complex128_n4096_b64,1.29570300289,1.28556272565,0.00561090630733,9,22,ok,
rowloop,fft,complex128,4096,256,fft_complex128_n4096_b256,5.5274794111,5.50820559729,0.0185205833986,7,5,ok,
rowloop,fft,complex128,4097,1,fft_complex128_n4097_b1,0.112501494207,0.111675476737,9.58138708632e-05,7,172,ok,
rowloop,fft,complex128,4097,2,fft_complex128_n4097_b2,0.211713848251,0.210514326286,0.00015157654517,7,92,ok,
rowloop,fft,complex128,4097,4,fft_complex128_n4097_b4,0.406634877436,0.404740101658,0.00137642824224,7,49,ok,
rowloop,fft,complex128,4097,8,fft_complex128_n4097_b8,0.80611166292,0.804534167401,0.00101562181953,7,24,ok,
rowloop,fft,complex128,4097,16,fft_complex128_n4097_b16,1.60868594604,1.60663372501,0.00205222103331,7,18,ok,
rowloop,fft,complex128,4097,32,fft_complex128_n4097_b32,3.17416343993,3.1682235551,0.00319032308956,7,9,ok,
rowloop,fft,complex128,4097,64,fft_complex128_n4097_b64,6.37402126449,6.36281300103,0.0112082634587,7,4,ok,
rowloop,fft,complex128,4097,256,fft_complex128_n4097_b256,26.0064259637,25.8680590196,0.0434409594163,7,1,ok,
rowloop,fft,complex128,4608,1,fft_complex128_n4608_b1,0.0304755201796,0.0301188550657,0.000321199768223,7,200,ok,
rowloop,fft,complex128,4608,2,fft_complex128_n4608_b2,0.0505483953748,0.0504047749564,7.84953590482e-05,7,200,ok,
rowloop,fft,complex128,4608,4,fft_complex128_n4608_b4,0.0911819998873,0.0896625203313,0.000509949750267,7,200,ok,
rowloop,fft,complex128,4608,8,fft_complex128_n4608_b8,0.169077732218,0.167932018355,0.000292954999687,7,112,ok,
rowloop,fft,complex128,4608,16,fft_complex128_n4608_b16,0.33565913327,0.334726068346,0.000420100210855,7,30,ok,
rowloop,fft,complex128,4608,32,fft_complex128_n4608_b32,0.655708167081,0.65505997045,0.000491602501521,7,30,ok,
rowloop,fft,complex128,4608,64,fft_complex128_n4608_b64,1.2831061714,1.27274073843,0.00739287402805,7,23,ok,
rowloop,fft,complex128,4608,256,fft_complex128_n4608_b256,5.76909400988,5.74745959602,0.00861599110067,7,5,ok,
rowloop,fft,complex128,8192,1,fft_complex128_n8192_b1,0.0582241005031,0.0579111702973,0.000105395447463,7,200,ok,
rowloop,fft,complex128,8192,2,fft_complex128_n8192_b2,0.100557479509,0.0998505051342,0.000215197250134,7,198,ok,
rowloop,fft,complex128,8192,4,fft_complex128_n8192_b4,0.270287805797,0.269088679382,0.00057338840934,7,103,ok,
rowloop,fft,complex128,8192,8,fft_complex128_n8192_b8,0.353362928893,0.350792231205,0.00180317770823,7,56,ok,
rowloop,fft,complex128,8192,16,fft_complex128_n8192_b16,0.691091800885,0.684398630013,0.00434343625481,7,30,ok,
rowloop,fft,complex128,8192,32,fft_complex128_n8192_b32,1.3835977131,1.38307195379,0.000525759311304,7,21,ok,
rowloop,fft,complex128,8192,64,fft_complex128_n8192_b64,2.99110159976,2.92542619864,0.0279551022686,7,10,ok,
rowloop,fft,complex128,8192,256,fft_complex128_n8192_b256,14.1326140147,14.0874045319,0.034905038774,7,2,ok,
rowloop,fft,complex128,16384,1,fft_complex128_n16384_b1,0.183545374267,0.181976971082,0.000372625296362,7,104,ok,
rowloop,fft,complex128,16384,2,fft_complex128_n16384_b2,0.365354500159,0.36483892688,0.000515573278621,7,54,ok,
rowloop,fft,complex128,16384,4,fft_complex128_n16384_b4,0.699381431332,0.697445677361,0.00182196630963,7,28,ok,
rowloop,fft,complex128,16384,8,fft_complex128_n16384_b8,1.39650557235,1.38893380894,0.00401937757574,7,21,ok,
rowloop,fft,complex128,16384,16,fft_complex128_n16384_b16,2.76806979673,2.7602862916,0.00778350513428,7,10,ok,
rowloop,fft,complex128,16384,32,fft_complex128_n16384_b32,5.68672840018,5.64884580672,0.00681858509779,7,5,ok,
rowloop,fft,complex128,16384,64,fft_complex128_n16384_b64,11.7312620278,11.6516734706,0.0317189842463,7,2,ok,
rowloop,fft,complex128,16384,256,fft_complex128_n16384_b256,49.7548429994,49.6315429918,0.0521669862792,7,1,ok,
rowloop,fft,complex128,32768,1,fft_complex128_n32768_b1,0.424657288628,0.422267289832,0.000707334321406,7,45,ok,
rowloop,fft,complex128,32768,2,fft_complex128_n32768_b2,0.823852955364,0.815462958797,0.00241756661917,7,23,ok,
rowloop,fft,complex128,32768,4,fft_complex128_n32768_b4,1.65252864826,1.63452564876,0.00488323241691,7,17,ok,
rowloop,fft,complex128,32768,8,fft_complex128_n32768_b8,3.40913349646,3.37626224791,0.00434188405052,7,8,ok,
rowloop,fft,complex128,32768,16,fft_complex128_n32768_b16,7.04154573032,6.98119823937,0.0445707701147,7,4,ok,
rowloop,fft,complex128,32768,32,fft_complex128_n32768_b32,14.4357989775,14.3373854808,0.0984134967439,7,2,ok,
rowloop,fft,complex128,32768,64,fft_complex128_n32768_b64,29.932084959,29.7466600314,0.113931950182,7,1,ok,
rowloop,fft,complex128,32768,256,fft_complex128_n32768_b256,116.524809971,115.833331016,0.122659024782,7,1,ok,
rowloop,fft,complex128,65536,1,fft_complex128_n65536_b1,0.896846182348,0.892612818544,0.00332164133645,7,22,ok,
rowloop,fft,complex128,65536,2,fft_complex128_n65536_b2,1.87619000208,1.85970260451,0.0094002035136,7,15,ok,
rowloop,fft,complex128,65536,4,fft_complex128_n65536_b4,3.74955688312,3.73240000044,0.00911188544706,7,8,ok,
rowloop,fft,complex128,65536,8,fft_complex128_n65536_b8,7.60008976795,7.54077924648,0.0353509676643,7,4,ok,
rowloop,fft,complex128,65536,16,fft_complex128_n65536_b16,15.7476200256,15.4464290245,0.0676369527355,7,1,ok,
rowloop,fft,complex128,65536,32,fft_complex128_n65536_b32,33.0285290256,32.8349580523,0.105347018689,7,1,ok,
rowloop,fft,complex128,65536,64,fft_complex128_n65536_b64,64.6451649955,64.5844119135,0.0573470024392,7,1,ok,
rowloop,fft,complex128,65536,256,fft_complex128_n65536_b256,257.018148084,255.942802061,0.431813881733,7,1,ok,
rowloop,ifft,complex64,64,1,ifft_complex64_n64_b1,0.00444003346246,0.00440902785747,1.49034311305e-05,9,1077,ok,
rowloop,ifft,complex64,64,2,ifft_complex64_n64_b2,0.00466944096843,0.00464641302824,6.60744262859e-06,9,2000,ok,
rowloop,ifft,complex64,64,4,ifft_complex64_n64_b4,0.00518057402223,0.00516110245371,9.68796666712e-06,9,2000,ok,
rowloop,ifft,complex64,64,8,ifft_complex64_n64_b8,0.0061119600432,0.00581237697043,2.93495249934e-05,9,2000,ok,
rowloop,ifft,complex64,64,16,ifft_complex64_n64_b16,0.00743914655035,0.00719220719203,2.34760057317e-05,9,1897,ok,
rowloop,ifft,complex64,64,32,ifft_complex64_n64_b32,0.00972032162059,0.00968123709431,3.58545848497e-05,9,1396,ok,
rowloop,ifft,complex64,64,64,ifft_complex64_n64_b64,0.0163127008274,0.0154311718336,0.00020341203388,9,966,ok,
rowloop,ifft,complex64,64,256,ifft_complex64_n64_b256,0.0473796849838,0.0459477654658,0.00143191951793,7,200,ok,
rowloop,ifft,complex64,256,1,ifft_complex64_n256_b1,0.00573191198055,0.00568847049726,1.32590066642e-05,9,2000,ok,
rowloop,ifft,complex64,256,2,ifft_complex64_n256_b2,0.00658185958312,0.00656463634347,1.02293975613e-05,9,1944,ok,
rowloop,ifft,complex64,256,4,ifft_complex64_n256_b4,0.00822880284916,0.00812586709772,2.63720996015e-05,9,1618,ok,
rowloop,ifft,complex64,256,8,ifft_complex64_n256_b8,0.0112088426574,0.0111872724899,1.2878757787e-05,9,1163,ok,
rowloop,ifft,complex64,256,16,ifft_complex64_n256_b16,0.0173338755835,0.0172385411362,6.97922508192e-05,9,828,ok,
rowloop,ifft,complex64,256,32,ifft_complex64_n256_b32,0.0295625644503,0.0294567202218,4.45853220299e-05,9,200,ok,
rowloop,ifft,complex64,256,64,ifft_complex64_n256_b64,0.0546845549252,0.0545118853915,0.000129240215756,9,200,ok,
rowloop,ifft,complex64,256,256,ifft_complex64_n256_b256,0.203803744718,0.203258347251,0.000237887582685,7,98,ok,
rowloop,ifft,complex64,1024,1,ifft_complex64_n1024_b1,0.0105872749007,0.0105589966882,1.96758470001e-05,9,913,ok,
rowloop,ifft,complex64,1024,2,ifft_complex64_n1024_b2,0.0150781003997,0.0150392890126,3.33090741021e-05,9,896,ok,
rowloop,ifft,complex64,1024,4,ifft_complex64_n1024_b4,0.0235581046919,0.0235183996071,3.97050847467e-05,9,593,ok,
rowloop,ifft,complex64,1024,8,ifft_complex64_n1024_b8,0.0408289197367,0.0406493846094,0.000137005117722,9,200,ok,
rowloop,ifft,complex64,1024,16,ifft_complex64_n1024_b16,0.0752965349238,0.0750459148549,0.000250620068982,9,200,ok,
rowloop,ifft,complex64,1024,32,ifft_complex64_n1024_b32,0.144176848192,0.143352775342,0.000251341523414,9,138,ok,
rowloop,ifft,complex64,1024,64,ifft_complex64_n1024_b64,0.283555043321,0.2814743489,0.00102481082676,9,69,ok,
rowloop,ifft,complex64,1024,256,ifft_complex64_n1024_b256,1.11703069146,1.11463927001,0.000954847424649,7,26,ok,
rowloop,ifft,complex64,2048,1,ifft_complex64_n2048_b1,0.0168179659193,0.0167235358361,4.90947317599e-05,9,823,ok,
rowloop,ifft,complex64,2048,2,ifft_complex64_n2048_b2,0.0259334314033,0.0253459893137,0.000141244157551,9,561,ok,
rowloop,ifft,complex64,2048,4,ifft_complex64_n2048_b4,0.0432558998,0.043085180223,4.79398295283e-05,9,200,ok,
rowloop,ifft,complex64,2048,8,ifft_complex64_n2048_b8,0.0776192150079,0.0775437749689,7.54400389269e-05,9,200,ok,
rowloop,ifft,complex64,2048,16,ifft_complex64_n2048_b16,0.147615580799,0.146043683772,0.000742345411495,9,136,ok,
rowloop,ifft,complex64,2048,32,ifft_complex64_n2048_b32,0.284584058597,0.281353114996,0.000774622489901,9,69,ok,
rowloop,ifft,complex64,2048,64,ifft_complex64_n2048_b64,0.550660002045,0.548420466172,0.000398730238279,9,30,ok,
rowloop,ifft,complex64,2048,256,ifft_complex64_n2048_b256,2.20399992003,2.19569214656,0.00305107543961,7,13,ok,
rowloop,ifft,complex64,3072,1,ifft_complex64_n3072_b1,0.024085130502,0.0239746120718,8.1787938657e-05,9,575,ok,
rowloop,ifft,complex64,3072,2,ifft_complex64_n3072_b2,0.0418196199462,0.04172904999,7.13847111911e-05,9,200,ok,
rowloop,ifft,complex64,3072,4,ifft_complex64_n3072_b4,0.0739374000113,0.0738523399923,4.48350328952e-05,9,200,ok,
rowloop,ifft,complex64,3072,8,ifft_complex64_n3072_b8,0.13831476336,0.138070969842,0.000238000346279,9,135,ok,
rowloop,ifft,complex64,3072,16,ifft_complex64_n3072_b16,0.271494973761,0.2660543068,0.00208041165024,9,75,ok,
rowloop,ifft,complex64,3072,32,ifft_complex64_n3072_b32,0.523628934752,0.522794698675,0.000728364102542,9,30,ok,
rowloop,ifft,complex64,3072,64,ifft_complex64_n3072_b64,1.04219092671,1.04099978593,0.000932108378038,9,28,ok,
rowloop,ifft,complex64,3072,256,ifft_complex64_n3072_b256,4.16348099576,4.13850013034,0.0094204276268,7,7,ok,
rowloop,ifft,complex64,3584,1,ifft_complex64_n3584_b1,0.0268363987127,0.0266970825072,3.11002731762e-05,9,509,ok,
rowloop,ifft,complex64,3584,2,ifft_complex64_n3584_b2,0.0471388845472,0.0469419197179,2.50502489507e-05,9,200,ok,
rowloop,ifft,complex64,3584,4,ifft_complex64_n3584_b4,0.0834814400878,0.0833401299315,0.000120619661175,9,200,ok,
rowloop,ifft,complex64,3584,8,ifft_complex64_n3584_b8,0.155246573818,0.154778340564,0.000130945578391,9,129,ok,
rowloop,ifft,complex64,3584,16,ifft_complex64_n3584_b16,0.301096292857,0.298367044888,0.00199957105976,9,65,ok,
rowloop,ifft,complex64,3584,32,ifft_complex64_n3584_b32,0.588855531532,0.58418950066,0.00116883311421,9,30,ok,
rowloop,ifft,complex64,3584,64,ifft_complex64_n3584_b64,1.15897319745,1.15546307992,0.0026176776737,9,25,ok,
rowloop,ifft,complex64,3584,256,ifft_complex64_n3584_b256,4.71517765739,4.68896050006,0.00605631309251,7,6,ok,
rowloop,ifft,complex64,4095,1,ifft_complex64_n4095_b1,0.0481091575672,0.0478668957199,8.18321581355e-05,9,298,ok,
rowloop,ifft,complex64,4095,2,ifft_complex64_n4095_b2,0.0844060699455,0.0840537599288,0.000238045467995,9,200,ok,
rowloop,ifft,complex64,4095,4,ifft_complex64_n4095_b4,0.156717500575,0.155792365568,0.000386111741324,9,126,ok,
rowloop,ifft,complex64,4095,8,ifft_complex64_n4095_b8,0.301546216584,0.299744999323,0.00175560215631,9,65,ok,
rowloop,ifft,complex64,4095,16,ifft_complex64_n4095_b16,0.591765647508,0.588482146507,0.00234908657148,9,34,ok,
rowloop,ifft,complex64,4095,32,ifft_complex64_n4095_b32,1.1681378819,1.16052932106,0.0043914001435,9,25,ok,
rowloop,ifft,complex64,4095,64,ifft_complex64_n4095_b64,2.37747008214,2.34630283861,0.0206635741051,9,12,ok,
rowloop,ifft,complex64,4095,256,ifft_complex64_n4095_b256,9.73759498447,9.63422869487,0.103366289598,7,3,ok,
rowloop,ifft,complex64,4096,1,ifft_complex64_n4096_b1,0.0296749517444,0.0295525933565,0.000122358387971,9,455,ok,
rowloop,ifft,complex64,4096,2,ifft_complex64_n4096_b2,0.0505155796418,0.0504179502605,9.76293813437e-05,9,200,ok,
rowloop,ifft,complex64,4096,4,ifft_complex64_n4096_b4,0.0892250001198,0.0883932498982,0.000439065042883,9,200,ok,
rowloop,ifft,complex64,4096,8,ifft_complex64_n4096_b8,0.168732739202,0.166561714757,0.0010575206966,9,119,ok,
rowloop,ifft,complex64,4096,16,ifft_complex64_n4096_b16,0.3210706439,0.319946168575,0.00112447532494,9,59,ok,
rowloop,ifft,complex64,4096,32,ifft_complex64_n4096_b32,0.629399433577,0.623895534469,0.00359673285857,9,30,ok,
rowloop,ifft,complex64,4096,64,ifft_complex64_n4096_b64,1.2670502086,1.2517763292,0.00360379150758,9,24,ok,
rowloop,ifft,complex64,4096,256,ifft_complex64_n4096_b256,5.55526739918,5.43150659651,0.0344220083207,7,5,ok,
rowloop,ifft,complex64,4097,1,ifft_complex64_n4097_b1,0.145088323686,0.144383774657,0.000442098125927,7,133,ok,
rowloop,ifft,complex64,4097,2,ifft_complex64_n4097_b2,0.275010514694,0.274124277186,0.000142209400009,7,72,ok,
rowloop,ifft,complex64,4097,4,ifft_complex64_n4097_b4,0.535316161207,0.530806134103,0.000531539774022,7,37,ok,
rowloop,ifft,complex64,4097,8,ifft_complex64_n4097_b8,1.04482911087,1.037298941,0.00237110846986,7,18,ok,
rowloop,ifft,complex64,4097,16,ifft_complex64_n4097_b16,2.09230235279,2.08226936437,0.00293971970677,7,14,ok,
rowloop,ifft,complex64,4097,32,ifft_complex64_n4097_b32,4.20497984825,4.18949527999,0.0142837275884,7,7,ok,
rowloop,ifft,complex64,4097,64,ifft_complex64_n4097_b64,8.39380632776,8.29614066364,0.0562983332202,7,3,ok,
rowloop,ifft,complex64,4097,256,ifft_complex64_n4097_b256,34.1274880338,33.7229330325,0.273079029284,7,1,ok,
rowloop,ifft,complex64,4608,1,ifft_complex64_n4608_b1,0.0340962701011,0.0339941302082,0.000102139892988,7,200,ok,
rowloop,ifft,complex64,4608,2,ifft_complex64_n4608_b2,0.0622422446031,0.0615669350373,9.72300767899e-05,7,200,ok,
rowloop,ifft,complex64,4608,4,ifft_complex64_n4608_b4,0.111384957563,0.110848476488,8.52230285485e-05,7,166,ok,
rowloop,ifft,complex64,4608,8,ifft_complex64_n4608_b8,0.210317125576,0.20826043196,0.00060930588833,7,88,ok,
rowloop,ifft,complex64,4608,16,ifft_complex64_n4608_b16,0.406338899241,0.405388469032,0.00062013277784,7,30,ok,
rowloop,ifft,complex64,4608,32,ifft_complex64_n4608_b32,0.795294099953,0.790963034766,0.00433106518661,7,30,ok,
rowloop,ifft,complex64,4608,64,ifft_complex64_n4608_b64,1.6157429506,1.57404994273,0.0203431608449,7,19,ok,
rowloop,ifft,complex64,4608,256,ifft_complex64_n4608_b256,6.92999220919,6.80295960046,0.0559664098546,7,5,ok,
rowloop,ifft,complex64,8192,1,ifft_complex64_n8192_b1,0.0574190053158,0.0570126448292,0.000406360486522,7,200,ok,
rowloop,ifft,complex64,8192,2,ifft_complex64_n8192_b2,0.110739551019,0.109849128809,0.000384201954925,7,178,ok,
rowloop,ifft,complex64,8192,4,ifft_complex64_n8192_b4,0.201697434797,0.199266167653,0.00163552346685,7,101,ok,
rowloop,ifft,complex64,8192,8,ifft_complex64_n8192_b8,0.390613880008,0.388928740285,0.00166830141097,7,50,ok,
rowloop,ifft,complex64,8192,16,ifft_complex64_n8192_b16,0.74841969957,0.741676799953,0.00291243583585,7,30,ok,
rowloop,ifft,complex64,8192,32,ifft_complex64_n8192_b32,1.49249415263,1.46254980355,0.00502179609612,7,20,ok,
rowloop,ifft,complex64,8192,64,ifft_complex64_n8192_b64,3.19818166705,3.06432200078,0.0189385609701,7,9,ok,
rowloop,ifft,complex64,8192,256,ifft_complex64_n8192_b256,13.1129713651,12.7307553388,0.130370026454,7,3,ok,
rowloop,ifft,complex64,16384,1,ifft_complex64_n16384_b1,0.114074548432,0.112877252613,0.000370632722435,7,166,ok,
rowloop,ifft,complex64,16384,2,ifft_complex64_n16384_b2,0.274051507135,0.272587648409,0.00146385872553,7,71,ok,
rowloop,ifft,complex64,16384,4,ifft_complex64_n16384_b4,0.537120595549,0.534587215657,0.000414564400106,7,37,ok,
rowloop,ifft,complex64,16384,8,ifft_complex64_n16384_b8,1.07381132381,1.06450142838,0.00267317435438,7,28,ok,
rowloop,ifft,complex64,16384,16,ifft_complex64_n16384_b16,2.10662049774,2.09445128816,0.00386721720653,7,14,ok,
rowloop,ifft,complex64,16384,32,ifft_complex64_n16384_b32,4.28081415261,4.19976156471,0.0479378338371,7,7,ok,
rowloop,ifft,complex64,16384,64,ifft_complex64_n16384_b64,8.64212230469,8.60591834256,0.0287132958571,7,3,ok,
rowloop,ifft,complex64,16384,256,ifft_complex64_n16384_b256,36.5991760045,36.3416150212,0.176599016413,7,1,ok,
rowloop,ifft,complex64,32768,1,ifft_complex64_n32768_b1,0.241570046373,0.239098738265,0.00098308109128,7,88,ok,
rowloop,ifft,complex64,32768,2,ifft_complex64_n32768_b2,0.549191971206,0.547836696367,0.00135527483912,7,36,ok,
rowloop,ifft,complex64,32768,4,ifft_complex64_n32768_b4,1.1069515927,1.09842196279,0.00405866497507,7,27,ok,
rowloop,ifft,complex64,32768,8,ifft_complex64_n32768_b8,2.20666715625,2.17412268886,0.02127892087,7,13,ok,
rowloop,ifft,complex64,32768,16,ifft_complex64_n32768_b16,4.51405099981,4.38366634383,0.0511653294476,7,6,ok,
rowloop,ifft,complex64,32768,32,ifft_complex64_n32768_b32,9.53704766774,9.09215836631,0.35329531723,7,3,ok,
rowloop,ifft,complex64,32768,64,ifft_complex64_n32768_b64,19.3583969958,18.4359819978,0.922414998058,7,2,ok,
rowloop,ifft,complex64,32768,256,ifft_complex64_n32768_b256,76.5570339281,75.7990899729,0.75794395525,7,1,ok,
rowloop,ifft,complex64,65536,1,ifft_complex64_n65536_b1,0.465324453433,0.46487864373,0.000433430873922,7,42,ok,
rowloop,ifft,complex64,65536,2,ifft_complex64_n65536_b2,1.31184660364,1.2955454411,0.0140474038199,7,25,ok,
rowloop,ifft,complex64,65536,4,ifft_complex64_n65536_b4,2.29257266619,2.28408674593,0.00539499645432,7,12,ok,
rowloop,ifft,complex64,65536,8,ifft_complex64_n65536_b8,4.6472894998,4.54291484008,0.0947433291003,7,6,ok,
rowloop,ifft,complex64,65536,16,ifft_complex64_n65536_b16,9.81764735964,9.3907416643,0.358919030987,7,3,ok,
rowloop,ifft,complex64,65536,32,ifft_complex64_n65536_b32,19.5885009598,19.202982483,0.385518476833,7,2,ok,
rowloop,ifft,complex64,65536,64,ifft_complex64_n65536_b64,40.5610320158,39.6409960231,0.308044021949,7,1,ok,
rowloop,ifft,complex64,65536,256,ifft_complex64_n65536_b256,158.44625805,157.919566962,0.526691088453,7,1,ok,
rowloop,ifft,complex128,64,1,ifft_complex128_n64_b1,0.00459055402183,0.00456287766167,1.85795811905e-05,9,1684,ok,
rowloop,ifft,complex128,64,2,ifft_complex128_n64_b2,0.00478598801419,0.00477125548059,8.17503314465e-06,9,2000,ok,
rowloop,ifft,complex128,64,4,ifft_complex128_n64_b4,0.00514913053485,0.00514409603784,3.80753772333e-06,9,2000,ok,
rowloop,ifft,complex128,64,8,ifft_complex128_n64_b8,0.00580619054381,0.00576017453568,4.44324687123e-05,9,2000,ok,
rowloop,ifft,complex128,64,16,ifft_complex128_n64_b16,0.00721454056889,0.0071605108932,1.68413930679e-05,9,1652,ok,
rowloop,ifft,complex128,64,32,ifft_complex128_n64_b32,0.00990157194539,0.00970291817007,0.000126919657444,9,1369,ok,
rowloop,ifft,complex128,64,64,ifft_complex128_n64_b64,0.014888810386,0.0146572652126,0.000165678119581,9,475,ok,
rowloop,ifft,complex128,64,256,ifft_complex128_n64_b256,0.0454124651151,0.0451206753496,0.00029178976547,7,200,ok,
rowloop,ifft,complex128,256,1,ifft_complex128_n256_b1,0.00564490478084,0.00558949490063,4.23669553874e-05,9,1954,ok,
rowloop,ifft,complex128,256,2,ifft_complex128_n256_b2,0.00647646555893,0.00645649262275,1.11506555696e-05,9,1699,ok,
rowloop,ifft,complex128,256,4,ifft_complex128_n256_b4,0.00797144592616,0.00791134666438,3.58682863993e-05,9,1572,ok,
rowloop,ifft,complex128,256,8,ifft_complex128_n256_b8,0.0111054986642,0.0110607816917,1.04316339009e-05,9,1191,ok,
rowloop,ifft,complex128,256,16,ifft_complex128_n256_b16,0.0171622565147,0.0170989334698,2.32256462042e-05,9,811,ok,
rowloop,ifft,complex128,256,32,ifft_complex128_n256_b32,0.0295634701615,0.0294208049309,9.6180010587e-05,9,200,ok,
rowloop,ifft,complex128,256,64,ifft_complex128_n256_b64,0.054570340435,0.0536794302752,0.000147625687532,9,200,ok,
rowloop,ifft,complex128,256,256,ifft_complex128_n256_b256,0.208007483443,0.207279358179,0.00059915961878,7,31,ok,
rowloop,ifft,complex128,1024,1,ifft_complex128_n1024_b1,0.0104699966575,0.0104227068475,4.39080275103e-05,9,1197,ok,
rowloop,ifft,complex128,1024,2,ifft_complex128_n1024_b2,0.0145564758453,0.014405971129,9.85369165951e-05,9,935,ok,
rowloop,ifft,complex128,1024,4,ifft_complex128_n1024_b4,0.0230607710779,0.0227533489466,0.000180415995419,9,625,ok,
rowloop,ifft,complex128,1024,8,ifft_complex128_n1024_b8,0.0398864649469,0.0394051201874,0.00034078489989,9,200,ok,
rowloop,ifft,complex128,1024,16,ifft_complex128_n1024_b16,0.0741199898766,0.072486095014,0.0010339752771,9,200,ok,
rowloop,ifft,complex128,1024,32,ifft_complex128_n1024_b32,0.138319821146,0.137243567577,0.000950798684203,9,134,ok,
rowloop,ifft,complex128,1024,64,ifft_complex128_n1024_b64,0.273715737017,0.270813653414,0.00172293059424,9,72,ok,
rowloop,ifft,complex128,1024,256,ifft_complex128_n1024_b256,1.10239200122,1.07606992781,0.0253405542699,7,27,ok,
rowloop,ifft,complex128,2048,1,ifft_complex128_n2048_b1,0.0174993558385,0.0169858796566,0.000346788114175,9,798,ok,
rowloop,ifft,complex128,2048,2,ifft_complex128_n2048_b2,0.0263574531028,0.0262662734187,9.11796841463e-05,9,545,ok,
rowloop,ifft,complex128,2048,4,ifft_complex128_n2048_b4,0.0450615148293,0.0444799300749,0.0005815847544,9,200,ok,
rowloop,ifft,complex128,2048,8,ifft_complex128_n2048_b8,0.0794204697013,0.0779611547478,0.00108147040009,9,200,ok,
rowloop,ifft,complex128,2048,16,ifft_complex128_n2048_b16,0.149667353477,0.148724668767,0.000942684710026,9,130,ok,
rowloop,ifft,complex128,2048,32,ifft_complex128_n2048_b32,0.293777581416,0.291454581433,0.000655986438158,9,67,ok,
rowloop,ifft,complex128,2048,64,ifft_complex128_n2048_b64,0.612910732161,0.607600501583,0.0033923657611,9,30,ok,
rowloop,ifft,complex128,2048,256,ifft_complex128_n2048_b256,2.65909849744,2.40784749622,0.15060408623,7,12,ok,
rowloop,ifft,complex128,3072,1,ifft_complex128_n3072_b1,0.0235807875716,0.0234257077846,0.000132549724824,9,551,ok,
rowloop,ifft,complex128,3072,2,ifft_complex128_n3072_b2,0.0384215300437,0.0378611899214,0.000261690001935,9,200,ok,
rowloop,ifft,complex128,3072,4,ifft_complex128_n3072_b4,0.0673066347372,0.0670281198109,0.000152684515342,9,200,ok,
rowloop,ifft,complex128,3072,8,ifft_complex128_n3072_b8,0.124423349916,0.123456737492,0.00092096888693,9,160,ok,
rowloop,ifft,complex128,3072,16,ifft_complex128_n3072_b16,0.239592391844,0.238100379187,0.0014920126576,9,79,ok,
rowloop,ifft,complex128,3072,32,ifft_complex128_n3072_b32,0.477726664394,0.471319731635,0.00640693275879,9,30,ok,
rowloop,ifft,complex128,3072,64,ifft_complex128_n3072_b64,0.962198307009,0.93212743472,0.0281917012256,9,23,ok,
rowloop,ifft,complex128,3072,256,ifft_complex128_n3072_b256,4.54574683681,4.22679382609,0.117848181011,7,6,ok,
rowloop,ifft,complex128,3584,1,ifft_complex128_n3584_b1,0.0262180586581,0.0259298295851,0.000141594976318,9,511,ok,
rowloop,ifft,complex128,3584,2,ifft_complex128_n3584_b2,0.0425184698543,0.0418060447555,0.000401044380851,9,200,ok,
rowloop,ifft,complex128,3584,4,ifft_complex128_n3584_b4,0.0753106549382,0.0740726996446,0.00102596997749,9,200,ok,
rowloop,ifft,complex128,3584,8,ifft_complex128_n3584_b8,0.140624873187,0.13855308965,0.00107050751711,9,134,ok,
rowloop,ifft,complex128,3584,16,ifft_complex128_n3584_b16,0.27201716012,0.264067786435,0.00501054649552,9,75,ok,
rowloop,ifft,complex128,3584,32,ifft_complex128_n3584_b32,0.546950431696,0.536870968062,0.00784629955888,9,30,ok,
rowloop,ifft,complex128,3584,64,ifft_complex128_n3584_b64,1.14580737082,1.12004155569,0.0126528493301,9,27,ok,
rowloop,ifft,complex128,3584,256,ifft_complex128_n3584_b256,5.65363251371,4.73654918217,0.108533829916,7,6,ok,
rowloop,ifft,complex128,4095,1,ifft_complex128_n4095_b1,0.0432748262788,0.0426397818035,0.000558696654802,9,316,ok,
rowloop,ifft,complex128,4095,2,ifft_complex128_n4095_b2,0.0758295750711,0.074281640118,0.00090433517471,9,200,ok,
rowloop,ifft,complex128,4095,4,ifft_complex128_n4095_b4,0.140696738685,0.136614412717,0.00219525300317,9,138,ok,
rowloop,ifft,complex128,4095,8,ifft_complex128_n4095_b8,0.267818276035,0.263365356276,0.00445291975905,9,76,ok,
rowloop,ifft,complex128,4095,16,ifft_complex128_n4095_b16,0.518088622296,0.516037217568,0.00130621766722,9,37,ok,
rowloop,ifft,complex128,4095,32,ifft_complex128_n4095_b32,1.03801906767,1.01354482969,0.0201464783208,9,29,ok,
rowloop,ifft,complex128,4095,64,ifft_complex128_n4095_b64,2.15376264948,2.04571763918,0.0167941325344,9,14,ok,
rowloop,ifft,complex128,4095,256,ifft_complex128_n4095_b256,9.38389198078,9.24144297217,0.101185326154,7,3,ok,
rowloop,ifft,complex128,4096,1,ifft_complex128_n4096_b1,0.0332650159323,0.0332420206873,9.55785886483e-06,9,434,ok,
rowloop,ifft,complex128,4096,2,ifft_complex128_n4096_b2,0.0543170201126,0.0539489847142,0.000290094758384,9,200,ok,
rowloop,ifft,complex128,4096,4,ifft_complex128_n4096_b4,0.0929475453449,0.0909177097492,0.00156491994858,9,200,ok,
rowloop,ifft,complex128,4096,8,ifft_complex128_n4096_b8,0.177839326634,0.174088550884,0.00262079636889,9,98,ok,
rowloop,ifft,complex128,4096,16,ifft_complex128_n4096_b16,0.33720920134,0.327619483384,0.00357551810642,9,60,ok,
rowloop,ifft,complex128,4096,32,ifft_complex128_n4096_b32,0.732762502351,0.718053065551,0.0132767328372,9,30,ok,
rowloop,ifft,complex128,4096,64,ifft_complex128_n4096_b64,1.40409190631,1.35738982036,0.0379744504409,9,22,ok,
rowloop,ifft,complex128,4096,256,ifft_complex128_n4096_b256,6.91909249872,6.69115249184,0.0652942690067,7,4,ok,
rowloop,ifft,complex128,4097,1,ifft_complex128_n4097_b1,0.116432867593,0.115437610309,0.000742452992302,7,159,ok,
rowloop,ifft,complex128,4097,2,ifft_complex128_n4097_b2,0.217594812716,0.216177439542,0.00130584473711,7,91,ok,
rowloop,ifft,complex128,4097,4,ifft_complex128_n4097_b4,0.418876173764,0.416252152164,0.00262402160012,7,46,ok,
rowloop,ifft,complex128,4097,8,ifft_complex128_n4097_b8,0.82679669393,0.818336605216,0.00387243926525,7,23,ok,
rowloop,ifft,complex128,4097,16,ifft_complex128_n4097_b16,1.64442700205,1.60285005242,0.0106715597212,7,18,ok,
rowloop,ifft,complex128,4097,32,ifft_complex128_n4097_b32,3.31659343404,3.29813010628,0.0159141167791,7,9,ok,
rowloop,ifft,complex128,4097,64,ifft_complex128_n4097_b64,6.75680974382,6.60011300351,0.0309302704409,7,4,ok,
rowloop,ifft,complex128,4097,256,ifft_complex128_n4097_b256,26.4112610603,26.2339599431,0.177301117219,7,1,ok,
rowloop,ifft,complex128,4608,1,ifft_complex128_n4608_b1,0.0356265250593,0.035146829905,0.000109159736894,7,200,ok,
rowloop,ifft,complex128,4608,2,ifft_complex128_n4608_b2,0.0585237145424,0.0578398350626,0.000470070517622,7,200,ok,
rowloop,ifft,complex128,4608,4,ifft_complex128_n4608_b4,0.105152782439,0.104228368179,0.000290849506662,7,193,ok,
rowloop,ifft,complex128,4608,8,ifft_complex128_n4608_b8,0.199432237573,0.196988299518,0.00111610249415,7,97,ok,
rowloop,ifft,complex128,4608,16,ifft_complex128_n4608_b16,0.387104732605,0.384954366988,0.00214596511796,7,30,ok,
rowloop,ifft,complex128,4608,32,ifft_complex128_n4608_b32,0.789375731256,0.762444497862,0.0210830010474,7,30,ok,
rowloop,ifft,complex128,4608,64,ifft_complex128_n4608_b64,1.66101368316,1.55199779271,0.104925154071,7,19,ok,
rowloop,ifft,complex128,4608,256,ifft_complex128_n4608_b256,7.77404399123,7.4256563792,0.34838761203,7,5,ok,
rowloop,ifft,complex128,8192,1,ifft_complex128_n8192_b1,0.0615619751625,0.0604870700045,0.000750499893911,7,200,ok,
rowloop,ifft,complex128,8192,2,ifft_complex128_n8192_b2,0.111612213704,0.109522659101,0.00208955460259,7,182,ok,
rowloop,ifft,complex128,8192,4,ifft_complex128_n8192_b4,0.211419537663,0.202153034759,0.00634834689733,7,26,ok,
rowloop,ifft,complex128,8192,8,ifft_complex128_n8192_b8,0.37738182308,0.369773922013,0.00760790106713,7,51,ok,
rowloop,ifft,complex128,8192,16,ifft_complex128_n8192_b16,0.751315767411,0.735726032872,0.0116964646926,7,30,ok,
rowloop,ifft,complex128,8192,32,ifft_complex128_n8192_b32,1.65935269906,1.4376819483,0.221670750761,7,20,ok,
rowloop,ifft,complex128,8192,64,ifft_complex128_n8192_b64,3.23593544049,3.02859433254,0.207341107954,7,9,ok,
rowloop,ifft,complex128,8192,256,ifft_complex128_n8192_b256,16.590195999,15.7209404861,0.803873525001,7,2,ok,
rowloop,ifft,complex128,16384,1,ifft_complex128_n16384_b1,0.189779200101,0.18863452623,0.00114467387137,7,95,ok,
rowloop,ifft,complex128,16384,2,ifft_complex128_n16384_b2,0.379259375525,0.369033230527,0.00904333379973,7,48,ok,
rowloop,ifft,complex128,16384,4,ifft_complex128_n16384_b4,0.745149626811,0.732288260392,0.0128613664182,7,27,ok,
rowloop,ifft,complex128,16384,8,ifft_complex128_n16384_b8,1.52634725091,1.45544959814,0.0708976527676,7,20,ok,
rowloop,ifft,complex128,16384,16,ifft_complex128_n16384_b16,3.15117010614,3.09387729503,0.0572928111069,7,10,ok,
rowloop,ifft,complex128,16384,32,ifft_complex128_n16384_b32,6.54570624465,6.31762348348,0.228082761168,7,4,ok,
rowloop,ifft,complex128,16384,64,ifft_complex128_n16384_b64,13.8934080023,13.119284471,0.774123531301,7,2,ok,
rowloop,ifft,complex128,16384,256,ifft_complex128_n16384_b256,52.0940449787,51.1318100616,0.559472944587,7,1,ok,
rowloop,ifft,complex128,32768,1,ifft_complex128_n32768_b1,0.435795743278,0.427692511314,0.00438004797108,7,43,ok,
rowloop,ifft,complex128,32768,2,ifft_complex128_n32768_b2,0.853046521787,0.846390177131,0.00575812958667,7,23,ok,
rowloop,ifft,complex128,32768,4,ifft_complex128_n32768_b4,1.72425235402,1.68151800137,0.0404394711094,7,17,ok,
rowloop,ifft,complex128,32768,8,ifft_complex128_n32768_b8,3.52832950011,3.4453648841,0.0829646160128,7,8,ok,
rowloop,ifft,complex128,32768,16,ifft_complex128_n32768_b16,8.1942974939,7.23838774138,0.95590975252,7,4,ok,
rowloop,ifft,complex128,32768,32,ifft_complex128_n32768_b32,15.7445140649,15.2858090587,0.458705006167,7,1,ok,
rowloop,ifft,complex128,32768,64,ifft_complex128_n32768_b64,33.8910069549,32.8315510415,1.05945591349,7,1,ok,
rowloop,ifft,complex128,32768,256,ifft_complex128_n32768_b256,141.304068966,139.369011042,1.93505792413,7,1,ok,
rowloop,ifft,complex128,65536,1,ifft_complex128_n65536_b1,0.953058806425,0.929901808766,0.0205602374904,7,21,ok,
rowloop,ifft,complex128,65536,2,ifft_complex128_n65536_b2,2.03315562976,1.822514183,0.210641446756,7,16,ok,
rowloop,ifft,complex128,65536,4,ifft_complex128_n65536_b4,4.20942385348,3.77641515141,0.433008702073,7,7,ok,
rowloop,ifft,complex128,65536,8,ifft_complex128_n65536_b8,8.76168864003,8.29063367564,0.471054964388,7,3,ok,
rowloop,ifft,complex128,65536,16,ifft_complex128_n65536_b16,18.5801209882,16.4467629511,2.1333580371,7,1,ok,
rowloop,ifft,complex128,65536,32,ifft_complex128_n65536_b32,40.7583300257,33.0898530083,0.781817943789,7,1,ok,
rowloop,ifft,complex128,65536,64,ifft_complex128_n65536_b64,66.129932995,65.2046179166,0.265534967184,7,1,ok,
rowloop,ifft,complex128,65536,256,ifft_complex128_n65536_b256,257.593629998,256.597622996,0.996007001959,7,1,ok,
