case_id,group,operation,dtype,n,batch,layout,variant,norm,old_status,final_status,max_abs_error,max_rel_error,atol,rtol,status,notes
direct_fft_complex64_n64_b1_contiguous,direct,fft,complex64,64,1,contiguous,,,ok,ok,2.384185791015625e-06,1.1790194896637719e-07,0.0015258789,2.3841858e-05,ok,
direct_fft_complex64_n256_b1_contiguous,direct,fft,complex64,256,1,contiguous,,,ok,ok,4.498472662817221e-06,7.781072077330107e-08,0.0061035156,2.3841858e-05,ok,
direct_fft_complex64_n1024_b1_contiguous,direct,fft,complex64,1024,1,contiguous,,,ok,ok,1.5728399375802837e-05,1.4137380017828685e-07,0.024414062,2.3841858e-05,ok,
direct_fft_complex64_n2048_b1_contiguous,direct,fft,complex64,2048,1,contiguous,,,ok,ok,2.412626417935826e-05,1.2221628537465608e-07,0.048828125,2.3841858e-05,ok,
direct_fft_complex64_n3072_b1_contiguous,direct,fft,complex64,3072,1,contiguous,,,ok,ok,3.259278673795052e-05,1.3945442732098656e-07,0.07324219,2.3841858e-05,ok,
direct_fft_complex64_n3584_b1_contiguous,direct,fft,complex64,3584,1,contiguous,,,ok,ok,3.1456798751605675e-05,1.2710444573554255e-07,0.08544922,2.3841858e-05,ok,
direct_fft_complex64_n4095_b1_contiguous,direct,fft,complex64,4095,1,contiguous,,,ok,ok,4.31583721365314e-05,1.6856572917864399e-07,0.09763241,2.3841858e-05,ok,
direct_fft_complex64_n4096_b1_contiguous,direct,fft,complex64,4096,1,contiguous,,,ok,ok,4.31583721365314e-05,1.8062222985598137e-07,0.09765625,2.3841858e-05,ok,
direct_fft_complex64_n4097_b1_contiguous,direct,fft,complex64,4097,1,contiguous,,,ok,ok,6.518557347590104e-05,2.496963982546422e-07,0.09768009,2.3841858e-05,ok,
direct_fft_complex64_n4608_b1_contiguous,direct,fft,complex64,4608,1,contiguous,,,ok,ok,3.815889067482203e-05,1.2461904938112761e-07,0.10986328,2.3841858e-05,ok,
direct_fft_complex64_n8192_b1_contiguous,direct,fft,complex64,8192,1,contiguous,,,ok,ok,6.291359750321135e-05,1.610962770782884e-07,0.1953125,2.3841858e-05,ok,
direct_fft_complex64_n16384_b1_contiguous,direct,fft,complex64,16384,1,contiguous,,,ok,ok,0.00010071089491248131,1.8934492575838716e-07,0.390625,2.3841858e-05,ok,
direct_fft_complex64_n32768_b1_contiguous,direct,fft,complex64,32768,1,contiguous,,,ok,ok,0.00013037114695180207,1.6402788992552978e-07,0.78125,2.3841858e-05,ok,
direct_fft_complex64_n65536_b1_contiguous,direct,fft,complex64,65536,1,contiguous,,,ok,ok,0.0002460405812598765,2.084108907965889e-07,1.5625,2.3841858e-05,ok,
direct_fft_complex128_n64_b1_contiguous,direct,fft,complex128,64,1,contiguous,,,ok,ok,0.0,0.0,2.8421709430404007e-12,4.440892098500626e-14,ok,
direct_fft_complex128_n256_b1_contiguous,direct,fft,complex128,256,1,contiguous,,,ok,ok,0.0,0.0,1.1368683772161603e-11,4.440892098500626e-14,ok,
direct_fft_complex128_n1024_b1_contiguous,direct,fft,complex128,1024,1,contiguous,,,ok,ok,0.0,0.0,4.547473508864641e-11,4.440892098500626e-14,ok,
direct_fft_complex128_n2048_b1_contiguous,direct,fft,complex128,2048,1,contiguous,,,ok,ok,0.0,0.0,9.094947017729282e-11,4.440892098500626e-14,ok,
direct_fft_complex128_n3072_b1_contiguous,direct,fft,complex128,3072,1,contiguous,,,ok,ok,0.0,0.0,1.3642420526593924e-10,4.440892098500626e-14,ok,
direct_fft_complex128_n3584_b1_contiguous,direct,fft,complex128,3584,1,contiguous,,,ok,ok,0.0,0.0,1.5916157281026244e-10,4.440892098500626e-14,ok,
direct_fft_complex128_n4095_b1_contiguous,direct,fft,complex128,4095,1,contiguous,,,ok,ok,0.0,0.0,1.8185453143360064e-10,4.440892098500626e-14,ok,
direct_fft_complex128_n4096_b1_contiguous,direct,fft,complex128,4096,1,contiguous,,,ok,ok,0.0,0.0,1.8189894035458565e-10,4.440892098500626e-14,ok,
direct_fft_complex128_n4097_b1_contiguous,direct,fft,complex128,4097,1,contiguous,,,ok,ok,2.0495186137532014e-13,7.777630077747003e-16,1.8194334927557065e-10,4.440892098500626e-14,ok,
direct_fft_complex128_n4608_b1_contiguous,direct,fft,complex128,4608,1,contiguous,,,ok,ok,0.0,0.0,2.0463630789890885e-10,4.440892098500626e-14,ok,
direct_fft_complex128_n8192_b1_contiguous,direct,fft,complex128,8192,1,contiguous,,,ok,ok,0.0,0.0,3.637978807091713e-10,4.440892098500626e-14,ok,
direct_fft_complex128_n16384_b1_contiguous,direct,fft,complex128,16384,1,contiguous,,,ok,ok,2.3437142008433856e-13,3.9988092866307057e-16,7.275957614183426e-10,4.440892098500626e-14,ok,
direct_fft_complex128_n32768_b1_contiguous,direct,fft,complex128,32768,1,contiguous,,,ok,ok,2.92619408270042e-13,3.8041482773609495e-16,1.4551915228366852e-09,4.440892098500626e-14,ok,
direct_fft_complex128_n65536_b1_contiguous,direct,fft,complex128,65536,1,contiguous,,,ok,ok,5.084229945850415e-13,4.057409752608322e-16,2.9103830456733704e-09,4.440892098500626e-14,ok,
direct_ifft_complex64_n64_b1_contiguous,direct,ifft,complex64,64,1,contiguous,,,ok,ok,0.0,0.0,0.0015258789,2.3841858e-05,ok,
direct_ifft_complex64_n256_b1_contiguous,direct,ifft,complex64,256,1,contiguous,,,ok,ok,0.0,0.0,0.0061035156,2.3841858e-05,ok,
direct_ifft_complex64_n1024_b1_contiguous,direct,ifft,complex64,1024,1,contiguous,,,ok,ok,1.862645149230957e-08,1.609708318277195e-07,0.024414062,2.3841858e-05,ok,
direct_ifft_complex64_n2048_b1_contiguous,direct,ifft,complex64,2048,1,contiguous,,,ok,ok,1.6789657664162405e-08,1.9462085306326762e-07,0.048828125,2.3841858e-05,ok,
direct_ifft_complex64_n3072_b1_contiguous,direct,ifft,complex64,3072,1,contiguous,,,ok,ok,1.5160832589344864e-08,2.1620330158724111e-07,0.07324219,2.3841858e-05,ok,
direct_ifft_complex64_n3584_b1_contiguous,direct,ifft,complex64,3584,1,contiguous,,,ok,ok,1.1548610956424454e-08,1.8117289470741666e-07,0.08544922,2.3841858e-05,ok,
direct_ifft_complex64_n4095_b1_contiguous,direct,ifft,complex64,4095,1,contiguous,,,ok,ok,0.0,0.0,0.09763241,2.3841858e-05,ok,
direct_ifft_complex64_n4096_b1_contiguous,direct,ifft,complex64,4096,1,contiguous,,,ok,ok,9.497663988611293e-09,1.353050358604816e-07,0.09765625,2.3841858e-05,ok,
direct_ifft_complex64_n4097_b1_contiguous,direct,ifft,complex64,4097,1,contiguous,,,ok,ok,2.3871670862263272e-08,3.697277813142821e-07,0.09768009,2.3841858e-05,ok,
direct_ifft_complex64_n4608_b1_contiguous,direct,ifft,complex64,4608,1,contiguous,,,ok,ok,1.1330027582800994e-08,1.6558351924065666e-07,0.10986328,2.3841858e-05,ok,
direct_ifft_complex64_n8192_b1_contiguous,direct,ifft,complex64,8192,1,contiguous,,,ok,ok,8.73968275527659e-09,1.7064767785041833e-07,0.1953125,2.3841858e-05,ok,
direct_ifft_complex64_n16384_b1_contiguous,direct,ifft,complex64,16384,1,contiguous,,,ok,ok,7.580416294672432e-09,2.0344574131006006e-07,0.390625,2.3841858e-05,ok,
direct_ifft_complex64_n32768_b1_contiguous,direct,ifft,complex64,32768,1,contiguous,,,ok,ok,4.3930397097824425e-09,1.6972855649281695e-07,0.78125,2.3841858e-05,ok,
direct_ifft_complex64_n65536_b1_contiguous,direct,ifft,complex64,65536,1,contiguous,,,ok,ok,4.374490547576215e-09,2.3582820947409295e-07,1.5625,2.3841858e-05,ok,
direct_ifft_complex128_n64_b1_contiguous,direct,ifft,complex128,64,1,contiguous,,,ok,ok,0.0,0.0,2.8421709430404007e-12,4.440892098500626e-14,ok,
direct_ifft_complex128_n256_b1_contiguous,direct,ifft,complex128,256,1,contiguous,,,ok,ok,0.0,0.0,1.1368683772161603e-11,4.440892098500626e-14,ok,
direct_ifft_complex128_n1024_b1_contiguous,direct,ifft,complex128,1024,1,contiguous,,,ok,ok,0.0,0.0,4.547473508864641e-11,4.440892098500626e-14,ok,
direct_ifft_complex128_n2048_b1_contiguous,direct,ifft,complex128,2048,1,contiguous,,,ok,ok,0.0,0.0,9.094947017729282e-11,4.440892098500626e-14,ok,
direct_ifft_complex128_n3072_b1_contiguous,direct,ifft,complex128,3072,1,contiguous,,,ok,ok,0.0,0.0,1.3642420526593924e-10,4.440892098500626e-14,ok,
direct_ifft_complex128_n3584_b1_contiguous,direct,ifft,complex128,3584,1,contiguous,,,ok,ok,0.0,0.0,1.5916157281026244e-10,4.440892098500626e-14,ok,
direct_ifft_complex128_n4095_b1_contiguous,direct,ifft,complex128,4095,1,contiguous,,,ok,ok,0.0,0.0,1.8185453143360064e-10,4.440892098500626e-14,ok,
direct_ifft_complex128_n4096_b1_contiguous,direct,ifft,complex128,4096,1,contiguous,,,ok,ok,0.0,0.0,1.8189894035458565e-10,4.440892098500626e-14,ok,
direct_ifft_complex128_n4097_b1_contiguous,direct,ifft,complex128,4097,1,contiguous,,,ok,ok,4.0645870398106566e-17,6.330899746262084e-16,1.8194334927557065e-10,4.440892098500626e-14,ok,
direct_ifft_complex128_n4608_b1_contiguous,direct,ifft,complex128,4608,1,contiguous,,,ok,ok,0.0,0.0,2.0463630789890885e-10,4.440892098500626e-14,ok,
direct_ifft_complex128_n8192_b1_contiguous,direct,ifft,complex128,8192,1,contiguous,,,ok,ok,0.0,0.0,3.637978807091713e-10,4.440892098500626e-14,ok,
direct_ifft_complex128_n16384_b1_contiguous,direct,ifft,complex128,16384,1,contiguous,,,ok,ok,1.5515838457795457e-17,3.943600844081925e-16,7.275957614183426e-10,4.440892098500626e-14,ok,
direct_ifft_complex128_n32768_b1_contiguous,direct,ifft,complex128,32768,1,contiguous,,,ok,ok,1.0444418402013022e-17,4.026571348299833e-16,1.4551915228366852e-09,4.440892098500626e-14,ok,
direct_ifft_complex128_n65536_b1_contiguous,direct,ifft,complex128,65536,1,contiguous,,,ok,ok,8.673617379884035e-18,4.779440212476947e-16,2.9103830456733704e-09,4.440892098500626e-14,ok,
direct_rfft_float32_n64_b1_contiguous,direct,rfft,float32,64,1,contiguous,,,ok,ok,1.3486991292666062e-06,8.756254920670717e-08,0.0015258789,2.3841858e-05,ok,
direct_rfft_float32_n256_b1_contiguous,direct,rfft,float32,256,1,contiguous,,,ok,ok,4.163801349932328e-06,1.093397606376516e-07,0.0061035156,2.3841858e-05,ok,
direct_rfft_float32_n1024_b1_contiguous,direct,rfft,float32,1024,1,contiguous,,,ok,ok,9.725607924337965e-06,1.2420620693077486e-07,0.024414062,2.3841858e-05,ok,
direct_rfft_float32_n2048_b1_contiguous,direct,rfft,float32,2048,1,contiguous,,,ok,ok,1.5986493963282555e-05,1.3016224372215896e-07,0.048828125,2.3841858e-05,ok,
direct_rfft_float32_n3072_b1_contiguous,direct,rfft,float32,3072,1,contiguous,,,ok,ok,2.412626417935826e-05,1.4998687604473362e-07,0.07324219,2.3841858e-05,ok,
direct_rfft_float32_n3584_b1_contiguous,direct,rfft,float32,3584,1,contiguous,,,ok,ok,3.057712456211448e-05,1.7577716854831378e-07,0.08544922,2.3841858e-05,ok,
direct_rfft_float32_n4095_b1_contiguous,direct,rfft,float32,4095,1,contiguous,,,ok,ok,2.6497733415453695e-05,1.486680196421443e-07,0.09763241,2.3841858e-05,ok,
direct_rfft_float32_n4096_b1_contiguous,direct,rfft,float32,4096,1,contiguous,,,ok,ok,3.075507265748456e-05,1.7891531887637033e-07,0.09765625,2.3841858e-05,ok,
direct_rfft_float32_n4097_b1_contiguous,direct,rfft,float32,4097,1,contiguous,,,ok,ok,3.913552427547984e-05,2.1051456840808197e-07,0.09768009,2.3841858e-05,ok,
direct_rfft_float32_n4608_b1_contiguous,direct,rfft,float32,4608,1,contiguous,,,ok,ok,3.0517578125e-05,1.4906437509009077e-07,0.10986328,2.3841858e-05,ok,
direct_rfft_float32_n8192_b1_contiguous,direct,rfft,float32,8192,1,contiguous,,,ok,ok,3.549155007931404e-05,1.3885852052415105e-07,0.1953125,2.3841858e-05,ok,
direct_rfft_float32_n16384_b1_contiguous,direct,rfft,float32,16384,1,contiguous,,,ok,ok,5.9220030379947275e-05,1.4559691587805594e-07,0.390625,2.3841858e-05,ok,
direct_rfft_float32_n32768_b1_contiguous,direct,rfft,float32,32768,1,contiguous,,,ok,ok,9.437039261683822e-05,1.7322611553246935e-07,0.78125,2.3841858e-05,ok,
direct_rfft_float32_n65536_b1_contiguous,direct,rfft,float32,65536,1,contiguous,,,ok,ok,0.00013647876039613038,1.584747433124027e-07,1.5625,2.3841858e-05,ok,
direct_rfft_float64_n64_b1_contiguous,direct,rfft,float64,64,1,contiguous,,,ok,ok,0.0,0.0,2.8421709430404007e-12,4.440892098500626e-14,ok,
direct_rfft_float64_n256_b1_contiguous,direct,rfft,float64,256,1,contiguous,,,ok,ok,0.0,0.0,1.1368683772161603e-11,4.440892098500626e-14,ok,
direct_rfft_float64_n1024_b1_contiguous,direct,rfft,float64,1024,1,contiguous,,,ok,ok,0.0,0.0,4.547473508864641e-11,4.440892098500626e-14,ok,
direct_rfft_float64_n2048_b1_contiguous,direct,rfft,float64,2048,1,contiguous,,,ok,ok,0.0,0.0,9.094947017729282e-11,4.440892098500626e-14,ok,
direct_rfft_float64_n3072_b1_contiguous,direct,rfft,float64,3072,1,contiguous,,,ok,ok,0.0,0.0,1.3642420526593924e-10,4.440892098500626e-14,ok,
direct_rfft_float64_n3584_b1_contiguous,direct,rfft,float64,3584,1,contiguous,,,ok,ok,5.859285502108464e-14,3.5109111570310955e-16,1.5916157281026244e-10,4.440892098500626e-14,ok,
direct_rfft_float64_n4095_b1_contiguous,direct,rfft,float64,4095,1,contiguous,,,ok,ok,0.0,0.0,1.8185453143360064e-10,4.440892098500626e-14,ok,
direct_rfft_float64_n4096_b1_contiguous,direct,rfft,float64,4096,1,contiguous,,,ok,ok,0.0,0.0,1.8189894035458565e-10,4.440892098500626e-14,ok,
direct_rfft_float64_n4097_b1_contiguous,direct,rfft,float64,4097,1,contiguous,,,ok,ok,8.987733679556355e-14,4.580324740393179e-16,1.8194334927557065e-10,4.440892098500626e-14,ok,
direct_rfft_float64_n4608_b1_contiguous,direct,rfft,float64,4608,1,contiguous,,,ok,ok,0.0,0.0,2.0463630789890885e-10,4.440892098500626e-14,ok,
direct_rfft_float64_n8192_b1_contiguous,direct,rfft,float64,8192,1,contiguous,,,ok,ok,0.0,0.0,3.637978807091713e-10,4.440892098500626e-14,ok,
direct_rfft_float64_n16384_b1_contiguous,direct,rfft,float64,16384,1,contiguous,,,ok,ok,1.7346558842822478e-13,4.2592882530417807e-16,7.275957614183426e-10,4.440892098500626e-14,ok,
direct_rfft_float64_n32768_b1_contiguous,direct,rfft,float64,32768,1,contiguous,,,ok,ok,2.2914314707516465e-13,3.7653780283255334e-16,1.4551915228366852e-09,4.440892098500626e-14,ok,
direct_rfft_float64_n65536_b1_contiguous,direct,rfft,float64,65536,1,contiguous,,,ok,ok,3.8237499345182504e-13,4.566323726031722e-16,2.9103830456733704e-09,4.440892098500626e-14,ok,
direct_irfft_complex64_n64_b1_contiguous,direct,irfft,complex64,64,1,contiguous,,,ok,ok,0.0,0.0,0.0015258789,2.3841858e-05,ok,
direct_irfft_complex64_n256_b1_contiguous,direct,irfft,complex64,256,1,contiguous,,,ok,ok,0.0,0.0,0.0061035156,2.3841858e-05,ok,
direct_irfft_complex64_n1024_b1_contiguous,direct,irfft,complex64,1024,1,contiguous,,,ok,ok,0.0,0.0,0.024414062,2.3841858e-05,ok,
direct_irfft_complex64_n2048_b1_contiguous,direct,irfft,complex64,2048,1,contiguous,,,ok,ok,0.0,0.0,0.048828125,2.3841858e-05,ok,
direct_irfft_complex64_n3072_b1_contiguous,direct,irfft,complex64,3072,1,contiguous,,,ok,ok,0.0,0.0,0.07324219,2.3841858e-05,ok,
direct_irfft_complex64_n3584_b1_contiguous,direct,irfft,complex64,3584,1,contiguous,,,ok,ok,1.4901161193847656e-08,1.6200842492412132e-07,0.08544922,2.3841858e-05,ok,
direct_irfft_complex64_n4095_b1_contiguous,direct,irfft,complex64,4095,1,contiguous,,,ok,ok,1.862645149230957e-08,2.5458028112791284e-07,0.09763241,2.3841858e-05,ok,
direct_irfft_complex64_n4096_b1_contiguous,direct,irfft,complex64,4096,1,contiguous,,,ok,ok,0.0,0.0,0.09765625,2.3841858e-05,ok,
direct_irfft_complex64_n4097_b1_contiguous,direct,irfft,complex64,4097,1,contiguous,,,ok,ok,0.0,0.0,0.09768009,2.3841858e-05,ok,
direct_irfft_complex64_n4608_b1_contiguous,direct,irfft,complex64,4608,1,contiguous,,,ok,ok,0.0,0.0,0.10986328,2.3841858e-05,ok,
direct_irfft_complex64_n8192_b1_contiguous,direct,irfft,complex64,8192,1,contiguous,,,ok,ok,0.0,0.0,0.1953125,2.3841858e-05,ok,
direct_irfft_complex64_n16384_b1_contiguous,direct,irfft,complex64,16384,1,contiguous,,,ok,ok,9.313225746154785e-09,1.9911395881240153e-07,0.390625,2.3841858e-05,ok,
direct_irfft_complex64_n32768_b1_contiguous,direct,irfft,complex64,32768,1,contiguous,,,ok,ok,7.450580596923828e-09,2.15218440260311e-07,0.78125,2.3841858e-05,ok,
direct_irfft_complex64_n65536_b1_contiguous,direct,irfft,complex64,65536,1,contiguous,,,ok,ok,5.587935447692871e-09,2.3535536541980102e-07,1.5625,2.3841858e-05,ok,
direct_irfft_complex128_n64_b1_contiguous,direct,irfft,complex128,64,1,contiguous,,,ok,ok,0.0,0.0,2.8421709430404007e-12,4.440892098500626e-14,ok,
direct_irfft_complex128_n256_b1_contiguous,direct,irfft,complex128,256,1,contiguous,,,ok,ok,0.0,0.0,1.1368683772161603e-11,4.440892098500626e-14,ok,
direct_irfft_complex128_n1024_b1_contiguous,direct,irfft,complex128,1024,1,contiguous,,,ok,ok,0.0,0.0,4.547473508864641e-11,4.440892098500626e-14,ok,
direct_irfft_complex128_n2048_b1_contiguous,direct,irfft,complex128,2048,1,contiguous,,,ok,ok,0.0,0.0,9.094947017729282e-11,4.440892098500626e-14,ok,
direct_irfft_complex128_n3072_b1_contiguous,direct,irfft,complex128,3072,1,contiguous,,,ok,ok,0.0,0.0,1.3642420526593924e-10,4.440892098500626e-14,ok,
direct_irfft_complex128_n3584_b1_contiguous,direct,irfft,complex128,3584,1,contiguous,,,ok,ok,4.163336342344337e-17,4.622139786361814e-16,1.5916157281026244e-10,4.440892098500626e-14,ok,
direct_irfft_complex128_n4095_b1_contiguous,direct,irfft,complex128,4095,1,contiguous,,,ok,ok,4.163336342344337e-17,5.473561779055867e-16,1.8185453143360064e-10,4.440892098500626e-14,ok,
direct_irfft_complex128_n4096_b1_contiguous,direct,irfft,complex128,4096,1,contiguous,,,ok,ok,0.0,0.0,1.8189894035458565e-10,4.440892098500626e-14,ok,
direct_irfft_complex128_n4097_b1_contiguous,direct,irfft,complex128,4097,1,contiguous,,,ok,ok,0.0,0.0,1.8194334927557065e-10,4.440892098500626e-14,ok,
direct_irfft_complex128_n4608_b1_contiguous,direct,irfft,complex128,4608,1,contiguous,,,ok,ok,0.0,0.0,2.0463630789890885e-10,4.440892098500626e-14,ok,
direct_irfft_complex128_n8192_b1_contiguous,direct,irfft,complex128,8192,1,contiguous,,,ok,ok,0.0,0.0,3.637978807091713e-10,4.440892098500626e-14,ok,
direct_irfft_complex128_n16384_b1_contiguous,direct,irfft,complex128,16384,1,contiguous,,,ok,ok,2.0816681711721685e-17,4.255758507297893e-16,7.275957614183426e-10,4.440892098500626e-14,ok,
direct_irfft_complex128_n32768_b1_contiguous,direct,irfft,complex128,32768,1,contiguous,,,ok,ok,1.3010426069826053e-17,4.2494739377998515e-16,1.4551915228366852e-09,4.440892098500626e-14,ok,
direct_irfft_complex128_n65536_b1_contiguous,direct,irfft,complex128,65536,1,contiguous,,,ok,ok,1.0408340855860843e-17,4.2811499083520575e-16,2.9103830456733704e-09,4.440892098500626e-14,ok,
direct_fft_float32_n64_b1_contiguous,direct,fft,float32,64,1,contiguous,,,ok,ok,0.0,0.0,0.0015258789,2.3841858e-05,ok,
direct_fft_float32_n256_b1_contiguous,direct,fft,float32,256,1,contiguous,,,ok,ok,0.0,0.0,0.0061035156,2.3841858e-05,ok,
direct_fft_float32_n1024_b1_contiguous,direct,fft,float32,1024,1,contiguous,,,ok,ok,0.0,0.0,0.024414062,2.3841858e-05,ok,
direct_fft_float32_n2048_b1_contiguous,direct,fft,float32,2048,1,contiguous,,,ok,ok,0.0,0.0,0.048828125,2.3841858e-05,ok,
direct_fft_float32_n3072_b1_contiguous,direct,fft,float32,3072,1,contiguous,,,ok,ok,0.0,0.0,0.07324219,2.3841858e-05,ok,
direct_fft_float32_n3584_b1_contiguous,direct,fft,float32,3584,1,contiguous,,,ok,ok,0.0,0.0,0.08544922,2.3841858e-05,ok,
direct_fft_float32_n4095_b1_contiguous,direct,fft,float32,4095,1,contiguous,,,ok,ok,0.0,0.0,0.09763241,2.3841858e-05,ok,
direct_fft_float32_n4096_b1_contiguous,direct,fft,float32,4096,1,contiguous,,,ok,ok,0.0,0.0,0.09765625,2.3841858e-05,ok,
direct_fft_float32_n4097_b1_contiguous,direct,fft,float32,4097,1,contiguous,,,ok,ok,2.842170943040401e-14,1.612689975643099e-16,0.09768009,2.3841858e-05,ok,
direct_fft_float32_n4608_b1_contiguous,direct,fft,float32,4608,1,contiguous,,,ok,ok,0.0,0.0,0.10986328,2.3841858e-05,ok,
direct_fft_float32_n8192_b1_contiguous,direct,fft,float32,8192,1,contiguous,,,ok,ok,0.0,0.0,0.1953125,2.3841858e-05,ok,
direct_fft_float32_n16384_b1_contiguous,direct,fft,float32,16384,1,contiguous,,,ok,ok,0.0,0.0,0.390625,2.3841858e-05,ok,
direct_fft_float32_n32768_b1_contiguous,direct,fft,float32,32768,1,contiguous,,,ok,ok,0.0,0.0,0.78125,2.3841858e-05,ok,
direct_fft_float32_n65536_b1_contiguous,direct,fft,float32,65536,1,contiguous,,,ok,ok,0.0,0.0,1.5625,2.3841858e-05,ok,
direct_fft_float64_n64_b1_contiguous,direct,fft,float64,64,1,contiguous,,,ok,ok,0.0,0.0,2.8421709430404007e-12,4.440892098500626e-14,ok,
direct_fft_float64_n256_b1_contiguous,direct,fft,float64,256,1,contiguous,,,ok,ok,0.0,0.0,1.1368683772161603e-11,4.440892098500626e-14,ok,
direct_fft_float64_n1024_b1_contiguous,direct,fft,float64,1024,1,contiguous,,,ok,ok,0.0,0.0,4.547473508864641e-11,4.440892098500626e-14,ok,
direct_fft_float64_n2048_b1_contiguous,direct,fft,float64,2048,1,contiguous,,,ok,ok,0.0,0.0,9.094947017729282e-11,4.440892098500626e-14,ok,
direct_fft_float64_n3072_b1_contiguous,direct,fft,float64,3072,1,contiguous,,,ok,ok,0.0,0.0,1.3642420526593924e-10,4.440892098500626e-14,ok,
direct_fft_float64_n3584_b1_contiguous,direct,fft,float64,3584,1,contiguous,,,ok,ok,0.0,0.0,1.5916157281026244e-10,4.440892098500626e-14,ok,
direct_fft_float64_n4095_b1_contiguous,direct,fft,float64,4095,1,contiguous,,,ok,ok,0.0,0.0,1.8185453143360064e-10,4.440892098500626e-14,ok,
direct_fft_float64_n4096_b1_contiguous,direct,fft,float64,4096,1,contiguous,,,ok,ok,0.0,0.0,1.8189894035458565e-10,4.440892098500626e-14,ok,
direct_fft_float64_n4097_b1_contiguous,direct,fft,float64,4097,1,contiguous,,,ok,ok,1.399606873320082e-13,7.655200265484684e-16,1.8194334927557065e-10,4.440892098500626e-14,ok,
direct_fft_float64_n4608_b1_contiguous,direct,fft,float64,4608,1,contiguous,,,ok,ok,0.0,0.0,2.0463630789890885e-10,4.440892098500626e-14,ok,
direct_fft_float64_n8192_b1_contiguous,direct,fft,float64,8192,1,contiguous,,,ok,ok,0.0,0.0,3.637978807091713e-10,4.440892098500626e-14,ok,
direct_fft_float64_n16384_b1_contiguous,direct,fft,float64,16384,1,contiguous,,,ok,ok,1.7112135109858136e-13,4.386499003840688e-16,7.275957614183426e-10,4.440892098500626e-14,ok,
direct_fft_float64_n32768_b1_contiguous,direct,fft,float64,32768,1,contiguous,,,ok,ok,2.2737367544323206e-13,3.891089382878341e-16,1.4551915228366852e-09,4.440892098500626e-14,ok,
direct_fft_float64_n65536_b1_contiguous,direct,fft,float64,65536,1,contiguous,,,ok,ok,3.595093471822542e-13,4.3596999992082845e-16,2.9103830456733704e-09,4.440892098500626e-14,ok,
direct_fft_longdouble_n64_b1_contiguous,direct,fft,longdouble,64,1,contiguous,,,ok,ok,0.0,0.0,1.3877787807814456755e-15,2.168404344971008868e-17,ok,
direct_fft_longdouble_n256_b1_contiguous,direct,fft,longdouble,256,1,contiguous,,,ok,ok,0.0,0.0,5.551115123125782702e-15,2.168404344971008868e-17,ok,
direct_fft_longdouble_n1024_b1_contiguous,direct,fft,longdouble,1024,1,contiguous,,,ok,ok,0.0,0.0,2.2204460492503130808e-14,2.168404344971008868e-17,ok,
direct_fft_longdouble_n2048_b1_contiguous,direct,fft,longdouble,2048,1,contiguous,,,ok,ok,0.0,0.0,4.4408920985006261617e-14,2.168404344971008868e-17,ok,
direct_fft_longdouble_n3072_b1_contiguous,direct,fft,longdouble,3072,1,contiguous,,,ok,ok,0.0,0.0,6.6613381477509392425e-14,2.168404344971008868e-17,ok,
direct_fft_longdouble_n3584_b1_contiguous,direct,fft,longdouble,3584,1,contiguous,,,ok,ok,0.0,0.0,7.771561172376095783e-14,2.168404344971008868e-17,ok,
direct_fft_longdouble_n4095_b1_contiguous,direct,fft,longdouble,4095,1,contiguous,,,ok,ok,0.0,0.0,8.8796157926562813145e-14,2.168404344971008868e-17,ok,
direct_fft_longdouble_n4096_b1_contiguous,direct,fft,longdouble,4096,1,contiguous,,,ok,ok,0.0,0.0,8.8817841970012523234e-14,2.168404344971008868e-17,ok,
direct_fft_longdouble_n4097_b1_contiguous,direct,fft,longdouble,4097,1,contiguous,,,ok,ok,6.765421556309548e-17,3.6950218835600015e-19,8.883952601346223332e-14,2.168404344971008868e-17,ok,
direct_fft_longdouble_n4608_b1_contiguous,direct,fft,longdouble,4608,1,contiguous,,,ok,ok,0.0,0.0,9.992007221626408864e-14,2.168404344971008868e-17,ok,
direct_fft_longdouble_n8192_b1_contiguous,direct,fft,longdouble,8192,1,contiguous,,,ok,ok,0.0,0.0,1.7763568394002504647e-13,2.168404344971008868e-17,ok,
direct_fft_longdouble_n16384_b1_contiguous,direct,fft,longdouble,16384,1,contiguous,,,ok,ok,7.386337672070284e-17,2.0210902904416675e-19,3.5527136788005009294e-13,2.168404344971008868e-17,ok,
direct_fft_longdouble_n32768_b1_contiguous,direct,fft,longdouble,32768,1,contiguous,,,ok,ok,1.1295700899707568e-16,1.9191516485499272e-19,7.1054273576010018587e-13,2.168404344971008868e-17,ok,
direct_fft_longdouble_n65536_b1_contiguous,direct,fft,longdouble,65536,1,contiguous,,,ok,ok,1.716587549445839e-16,2.1161843915932784e-19,1.4210854715202003717e-12,2.168404344971008868e-17,ok,
direct_ifft_float32_n64_b1_contiguous,direct,ifft,float32,64,1,contiguous,,,ok,ok,0.0,0.0,0.0015258789,2.3841858e-05,ok,
direct_ifft_float32_n256_b1_contiguous,direct,ifft,float32,256,1,contiguous,,,ok,ok,0.0,0.0,0.0061035156,2.3841858e-05,ok,
direct_ifft_float32_n1024_b1_contiguous,direct,ifft,float32,1024,1,contiguous,,,ok,ok,0.0,0.0,0.024414062,2.3841858e-05,ok,
direct_ifft_float32_n2048_b1_contiguous,direct,ifft,float32,2048,1,contiguous,,,ok,ok,0.0,0.0,0.048828125,2.3841858e-05,ok,
direct_ifft_float32_n3072_b1_contiguous,direct,ifft,float32,3072,1,contiguous,,,ok,ok,0.0,0.0,0.07324219,2.3841858e-05,ok,
direct_ifft_float32_n3584_b1_contiguous,direct,ifft,float32,3584,1,contiguous,,,ok,ok,0.0,0.0,0.08544922,2.3841858e-05,ok,
direct_ifft_float32_n4095_b1_contiguous,direct,ifft,float32,4095,1,contiguous,,,ok,ok,0.0,0.0,0.09763241,2.3841858e-05,ok,
direct_ifft_float32_n4096_b1_contiguous,direct,ifft,float32,4096,1,contiguous,,,ok,ok,0.0,0.0,0.09765625,2.3841858e-05,ok,
direct_ifft_float32_n4097_b1_contiguous,direct,ifft,float32,4097,1,contiguous,,,ok,ok,1.430797632026246e-17,3.427593362014222e-16,0.09768009,2.3841858e-05,ok,
direct_ifft_float32_n4608_b1_contiguous,direct,ifft,float32,4608,1,contiguous,,,ok,ok,0.0,0.0,0.10986328,2.3841858e-05,ok,
direct_ifft_float32_n8192_b1_contiguous,direct,ifft,float32,8192,1,contiguous,,,ok,ok,0.0,0.0,0.1953125,2.3841858e-05,ok,
direct_ifft_float32_n16384_b1_contiguous,direct,ifft,float32,16384,1,contiguous,,,ok,ok,0.0,0.0,0.390625,2.3841858e-05,ok,
direct_ifft_float32_n32768_b1_contiguous,direct,ifft,float32,32768,1,contiguous,,,ok,ok,0.0,0.0,0.78125,2.3841858e-05,ok,
direct_ifft_float32_n65536_b1_contiguous,direct,ifft,float32,65536,1,contiguous,,,ok,ok,0.0,0.0,1.5625,2.3841858e-05,ok,
direct_ifft_float64_n64_b1_contiguous,direct,ifft,float64,64,1,contiguous,,,ok,ok,0.0,0.0,2.8421709430404007e-12,4.440892098500626e-14,ok,
direct_ifft_float64_n256_b1_contiguous,direct,ifft,float64,256,1,contiguous,,,ok,ok,0.0,0.0,1.1368683772161603e-11,4.440892098500626e-14,ok,
direct_ifft_float64_n1024_b1_contiguous,direct,ifft,float64,1024,1,contiguous,,,ok,ok,0.0,0.0,4.547473508864641e-11,4.440892098500626e-14,ok,
direct_ifft_float64_n2048_b1_contiguous,direct,ifft,float64,2048,1,contiguous,,,ok,ok,0.0,0.0,9.094947017729282e-11,4.440892098500626e-14,ok,
direct_ifft_float64_n3072_b1_contiguous,direct,ifft,float64,3072,1,contiguous,,,ok,ok,0.0,0.0,1.3642420526593924e-10,4.440892098500626e-14,ok,
direct_ifft_float64_n3584_b1_contiguous,direct,ifft,float64,3584,1,contiguous,,,ok,ok,0.0,0.0,1.5916157281026244e-10,4.440892098500626e-14,ok,
direct_ifft_float64_n4095_b1_contiguous,direct,ifft,float64,4095,1,contiguous,,,ok,ok,0.0,0.0,1.8185453143360064e-10,4.440892098500626e-14,ok,
direct_ifft_float64_n4096_b1_contiguous,direct,ifft,float64,4096,1,contiguous,,,ok,ok,0.0,0.0,1.8189894035458565e-10,4.440892098500626e-14,ok,
direct_ifft_float64_n4097_b1_contiguous,direct,ifft,float64,4097,1,contiguous,,,ok,ok,3.198672041575565e-17,7.373222658240121e-16,1.8194334927557065e-10,4.440892098500626e-14,ok,
direct_ifft_float64_n4608_b1_contiguous,direct,ifft,float64,4608,1,contiguous,,,ok,ok,0.0,0.0,2.0463630789890885e-10,4.440892098500626e-14,ok,
direct_ifft_float64_n8192_b1_contiguous,direct,ifft,float64,8192,1,contiguous,,,ok,ok,0.0,0.0,3.637978807091713e-10,4.440892098500626e-14,ok,
direct_ifft_float64_n16384_b1_contiguous,direct,ifft,float64,16384,1,contiguous,,,ok,ok,1.1275702593849246e-17,5.0002071600401735e-16,7.275957614183426e-10,4.440892098500626e-14,ok,
direct_ifft_float64_n32768_b1_contiguous,direct,ifft,float64,32768,1,contiguous,,,ok,ok,6.992893892674703e-18,4.227896169540031e-16,1.4551915228366852e-09,4.440892098500626e-14,ok,
direct_ifft_float64_n65536_b1_contiguous,direct,ifft,float64,65536,1,contiguous,,,ok,ok,6.992893892674703e-18,5.92547170848004e-16,2.9103830456733704e-09,4.440892098500626e-14,ok,
direct_ifft_longdouble_n64_b1_contiguous,direct,ifft,longdouble,64,1,contiguous,,,ok,ok,0.0,0.0,1.3877787807814456755e-15,2.168404344971008868e-17,ok,
direct_ifft_longdouble_n256_b1_contiguous,direct,ifft,longdouble,256,1,contiguous,,,ok,ok,0.0,0.0,5.551115123125782702e-15,2.168404344971008868e-17,ok,
direct_ifft_longdouble_n1024_b1_contiguous,direct,ifft,longdouble,1024,1,contiguous,,,ok,ok,0.0,0.0,2.2204460492503130808e-14,2.168404344971008868e-17,ok,
direct_ifft_longdouble_n2048_b1_contiguous,direct,ifft,longdouble,2048,1,contiguous,,,ok,ok,0.0,0.0,4.4408920985006261617e-14,2.168404344971008868e-17,ok,
direct_ifft_longdouble_n3072_b1_contiguous,direct,ifft,longdouble,3072,1,contiguous,,,ok,ok,0.0,0.0,6.6613381477509392425e-14,2.168404344971008868e-17,ok,
direct_ifft_longdouble_n3584_b1_contiguous,direct,ifft,longdouble,3584,1,contiguous,,,ok,ok,0.0,0.0,7.771561172376095783e-14,2.168404344971008868e-17,ok,
direct_ifft_longdouble_n4095_b1_contiguous,direct,ifft,longdouble,4095,1,contiguous,,,ok,ok,0.0,0.0,8.8796157926562813145e-14,2.168404344971008868e-17,ok,
direct_ifft_longdouble_n4096_b1_contiguous,direct,ifft,longdouble,4096,1,contiguous,,,ok,ok,0.0,0.0,8.8817841970012523234e-14,2.168404344971008868e-17,ok,
direct_ifft_longdouble_n4097_b1_contiguous,direct,ifft,longdouble,4097,1,contiguous,,,ok,ok,1.591430423387118e-20,3.222712703941456e-19,8.883952601346223332e-14,2.168404344971008868e-17,ok,
direct_ifft_longdouble_n4608_b1_contiguous,direct,ifft,longdouble,4608,1,contiguous,,,ok,ok,0.0,0.0,9.992007221626408864e-14,2.168404344971008868e-17,ok,
direct_ifft_longdouble_n8192_b1_contiguous,direct,ifft,longdouble,8192,1,contiguous,,,ok,ok,0.0,0.0,1.7763568394002504647e-13,2.168404344971008868e-17,ok,
direct_ifft_longdouble_n16384_b1_contiguous,direct,ifft,longdouble,16384,1,contiguous,,,ok,ok,4.502041868751795e-21,1.957169930840577e-19,3.5527136788005009294e-13,2.168404344971008868e-17,ok,
direct_ifft_longdouble_n32768_b1_contiguous,direct,ifft,longdouble,32768,1,contiguous,,,ok,ok,3.3765314015638464e-21,1.9466777981413747e-19,7.1054273576010018587e-13,2.168404344971008868e-17,ok,
direct_ifft_longdouble_n65536_b1_contiguous,direct,ifft,longdouble,65536,1,contiguous,,,ok,ok,2.8410348738639142e-21,2.1343202072868243e-19,1.4210854715202003717e-12,2.168404344971008868e-17,ok,
direct_fft_clongdouble_n64_b1_contiguous,direct,fft,clongdouble,64,1,contiguous,,,ok,ok,0.0,0.0,1.3877787807814456755e-15,2.168404344971008868e-17,ok,
direct_fft_clongdouble_n256_b1_contiguous,direct,fft,clongdouble,256,1,contiguous,,,ok,ok,0.0,0.0,5.551115123125782702e-15,2.168404344971008868e-17,ok,
direct_fft_clongdouble_n1024_b1_contiguous,direct,fft,clongdouble,1024,1,contiguous,,,ok,ok,0.0,0.0,2.2204460492503130808e-14,2.168404344971008868e-17,ok,
direct_fft_clongdouble_n2048_b1_contiguous,direct,fft,clongdouble,2048,1,contiguous,,,ok,ok,0.0,0.0,4.4408920985006261617e-14,2.168404344971008868e-17,ok,
direct_fft_clongdouble_n3072_b1_contiguous,direct,fft,clongdouble,3072,1,contiguous,,,ok,ok,0.0,0.0,6.6613381477509392425e-14,2.168404344971008868e-17,ok,
direct_fft_clongdouble_n3584_b1_contiguous,direct,fft,clongdouble,3584,1,contiguous,,,ok,ok,0.0,0.0,7.771561172376095783e-14,2.168404344971008868e-17,ok,
direct_fft_clongdouble_n4095_b1_contiguous,direct,fft,clongdouble,4095,1,contiguous,,,ok,ok,0.0,0.0,8.8796157926562813145e-14,2.168404344971008868e-17,ok,
direct_fft_clongdouble_n4096_b1_contiguous,direct,fft,clongdouble,4096,1,contiguous,,,ok,ok,0.0,0.0,8.8817841970012523234e-14,2.168404344971008868e-17,ok,
direct_fft_clongdouble_n4097_b1_contiguous,direct,fft,clongdouble,4097,1,contiguous,,,ok,ok,9.813077866773594e-17,3.202438558884064e-19,8.883952601346223332e-14,2.168404344971008868e-17,ok,
direct_fft_clongdouble_n4608_b1_contiguous,direct,fft,clongdouble,4608,1,contiguous,,,ok,ok,0.0,0.0,9.992007221626408864e-14,2.168404344971008868e-17,ok,
direct_fft_clongdouble_n8192_b1_contiguous,direct,fft,clongdouble,8192,1,contiguous,,,ok,ok,0.0,0.0,1.7763568394002504647e-13,2.168404344971008868e-17,ok,
direct_fft_clongdouble_n16384_b1_contiguous,direct,fft,clongdouble,16384,1,contiguous,,,ok,ok,1.1816510524180758e-16,2.172259030989002e-19,3.5527136788005009294e-13,2.168404344971008868e-17,ok,
direct_fft_clongdouble_n32768_b1_contiguous,direct,fft,clongdouble,32768,1,contiguous,,,ok,ok,1.5011122659325205e-16,1.66668602926782e-19,7.1054273576010018587e-13,2.168404344971008868e-17,ok,
direct_fft_clongdouble_n65536_b1_contiguous,direct,fft,clongdouble,65536,1,contiguous,,,ok,ok,2.5324586304240974e-16,1.9904196444195833e-19,1.4210854715202003717e-12,2.168404344971008868e-17,ok,
direct_ifft_clongdouble_n64_b1_contiguous,direct,ifft,clongdouble,64,1,contiguous,,,ok,ok,0.0,0.0,1.3877787807814456755e-15,2.168404344971008868e-17,ok,
direct_ifft_clongdouble_n256_b1_contiguous,direct,ifft,clongdouble,256,1,contiguous,,,ok,ok,0.0,0.0,5.551115123125782702e-15,2.168404344971008868e-17,ok,
direct_ifft_clongdouble_n1024_b1_contiguous,direct,ifft,clongdouble,1024,1,contiguous,,,ok,ok,0.0,0.0,2.2204460492503130808e-14,2.168404344971008868e-17,ok,
direct_ifft_clongdouble_n2048_b1_contiguous,direct,ifft,clongdouble,2048,1,contiguous,,,ok,ok,0.0,0.0,4.4408920985006261617e-14,2.168404344971008868e-17,ok,
direct_ifft_clongdouble_n3072_b1_contiguous,direct,ifft,clongdouble,3072,1,contiguous,,,ok,ok,0.0,0.0,6.6613381477509392425e-14,2.168404344971008868e-17,ok,
direct_ifft_clongdouble_n3584_b1_contiguous,direct,ifft,clongdouble,3584,1,contiguous,,,ok,ok,0.0,0.0,7.771561172376095783e-14,2.168404344971008868e-17,ok,
direct_ifft_clongdouble_n4095_b1_contiguous,direct,ifft,clongdouble,4095,1,contiguous,,,ok,ok,0.0,0.0,8.8796157926562813145e-14,2.168404344971008868e-17,ok,
direct_ifft_clongdouble_n4096_b1_contiguous,direct,ifft,clongdouble,4096,1,contiguous,,,ok,ok,0.0,0.0,8.8817841970012523234e-14,2.168404344971008868e-17,ok,
direct_ifft_clongdouble_n4097_b1_contiguous,direct,ifft,clongdouble,4097,1,contiguous,,,ok,ok,2.202285662861181e-20,3.2547080001927506e-19,8.883952601346223332e-14,2.168404344971008868e-17,ok,
direct_ifft_clongdouble_n4608_b1_contiguous,direct,ifft,clongdouble,4608,1,contiguous,,,ok,ok,0.0,0.0,9.992007221626408864e-14,2.168404344971008868e-17,ok,
direct_ifft_clongdouble_n8192_b1_contiguous,direct,ifft,clongdouble,8192,1,contiguous,,,ok,ok,0.0,0.0,1.7763568394002504647e-13,2.168404344971008868e-17,ok,
direct_ifft_clongdouble_n16384_b1_contiguous,direct,ifft,clongdouble,16384,1,contiguous,,,ok,ok,7.099429777442342e-21,1.9636465856379662e-19,3.5527136788005009294e-13,2.168404344971008868e-17,ok,
direct_ifft_clongdouble_n32768_b1_contiguous,direct,ifft,clongdouble,32768,1,contiguous,,,ok,ok,5.7604468260033154e-21,2.173443078937878e-19,7.1054273576010018587e-13,2.168404344971008868e-17,ok,
direct_ifft_clongdouble_n65536_b1_contiguous,direct,ifft,clongdouble,65536,1,contiguous,,,ok,ok,4.319037526705685e-21,2.45509999415407e-19,1.4210854715202003717e-12,2.168404344971008868e-17,ok,
direct_rfft_longdouble_n64_b1_contiguous,direct,rfft,longdouble,64,1,contiguous,,,ok,ok,0.0,0.0,1.3877787807814456755e-15,2.168404344971008868e-17,ok,
direct_rfft_longdouble_n256_b1_contiguous,direct,rfft,longdouble,256,1,contiguous,,,ok,ok,0.0,0.0,5.551115123125782702e-15,2.168404344971008868e-17,ok,
direct_rfft_longdouble_n1024_b1_contiguous,direct,rfft,longdouble,1024,1,contiguous,,,ok,ok,0.0,0.0,2.2204460492503130808e-14,2.168404344971008868e-17,ok,
direct_rfft_longdouble_n2048_b1_contiguous,direct,rfft,longdouble,2048,1,contiguous,,,ok,ok,0.0,0.0,4.4408920985006261617e-14,2.168404344971008868e-17,ok,
direct_rfft_longdouble_n3072_b1_contiguous,direct,rfft,longdouble,3072,1,contiguous,,,ok,ok,0.0,0.0,6.6613381477509392425e-14,2.168404344971008868e-17,ok,
direct_rfft_longdouble_n3584_b1_contiguous,direct,rfft,longdouble,3584,1,contiguous,,,ok,ok,2.943923360032078e-17,1.870262048234897e-19,7.771561172376095783e-14,2.168404344971008868e-17,ok,
direct_rfft_longdouble_n4095_b1_contiguous,direct,rfft,longdouble,4095,1,contiguous,,,ok,ok,0.0,0.0,8.8796157926562813145e-14,2.168404344971008868e-17,ok,
direct_rfft_longdouble_n4096_b1_contiguous,direct,rfft,longdouble,4096,1,contiguous,,,ok,ok,0.0,0.0,8.8817841970012523234e-14,2.168404344971008868e-17,ok,
direct_rfft_longdouble_n4097_b1_contiguous,direct,rfft,longdouble,4097,1,contiguous,,,ok,ok,4.446445162750826e-17,2.5663579893674876e-19,8.883952601346223332e-14,2.168404344971008868e-17,ok,
direct_rfft_longdouble_n4608_b1_contiguous,direct,rfft,longdouble,4608,1,contiguous,,,ok,ok,0.0,0.0,9.992007221626408864e-14,2.168404344971008868e-17,ok,
direct_rfft_longdouble_n8192_b1_contiguous,direct,rfft,longdouble,8192,1,contiguous,,,ok,ok,0.0,0.0,1.7763568394002504647e-13,2.168404344971008868e-17,ok,
direct_rfft_longdouble_n16384_b1_contiguous,direct,rfft,longdouble,16384,1,contiguous,,,ok,ok,8.886119947416683e-17,2.3967234112928277e-19,3.5527136788005009294e-13,2.168404344971008868e-17,ok,
direct_rfft_longdouble_n32768_b1_contiguous,direct,rfft,longdouble,32768,1,contiguous,,,ok,ok,1.1188630228279524e-16,1.863917411264242e-19,7.1054273576010018587e-13,2.168404344971008868e-17,ok,
direct_rfft_longdouble_n65536_b1_contiguous,direct,rfft,longdouble,65536,1,contiguous,,,ok,ok,1.8619006149354548e-16,2.1800703652093086e-19,1.4210854715202003717e-12,2.168404344971008868e-17,ok,
direct_irfft_clongdouble_n64_b1_contiguous,direct,irfft,clongdouble,64,1,contiguous,,,ok,ok,0.0,0.0,1.3877787807814456755e-15,2.168404344971008868e-17,ok,
direct_irfft_clongdouble_n256_b1_contiguous,direct,irfft,clongdouble,256,1,contiguous,,,ok,ok,0.0,0.0,5.551115123125782702e-15,2.168404344971008868e-17,ok,
direct_irfft_clongdouble_n1024_b1_contiguous,direct,irfft,clongdouble,1024,1,contiguous,,,ok,ok,0.0,0.0,2.2204460492503130808e-14,2.168404344971008868e-17,ok,
direct_irfft_clongdouble_n2048_b1_contiguous,direct,irfft,clongdouble,2048,1,contiguous,,,ok,ok,0.0,0.0,4.4408920985006261617e-14,2.168404344971008868e-17,ok,
direct_irfft_clongdouble_n3072_b1_contiguous,direct,irfft,clongdouble,3072,1,contiguous,,,ok,ok,0.0,0.0,6.6613381477509392425e-14,2.168404344971008868e-17,ok,
direct_irfft_clongdouble_n3584_b1_contiguous,direct,irfft,clongdouble,3584,1,contiguous,,,ok,ok,1.6940658945086007e-20,1.8760358803587837e-19,7.771561172376095783e-14,2.168404344971008868e-17,ok,
direct_irfft_clongdouble_n4095_b1_contiguous,direct,irfft,clongdouble,4095,1,contiguous,,,ok,ok,1.5246593050577406e-20,1.874570505290701e-19,8.8796157926562813145e-14,2.168404344971008868e-17,ok,
direct_irfft_clongdouble_n4096_b1_contiguous,direct,irfft,clongdouble,4096,1,contiguous,,,ok,ok,0.0,0.0,8.8817841970012523234e-14,2.168404344971008868e-17,ok,
direct_irfft_clongdouble_n4097_b1_contiguous,direct,irfft,clongdouble,4097,1,contiguous,,,ok,ok,0.0,0.0,8.883952601346223332e-14,2.168404344971008868e-17,ok,
direct_irfft_clongdouble_n4608_b1_contiguous,direct,irfft,clongdouble,4608,1,contiguous,,,ok,ok,0.0,0.0,9.992007221626408864e-14,2.168404344971008868e-17,ok,
direct_irfft_clongdouble_n8192_b1_contiguous,direct,irfft,clongdouble,8192,1,contiguous,,,ok,ok,0.0,0.0,1.7763568394002504647e-13,2.168404344971008868e-17,ok,
direct_irfft_clongdouble_n16384_b1_contiguous,direct,irfft,clongdouble,16384,1,contiguous,,,ok,ok,1.0164395367051604e-20,2.354686670686658e-19,3.5527136788005009294e-13,2.168404344971008868e-17,ok,
direct_irfft_clongdouble_n32768_b1_contiguous,direct,irfft,clongdouble,32768,1,contiguous,,,ok,ok,5.929230630780102e-21,1.8295823144711437e-19,7.1054273576010018587e-13,2.168404344971008868e-17,ok,
direct_irfft_clongdouble_n65536_b1_contiguous,direct,irfft,clongdouble,65536,1,contiguous,,,ok,ok,5.082197683525802e-21,2.007429439856863e-19,1.4210854715202003717e-12,2.168404344971008868e-17,ok,
batch_fft_complex64_n64_b2_contiguous,batch,fft,complex64,64,2,contiguous,,,ok,ok,2.1324806311895372e-06,8.936342288627564e-08,0.0015258789,2.3841858e-05,ok,
batch_fft_complex64_n64_b8_contiguous,batch,fft,complex64,64,8,contiguous,,,ok,ok,2.6973982585332124e-06,8.902060384686317e-08,0.0015258789,2.3841858e-05,ok,
batch_fft_complex64_n64_b64_contiguous,batch,fft,complex64,64,64,contiguous,,,ok,ok,4.2649612623790745e-06,1.0490391217436677e-07,0.0015258789,2.3841858e-05,ok,
batch_fft_complex64_n64_b256_contiguous,batch,fft,complex64,64,256,contiguous,,,ok,ok,4.2649612623790745e-06,1.236607199428811e-07,0.0015258789,2.3841858e-05,ok,
batch_fft_complex64_n1024_b2_contiguous,batch,fft,complex64,1024,2,contiguous,,,ok,ok,1.5728399375802837e-05,1.1389882369174289e-07,0.024414062,2.3841858e-05,ok,
batch_fft_complex64_n1024_b8_contiguous,batch,fft,complex64,1024,8,contiguous,,,ok,ok,1.7059845049516298e-05,1.2613505462565937e-07,0.024414062,2.3841858e-05,ok,
batch_fft_complex64_n1024_b64_contiguous,batch,fft,complex64,1024,64,contiguous,,,ok,ok,1.945121584867593e-05,1.1564633665459319e-07,0.024414062,2.3841858e-05,ok,
batch_fft_complex64_n1024_b256_contiguous,batch,fft,complex64,1024,256,contiguous,,,ok,ok,2.361444421694614e-05,1.4432881910197731e-07,0.024414062,2.3841858e-05,ok,
batch_fft_complex64_n4096_b2_contiguous,batch,fft,complex64,4096,2,contiguous,,,ok,ok,4.31583721365314e-05,1.6730883187088699e-07,0.09765625,2.3841858e-05,ok,
batch_fft_complex64_n4096_b8_contiguous,batch,fft,complex64,4096,8,contiguous,,,ok,ok,4.959106081514619e-05,1.8005540840400208e-07,0.09765625,2.3841858e-05,ok,
batch_fft_complex64_n4096_b64_contiguous,batch,fft,complex64,4096,64,contiguous,,,ok,ok,4.825252835871652e-05,1.3787815599743232e-07,0.09765625,2.3841858e-05,ok,
batch_fft_complex64_n4096_b256_contiguous,batch,fft,complex64,4096,256,contiguous,,,ok,ok,6.130278779892251e-05,1.85426548924859e-07,0.09765625,2.3841858e-05,ok,
batch_fft_complex64_n4097_b2_contiguous,batch,fft,complex64,4097,2,contiguous,,,ok,ok,6.553519051522017e-05,2.289405043233822e-07,0.09768009,2.3841858e-05,ok,
batch_fft_complex64_n4097_b8_contiguous,batch,fft,complex64,4097,8,contiguous,,,ok,ok,7.033954170765355e-05,2.1461054201163717e-07,0.09768009,2.3841858e-05,ok,
batch_fft_complex64_n4097_b64_contiguous,batch,fft,complex64,4097,64,contiguous,,,ok,ok,7.406802615150809e-05,2.2281175863205076e-07,0.09768009,2.3841858e-05,ok,
batch_fft_complex64_n4097_b256_contiguous,batch,fft,complex64,4097,256,contiguous,,,ok,ok,8.217109279939905e-05,2.488083087744367e-07,0.09768009,2.3841858e-05,ok,
batch_fft_complex64_n8192_b2_contiguous,batch,fft,complex64,8192,2,contiguous,,,ok,ok,6.291359750321135e-05,1.4013015239470827e-07,0.1953125,2.3841858e-05,ok,
batch_fft_complex64_n8192_b8_contiguous,batch,fft,complex64,8192,8,contiguous,,,ok,ok,7.62939453125e-05,1.8382488106530196e-07,0.1953125,2.3841858e-05,ok,
batch_fft_complex64_n8192_b64_contiguous,batch,fft,complex64,8192,64,contiguous,,,ok,ok,9.281558595830575e-05,1.944530053438633e-07,0.1953125,2.3841858e-05,ok,
batch_fft_complex128_n64_b2_contiguous,batch,fft,complex128,64,2,contiguous,,,ok,ok,0.0,0.0,2.8421709430404007e-12,4.440892098500626e-14,ok,
batch_fft_complex128_n64_b8_contiguous,batch,fft,complex128,64,8,contiguous,,,ok,ok,0.0,0.0,2.8421709430404007e-12,4.440892098500626e-14,ok,
batch_fft_complex128_n64_b64_contiguous,batch,fft,complex128,64,64,contiguous,,,ok,ok,0.0,0.0,2.8421709430404007e-12,4.440892098500626e-14,ok,
batch_fft_complex128_n64_b256_contiguous,batch,fft,complex128,64,256,contiguous,,,ok,ok,0.0,0.0,2.8421709430404007e-12,4.440892098500626e-14,ok,
batch_fft_complex128_n1024_b2_contiguous,batch,fft,complex128,1024,2,contiguous,,,ok,ok,0.0,0.0,4.547473508864641e-11,4.440892098500626e-14,ok,
batch_fft_complex128_n1024_b8_contiguous,batch,fft,complex128,1024,8,contiguous,,,ok,ok,0.0,0.0,4.547473508864641e-11,4.440892098500626e-14,ok,
batch_fft_complex128_n1024_b64_contiguous,batch,fft,complex128,1024,64,contiguous,,,ok,ok,0.0,0.0,4.547473508864641e-11,4.440892098500626e-14,ok,
batch_fft_complex128_n1024_b256_contiguous,batch,fft,complex128,1024,256,contiguous,,,ok,ok,0.0,0.0,4.547473508864641e-11,4.440892098500626e-14,ok,
batch_fft_complex128_n4096_b2_contiguous,batch,fft,complex128,4096,2,contiguous,,,ok,ok,0.0,0.0,1.8189894035458565e-10,4.440892098500626e-14,ok,
batch_fft_complex128_n4096_b8_contiguous,batch,fft,complex128,4096,8,contiguous,,,ok,ok,0.0,0.0,1.8189894035458565e-10,4.440892098500626e-14,ok,
batch_fft_complex128_n4096_b64_contiguous,batch,fft,complex128,4096,64,contiguous,,,ok,ok,0.0,0.0,1.8189894035458565e-10,4.440892098500626e-14,ok,
batch_fft_complex128_n4096_b256_contiguous,batch,fft,complex128,4096,256,contiguous,,,ok,ok,0.0,0.0,1.8189894035458565e-10,4.440892098500626e-14,ok,
batch_fft_complex128_n4097_b2_contiguous,batch,fft,complex128,4097,2,contiguous,,,ok,ok,2.0411878299204355e-13,6.747279222105858e-16,1.8194334927557065e-10,4.440892098500626e-14,ok,
batch_fft_complex128_n4097_b8_contiguous,batch,fft,complex128,4097,8,contiguous,,,ok,ok,2.278173318171838e-13,7.79935822367203e-16,1.8194334927557065e-10,4.440892098500626e-14,ok,
batch_fft_complex128_n4097_b64_contiguous,batch,fft,complex128,4097,64,contiguous,,,ok,ok,2.444927891657081e-13,7.709292805255885e-16,1.8194334927557065e-10,4.440892098500626e-14,ok,
batch_fft_complex128_n4097_b256_contiguous,batch,fft,complex128,4097,256,contiguous,,,ok,ok,2.5579538487363607e-13,7.276972874235686e-16,1.8194334927557065e-10,4.440892098500626e-14,ok,
batch_fft_complex128_n8192_b2_contiguous,batch,fft,complex128,8192,2,contiguous,,,ok,ok,0.0,0.0,3.637978807091713e-10,4.440892098500626e-14,ok,
batch_fft_complex128_n8192_b8_contiguous,batch,fft,complex128,8192,8,contiguous,,,ok,ok,0.0,0.0,3.637978807091713e-10,4.440892098500626e-14,ok,
batch_fft_complex128_n8192_b64_contiguous,batch,fft,complex128,8192,64,contiguous,,,ok,ok,0.0,0.0,3.637978807091713e-10,4.440892098500626e-14,ok,
batch_ifft_complex64_n64_b2_contiguous,batch,ifft,complex64,64,2,contiguous,,,ok,ok,0.0,0.0,0.0015258789,2.3841858e-05,ok,
batch_ifft_complex64_n64_b8_contiguous,batch,ifft,complex64,64,8,contiguous,,,ok,ok,0.0,0.0,0.0015258789,2.3841858e-05,ok,
batch_ifft_complex64_n64_b64_contiguous,batch,ifft,complex64,64,64,contiguous,,,ok,ok,0.0,0.0,0.0015258789,2.3841858e-05,ok,
batch_ifft_complex64_n64_b256_contiguous,batch,ifft,complex64,64,256,contiguous,,,ok,ok,0.0,0.0,0.0015258789,2.3841858e-05,ok,
batch_ifft_complex64_n1024_b2_contiguous,batch,ifft,complex64,1024,2,contiguous,,,ok,ok,1.757215883912977e-08,1.3748030389959372e-07,0.024414062,2.3841858e-05,ok,
batch_ifft_complex64_n1024_b8_contiguous,batch,ifft,complex64,1024,8,contiguous,,,ok,ok,0.0,0.0,0.024414062,2.3841858e-05,ok,
batch_ifft_complex64_n1024_b64_contiguous,batch,ifft,complex64,1024,64,contiguous,,,ok,ok,0.0,0.0,0.024414062,2.3841858e-05,ok,
batch_ifft_complex64_n1024_b256_contiguous,batch,ifft,complex64,1024,256,contiguous,,,ok,ok,0.0,0.0,0.024414062,2.3841858e-05,ok,
batch_ifft_complex64_n4096_b2_contiguous,batch,ifft,complex64,4096,2,contiguous,,,ok,ok,1.1519823317485134e-08,1.671546731500079e-07,0.09765625,2.3841858e-05,ok,
batch_ifft_complex64_n4096_b8_contiguous,batch,ifft,complex64,4096,8,contiguous,,,ok,ok,0.0,0.0,0.09765625,2.3841858e-05,ok,
batch_ifft_complex64_n4096_b64_contiguous,batch,ifft,complex64,4096,64,contiguous,,,ok,ok,0.0,0.0,0.09765625,2.3841858e-05,ok,
batch_ifft_complex64_n4096_b256_contiguous,batch,ifft,complex64,4096,256,contiguous,,,ok,ok,0.0,0.0,0.09765625,2.3841858e-05,ok,
batch_ifft_complex64_n4097_b2_contiguous,batch,ifft,complex64,4097,2,contiguous,,,ok,ok,2.3470899890298824e-08,3.5643352918795594e-07,0.09768009,2.3841858e-05,ok,
batch_ifft_complex64_n4097_b8_contiguous,batch,ifft,complex64,4097,8,contiguous,,,ok,ok,2.4587620828242507e-08,3.8209456667749093e-07,0.09768009,2.3841858e-05,ok,
batch_ifft_complex64_n4097_b64_contiguous,batch,ifft,complex64,4097,64,contiguous,,,ok,ok,2.7939677238464355e-08,3.652708644178839e-07,0.09768009,2.3841858e-05,ok,
batch_ifft_complex64_n4097_b256_contiguous,batch,ifft,complex64,4097,256,contiguous,,,ok,ok,3.0163928244064664e-08,3.655979349035586e-07,0.09768009,2.3841858e-05,ok,
batch_ifft_complex64_n8192_b2_contiguous,batch,ifft,complex64,8192,2,contiguous,,,ok,ok,1.1214609685339383e-08,2.2530013259110098e-07,0.1953125,2.3841858e-05,ok,
batch_ifft_complex64_n8192_b8_contiguous,batch,ifft,complex64,8192,8,contiguous,,,ok,ok,9.599853356689891e-09,1.852370933324608e-07,0.1953125,2.3841858e-05,ok,
batch_ifft_complex64_n8192_b64_contiguous,batch,ifft,complex64,8192,64,contiguous,,,ok,ok,1.1780402431327275e-08,2.1805285272946172e-07,0.1953125,2.3841858e-05,ok,
batch_ifft_complex128_n64_b2_contiguous,batch,ifft,complex128,64,2,contiguous,,,ok,ok,0.0,0.0,2.8421709430404007e-12,4.440892098500626e-14,ok,
batch_ifft_complex128_n64_b8_contiguous,batch,ifft,complex128,64,8,contiguous,,,ok,ok,0.0,0.0,2.8421709430404007e-12,4.440892098500626e-14,ok,
batch_ifft_complex128_n64_b64_contiguous,batch,ifft,complex128,64,64,contiguous,,,ok,ok,0.0,0.0,2.8421709430404007e-12,4.440892098500626e-14,ok,
batch_ifft_complex128_n64_b256_contiguous,batch,ifft,complex128,64,256,contiguous,,,ok,ok,0.0,0.0,2.8421709430404007e-12,4.440892098500626e-14,ok,
batch_ifft_complex128_n1024_b2_contiguous,batch,ifft,complex128,1024,2,contiguous,,,ok,ok,0.0,0.0,4.547473508864641e-11,4.440892098500626e-14,ok,
batch_ifft_complex128_n1024_b8_contiguous,batch,ifft,complex128,1024,8,contiguous,,,ok,ok,0.0,0.0,4.547473508864641e-11,4.440892098500626e-14,ok,
batch_ifft_complex128_n1024_b64_contiguous,batch,ifft,complex128,1024,64,contiguous,,,ok,ok,0.0,0.0,4.547473508864641e-11,4.440892098500626e-14,ok,
batch_ifft_complex128_n1024_b256_contiguous,batch,ifft,complex128,1024,256,contiguous,,,ok,ok,0.0,0.0,4.547473508864641e-11,4.440892098500626e-14,ok,
batch_ifft_complex128_n4096_b2_contiguous,batch,ifft,complex128,4096,2,contiguous,,,ok,ok,0.0,0.0,1.8189894035458565e-10,4.440892098500626e-14,ok,
batch_ifft_complex128_n4096_b8_contiguous,batch,ifft,complex128,4096,8,contiguous,,,ok,ok,0.0,0.0,1.8189894035458565e-10,4.440892098500626e-14,ok,
batch_ifft_complex128_n4096_b64_contiguous,batch,ifft,complex128,4096,64,contiguous,,,ok,ok,0.0,0.0,1.8189894035458565e-10,4.440892098500626e-14,ok,
batch_ifft_complex128_n4096_b256_contiguous,batch,ifft,complex128,4096,256,contiguous,,,ok,ok,0.0,0.0,1.8189894035458565e-10,4.440892098500626e-14,ok,
batch_ifft_complex128_n4097_b2_contiguous,batch,ifft,complex128,4097,2,contiguous,,,ok,ok,4.906538933386797e-17,7.3772213044163e-16,1.8194334927557065e-10,4.440892098500626e-14,ok,
batch_ifft_complex128_n4097_b8_contiguous,batch,ifft,complex128,4097,8,contiguous,,,ok,ok,5.957076787997942e-17,8.217864329109771e-16,1.8194334927557065e-10,4.440892098500626e-14,ok,
batch_ifft_complex128_n4097_b64_contiguous,batch,ifft,complex128,4097,64,contiguous,,,ok,ok,5.561946577567963e-17,6.852940106306394e-16,1.8194334927557065e-10,4.440892098500626e-14,ok,
batch_ifft_complex128_n4097_b256_contiguous,batch,ifft,complex128,4097,256,contiguous,,,ok,ok,5.797714727427823e-17,7.132079262621691e-16,1.8194334927557065e-10,4.440892098500626e-14,ok,
batch_ifft_complex128_n8192_b2_contiguous,batch,ifft,complex128,8192,2,contiguous,,,ok,ok,0.0,0.0,3.637978807091713e-10,4.440892098500626e-14,ok,
batch_ifft_complex128_n8192_b8_contiguous,batch,ifft,complex128,8192,8,contiguous,,,ok,ok,0.0,0.0,3.637978807091713e-10,4.440892098500626e-14,ok,
batch_ifft_complex128_n8192_b64_contiguous,batch,ifft,complex128,8192,64,contiguous,,,ok,ok,0.0,0.0,3.637978807091713e-10,4.440892098500626e-14,ok,
batch_rfft_float32_n64_b2_contiguous,batch,rfft,float32,64,2,contiguous,,,ok,ok,1.1924653335881885e-06,6.231485334581409e-08,0.0015258789,2.3841858e-05,ok,
batch_rfft_float32_n64_b8_contiguous,batch,rfft,float32,64,8,contiguous,,,ok,ok,1.9073486328125e-06,9.932734528499548e-08,0.0015258789,2.3841858e-05,ok,
batch_rfft_float32_n64_b64_contiguous,batch,rfft,float32,64,64,contiguous,,,ok,ok,2.0370491711219074e-06,8.748707852659718e-08,0.0015258789,2.3841858e-05,ok,
batch_rfft_float32_n64_b256_contiguous,batch,rfft,float32,64,256,contiguous,,,ok,ok,2.384185791015625e-06,9.162845088322863e-08,0.0015258789,2.3841858e-05,ok,
batch_rfft_float32_n1024_b2_contiguous,batch,rfft,float32,1024,2,contiguous,,,ok,ok,1.0271386599924881e-05,1.1529651081042289e-07,0.024414062,2.3841858e-05,ok,
batch_rfft_float32_n1024_b8_contiguous,batch,rfft,float32,1024,8,contiguous,,,ok,ok,1.206313208967913e-05,1.3213974370637758e-07,0.024414062,2.3841858e-05,ok,
batch_rfft_float32_n1024_b64_contiguous,batch,rfft,float32,1024,64,contiguous,,,ok,ok,1.5986493963282555e-05,1.4733131312377177e-07,0.024414062,2.3841858e-05,ok,
batch_rfft_float32_n1024_b256_contiguous,batch,rfft,float32,1024,256,contiguous,,,ok,ok,1.9073486328125e-05,1.659927141149979e-07,0.024414062,2.3841858e-05,ok,
batch_rfft_float32_n4096_b2_contiguous,batch,rfft,float32,4096,2,contiguous,,,ok,ok,2.412626417935826e-05,1.1885717765967111e-07,0.09765625,2.3841858e-05,ok,
batch_rfft_float32_n4096_b8_contiguous,batch,rfft,float32,4096,8,contiguous,,,ok,ok,3.4119690099032596e-05,1.672006813990862e-07,0.09765625,2.3841858e-05,ok,
batch_rfft_float32_n4096_b64_contiguous,batch,rfft,float32,4096,64,contiguous,,,ok,ok,3.4119690099032596e-05,1.3942195584163347e-07,0.09765625,2.3841858e-05,ok,
batch_rfft_float32_n4096_b256_contiguous,batch,rfft,float32,4096,256,contiguous,,,ok,ok,3.4119690099032596e-05,1.4225927646245532e-07,0.09765625,2.3841858e-05,ok,
batch_rfft_float32_n4097_b2_contiguous,batch,rfft,float32,4097,2,contiguous,,,ok,ok,4.264961171429604e-05,2.1003459591534618e-07,0.09768009,2.3841858e-05,ok,
batch_rfft_float32_n4097_b8_contiguous,batch,rfft,float32,4097,8,contiguous,,,ok,ok,4.675922536989674e-05,2.3318927822580494e-07,0.09768009,2.3841858e-05,ok,
batch_rfft_float32_n4097_b64_contiguous,batch,rfft,float32,4097,64,contiguous,,,ok,ok,5.188549403101206e-05,2.385270371542429e-07,0.09768009,2.3841858e-05,ok,
batch_rfft_float32_n4097_b256_contiguous,batch,rfft,float32,4097,256,contiguous,,,ok,ok,5.394796608015895e-05,2.3336946801705888e-07,0.09768009,2.3841858e-05,ok,
batch_rfft_float32_n8192_b2_contiguous,batch,rfft,float32,8192,2,contiguous,,,ok,ok,3.890243169735186e-05,1.4864160711411058e-07,0.1953125,2.3841858e-05,ok,
batch_rfft_float32_n8192_b8_contiguous,batch,rfft,float32,8192,8,contiguous,,,ok,ok,4.640779297915287e-05,1.5375020692163134e-07,0.1953125,2.3841858e-05,ok,
batch_rfft_float32_n8192_b64_contiguous,batch,rfft,float32,8192,64,contiguous,,,ok,ok,4.825252835871652e-05,1.4910552549739186e-07,0.1953125,2.3841858e-05,ok,
batch_rfft_float64_n64_b2_contiguous,batch,rfft,float64,64,2,contiguous,,,ok,ok,0.0,0.0,2.8421709430404007e-12,4.440892098500626e-14,ok,
batch_rfft_float64_n64_b8_contiguous,batch,rfft,float64,64,8,contiguous,,,ok,ok,0.0,0.0,2.8421709430404007e-12,4.440892098500626e-14,ok,
batch_rfft_float64_n64_b64_contiguous,batch,rfft,float64,64,64,contiguous,,,ok,ok,0.0,0.0,2.8421709430404007e-12,4.440892098500626e-14,ok,
batch_rfft_float64_n64_b256_contiguous,batch,rfft,float64,64,256,contiguous,,,ok,ok,0.0,0.0,2.8421709430404007e-12,4.440892098500626e-14,ok,
batch_rfft_float64_n1024_b2_contiguous,batch,rfft,float64,1024,2,contiguous,,,ok,ok,0.0,0.0,4.547473508864641e-11,4.440892098500626e-14,ok,
batch_rfft_float64_n1024_b8_contiguous,batch,rfft,float64,1024,8,contiguous,,,ok,ok,0.0,0.0,4.547473508864641e-11,4.440892098500626e-14,ok,
batch_rfft_float64_n1024_b64_contiguous,batch,rfft,float64,1024,64,contiguous,,,ok,ok,0.0,0.0,4.547473508864641e-11,4.440892098500626e-14,ok,
batch_rfft_float64_n1024_b256_contiguous,batch,rfft,float64,1024,256,contiguous,,,ok,ok,0.0,0.0,4.547473508864641e-11,4.440892098500626e-14,ok,
batch_rfft_float64_n4096_b2_contiguous,batch,rfft,float64,4096,2,contiguous,,,ok,ok,0.0,0.0,1.8189894035458565e-10,4.440892098500626e-14,ok,
batch_rfft_float64_n4096_b8_contiguous,batch,rfft,float64,4096,8,contiguous,,,ok,ok,0.0,0.0,1.8189894035458565e-10,4.440892098500626e-14,ok,
batch_rfft_float64_n4096_b64_contiguous,batch,rfft,float64,4096,64,contiguous,,,ok,ok,0.0,0.0,1.8189894035458565e-10,4.440892098500626e-14,ok,
batch_rfft_float64_n4096_b256_contiguous,batch,rfft,float64,4096,256,contiguous,,,ok,ok,0.0,0.0,1.8189894035458565e-10,4.440892098500626e-14,ok,
batch_rfft_float64_n4097_b2_contiguous,batch,rfft,float64,4097,2,contiguous,,,ok,ok,1.0247593068766007e-13,5.815559286085645e-16,1.8194334927557065e-10,4.440892098500626e-14,ok,
batch_rfft_float64_n4097_b8_contiguous,batch,rfft,float64,4097,8,contiguous,,,ok,ok,1.0048591735576161e-13,5.006122080498825e-16,1.8194334927557065e-10,4.440892098500626e-14,ok,
batch_rfft_float64_n4097_b64_contiguous,batch,rfft,float64,4097,64,contiguous,,,ok,ok,1.0822664515137473e-13,4.959717060882602e-16,1.8194334927557065e-10,4.440892098500626e-14,ok,
batch_rfft_float64_n4097_b256_contiguous,batch,rfft,float64,4097,256,contiguous,,,ok,ok,1.214175959108492e-13,5.038814904137916e-16,1.8194334927557065e-10,4.440892098500626e-14,ok,
batch_rfft_float64_n8192_b2_contiguous,batch,rfft,float64,8192,2,contiguous,,,ok,ok,0.0,0.0,3.637978807091713e-10,4.440892098500626e-14,ok,
batch_rfft_float64_n8192_b8_contiguous,batch,rfft,float64,8192,8,contiguous,,,ok,ok,0.0,0.0,3.637978807091713e-10,4.440892098500626e-14,ok,
batch_rfft_float64_n8192_b64_contiguous,batch,rfft,float64,8192,64,contiguous,,,ok,ok,0.0,0.0,3.637978807091713e-10,4.440892098500626e-14,ok,
batch_irfft_complex64_n64_b2_contiguous,batch,irfft,complex64,64,2,contiguous,,,ok,ok,0.0,0.0,0.0015258789,2.3841858e-05,ok,
batch_irfft_complex64_n64_b8_contiguous,batch,irfft,complex64,64,8,contiguous,,,ok,ok,0.0,0.0,0.0015258789,2.3841858e-05,ok,
batch_irfft_complex64_n64_b64_contiguous,batch,irfft,complex64,64,64,contiguous,,,ok,ok,0.0,0.0,0.0015258789,2.3841858e-05,ok,
batch_irfft_complex64_n64_b256_contiguous,batch,irfft,complex64,64,256,contiguous,,,ok,ok,0.0,0.0,0.0015258789,2.3841858e-05,ok,
batch_irfft_complex64_n1024_b2_contiguous,batch,irfft,complex64,1024,2,contiguous,,,ok,ok,0.0,0.0,0.024414062,2.3841858e-05,ok,
batch_irfft_complex64_n1024_b8_contiguous,batch,irfft,complex64,1024,8,contiguous,,,ok,ok,0.0,0.0,0.024414062,2.3841858e-05,ok,
batch_irfft_complex64_n1024_b64_contiguous,batch,irfft,complex64,1024,64,contiguous,,,ok,ok,0.0,0.0,0.024414062,2.3841858e-05,ok,
batch_irfft_complex64_n1024_b256_contiguous,batch,irfft,complex64,1024,256,contiguous,,,ok,ok,0.0,0.0,0.024414062,2.3841858e-05,ok,
batch_irfft_complex64_n4096_b2_contiguous,batch,irfft,complex64,4096,2,contiguous,,,ok,ok,0.0,0.0,0.09765625,2.3841858e-05,ok,
batch_irfft_complex64_n4096_b8_contiguous,batch,irfft,complex64,4096,8,contiguous,,,ok,ok,0.0,0.0,0.09765625,2.3841858e-05,ok,
batch_irfft_complex64_n4096_b64_contiguous,batch,irfft,complex64,4096,64,contiguous,,,ok,ok,0.0,0.0,0.09765625,2.3841858e-05,ok,
batch_irfft_complex64_n4096_b256_contiguous,batch,irfft,complex64,4096,256,contiguous,,,ok,ok,0.0,0.0,0.09765625,2.3841858e-05,ok,
batch_irfft_complex64_n4097_b2_contiguous,batch,irfft,complex64,4097,2,contiguous,,,ok,ok,0.0,0.0,0.09768009,2.3841858e-05,ok,
batch_irfft_complex64_n4097_b8_contiguous,batch,irfft,complex64,4097,8,contiguous,,,ok,ok,0.0,0.0,0.09768009,2.3841858e-05,ok,
batch_irfft_complex64_n4097_b64_contiguous,batch,irfft,complex64,4097,64,contiguous,,,ok,ok,0.0,0.0,0.09768009,2.3841858e-05,ok,
batch_irfft_complex64_n4097_b256_contiguous,batch,irfft,complex64,4097,256,contiguous,,,ok,ok,0.0,0.0,0.09768009,2.3841858e-05,ok,
batch_irfft_complex64_n8192_b2_contiguous,batch,irfft,complex64,8192,2,contiguous,,,ok,ok,0.0,0.0,0.1953125,2.3841858e-05,ok,
batch_irfft_complex64_n8192_b8_contiguous,batch,irfft,complex64,8192,8,contiguous,,,ok,ok,0.0,0.0,0.1953125,2.3841858e-05,ok,
batch_irfft_complex64_n8192_b64_contiguous,batch,irfft,complex64,8192,64,contiguous,,,ok,ok,0.0,0.0,0.1953125,2.3841858e-05,ok,
batch_irfft_complex128_n64_b2_contiguous,batch,irfft,complex128,64,2,contiguous,,,ok,ok,0.0,0.0,2.8421709430404007e-12,4.440892098500626e-14,ok,
batch_irfft_complex128_n64_b8_contiguous,batch,irfft,complex128,64,8,contiguous,,,ok,ok,0.0,0.0,2.8421709430404007e-12,4.440892098500626e-14,ok,
batch_irfft_complex128_n64_b64_contiguous,batch,irfft,complex128,64,64,contiguous,,,ok,ok,0.0,0.0,2.8421709430404007e-12,4.440892098500626e-14,ok,
batch_irfft_complex128_n64_b256_contiguous,batch,irfft,complex128,64,256,contiguous,,,ok,ok,0.0,0.0,2.8421709430404007e-12,4.440892098500626e-14,ok,
batch_irfft_complex128_n1024_b2_contiguous,batch,irfft,complex128,1024,2,contiguous,,,ok,ok,0.0,0.0,4.547473508864641e-11,4.440892098500626e-14,ok,
batch_irfft_complex128_n1024_b8_contiguous,batch,irfft,complex128,1024,8,contiguous,,,ok,ok,0.0,0.0,4.547473508864641e-11,4.440892098500626e-14,ok,
batch_irfft_complex128_n1024_b64_contiguous,batch,irfft,complex128,1024,64,contiguous,,,ok,ok,0.0,0.0,4.547473508864641e-11,4.440892098500626e-14,ok,
batch_irfft_complex128_n1024_b256_contiguous,batch,irfft,complex128,1024,256,contiguous,,,ok,ok,0.0,0.0,4.547473508864641e-11,4.440892098500626e-14,ok,
batch_irfft_complex128_n4096_b2_contiguous,batch,irfft,complex128,4096,2,contiguous,,,ok,ok,0.0,0.0,1.8189894035458565e-10,4.440892098500626e-14,ok,
batch_irfft_complex128_n4096_b8_contiguous,batch,irfft,complex128,4096,8,contiguous,,,ok,ok,0.0,0.0,1.8189894035458565e-10,4.440892098500626e-14,ok,
batch_irfft_complex128_n4096_b64_contiguous,batch,irfft,complex128,4096,64,contiguous,,,ok,ok,0.0,0.0,1.8189894035458565e-10,4.440892098500626e-14,ok,
batch_irfft_complex128_n4096_b256_contiguous,batch,irfft,complex128,4096,256,contiguous,,,ok,ok,0.0,0.0,1.8189894035458565e-10,4.440892098500626e-14,ok,
batch_irfft_complex128_n4097_b2_contiguous,batch,irfft,complex128,4097,2,contiguous,,,ok,ok,0.0,0.0,1.8194334927557065e-10,4.440892098500626e-14,ok,
batch_irfft_complex128_n4097_b8_contiguous,batch,irfft,complex128,4097,8,contiguous,,,ok,ok,0.0,0.0,1.8194334927557065e-10,4.440892098500626e-14,ok,
batch_irfft_complex128_n4097_b64_contiguous,batch,irfft,complex128,4097,64,contiguous,,,ok,ok,0.0,0.0,1.8194334927557065e-10,4.440892098500626e-14,ok,
batch_irfft_complex128_n4097_b256_contiguous,batch,irfft,complex128,4097,256,contiguous,,,ok,ok,0.0,0.0,1.8194334927557065e-10,4.440892098500626e-14,ok,
batch_irfft_complex128_n8192_b2_contiguous,batch,irfft,complex128,8192,2,contiguous,,,ok,ok,0.0,0.0,3.637978807091713e-10,4.440892098500626e-14,ok,
batch_irfft_complex128_n8192_b8_contiguous,batch,irfft,complex128,8192,8,contiguous,,,ok,ok,0.0,0.0,3.637978807091713e-10,4.440892098500626e-14,ok,
batch_irfft_complex128_n8192_b64_contiguous,batch,irfft,complex128,8192,64,contiguous,,,ok,ok,0.0,0.0,3.637978807091713e-10,4.440892098500626e-14,ok,
batch_fft_float32_n64_b2_contiguous,batch,fft,float32,64,2,contiguous,,,ok,ok,0.0,0.0,0.0015258789,2.3841858e-05,ok,
batch_fft_float32_n64_b8_contiguous,batch,fft,float32,64,8,contiguous,,,ok,ok,0.0,0.0,0.0015258789,2.3841858e-05,ok,
batch_fft_float32_n64_b64_contiguous,batch,fft,float32,64,64,contiguous,,,ok,ok,0.0,0.0,0.0015258789,2.3841858e-05,ok,
batch_fft_float32_n64_b256_contiguous,batch,fft,float32,64,256,contiguous,,,ok,ok,0.0,0.0,0.0015258789,2.3841858e-05,ok,
batch_fft_float32_n1024_b2_contiguous,batch,fft,float32,1024,2,contiguous,,,ok,ok,0.0,0.0,0.024414062,2.3841858e-05,ok,
batch_fft_float32_n1024_b8_contiguous,batch,fft,float32,1024,8,contiguous,,,ok,ok,0.0,0.0,0.024414062,2.3841858e-05,ok,
batch_fft_float32_n1024_b64_contiguous,batch,fft,float32,1024,64,contiguous,,,ok,ok,0.0,0.0,0.024414062,2.3841858e-05,ok,
batch_fft_float32_n1024_b256_contiguous,batch,fft,float32,1024,256,contiguous,,,ok,ok,0.0,0.0,0.024414062,2.3841858e-05,ok,
batch_fft_float32_n4096_b2_contiguous,batch,fft,float32,4096,2,contiguous,,,ok,ok,0.0,0.0,0.09765625,2.3841858e-05,ok,
batch_fft_float32_n4096_b8_contiguous,batch,fft,float32,4096,8,contiguous,,,ok,ok,0.0,0.0,0.09765625,2.3841858e-05,ok,
batch_fft_float32_n4096_b64_contiguous,batch,fft,float32,4096,64,contiguous,,,ok,ok,0.0,0.0,0.09765625,2.3841858e-05,ok,
batch_fft_float32_n4096_b256_contiguous,batch,fft,float32,4096,256,contiguous,,,ok,ok,0.0,0.0,0.09765625,2.3841858e-05,ok,
batch_fft_float32_n4097_b2_contiguous,batch,fft,float32,4097,2,contiguous,,,ok,ok,2.4868995751603507e-14,1.3559519425698875e-16,0.09768009,2.3841858e-05,ok,
batch_fft_float32_n4097_b8_contiguous,batch,fft,float32,4097,8,contiguous,,,ok,ok,4.218847493575595e-14,2.1080738731292607e-16,0.09768009,2.3841858e-05,ok,
batch_fft_float32_n4097_b64_contiguous,batch,fft,float32,4097,64,contiguous,,,ok,ok,8.704148513061227e-14,3.6960425033782017e-16,0.09768009,2.3841858e-05,ok,
batch_fft_float32_n4097_b256_contiguous,batch,fft,float32,4097,256,contiguous,,,ok,ok,5.820766091346741e-11,2.4035936076001925e-13,0.09768009,2.3841858e-05,ok,
batch_fft_float32_n8192_b2_contiguous,batch,fft,float32,8192,2,contiguous,,,ok,ok,0.0,0.0,0.1953125,2.3841858e-05,ok,
batch_fft_float32_n8192_b8_contiguous,batch,fft,float32,8192,8,contiguous,,,ok,ok,0.0,0.0,0.1953125,2.3841858e-05,ok,
batch_fft_float32_n8192_b64_contiguous,batch,fft,float32,8192,64,contiguous,,,ok,ok,0.0,0.0,0.1953125,2.3841858e-05,ok,
batch_fft_float64_n64_b2_contiguous,batch,fft,float64,64,2,contiguous,,,ok,ok,0.0,0.0,2.8421709430404007e-12,4.440892098500626e-14,ok,
batch_fft_float64_n64_b8_contiguous,batch,fft,float64,64,8,contiguous,,,ok,ok,0.0,0.0,2.8421709430404007e-12,4.440892098500626e-14,ok,
batch_fft_float64_n64_b64_contiguous,batch,fft,float64,64,64,contiguous,,,ok,ok,0.0,0.0,2.8421709430404007e-12,4.440892098500626e-14,ok,
batch_fft_float64_n64_b256_contiguous,batch,fft,float64,64,256,contiguous,,,ok,ok,0.0,0.0,2.8421709430404007e-12,4.440892098500626e-14,ok,
batch_fft_float64_n1024_b2_contiguous,batch,fft,float64,1024,2,contiguous,,,ok,ok,0.0,0.0,4.547473508864641e-11,4.440892098500626e-14,ok,
batch_fft_float64_n1024_b8_contiguous,batch,fft,float64,1024,8,contiguous,,,ok,ok,0.0,0.0,4.547473508864641e-11,4.440892098500626e-14,ok,
batch_fft_float64_n1024_b64_contiguous,batch,fft,float64,1024,64,contiguous,,,ok,ok,0.0,0.0,4.547473508864641e-11,4.440892098500626e-14,ok,
batch_fft_float64_n1024_b256_contiguous,batch,fft,float64,1024,256,contiguous,,,ok,ok,0.0,0.0,4.547473508864641e-11,4.440892098500626e-14,ok,
batch_fft_float64_n4096_b2_contiguous,batch,fft,float64,4096,2,contiguous,,,ok,ok,0.0,0.0,1.8189894035458565e-10,4.440892098500626e-14,ok,
batch_fft_float64_n4096_b8_contiguous,batch,fft,float64,4096,8,contiguous,,,ok,ok,0.0,0.0,1.8189894035458565e-10,4.440892098500626e-14,ok,
batch_fft_float64_n4096_b64_contiguous,batch,fft,float64,4096,64,contiguous,,,ok,ok,0.0,0.0,1.8189894035458565e-10,4.440892098500626e-14,ok,
batch_fft_float64_n4096_b256_contiguous,batch,fft,float64,4096,256,contiguous,,,ok,ok,0.0,0.0,1.8189894035458565e-10,4.440892098500626e-14,ok,
batch_fft_float64_n4097_b2_contiguous,batch,fft,float64,4097,2,contiguous,,,ok,ok,1.5276927008061417e-13,8.410996123324663e-16,1.8194334927557065e-10,4.440892098500626e-14,ok,
batch_fft_float64_n4097_b8_contiguous,batch,fft,float64,4097,8,contiguous,,,ok,ok,1.399606873320082e-13,6.972853485739982e-16,1.8194334927557065e-10,4.440892098500626e-14,ok,
batch_fft_float64_n4097_b64_contiguous,batch,fft,float64,4097,64,contiguous,,,ok,ok,1.7288250917028502e-13,8.187173584431222e-16,1.8194334927557065e-10,4.440892098500626e-14,ok,
batch_fft_float64_n4097_b256_contiguous,batch,fft,float64,4097,256,contiguous,,,ok,ok,1.8157112917806213e-13,7.572510112571808e-16,1.8194334927557065e-10,4.440892098500626e-14,ok,
batch_fft_float64_n8192_b2_contiguous,batch,fft,float64,8192,2,contiguous,,,ok,ok,0.0,0.0,3.637978807091713e-10,4.440892098500626e-14,ok,
batch_fft_float64_n8192_b8_contiguous,batch,fft,float64,8192,8,contiguous,,,ok,ok,0.0,0.0,3.637978807091713e-10,4.440892098500626e-14,ok,
batch_fft_float64_n8192_b64_contiguous,batch,fft,float64,8192,64,contiguous,,,ok,ok,0.0,0.0,3.637978807091713e-10,4.440892098500626e-14,ok,
batch_fft_longdouble_n64_b2_contiguous,batch,fft,longdouble,64,2,contiguous,,,ok,ok,0.0,0.0,1.3877787807814456755e-15,2.168404344971008868e-17,ok,
batch_fft_longdouble_n64_b8_contiguous,batch,fft,longdouble,64,8,contiguous,,,ok,ok,0.0,0.0,1.3877787807814456755e-15,2.168404344971008868e-17,ok,
batch_fft_longdouble_n64_b64_contiguous,batch,fft,longdouble,64,64,contiguous,,,ok,ok,0.0,0.0,1.3877787807814456755e-15,2.168404344971008868e-17,ok,
batch_fft_longdouble_n64_b256_contiguous,batch,fft,longdouble,64,256,contiguous,,,ok,ok,0.0,0.0,1.3877787807814456755e-15,2.168404344971008868e-17,ok,
batch_fft_longdouble_n1024_b2_contiguous,batch,fft,longdouble,1024,2,contiguous,,,ok,ok,0.0,0.0,2.2204460492503130808e-14,2.168404344971008868e-17,ok,
batch_fft_longdouble_n1024_b8_contiguous,batch,fft,longdouble,1024,8,contiguous,,,ok,ok,0.0,0.0,2.2204460492503130808e-14,2.168404344971008868e-17,ok,
batch_fft_longdouble_n1024_b64_contiguous,batch,fft,longdouble,1024,64,contiguous,,,ok,ok,0.0,0.0,2.2204460492503130808e-14,2.168404344971008868e-17,ok,
batch_fft_longdouble_n1024_b256_contiguous,batch,fft,longdouble,1024,256,contiguous,,,ok,ok,0.0,0.0,2.2204460492503130808e-14,2.168404344971008868e-17,ok,
batch_fft_longdouble_n4096_b2_contiguous,batch,fft,longdouble,4096,2,contiguous,,,ok,ok,0.0,0.0,8.8817841970012523234e-14,2.168404344971008868e-17,ok,
batch_fft_longdouble_n4096_b8_contiguous,batch,fft,longdouble,4096,8,contiguous,,,ok,ok,0.0,0.0,8.8817841970012523234e-14,2.168404344971008868e-17,ok,
batch_fft_longdouble_n4096_b64_contiguous,batch,fft,longdouble,4096,64,contiguous,,,ok,ok,0.0,0.0,8.8817841970012523234e-14,2.168404344971008868e-17,ok,
batch_fft_longdouble_n4096_b256_contiguous,batch,fft,longdouble,4096,256,contiguous,,,ok,ok,0.0,0.0,8.8817841970012523234e-14,2.168404344971008868e-17,ok,
batch_fft_longdouble_n4097_b2_contiguous,batch,fft,longdouble,4097,2,contiguous,,,ok,ok,7.076311083754595e-17,3.651431051579689e-19,8.883952601346223332e-14,2.168404344971008868e-17,ok,
batch_fft_longdouble_n4097_b8_contiguous,batch,fft,longdouble,4097,8,contiguous,,,ok,ok,8.673617379884035e-17,4.1814637188860457e-19,8.883952601346223332e-14,2.168404344971008868e-17,ok,
batch_fft_longdouble_n4097_b64_contiguous,batch,fft,longdouble,4097,64,contiguous,,,ok,ok,8.391472671209643e-17,3.657984016363052e-19,8.883952601346223332e-14,2.168404344971008868e-17,ok,
batch_fft_longdouble_n4097_b256_contiguous,batch,fft,longdouble,4097,256,contiguous,,,ok,ok,8.777083671441753e-17,3.6278318067876437e-19,8.883952601346223332e-14,2.168404344971008868e-17,ok,
batch_fft_longdouble_n8192_b2_contiguous,batch,fft,longdouble,8192,2,contiguous,,,ok,ok,0.0,0.0,1.7763568394002504647e-13,2.168404344971008868e-17,ok,
batch_fft_longdouble_n8192_b8_contiguous,batch,fft,longdouble,8192,8,contiguous,,,ok,ok,0.0,0.0,1.7763568394002504647e-13,2.168404344971008868e-17,ok,
batch_fft_longdouble_n8192_b64_contiguous,batch,fft,longdouble,8192,64,contiguous,,,ok,ok,0.0,0.0,1.7763568394002504647e-13,2.168404344971008868e-17,ok,
batch_ifft_float32_n64_b2_contiguous,batch,ifft,float32,64,2,contiguous,,,ok,ok,0.0,0.0,0.0015258789,2.3841858e-05,ok,
batch_ifft_float32_n64_b8_contiguous,batch,ifft,float32,64,8,contiguous,,,ok,ok,0.0,0.0,0.0015258789,2.3841858e-05,ok,
batch_ifft_float32_n64_b64_contiguous,batch,ifft,float32,64,64,contiguous,,,ok,ok,0.0,0.0,0.0015258789,2.3841858e-05,ok,
batch_ifft_float32_n64_b256_contiguous,batch,ifft,float32,64,256,contiguous,,,ok,ok,0.0,0.0,0.0015258789,2.3841858e-05,ok,
batch_ifft_float32_n1024_b2_contiguous,batch,ifft,float32,1024,2,contiguous,,,ok,ok,0.0,0.0,0.024414062,2.3841858e-05,ok,
batch_ifft_float32_n1024_b8_contiguous,batch,ifft,float32,1024,8,contiguous,,,ok,ok,0.0,0.0,0.024414062,2.3841858e-05,ok,
batch_ifft_float32_n1024_b64_contiguous,batch,ifft,float32,1024,64,contiguous,,,ok,ok,0.0,0.0,0.024414062,2.3841858e-05,ok,
batch_ifft_float32_n1024_b256_contiguous,batch,ifft,float32,1024,256,contiguous,,,ok,ok,0.0,0.0,0.024414062,2.3841858e-05,ok,
batch_ifft_float32_n4096_b2_contiguous,batch,ifft,float32,4096,2,contiguous,,,ok,ok,0.0,0.0,0.09765625,2.3841858e-05,ok,
batch_ifft_float32_n4096_b8_contiguous,batch,ifft,float32,4096,8,contiguous,,,ok,ok,0.0,0.0,0.09765625,2.3841858e-05,ok,
batch_ifft_float32_n4096_b64_contiguous,batch,ifft,float32,4096,64,contiguous,,,ok,ok,0.0,0.0,0.09765625,2.3841858e-05,ok,
batch_ifft_float32_n4096_b256_contiguous,batch,ifft,float32,4096,256,contiguous,,,ok,ok,0.0,0.0,0.09765625,2.3841858e-05,ok,
batch_ifft_float32_n4097_b2_contiguous,batch,ifft,float32,4097,2,contiguous,,,ok,ok,4.986112797161949e-18,1.0588131086515403e-16,0.09768009,2.3841858e-05,ok,
batch_ifft_float32_n4097_b8_contiguous,batch,ifft,float32,4097,8,contiguous,,,ok,ok,1.3007251350635075e-17,2.6329992830939064e-16,0.09768009,2.3841858e-05,ok,
batch_ifft_float32_n4097_b64_contiguous,batch,ifft,float32,4097,64,contiguous,,,ok,ok,1.1056163069013385e-17,1.988174500888065e-16,0.09768009,2.3841858e-05,ok,
batch_ifft_float32_n4097_b256_contiguous,batch,ifft,float32,4097,256,contiguous,,,ok,ok,1.9944451188647794e-17,3.519333597826485e-16,0.09768009,2.3841858e-05,ok,
batch_ifft_float32_n8192_b2_contiguous,batch,ifft,float32,8192,2,contiguous,,,ok,ok,0.0,0.0,0.1953125,2.3841858e-05,ok,
batch_ifft_float32_n8192_b8_contiguous,batch,ifft,float32,8192,8,contiguous,,,ok,ok,0.0,0.0,0.1953125,2.3841858e-05,ok,
batch_ifft_float32_n8192_b64_contiguous,batch,ifft,float32,8192,64,contiguous,,,ok,ok,0.0,0.0,0.1953125,2.3841858e-05,ok,
batch_ifft_float64_n64_b2_contiguous,batch,ifft,float64,64,2,contiguous,,,ok,ok,0.0,0.0,2.8421709430404007e-12,4.440892098500626e-14,ok,
batch_ifft_float64_n64_b8_contiguous,batch,ifft,float64,64,8,contiguous,,,ok,ok,0.0,0.0,2.8421709430404007e-12,4.440892098500626e-14,ok,
batch_ifft_float64_n64_b64_contiguous,batch,ifft,float64,64,64,contiguous,,,ok,ok,0.0,0.0,2.8421709430404007e-12,4.440892098500626e-14,ok,
batch_ifft_float64_n64_b256_contiguous,batch,ifft,float64,64,256,contiguous,,,ok,ok,0.0,0.0,2.8421709430404007e-12,4.440892098500626e-14,ok,
batch_ifft_float64_n1024_b2_contiguous,batch,ifft,float64,1024,2,contiguous,,,ok,ok,0.0,0.0,4.547473508864641e-11,4.440892098500626e-14,ok,
batch_ifft_float64_n1024_b8_contiguous,batch,ifft,float64,1024,8,contiguous,,,ok,ok,0.0,0.0,4.547473508864641e-11,4.440892098500626e-14,ok,
batch_ifft_float64_n1024_b64_contiguous,batch,ifft,float64,1024,64,contiguous,,,ok,ok,0.0,0.0,4.547473508864641e-11,4.440892098500626e-14,ok,
batch_ifft_float64_n1024_b256_contiguous,batch,ifft,float64,1024,256,contiguous,,,ok,ok,0.0,0.0,4.547473508864641e-11,4.440892098500626e-14,ok,
batch_ifft_float64_n4096_b2_contiguous,batch,ifft,float64,4096,2,contiguous,,,ok,ok,0.0,0.0,1.8189894035458565e-10,4.440892098500626e-14,ok,
batch_ifft_float64_n4096_b8_contiguous,batch,ifft,float64,4096,8,contiguous,,,ok,ok,0.0,0.0,1.8189894035458565e-10,4.440892098500626e-14,ok,
batch_ifft_float64_n4096_b64_contiguous,batch,ifft,float64,4096,64,contiguous,,,ok,ok,0.0,0.0,1.8189894035458565e-10,4.440892098500626e-14,ok,
batch_ifft_float64_n4096_b256_contiguous,batch,ifft,float64,4096,256,contiguous,,,ok,ok,0.0,0.0,1.8189894035458565e-10,4.440892098500626e-14,ok,
batch_ifft_float64_n4097_b2_contiguous,batch,ifft,float64,4097,2,contiguous,,,ok,ok,3.2200621996683906e-17,7.817093683143892e-16,1.8194334927557065e-10,4.440892098500626e-14,ok,
batch_ifft_float64_n4097_b8_contiguous,batch,ifft,float64,4097,8,contiguous,,,ok,ok,3.6758131435223557e-17,7.609220856014558e-16,1.8194334927557065e-10,4.440892098500626e-14,ok,
batch_ifft_float64_n4097_b64_contiguous,batch,ifft,float64,4097,64,contiguous,,,ok,ok,4.306344026964451e-17,8.203394338465183e-16,1.8194334927557065e-10,4.440892098500626e-14,ok,
batch_ifft_float64_n4097_b256_contiguous,batch,ifft,float64,4097,256,contiguous,,,ok,ok,4.336808689942018e-17,7.609396384236395e-16,1.8194334927557065e-10,4.440892098500626e-14,ok,
batch_ifft_float64_n8192_b2_contiguous,batch,ifft,float64,8192,2,contiguous,,,ok,ok,0.0,0.0,3.637978807091713e-10,4.440892098500626e-14,ok,
batch_ifft_float64_n8192_b8_contiguous,batch,ifft,float64,8192,8,contiguous,,,ok,ok,0.0,0.0,3.637978807091713e-10,4.440892098500626e-14,ok,
batch_ifft_float64_n8192_b64_contiguous,batch,ifft,float64,8192,64,contiguous,,,ok,ok,0.0,0.0,3.637978807091713e-10,4.440892098500626e-14,ok,
batch_ifft_longdouble_n64_b2_contiguous,batch,ifft,longdouble,64,2,contiguous,,,ok,ok,0.0,0.0,1.3877787807814456755e-15,2.168404344971008868e-17,ok,
batch_ifft_longdouble_n64_b8_contiguous,batch,ifft,longdouble,64,8,contiguous,,,ok,ok,0.0,0.0,1.3877787807814456755e-15,2.168404344971008868e-17,ok,
batch_ifft_longdouble_n64_b64_contiguous,batch,ifft,longdouble,64,64,contiguous,,,ok,ok,0.0,0.0,1.3877787807814456755e-15,2.168404344971008868e-17,ok,
batch_ifft_longdouble_n64_b256_contiguous,batch,ifft,longdouble,64,256,contiguous,,,ok,ok,0.0,0.0,1.3877787807814456755e-15,2.168404344971008868e-17,ok,
batch_ifft_longdouble_n1024_b2_contiguous,batch,ifft,longdouble,1024,2,contiguous,,,ok,ok,0.0,0.0,2.2204460492503130808e-14,2.168404344971008868e-17,ok,
batch_ifft_longdouble_n1024_b8_contiguous,batch,ifft,longdouble,1024,8,contiguous,,,ok,ok,0.0,0.0,2.2204460492503130808e-14,2.168404344971008868e-17,ok,
batch_ifft_longdouble_n1024_b64_contiguous,batch,ifft,longdouble,1024,64,contiguous,,,ok,ok,0.0,0.0,2.2204460492503130808e-14,2.168404344971008868e-17,ok,
batch_ifft_longdouble_n1024_b256_contiguous,batch,ifft,longdouble,1024,256,contiguous,,,ok,ok,0.0,0.0,2.2204460492503130808e-14,2.168404344971008868e-17,ok,
batch_ifft_longdouble_n4096_b2_contiguous,batch,ifft,longdouble,4096,2,contiguous,,,ok,ok,0.0,0.0,8.8817841970012523234e-14,2.168404344971008868e-17,ok,
batch_ifft_longdouble_n4096_b8_contiguous,batch,ifft,longdouble,4096,8,contiguous,,,ok,ok,0.0,0.0,8.8817841970012523234e-14,2.168404344971008868e-17,ok,
batch_ifft_longdouble_n4096_b64_contiguous,batch,ifft,longdouble,4096,64,contiguous,,,ok,ok,0.0,0.0,8.8817841970012523234e-14,2.168404344971008868e-17,ok,
batch_ifft_longdouble_n4096_b256_contiguous,batch,ifft,longdouble,4096,256,contiguous,,,ok,ok,0.0,0.0,8.8817841970012523234e-14,2.168404344971008868e-17,ok,
batch_ifft_longdouble_n4097_b2_contiguous,batch,ifft,longdouble,4097,2,contiguous,,,ok,ok,1.6940658945086007e-20,3.4707102798549747e-19,8.883952601346223332e-14,2.168404344971008868e-17,ok,
batch_ifft_longdouble_n4097_b8_contiguous,batch,ifft,longdouble,4097,8,contiguous,,,ok,ok,2.0438783911886732e-20,4.635694020778483e-19,8.883952601346223332e-14,2.168404344971008868e-17,ok,
batch_ifft_longdouble_n4097_b64_contiguous,batch,ifft,longdouble,4097,64,contiguous,,,ok,ok,2.01337433121584e-20,3.805840210627734e-19,8.883952601346223332e-14,2.168404344971008868e-17,ok,
batch_ifft_longdouble_n4097_b256_contiguous,batch,ifft,longdouble,4097,256,contiguous,,,ok,ok,2.0765267950457998e-20,3.6005857160870755e-19,8.883952601346223332e-14,2.168404344971008868e-17,ok,
batch_ifft_longdouble_n8192_b2_contiguous,batch,ifft,longdouble,8192,2,contiguous,,,ok,ok,0.0,0.0,1.7763568394002504647e-13,2.168404344971008868e-17,ok,
batch_ifft_longdouble_n8192_b8_contiguous,batch,ifft,longdouble,8192,8,contiguous,,,ok,ok,0.0,0.0,1.7763568394002504647e-13,2.168404344971008868e-17,ok,
batch_ifft_longdouble_n8192_b64_contiguous,batch,ifft,longdouble,8192,64,contiguous,,,ok,ok,0.0,0.0,1.7763568394002504647e-13,2.168404344971008868e-17,ok,
batch_fft_clongdouble_n64_b2_contiguous,batch,fft,clongdouble,64,2,contiguous,,,ok,ok,0.0,0.0,1.3877787807814456755e-15,2.168404344971008868e-17,ok,
batch_fft_clongdouble_n64_b8_contiguous,batch,fft,clongdouble,64,8,contiguous,,,ok,ok,0.0,0.0,1.3877787807814456755e-15,2.168404344971008868e-17,ok,
batch_fft_clongdouble_n64_b64_contiguous,batch,fft,clongdouble,64,64,contiguous,,,ok,ok,0.0,0.0,1.3877787807814456755e-15,2.168404344971008868e-17,ok,
batch_fft_clongdouble_n64_b256_contiguous,batch,fft,clongdouble,64,256,contiguous,,,ok,ok,0.0,0.0,1.3877787807814456755e-15,2.168404344971008868e-17,ok,
batch_fft_clongdouble_n1024_b2_contiguous,batch,fft,clongdouble,1024,2,contiguous,,,ok,ok,0.0,0.0,2.2204460492503130808e-14,2.168404344971008868e-17,ok,
batch_fft_clongdouble_n1024_b8_contiguous,batch,fft,clongdouble,1024,8,contiguous,,,ok,ok,0.0,0.0,2.2204460492503130808e-14,2.168404344971008868e-17,ok,
batch_fft_clongdouble_n1024_b64_contiguous,batch,fft,clongdouble,1024,64,contiguous,,,ok,ok,0.0,0.0,2.2204460492503130808e-14,2.168404344971008868e-17,ok,
batch_fft_clongdouble_n1024_b256_contiguous,batch,fft,clongdouble,1024,256,contiguous,,,ok,ok,0.0,0.0,2.2204460492503130808e-14,2.168404344971008868e-17,ok,
batch_fft_clongdouble_n4096_b2_contiguous,batch,fft,clongdouble,4096,2,contiguous,,,ok,ok,0.0,0.0,8.8817841970012523234e-14,2.168404344971008868e-17,ok,
batch_fft_clongdouble_n4096_b8_contiguous,batch,fft,clongdouble,4096,8,contiguous,,,ok,ok,0.0,0.0,8.8817841970012523234e-14,2.168404344971008868e-17,ok,
batch_fft_clongdouble_n4096_b64_contiguous,batch,fft,clongdouble,4096,64,contiguous,,,ok,ok,0.0,0.0,8.8817841970012523234e-14,2.168404344971008868e-17,ok,
batch_fft_clongdouble_n4096_b256_contiguous,batch,fft,clongdouble,4096,256,contiguous,,,ok,ok,0.0,0.0,8.8817841970012523234e-14,2.168404344971008868e-17,ok,
batch_fft_clongdouble_n4097_b2_contiguous,batch,fft,clongdouble,4097,2,contiguous,,,ok,ok,9.341771812940339e-17,3.3568342739149276e-19,8.883952601346223332e-14,2.168404344971008868e-17,ok,
batch_fft_clongdouble_n4097_b8_contiguous,batch,fft,clongdouble,4097,8,contiguous,,,ok,ok,1.0013427371767394e-16,3.3288195172560014e-19,8.883952601346223332e-14,2.168404344971008868e-17,ok,
batch_fft_clongdouble_n4097_b64_contiguous,batch,fft,clongdouble,4097,64,contiguous,,,ok,ok,1.389512421408389e-16,4.0987732118188326e-19,8.883952601346223332e-14,2.168404344971008868e-17,ok,
batch_fft_clongdouble_n4097_b256_contiguous,batch,fft,clongdouble,4097,256,contiguous,,,ok,ok,1.2118257228641695e-16,3.681711070374574e-19,8.883952601346223332e-14,2.168404344971008868e-17,ok,
batch_fft_clongdouble_n8192_b2_contiguous,batch,fft,clongdouble,8192,2,contiguous,,,ok,ok,0.0,0.0,1.7763568394002504647e-13,2.168404344971008868e-17,ok,
batch_fft_clongdouble_n8192_b8_contiguous,batch,fft,clongdouble,8192,8,contiguous,,,ok,ok,0.0,0.0,1.7763568394002504647e-13,2.168404344971008868e-17,ok,
batch_fft_clongdouble_n8192_b64_contiguous,batch,fft,clongdouble,8192,64,contiguous,,,ok,ok,0.0,0.0,1.7763568394002504647e-13,2.168404344971008868e-17,ok,
batch_ifft_clongdouble_n64_b2_contiguous,batch,ifft,clongdouble,64,2,contiguous,,,ok,ok,0.0,0.0,1.3877787807814456755e-15,2.168404344971008868e-17,ok,
batch_ifft_clongdouble_n64_b8_contiguous,batch,ifft,clongdouble,64,8,contiguous,,,ok,ok,0.0,0.0,1.3877787807814456755e-15,2.168404344971008868e-17,ok,
batch_ifft_clongdouble_n64_b64_contiguous,batch,ifft,clongdouble,64,64,contiguous,,,ok,ok,0.0,0.0,1.3877787807814456755e-15,2.168404344971008868e-17,ok,
batch_ifft_clongdouble_n64_b256_contiguous,batch,ifft,clongdouble,64,256,contiguous,,,ok,ok,0.0,0.0,1.3877787807814456755e-15,2.168404344971008868e-17,ok,
batch_ifft_clongdouble_n1024_b2_contiguous,batch,ifft,clongdouble,1024,2,contiguous,,,ok,ok,0.0,0.0,2.2204460492503130808e-14,2.168404344971008868e-17,ok,
batch_ifft_clongdouble_n1024_b8_contiguous,batch,ifft,clongdouble,1024,8,contiguous,,,ok,ok,0.0,0.0,2.2204460492503130808e-14,2.168404344971008868e-17,ok,
batch_ifft_clongdouble_n1024_b64_contiguous,batch,ifft,clongdouble,1024,64,contiguous,,,ok,ok,0.0,0.0,2.2204460492503130808e-14,2.168404344971008868e-17,ok,
batch_ifft_clongdouble_n1024_b256_contiguous,batch,ifft,clongdouble,1024,256,contiguous,,,ok,ok,0.0,0.0,2.2204460492503130808e-14,2.168404344971008868e-17,ok,
batch_ifft_clongdouble_n4096_b2_contiguous,batch,ifft,clongdouble,4096,2,contiguous,,,ok,ok,0.0,0.0,8.8817841970012523234e-14,2.168404344971008868e-17,ok,
batch_ifft_clongdouble_n4096_b8_contiguous,batch,ifft,clongdouble,4096,8,contiguous,,,ok,ok,0.0,0.0,8.8817841970012523234e-14,2.168404344971008868e-17,ok,
batch_ifft_clongdouble_n4096_b64_contiguous,batch,ifft,clongdouble,4096,64,contiguous,,,ok,ok,0.0,0.0,8.8817841970012523234e-14,2.168404344971008868e-17,ok,
batch_ifft_clongdouble_n4096_b256_contiguous,batch,ifft,clongdouble,4096,256,contiguous,,,ok,ok,0.0,0.0,8.8817841970012523234e-14,2.168404344971008868e-17,ok,
batch_ifft_clongdouble_n4097_b2_contiguous,batch,ifft,clongdouble,4097,2,contiguous,,,ok,ok,2.3213377967571253e-20,3.313988345939763e-19,8.883952601346223332e-14,2.168404344971008868e-17,ok,
batch_ifft_clongdouble_n4097_b8_contiguous,batch,ifft,clongdouble,4097,8,contiguous,,,ok,ok,2.5184100050252478e-20,2.692411324109407e-19,8.883952601346223332e-14,2.168404344971008868e-17,ok,
batch_ifft_clongdouble_n4097_b64_contiguous,batch,ifft,clongdouble,4097,64,contiguous,,,ok,ok,2.7939250479261703e-20,3.5376380731228924e-19,8.883952601346223332e-14,2.168404344971008868e-17,ok,
batch_ifft_clongdouble_n4097_b256_contiguous,batch,ifft,clongdouble,4097,256,contiguous,,,ok,ok,3.123703165601137e-20,3.358605245201695e-19,8.883952601346223332e-14,2.168404344971008868e-17,ok,
batch_ifft_clongdouble_n8192_b2_contiguous,batch,ifft,clongdouble,8192,2,contiguous,,,ok,ok,0.0,0.0,1.7763568394002504647e-13,2.168404344971008868e-17,ok,
batch_ifft_clongdouble_n8192_b8_contiguous,batch,ifft,clongdouble,8192,8,contiguous,,,ok,ok,0.0,0.0,1.7763568394002504647e-13,2.168404344971008868e-17,ok,
batch_ifft_clongdouble_n8192_b64_contiguous,batch,ifft,clongdouble,8192,64,contiguous,,,ok,ok,0.0,0.0,1.7763568394002504647e-13,2.168404344971008868e-17,ok,
batch_rfft_longdouble_n64_b2_contiguous,batch,rfft,longdouble,64,2,contiguous,,,ok,ok,0.0,0.0,1.3877787807814456755e-15,2.168404344971008868e-17,ok,
batch_rfft_longdouble_n64_b8_contiguous,batch,rfft,longdouble,64,8,contiguous,,,ok,ok,0.0,0.0,1.3877787807814456755e-15,2.168404344971008868e-17,ok,
batch_rfft_longdouble_n64_b64_contiguous,batch,rfft,longdouble,64,64,contiguous,,,ok,ok,0.0,0.0,1.3877787807814456755e-15,2.168404344971008868e-17,ok,
batch_rfft_longdouble_n64_b256_contiguous,batch,rfft,longdouble,64,256,contiguous,,,ok,ok,0.0,0.0,1.3877787807814456755e-15,2.168404344971008868e-17,ok,
batch_rfft_longdouble_n1024_b2_contiguous,batch,rfft,longdouble,1024,2,contiguous,,,ok,ok,0.0,0.0,2.2204460492503130808e-14,2.168404344971008868e-17,ok,
batch_rfft_longdouble_n1024_b8_contiguous,batch,rfft,longdouble,1024,8,contiguous,,,ok,ok,0.0,0.0,2.2204460492503130808e-14,2.168404344971008868e-17,ok,
batch_rfft_longdouble_n1024_b64_contiguous,batch,rfft,longdouble,1024,64,contiguous,,,ok,ok,0.0,0.0,2.2204460492503130808e-14,2.168404344971008868e-17,ok,
batch_rfft_longdouble_n1024_b256_contiguous,batch,rfft,longdouble,1024,256,contiguous,,,ok,ok,0.0,0.0,2.2204460492503130808e-14,2.168404344971008868e-17,ok,
batch_rfft_longdouble_n4096_b2_contiguous,batch,rfft,longdouble,4096,2,contiguous,,,ok,ok,0.0,0.0,8.8817841970012523234e-14,2.168404344971008868e-17,ok,
batch_rfft_longdouble_n4096_b8_contiguous,batch,rfft,longdouble,4096,8,contiguous,,,ok,ok,0.0,0.0,8.8817841970012523234e-14,2.168404344971008868e-17,ok,
batch_rfft_longdouble_n4096_b64_contiguous,batch,rfft,longdouble,4096,64,contiguous,,,ok,ok,0.0,0.0,8.8817841970012523234e-14,2.168404344971008868e-17,ok,
batch_rfft_longdouble_n4096_b256_contiguous,batch,rfft,longdouble,4096,256,contiguous,,,ok,ok,0.0,0.0,8.8817841970012523234e-14,2.168404344971008868e-17,ok,
batch_rfft_longdouble_n4097_b2_contiguous,batch,rfft,longdouble,4097,2,contiguous,,,ok,ok,4.654751537338637e-17,2.5690747903139955e-19,8.883952601346223332e-14,2.168404344971008868e-17,ok,
batch_rfft_longdouble_n4097_b8_contiguous,batch,rfft,longdouble,4097,8,contiguous,,,ok,ok,5.721958498152797e-17,2.769899695314839e-19,8.883952601346223332e-14,2.168404344971008868e-17,ok,
batch_rfft_longdouble_n4097_b64_contiguous,batch,rfft,longdouble,4097,64,contiguous,,,ok,ok,5.551115123125783e-17,2.535057413382579e-19,8.883952601346223332e-14,2.168404344971008868e-17,ok,
batch_rfft_longdouble_n4097_b256_contiguous,batch,rfft,longdouble,4097,256,contiguous,,,ok,ok,5.815852873680767e-17,2.519604455525075e-19,8.883952601346223332e-14,2.168404344971008868e-17,ok,
batch_rfft_longdouble_n8192_b2_contiguous,batch,rfft,longdouble,8192,2,contiguous,,,ok,ok,0.0,0.0,1.7763568394002504647e-13,2.168404344971008868e-17,ok,
batch_rfft_longdouble_n8192_b8_contiguous,batch,rfft,longdouble,8192,8,contiguous,,,ok,ok,0.0,0.0,1.7763568394002504647e-13,2.168404344971008868e-17,ok,
batch_rfft_longdouble_n8192_b64_contiguous,batch,rfft,longdouble,8192,64,contiguous,,,ok,ok,0.0,0.0,1.7763568394002504647e-13,2.168404344971008868e-17,ok,
batch_irfft_clongdouble_n64_b2_contiguous,batch,irfft,clongdouble,64,2,contiguous,,,ok,ok,0.0,0.0,1.3877787807814456755e-15,2.168404344971008868e-17,ok,
batch_irfft_clongdouble_n64_b8_contiguous,batch,irfft,clongdouble,64,8,contiguous,,,ok,ok,0.0,0.0,1.3877787807814456755e-15,2.168404344971008868e-17,ok,
batch_irfft_clongdouble_n64_b64_contiguous,batch,irfft,clongdouble,64,64,contiguous,,,ok,ok,0.0,0.0,1.3877787807814456755e-15,2.168404344971008868e-17,ok,
batch_irfft_clongdouble_n64_b256_contiguous,batch,irfft,clongdouble,64,256,contiguous,,,ok,ok,0.0,0.0,1.3877787807814456755e-15,2.168404344971008868e-17,ok,
batch_irfft_clongdouble_n1024_b2_contiguous,batch,irfft,clongdouble,1024,2,contiguous,,,ok,ok,0.0,0.0,2.2204460492503130808e-14,2.168404344971008868e-17,ok,
batch_irfft_clongdouble_n1024_b8_contiguous,batch,irfft,clongdouble,1024,8,contiguous,,,ok,ok,0.0,0.0,2.2204460492503130808e-14,2.168404344971008868e-17,ok,
batch_irfft_clongdouble_n1024_b64_contiguous,batch,irfft,clongdouble,1024,64,contiguous,,,ok,ok,0.0,0.0,2.2204460492503130808e-14,2.168404344971008868e-17,ok,
batch_irfft_clongdouble_n1024_b256_contiguous,batch,irfft,clongdouble,1024,256,contiguous,,,ok,ok,0.0,0.0,2.2204460492503130808e-14,2.168404344971008868e-17,ok,
batch_irfft_clongdouble_n4096_b2_contiguous,batch,irfft,clongdouble,4096,2,contiguous,,,ok,ok,0.0,0.0,8.8817841970012523234e-14,2.168404344971008868e-17,ok,
batch_irfft_clongdouble_n4096_b8_contiguous,batch,irfft,clongdouble,4096,8,contiguous,,,ok,ok,0.0,0.0,8.8817841970012523234e-14,2.168404344971008868e-17,ok,
batch_irfft_clongdouble_n4096_b64_contiguous,batch,irfft,clongdouble,4096,64,contiguous,,,ok,ok,0.0,0.0,8.8817841970012523234e-14,2.168404344971008868e-17,ok,
batch_irfft_clongdouble_n4096_b256_contiguous,batch,irfft,clongdouble,4096,256,contiguous,,,ok,ok,0.0,0.0,8.8817841970012523234e-14,2.168404344971008868e-17,ok,
batch_irfft_clongdouble_n4097_b2_contiguous,batch,irfft,clongdouble,4097,2,contiguous,,,ok,ok,0.0,0.0,8.883952601346223332e-14,2.168404344971008868e-17,ok,
batch_irfft_clongdouble_n4097_b8_contiguous,batch,irfft,clongdouble,4097,8,contiguous,,,ok,ok,0.0,0.0,8.883952601346223332e-14,2.168404344971008868e-17,ok,
batch_irfft_clongdouble_n4097_b64_contiguous,batch,irfft,clongdouble,4097,64,contiguous,,,ok,ok,0.0,0.0,8.883952601346223332e-14,2.168404344971008868e-17,ok,
batch_irfft_clongdouble_n4097_b256_contiguous,batch,irfft,clongdouble,4097,256,contiguous,,,ok,ok,0.0,0.0,8.883952601346223332e-14,2.168404344971008868e-17,ok,
batch_irfft_clongdouble_n8192_b2_contiguous,batch,irfft,clongdouble,8192,2,contiguous,,,ok,ok,0.0,0.0,1.7763568394002504647e-13,2.168404344971008868e-17,ok,
batch_irfft_clongdouble_n8192_b8_contiguous,batch,irfft,clongdouble,8192,8,contiguous,,,ok,ok,0.0,0.0,1.7763568394002504647e-13,2.168404344971008868e-17,ok,
batch_irfft_clongdouble_n8192_b64_contiguous,batch,irfft,clongdouble,8192,64,contiguous,,,ok,ok,0.0,0.0,1.7763568394002504647e-13,2.168404344971008868e-17,ok,
layout_fft_complex64_n1024_b1_reverse,layout,fft,complex64,1024,1,reverse,,,ok,ok,1.7059845049516298e-05,1.522561765939668e-07,0.024414062,2.3841858e-05,ok,
layout_fft_complex64_n1024_b1_stride2,layout,fft,complex64,1024,1,stride2,,,ok,ok,1.37540864670882e-05,1.1131916734842559e-07,0.024414062,2.3841858e-05,ok,
layout_fft_complex64_n1024_b1_transpose,layout,fft,complex64,1024,1,transpose,,,ok,ok,1.206313208967913e-05,1.3806544332085407e-07,0.024414062,2.3841858e-05,ok,
layout_fft_complex64_n1024_b1_fortran,layout,fft,complex64,1024,1,fortran,,,ok,ok,1.7993890651268885e-05,1.5997796019807566e-07,0.024414062,2.3841858e-05,ok,
layout_fft_complex64_n1024_b8_reverse,layout,fft,complex64,1024,8,reverse,,,ok,ok,1.9892022464773618e-05,1.5159774497769646e-07,0.024414062,2.3841858e-05,ok,
layout_fft_complex64_n1024_b8_stride2,layout,fft,complex64,1024,8,stride2,,,ok,ok,2.288818359375e-05,1.5482344708211991e-07,0.024414062,2.3841858e-05,ok,
layout_fft_complex64_n1024_b8_transpose,layout,fft,complex64,1024,8,transpose,,,ok,ok,1.2516407878138125e-05,1.3481722318479985e-07,0.024414062,2.3841858e-05,ok,
layout_fft_complex64_n1024_b8_fortran,layout,fft,complex64,1024,8,fortran,,,ok,ok,1.9913304640795104e-05,1.1742942860060878e-07,0.024414062,2.3841858e-05,ok,
layout_fft_complex64_n4096_b1_reverse,layout,fft,complex64,4096,1,reverse,,,ok,ok,3.814697265625e-05,1.4078972221512017e-07,0.09765625,2.3841858e-05,ok,
layout_fft_complex64_n4096_b1_stride2,layout,fft,complex64,4096,1,stride2,,,ok,ok,3.4119690099032596e-05,1.2615364224446682e-07,0.09765625,2.3841858e-05,ok,
layout_fft_complex64_n4096_b1_transpose,layout,fft,complex64,4096,1,transpose,,,ok,ok,3.1456798751605675e-05,1.5185286044244948e-07,0.09765625,2.3841858e-05,ok,
layout_fft_complex64_n4096_b1_fortran,layout,fft,complex64,4096,1,fortran,,,ok,ok,3.814697265625e-05,1.3111236675967952e-07,0.09765625,2.3841858e-05,ok,
layout_fft_complex64_n4096_b8_reverse,layout,fft,complex64,4096,8,reverse,,,ok,ok,3.890243169735186e-05,1.4144857004713038e-07,0.09765625,2.3841858e-05,ok,
layout_fft_complex64_n4096_b8_stride2,layout,fft,complex64,4096,8,stride2,,,ok,ok,4.640779297915287e-05,1.6995899034555875e-07,0.09765625,2.3841858e-05,ok,
layout_fft_complex64_n4096_b8_transpose,layout,fft,complex64,4096,8,transpose,,,ok,ok,3.1456798751605675e-05,1.57297578723476e-07,0.09765625,2.3841858e-05,ok,
layout_fft_complex64_n4096_b8_fortran,layout,fft,complex64,4096,8,fortran,,,ok,ok,4.31583721365314e-05,1.3490960448262116e-07,0.09765625,2.3841858e-05,ok,
layout_fft_complex64_n65536_b1_reverse,layout,fft,complex64,65536,1,reverse,,,ok,ok,0.00022217132209334522,1.8593364461309161e-07,1.5625,2.3841858e-05,ok,
layout_fft_complex64_n65536_b1_stride2,layout,fft,complex64,65536,1,stride2,,,ok,ok,0.0002200653834734112,1.9301312806951657e-07,1.5625,2.3841858e-05,ok,
layout_fft_complex64_n65536_b1_transpose,layout,fft,complex64,65536,1,transpose,,,ok,ok,0.00014395112521015108,1.8128744209652146e-07,1.5625,2.3841858e-05,ok,
layout_fft_complex64_n65536_b1_fortran,layout,fft,complex64,65536,1,fortran,,,ok,ok,0.0002200653834734112,1.671925390214731e-07,1.5625,2.3841858e-05,ok,
layout_fft_complex64_n65536_b8_reverse,layout,fft,complex64,65536,8,reverse,,,ok,ok,0.00026074229390360415,1.865713957743103e-07,1.5625,2.3841858e-05,ok,
layout_fft_complex64_n65536_b8_stride2,layout,fft,complex64,65536,8,stride2,,,ok,ok,0.00024875366943888366,1.9282314214907872e-07,1.5625,2.3841858e-05,ok,
layout_fft_complex64_n65536_b8_transpose,layout,fft,complex64,65536,8,transpose,,,ok,ok,0.0001856311719166115,2.024839436693657e-07,1.5625,2.3841858e-05,ok,
layout_fft_complex64_n65536_b8_fortran,layout,fft,complex64,65536,8,fortran,,,ok,ok,0.0002516543900128454,1.9365325456754756e-07,1.5625,2.3841858e-05,ok,
layout_fft_complex128_n1024_b1_reverse,layout,fft,complex128,1024,1,reverse,,,ok,ok,0.0,0.0,4.547473508864641e-11,4.440892098500626e-14,ok,
layout_fft_complex128_n1024_b1_stride2,layout,fft,complex128,1024,1,stride2,,,ok,ok,0.0,0.0,4.547473508864641e-11,4.440892098500626e-14,ok,
layout_fft_complex128_n1024_b1_transpose,layout,fft,complex128,1024,1,transpose,,,ok,ok,0.0,0.0,4.547473508864641e-11,4.440892098500626e-14,ok,
layout_fft_complex128_n1024_b1_fortran,layout,fft,complex128,1024,1,fortran,,,ok,ok,0.0,0.0,4.547473508864641e-11,4.440892098500626e-14,ok,
layout_fft_complex128_n1024_b8_reverse,layout,fft,complex128,1024,8,reverse,,,ok,ok,0.0,0.0,4.547473508864641e-11,4.440892098500626e-14,ok,
layout_fft_complex128_n1024_b8_stride2,layout,fft,complex128,1024,8,stride2,,,ok,ok,0.0,0.0,4.547473508864641e-11,4.440892098500626e-14,ok,
layout_fft_complex128_n1024_b8_transpose,layout,fft,complex128,1024,8,transpose,,,ok,ok,0.0,0.0,4.547473508864641e-11,4.440892098500626e-14,ok,
layout_fft_complex128_n1024_b8_fortran,layout,fft,complex128,1024,8,fortran,,,ok,ok,0.0,0.0,4.547473508864641e-11,4.440892098500626e-14,ok,
layout_fft_complex128_n4096_b1_reverse,layout,fft,complex128,4096,1,reverse,,,ok,ok,0.0,0.0,1.8189894035458565e-10,4.440892098500626e-14,ok,
layout_fft_complex128_n4096_b1_stride2,layout,fft,complex128,4096,1,stride2,,,ok,ok,0.0,0.0,1.8189894035458565e-10,4.440892098500626e-14,ok,
layout_fft_complex128_n4096_b1_transpose,layout,fft,complex128,4096,1,transpose,,,ok,ok,0.0,0.0,1.8189894035458565e-10,4.440892098500626e-14,ok,
layout_fft_complex128_n4096_b1_fortran,layout,fft,complex128,4096,1,fortran,,,ok,ok,0.0,0.0,1.8189894035458565e-10,4.440892098500626e-14,ok,
layout_fft_complex128_n4096_b8_reverse,layout,fft,complex128,4096,8,reverse,,,ok,ok,0.0,0.0,1.8189894035458565e-10,4.440892098500626e-14,ok,
layout_fft_complex128_n4096_b8_stride2,layout,fft,complex128,4096,8,stride2,,,ok,ok,0.0,0.0,1.8189894035458565e-10,4.440892098500626e-14,ok,
layout_fft_complex128_n4096_b8_transpose,layout,fft,complex128,4096,8,transpose,,,ok,ok,0.0,0.0,1.8189894035458565e-10,4.440892098500626e-14,ok,
layout_fft_complex128_n4096_b8_fortran,layout,fft,complex128,4096,8,fortran,,,ok,ok,0.0,0.0,1.8189894035458565e-10,4.440892098500626e-14,ok,
layout_fft_complex128_n65536_b1_reverse,layout,fft,complex128,65536,1,reverse,,,ok,ok,4.764346674119284e-13,3.9460357500658895e-16,2.9103830456733704e-09,4.440892098500626e-14,ok,
layout_fft_complex128_n65536_b1_stride2,layout,fft,complex128,65536,1,stride2,,,ok,ok,5.684341886080801e-13,4.984883619799666e-16,2.9103830456733704e-09,4.440892098500626e-14,ok,
layout_fft_complex128_n65536_b1_transpose,layout,fft,complex128,65536,1,transpose,,,ok,ok,3.515571301265078e-13,4.045500772649976e-16,2.9103830456733704e-09,4.440892098500626e-14,ok,
layout_fft_complex128_n65536_b1_fortran,layout,fft,complex128,65536,1,fortran,,,ok,ok,5.022285747336438e-13,4.3729638985925103e-16,2.9103830456733704e-09,4.440892098500626e-14,ok,
layout_fft_complex128_n65536_b8_reverse,layout,fft,complex128,65536,8,reverse,,,ok,ok,5.796914039811765e-13,4.722859788229801e-16,2.9103830456733704e-09,4.440892098500626e-14,ok,
layout_fft_complex128_n65536_b8_stride2,layout,fft,complex128,65536,8,stride2,,,ok,ok,6.27856082768816e-13,4.726264177206527e-16,2.9103830456733704e-09,4.440892098500626e-14,ok,
layout_fft_complex128_n65536_b8_transpose,layout,fft,complex128,65536,8,transpose,,,ok,ok,4.687428401686771e-13,5.474484826625591e-16,2.9103830456733704e-09,4.440892098500626e-14,ok,
layout_fft_complex128_n65536_b8_fortran,layout,fft,complex128,65536,8,fortran,,,ok,ok,6.844854043943254e-13,4.893569857723332e-16,2.9103830456733704e-09,4.440892098500626e-14,ok,
layout_ifft_complex64_n1024_b1_reverse,layout,ifft,complex64,1024,1,reverse,,,ok,ok,1.944658656327647e-08,1.4094479845152635e-07,0.024414062,2.3841858e-05,ok,
layout_ifft_complex64_n1024_b1_stride2,layout,ifft,complex64,1024,1,stride2,,,ok,ok,1.7890123160668736e-08,1.4214305164728742e-07,0.024414062,2.3841858e-05,ok,
layout_ifft_complex64_n1024_b1_transpose,layout,ifft,complex64,1024,1,transpose,,,ok,ok,1.2495004142465405e-08,1.7493968492332824e-07,0.024414062,2.3841858e-05,ok,
layout_ifft_complex64_n1024_b1_fortran,layout,ifft,complex64,1024,1,fortran,,,ok,ok,1.9199706713379783e-08,1.70874563816359e-07,0.024414062,2.3841858e-05,ok,
layout_ifft_complex64_n1024_b8_reverse,layout,ifft,complex64,1024,8,reverse,,,ok,ok,0.0,0.0,0.024414062,2.3841858e-05,ok,
layout_ifft_complex64_n1024_b8_stride2,layout,ifft,complex64,1024,8,stride2,,,ok,ok,0.0,0.0,0.024414062,2.3841858e-05,ok,
layout_ifft_complex64_n1024_b8_transpose,layout,ifft,complex64,1024,8,transpose,,,ok,ok,0.0,0.0,0.024414062,2.3841858e-05,ok,
layout_ifft_complex64_n1024_b8_fortran,layout,ifft,complex64,1024,8,fortran,,,ok,ok,0.0,0.0,0.024414062,2.3841858e-05,ok,
layout_ifft_complex64_n4096_b1_reverse,layout,ifft,complex64,4096,1,reverse,,,ok,ok,1.1320604897946396e-08,1.6847059698026942e-07,0.09765625,2.3841858e-05,ok,
layout_ifft_complex64_n4096_b1_stride2,layout,ifft,complex64,4096,1,stride2,,,ok,ok,1.2107192581822801e-08,1.7574831809287542e-07,0.09765625,2.3841858e-05,ok,
layout_ifft_complex64_n4096_b1_transpose,layout,ifft,complex64,4096,1,transpose,,,ok,ok,8.33000246558413e-09,1.8409115580291848e-07,0.09765625,2.3841858e-05,ok,
layout_ifft_complex64_n4096_b1_fortran,layout,ifft,complex64,4096,1,fortran,,,ok,ok,1.0860993882033654e-08,1.6990211886317344e-07,0.09765625,2.3841858e-05,ok,
layout_ifft_complex64_n4096_b8_reverse,layout,ifft,complex64,4096,8,reverse,,,ok,ok,0.0,0.0,0.09765625,2.3841858e-05,ok,
layout_ifft_complex64_n4096_b8_stride2,layout,ifft,complex64,4096,8,stride2,,,ok,ok,0.0,0.0,0.09765625,2.3841858e-05,ok,
layout_ifft_complex64_n4096_b8_transpose,layout,ifft,complex64,4096,8,transpose,,,ok,ok,0.0,0.0,0.09765625,2.3841858e-05,ok,
layout_ifft_complex64_n4096_b8_fortran,layout,ifft,complex64,4096,8,fortran,,,ok,ok,0.0,0.0,0.09765625,2.3841858e-05,ok,
layout_ifft_complex64_n65536_b1_reverse,layout,ifft,complex64,65536,1,reverse,,,ok,ok,4.861646640819117e-09,2.435648661261517e-07,1.5625,2.3841858e-05,ok,
layout_ifft_complex64_n65536_b1_stride2,layout,ifft,complex64,65536,1,stride2,,,ok,ok,3.754281330259346e-09,1.9264541842871056e-07,1.5625,2.3841858e-05,ok,
layout_ifft_complex64_n65536_b1_transpose,layout,ifft,complex64,65536,1,transpose,,,ok,ok,2.4308233204095586e-09,1.9500228062875075e-07,1.5625,2.3841858e-05,ok,
layout_ifft_complex64_n65536_b1_fortran,layout,ifft,complex64,65536,1,fortran,,,ok,ok,3.9994212386318395e-09,2.1361499667977754e-07,1.5625,2.3841858e-05,ok,
layout_ifft_complex64_n65536_b8_reverse,layout,ifft,complex64,65536,8,reverse,,,ok,ok,4.019280019917915e-09,2.003282301924393e-07,1.5625,2.3841858e-05,ok,
layout_ifft_complex64_n65536_b8_stride2,layout,ifft,complex64,65536,8,stride2,,,ok,ok,4.44517533892963e-09,2.1613635468524816e-07,1.5625,2.3841858e-05,ok,
layout_ifft_complex64_n65536_b8_transpose,layout,ifft,complex64,65536,8,transpose,,,ok,ok,2.8799558293712835e-09,1.9446197181120574e-07,1.5625,2.3841858e-05,ok,
layout_ifft_complex64_n65536_b8_fortran,layout,ifft,complex64,65536,8,fortran,,,ok,ok,4.330900083004963e-09,2.1664084618510048e-07,1.5625,2.3841858e-05,ok,
layout_ifft_complex128_n1024_b1_reverse,layout,ifft,complex128,1024,1,reverse,,,ok,ok,0.0,0.0,4.547473508864641e-11,4.440892098500626e-14,ok,
layout_ifft_complex128_n1024_b1_stride2,layout,ifft,complex128,1024,1,stride2,,,ok,ok,0.0,0.0,4.547473508864641e-11,4.440892098500626e-14,ok,
layout_ifft_complex128_n1024_b1_transpose,layout,ifft,complex128,1024,1,transpose,,,ok,ok,0.0,0.0,4.547473508864641e-11,4.440892098500626e-14,ok,
layout_ifft_complex128_n1024_b1_fortran,layout,ifft,complex128,1024,1,fortran,,,ok,ok,0.0,0.0,4.547473508864641e-11,4.440892098500626e-14,ok,
layout_ifft_complex128_n1024_b8_reverse,layout,ifft,complex128,1024,8,reverse,,,ok,ok,0.0,0.0,4.547473508864641e-11,4.440892098500626e-14,ok,
layout_ifft_complex128_n1024_b8_stride2,layout,ifft,complex128,1024,8,stride2,,,ok,ok,0.0,0.0,4.547473508864641e-11,4.440892098500626e-14,ok,
layout_ifft_complex128_n1024_b8_transpose,layout,ifft,complex128,1024,8,transpose,,,ok,ok,0.0,0.0,4.547473508864641e-11,4.440892098500626e-14,ok,
layout_ifft_complex128_n1024_b8_fortran,layout,ifft,complex128,1024,8,fortran,,,ok,ok,0.0,0.0,4.547473508864641e-11,4.440892098500626e-14,ok,
layout_ifft_complex128_n4096_b1_reverse,layout,ifft,complex128,4096,1,reverse,,,ok,ok,0.0,0.0,1.8189894035458565e-10,4.440892098500626e-14,ok,
layout_ifft_complex128_n4096_b1_stride2,layout,ifft,complex128,4096,1,stride2,,,ok,ok,0.0,0.0,1.8189894035458565e-10,4.440892098500626e-14,ok,
layout_ifft_complex128_n4096_b1_transpose,layout,ifft,complex128,4096,1,transpose,,,ok,ok,0.0,0.0,1.8189894035458565e-10,4.440892098500626e-14,ok,
layout_ifft_complex128_n4096_b1_fortran,layout,ifft,complex128,4096,1,fortran,,,ok,ok,0.0,0.0,1.8189894035458565e-10,4.440892098500626e-14,ok,
layout_ifft_complex128_n4096_b8_reverse,layout,ifft,complex128,4096,8,reverse,,,ok,ok,0.0,0.0,1.8189894035458565e-10,4.440892098500626e-14,ok,
layout_ifft_complex128_n4096_b8_stride2,layout,ifft,complex128,4096,8,stride2,,,ok,ok,0.0,0.0,1.8189894035458565e-10,4.440892098500626e-14,ok,
layout_ifft_complex128_n4096_b8_transpose,layout,ifft,complex128,4096,8,transpose,,,ok,ok,0.0,0.0,1.8189894035458565e-10,4.440892098500626e-14,ok,
layout_ifft_complex128_n4096_b8_fortran,layout,ifft,complex128,4096,8,fortran,,,ok,ok,0.0,0.0,1.8189894035458565e-10,4.440892098500626e-14,ok,
layout_ifft_complex128_n65536_b1_reverse,layout,ifft,complex128,65536,1,reverse,,,ok,ok,7.217888169571746e-18,3.982531530748875e-16,2.9103830456733704e-09,4.440892098500626e-14,ok,
layout_ifft_complex128_n65536_b1_stride2,layout,ifft,complex128,65536,1,stride2,,,ok,ok,8.770652787438943e-18,4.58584110269827e-16,2.9103830456733704e-09,4.440892098500626e-14,ok,
layout_ifft_complex128_n65536_b1_transpose,layout,ifft,complex128,65536,1,transpose,,,ok,ok,5.485677294651096e-18,4.3403166729795973e-16,2.9103830456733704e-09,4.440892098500626e-14,ok,
layout_ifft_complex128_n65536_b1_fortran,layout,ifft,complex128,65536,1,fortran,,,ok,ok,7.996680103938913e-18,4.346998051338556e-16,2.9103830456733704e-09,4.440892098500626e-14,ok,
layout_ifft_complex128_n65536_b8_reverse,layout,ifft,complex128,65536,8,reverse,,,ok,ok,9.341771812940338e-18,4.666490138188807e-16,2.9103830456733704e-09,4.440892098500626e-14,ok,
layout_ifft_complex128_n65536_b8_stride2,layout,ifft,complex128,65536,8,stride2,,,ok,ok,1.0728672184036493e-17,5.246467910727313e-16,2.9103830456733704e-09,4.440892098500626e-14,ok,
layout_ifft_complex128_n65536_b8_transpose,layout,ifft,complex128,65536,8,transpose,,,ok,ok,6.992893892674703e-18,4.777240271417379e-16,2.9103830456733704e-09,4.440892098500626e-14,ok,
layout_ifft_complex128_n65536_b8_fortran,layout,ifft,complex128,65536,8,fortran,,,ok,ok,1.0489340839012054e-17,5.386586863866345e-16,2.9103830456733704e-09,4.440892098500626e-14,ok,
layout_rfft_float32_n1024_b1_reverse,layout,rfft,float32,1024,1,reverse,,,ok,ok,8.529922524758149e-06,1.0892902497702624e-07,0.024414062,2.3841858e-05,ok,
layout_rfft_float32_n1024_b1_stride2,layout,rfft,float32,1024,1,stride2,,,ok,ok,1.1601948244788218e-05,1.416189379548263e-07,0.024414062,2.3841858e-05,ok,
layout_rfft_float32_n1024_b1_transpose,layout,rfft,float32,1024,1,transpose,,,ok,ok,1.078959303413285e-05,1.2667308518919548e-07,0.024414062,2.3841858e-05,ok,
layout_rfft_float32_n1024_b1_fortran,layout,rfft,float32,1024,1,fortran,,,ok,ok,9.5367431640625e-06,1.304944560213326e-07,0.024414062,2.3841858e-05,ok,
layout_rfft_float32_n1024_b8_reverse,layout,rfft,float32,1024,8,reverse,,,ok,ok,1.2180948942841496e-05,1.2659818315576823e-07,0.024414062,2.3841858e-05,ok,
layout_rfft_float32_n1024_b8_stride2,layout,rfft,float32,1024,8,stride2,,,ok,ok,1.537753632874228e-05,1.723290422463181e-07,0.024414062,2.3841858e-05,ok,
layout_rfft_float32_n1024_b8_transpose,layout,rfft,float32,1024,8,transpose,,,ok,ok,1.1483760317787528e-05,1.2780837027734622e-07,0.024414062,2.3841858e-05,ok,
layout_rfft_float32_n1024_b8_fortran,layout,rfft,float32,1024,8,fortran,,,ok,ok,1.1601948244788218e-05,1.307919745626119e-07,0.024414062,2.3841858e-05,ok,
layout_rfft_float32_n4096_b1_reverse,layout,rfft,float32,4096,1,reverse,,,ok,ok,3.057712456211448e-05,1.659218259263434e-07,0.09765625,2.3841858e-05,ok,
layout_rfft_float32_n4096_b1_stride2,layout,rfft,float32,4096,1,stride2,,,ok,ok,2.558976848376915e-05,1.4634319963792244e-07,0.09765625,2.3841858e-05,ok,
layout_rfft_float32_n4096_b1_transpose,layout,rfft,float32,4096,1,transpose,,,ok,ok,2.412626417935826e-05,1.4437985252070683e-07,0.09765625,2.3841858e-05,ok,
layout_rfft_float32_n4096_b1_fortran,layout,rfft,float32,4096,1,fortran,,,ok,ok,3.0517578125e-05,1.648583763510659e-07,0.09765625,2.3841858e-05,ok,
layout_rfft_float32_n4096_b8_reverse,layout,rfft,float32,4096,8,reverse,,,ok,ok,2.75081729341764e-05,1.3639942278492714e-07,0.09765625,2.3841858e-05,ok,
layout_rfft_float32_n4096_b8_stride2,layout,rfft,float32,4096,8,stride2,,,ok,ok,3.2044910767581314e-05,1.4808520916328102e-07,0.09765625,2.3841858e-05,ok,
layout_rfft_float32_n4096_b8_transpose,layout,rfft,float32,4096,8,transpose,,,ok,ok,3.1456798751605675e-05,1.5047117570745952e-07,0.09765625,2.3841858e-05,ok,
layout_rfft_float32_n4096_b8_fortran,layout,rfft,float32,4096,8,fortran,,,ok,ok,3.052898318856023e-05,1.5081281045905296e-07,0.09765625,2.3841858e-05,ok,
layout_rfft_float32_n65536_b1_reverse,layout,rfft,float32,65536,1,reverse,,,ok,ok,0.00018874078523367643,2.4438523226760105e-07,1.5625,2.3841858e-05,ok,
layout_rfft_float32_n65536_b1_stride2,layout,rfft,float32,65536,1,stride2,,,ok,ok,0.00019301011343486607,2.3950810313946536e-07,1.5625,2.3841858e-05,ok,
layout_rfft_float32_n65536_b1_transpose,layout,rfft,float32,65536,1,transpose,,,ok,ok,0.00015334894123952836,1.901220415619418e-07,1.5625,2.3841858e-05,ok,
layout_rfft_float32_n65536_b1_fortran,layout,rfft,float32,65536,1,fortran,,,ok,ok,0.0001856311719166115,2.1084457458905453e-07,1.5625,2.3841858e-05,ok,
layout_rfft_float32_n65536_b8_reverse,layout,rfft,float32,65536,8,reverse,,,ok,ok,0.0002047181478701532,2.3067174633651877e-07,1.5625,2.3841858e-05,ok,
layout_rfft_float32_n65536_b8_stride2,layout,rfft,float32,65536,8,stride2,,,ok,ok,0.00019073486328125,2.1363667873104324e-07,1.5625,2.3841858e-05,ok,
layout_rfft_float32_n65536_b8_transpose,layout,rfft,float32,65536,8,transpose,,,ok,ok,0.00019301011343486607,2.2554903017561363e-07,1.5625,2.3841858e-05,ok,
layout_rfft_float32_n65536_b8_fortran,layout,rfft,float32,65536,8,fortran,,,ok,ok,0.00018374016508460045,2.0240829007935395e-07,1.5625,2.3841858e-05,ok,
layout_rfft_float64_n1024_b1_reverse,layout,rfft,float64,1024,1,reverse,,,ok,ok,0.0,0.0,4.547473508864641e-11,4.440892098500626e-14,ok,
layout_rfft_float64_n1024_b1_stride2,layout,rfft,float64,1024,1,stride2,,,ok,ok,0.0,0.0,4.547473508864641e-11,4.440892098500626e-14,ok,
layout_rfft_float64_n1024_b1_transpose,layout,rfft,float64,1024,1,transpose,,,ok,ok,0.0,0.0,4.547473508864641e-11,4.440892098500626e-14,ok,
layout_rfft_float64_n1024_b1_fortran,layout,rfft,float64,1024,1,fortran,,,ok,ok,0.0,0.0,4.547473508864641e-11,4.440892098500626e-14,ok,
layout_rfft_float64_n1024_b8_reverse,layout,rfft,float64,1024,8,reverse,,,ok,ok,0.0,0.0,4.547473508864641e-11,4.440892098500626e-14,ok,
layout_rfft_float64_n1024_b8_stride2,layout,rfft,float64,1024,8,stride2,,,ok,ok,0.0,0.0,4.547473508864641e-11,4.440892098500626e-14,ok,
layout_rfft_float64_n1024_b8_transpose,layout,rfft,float64,1024,8,transpose,,,ok,ok,0.0,0.0,4.547473508864641e-11,4.440892098500626e-14,ok,
layout_rfft_float64_n1024_b8_fortran,layout,rfft,float64,1024,8,fortran,,,ok,ok,0.0,0.0,4.547473508864641e-11,4.440892098500626e-14,ok,
layout_rfft_float64_n4096_b1_reverse,layout,rfft,float64,4096,1,reverse,,,ok,ok,0.0,0.0,1.8189894035458565e-10,4.440892098500626e-14,ok,
layout_rfft_float64_n4096_b1_stride2,layout,rfft,float64,4096,1,stride2,,,ok,ok,0.0,0.0,1.8189894035458565e-10,4.440892098500626e-14,ok,
layout_rfft_float64_n4096_b1_transpose,layout,rfft,float64,4096,1,transpose,,,ok,ok,0.0,0.0,1.8189894035458565e-10,4.440892098500626e-14,ok,
layout_rfft_float64_n4096_b1_fortran,layout,rfft,float64,4096,1,fortran,,,ok,ok,0.0,0.0,1.8189894035458565e-10,4.440892098500626e-14,ok,
layout_rfft_float64_n4096_b8_reverse,layout,rfft,float64,4096,8,reverse,,,ok,ok,0.0,0.0,1.8189894035458565e-10,4.440892098500626e-14,ok,
layout_rfft_float64_n4096_b8_stride2,layout,rfft,float64,4096,8,stride2,,,ok,ok,0.0,0.0,1.8189894035458565e-10,4.440892098500626e-14,ok,
layout_rfft_float64_n4096_b8_transpose,layout,rfft,float64,4096,8,transpose,,,ok,ok,0.0,0.0,1.8189894035458565e-10,4.440892098500626e-14,ok,
layout_rfft_float64_n4096_b8_fortran,layout,rfft,float64,4096,8,fortran,,,ok,ok,0.0,0.0,1.8189894035458565e-10,4.440892098500626e-14,ok,
layout_rfft_float64_n65536_b1_reverse,layout,rfft,float64,65536,1,reverse,,,ok,ok,3.639754730461873e-13,4.702668539329714e-16,2.9103830456733704e-09,4.440892098500626e-14,ok,
layout_rfft_float64_n65536_b1_stride2,layout,rfft,float64,65536,1,stride2,,,ok,ok,3.722728620638729e-13,4.883280180930417e-16,2.9103830456733704e-09,4.440892098500626e-14,ok,
layout_rfft_float64_n65536_b1_transpose,layout,rfft,float64,65536,1,transpose,,,ok,ok,4.62671908852022e-13,5.551077469404188e-16,2.9103830456733704e-09,4.440892098500626e-14,ok,
layout_rfft_float64_n65536_b1_fortran,layout,rfft,float64,65536,1,fortran,,,ok,ok,4.582862941503293e-13,5.621258241018222e-16,2.9103830456733704e-09,4.440892098500626e-14,ok,
layout_rfft_float64_n65536_b8_reverse,layout,rfft,float64,65536,8,reverse,,,ok,ok,4.62671908852022e-13,4.57245076761962e-16,2.9103830456733704e-09,4.440892098500626e-14,ok,
layout_rfft_float64_n65536_b8_stride2,layout,rfft,float64,65536,8,stride2,,,ok,ok,4.687428401686771e-13,4.980546207486452e-16,2.9103830456733704e-09,4.440892098500626e-14,ok,
layout_rfft_float64_n65536_b8_transpose,layout,rfft,float64,65536,8,transpose,,,ok,ok,3.7057375295732124e-13,3.83733859670485e-16,2.9103830456733704e-09,4.440892098500626e-14,ok,
layout_rfft_float64_n65536_b8_fortran,layout,rfft,float64,65536,8,fortran,,,ok,ok,4.582862941503293e-13,5.012193001773714e-16,2.9103830456733704e-09,4.440892098500626e-14,ok,
layout_irfft_complex64_n1024_b1_reverse,layout,irfft,complex64,1024,1,reverse,,,ok,ok,0.0,0.0,0.024414062,2.3841858e-05,ok,
layout_irfft_complex64_n1024_b1_stride2,layout,irfft,complex64,1024,1,stride2,,,ok,ok,0.0,0.0,0.024414062,2.3841858e-05,ok,
layout_irfft_complex64_n1024_b1_transpose,layout,irfft,complex64,1024,1,transpose,,,ok,ok,0.0,0.0,0.024414062,2.3841858e-05,ok,
layout_irfft_complex64_n1024_b1_fortran,layout,irfft,complex64,1024,1,fortran,,,ok,ok,0.0,0.0,0.024414062,2.3841858e-05,ok,
layout_irfft_complex64_n1024_b8_reverse,layout,irfft,complex64,1024,8,reverse,,,ok,ok,0.0,0.0,0.024414062,2.3841858e-05,ok,
layout_irfft_complex64_n1024_b8_stride2,layout,irfft,complex64,1024,8,stride2,,,ok,ok,0.0,0.0,0.024414062,2.3841858e-05,ok,
layout_irfft_complex64_n1024_b8_transpose,layout,irfft,complex64,1024,8,transpose,,,ok,ok,0.0,0.0,0.024414062,2.3841858e-05,ok,
layout_irfft_complex64_n1024_b8_fortran,layout,irfft,complex64,1024,8,fortran,,,ok,ok,0.0,0.0,0.024414062,2.3841858e-05,ok,
layout_irfft_complex64_n4096_b1_reverse,layout,irfft,complex64,4096,1,reverse,,,ok,ok,0.0,0.0,0.09765625,2.3841858e-05,ok,
layout_irfft_complex64_n4096_b1_stride2,layout,irfft,complex64,4096,1,stride2,,,ok,ok,0.0,0.0,0.09765625,2.3841858e-05,ok,
layout_irfft_complex64_n4096_b1_transpose,layout,irfft,complex64,4096,1,transpose,,,ok,ok,0.0,0.0,0.09765625,2.3841858e-05,ok,
layout_irfft_complex64_n4096_b1_fortran,layout,irfft,complex64,4096,1,fortran,,,ok,ok,0.0,0.0,0.09765625,2.3841858e-05,ok,
layout_irfft_complex64_n4096_b8_reverse,layout,irfft,complex64,4096,8,reverse,,,ok,ok,0.0,0.0,0.09765625,2.3841858e-05,ok,
layout_irfft_complex64_n4096_b8_stride2,layout,irfft,complex64,4096,8,stride2,,,ok,ok,0.0,0.0,0.09765625,2.3841858e-05,ok,
layout_irfft_complex64_n4096_b8_transpose,layout,irfft,complex64,4096,8,transpose,,,ok,ok,0.0,0.0,0.09765625,2.3841858e-05,ok,
layout_irfft_complex64_n4096_b8_fortran,layout,irfft,complex64,4096,8,fortran,,,ok,ok,0.0,0.0,0.09765625,2.3841858e-05,ok,
layout_irfft_complex64_n65536_b1_reverse,layout,irfft,complex64,65536,1,reverse,,,ok,ok,6.51925802230835e-09,2.805127548748909e-07,1.5625,2.3841858e-05,ok,
layout_irfft_complex64_n65536_b1_stride2,layout,irfft,complex64,65536,1,stride2,,,ok,ok,5.587935447692871e-09,2.322075960677656e-07,1.5625,2.3841858e-05,ok,
layout_irfft_complex64_n65536_b1_transpose,layout,irfft,complex64,65536,1,transpose,,,ok,ok,3.725290298461914e-09,2.284069233792987e-07,1.5625,2.3841858e-05,ok,
layout_irfft_complex64_n65536_b1_fortran,layout,irfft,complex64,65536,1,fortran,,,ok,ok,6.05359673500061e-09,2.680211659201109e-07,1.5625,2.3841858e-05,ok,
layout_irfft_complex64_n65536_b8_reverse,layout,irfft,complex64,65536,8,reverse,,,ok,ok,7.450580596923828e-09,2.8061959684505e-07,1.5625,2.3841858e-05,ok,
layout_irfft_complex64_n65536_b8_stride2,layout,irfft,complex64,65536,8,stride2,,,ok,ok,5.587935447692871e-09,1.862148151762095e-07,1.5625,2.3841858e-05,ok,
layout_irfft_complex64_n65536_b8_transpose,layout,irfft,complex64,65536,8,transpose,,,ok,ok,3.725290298461914e-09,1.9218580215855405e-07,1.5625,2.3841858e-05,ok,
layout_irfft_complex64_n65536_b8_fortran,layout,irfft,complex64,65536,8,fortran,,,ok,ok,5.587935447692871e-09,2.110947160881616e-07,1.5625,2.3841858e-05,ok,
layout_irfft_complex128_n1024_b1_reverse,layout,irfft,complex128,1024,1,reverse,,,ok,ok,0.0,0.0,4.547473508864641e-11,4.440892098500626e-14,ok,
layout_irfft_complex128_n1024_b1_stride2,layout,irfft,complex128,1024,1,stride2,,,ok,ok,0.0,0.0,4.547473508864641e-11,4.440892098500626e-14,ok,
layout_irfft_complex128_n1024_b1_transpose,layout,irfft,complex128,1024,1,transpose,,,ok,ok,0.0,0.0,4.547473508864641e-11,4.440892098500626e-14,ok,
layout_irfft_complex128_n1024_b1_fortran,layout,irfft,complex128,1024,1,fortran,,,ok,ok,0.0,0.0,4.547473508864641e-11,4.440892098500626e-14,ok,
layout_irfft_complex128_n1024_b8_reverse,layout,irfft,complex128,1024,8,reverse,,,ok,ok,0.0,0.0,4.547473508864641e-11,4.440892098500626e-14,ok,
layout_irfft_complex128_n1024_b8_stride2,layout,irfft,complex128,1024,8,stride2,,,ok,ok,0.0,0.0,4.547473508864641e-11,4.440892098500626e-14,ok,
layout_irfft_complex128_n1024_b8_transpose,layout,irfft,complex128,1024,8,transpose,,,ok,ok,0.0,0.0,4.547473508864641e-11,4.440892098500626e-14,ok,
layout_irfft_complex128_n1024_b8_fortran,layout,irfft,complex128,1024,8,fortran,,,ok,ok,0.0,0.0,4.547473508864641e-11,4.440892098500626e-14,ok,
layout_irfft_complex128_n4096_b1_reverse,layout,irfft,complex128,4096,1,reverse,,,ok,ok,0.0,0.0,1.8189894035458565e-10,4.440892098500626e-14,ok,
layout_irfft_complex128_n4096_b1_stride2,layout,irfft,complex128,4096,1,stride2,,,ok,ok,0.0,0.0,1.8189894035458565e-10,4.440892098500626e-14,ok,
layout_irfft_complex128_n4096_b1_transpose,layout,irfft,complex128,4096,1,transpose,,,ok,ok,0.0,0.0,1.8189894035458565e-10,4.440892098500626e-14,ok,
layout_irfft_complex128_n4096_b1_fortran,layout,irfft,complex128,4096,1,fortran,,,ok,ok,0.0,0.0,1.8189894035458565e-10,4.440892098500626e-14,ok,
layout_irfft_complex128_n4096_b8_reverse,layout,irfft,complex128,4096,8,reverse,,,ok,ok,0.0,0.0,1.8189894035458565e-10,4.440892098500626e-14,ok,
layout_irfft_complex128_n4096_b8_stride2,layout,irfft,complex128,4096,8,stride2,,,ok,ok,0.0,0.0,1.8189894035458565e-10,4.440892098500626e-14,ok,
layout_irfft_complex128_n4096_b8_transpose,layout,irfft,complex128,4096,8,transpose,,,ok,ok,0.0,0.0,1.8189894035458565e-10,4.440892098500626e-14,ok,
layout_irfft_complex128_n4096_b8_fortran,layout,irfft,complex128,4096,8,fortran,,,ok,ok,0.0,0.0,1.8189894035458565e-10,4.440892098500626e-14,ok,
layout_irfft_complex128_n65536_b1_reverse,layout,irfft,complex128,65536,1,reverse,,,ok,ok,1.0408340855860843e-17,3.8206191442950944e-16,2.9103830456733704e-09,4.440892098500626e-14,ok,
layout_irfft_complex128_n65536_b1_stride2,layout,irfft,complex128,65536,1,stride2,,,ok,ok,1.0842021724855044e-17,4.835924504660184e-16,2.9103830456733704e-09,4.440892098500626e-14,ok,
layout_irfft_complex128_n65536_b1_transpose,layout,irfft,complex128,65536,1,transpose,,,ok,ok,6.938893903907228e-18,4.580395832627387e-16,2.9103830456733704e-09,4.440892098500626e-14,ok,
layout_irfft_complex128_n65536_b1_fortran,layout,irfft,complex128,65536,1,fortran,,,ok,ok,1.214306433183765e-17,5.505457779383966e-16,2.9103830456733704e-09,4.440892098500626e-14,ok,
layout_irfft_complex128_n65536_b8_reverse,layout,irfft,complex128,65536,8,reverse,,,ok,ok,1.1275702593849246e-17,4.2281047121269676e-16,2.9103830456733704e-09,4.440892098500626e-14,ok,
layout_irfft_complex128_n65536_b8_stride2,layout,irfft,complex128,65536,8,stride2,,,ok,ok,1.3877787807814457e-17,5.428830306987827e-16,2.9103830456733704e-09,4.440892098500626e-14,ok,
layout_irfft_complex128_n65536_b8_transpose,layout,irfft,complex128,65536,8,transpose,,,ok,ok,8.673617379884035e-18,4.7349276908295415e-16,2.9103830456733704e-09,4.440892098500626e-14,ok,
layout_irfft_complex128_n65536_b8_fortran,layout,irfft,complex128,65536,8,fortran,,,ok,ok,1.214306433183765e-17,4.201733164581193e-16,2.9103830456733704e-09,4.440892098500626e-14,ok,
layout_fft_float32_n1024_b1_reverse,layout,fft,float32,1024,1,reverse,,,ok,ok,0.0,0.0,0.024414062,2.3841858e-05,ok,
layout_fft_float32_n1024_b1_stride2,layout,fft,float32,1024,1,stride2,,,ok,ok,0.0,0.0,0.024414062,2.3841858e-05,ok,
layout_fft_float32_n1024_b1_transpose,layout,fft,float32,1024,1,transpose,,,ok,ok,0.0,0.0,0.024414062,2.3841858e-05,ok,
layout_fft_float32_n1024_b1_fortran,layout,fft,float32,1024,1,fortran,,,ok,ok,0.0,0.0,0.024414062,2.3841858e-05,ok,
layout_fft_float32_n1024_b8_reverse,layout,fft,float32,1024,8,reverse,,,ok,ok,0.0,0.0,0.024414062,2.3841858e-05,ok,
layout_fft_float32_n1024_b8_stride2,layout,fft,float32,1024,8,stride2,,,ok,ok,0.0,0.0,0.024414062,2.3841858e-05,ok,
layout_fft_float32_n1024_b8_transpose,layout,fft,float32,1024,8,transpose,,,ok,ok,0.0,0.0,0.024414062,2.3841858e-05,ok,
layout_fft_float32_n1024_b8_fortran,layout,fft,float32,1024,8,fortran,,,ok,ok,0.0,0.0,0.024414062,2.3841858e-05,ok,
layout_fft_float32_n4096_b1_reverse,layout,fft,float32,4096,1,reverse,,,ok,ok,0.0,0.0,0.09765625,2.3841858e-05,ok,
layout_fft_float32_n4096_b1_stride2,layout,fft,float32,4096,1,stride2,,,ok,ok,0.0,0.0,0.09765625,2.3841858e-05,ok,
layout_fft_float32_n4096_b1_transpose,layout,fft,float32,4096,1,transpose,,,ok,ok,0.0,0.0,0.09765625,2.3841858e-05,ok,
layout_fft_float32_n4096_b1_fortran,layout,fft,float32,4096,1,fortran,,,ok,ok,0.0,0.0,0.09765625,2.3841858e-05,ok,
layout_fft_float32_n4096_b8_reverse,layout,fft,float32,4096,8,reverse,,,ok,ok,0.0,0.0,0.09765625,2.3841858e-05,ok,
layout_fft_float32_n4096_b8_stride2,layout,fft,float32,4096,8,stride2,,,ok,ok,0.0,0.0,0.09765625,2.3841858e-05,ok,
layout_fft_float32_n4096_b8_transpose,layout,fft,float32,4096,8,transpose,,,ok,ok,0.0,0.0,0.09765625,2.3841858e-05,ok,
layout_fft_float32_n4096_b8_fortran,layout,fft,float32,4096,8,fortran,,,ok,ok,0.0,0.0,0.09765625,2.3841858e-05,ok,
layout_fft_float32_n65536_b1_reverse,layout,fft,float32,65536,1,reverse,,,ok,ok,0.0,0.0,1.5625,2.3841858e-05,ok,
layout_fft_float32_n65536_b1_stride2,layout,fft,float32,65536,1,stride2,,,ok,ok,0.0,0.0,1.5625,2.3841858e-05,ok,
layout_fft_float32_n65536_b1_transpose,layout,fft,float32,65536,1,transpose,,,ok,ok,0.0,0.0,1.5625,2.3841858e-05,ok,
layout_fft_float32_n65536_b1_fortran,layout,fft,float32,65536,1,fortran,,,ok,ok,0.0,0.0,1.5625,2.3841858e-05,ok,
layout_fft_float32_n65536_b8_reverse,layout,fft,float32,65536,8,reverse,,,ok,ok,0.0,0.0,1.5625,2.3841858e-05,ok,
layout_fft_float32_n65536_b8_stride2,layout,fft,float32,65536,8,stride2,,,ok,ok,0.0,0.0,1.5625,2.3841858e-05,ok,
layout_fft_float32_n65536_b8_transpose,layout,fft,float32,65536,8,transpose,,,ok,ok,0.0,0.0,1.5625,2.3841858e-05,ok,
layout_fft_float32_n65536_b8_fortran,layout,fft,float32,65536,8,fortran,,,ok,ok,0.0,0.0,1.5625,2.3841858e-05,ok,
layout_fft_float64_n1024_b1_reverse,layout,fft,float64,1024,1,reverse,,,ok,ok,0.0,0.0,4.547473508864641e-11,4.440892098500626e-14,ok,
layout_fft_float64_n1024_b1_stride2,layout,fft,float64,1024,1,stride2,,,ok,ok,0.0,0.0,4.547473508864641e-11,4.440892098500626e-14,ok,
layout_fft_float64_n1024_b1_transpose,layout,fft,float64,1024,1,transpose,,,ok,ok,0.0,0.0,4.547473508864641e-11,4.440892098500626e-14,ok,
layout_fft_float64_n1024_b1_fortran,layout,fft,float64,1024,1,fortran,,,ok,ok,0.0,0.0,4.547473508864641e-11,4.440892098500626e-14,ok,
layout_fft_float64_n1024_b8_reverse,layout,fft,float64,1024,8,reverse,,,ok,ok,0.0,0.0,4.547473508864641e-11,4.440892098500626e-14,ok,
layout_fft_float64_n1024_b8_stride2,layout,fft,float64,1024,8,stride2,,,ok,ok,0.0,0.0,4.547473508864641e-11,4.440892098500626e-14,ok,
layout_fft_float64_n1024_b8_transpose,layout,fft,float64,1024,8,transpose,,,ok,ok,0.0,0.0,4.547473508864641e-11,4.440892098500626e-14,ok,
layout_fft_float64_n1024_b8_fortran,layout,fft,float64,1024,8,fortran,,,ok,ok,0.0,0.0,4.547473508864641e-11,4.440892098500626e-14,ok,
layout_fft_float64_n4096_b1_reverse,layout,fft,float64,4096,1,reverse,,,ok,ok,0.0,0.0,1.8189894035458565e-10,4.440892098500626e-14,ok,
layout_fft_float64_n4096_b1_stride2,layout,fft,float64,4096,1,stride2,,,ok,ok,0.0,0.0,1.8189894035458565e-10,4.440892098500626e-14,ok,
layout_fft_float64_n4096_b1_transpose,layout,fft,float64,4096,1,transpose,,,ok,ok,0.0,0.0,1.8189894035458565e-10,4.440892098500626e-14,ok,
layout_fft_float64_n4096_b1_fortran,layout,fft,float64,4096,1,fortran,,,ok,ok,0.0,0.0,1.8189894035458565e-10,4.440892098500626e-14,ok,
layout_fft_float64_n4096_b8_reverse,layout,fft,float64,4096,8,reverse,,,ok,ok,0.0,0.0,1.8189894035458565e-10,4.440892098500626e-14,ok,
layout_fft_float64_n4096_b8_stride2,layout,fft,float64,4096,8,stride2,,,ok,ok,0.0,0.0,1.8189894035458565e-10,4.440892098500626e-14,ok,
layout_fft_float64_n4096_b8_transpose,layout,fft,float64,4096,8,transpose,,,ok,ok,0.0,0.0,1.8189894035458565e-10,4.440892098500626e-14,ok,
layout_fft_float64_n4096_b8_fortran,layout,fft,float64,4096,8,fortran,,,ok,ok,0.0,0.0,1.8189894035458565e-10,4.440892098500626e-14,ok,
layout_fft_float64_n65536_b1_reverse,layout,fft,float64,65536,1,reverse,,,ok,ok,3.515571301265078e-13,4.013552884124232e-16,2.9103830456733704e-09,4.440892098500626e-14,ok,
layout_fft_float64_n65536_b1_stride2,layout,fft,float64,65536,1,stride2,,,ok,ok,4.764346674119284e-13,5.951018061598132e-16,2.9103830456733704e-09,4.440892098500626e-14,ok,
layout_fft_float64_n65536_b1_transpose,layout,fft,float64,65536,1,transpose,,,ok,ok,3.515571301265078e-13,4.0240659896567165e-16,2.9103830456733704e-09,4.440892098500626e-14,ok,
layout_fft_float64_n65536_b1_fortran,layout,fft,float64,65536,1,fortran,,,ok,ok,3.6680800971965673e-13,4.663706674732382e-16,2.9103830456733704e-09,4.440892098500626e-14,ok,
layout_fft_float64_n65536_b8_reverse,layout,fft,float64,65536,8,reverse,,,ok,ok,4.099037227506403e-13,4.633595508437086e-16,2.9103830456733704e-09,4.440892098500626e-14,ok,
layout_fft_float64_n65536_b8_stride2,layout,fft,float64,65536,8,stride2,,,ok,ok,4.582862941503293e-13,4.4228742386155805e-16,2.9103830456733704e-09,4.440892098500626e-14,ok,
layout_fft_float64_n65536_b8_transpose,layout,fft,float64,65536,8,transpose,,,ok,ok,4.62671908852022e-13,4.377515543703962e-16,2.9103830456733704e-09,4.440892098500626e-14,ok,
layout_fft_float64_n65536_b8_fortran,layout,fft,float64,65536,8,fortran,,,ok,ok,4.655004020764636e-13,5.166153582424468e-16,2.9103830456733704e-09,4.440892098500626e-14,ok,
layout_fft_longdouble_n1024_b1_reverse,layout,fft,longdouble,1024,1,reverse,,,ok,ok,0.0,0.0,2.2204460492503130808e-14,2.168404344971008868e-17,ok,
layout_fft_longdouble_n1024_b1_stride2,layout,fft,longdouble,1024,1,stride2,,,ok,ok,0.0,0.0,2.2204460492503130808e-14,2.168404344971008868e-17,ok,
layout_fft_longdouble_n1024_b1_transpose,layout,fft,longdouble,1024,1,transpose,,,ok,ok,0.0,0.0,2.2204460492503130808e-14,2.168404344971008868e-17,ok,
layout_fft_longdouble_n1024_b1_fortran,layout,fft,longdouble,1024,1,fortran,,,ok,ok,0.0,0.0,2.2204460492503130808e-14,2.168404344971008868e-17,ok,
layout_fft_longdouble_n1024_b8_reverse,layout,fft,longdouble,1024,8,reverse,,,ok,ok,0.0,0.0,2.2204460492503130808e-14,2.168404344971008868e-17,ok,
layout_fft_longdouble_n1024_b8_stride2,layout,fft,longdouble,1024,8,stride2,,,ok,ok,0.0,0.0,2.2204460492503130808e-14,2.168404344971008868e-17,ok,
layout_fft_longdouble_n1024_b8_transpose,layout,fft,longdouble,1024,8,transpose,,,ok,ok,0.0,0.0,2.2204460492503130808e-14,2.168404344971008868e-17,ok,
layout_fft_longdouble_n1024_b8_fortran,layout,fft,longdouble,1024,8,fortran,,,ok,ok,0.0,0.0,2.2204460492503130808e-14,2.168404344971008868e-17,ok,
layout_fft_longdouble_n4096_b1_reverse,layout,fft,longdouble,4096,1,reverse,,,ok,ok,0.0,0.0,8.8817841970012523234e-14,2.168404344971008868e-17,ok,
layout_fft_longdouble_n4096_b1_stride2,layout,fft,longdouble,4096,1,stride2,,,ok,ok,0.0,0.0,8.8817841970012523234e-14,2.168404344971008868e-17,ok,
layout_fft_longdouble_n4096_b1_transpose,layout,fft,longdouble,4096,1,transpose,,,ok,ok,0.0,0.0,8.8817841970012523234e-14,2.168404344971008868e-17,ok,
layout_fft_longdouble_n4096_b1_fortran,layout,fft,longdouble,4096,1,fortran,,,ok,ok,0.0,0.0,8.8817841970012523234e-14,2.168404344971008868e-17,ok,
layout_fft_longdouble_n4096_b8_reverse,layout,fft,longdouble,4096,8,reverse,,,ok,ok,0.0,0.0,8.8817841970012523234e-14,2.168404344971008868e-17,ok,
layout_fft_longdouble_n4096_b8_stride2,layout,fft,longdouble,4096,8,stride2,,,ok,ok,0.0,0.0,8.8817841970012523234e-14,2.168404344971008868e-17,ok,
layout_fft_longdouble_n4096_b8_transpose,layout,fft,longdouble,4096,8,transpose,,,ok,ok,0.0,0.0,8.8817841970012523234e-14,2.168404344971008868e-17,ok,
layout_fft_longdouble_n4096_b8_fortran,layout,fft,longdouble,4096,8,fortran,,,ok,ok,0.0,0.0,8.8817841970012523234e-14,2.168404344971008868e-17,ok,
layout_fft_longdouble_n65536_b1_reverse,layout,fft,longdouble,65536,1,reverse,,,ok,ok,1.9279638981753172e-16,2.3482545306300366e-19,1.4210854715202003717e-12,2.168404344971008868e-17,ok,
layout_fft_longdouble_n65536_b1_stride2,layout,fft,longdouble,65536,1,stride2,,,ok,ok,1.6711069443220838e-16,2.065320984513739e-19,1.4210854715202003717e-12,2.168404344971008868e-17,ok,
layout_fft_longdouble_n65536_b1_transpose,layout,fft,longdouble,65536,1,transpose,,,ok,ok,1.6883057536160649e-16,1.8096339686300064e-19,1.4210854715202003717e-12,2.168404344971008868e-17,ok,
layout_fft_longdouble_n65536_b1_fortran,layout,fft,longdouble,65536,1,fortran,,,ok,ok,1.8619006149354548e-16,2.1872728429353757e-19,1.4210854715202003717e-12,2.168404344971008868e-17,ok,
layout_fft_longdouble_n65536_b8_reverse,layout,fft,longdouble,65536,8,reverse,,,ok,ok,1.8875832159447664e-16,2.1083151868876696e-19,1.4210854715202003717e-12,2.168404344971008868e-17,ok,
layout_fft_longdouble_n65536_b8_stride2,layout,fft,longdouble,65536,8,stride2,,,ok,ok,1.8619006149354548e-16,2.196208991778605e-19,1.4210854715202003717e-12,2.168404344971008868e-17,ok,
layout_fft_longdouble_n65536_b8_transpose,layout,fft,longdouble,65536,8,transpose,,,ok,ok,1.7772239894833365e-16,1.9479596880099452e-19,1.4210854715202003717e-12,2.168404344971008868e-17,ok,
layout_fft_longdouble_n65536_b8_fortran,layout,fft,longdouble,65536,8,fortran,,,ok,ok,2.118352371637509e-16,2.2522266715611875e-19,1.4210854715202003717e-12,2.168404344971008868e-17,ok,
layout_ifft_float32_n1024_b1_reverse,layout,ifft,float32,1024,1,reverse,,,ok,ok,0.0,0.0,0.024414062,2.3841858e-05,ok,
layout_ifft_float32_n1024_b1_stride2,layout,ifft,float32,1024,1,stride2,,,ok,ok,0.0,0.0,0.024414062,2.3841858e-05,ok,
layout_ifft_float32_n1024_b1_transpose,layout,ifft,float32,1024,1,transpose,,,ok,ok,0.0,0.0,0.024414062,2.3841858e-05,ok,
layout_ifft_float32_n1024_b1_fortran,layout,ifft,float32,1024,1,fortran,,,ok,ok,0.0,0.0,0.024414062,2.3841858e-05,ok,
layout_ifft_float32_n1024_b8_reverse,layout,ifft,float32,1024,8,reverse,,,ok,ok,0.0,0.0,0.024414062,2.3841858e-05,ok,
layout_ifft_float32_n1024_b8_stride2,layout,ifft,float32,1024,8,stride2,,,ok,ok,0.0,0.0,0.024414062,2.3841858e-05,ok,
layout_ifft_float32_n1024_b8_transpose,layout,ifft,float32,1024,8,transpose,,,ok,ok,0.0,0.0,0.024414062,2.3841858e-05,ok,
layout_ifft_float32_n1024_b8_fortran,layout,ifft,float32,1024,8,fortran,,,ok,ok,0.0,0.0,0.024414062,2.3841858e-05,ok,
layout_ifft_float32_n4096_b1_reverse,layout,ifft,float32,4096,1,reverse,,,ok,ok,0.0,0.0,0.09765625,2.3841858e-05,ok,
layout_ifft_float32_n4096_b1_stride2,layout,ifft,float32,4096,1,stride2,,,ok,ok,0.0,0.0,0.09765625,2.3841858e-05,ok,
layout_ifft_float32_n4096_b1_transpose,layout,ifft,float32,4096,1,transpose,,,ok,ok,0.0,0.0,0.09765625,2.3841858e-05,ok,
layout_ifft_float32_n4096_b1_fortran,layout,ifft,float32,4096,1,fortran,,,ok,ok,0.0,0.0,0.09765625,2.3841858e-05,ok,
layout_ifft_float32_n4096_b8_reverse,layout,ifft,float32,4096,8,reverse,,,ok,ok,0.0,0.0,0.09765625,2.3841858e-05,ok,
layout_ifft_float32_n4096_b8_stride2,layout,ifft,float32,4096,8,stride2,,,ok,ok,0.0,0.0,0.09765625,2.3841858e-05,ok,
layout_ifft_float32_n4096_b8_transpose,layout,ifft,float32,4096,8,transpose,,,ok,ok,0.0,0.0,0.09765625,2.3841858e-05,ok,
layout_ifft_float32_n4096_b8_fortran,layout,ifft,float32,4096,8,fortran,,,ok,ok,0.0,0.0,0.09765625,2.3841858e-05,ok,
layout_ifft_float32_n65536_b1_reverse,layout,ifft,float32,65536,1,reverse,,,ok,ok,0.0,0.0,1.5625,2.3841858e-05,ok,
layout_ifft_float32_n65536_b1_stride2,layout,ifft,float32,65536,1,stride2,,,ok,ok,0.0,0.0,1.5625,2.3841858e-05,ok,
layout_ifft_float32_n65536_b1_transpose,layout,ifft,float32,65536,1,transpose,,,ok,ok,0.0,0.0,1.5625,2.3841858e-05,ok,
layout_ifft_float32_n65536_b1_fortran,layout,ifft,float32,65536,1,fortran,,,ok,ok,0.0,0.0,1.5625,2.3841858e-05,ok,
layout_ifft_float32_n65536_b8_reverse,layout,ifft,float32,65536,8,reverse,,,ok,ok,0.0,0.0,1.5625,2.3841858e-05,ok,
layout_ifft_float32_n65536_b8_stride2,layout,ifft,float32,65536,8,stride2,,,ok,ok,0.0,0.0,1.5625,2.3841858e-05,ok,
layout_ifft_float32_n65536_b8_transpose,layout,ifft,float32,65536,8,transpose,,,ok,ok,0.0,0.0,1.5625,2.3841858e-05,ok,
layout_ifft_float32_n65536_b8_fortran,layout,ifft,float32,65536,8,fortran,,,ok,ok,0.0,0.0,1.5625,2.3841858e-05,ok,
layout_ifft_float64_n1024_b1_reverse,layout,ifft,float64,1024,1,reverse,,,ok,ok,0.0,0.0,4.547473508864641e-11,4.440892098500626e-14,ok,
layout_ifft_float64_n1024_b1_stride2,layout,ifft,float64,1024,1,stride2,,,ok,ok,0.0,0.0,4.547473508864641e-11,4.440892098500626e-14,ok,
layout_ifft_float64_n1024_b1_transpose,layout,ifft,float64,1024,1,transpose,,,ok,ok,0.0,0.0,4.547473508864641e-11,4.440892098500626e-14,ok,
layout_ifft_float64_n1024_b1_fortran,layout,ifft,float64,1024,1,fortran,,,ok,ok,0.0,0.0,4.547473508864641e-11,4.440892098500626e-14,ok,
layout_ifft_float64_n1024_b8_reverse,layout,ifft,float64,1024,8,reverse,,,ok,ok,0.0,0.0,4.547473508864641e-11,4.440892098500626e-14,ok,
layout_ifft_float64_n1024_b8_stride2,layout,ifft,float64,1024,8,stride2,,,ok,ok,0.0,0.0,4.547473508864641e-11,4.440892098500626e-14,ok,
layout_ifft_float64_n1024_b8_transpose,layout,ifft,float64,1024,8,transpose,,,ok,ok,0.0,0.0,4.547473508864641e-11,4.440892098500626e-14,ok,
layout_ifft_float64_n1024_b8_fortran,layout,ifft,float64,1024,8,fortran,,,ok,ok,0.0,0.0,4.547473508864641e-11,4.440892098500626e-14,ok,
layout_ifft_float64_n4096_b1_reverse,layout,ifft,float64,4096,1,reverse,,,ok,ok,0.0,0.0,1.8189894035458565e-10,4.440892098500626e-14,ok,
layout_ifft_float64_n4096_b1_stride2,layout,ifft,float64,4096,1,stride2,,,ok,ok,0.0,0.0,1.8189894035458565e-10,4.440892098500626e-14,ok,
layout_ifft_float64_n4096_b1_transpose,layout,ifft,float64,4096,1,transpose,,,ok,ok,0.0,0.0,1.8189894035458565e-10,4.440892098500626e-14,ok,
layout_ifft_float64_n4096_b1_fortran,layout,ifft,float64,4096,1,fortran,,,ok,ok,0.0,0.0,1.8189894035458565e-10,4.440892098500626e-14,ok,
layout_ifft_float64_n4096_b8_reverse,layout,ifft,float64,4096,8,reverse,,,ok,ok,0.0,0.0,1.8189894035458565e-10,4.440892098500626e-14,ok,
layout_ifft_float64_n4096_b8_stride2,layout,ifft,float64,4096,8,stride2,,,ok,ok,0.0,0.0,1.8189894035458565e-10,4.440892098500626e-14,ok,
layout_ifft_float64_n4096_b8_transpose,layout,ifft,float64,4096,8,transpose,,,ok,ok,0.0,0.0,1.8189894035458565e-10,4.440892098500626e-14,ok,
layout_ifft_float64_n4096_b8_fortran,layout,ifft,float64,4096,8,fortran,,,ok,ok,0.0,0.0,1.8189894035458565e-10,4.440892098500626e-14,ok,
layout_ifft_float64_n65536_b1_reverse,layout,ifft,float64,65536,1,reverse,,,ok,ok,5.818439421673296e-18,4.4264642780236507e-16,2.9103830456733704e-09,4.440892098500626e-14,ok,
layout_ifft_float64_n65536_b1_stride2,layout,ifft,float64,65536,1,stride2,,,ok,ok,5.553824967135427e-18,4.3941975277270295e-16,2.9103830456733704e-09,4.440892098500626e-14,ok,
layout_ifft_float64_n65536_b1_transpose,layout,ifft,float64,65536,1,transpose,,,ok,ok,6.314488766312915e-18,4.93493238520548e-16,2.9103830456733704e-09,4.440892098500626e-14,ok,
layout_ifft_float64_n65536_b1_fortran,layout,ifft,float64,65536,1,fortran,,,ok,ok,5.294859796737923e-18,4.026990874234384e-16,2.9103830456733704e-09,4.440892098500626e-14,ok,
layout_ifft_float64_n65536_b8_reverse,layout,ifft,float64,65536,8,reverse,,,ok,ok,6.254634441385502e-18,4.209173449397073e-16,2.9103830456733704e-09,4.440892098500626e-14,ok,
layout_ifft_float64_n65536_b8_stride2,layout,ifft,float64,65536,8,stride2,,,ok,ok,6.254634441385502e-18,4.064609531596463e-16,2.9103830456733704e-09,4.440892098500626e-14,ok,
layout_ifft_float64_n65536_b8_transpose,layout,ifft,float64,65536,8,transpose,,,ok,ok,7.152448122690996e-18,5.285387083330336e-16,2.9103830456733704e-09,4.440892098500626e-14,ok,
layout_ifft_float64_n65536_b8_fortran,layout,ifft,float64,65536,8,fortran,,,ok,ok,5.7825315816784985e-18,3.910926146688396e-16,2.9103830456733704e-09,4.440892098500626e-14,ok,
layout_ifft_longdouble_n1024_b1_reverse,layout,ifft,longdouble,1024,1,reverse,,,ok,ok,0.0,0.0,2.2204460492503130808e-14,2.168404344971008868e-17,ok,
layout_ifft_longdouble_n1024_b1_stride2,layout,ifft,longdouble,1024,1,stride2,,,ok,ok,0.0,0.0,2.2204460492503130808e-14,2.168404344971008868e-17,ok,
layout_ifft_longdouble_n1024_b1_transpose,layout,ifft,longdouble,1024,1,transpose,,,ok,ok,0.0,0.0,2.2204460492503130808e-14,2.168404344971008868e-17,ok,
layout_ifft_longdouble_n1024_b1_fortran,layout,ifft,longdouble,1024,1,fortran,,,ok,ok,0.0,0.0,2.2204460492503130808e-14,2.168404344971008868e-17,ok,
layout_ifft_longdouble_n1024_b8_reverse,layout,ifft,longdouble,1024,8,reverse,,,ok,ok,0.0,0.0,2.2204460492503130808e-14,2.168404344971008868e-17,ok,
layout_ifft_longdouble_n1024_b8_stride2,layout,ifft,longdouble,1024,8,stride2,,,ok,ok,0.0,0.0,2.2204460492503130808e-14,2.168404344971008868e-17,ok,
layout_ifft_longdouble_n1024_b8_transpose,layout,ifft,longdouble,1024,8,transpose,,,ok,ok,0.0,0.0,2.2204460492503130808e-14,2.168404344971008868e-17,ok,
layout_ifft_longdouble_n1024_b8_fortran,layout,ifft,longdouble,1024,8,fortran,,,ok,ok,0.0,0.0,2.2204460492503130808e-14,2.168404344971008868e-17,ok,
layout_ifft_longdouble_n4096_b1_reverse,layout,ifft,longdouble,4096,1,reverse,,,ok,ok,0.0,0.0,8.8817841970012523234e-14,2.168404344971008868e-17,ok,
layout_ifft_longdouble_n4096_b1_stride2,layout,ifft,longdouble,4096,1,stride2,,,ok,ok,0.0,0.0,8.8817841970012523234e-14,2.168404344971008868e-17,ok,
layout_ifft_longdouble_n4096_b1_transpose,layout,ifft,longdouble,4096,1,transpose,,,ok,ok,0.0,0.0,8.8817841970012523234e-14,2.168404344971008868e-17,ok,
layout_ifft_longdouble_n4096_b1_fortran,layout,ifft,longdouble,4096,1,fortran,,,ok,ok,0.0,0.0,8.8817841970012523234e-14,2.168404344971008868e-17,ok,
layout_ifft_longdouble_n4096_b8_reverse,layout,ifft,longdouble,4096,8,reverse,,,ok,ok,0.0,0.0,8.8817841970012523234e-14,2.168404344971008868e-17,ok,
layout_ifft_longdouble_n4096_b8_stride2,layout,ifft,longdouble,4096,8,stride2,,,ok,ok,0.0,0.0,8.8817841970012523234e-14,2.168404344971008868e-17,ok,
layout_ifft_longdouble_n4096_b8_transpose,layout,ifft,longdouble,4096,8,transpose,,,ok,ok,0.0,0.0,8.8817841970012523234e-14,2.168404344971008868e-17,ok,
layout_ifft_longdouble_n4096_b8_fortran,layout,ifft,longdouble,4096,8,fortran,,,ok,ok,0.0,0.0,8.8817841970012523234e-14,2.168404344971008868e-17,ok,
layout_ifft_longdouble_n65536_b1_reverse,layout,ifft,longdouble,65536,1,reverse,,,ok,ok,3.928957098646177e-21,2.8759583684872093e-19,1.4210854715202003717e-12,2.168404344971008868e-17,ok,
layout_ifft_longdouble_n65536_b1_stride2,layout,ifft,longdouble,65536,1,stride2,,,ok,ok,2.576150136743263e-21,1.8145686590076544e-19,1.4210854715202003717e-12,2.168404344971008868e-17,ok,
layout_ifft_longdouble_n65536_b1_transpose,layout,ifft,longdouble,65536,1,transpose,,,ok,ok,2.549906836428961e-21,1.7992213370307574e-19,1.4210854715202003717e-12,2.168404344971008868e-17,ok,
layout_ifft_longdouble_n65536_b1_fortran,layout,ifft,longdouble,65536,1,fortran,,,ok,ok,2.7548924630161537e-21,2.0880558614823632e-19,1.4210854715202003717e-12,2.168404344971008868e-17,ok,
layout_ifft_longdouble_n65536_b8_reverse,layout,ifft,longdouble,65536,8,reverse,,,ok,ok,3.4292414194124425e-21,2.62533908990643e-19,1.4210854715202003717e-12,2.168404344971008868e-17,ok,
layout_ifft_longdouble_n65536_b8_stride2,layout,ifft,longdouble,65536,8,stride2,,,ok,ok,2.8410348738639142e-21,1.8636887807010384e-19,1.4210854715202003717e-12,2.168404344971008868e-17,ok,
layout_ifft_longdouble_n65536_b8_transpose,layout,ifft,longdouble,65536,8,transpose,,,ok,ok,2.8410348738639142e-21,2.0895270090250191e-19,1.4210854715202003717e-12,2.168404344971008868e-17,ok,
layout_ifft_longdouble_n65536_b8_fortran,layout,ifft,longdouble,65536,8,fortran,,,ok,ok,2.8410348738639142e-21,1.8824013716105684e-19,1.4210854715202003717e-12,2.168404344971008868e-17,ok,
layout_fft_clongdouble_n1024_b1_reverse,layout,fft,clongdouble,1024,1,reverse,,,ok,ok,0.0,0.0,2.2204460492503130808e-14,2.168404344971008868e-17,ok,
layout_fft_clongdouble_n1024_b1_stride2,layout,fft,clongdouble,1024,1,stride2,,,ok,ok,0.0,0.0,2.2204460492503130808e-14,2.168404344971008868e-17,ok,
layout_fft_clongdouble_n1024_b1_transpose,layout,fft,clongdouble,1024,1,transpose,,,ok,ok,0.0,0.0,2.2204460492503130808e-14,2.168404344971008868e-17,ok,
layout_fft_clongdouble_n1024_b1_fortran,layout,fft,clongdouble,1024,1,fortran,,,ok,ok,0.0,0.0,2.2204460492503130808e-14,2.168404344971008868e-17,ok,
layout_fft_clongdouble_n1024_b8_reverse,layout,fft,clongdouble,1024,8,reverse,,,ok,ok,0.0,0.0,2.2204460492503130808e-14,2.168404344971008868e-17,ok,
layout_fft_clongdouble_n1024_b8_stride2,layout,fft,clongdouble,1024,8,stride2,,,ok,ok,0.0,0.0,2.2204460492503130808e-14,2.168404344971008868e-17,ok,
layout_fft_clongdouble_n1024_b8_transpose,layout,fft,clongdouble,1024,8,transpose,,,ok,ok,0.0,0.0,2.2204460492503130808e-14,2.168404344971008868e-17,ok,
layout_fft_clongdouble_n1024_b8_fortran,layout,fft,clongdouble,1024,8,fortran,,,ok,ok,0.0,0.0,2.2204460492503130808e-14,2.168404344971008868e-17,ok,
layout_fft_clongdouble_n4096_b1_reverse,layout,fft,clongdouble,4096,1,reverse,,,ok,ok,0.0,0.0,8.8817841970012523234e-14,2.168404344971008868e-17,ok,
layout_fft_clongdouble_n4096_b1_stride2,layout,fft,clongdouble,4096,1,stride2,,,ok,ok,0.0,0.0,8.8817841970012523234e-14,2.168404344971008868e-17,ok,
layout_fft_clongdouble_n4096_b1_transpose,layout,fft,clongdouble,4096,1,transpose,,,ok,ok,0.0,0.0,8.8817841970012523234e-14,2.168404344971008868e-17,ok,
layout_fft_clongdouble_n4096_b1_fortran,layout,fft,clongdouble,4096,1,fortran,,,ok,ok,0.0,0.0,8.8817841970012523234e-14,2.168404344971008868e-17,ok,
layout_fft_clongdouble_n4096_b8_reverse,layout,fft,clongdouble,4096,8,reverse,,,ok,ok,0.0,0.0,8.8817841970012523234e-14,2.168404344971008868e-17,ok,
layout_fft_clongdouble_n4096_b8_stride2,layout,fft,clongdouble,4096,8,stride2,,,ok,ok,0.0,0.0,8.8817841970012523234e-14,2.168404344971008868e-17,ok,
layout_fft_clongdouble_n4096_b8_transpose,layout,fft,clongdouble,4096,8,transpose,,,ok,ok,0.0,0.0,8.8817841970012523234e-14,2.168404344971008868e-17,ok,
layout_fft_clongdouble_n4096_b8_fortran,layout,fft,clongdouble,4096,8,fortran,,,ok,ok,0.0,0.0,8.8817841970012523234e-14,2.168404344971008868e-17,ok,
layout_fft_clongdouble_n65536_b1_reverse,layout,fft,clongdouble,65536,1,reverse,,,ok,ok,2.4552312978479334e-16,2.1416685307349407e-19,1.4210854715202003717e-12,2.168404344971008868e-17,ok,
layout_fft_clongdouble_n65536_b1_stride2,layout,fft,clongdouble,65536,1,stride2,,,ok,ok,2.3714374201337736e-16,1.9939737606903576e-19,1.4210854715202003717e-12,2.168404344971008868e-17,ok,
layout_fft_clongdouble_n65536_b1_transpose,layout,fft,clongdouble,65536,1,transpose,,,ok,ok,1.7554167342883506e-16,1.9260886129841022e-19,1.4210854715202003717e-12,2.168404344971008868e-17,ok,
layout_fft_clongdouble_n65536_b1_fortran,layout,fft,clongdouble,65536,1,fortran,,,ok,ok,3.1401849173675503e-16,2.514921090847883e-19,1.4210854715202003717e-12,2.168404344971008868e-17,ok,
layout_fft_clongdouble_n65536_b8_reverse,layout,fft,clongdouble,65536,8,reverse,,,ok,ok,2.7755575615628914e-16,2.1358568630627366e-19,1.4210854715202003717e-12,2.168404344971008868e-17,ok,
layout_fft_clongdouble_n65536_b8_stride2,layout,fft,clongdouble,65536,8,stride2,,,ok,ok,2.830524433501838e-16,2.0836997589601605e-19,1.4210854715202003717e-12,2.168404344971008868e-17,ok,
layout_fft_clongdouble_n65536_b8_transpose,layout,fft,clongdouble,65536,8,transpose,,,ok,ok,1.9107173916696979e-16,2.057105893750129e-19,1.4210854715202003717e-12,2.168404344971008868e-17,ok,
layout_fft_clongdouble_n65536_b8_fortran,layout,fft,clongdouble,65536,8,fortran,,,ok,ok,2.7755575615628914e-16,2.1606626545193146e-19,1.4210854715202003717e-12,2.168404344971008868e-17,ok,
layout_ifft_clongdouble_n1024_b1_reverse,layout,ifft,clongdouble,1024,1,reverse,,,ok,ok,0.0,0.0,2.2204460492503130808e-14,2.168404344971008868e-17,ok,
layout_ifft_clongdouble_n1024_b1_stride2,layout,ifft,clongdouble,1024,1,stride2,,,ok,ok,0.0,0.0,2.2204460492503130808e-14,2.168404344971008868e-17,ok,
layout_ifft_clongdouble_n1024_b1_transpose,layout,ifft,clongdouble,1024,1,transpose,,,ok,ok,0.0,0.0,2.2204460492503130808e-14,2.168404344971008868e-17,ok,
layout_ifft_clongdouble_n1024_b1_fortran,layout,ifft,clongdouble,1024,1,fortran,,,ok,ok,0.0,0.0,2.2204460492503130808e-14,2.168404344971008868e-17,ok,
layout_ifft_clongdouble_n1024_b8_reverse,layout,ifft,clongdouble,1024,8,reverse,,,ok,ok,0.0,0.0,2.2204460492503130808e-14,2.168404344971008868e-17,ok,
layout_ifft_clongdouble_n1024_b8_stride2,layout,ifft,clongdouble,1024,8,stride2,,,ok,ok,0.0,0.0,2.2204460492503130808e-14,2.168404344971008868e-17,ok,
layout_ifft_clongdouble_n1024_b8_transpose,layout,ifft,clongdouble,1024,8,transpose,,,ok,ok,0.0,0.0,2.2204460492503130808e-14,2.168404344971008868e-17,ok,
layout_ifft_clongdouble_n1024_b8_fortran,layout,ifft,clongdouble,1024,8,fortran,,,ok,ok,0.0,0.0,2.2204460492503130808e-14,2.168404344971008868e-17,ok,
layout_ifft_clongdouble_n4096_b1_reverse,layout,ifft,clongdouble,4096,1,reverse,,,ok,ok,0.0,0.0,8.8817841970012523234e-14,2.168404344971008868e-17,ok,
layout_ifft_clongdouble_n4096_b1_stride2,layout,ifft,clongdouble,4096,1,stride2,,,ok,ok,0.0,0.0,8.8817841970012523234e-14,2.168404344971008868e-17,ok,
layout_ifft_clongdouble_n4096_b1_transpose,layout,ifft,clongdouble,4096,1,transpose,,,ok,ok,0.0,0.0,8.8817841970012523234e-14,2.168404344971008868e-17,ok,
layout_ifft_clongdouble_n4096_b1_fortran,layout,ifft,clongdouble,4096,1,fortran,,,ok,ok,0.0,0.0,8.8817841970012523234e-14,2.168404344971008868e-17,ok,
layout_ifft_clongdouble_n4096_b8_reverse,layout,ifft,clongdouble,4096,8,reverse,,,ok,ok,0.0,0.0,8.8817841970012523234e-14,2.168404344971008868e-17,ok,
layout_ifft_clongdouble_n4096_b8_stride2,layout,ifft,clongdouble,4096,8,stride2,,,ok,ok,0.0,0.0,8.8817841970012523234e-14,2.168404344971008868e-17,ok,
layout_ifft_clongdouble_n4096_b8_transpose,layout,ifft,clongdouble,4096,8,transpose,,,ok,ok,0.0,0.0,8.8817841970012523234e-14,2.168404344971008868e-17,ok,
layout_ifft_clongdouble_n4096_b8_fortran,layout,ifft,clongdouble,4096,8,fortran,,,ok,ok,0.0,0.0,8.8817841970012523234e-14,2.168404344971008868e-17,ok,
layout_ifft_clongdouble_n65536_b1_reverse,layout,ifft,clongdouble,65536,1,reverse,,,ok,ok,3.447174346834585e-21,1.673961754214334e-19,1.4210854715202003717e-12,2.168404344971008868e-17,ok,
layout_ifft_clongdouble_n65536_b1_stride2,layout,ifft,clongdouble,65536,1,stride2,,,ok,ok,3.788046498485219e-21,2.0255886452636228e-19,1.4210854715202003717e-12,2.168404344971008868e-17,ok,
layout_ifft_clongdouble_n65536_b1_transpose,layout,ifft,clongdouble,65536,1,transpose,,,ok,ok,2.6785533665288553e-21,2.1082424223433227e-19,1.4210854715202003717e-12,2.168404344971008868e-17,ok,
layout_ifft_clongdouble_n65536_b1_fortran,layout,ifft,clongdouble,65536,1,fortran,,,ok,ok,3.643226462091626e-21,1.8035812453986534e-19,1.4210854715202003717e-12,2.168404344971008868e-17,ok,
layout_ifft_clongdouble_n65536_b8_reverse,layout,ifft,clongdouble,65536,8,reverse,,,ok,ok,4.235164736271502e-21,1.9380792616307302e-19,1.4210854715202003717e-12,2.168404344971008868e-17,ok,
layout_ifft_clongdouble_n65536_b8_stride2,layout,ifft,clongdouble,65536,8,stride2,,,ok,ok,3.836566051727492e-21,1.8655001702220192e-19,1.4210854715202003717e-12,2.168404344971008868e-17,ok,
layout_ifft_clongdouble_n65536_b8_transpose,layout,ifft,clongdouble,65536,8,transpose,,,ok,ok,3.394742784160134e-21,2.6024845085677547e-19,1.4210854715202003717e-12,2.168404344971008868e-17,ok,
layout_ifft_clongdouble_n65536_b8_fortran,layout,ifft,clongdouble,65536,8,fortran,,,ok,ok,4.365507887384641e-21,2.048312500834469e-19,1.4210854715202003717e-12,2.168404344971008868e-17,ok,
layout_rfft_longdouble_n1024_b1_reverse,layout,rfft,longdouble,1024,1,reverse,,,ok,ok,0.0,0.0,2.2204460492503130808e-14,2.168404344971008868e-17,ok,
layout_rfft_longdouble_n1024_b1_stride2,layout,rfft,longdouble,1024,1,stride2,,,ok,ok,0.0,0.0,2.2204460492503130808e-14,2.168404344971008868e-17,ok,
layout_rfft_longdouble_n1024_b1_transpose,layout,rfft,longdouble,1024,1,transpose,,,ok,ok,0.0,0.0,2.2204460492503130808e-14,2.168404344971008868e-17,ok,
layout_rfft_longdouble_n1024_b1_fortran,layout,rfft,longdouble,1024,1,fortran,,,ok,ok,0.0,0.0,2.2204460492503130808e-14,2.168404344971008868e-17,ok,
layout_rfft_longdouble_n1024_b8_reverse,layout,rfft,longdouble,1024,8,reverse,,,ok,ok,0.0,0.0,2.2204460492503130808e-14,2.168404344971008868e-17,ok,
layout_rfft_longdouble_n1024_b8_stride2,layout,rfft,longdouble,1024,8,stride2,,,ok,ok,0.0,0.0,2.2204460492503130808e-14,2.168404344971008868e-17,ok,
layout_rfft_longdouble_n1024_b8_transpose,layout,rfft,longdouble,1024,8,transpose,,,ok,ok,0.0,0.0,2.2204460492503130808e-14,2.168404344971008868e-17,ok,
layout_rfft_longdouble_n1024_b8_fortran,layout,rfft,longdouble,1024,8,fortran,,,ok,ok,0.0,0.0,2.2204460492503130808e-14,2.168404344971008868e-17,ok,
layout_rfft_longdouble_n4096_b1_reverse,layout,rfft,longdouble,4096,1,reverse,,,ok,ok,0.0,0.0,8.8817841970012523234e-14,2.168404344971008868e-17,ok,
layout_rfft_longdouble_n4096_b1_stride2,layout,rfft,longdouble,4096,1,stride2,,,ok,ok,0.0,0.0,8.8817841970012523234e-14,2.168404344971008868e-17,ok,
layout_rfft_longdouble_n4096_b1_transpose,layout,rfft,longdouble,4096,1,transpose,,,ok,ok,0.0,0.0,8.8817841970012523234e-14,2.168404344971008868e-17,ok,
layout_rfft_longdouble_n4096_b1_fortran,layout,rfft,longdouble,4096,1,fortran,,,ok,ok,0.0,0.0,8.8817841970012523234e-14,2.168404344971008868e-17,ok,
layout_rfft_longdouble_n4096_b8_reverse,layout,rfft,longdouble,4096,8,reverse,,,ok,ok,0.0,0.0,8.8817841970012523234e-14,2.168404344971008868e-17,ok,
layout_rfft_longdouble_n4096_b8_stride2,layout,rfft,longdouble,4096,8,stride2,,,ok,ok,0.0,0.0,8.8817841970012523234e-14,2.168404344971008868e-17,ok,
layout_rfft_longdouble_n4096_b8_transpose,layout,rfft,longdouble,4096,8,transpose,,,ok,ok,0.0,0.0,8.8817841970012523234e-14,2.168404344971008868e-17,ok,
layout_rfft_longdouble_n4096_b8_fortran,layout,rfft,longdouble,4096,8,fortran,,,ok,ok,0.0,0.0,8.8817841970012523234e-14,2.168404344971008868e-17,ok,
layout_rfft_longdouble_n65536_b1_reverse,layout,rfft,longdouble,65536,1,reverse,,,ok,ok,1.9478403400799703e-16,2.262438068708137e-19,1.4210854715202003717e-12,2.168404344971008868e-17,ok,
layout_rfft_longdouble_n65536_b1_stride2,layout,rfft,longdouble,65536,1,stride2,,,ok,ok,1.83093468191769e-16,2.0274069389359085e-19,1.4210854715202003717e-12,2.168404344971008868e-17,ok,
layout_rfft_longdouble_n65536_b1_transpose,layout,rfft,longdouble,65536,1,transpose,,,ok,ok,1.8041124150158794e-16,1.8824067184758908e-19,1.4210854715202003717e-12,2.168404344971008868e-17,ok,
layout_rfft_longdouble_n65536_b1_fortran,layout,rfft,longdouble,65536,1,fortran,,,ok,ok,2.2473876566261383e-16,2.78245155871405e-19,1.4210854715202003717e-12,2.168404344971008868e-17,ok,
layout_rfft_longdouble_n65536_b8_reverse,layout,rfft,longdouble,65536,8,reverse,,,ok,ok,2.306595211858756e-16,2.437108561151241e-19,1.4210854715202003717e-12,2.168404344971008868e-17,ok,
layout_rfft_longdouble_n65536_b8_stride2,layout,rfft,longdouble,65536,8,stride2,,,ok,ok,2.0122792321330962e-16,2.2863262229602613e-19,1.4210854715202003717e-12,2.168404344971008868e-17,ok,
layout_rfft_longdouble_n65536_b8_transpose,layout,rfft,longdouble,65536,8,transpose,,,ok,ok,2.2215299868541707e-16,2.4285721772948334e-19,1.4210854715202003717e-12,2.168404344971008868e-17,ok,
layout_rfft_longdouble_n65536_b8_fortran,layout,rfft,longdouble,65536,8,fortran,,,ok,ok,2.2887833992611187e-16,2.451454584711166e-19,1.4210854715202003717e-12,2.168404344971008868e-17,ok,
layout_irfft_clongdouble_n1024_b1_reverse,layout,irfft,clongdouble,1024,1,reverse,,,ok,ok,0.0,0.0,2.2204460492503130808e-14,2.168404344971008868e-17,ok,
layout_irfft_clongdouble_n1024_b1_stride2,layout,irfft,clongdouble,1024,1,stride2,,,ok,ok,0.0,0.0,2.2204460492503130808e-14,2.168404344971008868e-17,ok,
layout_irfft_clongdouble_n1024_b1_transpose,layout,irfft,clongdouble,1024,1,transpose,,,ok,ok,0.0,0.0,2.2204460492503130808e-14,2.168404344971008868e-17,ok,
layout_irfft_clongdouble_n1024_b1_fortran,layout,irfft,clongdouble,1024,1,fortran,,,ok,ok,0.0,0.0,2.2204460492503130808e-14,2.168404344971008868e-17,ok,
layout_irfft_clongdouble_n1024_b8_reverse,layout,irfft,clongdouble,1024,8,reverse,,,ok,ok,0.0,0.0,2.2204460492503130808e-14,2.168404344971008868e-17,ok,
layout_irfft_clongdouble_n1024_b8_stride2,layout,irfft,clongdouble,1024,8,stride2,,,ok,ok,0.0,0.0,2.2204460492503130808e-14,2.168404344971008868e-17,ok,
layout_irfft_clongdouble_n1024_b8_transpose,layout,irfft,clongdouble,1024,8,transpose,,,ok,ok,0.0,0.0,2.2204460492503130808e-14,2.168404344971008868e-17,ok,
layout_irfft_clongdouble_n1024_b8_fortran,layout,irfft,clongdouble,1024,8,fortran,,,ok,ok,0.0,0.0,2.2204460492503130808e-14,2.168404344971008868e-17,ok,
layout_irfft_clongdouble_n4096_b1_reverse,layout,irfft,clongdouble,4096,1,reverse,,,ok,ok,0.0,0.0,8.8817841970012523234e-14,2.168404344971008868e-17,ok,
layout_irfft_clongdouble_n4096_b1_stride2,layout,irfft,clongdouble,4096,1,stride2,,,ok,ok,0.0,0.0,8.8817841970012523234e-14,2.168404344971008868e-17,ok,
layout_irfft_clongdouble_n4096_b1_transpose,layout,irfft,clongdouble,4096,1,transpose,,,ok,ok,0.0,0.0,8.8817841970012523234e-14,2.168404344971008868e-17,ok,
layout_irfft_clongdouble_n4096_b1_fortran,layout,irfft,clongdouble,4096,1,fortran,,,ok,ok,0.0,0.0,8.8817841970012523234e-14,2.168404344971008868e-17,ok,
layout_irfft_clongdouble_n4096_b8_reverse,layout,irfft,clongdouble,4096,8,reverse,,,ok,ok,0.0,0.0,8.8817841970012523234e-14,2.168404344971008868e-17,ok,
layout_irfft_clongdouble_n4096_b8_stride2,layout,irfft,clongdouble,4096,8,stride2,,,ok,ok,0.0,0.0,8.8817841970012523234e-14,2.168404344971008868e-17,ok,
layout_irfft_clongdouble_n4096_b8_transpose,layout,irfft,clongdouble,4096,8,transpose,,,ok,ok,0.0,0.0,8.8817841970012523234e-14,2.168404344971008868e-17,ok,
layout_irfft_clongdouble_n4096_b8_fortran,layout,irfft,clongdouble,4096,8,fortran,,,ok,ok,0.0,0.0,8.8817841970012523234e-14,2.168404344971008868e-17,ok,
layout_irfft_clongdouble_n65536_b1_reverse,layout,irfft,clongdouble,65536,1,reverse,,,ok,ok,5.082197683525802e-21,2.0100103539904312e-19,1.4210854715202003717e-12,2.168404344971008868e-17,ok,
layout_irfft_clongdouble_n65536_b1_stride2,layout,irfft,clongdouble,65536,1,stride2,,,ok,ok,5.082197683525802e-21,1.606470696315089e-19,1.4210854715202003717e-12,2.168404344971008868e-17,ok,
layout_irfft_clongdouble_n65536_b1_transpose,layout,irfft,clongdouble,65536,1,transpose,,,ok,ok,3.3881317890172014e-21,1.9493838262987487e-19,1.4210854715202003717e-12,2.168404344971008868e-17,ok,
layout_irfft_clongdouble_n65536_b1_fortran,layout,irfft,clongdouble,65536,1,fortran,,,ok,ok,5.082197683525802e-21,2.2339349906928106e-19,1.4210854715202003717e-12,2.168404344971008868e-17,ok,
layout_irfft_clongdouble_n65536_b8_reverse,layout,irfft,clongdouble,65536,8,reverse,,,ok,ok,6.776263578034403e-21,2.286045742283922e-19,1.4210854715202003717e-12,2.168404344971008868e-17,ok,
layout_irfft_clongdouble_n65536_b8_stride2,layout,irfft,clongdouble,65536,8,stride2,,,ok,ok,5.082197683525802e-21,1.9495236401626054e-19,1.4210854715202003717e-12,2.168404344971008868e-17,ok,
layout_irfft_clongdouble_n65536_b8_transpose,layout,irfft,clongdouble,65536,8,transpose,,,ok,ok,4.235164736271502e-21,2.2704255305129096e-19,1.4210854715202003717e-12,2.168404344971008868e-17,ok,
layout_irfft_clongdouble_n65536_b8_fortran,layout,irfft,clongdouble,65536,8,fortran,,,ok,ok,5.929230630780102e-21,2.2920548955644036e-19,1.4210854715202003717e-12,2.168404344971008868e-17,ok,
staged_fft_complex64_n64_b1_contiguous_pad,staged,fft,complex64,64,1,contiguous,pad,,ok,ok,1.9073486328125e-06,1.0274752006016895e-07,0.0015258789,2.3841858e-05,ok,
staged_fft_complex64_n64_b1_contiguous_truncate,staged,fft,complex64,64,1,contiguous,truncate,,ok,ok,2.6973982585332124e-06,1.1866587821180078e-07,0.0015258789,2.3841858e-05,ok,
staged_fft_complex64_n64_b8_contiguous_pad,staged,fft,complex64,64,8,contiguous,pad,,ok,ok,2.384185791015625e-06,1.280697289470783e-07,0.0015258789,2.3841858e-05,ok,
staged_fft_complex64_n64_b8_contiguous_truncate,staged,fft,complex64,64,8,contiguous,truncate,,ok,ok,3.84438408218557e-06,1.388107219249679e-07,0.0015258789,2.3841858e-05,ok,
staged_fft_complex64_n64_b64_contiguous_pad,staged,fft,complex64,64,64,contiguous,pad,,ok,ok,2.910879857154214e-06,1.2534234006473582e-07,0.0015258789,2.3841858e-05,ok,
staged_fft_complex64_n64_b64_contiguous_truncate,staged,fft,complex64,64,64,contiguous,truncate,,ok,ok,3.881173142872285e-06,1.1958593496534957e-07,0.0015258789,2.3841858e-05,ok,
staged_fft_complex64_n1024_b1_contiguous_pad,staged,fft,complex64,1024,1,contiguous,pad,,ok,ok,1.206313208967913e-05,1.4349535321518646e-07,0.024414062,2.3841858e-05,ok,
staged_fft_complex64_n1024_b1_contiguous_truncate,staged,fft,complex64,1024,1,contiguous,truncate,,ok,ok,1.552469257148914e-05,1.3057755815038366e-07,0.024414062,2.3841858e-05,ok,
staged_fft_complex64_n1024_b8_contiguous_pad,staged,fft,complex64,1024,8,contiguous,pad,,ok,ok,1.5325696949730627e-05,1.587845425089879e-07,0.024414062,2.3841858e-05,ok,
staged_fft_complex64_n1024_b8_contiguous_truncate,staged,fft,complex64,1024,8,contiguous,truncate,,ok,ok,2.15791860682657e-05,1.6714358091469057e-07,0.024414062,2.3841858e-05,ok,
staged_fft_complex64_n1024_b64_contiguous_pad,staged,fft,complex64,1024,64,contiguous,pad,,ok,ok,1.7059845049516298e-05,1.5207984699506574e-07,0.024414062,2.3841858e-05,ok,
staged_fft_complex64_n1024_b64_contiguous_truncate,staged,fft,complex64,1024,64,contiguous,truncate,,ok,ok,2.288818359375e-05,1.4088614567909237e-07,0.024414062,2.3841858e-05,ok,
staged_fft_complex64_n4096_b1_contiguous_pad,staged,fft,complex64,4096,1,contiguous,pad,,ok,ok,2.412626417935826e-05,1.29895844286093e-07,0.09765625,2.3841858e-05,ok,
staged_fft_complex64_n4096_b1_contiguous_truncate,staged,fft,complex64,4096,1,contiguous,truncate,,ok,ok,4.578629886964336e-05,1.9104029965944566e-07,0.09765625,2.3841858e-05,ok,
staged_fft_complex64_n4096_b8_contiguous_pad,staged,fft,complex64,4096,8,contiguous,pad,,ok,ok,3.259278673795052e-05,1.6810542910729563e-07,0.09765625,2.3841858e-05,ok,
staged_fft_complex64_n4096_b8_contiguous_truncate,staged,fft,complex64,4096,8,contiguous,truncate,,ok,ok,4.959106081514619e-05,1.7185376510377487e-07,0.09765625,2.3841858e-05,ok,
staged_fft_complex64_n4096_b64_contiguous_pad,staged,fft,complex64,4096,64,contiguous,pad,,ok,ok,3.4119690099032596e-05,1.5647241913418943e-07,0.09765625,2.3841858e-05,ok,
staged_fft_complex64_n4096_b64_contiguous_truncate,staged,fft,complex64,4096,64,contiguous,truncate,,ok,ok,5.0355447456240654e-05,1.555698688325357e-07,0.09765625,2.3841858e-05,ok,
staged_fft_complex64_n4097_b1_contiguous_pad,staged,fft,complex64,4097,1,contiguous,pad,,ok,ok,4.264961171429604e-05,2.2806413648347422e-07,0.09768009,2.3841858e-05,ok,
staged_fft_complex64_n4097_b1_contiguous_truncate,staged,fft,complex64,4097,1,contiguous,truncate,,ok,ok,6.103515625e-05,2.411294358095659e-07,0.09768009,2.3841858e-05,ok,
staged_fft_complex64_n4097_b8_contiguous_pad,staged,fft,complex64,4097,8,contiguous,pad,,ok,ok,4.9965616199187934e-05,2.3551657505517464e-07,0.09768009,2.3841858e-05,ok,
staged_fft_complex64_n4097_b8_contiguous_truncate,staged,fft,complex64,4097,8,contiguous,truncate,,ok,ok,7.337716670008376e-05,2.5346762066750664e-07,0.09768009,2.3841858e-05,ok,
staged_fft_complex64_n4097_b64_contiguous_pad,staged,fft,complex64,4097,64,contiguous,pad,,ok,ok,6.106495129643008e-05,2.5402034790299926e-07,0.09768009,2.3841858e-05,ok,
staged_fft_complex64_n4097_b64_contiguous_truncate,staged,fft,complex64,4097,64,contiguous,truncate,,ok,ok,7.62939453125e-05,2.3910844304346025e-07,0.09768009,2.3841858e-05,ok,
staged_fft_complex64_n8192_b1_contiguous_pad,staged,fft,complex64,8192,1,contiguous,pad,,ok,ok,4.593504127115011e-05,1.5454416511601e-07,0.1953125,2.3841858e-05,ok,
staged_fft_complex64_n8192_b1_contiguous_truncate,staged,fft,complex64,8192,1,contiguous,truncate,,ok,ok,6.662082159891725e-05,1.6549145768860017e-07,0.1953125,2.3841858e-05,ok,
staged_fft_complex64_n8192_b8_contiguous_pad,staged,fft,complex64,8192,8,contiguous,pad,,ok,ok,4.825252835871652e-05,1.5732806271817753e-07,0.1953125,2.3841858e-05,ok,
staged_fft_complex64_n8192_b8_contiguous_truncate,staged,fft,complex64,8192,8,contiguous,truncate,,ok,ok,7.789978553773835e-05,1.8177466475284299e-07,0.1953125,2.3841858e-05,ok,
staged_fft_complex64_n8192_b64_contiguous_pad,staged,fft,complex64,8192,64,contiguous,pad,,ok,ok,6.151014531496912e-05,1.8914327374166342e-07,0.1953125,2.3841858e-05,ok,
staged_fft_complex64_n8192_b64_contiguous_truncate,staged,fft,complex64,8192,64,contiguous,truncate,,ok,ok,8.217109279939905e-05,1.8073727603867611e-07,0.1953125,2.3841858e-05,ok,
staged_fft_complex128_n64_b1_contiguous_pad,staged,fft,complex128,64,1,contiguous,pad,,ok,ok,0.0,0.0,2.8421709430404007e-12,4.440892098500626e-14,ok,
staged_fft_complex128_n64_b1_contiguous_truncate,staged,fft,complex128,64,1,contiguous,truncate,,ok,ok,0.0,0.0,2.8421709430404007e-12,4.440892098500626e-14,ok,
staged_fft_complex128_n64_b8_contiguous_pad,staged,fft,complex128,64,8,contiguous,pad,,ok,ok,0.0,0.0,2.8421709430404007e-12,4.440892098500626e-14,ok,
staged_fft_complex128_n64_b8_contiguous_truncate,staged,fft,complex128,64,8,contiguous,truncate,,ok,ok,0.0,0.0,2.8421709430404007e-12,4.440892098500626e-14,ok,
staged_fft_complex128_n64_b64_contiguous_pad,staged,fft,complex128,64,64,contiguous,pad,,ok,ok,0.0,0.0,2.8421709430404007e-12,4.440892098500626e-14,ok,
staged_fft_complex128_n64_b64_contiguous_truncate,staged,fft,complex128,64,64,contiguous,truncate,,ok,ok,0.0,0.0,2.8421709430404007e-12,4.440892098500626e-14,ok,
staged_fft_complex128_n1024_b1_contiguous_pad,staged,fft,complex128,1024,1,contiguous,pad,,ok,ok,0.0,0.0,4.547473508864641e-11,4.440892098500626e-14,ok,
staged_fft_complex128_n1024_b1_contiguous_truncate,staged,fft,complex128,1024,1,contiguous,truncate,,ok,ok,0.0,0.0,4.547473508864641e-11,4.440892098500626e-14,ok,
staged_fft_complex128_n1024_b8_contiguous_pad,staged,fft,complex128,1024,8,contiguous,pad,,ok,ok,0.0,0.0,4.547473508864641e-11,4.440892098500626e-14,ok,
staged_fft_complex128_n1024_b8_contiguous_truncate,staged,fft,complex128,1024,8,contiguous,truncate,,ok,ok,0.0,0.0,4.547473508864641e-11,4.440892098500626e-14,ok,
staged_fft_complex128_n1024_b64_contiguous_pad,staged,fft,complex128,1024,64,contiguous,pad,,ok,ok,0.0,0.0,4.547473508864641e-11,4.440892098500626e-14,ok,
staged_fft_complex128_n1024_b64_contiguous_truncate,staged,fft,complex128,1024,64,contiguous,truncate,,ok,ok,0.0,0.0,4.547473508864641e-11,4.440892098500626e-14,ok,
staged_fft_complex128_n4096_b1_contiguous_pad,staged,fft,complex128,4096,1,contiguous,pad,,ok,ok,0.0,0.0,1.8189894035458565e-10,4.440892098500626e-14,ok,
staged_fft_complex128_n4096_b1_contiguous_truncate,staged,fft,complex128,4096,1,contiguous,truncate,,ok,ok,0.0,0.0,1.8189894035458565e-10,4.440892098500626e-14,ok,
staged_fft_complex128_n4096_b8_contiguous_pad,staged,fft,complex128,4096,8,contiguous,pad,,ok,ok,0.0,0.0,1.8189894035458565e-10,4.440892098500626e-14,ok,
staged_fft_complex128_n4096_b8_contiguous_truncate,staged,fft,complex128,4096,8,contiguous,truncate,,ok,ok,0.0,0.0,1.8189894035458565e-10,4.440892098500626e-14,ok,
staged_fft_complex128_n4096_b64_contiguous_pad,staged,fft,complex128,4096,64,contiguous,pad,,ok,ok,0.0,0.0,1.8189894035458565e-10,4.440892098500626e-14,ok,
staged_fft_complex128_n4096_b64_contiguous_truncate,staged,fft,complex128,4096,64,contiguous,truncate,,ok,ok,0.0,0.0,1.8189894035458565e-10,4.440892098500626e-14,ok,
staged_fft_complex128_n4097_b1_contiguous_pad,staged,fft,complex128,4097,1,contiguous,pad,,ok,ok,1.464821375527116e-13,7.842289441677984e-16,1.8194334927557065e-10,4.440892098500626e-14,ok,
staged_fft_complex128_n4097_b1_contiguous_truncate,staged,fft,complex128,4097,1,contiguous,truncate,,ok,ok,1.9328852131274408e-13,7.709301540687498e-16,1.8194334927557065e-10,4.440892098500626e-14,ok,
staged_fft_complex128_n4097_b8_contiguous_pad,staged,fft,complex128,4097,8,contiguous,pad,,ok,ok,1.6949088094799781e-13,7.715180113508107e-16,1.8194334927557065e-10,4.440892098500626e-14,ok,
staged_fft_complex128_n4097_b8_contiguous_truncate,staged,fft,complex128,4097,8,contiguous,truncate,,ok,ok,1.9895196601282805e-13,6.88535905584434e-16,1.8194334927557065e-10,4.440892098500626e-14,ok,
staged_fft_complex128_n4097_b64_contiguous_pad,staged,fft,complex128,4097,64,contiguous,pad,,ok,ok,1.718573603063735e-13,7.46992140456027e-16,1.8194334927557065e-10,4.440892098500626e-14,ok,
staged_fft_complex128_n4097_b64_contiguous_truncate,staged,fft,complex128,4097,64,contiguous,truncate,,ok,ok,2.453173877602249e-13,6.835518666313755e-16,1.8194334927557065e-10,4.440892098500626e-14,ok,
staged_fft_complex128_n8192_b1_contiguous_pad,staged,fft,complex128,8192,1,contiguous,pad,,ok,ok,0.0,0.0,3.637978807091713e-10,4.440892098500626e-14,ok,
staged_fft_complex128_n8192_b1_contiguous_truncate,staged,fft,complex128,8192,1,contiguous,truncate,,ok,ok,0.0,0.0,3.637978807091713e-10,4.440892098500626e-14,ok,
staged_fft_complex128_n8192_b8_contiguous_pad,staged,fft,complex128,8192,8,contiguous,pad,,ok,ok,0.0,0.0,3.637978807091713e-10,4.440892098500626e-14,ok,
staged_fft_complex128_n8192_b8_contiguous_truncate,staged,fft,complex128,8192,8,contiguous,truncate,,ok,ok,0.0,0.0,3.637978807091713e-10,4.440892098500626e-14,ok,
staged_fft_complex128_n8192_b64_contiguous_pad,staged,fft,complex128,8192,64,contiguous,pad,,ok,ok,0.0,0.0,3.637978807091713e-10,4.440892098500626e-14,ok,
staged_fft_complex128_n8192_b64_contiguous_truncate,staged,fft,complex128,8192,64,contiguous,truncate,,ok,ok,0.0,0.0,3.637978807091713e-10,4.440892098500626e-14,ok,
staged_ifft_complex64_n64_b1_contiguous_pad,staged,ifft,complex64,64,1,contiguous,pad,,ok,ok,0.0,0.0,0.0015258789,2.3841858e-05,ok,
staged_ifft_complex64_n64_b1_contiguous_truncate,staged,ifft,complex64,64,1,contiguous,truncate,,ok,ok,0.0,0.0,0.0015258789,2.3841858e-05,ok,
staged_ifft_complex64_n64_b8_contiguous_pad,staged,ifft,complex64,64,8,contiguous,pad,,ok,ok,0.0,0.0,0.0015258789,2.3841858e-05,ok,
staged_ifft_complex64_n64_b8_contiguous_truncate,staged,ifft,complex64,64,8,contiguous,truncate,,ok,ok,0.0,0.0,0.0015258789,2.3841858e-05,ok,
staged_ifft_complex64_n64_b64_contiguous_pad,staged,ifft,complex64,64,64,contiguous,pad,,ok,ok,0.0,0.0,0.0015258789,2.3841858e-05,ok,
staged_ifft_complex64_n64_b64_contiguous_truncate,staged,ifft,complex64,64,64,contiguous,truncate,,ok,ok,0.0,0.0,0.0015258789,2.3841858e-05,ok,
staged_ifft_complex64_n1024_b1_contiguous_pad,staged,ifft,complex64,1024,1,contiguous,pad,,ok,ok,0.0,0.0,0.024414062,2.3841858e-05,ok,
staged_ifft_complex64_n1024_b1_contiguous_truncate,staged,ifft,complex64,1024,1,contiguous,truncate,,ok,ok,2.2429219370678766e-08,1.827295094032586e-07,0.024414062,2.3841858e-05,ok,
staged_ifft_complex64_n1024_b8_contiguous_pad,staged,ifft,complex64,1024,8,contiguous,pad,,ok,ok,0.0,0.0,0.024414062,2.3841858e-05,ok,
staged_ifft_complex64_n1024_b8_contiguous_truncate,staged,ifft,complex64,1024,8,contiguous,truncate,,ok,ok,0.0,0.0,0.024414062,2.3841858e-05,ok,
staged_ifft_complex64_n1024_b64_contiguous_pad,staged,ifft,complex64,1024,64,contiguous,pad,,ok,ok,0.0,0.0,0.024414062,2.3841858e-05,ok,
staged_ifft_complex64_n1024_b64_contiguous_truncate,staged,ifft,complex64,1024,64,contiguous,truncate,,ok,ok,0.0,0.0,0.024414062,2.3841858e-05,ok,
staged_ifft_complex64_n4096_b1_contiguous_pad,staged,ifft,complex64,4096,1,contiguous,pad,,ok,ok,0.0,0.0,0.09765625,2.3841858e-05,ok,
staged_ifft_complex64_n4096_b1_contiguous_truncate,staged,ifft,complex64,4096,1,contiguous,truncate,,ok,ok,1.0244548320770264e-08,1.6016231023241474e-07,0.09765625,2.3841858e-05,ok,
staged_ifft_complex64_n4096_b8_contiguous_pad,staged,ifft,complex64,4096,8,contiguous,pad,,ok,ok,0.0,0.0,0.09765625,2.3841858e-05,ok,
staged_ifft_complex64_n4096_b8_contiguous_truncate,staged,ifft,complex64,4096,8,contiguous,truncate,,ok,ok,0.0,0.0,0.09765625,2.3841858e-05,ok,
staged_ifft_complex64_n4096_b64_contiguous_pad,staged,ifft,complex64,4096,64,contiguous,pad,,ok,ok,0.0,0.0,0.09765625,2.3841858e-05,ok,
staged_ifft_complex64_n4096_b64_contiguous_truncate,staged,ifft,complex64,4096,64,contiguous,truncate,,ok,ok,0.0,0.0,0.09765625,2.3841858e-05,ok,
staged_ifft_complex64_n4097_b1_contiguous_pad,staged,ifft,complex64,4097,1,contiguous,pad,,ok,ok,1.6476779052254642e-08,3.0154409568462186e-07,0.09768009,2.3841858e-05,ok,
staged_ifft_complex64_n4097_b1_contiguous_truncate,staged,ifft,complex64,4097,1,contiguous,truncate,,ok,ok,2.2907507002400962e-08,3.87305598881181e-07,0.09768009,2.3841858e-05,ok,
staged_ifft_complex64_n4097_b8_contiguous_pad,staged,ifft,complex64,4097,8,contiguous,pad,,ok,ok,1.7553638542722183e-08,3.383084506752145e-07,0.09768009,2.3841858e-05,ok,
staged_ifft_complex64_n4097_b8_contiguous_truncate,staged,ifft,complex64,4097,8,contiguous,truncate,,ok,ok,2.561560208391711e-08,3.6467997927956654e-07,0.09768009,2.3841858e-05,ok,
staged_ifft_complex64_n4097_b64_contiguous_pad,staged,ifft,complex64,4097,64,contiguous,pad,,ok,ok,2.042549951397632e-08,3.601572150531271e-07,0.09768009,2.3841858e-05,ok,
staged_ifft_complex64_n4097_b64_contiguous_truncate,staged,ifft,complex64,4097,64,contiguous,truncate,,ok,ok,2.986047320518992e-08,3.7202907561826333e-07,0.09768009,2.3841858e-05,ok,
staged_ifft_complex64_n8192_b1_contiguous_pad,staged,ifft,complex64,8192,1,contiguous,pad,,ok,ok,0.0,0.0,0.1953125,2.3841858e-05,ok,
staged_ifft_complex64_n8192_b1_contiguous_truncate,staged,ifft,complex64,8192,1,contiguous,truncate,,ok,ok,9.497663988611293e-09,2.0644171505222373e-07,0.1953125,2.3841858e-05,ok,
staged_ifft_complex64_n8192_b8_contiguous_pad,staged,ifft,complex64,8192,8,contiguous,pad,,ok,ok,0.0,0.0,0.1953125,2.3841858e-05,ok,
staged_ifft_complex64_n8192_b8_contiguous_truncate,staged,ifft,complex64,8192,8,contiguous,truncate,,ok,ok,9.988000648775142e-09,1.9174595910201928e-07,0.1953125,2.3841858e-05,ok,
staged_ifft_complex64_n8192_b64_contiguous_pad,staged,ifft,complex64,8192,64,contiguous,pad,,ok,ok,0.0,0.0,0.1953125,2.3841858e-05,ok,
staged_ifft_complex64_n8192_b64_contiguous_truncate,staged,ifft,complex64,8192,64,contiguous,truncate,,ok,ok,1.1214609685339383e-08,1.8842236423251554e-07,0.1953125,2.3841858e-05,ok,
staged_ifft_complex128_n64_b1_contiguous_pad,staged,ifft,complex128,64,1,contiguous,pad,,ok,ok,0.0,0.0,2.8421709430404007e-12,4.440892098500626e-14,ok,
staged_ifft_complex128_n64_b1_contiguous_truncate,staged,ifft,complex128,64,1,contiguous,truncate,,ok,ok,0.0,0.0,2.8421709430404007e-12,4.440892098500626e-14,ok,
staged_ifft_complex128_n64_b8_contiguous_pad,staged,ifft,complex128,64,8,contiguous,pad,,ok,ok,0.0,0.0,2.8421709430404007e-12,4.440892098500626e-14,ok,
staged_ifft_complex128_n64_b8_contiguous_truncate,staged,ifft,complex128,64,8,contiguous,truncate,,ok,ok,0.0,0.0,2.8421709430404007e-12,4.440892098500626e-14,ok,
staged_ifft_complex128_n64_b64_contiguous_pad,staged,ifft,complex128,64,64,contiguous,pad,,ok,ok,0.0,0.0,2.8421709430404007e-12,4.440892098500626e-14,ok,
staged_ifft_complex128_n64_b64_contiguous_truncate,staged,ifft,complex128,64,64,contiguous,truncate,,ok,ok,0.0,0.0,2.8421709430404007e-12,4.440892098500626e-14,ok,
staged_ifft_complex128_n1024_b1_contiguous_pad,staged,ifft,complex128,1024,1,contiguous,pad,,ok,ok,0.0,0.0,4.547473508864641e-11,4.440892098500626e-14,ok,
staged_ifft_complex128_n1024_b1_contiguous_truncate,staged,ifft,complex128,1024,1,contiguous,truncate,,ok,ok,0.0,0.0,4.547473508864641e-11,4.440892098500626e-14,ok,
staged_ifft_complex128_n1024_b8_contiguous_pad,staged,ifft,complex128,1024,8,contiguous,pad,,ok,ok,0.0,0.0,4.547473508864641e-11,4.440892098500626e-14,ok,
staged_ifft_complex128_n1024_b8_contiguous_truncate,staged,ifft,complex128,1024,8,contiguous,truncate,,ok,ok,0.0,0.0,4.547473508864641e-11,4.440892098500626e-14,ok,
staged_ifft_complex128_n1024_b64_contiguous_pad,staged,ifft,complex128,1024,64,contiguous,pad,,ok,ok,0.0,0.0,4.547473508864641e-11,4.440892098500626e-14,ok,
staged_ifft_complex128_n1024_b64_contiguous_truncate,staged,ifft,complex128,1024,64,contiguous,truncate,,ok,ok,0.0,0.0,4.547473508864641e-11,4.440892098500626e-14,ok,
staged_ifft_complex128_n4096_b1_contiguous_pad,staged,ifft,complex128,4096,1,contiguous,pad,,ok,ok,0.0,0.0,1.8189894035458565e-10,4.440892098500626e-14,ok,
staged_ifft_complex128_n4096_b1_contiguous_truncate,staged,ifft,complex128,4096,1,contiguous,truncate,,ok,ok,0.0,0.0,1.8189894035458565e-10,4.440892098500626e-14,ok,
staged_ifft_complex128_n4096_b8_contiguous_pad,staged,ifft,complex128,4096,8,contiguous,pad,,ok,ok,0.0,0.0,1.8189894035458565e-10,4.440892098500626e-14,ok,
staged_ifft_complex128_n4096_b8_contiguous_truncate,staged,ifft,complex128,4096,8,contiguous,truncate,,ok,ok,0.0,0.0,1.8189894035458565e-10,4.440892098500626e-14,ok,
staged_ifft_complex128_n4096_b64_contiguous_pad,staged,ifft,complex128,4096,64,contiguous,pad,,ok,ok,0.0,0.0,1.8189894035458565e-10,4.440892098500626e-14,ok,
staged_ifft_complex128_n4096_b64_contiguous_truncate,staged,ifft,complex128,4096,64,contiguous,truncate,,ok,ok,0.0,0.0,1.8189894035458565e-10,4.440892098500626e-14,ok,
staged_ifft_complex128_n4097_b1_contiguous_pad,staged,ifft,complex128,4097,1,contiguous,pad,,ok,ok,3.273069708340169e-17,7.491127463147414e-16,1.8194334927557065e-10,4.440892098500626e-14,ok,
staged_ifft_complex128_n4097_b1_contiguous_truncate,staged,ifft,complex128,4097,1,contiguous,truncate,,ok,ok,4.934061025491062e-17,7.717281238197204e-16,1.8194334927557065e-10,4.440892098500626e-14,ok,
staged_ifft_complex128_n4097_b8_contiguous_pad,staged,ifft,complex128,4097,8,contiguous,pad,,ok,ok,3.8321294114307615e-17,7.051886175336028e-16,1.8194334927557065e-10,4.440892098500626e-14,ok,
staged_ifft_complex128_n4097_b8_contiguous_truncate,staged,ifft,complex128,4097,8,contiguous,truncate,,ok,ok,5.1019748043878786e-17,7.119015341358805e-16,1.8194334927557065e-10,4.440892098500626e-14,ok,
staged_ifft_complex128_n4097_b64_contiguous_pad,staged,ifft,complex128,4097,64,contiguous,pad,,ok,ok,4.342226316901215e-17,7.684236738783938e-16,1.8194334927557065e-10,4.440892098500626e-14,ok,
staged_ifft_complex128_n4097_b64_contiguous_truncate,staged,ifft,complex128,4097,64,contiguous,truncate,,ok,ok,5.797714727427823e-17,7.584691849452553e-16,1.8194334927557065e-10,4.440892098500626e-14,ok,
staged_ifft_complex128_n8192_b1_contiguous_pad,staged,ifft,complex128,8192,1,contiguous,pad,,ok,ok,0.0,0.0,3.637978807091713e-10,4.440892098500626e-14,ok,
staged_ifft_complex128_n8192_b1_contiguous_truncate,staged,ifft,complex128,8192,1,contiguous,truncate,,ok,ok,0.0,0.0,3.637978807091713e-10,4.440892098500626e-14,ok,
staged_ifft_complex128_n8192_b8_contiguous_pad,staged,ifft,complex128,8192,8,contiguous,pad,,ok,ok,0.0,0.0,3.637978807091713e-10,4.440892098500626e-14,ok,
staged_ifft_complex128_n8192_b8_contiguous_truncate,staged,ifft,complex128,8192,8,contiguous,truncate,,ok,ok,0.0,0.0,3.637978807091713e-10,4.440892098500626e-14,ok,
staged_ifft_complex128_n8192_b64_contiguous_pad,staged,ifft,complex128,8192,64,contiguous,pad,,ok,ok,0.0,0.0,3.637978807091713e-10,4.440892098500626e-14,ok,
staged_ifft_complex128_n8192_b64_contiguous_truncate,staged,ifft,complex128,8192,64,contiguous,truncate,,ok,ok,0.0,0.0,3.637978807091713e-10,4.440892098500626e-14,ok,
staged_rfft_float32_n64_b1_contiguous_pad,staged,rfft,float32,64,1,contiguous,pad,,ok,ok,1.0662403155947686e-06,7.762988620590125e-08,0.0015258789,2.3841858e-05,ok,
staged_rfft_float32_n64_b1_contiguous_truncate,staged,rfft,float32,64,1,contiguous,truncate,,ok,ok,9.610960205463925e-07,7.130143768821167e-08,0.0015258789,2.3841858e-05,ok,
staged_rfft_float32_n64_b8_contiguous_pad,staged,rfft,float32,64,8,contiguous,pad,,ok,ok,1.5993605302355718e-06,1.1649134227922749e-07,0.0015258789,2.3841858e-05,ok,
staged_rfft_float32_n64_b8_contiguous_truncate,staged,rfft,float32,64,8,contiguous,truncate,,ok,ok,2.6973982585332124e-06,1.4319422722483402e-07,0.0015258789,2.3841858e-05,ok,
staged_rfft_float32_n64_b64_contiguous_pad,staged,rfft,float32,64,64,contiguous,pad,,ok,ok,1.4502435305985273e-06,8.394121088837374e-08,0.0015258789,2.3841858e-05,ok,
staged_rfft_float32_n64_b64_contiguous_truncate,staged,rfft,float32,64,64,contiguous,truncate,,ok,ok,3.852231202472467e-06,1.70161121270794e-07,0.0015258789,2.3841858e-05,ok,
staged_rfft_float32_n1024_b1_contiguous_pad,staged,rfft,float32,1024,1,contiguous,pad,,ok,ok,6.735324859619141e-06,1.2328582515879214e-07,0.024414062,2.3841858e-05,ok,
staged_rfft_float32_n1024_b1_contiguous_truncate,staged,rfft,float32,1024,1,contiguous,truncate,,ok,ok,8.529922524758149e-06,1.0479245025838333e-07,0.024414062,2.3841858e-05,ok,
staged_rfft_float32_n1024_b8_contiguous_pad,staged,rfft,float32,1024,8,contiguous,pad,,ok,ok,1.1601948244788218e-05,1.7087929504081557e-07,0.024414062,2.3841858e-05,ok,
staged_rfft_float32_n1024_b8_contiguous_truncate,staged,rfft,float32,1024,8,contiguous,truncate,,ok,ok,1.2212990441184957e-05,1.2074217816749213e-07,0.024414062,2.3841858e-05,ok,
staged_rfft_float32_n1024_b64_contiguous_pad,staged,rfft,float32,1024,64,contiguous,pad,,ok,ok,1.1689806342474185e-05,1.700100579721459e-07,0.024414062,2.3841858e-05,ok,
staged_rfft_float32_n1024_b64_contiguous_truncate,staged,rfft,float32,1024,64,contiguous,truncate,,ok,ok,1.629639336897526e-05,1.5075439427765385e-07,0.024414062,2.3841858e-05,ok,
staged_rfft_float32_n4096_b1_contiguous_pad,staged,rfft,float32,4096,1,contiguous,pad,,ok,ok,1.7059845049516298e-05,1.1951900996425765e-07,0.09765625,2.3841858e-05,ok,
staged_rfft_float32_n4096_b1_contiguous_truncate,staged,rfft,float32,4096,1,contiguous,truncate,,ok,ok,3.057712456211448e-05,1.7018171309335476e-07,0.09765625,2.3841858e-05,ok,
staged_rfft_float32_n4096_b8_contiguous_pad,staged,rfft,float32,4096,8,contiguous,pad,,ok,ok,2.3037948267301545e-05,1.6071776382535077e-07,0.09765625,2.3841858e-05,ok,
staged_rfft_float32_n4096_b8_contiguous_truncate,staged,rfft,float32,4096,8,contiguous,truncate,,ok,ok,3.075507265748456e-05,1.4454633063289607e-07,0.09765625,2.3841858e-05,ok,
staged_rfft_float32_n4096_b64_contiguous_pad,staged,rfft,float32,4096,64,contiguous,pad,,ok,ok,2.7524698452907614e-05,1.8967662310138994e-07,0.09765625,2.3841858e-05,ok,
staged_rfft_float32_n4096_b64_contiguous_truncate,staged,rfft,float32,4096,64,contiguous,truncate,,ok,ok,3.4119690099032596e-05,1.3698023815888722e-07,0.09765625,2.3841858e-05,ok,
staged_rfft_float32_n4097_b1_contiguous_pad,staged,rfft,float32,4097,1,contiguous,pad,,ok,ok,2.80484018730931e-05,2.1906465518215674e-07,0.09768009,2.3841858e-05,ok,
staged_rfft_float32_n4097_b1_contiguous_truncate,staged,rfft,float32,4097,1,contiguous,truncate,,ok,ok,4.618919047061354e-05,2.603589763804521e-07,0.09768009,2.3841858e-05,ok,
staged_rfft_float32_n4097_b8_contiguous_pad,staged,rfft,float32,4097,8,contiguous,pad,,ok,ok,3.1456798751605675e-05,2.257383242383571e-07,0.09768009,2.3841858e-05,ok,
staged_rfft_float32_n4097_b8_contiguous_truncate,staged,rfft,float32,4097,8,contiguous,truncate,,ok,ok,4.656431337934919e-05,2.2991476036302414e-07,0.09768009,2.3841858e-05,ok,
staged_rfft_float32_n4097_b64_contiguous_pad,staged,rfft,float32,4097,64,contiguous,pad,,ok,ok,3.8194626540644094e-05,2.5380020456808293e-07,0.09768009,2.3841858e-05,ok,
staged_rfft_float32_n4097_b64_contiguous_truncate,staged,rfft,float32,4097,64,contiguous,truncate,,ok,ok,5.076020534033887e-05,2.3553145387860856e-07,0.09768009,2.3841858e-05,ok,
staged_rfft_float32_n8192_b1_contiguous_pad,staged,rfft,float32,8192,1,contiguous,pad,,ok,ok,3.075507265748456e-05,1.6371648847124377e-07,0.1953125,2.3841858e-05,ok,
staged_rfft_float32_n8192_b1_contiguous_truncate,staged,rfft,float32,8192,1,contiguous,truncate,,ok,ok,3.814697265625e-05,1.5000755738074084e-07,0.1953125,2.3841858e-05,ok,
staged_rfft_float32_n8192_b8_contiguous_pad,staged,rfft,float32,8192,8,contiguous,pad,,ok,ok,3.197298792656511e-05,1.5532444417362e-07,0.1953125,2.3841858e-05,ok,
staged_rfft_float32_n8192_b8_contiguous_truncate,staged,rfft,float32,8192,8,contiguous,truncate,,ok,ok,5.50163458683528e-05,1.8130200914408713e-07,0.1953125,2.3841858e-05,ok,
staged_rfft_float32_n8192_b64_contiguous_pad,staged,rfft,float32,8192,64,contiguous,pad,,ok,ok,3.598778130253777e-05,1.5635457400489513e-07,0.1953125,2.3841858e-05,ok,
staged_rfft_float32_n8192_b64_contiguous_truncate,staged,rfft,float32,8192,64,contiguous,truncate,,ok,ok,4.850313416682184e-05,1.5302227406571517e-07,0.1953125,2.3841858e-05,ok,
staged_rfft_float64_n64_b1_contiguous_pad,staged,rfft,float64,64,1,contiguous,pad,,ok,ok,0.0,0.0,2.8421709430404007e-12,4.440892098500626e-14,ok,
staged_rfft_float64_n64_b1_contiguous_truncate,staged,rfft,float64,64,1,contiguous,truncate,,ok,ok,0.0,0.0,2.8421709430404007e-12,4.440892098500626e-14,ok,
staged_rfft_float64_n64_b8_contiguous_pad,staged,rfft,float64,64,8,contiguous,pad,,ok,ok,0.0,0.0,2.8421709430404007e-12,4.440892098500626e-14,ok,
staged_rfft_float64_n64_b8_contiguous_truncate,staged,rfft,float64,64,8,contiguous,truncate,,ok,ok,0.0,0.0,2.8421709430404007e-12,4.440892098500626e-14,ok,
staged_rfft_float64_n64_b64_contiguous_pad,staged,rfft,float64,64,64,contiguous,pad,,ok,ok,0.0,0.0,2.8421709430404007e-12,4.440892098500626e-14,ok,
staged_rfft_float64_n64_b64_contiguous_truncate,staged,rfft,float64,64,64,contiguous,truncate,,ok,ok,0.0,0.0,2.8421709430404007e-12,4.440892098500626e-14,ok,
staged_rfft_float64_n1024_b1_contiguous_pad,staged,rfft,float64,1024,1,contiguous,pad,,ok,ok,1.637720085286689e-14,2.5804992233776907e-16,4.547473508864641e-11,4.440892098500626e-14,ok,
staged_rfft_float64_n1024_b1_contiguous_truncate,staged,rfft,float64,1024,1,contiguous,truncate,,ok,ok,0.0,0.0,4.547473508864641e-11,4.440892098500626e-14,ok,
staged_rfft_float64_n1024_b8_contiguous_pad,staged,rfft,float64,1024,8,contiguous,pad,,ok,ok,2.2469334198890888e-14,3.481890407749967e-16,4.547473508864641e-11,4.440892098500626e-14,ok,
staged_rfft_float64_n1024_b8_contiguous_truncate,staged,rfft,float64,1024,8,contiguous,truncate,,ok,ok,0.0,0.0,4.547473508864641e-11,4.440892098500626e-14,ok,
staged_rfft_float64_n1024_b64_contiguous_pad,staged,rfft,float64,1024,64,contiguous,pad,,ok,ok,2.929642751054232e-14,4.179570120785116e-16,4.547473508864641e-11,4.440892098500626e-14,ok,
staged_rfft_float64_n1024_b64_contiguous_truncate,staged,rfft,float64,1024,64,contiguous,truncate,,ok,ok,0.0,0.0,4.547473508864641e-11,4.440892098500626e-14,ok,
staged_rfft_float64_n4096_b1_contiguous_pad,staged,rfft,float64,4096,1,contiguous,pad,,ok,ok,4.4938668397781776e-14,3.3830943186122503e-16,1.8189894035458565e-10,4.440892098500626e-14,ok,
staged_rfft_float64_n4096_b1_contiguous_truncate,staged,rfft,float64,4096,1,contiguous,truncate,,ok,ok,0.0,0.0,1.8189894035458565e-10,4.440892098500626e-14,ok,
staged_rfft_float64_n4096_b8_contiguous_pad,staged,rfft,float64,4096,8,contiguous,pad,,ok,ok,6.355287432313019e-14,4.4376625050088294e-16,1.8189894035458565e-10,4.440892098500626e-14,ok,
staged_rfft_float64_n4096_b8_contiguous_truncate,staged,rfft,float64,4096,8,contiguous,truncate,,ok,ok,0.0,0.0,1.8189894035458565e-10,4.440892098500626e-14,ok,
staged_rfft_float64_n4096_b64_contiguous_pad,staged,rfft,float64,4096,64,contiguous,pad,,ok,ok,6.07087979554246e-14,3.5623786070730663e-16,1.8189894035458565e-10,4.440892098500626e-14,ok,
staged_rfft_float64_n4096_b64_contiguous_truncate,staged,rfft,float64,4096,64,contiguous,truncate,,ok,ok,0.0,0.0,1.8189894035458565e-10,4.440892098500626e-14,ok,
staged_rfft_float64_n4097_b1_contiguous_pad,staged,rfft,float64,4097,1,contiguous,pad,,ok,ok,6.703246762680666e-14,5.532929319551031e-16,1.8194334927557065e-10,4.440892098500626e-14,ok,
staged_rfft_float64_n4097_b1_contiguous_truncate,staged,rfft,float64,4097,1,contiguous,truncate,,ok,ok,9.532931148469529e-14,5.449380503650748e-16,1.8194334927557065e-10,4.440892098500626e-14,ok,
staged_rfft_float64_n4097_b8_contiguous_pad,staged,rfft,float64,4097,8,contiguous,pad,,ok,ok,7.140866117879973e-14,4.996979223714566e-16,1.8194334927557065e-10,4.440892098500626e-14,ok,
staged_rfft_float64_n4097_b8_contiguous_truncate,staged,rfft,float64,4097,8,contiguous,truncate,,ok,ok,1.0048591735576161e-13,4.794925048092474e-16,1.8194334927557065e-10,4.440892098500626e-14,ok,
staged_rfft_float64_n4097_b64_contiguous_pad,staged,rfft,float64,4097,64,contiguous,pad,,ok,ok,8.526512829121202e-14,5.643645846288129e-16,1.8194334927557065e-10,4.440892098500626e-14,ok,
staged_rfft_float64_n4097_b64_contiguous_truncate,staged,rfft,float64,4097,64,contiguous,truncate,,ok,ok,1.4492285099529412e-13,6.258277396433773e-16,1.8194334927557065e-10,4.440892098500626e-14,ok,
staged_rfft_float64_n8192_b1_contiguous_pad,staged,rfft,float64,8192,1,contiguous,pad,,ok,ok,8.10921975650084e-14,4.0969703012215114e-16,3.637978807091713e-10,4.440892098500626e-14,ok,
staged_rfft_float64_n8192_b1_contiguous_truncate,staged,rfft,float64,8192,1,contiguous,truncate,,ok,ok,0.0,0.0,3.637978807091713e-10,4.440892098500626e-14,ok,
staged_rfft_float64_n8192_b8_contiguous_pad,staged,rfft,float64,8192,8,contiguous,pad,,ok,ok,8.788928253162695e-14,4.501001750009396e-16,3.637978807091713e-10,4.440892098500626e-14,ok,
staged_rfft_float64_n8192_b8_contiguous_truncate,staged,rfft,float64,8192,8,contiguous,truncate,,ok,ok,0.0,0.0,3.637978807091713e-10,4.440892098500626e-14,ok,
staged_rfft_float64_n8192_b64_contiguous_pad,staged,rfft,float64,8192,64,contiguous,pad,,ok,ok,9.532931148469529e-14,4.2205471466578617e-16,3.637978807091713e-10,4.440892098500626e-14,ok,
staged_rfft_float64_n8192_b64_contiguous_truncate,staged,rfft,float64,8192,64,contiguous,truncate,,ok,ok,0.0,0.0,3.637978807091713e-10,4.440892098500626e-14,ok,
staged_irfft_complex64_n64_b1_contiguous_pad,staged,irfft,complex64,64,1,contiguous,pad,,ok,ok,0.0,0.0,0.0015258789,2.3841858e-05,ok,
staged_irfft_complex64_n64_b1_contiguous_truncate,staged,irfft,complex64,64,1,contiguous,truncate,,ok,ok,0.0,0.0,0.0015258789,2.3841858e-05,ok,
staged_irfft_complex64_n64_b8_contiguous_pad,staged,irfft,complex64,64,8,contiguous,pad,,ok,ok,0.0,0.0,0.0015258789,2.3841858e-05,ok,
staged_irfft_complex64_n64_b8_contiguous_truncate,staged,irfft,complex64,64,8,contiguous,truncate,,ok,ok,0.0,0.0,0.0015258789,2.3841858e-05,ok,
staged_irfft_complex64_n64_b64_contiguous_pad,staged,irfft,complex64,64,64,contiguous,pad,,ok,ok,0.0,0.0,0.0015258789,2.3841858e-05,ok,
staged_irfft_complex64_n64_b64_contiguous_truncate,staged,irfft,complex64,64,64,contiguous,truncate,,ok,ok,0.0,0.0,0.0015258789,2.3841858e-05,ok,
staged_irfft_complex64_n1024_b1_contiguous_pad,staged,irfft,complex64,1024,1,contiguous,pad,,ok,ok,1.862645149230957e-08,1.8160614508703802e-07,0.024414062,2.3841858e-05,ok,
staged_irfft_complex64_n1024_b1_contiguous_truncate,staged,irfft,complex64,1024,1,contiguous,truncate,,ok,ok,0.0,0.0,0.024414062,2.3841858e-05,ok,
staged_irfft_complex64_n1024_b8_contiguous_pad,staged,irfft,complex64,1024,8,contiguous,pad,,ok,ok,2.2351741790771484e-08,1.765078417727224e-07,0.024414062,2.3841858e-05,ok,
staged_irfft_complex64_n1024_b8_contiguous_truncate,staged,irfft,complex64,1024,8,contiguous,truncate,,ok,ok,0.0,0.0,0.024414062,2.3841858e-05,ok,
staged_irfft_complex64_n1024_b64_contiguous_pad,staged,irfft,complex64,1024,64,contiguous,pad,,ok,ok,2.2351741790771484e-08,1.698188440499213e-07,0.024414062,2.3841858e-05,ok,
staged_irfft_complex64_n1024_b64_contiguous_truncate,staged,irfft,complex64,1024,64,contiguous,truncate,,ok,ok,0.0,0.0,0.024414062,2.3841858e-05,ok,
staged_irfft_complex64_n4096_b1_contiguous_pad,staged,irfft,complex64,4096,1,contiguous,pad,,ok,ok,1.1175870895385742e-08,1.90215420231515e-07,0.09765625,2.3841858e-05,ok,
staged_irfft_complex64_n4096_b1_contiguous_truncate,staged,irfft,complex64,4096,1,contiguous,truncate,,ok,ok,0.0,0.0,0.09765625,2.3841858e-05,ok,
staged_irfft_complex64_n4096_b8_contiguous_pad,staged,irfft,complex64,4096,8,contiguous,pad,,ok,ok,1.30385160446167e-08,1.9953853009200664e-07,0.09765625,2.3841858e-05,ok,
staged_irfft_complex64_n4096_b8_contiguous_truncate,staged,irfft,complex64,4096,8,contiguous,truncate,,ok,ok,0.0,0.0,0.09765625,2.3841858e-05,ok,
staged_irfft_complex64_n4096_b64_contiguous_pad,staged,irfft,complex64,4096,64,contiguous,pad,,ok,ok,1.4901161193847656e-08,2.011186217743087e-07,0.09765625,2.3841858e-05,ok,
staged_irfft_complex64_n4096_b64_contiguous_truncate,staged,irfft,complex64,4096,64,contiguous,truncate,,ok,ok,0.0,0.0,0.09765625,2.3841858e-05,ok,
staged_irfft_complex64_n4097_b1_contiguous_pad,staged,irfft,complex64,4097,1,contiguous,pad,,ok,ok,1.1175870895385742e-08,2.0255699852660038e-07,0.09768009,2.3841858e-05,ok,
staged_irfft_complex64_n4097_b1_contiguous_truncate,staged,irfft,complex64,4097,1,contiguous,truncate,,ok,ok,1.6763806343078613e-08,2.253993625906381e-07,0.09768009,2.3841858e-05,ok,
staged_irfft_complex64_n4097_b8_contiguous_pad,staged,irfft,complex64,4097,8,contiguous,pad,,ok,ok,1.862645149230957e-08,2.7142416039821616e-07,0.09768009,2.3841858e-05,ok,
staged_irfft_complex64_n4097_b8_contiguous_truncate,staged,irfft,complex64,4097,8,contiguous,truncate,,ok,ok,2.9802322387695312e-08,3.460563248195403e-07,0.09768009,2.3841858e-05,ok,
staged_irfft_complex64_n4097_b64_contiguous_pad,staged,irfft,complex64,4097,64,contiguous,pad,,ok,ok,2.2351741790771484e-08,2.7823702344258216e-07,0.09768009,2.3841858e-05,ok,
staged_irfft_complex64_n4097_b64_contiguous_truncate,staged,irfft,complex64,4097,64,contiguous,truncate,,ok,ok,3.3527612686157227e-08,3.2226406403343986e-07,0.09768009,2.3841858e-05,ok,
staged_irfft_complex64_n8192_b1_contiguous_pad,staged,irfft,complex64,8192,1,contiguous,pad,,ok,ok,9.313225746154785e-09,1.994502990198773e-07,0.1953125,2.3841858e-05,ok,
staged_irfft_complex64_n8192_b1_contiguous_truncate,staged,irfft,complex64,8192,1,contiguous,truncate,,ok,ok,0.0,0.0,0.1953125,2.3841858e-05,ok,
staged_irfft_complex64_n8192_b8_contiguous_pad,staged,irfft,complex64,8192,8,contiguous,pad,,ok,ok,9.313225746154785e-09,1.942055134013068e-07,0.1953125,2.3841858e-05,ok,
staged_irfft_complex64_n8192_b8_contiguous_truncate,staged,irfft,complex64,8192,8,contiguous,truncate,,ok,ok,0.0,0.0,0.1953125,2.3841858e-05,ok,
staged_irfft_complex64_n8192_b64_contiguous_pad,staged,irfft,complex64,8192,64,contiguous,pad,,ok,ok,1.1175870895385742e-08,2.029961143837092e-07,0.1953125,2.3841858e-05,ok,
staged_irfft_complex64_n8192_b64_contiguous_truncate,staged,irfft,complex64,8192,64,contiguous,truncate,,ok,ok,0.0,0.0,0.1953125,2.3841858e-05,ok,
staged_irfft_complex128_n64_b1_contiguous_pad,staged,irfft,complex128,64,1,contiguous,pad,,ok,ok,0.0,0.0,2.8421709430404007e-12,4.440892098500626e-14,ok,
staged_irfft_complex128_n64_b1_contiguous_truncate,staged,irfft,complex128,64,1,contiguous,truncate,,ok,ok,0.0,0.0,2.8421709430404007e-12,4.440892098500626e-14,ok,
staged_irfft_complex128_n64_b8_contiguous_pad,staged,irfft,complex128,64,8,contiguous,pad,,ok,ok,0.0,0.0,2.8421709430404007e-12,4.440892098500626e-14,ok,
staged_irfft_complex128_n64_b8_contiguous_truncate,staged,irfft,complex128,64,8,contiguous,truncate,,ok,ok,0.0,0.0,2.8421709430404007e-12,4.440892098500626e-14,ok,
staged_irfft_complex128_n64_b64_contiguous_pad,staged,irfft,complex128,64,64,contiguous,pad,,ok,ok,0.0,0.0,2.8421709430404007e-12,4.440892098500626e-14,ok,
staged_irfft_complex128_n64_b64_contiguous_truncate,staged,irfft,complex128,64,64,contiguous,truncate,,ok,ok,0.0,0.0,2.8421709430404007e-12,4.440892098500626e-14,ok,
staged_irfft_complex128_n1024_b1_contiguous_pad,staged,irfft,complex128,1024,1,contiguous,pad,,ok,ok,4.163336342344337e-17,4.2543376683978925e-16,4.547473508864641e-11,4.440892098500626e-14,ok,
staged_irfft_complex128_n1024_b1_contiguous_truncate,staged,irfft,complex128,1024,1,contiguous,truncate,,ok,ok,0.0,0.0,4.547473508864641e-11,4.440892098500626e-14,ok,
staged_irfft_complex128_n1024_b8_contiguous_pad,staged,irfft,complex128,1024,8,contiguous,pad,,ok,ok,3.8163916471489756e-17,2.7215021408531943e-16,4.547473508864641e-11,4.440892098500626e-14,ok,
staged_irfft_complex128_n1024_b8_contiguous_truncate,staged,irfft,complex128,1024,8,contiguous,truncate,,ok,ok,0.0,0.0,4.547473508864641e-11,4.440892098500626e-14,ok,
staged_irfft_complex128_n1024_b64_contiguous_pad,staged,irfft,complex128,1024,64,contiguous,pad,,ok,ok,4.85722573273506e-17,3.384102942472637e-16,4.547473508864641e-11,4.440892098500626e-14,ok,
staged_irfft_complex128_n1024_b64_contiguous_truncate,staged,irfft,complex128,1024,64,contiguous,truncate,,ok,ok,0.0,0.0,4.547473508864641e-11,4.440892098500626e-14,ok,
staged_irfft_complex128_n4096_b1_contiguous_pad,staged,irfft,complex128,4096,1,contiguous,pad,,ok,ok,2.0816681711721685e-17,2.8706915931823964e-16,1.8189894035458565e-10,4.440892098500626e-14,ok,
staged_irfft_complex128_n4096_b1_contiguous_truncate,staged,irfft,complex128,4096,1,contiguous,truncate,,ok,ok,0.0,0.0,1.8189894035458565e-10,4.440892098500626e-14,ok,
staged_irfft_complex128_n4096_b8_contiguous_pad,staged,irfft,complex128,4096,8,contiguous,pad,,ok,ok,2.7755575615628914e-17,4.038115972871759e-16,1.8189894035458565e-10,4.440892098500626e-14,ok,
staged_irfft_complex128_n4096_b8_contiguous_truncate,staged,irfft,complex128,4096,8,contiguous,truncate,,ok,ok,0.0,0.0,1.8189894035458565e-10,4.440892098500626e-14,ok,
staged_irfft_complex128_n4096_b64_contiguous_pad,staged,irfft,complex128,4096,64,contiguous,pad,,ok,ok,2.7755575615628914e-17,3.815737546660682e-16,1.8189894035458565e-10,4.440892098500626e-14,ok,
staged_irfft_complex128_n4096_b64_contiguous_truncate,staged,irfft,complex128,4096,64,contiguous,truncate,,ok,ok,0.0,0.0,1.8189894035458565e-10,4.440892098500626e-14,ok,
staged_irfft_complex128_n4097_b1_contiguous_pad,staged,irfft,complex128,4097,1,contiguous,pad,,ok,ok,2.7755575615628914e-17,4.67631664913352e-16,1.8194334927557065e-10,4.440892098500626e-14,ok,
staged_irfft_complex128_n4097_b1_contiguous_truncate,staged,irfft,complex128,4097,1,contiguous,truncate,,ok,ok,4.163336342344337e-17,5.140074260880088e-16,1.8194334927557065e-10,4.440892098500626e-14,ok,
staged_irfft_complex128_n4097_b8_contiguous_pad,staged,irfft,complex128,4097,8,contiguous,pad,,ok,ok,3.469446951953614e-17,5.176438864954031e-16,1.8194334927557065e-10,4.440892098500626e-14,ok,
staged_irfft_complex128_n4097_b8_contiguous_truncate,staged,irfft,complex128,4097,8,contiguous,truncate,,ok,ok,4.163336342344337e-17,4.69972310596091e-16,1.8194334927557065e-10,4.440892098500626e-14,ok,
staged_irfft_complex128_n4097_b64_contiguous_pad,staged,irfft,complex128,4097,64,contiguous,pad,,ok,ok,6.245004513516506e-17,8.315990566469121e-16,1.8194334927557065e-10,4.440892098500626e-14,ok,
staged_irfft_complex128_n4097_b64_contiguous_truncate,staged,irfft,complex128,4097,64,contiguous,truncate,,ok,ok,5.551115123125783e-17,5.007273356245881e-16,1.8194334927557065e-10,4.440892098500626e-14,ok,
staged_irfft_complex128_n8192_b1_contiguous_pad,staged,irfft,complex128,8192,1,contiguous,pad,,ok,ok,1.734723475976807e-17,4.437538993796264e-16,3.637978807091713e-10,4.440892098500626e-14,ok,
staged_irfft_complex128_n8192_b1_contiguous_truncate,staged,irfft,complex128,8192,1,contiguous,truncate,,ok,ok,0.0,0.0,3.637978807091713e-10,4.440892098500626e-14,ok,
staged_irfft_complex128_n8192_b8_contiguous_pad,staged,irfft,complex128,8192,8,contiguous,pad,,ok,ok,1.8214596497756474e-17,3.709483508631989e-16,3.637978807091713e-10,4.440892098500626e-14,ok,
staged_irfft_complex128_n8192_b8_contiguous_truncate,staged,irfft,complex128,8192,8,contiguous,truncate,,ok,ok,0.0,0.0,3.637978807091713e-10,4.440892098500626e-14,ok,
staged_irfft_complex128_n8192_b64_contiguous_pad,staged,irfft,complex128,8192,64,contiguous,pad,,ok,ok,2.0816681711721685e-17,3.5036905502459036e-16,3.637978807091713e-10,4.440892098500626e-14,ok,
staged_irfft_complex128_n8192_b64_contiguous_truncate,staged,irfft,complex128,8192,64,contiguous,truncate,,ok,ok,0.0,0.0,3.637978807091713e-10,4.440892098500626e-14,ok,
staged_fft_float32_n64_b1_contiguous_pad,staged,fft,float32,64,1,contiguous,pad,,ok,ok,0.0,0.0,0.0015258789,2.3841858e-05,ok,
staged_fft_float32_n64_b1_contiguous_truncate,staged,fft,float32,64,1,contiguous,truncate,,ok,ok,0.0,0.0,0.0015258789,2.3841858e-05,ok,
staged_fft_float32_n64_b8_contiguous_pad,staged,fft,float32,64,8,contiguous,pad,,ok,ok,0.0,0.0,0.0015258789,2.3841858e-05,ok,
staged_fft_float32_n64_b8_contiguous_truncate,staged,fft,float32,64,8,contiguous,truncate,,ok,ok,0.0,0.0,0.0015258789,2.3841858e-05,ok,
staged_fft_float32_n64_b64_contiguous_pad,staged,fft,float32,64,64,contiguous,pad,,ok,ok,0.0,0.0,0.0015258789,2.3841858e-05,ok,
staged_fft_float32_n64_b64_contiguous_truncate,staged,fft,float32,64,64,contiguous,truncate,,ok,ok,0.0,0.0,0.0015258789,2.3841858e-05,ok,
staged_fft_float32_n1024_b1_contiguous_pad,staged,fft,float32,1024,1,contiguous,pad,,ok,ok,0.0,0.0,0.024414062,2.3841858e-05,ok,
staged_fft_float32_n1024_b1_contiguous_truncate,staged,fft,float32,1024,1,contiguous,truncate,,ok,ok,0.0,0.0,0.024414062,2.3841858e-05,ok,
staged_fft_float32_n1024_b8_contiguous_pad,staged,fft,float32,1024,8,contiguous,pad,,ok,ok,0.0,0.0,0.024414062,2.3841858e-05,ok,
staged_fft_float32_n1024_b8_contiguous_truncate,staged,fft,float32,1024,8,contiguous,truncate,,ok,ok,0.0,0.0,0.024414062,2.3841858e-05,ok,
staged_fft_float32_n1024_b64_contiguous_pad,staged,fft,float32,1024,64,contiguous,pad,,ok,ok,0.0,0.0,0.024414062,2.3841858e-05,ok,
staged_fft_float32_n1024_b64_contiguous_truncate,staged,fft,float32,1024,64,contiguous,truncate,,ok,ok,0.0,0.0,0.024414062,2.3841858e-05,ok,
staged_fft_float32_n4096_b1_contiguous_pad,staged,fft,float32,4096,1,contiguous,pad,,ok,ok,0.0,0.0,0.09765625,2.3841858e-05,ok,
staged_fft_float32_n4096_b1_contiguous_truncate,staged,fft,float32,4096,1,contiguous,truncate,,ok,ok,0.0,0.0,0.09765625,2.3841858e-05,ok,
staged_fft_float32_n4096_b8_contiguous_pad,staged,fft,float32,4096,8,contiguous,pad,,ok,ok,0.0,0.0,0.09765625,2.3841858e-05,ok,
staged_fft_float32_n4096_b8_contiguous_truncate,staged,fft,float32,4096,8,contiguous,truncate,,ok,ok,0.0,0.0,0.09765625,2.3841858e-05,ok,
staged_fft_float32_n4096_b64_contiguous_pad,staged,fft,float32,4096,64,contiguous,pad,,ok,ok,0.0,0.0,0.09765625,2.3841858e-05,ok,
staged_fft_float32_n4096_b64_contiguous_truncate,staged,fft,float32,4096,64,contiguous,truncate,,ok,ok,0.0,0.0,0.09765625,2.3841858e-05,ok,
staged_fft_float32_n4097_b1_contiguous_pad,staged,fft,float32,4097,1,contiguous,pad,,ok,ok,2.930988785010413e-14,2.1382554418590115e-16,0.09768009,2.3841858e-05,ok,
staged_fft_float32_n4097_b1_contiguous_truncate,staged,fft,float32,4097,1,contiguous,truncate,,ok,ok,1.5987211554602254e-14,9.114830323808911e-17,0.09768009,2.3841858e-05,ok,
staged_fft_float32_n4097_b8_contiguous_pad,staged,fft,float32,4097,8,contiguous,pad,,ok,ok,2.7533531010703882e-14,1.985949499244377e-16,0.09768009,2.3841858e-05,ok,
staged_fft_float32_n4097_b8_contiguous_truncate,staged,fft,float32,4097,8,contiguous,truncate,,ok,ok,2.6645352591003757e-14,1.32287612948906e-16,0.09768009,2.3841858e-05,ok,
staged_fft_float32_n4097_b64_contiguous_pad,staged,fft,float32,4097,64,contiguous,pad,,ok,ok,4.6629367034256575e-14,2.843721077828082e-16,0.09768009,2.3841858e-05,ok,
staged_fft_float32_n4097_b64_contiguous_truncate,staged,fft,float32,4097,64,contiguous,truncate,,ok,ok,6.306066779870889e-14,2.8441562661382565e-16,0.09768009,2.3841858e-05,ok,
staged_fft_float32_n8192_b1_contiguous_pad,staged,fft,float32,8192,1,contiguous,pad,,ok,ok,0.0,0.0,0.1953125,2.3841858e-05,ok,
staged_fft_float32_n8192_b1_contiguous_truncate,staged,fft,float32,8192,1,contiguous,truncate,,ok,ok,0.0,0.0,0.1953125,2.3841858e-05,ok,
staged_fft_float32_n8192_b8_contiguous_pad,staged,fft,float32,8192,8,contiguous,pad,,ok,ok,0.0,0.0,0.1953125,2.3841858e-05,ok,
staged_fft_float32_n8192_b8_contiguous_truncate,staged,fft,float32,8192,8,contiguous,truncate,,ok,ok,0.0,0.0,0.1953125,2.3841858e-05,ok,
staged_fft_float32_n8192_b64_contiguous_pad,staged,fft,float32,8192,64,contiguous,pad,,ok,ok,0.0,0.0,0.1953125,2.3841858e-05,ok,
staged_fft_float32_n8192_b64_contiguous_truncate,staged,fft,float32,8192,64,contiguous,truncate,,ok,ok,0.0,0.0,0.1953125,2.3841858e-05,ok,
staged_fft_float64_n64_b1_contiguous_pad,staged,fft,float64,64,1,contiguous,pad,,ok,ok,0.0,0.0,2.8421709430404007e-12,4.440892098500626e-14,ok,
staged_fft_float64_n64_b1_contiguous_truncate,staged,fft,float64,64,1,contiguous,truncate,,ok,ok,0.0,0.0,2.8421709430404007e-12,4.440892098500626e-14,ok,
staged_fft_float64_n64_b8_contiguous_pad,staged,fft,float64,64,8,contiguous,pad,,ok,ok,0.0,0.0,2.8421709430404007e-12,4.440892098500626e-14,ok,
staged_fft_float64_n64_b8_contiguous_truncate,staged,fft,float64,64,8,contiguous,truncate,,ok,ok,0.0,0.0,2.8421709430404007e-12,4.440892098500626e-14,ok,
staged_fft_float64_n64_b64_contiguous_pad,staged,fft,float64,64,64,contiguous,pad,,ok,ok,0.0,0.0,2.8421709430404007e-12,4.440892098500626e-14,ok,
staged_fft_float64_n64_b64_contiguous_truncate,staged,fft,float64,64,64,contiguous,truncate,,ok,ok,0.0,0.0,2.8421709430404007e-12,4.440892098500626e-14,ok,
staged_fft_float64_n1024_b1_contiguous_pad,staged,fft,float64,1024,1,contiguous,pad,,ok,ok,0.0,0.0,4.547473508864641e-11,4.440892098500626e-14,ok,
staged_fft_float64_n1024_b1_contiguous_truncate,staged,fft,float64,1024,1,contiguous,truncate,,ok,ok,0.0,0.0,4.547473508864641e-11,4.440892098500626e-14,ok,
staged_fft_float64_n1024_b8_contiguous_pad,staged,fft,float64,1024,8,contiguous,pad,,ok,ok,0.0,0.0,4.547473508864641e-11,4.440892098500626e-14,ok,
staged_fft_float64_n1024_b8_contiguous_truncate,staged,fft,float64,1024,8,contiguous,truncate,,ok,ok,0.0,0.0,4.547473508864641e-11,4.440892098500626e-14,ok,
staged_fft_float64_n1024_b64_contiguous_pad,staged,fft,float64,1024,64,contiguous,pad,,ok,ok,0.0,0.0,4.547473508864641e-11,4.440892098500626e-14,ok,
staged_fft_float64_n1024_b64_contiguous_truncate,staged,fft,float64,1024,64,contiguous,truncate,,ok,ok,0.0,0.0,4.547473508864641e-11,4.440892098500626e-14,ok,
staged_fft_float64_n4096_b1_contiguous_pad,staged,fft,float64,4096,1,contiguous,pad,,ok,ok,0.0,0.0,1.8189894035458565e-10,4.440892098500626e-14,ok,
staged_fft_float64_n4096_b1_contiguous_truncate,staged,fft,float64,4096,1,contiguous,truncate,,ok,ok,0.0,0.0,1.8189894035458565e-10,4.440892098500626e-14,ok,
staged_fft_float64_n4096_b8_contiguous_pad,staged,fft,float64,4096,8,contiguous,pad,,ok,ok,0.0,0.0,1.8189894035458565e-10,4.440892098500626e-14,ok,
staged_fft_float64_n4096_b8_contiguous_truncate,staged,fft,float64,4096,8,contiguous,truncate,,ok,ok,0.0,0.0,1.8189894035458565e-10,4.440892098500626e-14,ok,
staged_fft_float64_n4096_b64_contiguous_pad,staged,fft,float64,4096,64,contiguous,pad,,ok,ok,0.0,0.0,1.8189894035458565e-10,4.440892098500626e-14,ok,
staged_fft_float64_n4096_b64_contiguous_truncate,staged,fft,float64,4096,64,contiguous,truncate,,ok,ok,0.0,0.0,1.8189894035458565e-10,4.440892098500626e-14,ok,
staged_fft_float64_n4097_b1_contiguous_pad,staged,fft,float64,4097,1,contiguous,pad,,ok,ok,8.644125458514251e-14,6.206491703291069e-16,1.8194334927557065e-10,4.440892098500626e-14,ok,
staged_fft_float64_n4097_b1_contiguous_truncate,staged,fft,float64,4097,1,contiguous,truncate,,ok,ok,1.2085474998415177e-13,7.085407034830957e-16,1.8194334927557065e-10,4.440892098500626e-14,ok,
staged_fft_float64_n4097_b8_contiguous_pad,staged,fft,float64,4097,8,contiguous,pad,,ok,ok,1.034565839472708e-13,6.480608369439194e-16,1.8194334927557065e-10,4.440892098500626e-14,ok,
staged_fft_float64_n4097_b8_contiguous_truncate,staged,fft,float64,4097,8,contiguous,truncate,,ok,ok,1.683326578995851e-13,8.205106929704965e-16,1.8194334927557065e-10,4.440892098500626e-14,ok,
staged_fft_float64_n4097_b64_contiguous_pad,staged,fft,float64,4097,64,contiguous,pad,,ok,ok,1.165376734978219e-13,7.481704163029204e-16,1.8194334927557065e-10,4.440892098500626e-14,ok,
staged_fft_float64_n4097_b64_contiguous_truncate,staged,fft,float64,4097,64,contiguous,truncate,,ok,ok,1.7067822212573437e-13,6.750169472832144e-16,1.8194334927557065e-10,4.440892098500626e-14,ok,
staged_fft_float64_n8192_b1_contiguous_pad,staged,fft,float64,8192,1,contiguous,pad,,ok,ok,0.0,0.0,3.637978807091713e-10,4.440892098500626e-14,ok,
staged_fft_float64_n8192_b1_contiguous_truncate,staged,fft,float64,8192,1,contiguous,truncate,,ok,ok,0.0,0.0,3.637978807091713e-10,4.440892098500626e-14,ok,
staged_fft_float64_n8192_b8_contiguous_pad,staged,fft,float64,8192,8,contiguous,pad,,ok,ok,0.0,0.0,3.637978807091713e-10,4.440892098500626e-14,ok,
staged_fft_float64_n8192_b8_contiguous_truncate,staged,fft,float64,8192,8,contiguous,truncate,,ok,ok,0.0,0.0,3.637978807091713e-10,4.440892098500626e-14,ok,
staged_fft_float64_n8192_b64_contiguous_pad,staged,fft,float64,8192,64,contiguous,pad,,ok,ok,0.0,0.0,3.637978807091713e-10,4.440892098500626e-14,ok,
staged_fft_float64_n8192_b64_contiguous_truncate,staged,fft,float64,8192,64,contiguous,truncate,,ok,ok,0.0,0.0,3.637978807091713e-10,4.440892098500626e-14,ok,
staged_fft_longdouble_n64_b1_contiguous_pad,staged,fft,longdouble,64,1,contiguous,pad,,ok,ok,0.0,0.0,1.3877787807814456755e-15,2.168404344971008868e-17,ok,
staged_fft_longdouble_n64_b1_contiguous_truncate,staged,fft,longdouble,64,1,contiguous,truncate,,ok,ok,0.0,0.0,1.3877787807814456755e-15,2.168404344971008868e-17,ok,
staged_fft_longdouble_n64_b8_contiguous_pad,staged,fft,longdouble,64,8,contiguous,pad,,ok,ok,0.0,0.0,1.3877787807814456755e-15,2.168404344971008868e-17,ok,
staged_fft_longdouble_n64_b8_contiguous_truncate,staged,fft,longdouble,64,8,contiguous,truncate,,ok,ok,0.0,0.0,1.3877787807814456755e-15,2.168404344971008868e-17,ok,
staged_fft_longdouble_n64_b64_contiguous_pad,staged,fft,longdouble,64,64,contiguous,pad,,ok,ok,0.0,0.0,1.3877787807814456755e-15,2.168404344971008868e-17,ok,
staged_fft_longdouble_n64_b64_contiguous_truncate,staged,fft,longdouble,64,64,contiguous,truncate,,ok,ok,0.0,0.0,1.3877787807814456755e-15,2.168404344971008868e-17,ok,
staged_fft_longdouble_n1024_b1_contiguous_pad,staged,fft,longdouble,1024,1,contiguous,pad,,ok,ok,0.0,0.0,2.2204460492503130808e-14,2.168404344971008868e-17,ok,
staged_fft_longdouble_n1024_b1_contiguous_truncate,staged,fft,longdouble,1024,1,contiguous,truncate,,ok,ok,0.0,0.0,2.2204460492503130808e-14,2.168404344971008868e-17,ok,
staged_fft_longdouble_n1024_b8_contiguous_pad,staged,fft,longdouble,1024,8,contiguous,pad,,ok,ok,0.0,0.0,2.2204460492503130808e-14,2.168404344971008868e-17,ok,
staged_fft_longdouble_n1024_b8_contiguous_truncate,staged,fft,longdouble,1024,8,contiguous,truncate,,ok,ok,0.0,0.0,2.2204460492503130808e-14,2.168404344971008868e-17,ok,
staged_fft_longdouble_n1024_b64_contiguous_pad,staged,fft,longdouble,1024,64,contiguous,pad,,ok,ok,0.0,0.0,2.2204460492503130808e-14,2.168404344971008868e-17,ok,
staged_fft_longdouble_n1024_b64_contiguous_truncate,staged,fft,longdouble,1024,64,contiguous,truncate,,ok,ok,0.0,0.0,2.2204460492503130808e-14,2.168404344971008868e-17,ok,
staged_fft_longdouble_n4096_b1_contiguous_pad,staged,fft,longdouble,4096,1,contiguous,pad,,ok,ok,0.0,0.0,8.8817841970012523234e-14,2.168404344971008868e-17,ok,
staged_fft_longdouble_n4096_b1_contiguous_truncate,staged,fft,longdouble,4096,1,contiguous,truncate,,ok,ok,0.0,0.0,8.8817841970012523234e-14,2.168404344971008868e-17,ok,
staged_fft_longdouble_n4096_b8_contiguous_pad,staged,fft,longdouble,4096,8,contiguous,pad,,ok,ok,0.0,0.0,8.8817841970012523234e-14,2.168404344971008868e-17,ok,
staged_fft_longdouble_n4096_b8_contiguous_truncate,staged,fft,longdouble,4096,8,contiguous,truncate,,ok,ok,0.0,0.0,8.8817841970012523234e-14,2.168404344971008868e-17,ok,
staged_fft_longdouble_n4096_b64_contiguous_pad,staged,fft,longdouble,4096,64,contiguous,pad,,ok,ok,0.0,0.0,8.8817841970012523234e-14,2.168404344971008868e-17,ok,
staged_fft_longdouble_n4096_b64_contiguous_truncate,staged,fft,longdouble,4096,64,contiguous,truncate,,ok,ok,0.0,0.0,8.8817841970012523234e-14,2.168404344971008868e-17,ok,
staged_fft_longdouble_n4097_b1_contiguous_pad,staged,fft,longdouble,4097,1,contiguous,pad,,ok,ok,4.4328888959487825e-17,3.588405875438651e-19,8.883952601346223332e-14,2.168404344971008868e-17,ok,
staged_fft_longdouble_n4097_b1_contiguous_truncate,staged,fft,longdouble,4097,1,contiguous,truncate,,ok,ok,6.478123858019105e-17,3.6235246015232593e-19,8.883952601346223332e-14,2.168404344971008868e-17,ok,
staged_fft_longdouble_n4097_b8_contiguous_pad,staged,fft,longdouble,4097,8,contiguous,pad,,ok,ok,5.1225770362461205e-17,3.7517577468899894e-19,8.883952601346223332e-14,2.168404344971008868e-17,ok,
staged_fft_longdouble_n4097_b8_contiguous_truncate,staged,fft,longdouble,4097,8,contiguous,truncate,,ok,ok,7.410741937918043e-17,3.3186726681257194e-19,8.883952601346223332e-14,2.168404344971008868e-17,ok,
staged_fft_longdouble_n4097_b64_contiguous_pad,staged,fft,longdouble,4097,64,contiguous,pad,,ok,ok,5.90586728411661e-17,3.862513497956844e-19,8.883952601346223332e-14,2.168404344971008868e-17,ok,
staged_fft_longdouble_n4097_b64_contiguous_truncate,staged,fft,longdouble,4097,64,contiguous,truncate,,ok,ok,9.71445146547012e-17,4.493004493930633e-19,8.883952601346223332e-14,2.168404344971008868e-17,ok,
staged_fft_longdouble_n8192_b1_contiguous_pad,staged,fft,longdouble,8192,1,contiguous,pad,,ok,ok,0.0,0.0,1.7763568394002504647e-13,2.168404344971008868e-17,ok,
staged_fft_longdouble_n8192_b1_contiguous_truncate,staged,fft,longdouble,8192,1,contiguous,truncate,,ok,ok,0.0,0.0,1.7763568394002504647e-13,2.168404344971008868e-17,ok,
staged_fft_longdouble_n8192_b8_contiguous_pad,staged,fft,longdouble,8192,8,contiguous,pad,,ok,ok,0.0,0.0,1.7763568394002504647e-13,2.168404344971008868e-17,ok,
staged_fft_longdouble_n8192_b8_contiguous_truncate,staged,fft,longdouble,8192,8,contiguous,truncate,,ok,ok,0.0,0.0,1.7763568394002504647e-13,2.168404344971008868e-17,ok,
staged_fft_longdouble_n8192_b64_contiguous_pad,staged,fft,longdouble,8192,64,contiguous,pad,,ok,ok,0.0,0.0,1.7763568394002504647e-13,2.168404344971008868e-17,ok,
staged_fft_longdouble_n8192_b64_contiguous_truncate,staged,fft,longdouble,8192,64,contiguous,truncate,,ok,ok,0.0,0.0,1.7763568394002504647e-13,2.168404344971008868e-17,ok,
staged_ifft_float32_n64_b1_contiguous_pad,staged,ifft,float32,64,1,contiguous,pad,,ok,ok,0.0,0.0,0.0015258789,2.3841858e-05,ok,
staged_ifft_float32_n64_b1_contiguous_truncate,staged,ifft,float32,64,1,contiguous,truncate,,ok,ok,0.0,0.0,0.0015258789,2.3841858e-05,ok,
staged_ifft_float32_n64_b8_contiguous_pad,staged,ifft,float32,64,8,contiguous,pad,,ok,ok,0.0,0.0,0.0015258789,2.3841858e-05,ok,
staged_ifft_float32_n64_b8_contiguous_truncate,staged,ifft,float32,64,8,contiguous,truncate,,ok,ok,0.0,0.0,0.0015258789,2.3841858e-05,ok,
staged_ifft_float32_n64_b64_contiguous_pad,staged,ifft,float32,64,64,contiguous,pad,,ok,ok,0.0,0.0,0.0015258789,2.3841858e-05,ok,
staged_ifft_float32_n64_b64_contiguous_truncate,staged,ifft,float32,64,64,contiguous,truncate,,ok,ok,0.0,0.0,0.0015258789,2.3841858e-05,ok,
staged_ifft_float32_n1024_b1_contiguous_pad,staged,ifft,float32,1024,1,contiguous,pad,,ok,ok,0.0,0.0,0.024414062,2.3841858e-05,ok,
staged_ifft_float32_n1024_b1_contiguous_truncate,staged,ifft,float32,1024,1,contiguous,truncate,,ok,ok,0.0,0.0,0.024414062,2.3841858e-05,ok,
staged_ifft_float32_n1024_b8_contiguous_pad,staged,ifft,float32,1024,8,contiguous,pad,,ok,ok,0.0,0.0,0.024414062,2.3841858e-05,ok,
staged_ifft_float32_n1024_b8_contiguous_truncate,staged,ifft,float32,1024,8,contiguous,truncate,,ok,ok,0.0,0.0,0.024414062,2.3841858e-05,ok,
staged_ifft_float32_n1024_b64_contiguous_pad,staged,ifft,float32,1024,64,contiguous,pad,,ok,ok,0.0,0.0,0.024414062,2.3841858e-05,ok,
staged_ifft_float32_n1024_b64_contiguous_truncate,staged,ifft,float32,1024,64,contiguous,truncate,,ok,ok,0.0,0.0,0.024414062,2.3841858e-05,ok,
staged_ifft_float32_n4096_b1_contiguous_pad,staged,ifft,float32,4096,1,contiguous,pad,,ok,ok,0.0,0.0,0.09765625,2.3841858e-05,ok,
staged_ifft_float32_n4096_b1_contiguous_truncate,staged,ifft,float32,4096,1,contiguous,truncate,,ok,ok,0.0,0.0,0.09765625,2.3841858e-05,ok,
staged_ifft_float32_n4096_b8_contiguous_pad,staged,ifft,float32,4096,8,contiguous,pad,,ok,ok,0.0,0.0,0.09765625,2.3841858e-05,ok,
staged_ifft_float32_n4096_b8_contiguous_truncate,staged,ifft,float32,4096,8,contiguous,truncate,,ok,ok,0.0,0.0,0.09765625,2.3841858e-05,ok,
staged_ifft_float32_n4096_b64_contiguous_pad,staged,ifft,float32,4096,64,contiguous,pad,,ok,ok,0.0,0.0,0.09765625,2.3841858e-05,ok,
staged_ifft_float32_n4096_b64_contiguous_truncate,staged,ifft,float32,4096,64,contiguous,truncate,,ok,ok,0.0,0.0,0.09765625,2.3841858e-05,ok,
staged_ifft_float32_n4097_b1_contiguous_pad,staged,ifft,float32,4097,1,contiguous,pad,,ok,ok,1.7343000629007565e-18,5.656786629011185e-17,0.09768009,2.3841858e-05,ok,
staged_ifft_float32_n4097_b1_contiguous_truncate,staged,ifft,float32,4097,1,contiguous,truncate,,ok,ok,6.937200251603026e-18,1.3298784641877752e-16,0.09768009,2.3841858e-05,ok,
staged_ifft_float32_n4097_b8_contiguous_pad,staged,ifft,float32,4097,8,contiguous,pad,,ok,ok,1.2573675533578667e-17,3.442729847857831e-16,0.09768009,2.3841858e-05,ok,
staged_ifft_float32_n4097_b8_contiguous_truncate,staged,ifft,float32,4097,8,contiguous,truncate,,ok,ok,1.1272950563951282e-17,2.3487163657207796e-16,0.09768009,2.3841858e-05,ok,
staged_ifft_float32_n4097_b64_contiguous_pad,staged,ifft,float32,4097,64,contiguous,pad,,ok,ok,1.1056163069013385e-17,3.019342645876247e-16,0.09768009,2.3841858e-05,ok,
staged_ifft_float32_n4097_b64_contiguous_truncate,staged,ifft,float32,4097,64,contiguous,truncate,,ok,ok,1.517512630001405e-17,2.883135003999872e-16,0.09768009,2.3841858e-05,ok,
staged_ifft_float32_n8192_b1_contiguous_pad,staged,ifft,float32,8192,1,contiguous,pad,,ok,ok,0.0,0.0,0.1953125,2.3841858e-05,ok,
staged_ifft_float32_n8192_b1_contiguous_truncate,staged,ifft,float32,8192,1,contiguous,truncate,,ok,ok,0.0,0.0,0.1953125,2.3841858e-05,ok,
staged_ifft_float32_n8192_b8_contiguous_pad,staged,ifft,float32,8192,8,contiguous,pad,,ok,ok,0.0,0.0,0.1953125,2.3841858e-05,ok,
staged_ifft_float32_n8192_b8_contiguous_truncate,staged,ifft,float32,8192,8,contiguous,truncate,,ok,ok,0.0,0.0,0.1953125,2.3841858e-05,ok,
staged_ifft_float32_n8192_b64_contiguous_pad,staged,ifft,float32,8192,64,contiguous,pad,,ok,ok,0.0,0.0,0.1953125,2.3841858e-05,ok,
staged_ifft_float32_n8192_b64_contiguous_truncate,staged,ifft,float32,8192,64,contiguous,truncate,,ok,ok,0.0,0.0,0.1953125,2.3841858e-05,ok,
staged_ifft_float64_n64_b1_contiguous_pad,staged,ifft,float64,64,1,contiguous,pad,,ok,ok,0.0,0.0,2.8421709430404007e-12,4.440892098500626e-14,ok,
staged_ifft_float64_n64_b1_contiguous_truncate,staged,ifft,float64,64,1,contiguous,truncate,,ok,ok,0.0,0.0,2.8421709430404007e-12,4.440892098500626e-14,ok,
staged_ifft_float64_n64_b8_contiguous_pad,staged,ifft,float64,64,8,contiguous,pad,,ok,ok,0.0,0.0,2.8421709430404007e-12,4.440892098500626e-14,ok,
staged_ifft_float64_n64_b8_contiguous_truncate,staged,ifft,float64,64,8,contiguous,truncate,,ok,ok,0.0,0.0,2.8421709430404007e-12,4.440892098500626e-14,ok,
staged_ifft_float64_n64_b64_contiguous_pad,staged,ifft,float64,64,64,contiguous,pad,,ok,ok,0.0,0.0,2.8421709430404007e-12,4.440892098500626e-14,ok,
staged_ifft_float64_n64_b64_contiguous_truncate,staged,ifft,float64,64,64,contiguous,truncate,,ok,ok,0.0,0.0,2.8421709430404007e-12,4.440892098500626e-14,ok,
staged_ifft_float64_n1024_b1_contiguous_pad,staged,ifft,float64,1024,1,contiguous,pad,,ok,ok,0.0,0.0,4.547473508864641e-11,4.440892098500626e-14,ok,
staged_ifft_float64_n1024_b1_contiguous_truncate,staged,ifft,float64,1024,1,contiguous,truncate,,ok,ok,0.0,0.0,4.547473508864641e-11,4.440892098500626e-14,ok,
staged_ifft_float64_n1024_b8_contiguous_pad,staged,ifft,float64,1024,8,contiguous,pad,,ok,ok,0.0,0.0,4.547473508864641e-11,4.440892098500626e-14,ok,
staged_ifft_float64_n1024_b8_contiguous_truncate,staged,ifft,float64,1024,8,contiguous,truncate,,ok,ok,0.0,0.0,4.547473508864641e-11,4.440892098500626e-14,ok,
staged_ifft_float64_n1024_b64_contiguous_pad,staged,ifft,float64,1024,64,contiguous,pad,,ok,ok,0.0,0.0,4.547473508864641e-11,4.440892098500626e-14,ok,
staged_ifft_float64_n1024_b64_contiguous_truncate,staged,ifft,float64,1024,64,contiguous,truncate,,ok,ok,0.0,0.0,4.547473508864641e-11,4.440892098500626e-14,ok,
staged_ifft_float64_n4096_b1_contiguous_pad,staged,ifft,float64,4096,1,contiguous,pad,,ok,ok,0.0,0.0,1.8189894035458565e-10,4.440892098500626e-14,ok,
staged_ifft_float64_n4096_b1_contiguous_truncate,staged,ifft,float64,4096,1,contiguous,truncate,,ok,ok,0.0,0.0,1.8189894035458565e-10,4.440892098500626e-14,ok,
staged_ifft_float64_n4096_b8_contiguous_pad,staged,ifft,float64,4096,8,contiguous,pad,,ok,ok,0.0,0.0,1.8189894035458565e-10,4.440892098500626e-14,ok,
staged_ifft_float64_n4096_b8_contiguous_truncate,staged,ifft,float64,4096,8,contiguous,truncate,,ok,ok,0.0,0.0,1.8189894035458565e-10,4.440892098500626e-14,ok,
staged_ifft_float64_n4096_b64_contiguous_pad,staged,ifft,float64,4096,64,contiguous,pad,,ok,ok,0.0,0.0,1.8189894035458565e-10,4.440892098500626e-14,ok,
staged_ifft_float64_n4096_b64_contiguous_truncate,staged,ifft,float64,4096,64,contiguous,truncate,,ok,ok,0.0,0.0,1.8189894035458565e-10,4.440892098500626e-14,ok,
staged_ifft_float64_n4097_b1_contiguous_pad,staged,ifft,float64,4097,1,contiguous,pad,,ok,ok,2.230401778308097e-17,6.42944775151431e-16,1.8194334927557065e-10,4.440892098500626e-14,ok,
staged_ifft_float64_n4097_b1_contiguous_truncate,staged,ifft,float64,4097,1,contiguous,truncate,,ok,ok,3.4737810535209724e-17,7.136970960684104e-16,1.8194334927557065e-10,4.440892098500626e-14,ok,
staged_ifft_float64_n4097_b8_contiguous_pad,staged,ifft,float64,4097,8,contiguous,pad,,ok,ok,2.6336964641606203e-17,7.103977782931384e-16,1.8194334927557065e-10,4.440892098500626e-14,ok,
staged_ifft_float64_n4097_b8_contiguous_truncate,staged,ifft,float64,4097,8,contiguous,truncate,,ok,ok,3.7124703587397374e-17,6.989770573180035e-16,1.8194334927557065e-10,4.440892098500626e-14,ok,
staged_ifft_float64_n4097_b64_contiguous_pad,staged,ifft,float64,4097,64,contiguous,pad,,ok,ok,2.8025315438821013e-17,7.396384912750277e-16,1.8194334927557065e-10,4.440892098500626e-14,ok,
staged_ifft_float64_n4097_b64_contiguous_truncate,staged,ifft,float64,4097,64,contiguous,truncate,,ok,ok,3.825252106598444e-17,7.316986458984162e-16,1.8194334927557065e-10,4.440892098500626e-14,ok,
staged_ifft_float64_n8192_b1_contiguous_pad,staged,ifft,float64,8192,1,contiguous,pad,,ok,ok,0.0,0.0,3.637978807091713e-10,4.440892098500626e-14,ok,
staged_ifft_float64_n8192_b1_contiguous_truncate,staged,ifft,float64,8192,1,contiguous,truncate,,ok,ok,0.0,0.0,3.637978807091713e-10,4.440892098500626e-14,ok,
staged_ifft_float64_n8192_b8_contiguous_pad,staged,ifft,float64,8192,8,contiguous,pad,,ok,ok,0.0,0.0,3.637978807091713e-10,4.440892098500626e-14,ok,
staged_ifft_float64_n8192_b8_contiguous_truncate,staged,ifft,float64,8192,8,contiguous,truncate,,ok,ok,0.0,0.0,3.637978807091713e-10,4.440892098500626e-14,ok,
staged_ifft_float64_n8192_b64_contiguous_pad,staged,ifft,float64,8192,64,contiguous,pad,,ok,ok,0.0,0.0,3.637978807091713e-10,4.440892098500626e-14,ok,
staged_ifft_float64_n8192_b64_contiguous_truncate,staged,ifft,float64,8192,64,contiguous,truncate,,ok,ok,0.0,0.0,3.637978807091713e-10,4.440892098500626e-14,ok,
staged_ifft_longdouble_n64_b1_contiguous_pad,staged,ifft,longdouble,64,1,contiguous,pad,,ok,ok,0.0,0.0,1.3877787807814456755e-15,2.168404344971008868e-17,ok,
staged_ifft_longdouble_n64_b1_contiguous_truncate,staged,ifft,longdouble,64,1,contiguous,truncate,,ok,ok,0.0,0.0,1.3877787807814456755e-15,2.168404344971008868e-17,ok,
staged_ifft_longdouble_n64_b8_contiguous_pad,staged,ifft,longdouble,64,8,contiguous,pad,,ok,ok,0.0,0.0,1.3877787807814456755e-15,2.168404344971008868e-17,ok,
staged_ifft_longdouble_n64_b8_contiguous_truncate,staged,ifft,longdouble,64,8,contiguous,truncate,,ok,ok,0.0,0.0,1.3877787807814456755e-15,2.168404344971008868e-17,ok,
staged_ifft_longdouble_n64_b64_contiguous_pad,staged,ifft,longdouble,64,64,contiguous,pad,,ok,ok,0.0,0.0,1.3877787807814456755e-15,2.168404344971008868e-17,ok,
staged_ifft_longdouble_n64_b64_contiguous_truncate,staged,ifft,longdouble,64,64,contiguous,truncate,,ok,ok,0.0,0.0,1.3877787807814456755e-15,2.168404344971008868e-17,ok,
staged_ifft_longdouble_n1024_b1_contiguous_pad,staged,ifft,longdouble,1024,1,contiguous,pad,,ok,ok,0.0,0.0,2.2204460492503130808e-14,2.168404344971008868e-17,ok,
staged_ifft_longdouble_n1024_b1_contiguous_truncate,staged,ifft,longdouble,1024,1,contiguous,truncate,,ok,ok,0.0,0.0,2.2204460492503130808e-14,2.168404344971008868e-17,ok,
staged_ifft_longdouble_n1024_b8_contiguous_pad,staged,ifft,longdouble,1024,8,contiguous,pad,,ok,ok,0.0,0.0,2.2204460492503130808e-14,2.168404344971008868e-17,ok,
staged_ifft_longdouble_n1024_b8_contiguous_truncate,staged,ifft,longdouble,1024,8,contiguous,truncate,,ok,ok,0.0,0.0,2.2204460492503130808e-14,2.168404344971008868e-17,ok,
staged_ifft_longdouble_n1024_b64_contiguous_pad,staged,ifft,longdouble,1024,64,contiguous,pad,,ok,ok,0.0,0.0,2.2204460492503130808e-14,2.168404344971008868e-17,ok,
staged_ifft_longdouble_n1024_b64_contiguous_truncate,staged,ifft,longdouble,1024,64,contiguous,truncate,,ok,ok,0.0,0.0,2.2204460492503130808e-14,2.168404344971008868e-17,ok,
staged_ifft_longdouble_n4096_b1_contiguous_pad,staged,ifft,longdouble,4096,1,contiguous,pad,,ok,ok,0.0,0.0,8.8817841970012523234e-14,2.168404344971008868e-17,ok,
staged_ifft_longdouble_n4096_b1_contiguous_truncate,staged,ifft,longdouble,4096,1,contiguous,truncate,,ok,ok,0.0,0.0,8.8817841970012523234e-14,2.168404344971008868e-17,ok,
staged_ifft_longdouble_n4096_b8_contiguous_pad,staged,ifft,longdouble,4096,8,contiguous,pad,,ok,ok,0.0,0.0,8.8817841970012523234e-14,2.168404344971008868e-17,ok,
staged_ifft_longdouble_n4096_b8_contiguous_truncate,staged,ifft,longdouble,4096,8,contiguous,truncate,,ok,ok,0.0,0.0,8.8817841970012523234e-14,2.168404344971008868e-17,ok,
staged_ifft_longdouble_n4096_b64_contiguous_pad,staged,ifft,longdouble,4096,64,contiguous,pad,,ok,ok,0.0,0.0,8.8817841970012523234e-14,2.168404344971008868e-17,ok,
staged_ifft_longdouble_n4096_b64_contiguous_truncate,staged,ifft,longdouble,4096,64,contiguous,truncate,,ok,ok,0.0,0.0,8.8817841970012523234e-14,2.168404344971008868e-17,ok,
staged_ifft_longdouble_n4097_b1_contiguous_pad,staged,ifft,longdouble,4097,1,contiguous,pad,,ok,ok,1.1283238397289602e-20,3.9155791693666016e-19,8.883952601346223332e-14,2.168404344971008868e-17,ok,
staged_ifft_longdouble_n4097_b1_contiguous_truncate,staged,ifft,longdouble,4097,1,contiguous,truncate,,ok,ok,1.4817025106366585e-20,3.0446088276136684e-19,8.883952601346223332e-14,2.168404344971008868e-17,ok,
staged_ifft_longdouble_n4097_b8_contiguous_pad,staged,ifft,longdouble,4097,8,contiguous,pad,,ok,ok,1.3969625239630852e-20,4.0085164905875735e-19,8.883952601346223332e-14,2.168404344971008868e-17,ok,
staged_ifft_longdouble_n4097_b8_contiguous_truncate,staged,ifft,longdouble,4097,8,contiguous,truncate,,ok,ok,1.931532301417295e-20,3.501482980574376e-19,8.883952601346223332e-14,2.168404344971008868e-17,ok,
staged_ifft_longdouble_n4097_b64_contiguous_pad,staged,ifft,longdouble,4097,64,contiguous,pad,,ok,ok,1.378869738733834e-20,3.6025377254108394e-19,8.883952601346223332e-14,2.168404344971008868e-17,ok,
staged_ifft_longdouble_n4097_b64_contiguous_truncate,staged,ifft,longdouble,4097,64,contiguous,truncate,,ok,ok,2.1427903834753365e-20,3.713254446193663e-19,8.883952601346223332e-14,2.168404344971008868e-17,ok,
staged_ifft_longdouble_n8192_b1_contiguous_pad,staged,ifft,longdouble,8192,1,contiguous,pad,,ok,ok,0.0,0.0,1.7763568394002504647e-13,2.168404344971008868e-17,ok,
staged_ifft_longdouble_n8192_b1_contiguous_truncate,staged,ifft,longdouble,8192,1,contiguous,truncate,,ok,ok,0.0,0.0,1.7763568394002504647e-13,2.168404344971008868e-17,ok,
staged_ifft_longdouble_n8192_b8_contiguous_pad,staged,ifft,longdouble,8192,8,contiguous,pad,,ok,ok,0.0,0.0,1.7763568394002504647e-13,2.168404344971008868e-17,ok,
staged_ifft_longdouble_n8192_b8_contiguous_truncate,staged,ifft,longdouble,8192,8,contiguous,truncate,,ok,ok,0.0,0.0,1.7763568394002504647e-13,2.168404344971008868e-17,ok,
staged_ifft_longdouble_n8192_b64_contiguous_pad,staged,ifft,longdouble,8192,64,contiguous,pad,,ok,ok,0.0,0.0,1.7763568394002504647e-13,2.168404344971008868e-17,ok,
staged_ifft_longdouble_n8192_b64_contiguous_truncate,staged,ifft,longdouble,8192,64,contiguous,truncate,,ok,ok,0.0,0.0,1.7763568394002504647e-13,2.168404344971008868e-17,ok,
staged_fft_clongdouble_n64_b1_contiguous_pad,staged,fft,clongdouble,64,1,contiguous,pad,,ok,ok,0.0,0.0,1.3877787807814456755e-15,2.168404344971008868e-17,ok,
staged_fft_clongdouble_n64_b1_contiguous_truncate,staged,fft,clongdouble,64,1,contiguous,truncate,,ok,ok,0.0,0.0,1.3877787807814456755e-15,2.168404344971008868e-17,ok,
staged_fft_clongdouble_n64_b8_contiguous_pad,staged,fft,clongdouble,64,8,contiguous,pad,,ok,ok,0.0,0.0,1.3877787807814456755e-15,2.168404344971008868e-17,ok,
staged_fft_clongdouble_n64_b8_contiguous_truncate,staged,fft,clongdouble,64,8,contiguous,truncate,,ok,ok,0.0,0.0,1.3877787807814456755e-15,2.168404344971008868e-17,ok,
staged_fft_clongdouble_n64_b64_contiguous_pad,staged,fft,clongdouble,64,64,contiguous,pad,,ok,ok,0.0,0.0,1.3877787807814456755e-15,2.168404344971008868e-17,ok,
staged_fft_clongdouble_n64_b64_contiguous_truncate,staged,fft,clongdouble,64,64,contiguous,truncate,,ok,ok,0.0,0.0,1.3877787807814456755e-15,2.168404344971008868e-17,ok,
staged_fft_clongdouble_n1024_b1_contiguous_pad,staged,fft,clongdouble,1024,1,contiguous,pad,,ok,ok,0.0,0.0,2.2204460492503130808e-14,2.168404344971008868e-17,ok,
staged_fft_clongdouble_n1024_b1_contiguous_truncate,staged,fft,clongdouble,1024,1,contiguous,truncate,,ok,ok,0.0,0.0,2.2204460492503130808e-14,2.168404344971008868e-17,ok,
staged_fft_clongdouble_n1024_b8_contiguous_pad,staged,fft,clongdouble,1024,8,contiguous,pad,,ok,ok,0.0,0.0,2.2204460492503130808e-14,2.168404344971008868e-17,ok,
staged_fft_clongdouble_n1024_b8_contiguous_truncate,staged,fft,clongdouble,1024,8,contiguous,truncate,,ok,ok,0.0,0.0,2.2204460492503130808e-14,2.168404344971008868e-17,ok,
staged_fft_clongdouble_n1024_b64_contiguous_pad,staged,fft,clongdouble,1024,64,contiguous,pad,,ok,ok,0.0,0.0,2.2204460492503130808e-14,2.168404344971008868e-17,ok,
staged_fft_clongdouble_n1024_b64_contiguous_truncate,staged,fft,clongdouble,1024,64,contiguous,truncate,,ok,ok,0.0,0.0,2.2204460492503130808e-14,2.168404344971008868e-17,ok,
staged_fft_clongdouble_n4096_b1_contiguous_pad,staged,fft,clongdouble,4096,1,contiguous,pad,,ok,ok,0.0,0.0,8.8817841970012523234e-14,2.168404344971008868e-17,ok,
staged_fft_clongdouble_n4096_b1_contiguous_truncate,staged,fft,clongdouble,4096,1,contiguous,truncate,,ok,ok,0.0,0.0,8.8817841970012523234e-14,2.168404344971008868e-17,ok,
staged_fft_clongdouble_n4096_b8_contiguous_pad,staged,fft,clongdouble,4096,8,contiguous,pad,,ok,ok,0.0,0.0,8.8817841970012523234e-14,2.168404344971008868e-17,ok,
staged_fft_clongdouble_n4096_b8_contiguous_truncate,staged,fft,clongdouble,4096,8,contiguous,truncate,,ok,ok,0.0,0.0,8.8817841970012523234e-14,2.168404344971008868e-17,ok,
staged_fft_clongdouble_n4096_b64_contiguous_pad,staged,fft,clongdouble,4096,64,contiguous,pad,,ok,ok,0.0,0.0,8.8817841970012523234e-14,2.168404344971008868e-17,ok,
staged_fft_clongdouble_n4096_b64_contiguous_truncate,staged,fft,clongdouble,4096,64,contiguous,truncate,,ok,ok,0.0,0.0,8.8817841970012523234e-14,2.168404344971008868e-17,ok,
staged_fft_clongdouble_n4097_b1_contiguous_pad,staged,fft,clongdouble,4097,1,contiguous,pad,,ok,ok,6.397344083151129e-17,3.37567739936305e-19,8.883952601346223332e-14,2.168404344971008868e-17,ok,
staged_fft_clongdouble_n4097_b1_contiguous_truncate,staged,fft,clongdouble,4097,1,contiguous,truncate,,ok,ok,9.437916079723832e-17,3.667728375982611e-19,8.883952601346223332e-14,2.168404344971008868e-17,ok,
staged_fft_clongdouble_n4097_b8_contiguous_pad,staged,fft,clongdouble,4097,8,contiguous,pad,,ok,ok,7.318806362944029e-17,3.722059670331631e-19,8.883952601346223332e-14,2.168404344971008868e-17,ok,
staged_fft_clongdouble_n4097_b8_contiguous_truncate,staged,fft,clongdouble,4097,8,contiguous,truncate,,ok,ok,1.1739862079479962e-16,3.925346904255539e-19,8.883952601346223332e-14,2.168404344971008868e-17,ok,
staged_fft_clongdouble_n4097_b64_contiguous_pad,staged,fft,clongdouble,4097,64,contiguous,pad,,ok,ok,8.275921921288956e-17,3.522372168391466e-19,8.883952601346223332e-14,2.168404344971008868e-17,ok,
staged_fft_clongdouble_n4097_b64_contiguous_truncate,staged,fft,clongdouble,4097,64,contiguous,truncate,,ok,ok,1.2533302082415627e-16,3.578335908313157e-19,8.883952601346223332e-14,2.168404344971008868e-17,ok,
staged_fft_clongdouble_n8192_b1_contiguous_pad,staged,fft,clongdouble,8192,1,contiguous,pad,,ok,ok,0.0,0.0,1.7763568394002504647e-13,2.168404344971008868e-17,ok,
staged_fft_clongdouble_n8192_b1_contiguous_truncate,staged,fft,clongdouble,8192,1,contiguous,truncate,,ok,ok,0.0,0.0,1.7763568394002504647e-13,2.168404344971008868e-17,ok,
staged_fft_clongdouble_n8192_b8_contiguous_pad,staged,fft,clongdouble,8192,8,contiguous,pad,,ok,ok,0.0,0.0,1.7763568394002504647e-13,2.168404344971008868e-17,ok,
staged_fft_clongdouble_n8192_b8_contiguous_truncate,staged,fft,clongdouble,8192,8,contiguous,truncate,,ok,ok,0.0,0.0,1.7763568394002504647e-13,2.168404344971008868e-17,ok,
staged_fft_clongdouble_n8192_b64_contiguous_pad,staged,fft,clongdouble,8192,64,contiguous,pad,,ok,ok,0.0,0.0,1.7763568394002504647e-13,2.168404344971008868e-17,ok,
staged_fft_clongdouble_n8192_b64_contiguous_truncate,staged,fft,clongdouble,8192,64,contiguous,truncate,,ok,ok,0.0,0.0,1.7763568394002504647e-13,2.168404344971008868e-17,ok,
staged_ifft_clongdouble_n64_b1_contiguous_pad,staged,ifft,clongdouble,64,1,contiguous,pad,,ok,ok,0.0,0.0,1.3877787807814456755e-15,2.168404344971008868e-17,ok,
staged_ifft_clongdouble_n64_b1_contiguous_truncate,staged,ifft,clongdouble,64,1,contiguous,truncate,,ok,ok,0.0,0.0,1.3877787807814456755e-15,2.168404344971008868e-17,ok,
staged_ifft_clongdouble_n64_b8_contiguous_pad,staged,ifft,clongdouble,64,8,contiguous,pad,,ok,ok,0.0,0.0,1.3877787807814456755e-15,2.168404344971008868e-17,ok,
staged_ifft_clongdouble_n64_b8_contiguous_truncate,staged,ifft,clongdouble,64,8,contiguous,truncate,,ok,ok,0.0,0.0,1.3877787807814456755e-15,2.168404344971008868e-17,ok,
staged_ifft_clongdouble_n64_b64_contiguous_pad,staged,ifft,clongdouble,64,64,contiguous,pad,,ok,ok,0.0,0.0,1.3877787807814456755e-15,2.168404344971008868e-17,ok,
staged_ifft_clongdouble_n64_b64_contiguous_truncate,staged,ifft,clongdouble,64,64,contiguous,truncate,,ok,ok,0.0,0.0,1.3877787807814456755e-15,2.168404344971008868e-17,ok,
staged_ifft_clongdouble_n1024_b1_contiguous_pad,staged,ifft,clongdouble,1024,1,contiguous,pad,,ok,ok,0.0,0.0,2.2204460492503130808e-14,2.168404344971008868e-17,ok,
staged_ifft_clongdouble_n1024_b1_contiguous_truncate,staged,ifft,clongdouble,1024,1,contiguous,truncate,,ok,ok,0.0,0.0,2.2204460492503130808e-14,2.168404344971008868e-17,ok,
staged_ifft_clongdouble_n1024_b8_contiguous_pad,staged,ifft,clongdouble,1024,8,contiguous,pad,,ok,ok,0.0,0.0,2.2204460492503130808e-14,2.168404344971008868e-17,ok,
staged_ifft_clongdouble_n1024_b8_contiguous_truncate,staged,ifft,clongdouble,1024,8,contiguous,truncate,,ok,ok,0.0,0.0,2.2204460492503130808e-14,2.168404344971008868e-17,ok,
staged_ifft_clongdouble_n1024_b64_contiguous_pad,staged,ifft,clongdouble,1024,64,contiguous,pad,,ok,ok,0.0,0.0,2.2204460492503130808e-14,2.168404344971008868e-17,ok,
staged_ifft_clongdouble_n1024_b64_contiguous_truncate,staged,ifft,clongdouble,1024,64,contiguous,truncate,,ok,ok,0.0,0.0,2.2204460492503130808e-14,2.168404344971008868e-17,ok,
staged_ifft_clongdouble_n4096_b1_contiguous_pad,staged,ifft,clongdouble,4096,1,contiguous,pad,,ok,ok,0.0,0.0,8.8817841970012523234e-14,2.168404344971008868e-17,ok,
staged_ifft_clongdouble_n4096_b1_contiguous_truncate,staged,ifft,clongdouble,4096,1,contiguous,truncate,,ok,ok,0.0,0.0,8.8817841970012523234e-14,2.168404344971008868e-17,ok,
staged_ifft_clongdouble_n4096_b8_contiguous_pad,staged,ifft,clongdouble,4096,8,contiguous,pad,,ok,ok,0.0,0.0,8.8817841970012523234e-14,2.168404344971008868e-17,ok,
staged_ifft_clongdouble_n4096_b8_contiguous_truncate,staged,ifft,clongdouble,4096,8,contiguous,truncate,,ok,ok,0.0,0.0,8.8817841970012523234e-14,2.168404344971008868e-17,ok,
staged_ifft_clongdouble_n4096_b64_contiguous_pad,staged,ifft,clongdouble,4096,64,contiguous,pad,,ok,ok,0.0,0.0,8.8817841970012523234e-14,2.168404344971008868e-17,ok,
staged_ifft_clongdouble_n4096_b64_contiguous_truncate,staged,ifft,clongdouble,4096,64,contiguous,truncate,,ok,ok,0.0,0.0,8.8817841970012523234e-14,2.168404344971008868e-17,ok,
staged_ifft_clongdouble_n4097_b1_contiguous_pad,staged,ifft,clongdouble,4097,1,contiguous,pad,,ok,ok,1.5270103616663822e-20,3.4802873050311044e-19,8.883952601346223332e-14,2.168404344971008868e-17,ok,
staged_ifft_clongdouble_n4097_b1_contiguous_truncate,staged,ifft,clongdouble,4097,1,contiguous,truncate,,ok,ok,2.0328790734103208e-20,2.8856555992146225e-19,8.883952601346223332e-14,2.168404344971008868e-17,ok,
staged_ifft_clongdouble_n4097_b8_contiguous_pad,staged,ifft,clongdouble,4097,8,contiguous,pad,,ok,ok,1.8177936854206157e-20,3.5774484107005307e-19,8.883952601346223332e-14,2.168404344971008868e-17,ok,
staged_ifft_clongdouble_n4097_b8_contiguous_truncate,staged,ifft,clongdouble,4097,8,contiguous,truncate,,ok,ok,2.466597174340982e-20,3.3361924838268053e-19,8.883952601346223332e-14,2.168404344971008868e-17,ok,
staged_ifft_clongdouble_n4097_b64_contiguous_pad,staged,ifft,clongdouble,4097,64,contiguous,pad,,ok,ok,2.2362311489933492e-20,3.853326588178203e-19,8.883952601346223332e-14,2.168404344971008868e-17,ok,
staged_ifft_clongdouble_n4097_b64_contiguous_truncate,staged,ifft,clongdouble,4097,64,contiguous,truncate,,ok,ok,3.3881317890172014e-20,4.2654152087097695e-19,8.883952601346223332e-14,2.168404344971008868e-17,ok,
staged_ifft_clongdouble_n8192_b1_contiguous_pad,staged,ifft,clongdouble,8192,1,contiguous,pad,,ok,ok,0.0,0.0,1.7763568394002504647e-13,2.168404344971008868e-17,ok,
staged_ifft_clongdouble_n8192_b1_contiguous_truncate,staged,ifft,clongdouble,8192,1,contiguous,truncate,,ok,ok,0.0,0.0,1.7763568394002504647e-13,2.168404344971008868e-17,ok,
staged_ifft_clongdouble_n8192_b8_contiguous_pad,staged,ifft,clongdouble,8192,8,contiguous,pad,,ok,ok,0.0,0.0,1.7763568394002504647e-13,2.168404344971008868e-17,ok,
staged_ifft_clongdouble_n8192_b8_contiguous_truncate,staged,ifft,clongdouble,8192,8,contiguous,truncate,,ok,ok,0.0,0.0,1.7763568394002504647e-13,2.168404344971008868e-17,ok,
staged_ifft_clongdouble_n8192_b64_contiguous_pad,staged,ifft,clongdouble,8192,64,contiguous,pad,,ok,ok,0.0,0.0,1.7763568394002504647e-13,2.168404344971008868e-17,ok,
staged_ifft_clongdouble_n8192_b64_contiguous_truncate,staged,ifft,clongdouble,8192,64,contiguous,truncate,,ok,ok,0.0,0.0,1.7763568394002504647e-13,2.168404344971008868e-17,ok,
staged_rfft_longdouble_n64_b1_contiguous_pad,staged,rfft,longdouble,64,1,contiguous,pad,,ok,ok,0.0,0.0,1.3877787807814456755e-15,2.168404344971008868e-17,ok,
staged_rfft_longdouble_n64_b1_contiguous_truncate,staged,rfft,longdouble,64,1,contiguous,truncate,,ok,ok,0.0,0.0,1.3877787807814456755e-15,2.168404344971008868e-17,ok,
staged_rfft_longdouble_n64_b8_contiguous_pad,staged,rfft,longdouble,64,8,contiguous,pad,,ok,ok,0.0,0.0,1.3877787807814456755e-15,2.168404344971008868e-17,ok,
staged_rfft_longdouble_n64_b8_contiguous_truncate,staged,rfft,longdouble,64,8,contiguous,truncate,,ok,ok,0.0,0.0,1.3877787807814456755e-15,2.168404344971008868e-17,ok,
staged_rfft_longdouble_n64_b64_contiguous_pad,staged,rfft,longdouble,64,64,contiguous,pad,,ok,ok,0.0,0.0,1.3877787807814456755e-15,2.168404344971008868e-17,ok,
staged_rfft_longdouble_n64_b64_contiguous_truncate,staged,rfft,longdouble,64,64,contiguous,truncate,,ok,ok,0.0,0.0,1.3877787807814456755e-15,2.168404344971008868e-17,ok,
staged_rfft_longdouble_n1024_b1_contiguous_pad,staged,rfft,longdouble,1024,1,contiguous,pad,,ok,ok,1.0551910960100405e-17,1.993043710991572e-19,2.2204460492503130808e-14,2.168404344971008868e-17,ok,
staged_rfft_longdouble_n1024_b1_contiguous_truncate,staged,rfft,longdouble,1024,1,contiguous,truncate,,ok,ok,0.0,0.0,2.2204460492503130808e-14,2.168404344971008868e-17,ok,
staged_rfft_longdouble_n1024_b8_contiguous_pad,staged,rfft,longdouble,1024,8,contiguous,pad,,ok,ok,1.4304896245381992e-17,2.2221854224480083e-19,2.2204460492503130808e-14,2.168404344971008868e-17,ok,
staged_rfft_longdouble_n1024_b8_contiguous_truncate,staged,rfft,longdouble,1024,8,contiguous,truncate,,ok,ok,0.0,0.0,2.2204460492503130808e-14,2.168404344971008868e-17,ok,
staged_rfft_longdouble_n1024_b64_contiguous_pad,staged,rfft,longdouble,1024,64,contiguous,pad,,ok,ok,1.4304896245381992e-17,2.0693811664780466e-19,2.2204460492503130808e-14,2.168404344971008868e-17,ok,
staged_rfft_longdouble_n1024_b64_contiguous_truncate,staged,rfft,longdouble,1024,64,contiguous,truncate,,ok,ok,0.0,0.0,2.2204460492503130808e-14,2.168404344971008868e-17,ok,
staged_rfft_longdouble_n4096_b1_contiguous_pad,staged,rfft,longdouble,4096,1,contiguous,pad,,ok,ok,2.1457344368072987e-17,1.7236475572815952e-19,8.8817841970012523234e-14,2.168404344971008868e-17,ok,
staged_rfft_longdouble_n4096_b1_contiguous_truncate,staged,rfft,longdouble,4096,1,contiguous,truncate,,ok,ok,0.0,0.0,8.8817841970012523234e-14,2.168404344971008868e-17,ok,
staged_rfft_longdouble_n4096_b8_contiguous_pad,staged,rfft,longdouble,4096,8,contiguous,pad,,ok,ok,2.797157557069881e-17,2.0111480314545764e-19,8.8817841970012523234e-14,2.168404344971008868e-17,ok,
staged_rfft_longdouble_n4096_b8_contiguous_truncate,staged,rfft,longdouble,4096,8,contiguous,truncate,,ok,ok,0.0,0.0,8.8817841970012523234e-14,2.168404344971008868e-17,ok,
staged_rfft_longdouble_n4096_b64_contiguous_pad,staged,rfft,longdouble,4096,64,contiguous,pad,,ok,ok,2.964296775167217e-17,1.9574553177378045e-19,8.8817841970012523234e-14,2.168404344971008868e-17,ok,
staged_rfft_longdouble_n4096_b64_contiguous_truncate,staged,rfft,longdouble,4096,64,contiguous,truncate,,ok,ok,0.0,0.0,8.8817841970012523234e-14,2.168404344971008868e-17,ok,
staged_rfft_longdouble_n4097_b1_contiguous_pad,staged,rfft,longdouble,4097,1,contiguous,pad,,ok,ok,3.332294980281256e-17,2.701739278794068e-19,8.883952601346223332e-14,2.168404344971008868e-17,ok,
staged_rfft_longdouble_n4097_b1_contiguous_truncate,staged,rfft,longdouble,4097,1,contiguous,truncate,,ok,ok,4.579801393138379e-17,2.3941998188063727e-19,8.883952601346223332e-14,2.168404344971008868e-17,ok,
staged_rfft_longdouble_n4097_b8_contiguous_pad,staged,rfft,longdouble,4097,8,contiguous,pad,,ok,ok,3.508261114975577e-17,2.472354968510724e-19,8.883952601346223332e-14,2.168404344971008868e-17,ok,
staged_rfft_longdouble_n4097_b8_contiguous_truncate,staged,rfft,longdouble,4097,8,contiguous,truncate,,ok,ok,4.718958039861916e-17,2.3133844326294283e-19,8.883952601346223332e-14,2.168404344971008868e-17,ok,
staged_rfft_longdouble_n4097_b64_contiguous_pad,staged,rfft,longdouble,4097,64,contiguous,pad,,ok,ok,4.5102810375396984e-17,2.9917400841133027e-19,8.883952601346223332e-14,2.168404344971008868e-17,ok,
staged_rfft_longdouble_n4097_b64_contiguous_truncate,staged,rfft,longdouble,4097,64,contiguous,truncate,,ok,ok,5.721958498152797e-17,2.461131467487979e-19,8.883952601346223332e-14,2.168404344971008868e-17,ok,
staged_rfft_longdouble_n8192_b1_contiguous_pad,staged,rfft,longdouble,8192,1,contiguous,pad,,ok,ok,3.141717836627692e-17,1.8199580561113338e-19,1.7763568394002504647e-13,2.168404344971008868e-17,ok,
staged_rfft_longdouble_n8192_b1_contiguous_truncate,staged,rfft,longdouble,8192,1,contiguous,truncate,,ok,ok,0.0,0.0,1.7763568394002504647e-13,2.168404344971008868e-17,ok,
staged_rfft_longdouble_n8192_b8_contiguous_pad,staged,rfft,longdouble,8192,8,contiguous,pad,,ok,ok,4.220764384040162e-17,2.0855206547705883e-19,1.7763568394002504647e-13,2.168404344971008868e-17,ok,
staged_rfft_longdouble_n8192_b8_contiguous_truncate,staged,rfft,longdouble,8192,8,contiguous,truncate,,ok,ok,0.0,0.0,1.7763568394002504647e-13,2.168404344971008868e-17,ok,
staged_rfft_longdouble_n8192_b64_contiguous_pad,staged,rfft,longdouble,8192,64,contiguous,pad,,ok,ok,4.3885418357208765e-17,1.9034561957770275e-19,1.7763568394002504647e-13,2.168404344971008868e-17,ok,
staged_rfft_longdouble_n8192_b64_contiguous_truncate,staged,rfft,longdouble,8192,64,contiguous,truncate,,ok,ok,0.0,0.0,1.7763568394002504647e-13,2.168404344971008868e-17,ok,
staged_irfft_clongdouble_n64_b1_contiguous_pad,staged,irfft,clongdouble,64,1,contiguous,pad,,ok,ok,0.0,0.0,1.3877787807814456755e-15,2.168404344971008868e-17,ok,
staged_irfft_clongdouble_n64_b1_contiguous_truncate,staged,irfft,clongdouble,64,1,contiguous,truncate,,ok,ok,0.0,0.0,1.3877787807814456755e-15,2.168404344971008868e-17,ok,
staged_irfft_clongdouble_n64_b8_contiguous_pad,staged,irfft,clongdouble,64,8,contiguous,pad,,ok,ok,0.0,0.0,1.3877787807814456755e-15,2.168404344971008868e-17,ok,
staged_irfft_clongdouble_n64_b8_contiguous_truncate,staged,irfft,clongdouble,64,8,contiguous,truncate,,ok,ok,0.0,0.0,1.3877787807814456755e-15,2.168404344971008868e-17,ok,
staged_irfft_clongdouble_n64_b64_contiguous_pad,staged,irfft,clongdouble,64,64,contiguous,pad,,ok,ok,0.0,0.0,1.3877787807814456755e-15,2.168404344971008868e-17,ok,
staged_irfft_clongdouble_n64_b64_contiguous_truncate,staged,irfft,clongdouble,64,64,contiguous,truncate,,ok,ok,0.0,0.0,1.3877787807814456755e-15,2.168404344971008868e-17,ok,
staged_irfft_clongdouble_n1024_b1_contiguous_pad,staged,irfft,clongdouble,1024,1,contiguous,pad,,ok,ok,1.6940658945086007e-20,1.4963057520967322e-19,2.2204460492503130808e-14,2.168404344971008868e-17,ok,
staged_irfft_clongdouble_n1024_b1_contiguous_truncate,staged,irfft,clongdouble,1024,1,contiguous,truncate,,ok,ok,0.0,0.0,2.2204460492503130808e-14,2.168404344971008868e-17,ok,
staged_irfft_clongdouble_n1024_b8_contiguous_pad,staged,irfft,clongdouble,1024,8,contiguous,pad,,ok,ok,2.371692252312041e-20,1.9620322170565538e-19,2.2204460492503130808e-14,2.168404344971008868e-17,ok,
staged_irfft_clongdouble_n1024_b8_contiguous_truncate,staged,irfft,clongdouble,1024,8,contiguous,truncate,,ok,ok,0.0,0.0,2.2204460492503130808e-14,2.168404344971008868e-17,ok,
staged_irfft_clongdouble_n1024_b64_contiguous_pad,staged,irfft,clongdouble,1024,64,contiguous,pad,,ok,ok,2.710505431213761e-20,1.9003029415544523e-19,2.2204460492503130808e-14,2.168404344971008868e-17,ok,
staged_irfft_clongdouble_n1024_b64_contiguous_truncate,staged,irfft,clongdouble,1024,64,contiguous,truncate,,ok,ok,0.0,0.0,2.2204460492503130808e-14,2.168404344971008868e-17,ok,
staged_irfft_clongdouble_n4096_b1_contiguous_pad,staged,irfft,clongdouble,4096,1,contiguous,pad,,ok,ok,1.0164395367051604e-20,1.6481550149259096e-19,8.8817841970012523234e-14,2.168404344971008868e-17,ok,
staged_irfft_clongdouble_n4096_b1_contiguous_truncate,staged,irfft,clongdouble,4096,1,contiguous,truncate,,ok,ok,0.0,0.0,8.8817841970012523234e-14,2.168404344971008868e-17,ok,
staged_irfft_clongdouble_n4096_b8_contiguous_pad,staged,irfft,clongdouble,4096,8,contiguous,pad,,ok,ok,1.1858461261560205e-20,1.874155914636908e-19,8.8817841970012523234e-14,2.168404344971008868e-17,ok,
staged_irfft_clongdouble_n4096_b8_contiguous_truncate,staged,irfft,clongdouble,4096,8,contiguous,truncate,,ok,ok,0.0,0.0,8.8817841970012523234e-14,2.168404344971008868e-17,ok,
staged_irfft_clongdouble_n4096_b64_contiguous_pad,staged,irfft,clongdouble,4096,64,contiguous,pad,,ok,ok,1.3552527156068805e-20,1.8578395084856676e-19,8.8817841970012523234e-14,2.168404344971008868e-17,ok,
staged_irfft_clongdouble_n4096_b64_contiguous_truncate,staged,irfft,clongdouble,4096,64,contiguous,truncate,,ok,ok,0.0,0.0,8.8817841970012523234e-14,2.168404344971008868e-17,ok,
staged_irfft_clongdouble_n4097_b1_contiguous_pad,staged,irfft,clongdouble,4097,1,contiguous,pad,,ok,ok,1.1540823906339842e-20,2.0012614223427663e-19,8.883952601346223332e-14,2.168404344971008868e-17,ok,
staged_irfft_clongdouble_n4097_b1_contiguous_truncate,staged,irfft,clongdouble,4097,1,contiguous,truncate,,ok,ok,2.710505431213761e-20,3.3936459587978664e-19,8.883952601346223332e-14,2.168404344971008868e-17,ok,
staged_irfft_clongdouble_n4097_b8_contiguous_pad,staged,irfft,clongdouble,4097,8,contiguous,pad,,ok,ok,1.6940658945086007e-20,2.5591834410619364e-19,8.883952601346223332e-14,2.168404344971008868e-17,ok,
staged_irfft_clongdouble_n4097_b8_contiguous_truncate,staged,irfft,clongdouble,4097,8,contiguous,truncate,,ok,ok,2.371692252312041e-20,2.7665586158917164e-19,8.883952601346223332e-14,2.168404344971008868e-17,ok,
staged_irfft_clongdouble_n4097_b64_contiguous_pad,staged,irfft,clongdouble,4097,64,contiguous,pad,,ok,ok,2.0328790734103208e-20,2.701522252969202e-19,8.883952601346223332e-14,2.168404344971008868e-17,ok,
staged_irfft_clongdouble_n4097_b64_contiguous_truncate,staged,irfft,clongdouble,4097,64,contiguous,truncate,,ok,ok,2.710505431213761e-20,2.565740285631347e-19,8.883952601346223332e-14,2.168404344971008868e-17,ok,
staged_irfft_clongdouble_n8192_b1_contiguous_pad,staged,irfft,clongdouble,8192,1,contiguous,pad,,ok,ok,6.776263578034403e-21,1.6235609888465972e-19,1.7763568394002504647e-13,2.168404344971008868e-17,ok,
staged_irfft_clongdouble_n8192_b1_contiguous_truncate,staged,irfft,clongdouble,8192,1,contiguous,truncate,,ok,ok,0.0,0.0,1.7763568394002504647e-13,2.168404344971008868e-17,ok,
staged_irfft_clongdouble_n8192_b8_contiguous_pad,staged,irfft,clongdouble,8192,8,contiguous,pad,,ok,ok,8.470329472543003e-21,1.7166691039564663e-19,1.7763568394002504647e-13,2.168404344971008868e-17,ok,
staged_irfft_clongdouble_n8192_b8_contiguous_truncate,staged,irfft,clongdouble,8192,8,contiguous,truncate,,ok,ok,0.0,0.0,1.7763568394002504647e-13,2.168404344971008868e-17,ok,
staged_irfft_clongdouble_n8192_b64_contiguous_pad,staged,irfft,clongdouble,8192,64,contiguous,pad,,ok,ok,1.0164395367051604e-20,1.914818318440303e-19,1.7763568394002504647e-13,2.168404344971008868e-17,ok,
staged_irfft_clongdouble_n8192_b64_contiguous_truncate,staged,irfft,clongdouble,8192,64,contiguous,truncate,,ok,ok,0.0,0.0,1.7763568394002504647e-13,2.168404344971008868e-17,ok,
norm_fft_complex64_n64_b1_contiguous_backward,norm,fft,complex64,64,1,contiguous,,backward,ok,ok,2.6973982585332124e-06,1.0190049875211351e-07,0.0015258789,2.3841858e-05,ok,
norm_fft_complex64_n64_b1_contiguous_ortho,norm,fft,complex64,64,1,contiguous,,ortho,ok,ok,0.0,0.0,0.0015258789,2.3841858e-05,ok,
norm_fft_complex64_n64_b1_contiguous_forward,norm,fft,complex64,64,1,contiguous,,forward,ok,ok,0.0,0.0,0.0015258789,2.3841858e-05,ok,
norm_fft_complex64_n64_b8_contiguous_backward,norm,fft,complex64,64,8,contiguous,,backward,ok,ok,2.8666054276982322e-06,9.191953270048582e-08,0.0015258789,2.3841858e-05,ok,
norm_fft_complex64_n64_b8_contiguous_ortho,norm,fft,complex64,64,8,contiguous,,ortho,ok,ok,0.0,0.0,0.0015258789,2.3841858e-05,ok,
norm_fft_complex64_n64_b8_contiguous_forward,norm,fft,complex64,64,8,contiguous,,forward,ok,ok,0.0,0.0,0.0015258789,2.3841858e-05,ok,
norm_fft_complex64_n4096_b1_contiguous_backward,norm,fft,complex64,4096,1,contiguous,,backward,ok,ok,4.3494241253938526e-05,1.593267426639712e-07,0.09765625,2.3841858e-05,ok,
norm_fft_complex64_n4096_b1_contiguous_ortho,norm,fft,complex64,4096,1,contiguous,,ortho,ok,ok,6.419616624953051e-07,1.5050328709529593e-07,0.09765625,2.3841858e-05,ok,
norm_fft_complex64_n4096_b1_contiguous_forward,norm,fft,complex64,4096,1,contiguous,,forward,ok,ok,1.0030650976489142e-08,1.5050328709529593e-07,0.09765625,2.3841858e-05,ok,
norm_fft_complex64_n4096_b8_contiguous_backward,norm,fft,complex64,4096,8,contiguous,,backward,ok,ok,4.57763671875e-05,1.5843961903087978e-07,0.09765625,2.3841858e-05,ok,
norm_fft_complex64_n4096_b8_contiguous_ortho,norm,fft,complex64,4096,8,contiguous,,ortho,ok,ok,0.0,0.0,0.09765625,2.3841858e-05,ok,
norm_fft_complex64_n4096_b8_contiguous_forward,norm,fft,complex64,4096,8,contiguous,,forward,ok,ok,0.0,0.0,0.09765625,2.3841858e-05,ok,
norm_fft_complex128_n64_b1_contiguous_backward,norm,fft,complex128,64,1,contiguous,,backward,ok,ok,0.0,0.0,2.8421709430404007e-12,4.440892098500626e-14,ok,
norm_fft_complex128_n64_b1_contiguous_ortho,norm,fft,complex128,64,1,contiguous,,ortho,ok,ok,0.0,0.0,2.8421709430404007e-12,4.440892098500626e-14,ok,
norm_fft_complex128_n64_b1_contiguous_forward,norm,fft,complex128,64,1,contiguous,,forward,ok,ok,0.0,0.0,2.8421709430404007e-12,4.440892098500626e-14,ok,
norm_fft_complex128_n64_b8_contiguous_backward,norm,fft,complex128,64,8,contiguous,,backward,ok,ok,0.0,0.0,2.8421709430404007e-12,4.440892098500626e-14,ok,
norm_fft_complex128_n64_b8_contiguous_ortho,norm,fft,complex128,64,8,contiguous,,ortho,ok,ok,0.0,0.0,2.8421709430404007e-12,4.440892098500626e-14,ok,
norm_fft_complex128_n64_b8_contiguous_forward,norm,fft,complex128,64,8,contiguous,,forward,ok,ok,0.0,0.0,2.8421709430404007e-12,4.440892098500626e-14,ok,
norm_fft_complex128_n4096_b1_contiguous_backward,norm,fft,complex128,4096,1,contiguous,,backward,ok,ok,0.0,0.0,1.8189894035458565e-10,4.440892098500626e-14,ok,
norm_fft_complex128_n4096_b1_contiguous_ortho,norm,fft,complex128,4096,1,contiguous,,ortho,ok,ok,0.0,0.0,1.8189894035458565e-10,4.440892098500626e-14,ok,
norm_fft_complex128_n4096_b1_contiguous_forward,norm,fft,complex128,4096,1,contiguous,,forward,ok,ok,0.0,0.0,1.8189894035458565e-10,4.440892098500626e-14,ok,
norm_fft_complex128_n4096_b8_contiguous_backward,norm,fft,complex128,4096,8,contiguous,,backward,ok,ok,0.0,0.0,1.8189894035458565e-10,4.440892098500626e-14,ok,
norm_fft_complex128_n4096_b8_contiguous_ortho,norm,fft,complex128,4096,8,contiguous,,ortho,ok,ok,0.0,0.0,1.8189894035458565e-10,4.440892098500626e-14,ok,
norm_fft_complex128_n4096_b8_contiguous_forward,norm,fft,complex128,4096,8,contiguous,,forward,ok,ok,0.0,0.0,1.8189894035458565e-10,4.440892098500626e-14,ok,
norm_ifft_complex64_n64_b1_contiguous_backward,norm,ifft,complex64,64,1,contiguous,,backward,ok,ok,0.0,0.0,0.0015258789,2.3841858e-05,ok,
norm_ifft_complex64_n64_b1_contiguous_ortho,norm,ifft,complex64,64,1,contiguous,,ortho,ok,ok,0.0,0.0,0.0015258789,2.3841858e-05,ok,
norm_ifft_complex64_n64_b1_contiguous_forward,norm,ifft,complex64,64,1,contiguous,,forward,ok,ok,2.1324806311895372e-06,7.714441887214565e-08,0.0015258789,2.3841858e-05,ok,
norm_ifft_complex64_n64_b8_contiguous_backward,norm,ifft,complex64,64,8,contiguous,,backward,ok,ok,0.0,0.0,0.0015258789,2.3841858e-05,ok,
norm_ifft_complex64_n64_b8_contiguous_ortho,norm,ifft,complex64,64,8,contiguous,,ortho,ok,ok,0.0,0.0,0.0015258789,2.3841858e-05,ok,
norm_ifft_complex64_n64_b8_contiguous_forward,norm,ifft,complex64,64,8,contiguous,,forward,ok,ok,3.814697265625e-06,1.1673528755987061e-07,0.0015258789,2.3841858e-05,ok,
norm_ifft_complex64_n4096_b1_contiguous_backward,norm,ifft,complex64,4096,1,contiguous,,backward,ok,ok,1.1185568027372028e-08,1.7737618055505294e-07,0.09765625,2.3841858e-05,ok,
norm_ifft_complex64_n4096_b1_contiguous_ortho,norm,ifft,complex64,4096,1,contiguous,,ortho,ok,ok,7.158763537518098e-07,1.7737618055505294e-07,0.09765625,2.3841858e-05,ok,
norm_ifft_complex64_n4096_b1_contiguous_forward,norm,ifft,complex64,4096,1,contiguous,,forward,ok,ok,3.5169770853826776e-05,1.36159154622911e-07,0.09765625,2.3841858e-05,ok,
norm_ifft_complex64_n4096_b8_contiguous_backward,norm,ifft,complex64,4096,8,contiguous,,backward,ok,ok,0.0,0.0,0.09765625,2.3841858e-05,ok,
norm_ifft_complex64_n4096_b8_contiguous_ortho,norm,ifft,complex64,4096,8,contiguous,,ortho,ok,ok,0.0,0.0,0.09765625,2.3841858e-05,ok,
norm_ifft_complex64_n4096_b8_contiguous_forward,norm,ifft,complex64,4096,8,contiguous,,forward,ok,ok,4.581608664011583e-05,1.5691705051257624e-07,0.09765625,2.3841858e-05,ok,
norm_ifft_complex128_n64_b1_contiguous_backward,norm,ifft,complex128,64,1,contiguous,,backward,ok,ok,0.0,0.0,2.8421709430404007e-12,4.440892098500626e-14,ok,
norm_ifft_complex128_n64_b1_contiguous_ortho,norm,ifft,complex128,64,1,contiguous,,ortho,ok,ok,0.0,0.0,2.8421709430404007e-12,4.440892098500626e-14,ok,
norm_ifft_complex128_n64_b1_contiguous_forward,norm,ifft,complex128,64,1,contiguous,,forward,ok,ok,0.0,0.0,2.8421709430404007e-12,4.440892098500626e-14,ok,
norm_ifft_complex128_n64_b8_contiguous_backward,norm,ifft,complex128,64,8,contiguous,,backward,ok,ok,0.0,0.0,2.8421709430404007e-12,4.440892098500626e-14,ok,
norm_ifft_complex128_n64_b8_contiguous_ortho,norm,ifft,complex128,64,8,contiguous,,ortho,ok,ok,0.0,0.0,2.8421709430404007e-12,4.440892098500626e-14,ok,
norm_ifft_complex128_n64_b8_contiguous_forward,norm,ifft,complex128,64,8,contiguous,,forward,ok,ok,0.0,0.0,2.8421709430404007e-12,4.440892098500626e-14,ok,
norm_ifft_complex128_n4096_b1_contiguous_backward,norm,ifft,complex128,4096,1,contiguous,,backward,ok,ok,0.0,0.0,1.8189894035458565e-10,4.440892098500626e-14,ok,
norm_ifft_complex128_n4096_b1_contiguous_ortho,norm,ifft,complex128,4096,1,contiguous,,ortho,ok,ok,0.0,0.0,1.8189894035458565e-10,4.440892098500626e-14,ok,
norm_ifft_complex128_n4096_b1_contiguous_forward,norm,ifft,complex128,4096,1,contiguous,,forward,ok,ok,0.0,0.0,1.8189894035458565e-10,4.440892098500626e-14,ok,
norm_ifft_complex128_n4096_b8_contiguous_backward,norm,ifft,complex128,4096,8,contiguous,,backward,ok,ok,0.0,0.0,1.8189894035458565e-10,4.440892098500626e-14,ok,
norm_ifft_complex128_n4096_b8_contiguous_ortho,norm,ifft,complex128,4096,8,contiguous,,ortho,ok,ok,0.0,0.0,1.8189894035458565e-10,4.440892098500626e-14,ok,
norm_ifft_complex128_n4096_b8_contiguous_forward,norm,ifft,complex128,4096,8,contiguous,,forward,ok,ok,0.0,0.0,1.8189894035458565e-10,4.440892098500626e-14,ok,
norm_rfft_float32_n64_b1_contiguous_backward,norm,rfft,float32,64,1,contiguous,,backward,ok,ok,1.3486991292666062e-06,7.467242227214151e-08,0.0015258789,2.3841858e-05,ok,
norm_rfft_float32_n64_b1_contiguous_ortho,norm,rfft,float32,64,1,contiguous,,ortho,ok,ok,0.0,0.0,0.0015258789,2.3841858e-05,ok,
norm_rfft_float32_n64_b1_contiguous_forward,norm,rfft,float32,64,1,contiguous,,forward,ok,ok,0.0,0.0,0.0015258789,2.3841858e-05,ok,
norm_rfft_float32_n64_b8_contiguous_backward,norm,rfft,float32,64,8,contiguous,,backward,ok,ok,1.9405865714361425e-06,1.0274817020421478e-07,0.0015258789,2.3841858e-05,ok,
norm_rfft_float32_n64_b8_contiguous_ortho,norm,rfft,float32,64,8,contiguous,,ortho,ok,ok,0.0,0.0,0.0015258789,2.3841858e-05,ok,
norm_rfft_float32_n64_b8_contiguous_forward,norm,rfft,float32,64,8,contiguous,,forward,ok,ok,0.0,0.0,0.0015258789,2.3841858e-05,ok,
norm_rfft_float32_n4096_b1_contiguous_backward,norm,rfft,float32,4096,1,contiguous,,backward,ok,ok,2.412626417935826e-05,1.2118113480868227e-07,0.09765625,2.3841858e-05,ok,
norm_rfft_float32_n4096_b1_contiguous_ortho,norm,rfft,float32,4096,1,contiguous,,ortho,ok,ok,0.0,0.0,0.09765625,2.3841858e-05,ok,
norm_rfft_float32_n4096_b1_contiguous_forward,norm,rfft,float32,4096,1,contiguous,,forward,ok,ok,0.0,0.0,0.09765625,2.3841858e-05,ok,
norm_rfft_float32_n4096_b8_contiguous_backward,norm,rfft,float32,4096,8,contiguous,,backward,ok,ok,3.057712456211448e-05,1.4361174575547036e-07,0.09765625,2.3841858e-05,ok,
norm_rfft_float32_n4096_b8_contiguous_ortho,norm,rfft,float32,4096,8,contiguous,,ortho,ok,ok,0.0,0.0,0.09765625,2.3841858e-05,ok,
norm_rfft_float32_n4096_b8_contiguous_forward,norm,rfft,float32,4096,8,contiguous,,forward,ok,ok,0.0,0.0,0.09765625,2.3841858e-05,ok,
norm_rfft_float64_n64_b1_contiguous_backward,norm,rfft,float64,64,1,contiguous,,backward,ok,ok,0.0,0.0,2.8421709430404007e-12,4.440892098500626e-14,ok,
norm_rfft_float64_n64_b1_contiguous_ortho,norm,rfft,float64,64,1,contiguous,,ortho,ok,ok,0.0,0.0,2.8421709430404007e-12,4.440892098500626e-14,ok,
norm_rfft_float64_n64_b1_contiguous_forward,norm,rfft,float64,64,1,contiguous,,forward,ok,ok,0.0,0.0,2.8421709430404007e-12,4.440892098500626e-14,ok,
norm_rfft_float64_n64_b8_contiguous_backward,norm,rfft,float64,64,8,contiguous,,backward,ok,ok,0.0,0.0,2.8421709430404007e-12,4.440892098500626e-14,ok,
norm_rfft_float64_n64_b8_contiguous_ortho,norm,rfft,float64,64,8,contiguous,,ortho,ok,ok,0.0,0.0,2.8421709430404007e-12,4.440892098500626e-14,ok,
norm_rfft_float64_n64_b8_contiguous_forward,norm,rfft,float64,64,8,contiguous,,forward,ok,ok,0.0,0.0,2.8421709430404007e-12,4.440892098500626e-14,ok,
norm_rfft_float64_n4096_b1_contiguous_backward,norm,rfft,float64,4096,1,contiguous,,backward,ok,ok,0.0,0.0,1.8189894035458565e-10,4.440892098500626e-14,ok,
norm_rfft_float64_n4096_b1_contiguous_ortho,norm,rfft,float64,4096,1,contiguous,,ortho,ok,ok,0.0,0.0,1.8189894035458565e-10,4.440892098500626e-14,ok,
norm_rfft_float64_n4096_b1_contiguous_forward,norm,rfft,float64,4096,1,contiguous,,forward,ok,ok,0.0,0.0,1.8189894035458565e-10,4.440892098500626e-14,ok,
norm_rfft_float64_n4096_b8_contiguous_backward,norm,rfft,float64,4096,8,contiguous,,backward,ok,ok,0.0,0.0,1.8189894035458565e-10,4.440892098500626e-14,ok,
norm_rfft_float64_n4096_b8_contiguous_ortho,norm,rfft,float64,4096,8,contiguous,,ortho,ok,ok,0.0,0.0,1.8189894035458565e-10,4.440892098500626e-14,ok,
norm_rfft_float64_n4096_b8_contiguous_forward,norm,rfft,float64,4096,8,contiguous,,forward,ok,ok,0.0,0.0,1.8189894035458565e-10,4.440892098500626e-14,ok,
norm_irfft_complex64_n64_b1_contiguous_backward,norm,irfft,complex64,64,1,contiguous,,backward,ok,ok,0.0,0.0,0.0015258789,2.3841858e-05,ok,
norm_irfft_complex64_n64_b1_contiguous_ortho,norm,irfft,complex64,64,1,contiguous,,ortho,ok,ok,0.0,0.0,0.0015258789,2.3841858e-05,ok,
norm_irfft_complex64_n64_b1_contiguous_forward,norm,irfft,complex64,64,1,contiguous,,forward,ok,ok,2.1457672119140625e-06,7.176495541801492e-08,0.0015258789,2.3841858e-05,ok,
norm_irfft_complex64_n64_b8_contiguous_backward,norm,irfft,complex64,64,8,contiguous,,backward,ok,ok,0.0,0.0,0.0015258789,2.3841858e-05,ok,
norm_irfft_complex64_n64_b8_contiguous_ortho,norm,irfft,complex64,64,8,contiguous,,ortho,ok,ok,0.0,0.0,0.0015258789,2.3841858e-05,ok,
norm_irfft_complex64_n64_b8_contiguous_forward,norm,irfft,complex64,64,8,contiguous,,forward,ok,ok,3.814697265625e-06,1.1640496308856823e-07,0.0015258789,2.3841858e-05,ok,
norm_irfft_complex64_n4096_b1_contiguous_backward,norm,irfft,complex64,4096,1,contiguous,,backward,ok,ok,0.0,0.0,0.09765625,2.3841858e-05,ok,
norm_irfft_complex64_n4096_b1_contiguous_ortho,norm,irfft,complex64,4096,1,contiguous,,ortho,ok,ok,0.0,0.0,0.09765625,2.3841858e-05,ok,
norm_irfft_complex64_n4096_b1_contiguous_forward,norm,irfft,complex64,4096,1,contiguous,,forward,ok,ok,6.103515625e-05,1.8143160055873675e-07,0.09765625,2.3841858e-05,ok,
norm_irfft_complex64_n4096_b8_contiguous_backward,norm,irfft,complex64,4096,8,contiguous,,backward,ok,ok,0.0,0.0,0.09765625,2.3841858e-05,ok,
norm_irfft_complex64_n4096_b8_contiguous_ortho,norm,irfft,complex64,4096,8,contiguous,,ortho,ok,ok,0.0,0.0,0.09765625,2.3841858e-05,ok,
norm_irfft_complex64_n4096_b8_contiguous_forward,norm,irfft,complex64,4096,8,contiguous,,forward,ok,ok,6.103515625e-05,1.7045992559594707e-07,0.09765625,2.3841858e-05,ok,
norm_irfft_complex128_n64_b1_contiguous_backward,norm,irfft,complex128,64,1,contiguous,,backward,ok,ok,0.0,0.0,2.8421709430404007e-12,4.440892098500626e-14,ok,
norm_irfft_complex128_n64_b1_contiguous_ortho,norm,irfft,complex128,64,1,contiguous,,ortho,ok,ok,0.0,0.0,2.8421709430404007e-12,4.440892098500626e-14,ok,
norm_irfft_complex128_n64_b1_contiguous_forward,norm,irfft,complex128,64,1,contiguous,,forward,ok,ok,0.0,0.0,2.8421709430404007e-12,4.440892098500626e-14,ok,
norm_irfft_complex128_n64_b8_contiguous_backward,norm,irfft,complex128,64,8,contiguous,,backward,ok,ok,0.0,0.0,2.8421709430404007e-12,4.440892098500626e-14,ok,
norm_irfft_complex128_n64_b8_contiguous_ortho,norm,irfft,complex128,64,8,contiguous,,ortho,ok,ok,0.0,0.0,2.8421709430404007e-12,4.440892098500626e-14,ok,
norm_irfft_complex128_n64_b8_contiguous_forward,norm,irfft,complex128,64,8,contiguous,,forward,ok,ok,0.0,0.0,2.8421709430404007e-12,4.440892098500626e-14,ok,
norm_irfft_complex128_n4096_b1_contiguous_backward,norm,irfft,complex128,4096,1,contiguous,,backward,ok,ok,0.0,0.0,1.8189894035458565e-10,4.440892098500626e-14,ok,
norm_irfft_complex128_n4096_b1_contiguous_ortho,norm,irfft,complex128,4096,1,contiguous,,ortho,ok,ok,0.0,0.0,1.8189894035458565e-10,4.440892098500626e-14,ok,
norm_irfft_complex128_n4096_b1_contiguous_forward,norm,irfft,complex128,4096,1,contiguous,,forward,ok,ok,0.0,0.0,1.8189894035458565e-10,4.440892098500626e-14,ok,
norm_irfft_complex128_n4096_b8_contiguous_backward,norm,irfft,complex128,4096,8,contiguous,,backward,ok,ok,0.0,0.0,1.8189894035458565e-10,4.440892098500626e-14,ok,
norm_irfft_complex128_n4096_b8_contiguous_ortho,norm,irfft,complex128,4096,8,contiguous,,ortho,ok,ok,0.0,0.0,1.8189894035458565e-10,4.440892098500626e-14,ok,
norm_irfft_complex128_n4096_b8_contiguous_forward,norm,irfft,complex128,4096,8,contiguous,,forward,ok,ok,0.0,0.0,1.8189894035458565e-10,4.440892098500626e-14,ok,
norm_fft_float32_n64_b1_contiguous_backward,norm,fft,float32,64,1,contiguous,,backward,ok,ok,0.0,0.0,0.0015258789,2.3841858e-05,ok,
norm_fft_float32_n64_b1_contiguous_ortho,norm,fft,float32,64,1,contiguous,,ortho,ok,ok,0.0,0.0,0.0015258789,2.3841858e-05,ok,
norm_fft_float32_n64_b1_contiguous_forward,norm,fft,float32,64,1,contiguous,,forward,ok,ok,0.0,0.0,0.0015258789,2.3841858e-05,ok,
norm_fft_float32_n64_b8_contiguous_backward,norm,fft,float32,64,8,contiguous,,backward,ok,ok,0.0,0.0,0.0015258789,2.3841858e-05,ok,
norm_fft_float32_n64_b8_contiguous_ortho,norm,fft,float32,64,8,contiguous,,ortho,ok,ok,0.0,0.0,0.0015258789,2.3841858e-05,ok,
norm_fft_float32_n64_b8_contiguous_forward,norm,fft,float32,64,8,contiguous,,forward,ok,ok,0.0,0.0,0.0015258789,2.3841858e-05,ok,
norm_fft_float32_n4096_b1_contiguous_backward,norm,fft,float32,4096,1,contiguous,,backward,ok,ok,0.0,0.0,0.09765625,2.3841858e-05,ok,
norm_fft_float32_n4096_b1_contiguous_ortho,norm,fft,float32,4096,1,contiguous,,ortho,ok,ok,0.0,0.0,0.09765625,2.3841858e-05,ok,
norm_fft_float32_n4096_b1_contiguous_forward,norm,fft,float32,4096,1,contiguous,,forward,ok,ok,0.0,0.0,0.09765625,2.3841858e-05,ok,
norm_fft_float32_n4096_b8_contiguous_backward,norm,fft,float32,4096,8,contiguous,,backward,ok,ok,0.0,0.0,0.09765625,2.3841858e-05,ok,
norm_fft_float32_n4096_b8_contiguous_ortho,norm,fft,float32,4096,8,contiguous,,ortho,ok,ok,0.0,0.0,0.09765625,2.3841858e-05,ok,
norm_fft_float32_n4096_b8_contiguous_forward,norm,fft,float32,4096,8,contiguous,,forward,ok,ok,0.0,0.0,0.09765625,2.3841858e-05,ok,
norm_fft_float64_n64_b1_contiguous_backward,norm,fft,float64,64,1,contiguous,,backward,ok,ok,0.0,0.0,2.8421709430404007e-12,4.440892098500626e-14,ok,
norm_fft_float64_n64_b1_contiguous_ortho,norm,fft,float64,64,1,contiguous,,ortho,ok,ok,0.0,0.0,2.8421709430404007e-12,4.440892098500626e-14,ok,
norm_fft_float64_n64_b1_contiguous_forward,norm,fft,float64,64,1,contiguous,,forward,ok,ok,0.0,0.0,2.8421709430404007e-12,4.440892098500626e-14,ok,
norm_fft_float64_n64_b8_contiguous_backward,norm,fft,float64,64,8,contiguous,,backward,ok,ok,0.0,0.0,2.8421709430404007e-12,4.440892098500626e-14,ok,
norm_fft_float64_n64_b8_contiguous_ortho,norm,fft,float64,64,8,contiguous,,ortho,ok,ok,0.0,0.0,2.8421709430404007e-12,4.440892098500626e-14,ok,
norm_fft_float64_n64_b8_contiguous_forward,norm,fft,float64,64,8,contiguous,,forward,ok,ok,0.0,0.0,2.8421709430404007e-12,4.440892098500626e-14,ok,
norm_fft_float64_n4096_b1_contiguous_backward,norm,fft,float64,4096,1,contiguous,,backward,ok,ok,0.0,0.0,1.8189894035458565e-10,4.440892098500626e-14,ok,
norm_fft_float64_n4096_b1_contiguous_ortho,norm,fft,float64,4096,1,contiguous,,ortho,ok,ok,0.0,0.0,1.8189894035458565e-10,4.440892098500626e-14,ok,
norm_fft_float64_n4096_b1_contiguous_forward,norm,fft,float64,4096,1,contiguous,,forward,ok,ok,0.0,0.0,1.8189894035458565e-10,4.440892098500626e-14,ok,
norm_fft_float64_n4096_b8_contiguous_backward,norm,fft,float64,4096,8,contiguous,,backward,ok,ok,0.0,0.0,1.8189894035458565e-10,4.440892098500626e-14,ok,
norm_fft_float64_n4096_b8_contiguous_ortho,norm,fft,float64,4096,8,contiguous,,ortho,ok,ok,0.0,0.0,1.8189894035458565e-10,4.440892098500626e-14,ok,
norm_fft_float64_n4096_b8_contiguous_forward,norm,fft,float64,4096,8,contiguous,,forward,ok,ok,0.0,0.0,1.8189894035458565e-10,4.440892098500626e-14,ok,
norm_fft_longdouble_n64_b1_contiguous_backward,norm,fft,longdouble,64,1,contiguous,,backward,ok,ok,0.0,0.0,1.3877787807814456755e-15,2.168404344971008868e-17,ok,
norm_fft_longdouble_n64_b1_contiguous_ortho,norm,fft,longdouble,64,1,contiguous,,ortho,ok,ok,0.0,0.0,1.3877787807814456755e-15,2.168404344971008868e-17,ok,
norm_fft_longdouble_n64_b1_contiguous_forward,norm,fft,longdouble,64,1,contiguous,,forward,ok,ok,0.0,0.0,1.3877787807814456755e-15,2.168404344971008868e-17,ok,
norm_fft_longdouble_n64_b8_contiguous_backward,norm,fft,longdouble,64,8,contiguous,,backward,ok,ok,0.0,0.0,1.3877787807814456755e-15,2.168404344971008868e-17,ok,
norm_fft_longdouble_n64_b8_contiguous_ortho,norm,fft,longdouble,64,8,contiguous,,ortho,ok,ok,0.0,0.0,1.3877787807814456755e-15,2.168404344971008868e-17,ok,
norm_fft_longdouble_n64_b8_contiguous_forward,norm,fft,longdouble,64,8,contiguous,,forward,ok,ok,0.0,0.0,1.3877787807814456755e-15,2.168404344971008868e-17,ok,
norm_fft_longdouble_n4096_b1_contiguous_backward,norm,fft,longdouble,4096,1,contiguous,,backward,ok,ok,0.0,0.0,8.8817841970012523234e-14,2.168404344971008868e-17,ok,
norm_fft_longdouble_n4096_b1_contiguous_ortho,norm,fft,longdouble,4096,1,contiguous,,ortho,ok,ok,0.0,0.0,8.8817841970012523234e-14,2.168404344971008868e-17,ok,
norm_fft_longdouble_n4096_b1_contiguous_forward,norm,fft,longdouble,4096,1,contiguous,,forward,ok,ok,0.0,0.0,8.8817841970012523234e-14,2.168404344971008868e-17,ok,
norm_fft_longdouble_n4096_b8_contiguous_backward,norm,fft,longdouble,4096,8,contiguous,,backward,ok,ok,0.0,0.0,8.8817841970012523234e-14,2.168404344971008868e-17,ok,
norm_fft_longdouble_n4096_b8_contiguous_ortho,norm,fft,longdouble,4096,8,contiguous,,ortho,ok,ok,0.0,0.0,8.8817841970012523234e-14,2.168404344971008868e-17,ok,
norm_fft_longdouble_n4096_b8_contiguous_forward,norm,fft,longdouble,4096,8,contiguous,,forward,ok,ok,0.0,0.0,8.8817841970012523234e-14,2.168404344971008868e-17,ok,
norm_ifft_float32_n64_b1_contiguous_backward,norm,ifft,float32,64,1,contiguous,,backward,ok,ok,0.0,0.0,0.0015258789,2.3841858e-05,ok,
norm_ifft_float32_n64_b1_contiguous_ortho,norm,ifft,float32,64,1,contiguous,,ortho,ok,ok,0.0,0.0,0.0015258789,2.3841858e-05,ok,
norm_ifft_float32_n64_b1_contiguous_forward,norm,ifft,float32,64,1,contiguous,,forward,ok,ok,0.0,0.0,0.0015258789,2.3841858e-05,ok,
norm_ifft_float32_n64_b8_contiguous_backward,norm,ifft,float32,64,8,contiguous,,backward,ok,ok,0.0,0.0,0.0015258789,2.3841858e-05,ok,
norm_ifft_float32_n64_b8_contiguous_ortho,norm,ifft,float32,64,8,contiguous,,ortho,ok,ok,0.0,0.0,0.0015258789,2.3841858e-05,ok,
norm_ifft_float32_n64_b8_contiguous_forward,norm,ifft,float32,64,8,contiguous,,forward,ok,ok,0.0,0.0,0.0015258789,2.3841858e-05,ok,
norm_ifft_float32_n4096_b1_contiguous_backward,norm,ifft,float32,4096,1,contiguous,,backward,ok,ok,0.0,0.0,0.09765625,2.3841858e-05,ok,
norm_ifft_float32_n4096_b1_contiguous_ortho,norm,ifft,float32,4096,1,contiguous,,ortho,ok,ok,0.0,0.0,0.09765625,2.3841858e-05,ok,
norm_ifft_float32_n4096_b1_contiguous_forward,norm,ifft,float32,4096,1,contiguous,,forward,ok,ok,0.0,0.0,0.09765625,2.3841858e-05,ok,
norm_ifft_float32_n4096_b8_contiguous_backward,norm,ifft,float32,4096,8,contiguous,,backward,ok,ok,0.0,0.0,0.09765625,2.3841858e-05,ok,
norm_ifft_float32_n4096_b8_contiguous_ortho,norm,ifft,float32,4096,8,contiguous,,ortho,ok,ok,0.0,0.0,0.09765625,2.3841858e-05,ok,
norm_ifft_float32_n4096_b8_contiguous_forward,norm,ifft,float32,4096,8,contiguous,,forward,ok,ok,0.0,0.0,0.09765625,2.3841858e-05,ok,
norm_ifft_float64_n64_b1_contiguous_backward,norm,ifft,float64,64,1,contiguous,,backward,ok,ok,0.0,0.0,2.8421709430404007e-12,4.440892098500626e-14,ok,
norm_ifft_float64_n64_b1_contiguous_ortho,norm,ifft,float64,64,1,contiguous,,ortho,ok,ok,0.0,0.0,2.8421709430404007e-12,4.440892098500626e-14,ok,
norm_ifft_float64_n64_b1_contiguous_forward,norm,ifft,float64,64,1,contiguous,,forward,ok,ok,0.0,0.0,2.8421709430404007e-12,4.440892098500626e-14,ok,
norm_ifft_float64_n64_b8_contiguous_backward,norm,ifft,float64,64,8,contiguous,,backward,ok,ok,0.0,0.0,2.8421709430404007e-12,4.440892098500626e-14,ok,
norm_ifft_float64_n64_b8_contiguous_ortho,norm,ifft,float64,64,8,contiguous,,ortho,ok,ok,0.0,0.0,2.8421709430404007e-12,4.440892098500626e-14,ok,
norm_ifft_float64_n64_b8_contiguous_forward,norm,ifft,float64,64,8,contiguous,,forward,ok,ok,0.0,0.0,2.8421709430404007e-12,4.440892098500626e-14,ok,
norm_ifft_float64_n4096_b1_contiguous_backward,norm,ifft,float64,4096,1,contiguous,,backward,ok,ok,0.0,0.0,1.8189894035458565e-10,4.440892098500626e-14,ok,
norm_ifft_float64_n4096_b1_contiguous_ortho,norm,ifft,float64,4096,1,contiguous,,ortho,ok,ok,0.0,0.0,1.8189894035458565e-10,4.440892098500626e-14,ok,
norm_ifft_float64_n4096_b1_contiguous_forward,norm,ifft,float64,4096,1,contiguous,,forward,ok,ok,0.0,0.0,1.8189894035458565e-10,4.440892098500626e-14,ok,
norm_ifft_float64_n4096_b8_contiguous_backward,norm,ifft,float64,4096,8,contiguous,,backward,ok,ok,0.0,0.0,1.8189894035458565e-10,4.440892098500626e-14,ok,
norm_ifft_float64_n4096_b8_contiguous_ortho,norm,ifft,float64,4096,8,contiguous,,ortho,ok,ok,0.0,0.0,1.8189894035458565e-10,4.440892098500626e-14,ok,
norm_ifft_float64_n4096_b8_contiguous_forward,norm,ifft,float64,4096,8,contiguous,,forward,ok,ok,0.0,0.0,1.8189894035458565e-10,4.440892098500626e-14,ok,
norm_ifft_longdouble_n64_b1_contiguous_backward,norm,ifft,longdouble,64,1,contiguous,,backward,ok,ok,0.0,0.0,1.3877787807814456755e-15,2.168404344971008868e-17,ok,
norm_ifft_longdouble_n64_b1_contiguous_ortho,norm,ifft,longdouble,64,1,contiguous,,ortho,ok,ok,0.0,0.0,1.3877787807814456755e-15,2.168404344971008868e-17,ok,
norm_ifft_longdouble_n64_b1_contiguous_forward,norm,ifft,longdouble,64,1,contiguous,,forward,ok,ok,0.0,0.0,1.3877787807814456755e-15,2.168404344971008868e-17,ok,
norm_ifft_longdouble_n64_b8_contiguous_backward,norm,ifft,longdouble,64,8,contiguous,,backward,ok,ok,0.0,0.0,1.3877787807814456755e-15,2.168404344971008868e-17,ok,
norm_ifft_longdouble_n64_b8_contiguous_ortho,norm,ifft,longdouble,64,8,contiguous,,ortho,ok,ok,0.0,0.0,1.3877787807814456755e-15,2.168404344971008868e-17,ok,
norm_ifft_longdouble_n64_b8_contiguous_forward,norm,ifft,longdouble,64,8,contiguous,,forward,ok,ok,0.0,0.0,1.3877787807814456755e-15,2.168404344971008868e-17,ok,
norm_ifft_longdouble_n4096_b1_contiguous_backward,norm,ifft,longdouble,4096,1,contiguous,,backward,ok,ok,0.0,0.0,8.8817841970012523234e-14,2.168404344971008868e-17,ok,
norm_ifft_longdouble_n4096_b1_contiguous_ortho,norm,ifft,longdouble,4096,1,contiguous,,ortho,ok,ok,0.0,0.0,8.8817841970012523234e-14,2.168404344971008868e-17,ok,
norm_ifft_longdouble_n4096_b1_contiguous_forward,norm,ifft,longdouble,4096,1,contiguous,,forward,ok,ok,0.0,0.0,8.8817841970012523234e-14,2.168404344971008868e-17,ok,
norm_ifft_longdouble_n4096_b8_contiguous_backward,norm,ifft,longdouble,4096,8,contiguous,,backward,ok,ok,0.0,0.0,8.8817841970012523234e-14,2.168404344971008868e-17,ok,
norm_ifft_longdouble_n4096_b8_contiguous_ortho,norm,ifft,longdouble,4096,8,contiguous,,ortho,ok,ok,0.0,0.0,8.8817841970012523234e-14,2.168404344971008868e-17,ok,
norm_ifft_longdouble_n4096_b8_contiguous_forward,norm,ifft,longdouble,4096,8,contiguous,,forward,ok,ok,0.0,0.0,8.8817841970012523234e-14,2.168404344971008868e-17,ok,
norm_fft_clongdouble_n64_b1_contiguous_backward,norm,fft,clongdouble,64,1,contiguous,,backward,ok,ok,0.0,0.0,1.3877787807814456755e-15,2.168404344971008868e-17,ok,
norm_fft_clongdouble_n64_b1_contiguous_ortho,norm,fft,clongdouble,64,1,contiguous,,ortho,ok,ok,0.0,0.0,1.3877787807814456755e-15,2.168404344971008868e-17,ok,
norm_fft_clongdouble_n64_b1_contiguous_forward,norm,fft,clongdouble,64,1,contiguous,,forward,ok,ok,0.0,0.0,1.3877787807814456755e-15,2.168404344971008868e-17,ok,
norm_fft_clongdouble_n64_b8_contiguous_backward,norm,fft,clongdouble,64,8,contiguous,,backward,ok,ok,0.0,0.0,1.3877787807814456755e-15,2.168404344971008868e-17,ok,
norm_fft_clongdouble_n64_b8_contiguous_ortho,norm,fft,clongdouble,64,8,contiguous,,ortho,ok,ok,0.0,0.0,1.3877787807814456755e-15,2.168404344971008868e-17,ok,
norm_fft_clongdouble_n64_b8_contiguous_forward,norm,fft,clongdouble,64,8,contiguous,,forward,ok,ok,0.0,0.0,1.3877787807814456755e-15,2.168404344971008868e-17,ok,
norm_fft_clongdouble_n4096_b1_contiguous_backward,norm,fft,clongdouble,4096,1,contiguous,,backward,ok,ok,0.0,0.0,8.8817841970012523234e-14,2.168404344971008868e-17,ok,
norm_fft_clongdouble_n4096_b1_contiguous_ortho,norm,fft,clongdouble,4096,1,contiguous,,ortho,ok,ok,0.0,0.0,8.8817841970012523234e-14,2.168404344971008868e-17,ok,
norm_fft_clongdouble_n4096_b1_contiguous_forward,norm,fft,clongdouble,4096,1,contiguous,,forward,ok,ok,0.0,0.0,8.8817841970012523234e-14,2.168404344971008868e-17,ok,
norm_fft_clongdouble_n4096_b8_contiguous_backward,norm,fft,clongdouble,4096,8,contiguous,,backward,ok,ok,0.0,0.0,8.8817841970012523234e-14,2.168404344971008868e-17,ok,
norm_fft_clongdouble_n4096_b8_contiguous_ortho,norm,fft,clongdouble,4096,8,contiguous,,ortho,ok,ok,0.0,0.0,8.8817841970012523234e-14,2.168404344971008868e-17,ok,
norm_fft_clongdouble_n4096_b8_contiguous_forward,norm,fft,clongdouble,4096,8,contiguous,,forward,ok,ok,0.0,0.0,8.8817841970012523234e-14,2.168404344971008868e-17,ok,
norm_ifft_clongdouble_n64_b1_contiguous_backward,norm,ifft,clongdouble,64,1,contiguous,,backward,ok,ok,0.0,0.0,1.3877787807814456755e-15,2.168404344971008868e-17,ok,
norm_ifft_clongdouble_n64_b1_contiguous_ortho,norm,ifft,clongdouble,64,1,contiguous,,ortho,ok,ok,0.0,0.0,1.3877787807814456755e-15,2.168404344971008868e-17,ok,
norm_ifft_clongdouble_n64_b1_contiguous_forward,norm,ifft,clongdouble,64,1,contiguous,,forward,ok,ok,0.0,0.0,1.3877787807814456755e-15,2.168404344971008868e-17,ok,
norm_ifft_clongdouble_n64_b8_contiguous_backward,norm,ifft,clongdouble,64,8,contiguous,,backward,ok,ok,0.0,0.0,1.3877787807814456755e-15,2.168404344971008868e-17,ok,
norm_ifft_clongdouble_n64_b8_contiguous_ortho,norm,ifft,clongdouble,64,8,contiguous,,ortho,ok,ok,0.0,0.0,1.3877787807814456755e-15,2.168404344971008868e-17,ok,
norm_ifft_clongdouble_n64_b8_contiguous_forward,norm,ifft,clongdouble,64,8,contiguous,,forward,ok,ok,0.0,0.0,1.3877787807814456755e-15,2.168404344971008868e-17,ok,
norm_ifft_clongdouble_n4096_b1_contiguous_backward,norm,ifft,clongdouble,4096,1,contiguous,,backward,ok,ok,0.0,0.0,8.8817841970012523234e-14,2.168404344971008868e-17,ok,
norm_ifft_clongdouble_n4096_b1_contiguous_ortho,norm,ifft,clongdouble,4096,1,contiguous,,ortho,ok,ok,0.0,0.0,8.8817841970012523234e-14,2.168404344971008868e-17,ok,
norm_ifft_clongdouble_n4096_b1_contiguous_forward,norm,ifft,clongdouble,4096,1,contiguous,,forward,ok,ok,0.0,0.0,8.8817841970012523234e-14,2.168404344971008868e-17,ok,
norm_ifft_clongdouble_n4096_b8_contiguous_backward,norm,ifft,clongdouble,4096,8,contiguous,,backward,ok,ok,0.0,0.0,8.8817841970012523234e-14,2.168404344971008868e-17,ok,
norm_ifft_clongdouble_n4096_b8_contiguous_ortho,norm,ifft,clongdouble,4096,8,contiguous,,ortho,ok,ok,0.0,0.0,8.8817841970012523234e-14,2.168404344971008868e-17,ok,
norm_ifft_clongdouble_n4096_b8_contiguous_forward,norm,ifft,clongdouble,4096,8,contiguous,,forward,ok,ok,0.0,0.0,8.8817841970012523234e-14,2.168404344971008868e-17,ok,
norm_rfft_longdouble_n64_b1_contiguous_backward,norm,rfft,longdouble,64,1,contiguous,,backward,ok,ok,0.0,0.0,1.3877787807814456755e-15,2.168404344971008868e-17,ok,
norm_rfft_longdouble_n64_b1_contiguous_ortho,norm,rfft,longdouble,64,1,contiguous,,ortho,ok,ok,0.0,0.0,1.3877787807814456755e-15,2.168404344971008868e-17,ok,
norm_rfft_longdouble_n64_b1_contiguous_forward,norm,rfft,longdouble,64,1,contiguous,,forward,ok,ok,0.0,0.0,1.3877787807814456755e-15,2.168404344971008868e-17,ok,
norm_rfft_longdouble_n64_b8_contiguous_backward,norm,rfft,longdouble,64,8,contiguous,,backward,ok,ok,0.0,0.0,1.3877787807814456755e-15,2.168404344971008868e-17,ok,
norm_rfft_longdouble_n64_b8_contiguous_ortho,norm,rfft,longdouble,64,8,contiguous,,ortho,ok,ok,0.0,0.0,1.3877787807814456755e-15,2.168404344971008868e-17,ok,
norm_rfft_longdouble_n64_b8_contiguous_forward,norm,rfft,longdouble,64,8,contiguous,,forward,ok,ok,0.0,0.0,1.3877787807814456755e-15,2.168404344971008868e-17,ok,
norm_rfft_longdouble_n4096_b1_contiguous_backward,norm,rfft,longdouble,4096,1,contiguous,,backward,ok,ok,0.0,0.0,8.8817841970012523234e-14,2.168404344971008868e-17,ok,
norm_rfft_longdouble_n4096_b1_contiguous_ortho,norm,rfft,longdouble,4096,1,contiguous,,ortho,ok,ok,0.0,0.0,8.8817841970012523234e-14,2.168404344971008868e-17,ok,
norm_rfft_longdouble_n4096_b1_contiguous_forward,norm,rfft,longdouble,4096,1,contiguous,,forward,ok,ok,0.0,0.0,8.8817841970012523234e-14,2.168404344971008868e-17,ok,
norm_rfft_longdouble_n4096_b8_contiguous_backward,norm,rfft,longdouble,4096,8,contiguous,,backward,ok,ok,0.0,0.0,8.8817841970012523234e-14,2.168404344971008868e-17,ok,
norm_rfft_longdouble_n4096_b8_contiguous_ortho,norm,rfft,longdouble,4096,8,contiguous,,ortho,ok,ok,0.0,0.0,8.8817841970012523234e-14,2.168404344971008868e-17,ok,
norm_rfft_longdouble_n4096_b8_contiguous_forward,norm,rfft,longdouble,4096,8,contiguous,,forward,ok,ok,0.0,0.0,8.8817841970012523234e-14,2.168404344971008868e-17,ok,
norm_irfft_clongdouble_n64_b1_contiguous_backward,norm,irfft,clongdouble,64,1,contiguous,,backward,ok,ok,0.0,0.0,1.3877787807814456755e-15,2.168404344971008868e-17,ok,
norm_irfft_clongdouble_n64_b1_contiguous_ortho,norm,irfft,clongdouble,64,1,contiguous,,ortho,ok,ok,0.0,0.0,1.3877787807814456755e-15,2.168404344971008868e-17,ok,
norm_irfft_clongdouble_n64_b1_contiguous_forward,norm,irfft,clongdouble,64,1,contiguous,,forward,ok,ok,0.0,0.0,1.3877787807814456755e-15,2.168404344971008868e-17,ok,
norm_irfft_clongdouble_n64_b8_contiguous_backward,norm,irfft,clongdouble,64,8,contiguous,,backward,ok,ok,0.0,0.0,1.3877787807814456755e-15,2.168404344971008868e-17,ok,
norm_irfft_clongdouble_n64_b8_contiguous_ortho,norm,irfft,clongdouble,64,8,contiguous,,ortho,ok,ok,0.0,0.0,1.3877787807814456755e-15,2.168404344971008868e-17,ok,
norm_irfft_clongdouble_n64_b8_contiguous_forward,norm,irfft,clongdouble,64,8,contiguous,,forward,ok,ok,0.0,0.0,1.3877787807814456755e-15,2.168404344971008868e-17,ok,
norm_irfft_clongdouble_n4096_b1_contiguous_backward,norm,irfft,clongdouble,4096,1,contiguous,,backward,ok,ok,0.0,0.0,8.8817841970012523234e-14,2.168404344971008868e-17,ok,
norm_irfft_clongdouble_n4096_b1_contiguous_ortho,norm,irfft,clongdouble,4096,1,contiguous,,ortho,ok,ok,0.0,0.0,8.8817841970012523234e-14,2.168404344971008868e-17,ok,
norm_irfft_clongdouble_n4096_b1_contiguous_forward,norm,irfft,clongdouble,4096,1,contiguous,,forward,ok,ok,0.0,0.0,8.8817841970012523234e-14,2.168404344971008868e-17,ok,
norm_irfft_clongdouble_n4096_b8_contiguous_backward,norm,irfft,clongdouble,4096,8,contiguous,,backward,ok,ok,0.0,0.0,8.8817841970012523234e-14,2.168404344971008868e-17,ok,
norm_irfft_clongdouble_n4096_b8_contiguous_ortho,norm,irfft,clongdouble,4096,8,contiguous,,ortho,ok,ok,0.0,0.0,8.8817841970012523234e-14,2.168404344971008868e-17,ok,
norm_irfft_clongdouble_n4096_b8_contiguous_forward,norm,irfft,clongdouble,4096,8,contiguous,,forward,ok,ok,0.0,0.0,8.8817841970012523234e-14,2.168404344971008868e-17,ok,
out_fft_complex64_n64_b1_contiguous_separate,out,fft,complex64,64,1,contiguous,separate,,ok,ok,3.0157830224197824e-06,1.136567593602012e-07,0.0015258789,2.3841858e-05,ok,
out_fft_complex64_n64_b1_contiguous_noncontiguous,out,fft,complex64,64,1,contiguous,noncontiguous,,ok,ok,2.6973982585332124e-06,1.0800562355274926e-07,0.0015258789,2.3841858e-05,ok,
out_fft_complex64_n64_b1_contiguous_negative,out,fft,complex64,64,1,contiguous,negative,,ok,ok,1.922192041092785e-06,8.740091735640898e-08,0.0015258789,2.3841858e-05,ok,
out_fft_complex64_n64_b8_contiguous_separate,out,fft,complex64,64,8,contiguous,separate,,ok,ok,3.860982815240277e-06,1.3038055333170128e-07,0.0015258789,2.3841858e-05,ok,
out_fft_complex64_n64_b8_contiguous_noncontiguous,out,fft,complex64,64,8,contiguous,noncontiguous,,ok,ok,3.932099843950709e-06,1.252108768682442e-07,0.0015258789,2.3841858e-05,ok,
out_fft_complex64_n64_b8_contiguous_negative,out,fft,complex64,64,8,contiguous,negative,,ok,ok,2.86102294921875e-06,1.1204560465261157e-07,0.0015258789,2.3841858e-05,ok,
out_fft_complex64_n4096_b1_contiguous_separate,out,fft,complex64,4096,1,contiguous,separate,,ok,ok,4.825252835871652e-05,1.506012471334625e-07,0.09765625,2.3841858e-05,ok,
out_fft_complex64_n4096_b1_contiguous_noncontiguous,out,fft,complex64,4096,1,contiguous,noncontiguous,,ok,ok,3.4332275390625e-05,1.231146765607822e-07,0.09765625,2.3841858e-05,ok,
out_fft_complex64_n4096_b1_contiguous_negative,out,fft,complex64,4096,1,contiguous,negative,,ok,ok,4.041599459014833e-05,1.4408979055511103e-07,0.09765625,2.3841858e-05,ok,
out_fft_complex64_n4096_b8_contiguous_separate,out,fft,complex64,4096,8,contiguous,separate,,ok,ok,6.151014531496912e-05,2.0919611907999704e-07,0.09765625,2.3841858e-05,ok,
out_fft_complex64_n4096_b8_contiguous_noncontiguous,out,fft,complex64,4096,8,contiguous,noncontiguous,,ok,ok,4.718519630841911e-05,1.6476221168714084e-07,0.09765625,2.3841858e-05,ok,
out_fft_complex64_n4096_b8_contiguous_negative,out,fft,complex64,4096,8,contiguous,negative,,ok,ok,4.825252835871652e-05,1.667814501790684e-07,0.09765625,2.3841858e-05,ok,
out_fft_complex128_n64_b1_contiguous_separate,out,fft,complex128,64,1,contiguous,separate,,ok,ok,0.0,0.0,2.8421709430404007e-12,4.440892098500626e-14,ok,
out_fft_complex128_n64_b1_contiguous_noncontiguous,out,fft,complex128,64,1,contiguous,noncontiguous,,ok,ok,0.0,0.0,2.8421709430404007e-12,4.440892098500626e-14,ok,
out_fft_complex128_n64_b1_contiguous_negative,out,fft,complex128,64,1,contiguous,negative,,ok,ok,0.0,0.0,2.8421709430404007e-12,4.440892098500626e-14,ok,
out_fft_complex128_n64_b8_contiguous_separate,out,fft,complex128,64,8,contiguous,separate,,ok,ok,0.0,0.0,2.8421709430404007e-12,4.440892098500626e-14,ok,
out_fft_complex128_n64_b8_contiguous_noncontiguous,out,fft,complex128,64,8,contiguous,noncontiguous,,ok,ok,0.0,0.0,2.8421709430404007e-12,4.440892098500626e-14,ok,
out_fft_complex128_n64_b8_contiguous_negative,out,fft,complex128,64,8,contiguous,negative,,ok,ok,0.0,0.0,2.8421709430404007e-12,4.440892098500626e-14,ok,
out_fft_complex128_n4096_b1_contiguous_separate,out,fft,complex128,4096,1,contiguous,separate,,ok,ok,0.0,0.0,1.8189894035458565e-10,4.440892098500626e-14,ok,
out_fft_complex128_n4096_b1_contiguous_noncontiguous,out,fft,complex128,4096,1,contiguous,noncontiguous,,ok,ok,0.0,0.0,1.8189894035458565e-10,4.440892098500626e-14,ok,
out_fft_complex128_n4096_b1_contiguous_negative,out,fft,complex128,4096,1,contiguous,negative,,ok,ok,0.0,0.0,1.8189894035458565e-10,4.440892098500626e-14,ok,
out_fft_complex128_n4096_b8_contiguous_separate,out,fft,complex128,4096,8,contiguous,separate,,ok,ok,0.0,0.0,1.8189894035458565e-10,4.440892098500626e-14,ok,
out_fft_complex128_n4096_b8_contiguous_noncontiguous,out,fft,complex128,4096,8,contiguous,noncontiguous,,ok,ok,0.0,0.0,1.8189894035458565e-10,4.440892098500626e-14,ok,
out_fft_complex128_n4096_b8_contiguous_negative,out,fft,complex128,4096,8,contiguous,negative,,ok,ok,0.0,0.0,1.8189894035458565e-10,4.440892098500626e-14,ok,
out_ifft_complex64_n64_b1_contiguous_separate,out,ifft,complex64,64,1,contiguous,separate,,ok,ok,0.0,0.0,0.0015258789,2.3841858e-05,ok,
out_ifft_complex64_n64_b1_contiguous_noncontiguous,out,ifft,complex64,64,1,contiguous,noncontiguous,,ok,ok,0.0,0.0,0.0015258789,2.3841858e-05,ok,
out_ifft_complex64_n64_b1_contiguous_negative,out,ifft,complex64,64,1,contiguous,negative,,ok,ok,0.0,0.0,0.0015258789,2.3841858e-05,ok,
out_ifft_complex64_n64_b8_contiguous_separate,out,ifft,complex64,64,8,contiguous,separate,,ok,ok,0.0,0.0,0.0015258789,2.3841858e-05,ok,
out_ifft_complex64_n64_b8_contiguous_noncontiguous,out,ifft,complex64,64,8,contiguous,noncontiguous,,ok,ok,0.0,0.0,0.0015258789,2.3841858e-05,ok,
out_ifft_complex64_n64_b8_contiguous_negative,out,ifft,complex64,64,8,contiguous,negative,,ok,ok,0.0,0.0,0.0015258789,2.3841858e-05,ok,
out_ifft_complex64_n4096_b1_contiguous_separate,out,ifft,complex64,4096,1,contiguous,separate,,ok,ok,1.2107192581822801e-08,1.7741538849777308e-07,0.09765625,2.3841858e-05,ok,
out_ifft_complex64_n4096_b1_contiguous_noncontiguous,out,ifft,complex64,4096,1,contiguous,noncontiguous,,ok,ok,1.2495004142465405e-08,1.7470057185374007e-07,0.09765625,2.3841858e-05,ok,
out_ifft_complex64_n4096_b1_contiguous_negative,out,ifft,complex64,4096,1,contiguous,negative,,ok,ok,9.900094966042161e-09,1.6387323462716482e-07,0.09765625,2.3841858e-05,ok,
out_ifft_complex64_n4096_b8_contiguous_separate,out,ifft,complex64,4096,8,contiguous,separate,,ok,ok,0.0,0.0,0.09765625,2.3841858e-05,ok,
out_ifft_complex64_n4096_b8_contiguous_noncontiguous,out,ifft,complex64,4096,8,contiguous,noncontiguous,,ok,ok,0.0,0.0,0.09765625,2.3841858e-05,ok,
out_ifft_complex64_n4096_b8_contiguous_negative,out,ifft,complex64,4096,8,contiguous,negative,,ok,ok,0.0,0.0,0.09765625,2.3841858e-05,ok,
out_ifft_complex128_n64_b1_contiguous_separate,out,ifft,complex128,64,1,contiguous,separate,,ok,ok,0.0,0.0,2.8421709430404007e-12,4.440892098500626e-14,ok,
out_ifft_complex128_n64_b1_contiguous_noncontiguous,out,ifft,complex128,64,1,contiguous,noncontiguous,,ok,ok,0.0,0.0,2.8421709430404007e-12,4.440892098500626e-14,ok,
out_ifft_complex128_n64_b1_contiguous_negative,out,ifft,complex128,64,1,contiguous,negative,,ok,ok,0.0,0.0,2.8421709430404007e-12,4.440892098500626e-14,ok,
out_ifft_complex128_n64_b8_contiguous_separate,out,ifft,complex128,64,8,contiguous,separate,,ok,ok,0.0,0.0,2.8421709430404007e-12,4.440892098500626e-14,ok,
out_ifft_complex128_n64_b8_contiguous_noncontiguous,out,ifft,complex128,64,8,contiguous,noncontiguous,,ok,ok,0.0,0.0,2.8421709430404007e-12,4.440892098500626e-14,ok,
out_ifft_complex128_n64_b8_contiguous_negative,out,ifft,complex128,64,8,contiguous,negative,,ok,ok,0.0,0.0,2.8421709430404007e-12,4.440892098500626e-14,ok,
out_ifft_complex128_n4096_b1_contiguous_separate,out,ifft,complex128,4096,1,contiguous,separate,,ok,ok,0.0,0.0,1.8189894035458565e-10,4.440892098500626e-14,ok,
out_ifft_complex128_n4096_b1_contiguous_noncontiguous,out,ifft,complex128,4096,1,contiguous,noncontiguous,,ok,ok,0.0,0.0,1.8189894035458565e-10,4.440892098500626e-14,ok,
out_ifft_complex128_n4096_b1_contiguous_negative,out,ifft,complex128,4096,1,contiguous,negative,,ok,ok,0.0,0.0,1.8189894035458565e-10,4.440892098500626e-14,ok,
out_ifft_complex128_n4096_b8_contiguous_separate,out,ifft,complex128,4096,8,contiguous,separate,,ok,ok,0.0,0.0,1.8189894035458565e-10,4.440892098500626e-14,ok,
out_ifft_complex128_n4096_b8_contiguous_noncontiguous,out,ifft,complex128,4096,8,contiguous,noncontiguous,,ok,ok,0.0,0.0,1.8189894035458565e-10,4.440892098500626e-14,ok,
out_ifft_complex128_n4096_b8_contiguous_negative,out,ifft,complex128,4096,8,contiguous,negative,,ok,ok,0.0,0.0,1.8189894035458565e-10,4.440892098500626e-14,ok,
out_rfft_float32_n64_b1_contiguous_separate,out,rfft,float32,64,1,contiguous,separate,,ok,ok,9.830249609876773e-07,7.642321529891813e-08,0.0015258789,2.3841858e-05,ok,
out_rfft_float32_n64_b1_contiguous_noncontiguous,out,rfft,float32,64,1,contiguous,noncontiguous,,ok,ok,1.1920928955078125e-06,1.1037794645097816e-07,0.0015258789,2.3841858e-05,ok,
out_rfft_float32_n64_b1_contiguous_negative,out,rfft,float32,64,1,contiguous,negative,,ok,ok,2.0370491711219074e-06,1.0151570449485907e-07,0.0015258789,2.3841858e-05,ok,
out_rfft_float32_n64_b8_contiguous_separate,out,rfft,float32,64,8,contiguous,separate,,ok,ok,1.9660499219753547e-06,9.96449782577578e-08,0.0015258789,2.3841858e-05,ok,
out_rfft_float32_n64_b8_contiguous_noncontiguous,out,rfft,float32,64,8,contiguous,noncontiguous,,ok,ok,2.1324806311895372e-06,7.130616777455309e-08,0.0015258789,2.3841858e-05,ok,
out_rfft_float32_n64_b8_contiguous_negative,out,rfft,float32,64,8,contiguous,negative,,ok,ok,1.9073486328125e-06,7.981124321734126e-08,0.0015258789,2.3841858e-05,ok,
out_rfft_float32_n4096_b1_contiguous_separate,out,rfft,float32,4096,1,contiguous,separate,,ok,ok,3.227028719265945e-05,1.8873702374633434e-07,0.09765625,2.3841858e-05,ok,
out_rfft_float32_n4096_b1_contiguous_noncontiguous,out,rfft,float32,4096,1,contiguous,noncontiguous,,ok,ok,2.306630449311342e-05,1.2819239690944458e-07,0.09765625,2.3841858e-05,ok,
out_rfft_float32_n4096_b1_contiguous_negative,out,rfft,float32,4096,1,contiguous,negative,,ok,ok,2.558976848376915e-05,1.3203105503789772e-07,0.09765625,2.3841858e-05,ok,
out_rfft_float32_n4096_b8_contiguous_separate,out,rfft,float32,4096,8,contiguous,separate,,ok,ok,2.4425980882369913e-05,1.1300943147896238e-07,0.09765625,2.3841858e-05,ok,
out_rfft_float32_n4096_b8_contiguous_noncontiguous,out,rfft,float32,4096,8,contiguous,noncontiguous,,ok,ok,3.053247564821504e-05,1.4528504333999388e-07,0.09765625,2.3841858e-05,ok,
out_rfft_float32_n4096_b8_contiguous_negative,out,rfft,float32,4096,8,contiguous,negative,,ok,ok,3.1456798751605675e-05,1.541759610854749e-07,0.09765625,2.3841858e-05,ok,
out_rfft_float64_n64_b1_contiguous_separate,out,rfft,float64,64,1,contiguous,separate,,ok,ok,0.0,0.0,2.8421709430404007e-12,4.440892098500626e-14,ok,
out_rfft_float64_n64_b1_contiguous_noncontiguous,out,rfft,float64,64,1,contiguous,noncontiguous,,ok,ok,0.0,0.0,2.8421709430404007e-12,4.440892098500626e-14,ok,
out_rfft_float64_n64_b1_contiguous_negative,out,rfft,float64,64,1,contiguous,negative,,ok,ok,0.0,0.0,2.8421709430404007e-12,4.440892098500626e-14,ok,
out_rfft_float64_n64_b8_contiguous_separate,out,rfft,float64,64,8,contiguous,separate,,ok,ok,0.0,0.0,2.8421709430404007e-12,4.440892098500626e-14,ok,
out_rfft_float64_n64_b8_contiguous_noncontiguous,out,rfft,float64,64,8,contiguous,noncontiguous,,ok,ok,0.0,0.0,2.8421709430404007e-12,4.440892098500626e-14,ok,
out_rfft_float64_n64_b8_contiguous_negative,out,rfft,float64,64,8,contiguous,negative,,ok,ok,0.0,0.0,2.8421709430404007e-12,4.440892098500626e-14,ok,
out_rfft_float64_n4096_b1_contiguous_separate,out,rfft,float64,4096,1,contiguous,separate,,ok,ok,0.0,0.0,1.8189894035458565e-10,4.440892098500626e-14,ok,
out_rfft_float64_n4096_b1_contiguous_noncontiguous,out,rfft,float64,4096,1,contiguous,noncontiguous,,ok,ok,0.0,0.0,1.8189894035458565e-10,4.440892098500626e-14,ok,
out_rfft_float64_n4096_b1_contiguous_negative,out,rfft,float64,4096,1,contiguous,negative,,ok,ok,0.0,0.0,1.8189894035458565e-10,4.440892098500626e-14,ok,
out_rfft_float64_n4096_b8_contiguous_separate,out,rfft,float64,4096,8,contiguous,separate,,ok,ok,0.0,0.0,1.8189894035458565e-10,4.440892098500626e-14,ok,
out_rfft_float64_n4096_b8_contiguous_noncontiguous,out,rfft,float64,4096,8,contiguous,noncontiguous,,ok,ok,0.0,0.0,1.8189894035458565e-10,4.440892098500626e-14,ok,
out_rfft_float64_n4096_b8_contiguous_negative,out,rfft,float64,4096,8,contiguous,negative,,ok,ok,0.0,0.0,1.8189894035458565e-10,4.440892098500626e-14,ok,
out_irfft_complex64_n64_b1_contiguous_separate,out,irfft,complex64,64,1,contiguous,separate,,ok,ok,0.0,0.0,0.0015258789,2.3841858e-05,ok,
out_irfft_complex64_n64_b1_contiguous_noncontiguous,out,irfft,complex64,64,1,contiguous,noncontiguous,,ok,ok,0.0,0.0,0.0015258789,2.3841858e-05,ok,
out_irfft_complex64_n64_b1_contiguous_negative,out,irfft,complex64,64,1,contiguous,negative,,ok,ok,0.0,0.0,0.0015258789,2.3841858e-05,ok,
out_irfft_complex64_n64_b8_contiguous_separate,out,irfft,complex64,64,8,contiguous,separate,,ok,ok,0.0,0.0,0.0015258789,2.3841858e-05,ok,
out_irfft_complex64_n64_b8_contiguous_noncontiguous,out,irfft,complex64,64,8,contiguous,noncontiguous,,ok,ok,0.0,0.0,0.0015258789,2.3841858e-05,ok,
out_irfft_complex64_n64_b8_contiguous_negative,out,irfft,complex64,64,8,contiguous,negative,,ok,ok,0.0,0.0,0.0015258789,2.3841858e-05,ok,
out_irfft_complex64_n4096_b1_contiguous_separate,out,irfft,complex64,4096,1,contiguous,separate,,ok,ok,0.0,0.0,0.09765625,2.3841858e-05,ok,
out_irfft_complex64_n4096_b1_contiguous_noncontiguous,out,irfft,complex64,4096,1,contiguous,noncontiguous,,ok,ok,0.0,0.0,0.09765625,2.3841858e-05,ok,
out_irfft_complex64_n4096_b1_contiguous_negative,out,irfft,complex64,4096,1,contiguous,negative,,ok,ok,0.0,0.0,0.09765625,2.3841858e-05,ok,
out_irfft_complex64_n4096_b8_contiguous_separate,out,irfft,complex64,4096,8,contiguous,separate,,ok,ok,0.0,0.0,0.09765625,2.3841858e-05,ok,
out_irfft_complex64_n4096_b8_contiguous_noncontiguous,out,irfft,complex64,4096,8,contiguous,noncontiguous,,ok,ok,0.0,0.0,0.09765625,2.3841858e-05,ok,
out_irfft_complex64_n4096_b8_contiguous_negative,out,irfft,complex64,4096,8,contiguous,negative,,ok,ok,0.0,0.0,0.09765625,2.3841858e-05,ok,
out_irfft_complex128_n64_b1_contiguous_separate,out,irfft,complex128,64,1,contiguous,separate,,ok,ok,0.0,0.0,2.8421709430404007e-12,4.440892098500626e-14,ok,
out_irfft_complex128_n64_b1_contiguous_noncontiguous,out,irfft,complex128,64,1,contiguous,noncontiguous,,ok,ok,0.0,0.0,2.8421709430404007e-12,4.440892098500626e-14,ok,
out_irfft_complex128_n64_b1_contiguous_negative,out,irfft,complex128,64,1,contiguous,negative,,ok,ok,0.0,0.0,2.8421709430404007e-12,4.440892098500626e-14,ok,
out_irfft_complex128_n64_b8_contiguous_separate,out,irfft,complex128,64,8,contiguous,separate,,ok,ok,0.0,0.0,2.8421709430404007e-12,4.440892098500626e-14,ok,
out_irfft_complex128_n64_b8_contiguous_noncontiguous,out,irfft,complex128,64,8,contiguous,noncontiguous,,ok,ok,0.0,0.0,2.8421709430404007e-12,4.440892098500626e-14,ok,
out_irfft_complex128_n64_b8_contiguous_negative,out,irfft,complex128,64,8,contiguous,negative,,ok,ok,0.0,0.0,2.8421709430404007e-12,4.440892098500626e-14,ok,
out_irfft_complex128_n4096_b1_contiguous_separate,out,irfft,complex128,4096,1,contiguous,separate,,ok,ok,0.0,0.0,1.8189894035458565e-10,4.440892098500626e-14,ok,
out_irfft_complex128_n4096_b1_contiguous_noncontiguous,out,irfft,complex128,4096,1,contiguous,noncontiguous,,ok,ok,0.0,0.0,1.8189894035458565e-10,4.440892098500626e-14,ok,
out_irfft_complex128_n4096_b1_contiguous_negative,out,irfft,complex128,4096,1,contiguous,negative,,ok,ok,0.0,0.0,1.8189894035458565e-10,4.440892098500626e-14,ok,
out_irfft_complex128_n4096_b8_contiguous_separate,out,irfft,complex128,4096,8,contiguous,separate,,ok,ok,0.0,0.0,1.8189894035458565e-10,4.440892098500626e-14,ok,
out_irfft_complex128_n4096_b8_contiguous_noncontiguous,out,irfft,complex128,4096,8,contiguous,noncontiguous,,ok,ok,0.0,0.0,1.8189894035458565e-10,4.440892098500626e-14,ok,
out_irfft_complex128_n4096_b8_contiguous_negative,out,irfft,complex128,4096,8,contiguous,negative,,ok,ok,0.0,0.0,1.8189894035458565e-10,4.440892098500626e-14,ok,
out_fft_float32_n64_b1_contiguous_separate,out,fft,float32,64,1,contiguous,separate,,ok,ok,0.0,0.0,0.0015258789,2.3841858e-05,ok,
out_fft_float32_n64_b1_contiguous_noncontiguous,out,fft,float32,64,1,contiguous,noncontiguous,,ok,ok,0.0,0.0,0.0015258789,2.3841858e-05,ok,
out_fft_float32_n64_b1_contiguous_negative,out,fft,float32,64,1,contiguous,negative,,ok,ok,0.0,0.0,0.0015258789,2.3841858e-05,ok,
out_fft_float32_n64_b8_contiguous_separate,out,fft,float32,64,8,contiguous,separate,,ok,ok,0.0,0.0,0.0015258789,2.3841858e-05,ok,
out_fft_float32_n64_b8_contiguous_noncontiguous,out,fft,float32,64,8,contiguous,noncontiguous,,ok,ok,0.0,0.0,0.0015258789,2.3841858e-05,ok,
out_fft_float32_n64_b8_contiguous_negative,out,fft,float32,64,8,contiguous,negative,,ok,ok,0.0,0.0,0.0015258789,2.3841858e-05,ok,
out_fft_float32_n4096_b1_contiguous_separate,out,fft,float32,4096,1,contiguous,separate,,ok,ok,0.0,0.0,0.09765625,2.3841858e-05,ok,
out_fft_float32_n4096_b1_contiguous_noncontiguous,out,fft,float32,4096,1,contiguous,noncontiguous,,ok,ok,0.0,0.0,0.09765625,2.3841858e-05,ok,
out_fft_float32_n4096_b1_contiguous_negative,out,fft,float32,4096,1,contiguous,negative,,ok,ok,0.0,0.0,0.09765625,2.3841858e-05,ok,
out_fft_float32_n4096_b8_contiguous_separate,out,fft,float32,4096,8,contiguous,separate,,ok,ok,0.0,0.0,0.09765625,2.3841858e-05,ok,
out_fft_float32_n4096_b8_contiguous_noncontiguous,out,fft,float32,4096,8,contiguous,noncontiguous,,ok,ok,0.0,0.0,0.09765625,2.3841858e-05,ok,
out_fft_float32_n4096_b8_contiguous_negative,out,fft,float32,4096,8,contiguous,negative,,ok,ok,0.0,0.0,0.09765625,2.3841858e-05,ok,
out_fft_float64_n64_b1_contiguous_separate,out,fft,float64,64,1,contiguous,separate,,ok,ok,0.0,0.0,2.8421709430404007e-12,4.440892098500626e-14,ok,
out_fft_float64_n64_b1_contiguous_noncontiguous,out,fft,float64,64,1,contiguous,noncontiguous,,ok,ok,0.0,0.0,2.8421709430404007e-12,4.440892098500626e-14,ok,
out_fft_float64_n64_b1_contiguous_negative,out,fft,float64,64,1,contiguous,negative,,ok,ok,0.0,0.0,2.8421709430404007e-12,4.440892098500626e-14,ok,
out_fft_float64_n64_b8_contiguous_separate,out,fft,float64,64,8,contiguous,separate,,ok,ok,0.0,0.0,2.8421709430404007e-12,4.440892098500626e-14,ok,
out_fft_float64_n64_b8_contiguous_noncontiguous,out,fft,float64,64,8,contiguous,noncontiguous,,ok,ok,0.0,0.0,2.8421709430404007e-12,4.440892098500626e-14,ok,
out_fft_float64_n64_b8_contiguous_negative,out,fft,float64,64,8,contiguous,negative,,ok,ok,0.0,0.0,2.8421709430404007e-12,4.440892098500626e-14,ok,
out_fft_float64_n4096_b1_contiguous_separate,out,fft,float64,4096,1,contiguous,separate,,ok,ok,0.0,0.0,1.8189894035458565e-10,4.440892098500626e-14,ok,
out_fft_float64_n4096_b1_contiguous_noncontiguous,out,fft,float64,4096,1,contiguous,noncontiguous,,ok,ok,0.0,0.0,1.8189894035458565e-10,4.440892098500626e-14,ok,
out_fft_float64_n4096_b1_contiguous_negative,out,fft,float64,4096,1,contiguous,negative,,ok,ok,0.0,0.0,1.8189894035458565e-10,4.440892098500626e-14,ok,
out_fft_float64_n4096_b8_contiguous_separate,out,fft,float64,4096,8,contiguous,separate,,ok,ok,0.0,0.0,1.8189894035458565e-10,4.440892098500626e-14,ok,
out_fft_float64_n4096_b8_contiguous_noncontiguous,out,fft,float64,4096,8,contiguous,noncontiguous,,ok,ok,0.0,0.0,1.8189894035458565e-10,4.440892098500626e-14,ok,
out_fft_float64_n4096_b8_contiguous_negative,out,fft,float64,4096,8,contiguous,negative,,ok,ok,0.0,0.0,1.8189894035458565e-10,4.440892098500626e-14,ok,
out_fft_longdouble_n64_b1_contiguous_separate,out,fft,longdouble,64,1,contiguous,separate,,ok,ok,0.0,0.0,1.3877787807814456755e-15,2.168404344971008868e-17,ok,
out_fft_longdouble_n64_b1_contiguous_noncontiguous,out,fft,longdouble,64,1,contiguous,noncontiguous,,ok,ok,0.0,0.0,1.3877787807814456755e-15,2.168404344971008868e-17,ok,
out_fft_longdouble_n64_b1_contiguous_negative,out,fft,longdouble,64,1,contiguous,negative,,ok,ok,0.0,0.0,1.3877787807814456755e-15,2.168404344971008868e-17,ok,
out_fft_longdouble_n64_b8_contiguous_separate,out,fft,longdouble,64,8,contiguous,separate,,ok,ok,0.0,0.0,1.3877787807814456755e-15,2.168404344971008868e-17,ok,
out_fft_longdouble_n64_b8_contiguous_noncontiguous,out,fft,longdouble,64,8,contiguous,noncontiguous,,ok,ok,0.0,0.0,1.3877787807814456755e-15,2.168404344971008868e-17,ok,
out_fft_longdouble_n64_b8_contiguous_negative,out,fft,longdouble,64,8,contiguous,negative,,ok,ok,0.0,0.0,1.3877787807814456755e-15,2.168404344971008868e-17,ok,
out_fft_longdouble_n4096_b1_contiguous_separate,out,fft,longdouble,4096,1,contiguous,separate,,ok,ok,0.0,0.0,8.8817841970012523234e-14,2.168404344971008868e-17,ok,
out_fft_longdouble_n4096_b1_contiguous_noncontiguous,out,fft,longdouble,4096,1,contiguous,noncontiguous,,ok,ok,0.0,0.0,8.8817841970012523234e-14,2.168404344971008868e-17,ok,
out_fft_longdouble_n4096_b1_contiguous_negative,out,fft,longdouble,4096,1,contiguous,negative,,ok,ok,0.0,0.0,8.8817841970012523234e-14,2.168404344971008868e-17,ok,
out_fft_longdouble_n4096_b8_contiguous_separate,out,fft,longdouble,4096,8,contiguous,separate,,ok,ok,0.0,0.0,8.8817841970012523234e-14,2.168404344971008868e-17,ok,
out_fft_longdouble_n4096_b8_contiguous_noncontiguous,out,fft,longdouble,4096,8,contiguous,noncontiguous,,ok,ok,0.0,0.0,8.8817841970012523234e-14,2.168404344971008868e-17,ok,
out_fft_longdouble_n4096_b8_contiguous_negative,out,fft,longdouble,4096,8,contiguous,negative,,ok,ok,0.0,0.0,8.8817841970012523234e-14,2.168404344971008868e-17,ok,
out_ifft_float32_n64_b1_contiguous_separate,out,ifft,float32,64,1,contiguous,separate,,ok,ok,0.0,0.0,0.0015258789,2.3841858e-05,ok,
out_ifft_float32_n64_b1_contiguous_noncontiguous,out,ifft,float32,64,1,contiguous,noncontiguous,,ok,ok,0.0,0.0,0.0015258789,2.3841858e-05,ok,
out_ifft_float32_n64_b1_contiguous_negative,out,ifft,float32,64,1,contiguous,negative,,ok,ok,0.0,0.0,0.0015258789,2.3841858e-05,ok,
out_ifft_float32_n64_b8_contiguous_separate,out,ifft,float32,64,8,contiguous,separate,,ok,ok,0.0,0.0,0.0015258789,2.3841858e-05,ok,
out_ifft_float32_n64_b8_contiguous_noncontiguous,out,ifft,float32,64,8,contiguous,noncontiguous,,ok,ok,0.0,0.0,0.0015258789,2.3841858e-05,ok,
out_ifft_float32_n64_b8_contiguous_negative,out,ifft,float32,64,8,contiguous,negative,,ok,ok,0.0,0.0,0.0015258789,2.3841858e-05,ok,
out_ifft_float32_n4096_b1_contiguous_separate,out,ifft,float32,4096,1,contiguous,separate,,ok,ok,0.0,0.0,0.09765625,2.3841858e-05,ok,
out_ifft_float32_n4096_b1_contiguous_noncontiguous,out,ifft,float32,4096,1,contiguous,noncontiguous,,ok,ok,0.0,0.0,0.09765625,2.3841858e-05,ok,
out_ifft_float32_n4096_b1_contiguous_negative,out,ifft,float32,4096,1,contiguous,negative,,ok,ok,0.0,0.0,0.09765625,2.3841858e-05,ok,
out_ifft_float32_n4096_b8_contiguous_separate,out,ifft,float32,4096,8,contiguous,separate,,ok,ok,0.0,0.0,0.09765625,2.3841858e-05,ok,
out_ifft_float32_n4096_b8_contiguous_noncontiguous,out,ifft,float32,4096,8,contiguous,noncontiguous,,ok,ok,0.0,0.0,0.09765625,2.3841858e-05,ok,
out_ifft_float32_n4096_b8_contiguous_negative,out,ifft,float32,4096,8,contiguous,negative,,ok,ok,0.0,0.0,0.09765625,2.3841858e-05,ok,
out_ifft_float64_n64_b1_contiguous_separate,out,ifft,float64,64,1,contiguous,separate,,ok,ok,0.0,0.0,2.8421709430404007e-12,4.440892098500626e-14,ok,
out_ifft_float64_n64_b1_contiguous_noncontiguous,out,ifft,float64,64,1,contiguous,noncontiguous,,ok,ok,0.0,0.0,2.8421709430404007e-12,4.440892098500626e-14,ok,
out_ifft_float64_n64_b1_contiguous_negative,out,ifft,float64,64,1,contiguous,negative,,ok,ok,0.0,0.0,2.8421709430404007e-12,4.440892098500626e-14,ok,
out_ifft_float64_n64_b8_contiguous_separate,out,ifft,float64,64,8,contiguous,separate,,ok,ok,0.0,0.0,2.8421709430404007e-12,4.440892098500626e-14,ok,
out_ifft_float64_n64_b8_contiguous_noncontiguous,out,ifft,float64,64,8,contiguous,noncontiguous,,ok,ok,0.0,0.0,2.8421709430404007e-12,4.440892098500626e-14,ok,
out_ifft_float64_n64_b8_contiguous_negative,out,ifft,float64,64,8,contiguous,negative,,ok,ok,0.0,0.0,2.8421709430404007e-12,4.440892098500626e-14,ok,
out_ifft_float64_n4096_b1_contiguous_separate,out,ifft,float64,4096,1,contiguous,separate,,ok,ok,0.0,0.0,1.8189894035458565e-10,4.440892098500626e-14,ok,
out_ifft_float64_n4096_b1_contiguous_noncontiguous,out,ifft,float64,4096,1,contiguous,noncontiguous,,ok,ok,0.0,0.0,1.8189894035458565e-10,4.440892098500626e-14,ok,
out_ifft_float64_n4096_b1_contiguous_negative,out,ifft,float64,4096,1,contiguous,negative,,ok,ok,0.0,0.0,1.8189894035458565e-10,4.440892098500626e-14,ok,
out_ifft_float64_n4096_b8_contiguous_separate,out,ifft,float64,4096,8,contiguous,separate,,ok,ok,0.0,0.0,1.8189894035458565e-10,4.440892098500626e-14,ok,
out_ifft_float64_n4096_b8_contiguous_noncontiguous,out,ifft,float64,4096,8,contiguous,noncontiguous,,ok,ok,0.0,0.0,1.8189894035458565e-10,4.440892098500626e-14,ok,
out_ifft_float64_n4096_b8_contiguous_negative,out,ifft,float64,4096,8,contiguous,negative,,ok,ok,0.0,0.0,1.8189894035458565e-10,4.440892098500626e-14,ok,
out_ifft_longdouble_n64_b1_contiguous_separate,out,ifft,longdouble,64,1,contiguous,separate,,ok,ok,0.0,0.0,1.3877787807814456755e-15,2.168404344971008868e-17,ok,
out_ifft_longdouble_n64_b1_contiguous_noncontiguous,out,ifft,longdouble,64,1,contiguous,noncontiguous,,ok,ok,0.0,0.0,1.3877787807814456755e-15,2.168404344971008868e-17,ok,
out_ifft_longdouble_n64_b1_contiguous_negative,out,ifft,longdouble,64,1,contiguous,negative,,ok,ok,0.0,0.0,1.3877787807814456755e-15,2.168404344971008868e-17,ok,
out_ifft_longdouble_n64_b8_contiguous_separate,out,ifft,longdouble,64,8,contiguous,separate,,ok,ok,0.0,0.0,1.3877787807814456755e-15,2.168404344971008868e-17,ok,
out_ifft_longdouble_n64_b8_contiguous_noncontiguous,out,ifft,longdouble,64,8,contiguous,noncontiguous,,ok,ok,0.0,0.0,1.3877787807814456755e-15,2.168404344971008868e-17,ok,
out_ifft_longdouble_n64_b8_contiguous_negative,out,ifft,longdouble,64,8,contiguous,negative,,ok,ok,0.0,0.0,1.3877787807814456755e-15,2.168404344971008868e-17,ok,
out_ifft_longdouble_n4096_b1_contiguous_separate,out,ifft,longdouble,4096,1,contiguous,separate,,ok,ok,0.0,0.0,8.8817841970012523234e-14,2.168404344971008868e-17,ok,
out_ifft_longdouble_n4096_b1_contiguous_noncontiguous,out,ifft,longdouble,4096,1,contiguous,noncontiguous,,ok,ok,0.0,0.0,8.8817841970012523234e-14,2.168404344971008868e-17,ok,
out_ifft_longdouble_n4096_b1_contiguous_negative,out,ifft,longdouble,4096,1,contiguous,negative,,ok,ok,0.0,0.0,8.8817841970012523234e-14,2.168404344971008868e-17,ok,
out_ifft_longdouble_n4096_b8_contiguous_separate,out,ifft,longdouble,4096,8,contiguous,separate,,ok,ok,0.0,0.0,8.8817841970012523234e-14,2.168404344971008868e-17,ok,
out_ifft_longdouble_n4096_b8_contiguous_noncontiguous,out,ifft,longdouble,4096,8,contiguous,noncontiguous,,ok,ok,0.0,0.0,8.8817841970012523234e-14,2.168404344971008868e-17,ok,
out_ifft_longdouble_n4096_b8_contiguous_negative,out,ifft,longdouble,4096,8,contiguous,negative,,ok,ok,0.0,0.0,8.8817841970012523234e-14,2.168404344971008868e-17,ok,
out_fft_clongdouble_n64_b1_contiguous_separate,out,fft,clongdouble,64,1,contiguous,separate,,ok,ok,0.0,0.0,1.3877787807814456755e-15,2.168404344971008868e-17,ok,
out_fft_clongdouble_n64_b1_contiguous_noncontiguous,out,fft,clongdouble,64,1,contiguous,noncontiguous,,ok,ok,0.0,0.0,1.3877787807814456755e-15,2.168404344971008868e-17,ok,
out_fft_clongdouble_n64_b1_contiguous_negative,out,fft,clongdouble,64,1,contiguous,negative,,ok,ok,0.0,0.0,1.3877787807814456755e-15,2.168404344971008868e-17,ok,
out_fft_clongdouble_n64_b8_contiguous_separate,out,fft,clongdouble,64,8,contiguous,separate,,ok,ok,0.0,0.0,1.3877787807814456755e-15,2.168404344971008868e-17,ok,
out_fft_clongdouble_n64_b8_contiguous_noncontiguous,out,fft,clongdouble,64,8,contiguous,noncontiguous,,ok,ok,0.0,0.0,1.3877787807814456755e-15,2.168404344971008868e-17,ok,
out_fft_clongdouble_n64_b8_contiguous_negative,out,fft,clongdouble,64,8,contiguous,negative,,ok,ok,0.0,0.0,1.3877787807814456755e-15,2.168404344971008868e-17,ok,
out_fft_clongdouble_n4096_b1_contiguous_separate,out,fft,clongdouble,4096,1,contiguous,separate,,ok,ok,0.0,0.0,8.8817841970012523234e-14,2.168404344971008868e-17,ok,
out_fft_clongdouble_n4096_b1_contiguous_noncontiguous,out,fft,clongdouble,4096,1,contiguous,noncontiguous,,ok,ok,0.0,0.0,8.8817841970012523234e-14,2.168404344971008868e-17,ok,
out_fft_clongdouble_n4096_b1_contiguous_negative,out,fft,clongdouble,4096,1,contiguous,negative,,ok,ok,0.0,0.0,8.8817841970012523234e-14,2.168404344971008868e-17,ok,
out_fft_clongdouble_n4096_b8_contiguous_separate,out,fft,clongdouble,4096,8,contiguous,separate,,ok,ok,0.0,0.0,8.8817841970012523234e-14,2.168404344971008868e-17,ok,
out_fft_clongdouble_n4096_b8_contiguous_noncontiguous,out,fft,clongdouble,4096,8,contiguous,noncontiguous,,ok,ok,0.0,0.0,8.8817841970012523234e-14,2.168404344971008868e-17,ok,
out_fft_clongdouble_n4096_b8_contiguous_negative,out,fft,clongdouble,4096,8,contiguous,negative,,ok,ok,0.0,0.0,8.8817841970012523234e-14,2.168404344971008868e-17,ok,
out_ifft_clongdouble_n64_b1_contiguous_separate,out,ifft,clongdouble,64,1,contiguous,separate,,ok,ok,0.0,0.0,1.3877787807814456755e-15,2.168404344971008868e-17,ok,
out_ifft_clongdouble_n64_b1_contiguous_noncontiguous,out,ifft,clongdouble,64,1,contiguous,noncontiguous,,ok,ok,0.0,0.0,1.3877787807814456755e-15,2.168404344971008868e-17,ok,
out_ifft_clongdouble_n64_b1_contiguous_negative,out,ifft,clongdouble,64,1,contiguous,negative,,ok,ok,0.0,0.0,1.3877787807814456755e-15,2.168404344971008868e-17,ok,
out_ifft_clongdouble_n64_b8_contiguous_separate,out,ifft,clongdouble,64,8,contiguous,separate,,ok,ok,0.0,0.0,1.3877787807814456755e-15,2.168404344971008868e-17,ok,
out_ifft_clongdouble_n64_b8_contiguous_noncontiguous,out,ifft,clongdouble,64,8,contiguous,noncontiguous,,ok,ok,0.0,0.0,1.3877787807814456755e-15,2.168404344971008868e-17,ok,
out_ifft_clongdouble_n64_b8_contiguous_negative,out,ifft,clongdouble,64,8,contiguous,negative,,ok,ok,0.0,0.0,1.3877787807814456755e-15,2.168404344971008868e-17,ok,
out_ifft_clongdouble_n4096_b1_contiguous_separate,out,ifft,clongdouble,4096,1,contiguous,separate,,ok,ok,0.0,0.0,8.8817841970012523234e-14,2.168404344971008868e-17,ok,
out_ifft_clongdouble_n4096_b1_contiguous_noncontiguous,out,ifft,clongdouble,4096,1,contiguous,noncontiguous,,ok,ok,0.0,0.0,8.8817841970012523234e-14,2.168404344971008868e-17,ok,
out_ifft_clongdouble_n4096_b1_contiguous_negative,out,ifft,clongdouble,4096,1,contiguous,negative,,ok,ok,0.0,0.0,8.8817841970012523234e-14,2.168404344971008868e-17,ok,
out_ifft_clongdouble_n4096_b8_contiguous_separate,out,ifft,clongdouble,4096,8,contiguous,separate,,ok,ok,0.0,0.0,8.8817841970012523234e-14,2.168404344971008868e-17,ok,
out_ifft_clongdouble_n4096_b8_contiguous_noncontiguous,out,ifft,clongdouble,4096,8,contiguous,noncontiguous,,ok,ok,0.0,0.0,8.8817841970012523234e-14,2.168404344971008868e-17,ok,
out_ifft_clongdouble_n4096_b8_contiguous_negative,out,ifft,clongdouble,4096,8,contiguous,negative,,ok,ok,0.0,0.0,8.8817841970012523234e-14,2.168404344971008868e-17,ok,
out_rfft_longdouble_n64_b1_contiguous_separate,out,rfft,longdouble,64,1,contiguous,separate,,ok,ok,0.0,0.0,2.8421709430404007e-12,4.440892098500626e-14,ok,
out_rfft_longdouble_n64_b1_contiguous_noncontiguous,out,rfft,longdouble,64,1,contiguous,noncontiguous,,ok,ok,0.0,0.0,2.8421709430404007e-12,4.440892098500626e-14,ok,
out_rfft_longdouble_n64_b1_contiguous_negative,out,rfft,longdouble,64,1,contiguous,negative,,ok,ok,0.0,0.0,2.8421709430404007e-12,4.440892098500626e-14,ok,
out_rfft_longdouble_n64_b8_contiguous_separate,out,rfft,longdouble,64,8,contiguous,separate,,ok,ok,0.0,0.0,2.8421709430404007e-12,4.440892098500626e-14,ok,
out_rfft_longdouble_n64_b8_contiguous_noncontiguous,out,rfft,longdouble,64,8,contiguous,noncontiguous,,ok,ok,0.0,0.0,2.8421709430404007e-12,4.440892098500626e-14,ok,
out_rfft_longdouble_n64_b8_contiguous_negative,out,rfft,longdouble,64,8,contiguous,negative,,ok,ok,0.0,0.0,2.8421709430404007e-12,4.440892098500626e-14,ok,
out_rfft_longdouble_n4096_b1_contiguous_separate,out,rfft,longdouble,4096,1,contiguous,separate,,ok,ok,0.0,0.0,1.8189894035458565e-10,4.440892098500626e-14,ok,
out_rfft_longdouble_n4096_b1_contiguous_noncontiguous,out,rfft,longdouble,4096,1,contiguous,noncontiguous,,ok,ok,0.0,0.0,1.8189894035458565e-10,4.440892098500626e-14,ok,
out_rfft_longdouble_n4096_b1_contiguous_negative,out,rfft,longdouble,4096,1,contiguous,negative,,ok,ok,0.0,0.0,1.8189894035458565e-10,4.440892098500626e-14,ok,
out_rfft_longdouble_n4096_b8_contiguous_separate,out,rfft,longdouble,4096,8,contiguous,separate,,ok,ok,0.0,0.0,1.8189894035458565e-10,4.440892098500626e-14,ok,
out_rfft_longdouble_n4096_b8_contiguous_noncontiguous,out,rfft,longdouble,4096,8,contiguous,noncontiguous,,ok,ok,0.0,0.0,1.8189894035458565e-10,4.440892098500626e-14,ok,
out_rfft_longdouble_n4096_b8_contiguous_negative,out,rfft,longdouble,4096,8,contiguous,negative,,ok,ok,0.0,0.0,1.8189894035458565e-10,4.440892098500626e-14,ok,
out_irfft_clongdouble_n64_b1_contiguous_separate,out,irfft,clongdouble,64,1,contiguous,separate,,ok,ok,0.0,0.0,2.8421709430404007e-12,4.440892098500626e-14,ok,
out_irfft_clongdouble_n64_b1_contiguous_noncontiguous,out,irfft,clongdouble,64,1,contiguous,noncontiguous,,ok,ok,0.0,0.0,2.8421709430404007e-12,4.440892098500626e-14,ok,
out_irfft_clongdouble_n64_b1_contiguous_negative,out,irfft,clongdouble,64,1,contiguous,negative,,ok,ok,0.0,0.0,2.8421709430404007e-12,4.440892098500626e-14,ok,
out_irfft_clongdouble_n64_b8_contiguous_separate,out,irfft,clongdouble,64,8,contiguous,separate,,ok,ok,0.0,0.0,2.8421709430404007e-12,4.440892098500626e-14,ok,
out_irfft_clongdouble_n64_b8_contiguous_noncontiguous,out,irfft,clongdouble,64,8,contiguous,noncontiguous,,ok,ok,0.0,0.0,2.8421709430404007e-12,4.440892098500626e-14,ok,
out_irfft_clongdouble_n64_b8_contiguous_negative,out,irfft,clongdouble,64,8,contiguous,negative,,ok,ok,0.0,0.0,2.8421709430404007e-12,4.440892098500626e-14,ok,
out_irfft_clongdouble_n4096_b1_contiguous_separate,out,irfft,clongdouble,4096,1,contiguous,separate,,ok,ok,0.0,0.0,1.8189894035458565e-10,4.440892098500626e-14,ok,
out_irfft_clongdouble_n4096_b1_contiguous_noncontiguous,out,irfft,clongdouble,4096,1,contiguous,noncontiguous,,ok,ok,0.0,0.0,1.8189894035458565e-10,4.440892098500626e-14,ok,
out_irfft_clongdouble_n4096_b1_contiguous_negative,out,irfft,clongdouble,4096,1,contiguous,negative,,ok,ok,0.0,0.0,1.8189894035458565e-10,4.440892098500626e-14,ok,
out_irfft_clongdouble_n4096_b8_contiguous_separate,out,irfft,clongdouble,4096,8,contiguous,separate,,ok,ok,0.0,0.0,1.8189894035458565e-10,4.440892098500626e-14,ok,
out_irfft_clongdouble_n4096_b8_contiguous_noncontiguous,out,irfft,clongdouble,4096,8,contiguous,noncontiguous,,ok,ok,0.0,0.0,1.8189894035458565e-10,4.440892098500626e-14,ok,
out_irfft_clongdouble_n4096_b8_contiguous_negative,out,irfft,clongdouble,4096,8,contiguous,negative,,ok,ok,0.0,0.0,1.8189894035458565e-10,4.440892098500626e-14,ok,
out_fft_complex64_n64_b1_contiguous_inplace,out,fft,complex64,64,1,contiguous,inplace,,ok,ok,2.384185791015625e-06,8.00143027166392e-08,0.0015258789,2.3841858e-05,ok,
out_fft_complex64_n64_b1_contiguous_partial_overlap,out,fft,complex64,64,1,contiguous,partial_overlap,,ok,ok,2.1324806311895372e-06,7.662496913609278e-08,0.0015258789,2.3841858e-05,ok,
out_fft_complex64_n64_b8_contiguous_inplace,out,fft,complex64,64,8,contiguous,inplace,,ok,ok,2.614463937788969e-06,8.633737598562595e-08,0.0015258789,2.3841858e-05,ok,
out_fft_complex64_n64_b8_contiguous_partial_overlap,out,fft,complex64,64,8,contiguous,partial_overlap,,ok,ok,3.831424237432657e-06,1.2713504077490586e-07,0.0015258789,2.3841858e-05,ok,
out_fft_complex64_n4096_b1_contiguous_inplace,out,fft,complex64,4096,1,contiguous,inplace,,ok,ok,4.57763671875e-05,1.8724699420202166e-07,0.09765625,2.3841858e-05,ok,
out_fft_complex64_n4096_b1_contiguous_partial_overlap,out,fft,complex64,4096,1,contiguous,partial_overlap,,ok,ok,3.814697265625e-05,1.3995016206788568e-07,0.09765625,2.3841858e-05,ok,
out_fft_complex64_n4096_b8_contiguous_inplace,out,fft,complex64,4096,8,contiguous,inplace,,ok,ok,4.8851961764739826e-05,1.5016627801399134e-07,0.09765625,2.3841858e-05,ok,
out_fft_complex64_n4096_b8_contiguous_partial_overlap,out,fft,complex64,4096,8,contiguous,partial_overlap,,ok,ok,5.11795369675383e-05,1.7669912767364347e-07,0.09765625,2.3841858e-05,ok,
out_fft_complex128_n64_b1_contiguous_inplace,out,fft,complex128,64,1,contiguous,inplace,,ok,ok,0.0,0.0,2.8421709430404007e-12,4.440892098500626e-14,ok,
out_fft_complex128_n64_b1_contiguous_partial_overlap,out,fft,complex128,64,1,contiguous,partial_overlap,,ok,ok,0.0,0.0,2.8421709430404007e-12,4.440892098500626e-14,ok,
out_fft_complex128_n64_b8_contiguous_inplace,out,fft,complex128,64,8,contiguous,inplace,,ok,ok,0.0,0.0,2.8421709430404007e-12,4.440892098500626e-14,ok,
out_fft_complex128_n64_b8_contiguous_partial_overlap,out,fft,complex128,64,8,contiguous,partial_overlap,,ok,ok,0.0,0.0,2.8421709430404007e-12,4.440892098500626e-14,ok,
out_fft_complex128_n4096_b1_contiguous_inplace,out,fft,complex128,4096,1,contiguous,inplace,,ok,ok,0.0,0.0,1.8189894035458565e-10,4.440892098500626e-14,ok,
out_fft_complex128_n4096_b1_contiguous_partial_overlap,out,fft,complex128,4096,1,contiguous,partial_overlap,,ok,ok,0.0,0.0,1.8189894035458565e-10,4.440892098500626e-14,ok,
out_fft_complex128_n4096_b8_contiguous_inplace,out,fft,complex128,4096,8,contiguous,inplace,,ok,ok,0.0,0.0,1.8189894035458565e-10,4.440892098500626e-14,ok,
out_fft_complex128_n4096_b8_contiguous_partial_overlap,out,fft,complex128,4096,8,contiguous,partial_overlap,,ok,ok,0.0,0.0,1.8189894035458565e-10,4.440892098500626e-14,ok,
out_ifft_complex64_n64_b1_contiguous_inplace,out,ifft,complex64,64,1,contiguous,inplace,,ok,ok,0.0,0.0,0.0015258789,2.3841858e-05,ok,
out_ifft_complex64_n64_b1_contiguous_partial_overlap,out,ifft,complex64,64,1,contiguous,partial_overlap,,ok,ok,0.0,0.0,0.0015258789,2.3841858e-05,ok,
out_ifft_complex64_n64_b8_contiguous_inplace,out,ifft,complex64,64,8,contiguous,inplace,,ok,ok,0.0,0.0,0.0015258789,2.3841858e-05,ok,
out_ifft_complex64_n64_b8_contiguous_partial_overlap,out,ifft,complex64,64,8,contiguous,partial_overlap,,ok,ok,0.0,0.0,0.0015258789,2.3841858e-05,ok,
out_ifft_complex64_n4096_b1_contiguous_inplace,out,ifft,complex64,4096,1,contiguous,inplace,,ok,ok,1.166943874864046e-08,1.9188256421470811e-07,0.09765625,2.3841858e-05,ok,
out_ifft_complex64_n4096_b1_contiguous_partial_overlap,out,ifft,complex64,4096,1,contiguous,partial_overlap,,ok,ok,1.1175870895385742e-08,1.7786635785904873e-07,0.09765625,2.3841858e-05,ok,
out_ifft_complex64_n4096_b8_contiguous_inplace,out,ifft,complex64,4096,8,contiguous,inplace,,ok,ok,0.0,0.0,0.09765625,2.3841858e-05,ok,
out_ifft_complex64_n4096_b8_contiguous_partial_overlap,out,ifft,complex64,4096,8,contiguous,partial_overlap,,ok,ok,0.0,0.0,0.09765625,2.3841858e-05,ok,
out_ifft_complex128_n64_b1_contiguous_inplace,out,ifft,complex128,64,1,contiguous,inplace,,ok,ok,0.0,0.0,2.8421709430404007e-12,4.440892098500626e-14,ok,
out_ifft_complex128_n64_b1_contiguous_partial_overlap,out,ifft,complex128,64,1,contiguous,partial_overlap,,ok,ok,0.0,0.0,2.8421709430404007e-12,4.440892098500626e-14,ok,
out_ifft_complex128_n64_b8_contiguous_inplace,out,ifft,complex128,64,8,contiguous,inplace,,ok,ok,0.0,0.0,2.8421709430404007e-12,4.440892098500626e-14,ok,
out_ifft_complex128_n64_b8_contiguous_partial_overlap,out,ifft,complex128,64,8,contiguous,partial_overlap,,ok,ok,0.0,0.0,2.8421709430404007e-12,4.440892098500626e-14,ok,
out_ifft_complex128_n4096_b1_contiguous_inplace,out,ifft,complex128,4096,1,contiguous,inplace,,ok,ok,0.0,0.0,1.8189894035458565e-10,4.440892098500626e-14,ok,
out_ifft_complex128_n4096_b1_contiguous_partial_overlap,out,ifft,complex128,4096,1,contiguous,partial_overlap,,ok,ok,0.0,0.0,1.8189894035458565e-10,4.440892098500626e-14,ok,
out_ifft_complex128_n4096_b8_contiguous_inplace,out,ifft,complex128,4096,8,contiguous,inplace,,ok,ok,0.0,0.0,1.8189894035458565e-10,4.440892098500626e-14,ok,
out_ifft_complex128_n4096_b8_contiguous_partial_overlap,out,ifft,complex128,4096,8,contiguous,partial_overlap,,ok,ok,0.0,0.0,1.8189894035458565e-10,4.440892098500626e-14,ok,
out_rfft_float64_n64_b1_contiguous_real_partial_overlap,out,rfft,float64,64,1,contiguous,real_partial_overlap,,ok,ok,0.0,0.0,2.8421709430404007e-12,4.440892098500626e-14,ok,
out_irfft_complex128_n64_b1_contiguous_real_partial_overlap,out,irfft,complex128,64,1,contiguous,real_partial_overlap,,ok,ok,0.0,0.0,2.8421709430404007e-12,4.440892098500626e-14,ok,
out_rfft_float64_n4096_b1_contiguous_real_partial_overlap,out,rfft,float64,4096,1,contiguous,real_partial_overlap,,ok,ok,0.0,0.0,1.8189894035458565e-10,4.440892098500626e-14,ok,
out_irfft_complex128_n4096_b1_contiguous_real_partial_overlap,out,irfft,complex128,4096,1,contiguous,real_partial_overlap,,ok,ok,0.0,0.0,1.8189894035458565e-10,4.440892098500626e-14,ok,
